ply
format ascii 1.0
comment Created by CloudCompare v2.14.beta (Dec  7 2025)
comment Created 2025-12-16T18:00:00
obj_info Generated by CloudCompare!
element vertex 15440
property float x
property float y
property float z
property float scalar_Scalar_field
end_header
-450.060394 365.408600 -86.740601 2.000000 
-450.052704 365.651886 -86.834198 2.000000 
-450.041687 366.377289 -86.985497 2.000000 
-449.947113 366.854797 -87.232002 2.000000 
-449.971497 367.124390 -87.276398 2.000000 
-450.064606 367.611115 -87.482697 2.000000 
-450.454315 368.513397 -87.892601 2.000000 
-450.165192 369.139496 -88.141197 2.000000 
-450.098999 369.407104 -88.189102 2.000000 
-450.106506 370.052307 -88.483299 2.000000 
-450.459290 370.886688 -88.897499 2.000000 
-449.963196 371.004913 -88.845497 2.000000 
-449.951294 371.446594 -89.095398 2.000000 
-449.761292 372.263214 -89.358101 2.000000 
-449.913696 372.503601 -89.409698 2.000000 
-449.827698 372.812103 -89.610497 2.000000 
-449.857910 373.856110 -89.908699 2.000000 
-450.233093 373.895996 -89.942101 2.000000 
-450.296509 374.489410 -90.234596 2.000000 
-449.794312 375.017212 -90.378601 2.000000 
-450.102692 375.387695 -90.528801 2.000000 
-450.149292 375.896393 -90.720901 2.000000 
-450.151215 376.752289 -91.059898 2.000000 
-449.873810 377.229401 -91.247398 2.000000 
-450.244293 377.813507 -91.589401 2.000000 
-450.400085 377.834015 -91.600800 2.000000 
-449.628906 378.585785 -91.799202 2.000000 
-450.374390 379.416595 -92.213699 2.000000 
-449.808502 379.582397 -92.222099 2.000000 
-449.838715 379.927704 -92.275497 2.000000 
-449.959595 380.514893 -92.586800 2.000000 
-449.953308 380.764893 -92.620499 2.000000 
-449.978210 381.702393 -92.970398 2.000000 
-450.072113 381.942291 -93.086502 2.000000 
-449.940308 382.601898 -93.423103 2.000000 
-449.889191 383.127197 -93.534798 2.000000 
-450.017303 383.603699 -93.838898 2.000000 
-449.975311 384.034302 -93.933701 2.000000 
-450.127594 384.717285 -94.231697 2.000000 
-449.905792 385.284912 -94.376297 2.000000 
-449.942902 385.451385 -94.422203 2.000000 
-449.985992 386.367615 -94.881897 2.000000 
-449.915710 386.513885 -94.953102 2.000000 
-450.247192 387.313690 -95.171204 2.000000 
-449.997009 387.849487 -95.477203 2.000000 
-450.260803 388.293610 -95.668198 2.000000 
-450.148499 389.044006 -95.974899 2.000000 
-449.869904 389.243195 -96.009697 2.000000 
-449.942200 390.055786 -96.245399 2.000000 
-450.041809 390.444000 -96.494499 2.000000 
-450.193909 391.066315 -96.680702 2.000000 
-449.941193 390.995300 -96.612297 2.000000 
-450.075409 391.966095 -97.007301 2.000000 
-449.955292 392.262604 -97.121803 2.000000 
-450.305603 392.891815 -97.328300 2.000000 
-450.009003 393.128906 -97.449203 2.000000 
-449.877014 394.072388 -97.775299 2.000000 
-450.380707 393.936005 -97.858902 2.000000 
-449.852386 395.058807 -98.132004 2.000000 
-450.218811 395.242615 -98.297203 2.000000 
-450.114990 395.680298 -98.403801 2.000000 
-450.150696 396.421204 -98.746399 2.000000 
-449.967407 396.850891 -98.837700 2.000000 
-449.920593 397.452301 -99.115501 2.000000 
-449.992188 397.629700 -99.224098 2.000000 
-449.732788 398.580109 -99.537903 2.000000 
-449.874786 398.993500 -99.774803 2.000000 
-450.334412 399.491394 -99.996300 2.000000 
-450.304291 399.977203 -100.169899 2.000000 
-450.298096 400.600311 -100.431999 2.000000 
-449.998108 401.094391 -100.612099 2.000000 
-449.807709 401.513306 -100.642899 2.000000 
-449.741486 401.919891 -100.874199 2.000000 
-449.972504 402.251892 -100.938797 2.000000 
-450.157501 403.102386 -101.338501 2.000000 
-449.915985 403.602600 -101.531197 2.000000 
-450.018799 404.113495 -101.697998 2.000000 
-450.114105 404.572388 -101.861702 2.000000 
-450.076202 404.661713 -101.850700 2.000000 
-450.000610 405.312195 -102.170197 2.000000 
-449.854004 405.946808 -102.466103 2.000000 
-450.341705 406.199707 -102.569397 2.000000 
-449.833496 407.174988 -102.886902 2.000000 
-449.748901 407.567596 -103.010399 2.000000 
-450.118713 408.294495 -103.243202 2.000000 
-450.188507 408.907196 -103.547897 2.000000 
-450.109985 409.073914 -103.590500 2.000000 
-449.878204 409.640411 -103.823097 2.000000 
-450.287109 410.002289 -104.008102 2.000000 
-449.949097 410.658813 -104.176498 2.000000 
-449.872803 411.289703 -104.463997 2.000000 
-449.969513 411.483185 -104.480598 2.000000 
-450.208313 412.225586 -104.831596 2.000000 
-450.181885 412.695007 -105.046799 2.000000 
-450.074005 413.045807 -105.138100 2.000000 
-449.858704 413.484314 -105.310799 2.000000 
-450.040405 414.083801 -105.465897 2.000000 
-449.978088 414.633789 -105.655998 2.000000 
-449.872314 415.234406 -105.992996 2.000000 
-450.194000 415.798004 -106.142998 2.000000 
-449.996185 416.352997 -106.324402 2.000000 
-450.374695 416.683502 -106.483398 2.000000 
-450.079987 417.375000 -106.704399 2.000000 
-450.216797 418.030701 -106.961098 2.000000 
-450.357086 418.219788 -107.179703 2.000000 
-450.107605 418.820709 -107.250298 2.000000 
-449.950806 419.437805 -107.571899 2.000000 
-449.970093 419.607300 -107.569504 2.000000 
-450.123688 420.249786 -107.887299 2.000000 
-450.026306 420.929108 -108.063202 2.000000 
-450.153412 421.431396 -108.287399 2.000000 
-449.650208 421.812592 -108.482002 2.000000 
-449.822815 422.269806 -108.654701 2.000000 
-449.980896 422.847687 -108.889503 2.000000 
-449.909302 423.280487 -109.038101 2.000000 
-450.235107 423.881989 -109.243896 2.000000 
-449.895203 424.064789 -109.304199 2.000000 
-449.990295 424.945404 -109.676003 2.000000 
-449.995209 425.198090 -109.745598 2.000000 
-450.028198 425.457489 -109.866798 2.000000 
-449.827606 426.526886 -110.288002 2.000000 
-449.768890 426.972504 -110.391502 2.000000 
-449.751801 427.381195 -110.478897 2.000000 
-449.790894 427.836304 -110.750603 2.000000 
-450.391296 428.059296 -110.821198 2.000000 
-450.132599 429.033813 -111.134399 2.000000 
-450.111115 429.297211 -111.279999 2.000000 
-449.952515 429.882385 -111.557404 2.000000 
-449.863190 430.421906 -111.619797 2.000000 
-450.265594 430.649414 -111.869202 2.000000 
-450.310608 431.515198 -112.174797 2.000000 
-450.004791 431.921692 -112.232002 2.000000 
-450.046387 432.590515 -112.489700 2.000000 
-449.975708 432.996613 -112.631897 2.000000 
-449.994904 433.389404 -112.808701 2.000000 
-449.895813 433.812714 -112.974602 2.000000 
-450.006592 434.576599 -113.209801 2.000000 
-449.948486 434.918396 -113.408203 2.000000 
-450.305115 435.426208 -113.631401 2.000000 
-450.098602 436.303009 -113.910500 2.000000 
-450.275299 436.921112 -114.194801 2.000000 
-450.174286 437.051697 -114.204697 2.000000 
-450.031586 437.657410 -114.325897 2.000000 
-450.259491 437.965302 -114.500900 2.000000 
-449.664398 438.254486 -114.596100 2.000000 
-449.683197 439.402405 -115.048500 2.000000 
-449.773804 439.614685 -115.161102 2.000000 
-449.966309 440.054901 -115.332603 2.000000 
-449.943909 440.695099 -115.549896 2.000000 
-450.198792 440.994690 -115.588600 2.000000 
-450.029205 441.491211 -115.849503 2.000000 
-450.356293 441.882599 -116.067802 2.000000 
-450.202515 442.491699 -116.267700 2.000000 
-449.895386 443.249207 -116.518898 2.000000 
-449.966888 443.754486 -116.643402 2.000000 
-449.867401 444.212006 -116.863602 2.000000 
-449.590393 365.342010 -86.687798 2.000000 
-449.613495 365.665192 -86.704102 2.000000 
-449.541992 366.447205 -87.108704 2.000000 
-449.497894 366.953094 -87.264297 2.000000 
-449.486206 367.480103 -87.383698 2.000000 
-449.520508 367.967987 -87.710899 2.000000 
-449.425598 368.322510 -87.779701 2.000000 
-449.671112 368.819092 -87.960800 2.000000 
-449.854797 369.392609 -88.269997 2.000000 
-449.110413 370.133209 -88.410896 2.000000 
-449.597198 370.361694 -88.618797 2.000000 
-449.522888 371.070892 -88.890999 2.000000 
-449.381500 371.239014 -88.919899 2.000000 
-449.923187 371.672485 -89.114304 2.000000 
-449.196198 372.556793 -89.440804 2.000000 
-449.785004 372.822113 -89.507103 2.000000 
-449.529907 373.745209 -89.820900 2.000000 
-449.508698 374.007202 -89.994003 2.000000 
-449.362000 374.753510 -90.205002 2.000000 
-449.437988 375.086304 -90.466103 2.000000 
-449.424286 375.355408 -90.499702 2.000000 
-449.539215 375.981415 -90.836601 2.000000 
-449.753693 376.722809 -91.039803 2.000000 
-449.692291 376.720795 -91.060303 2.000000 
-449.684387 377.625305 -91.358498 2.000000 
-449.531586 378.167694 -91.648300 2.000000 
-449.526611 378.536102 -91.760300 2.000000 
-449.644806 378.875214 -91.955498 2.000000 
-449.491486 379.780487 -92.275200 2.000000 
-449.586487 380.063690 -92.314796 2.000000 
-449.118286 380.587799 -92.511002 2.000000 
-449.337311 380.897491 -92.621101 2.000000 
-449.556702 381.970306 -93.148804 2.000000 
-449.719788 381.982697 -93.152702 2.000000 
-449.350311 382.508911 -93.272400 2.000000 
-449.316803 383.086395 -93.570000 2.000000 
-449.495087 383.566986 -93.752701 2.000000 
-449.528809 384.346710 -94.099701 2.000000 
-449.451691 384.566315 -94.136497 2.000000 
-449.649109 385.344696 -94.492401 2.000000 
-449.437592 385.981689 -94.643501 2.000000 
-449.648102 386.035004 -94.749100 2.000000 
-449.597198 386.517914 -94.816902 2.000000 
-449.523407 387.121704 -95.100403 2.000000 
-449.343994 387.530396 -95.171997 2.000000 
-449.607910 388.391998 -95.617996 2.000000 
-449.407593 388.625092 -95.716797 2.000000 
-449.606689 389.287689 -95.925797 2.000000 
-449.504791 389.811310 -96.097198 2.000000 
-449.468811 390.263397 -96.331902 2.000000 
-449.349792 390.641113 -96.417999 2.000000 
-449.612915 391.486389 -96.760399 2.000000 
-449.430115 391.823608 -96.916199 2.000000 
-449.345306 392.375793 -97.183403 2.000000 
-449.514587 393.012604 -97.379402 2.000000 
-449.601288 393.225494 -97.510300 2.000000 
-449.616394 393.727997 -97.733902 2.000000 
-449.792603 394.397797 -97.911003 2.000000 
-449.214905 395.172699 -98.151199 2.000000 
-449.493988 395.242706 -98.213997 2.000000 
-449.480011 395.747009 -98.468697 2.000000 
-449.531494 396.496307 -98.806000 2.000000 
-449.389191 396.903198 -98.949303 2.000000 
-449.585907 397.545105 -99.169502 2.000000 
-449.280609 397.654297 -99.092796 2.000000 
-449.400299 398.438507 -99.444397 2.000000 
-449.779907 398.963898 -99.691101 2.000000 
-449.246002 399.317505 -99.833000 2.000000 
-449.762909 400.009399 -100.173897 2.000000 
-449.877594 400.782806 -100.386703 2.000000 
-449.278687 401.097900 -100.504799 2.000000 
-449.354309 401.430115 -100.613899 2.000000 
-449.702393 402.080688 -100.854797 2.000000 
-449.421906 402.558594 -101.020599 2.000000 
-449.534912 403.138885 -101.357803 2.000000 
-449.337891 403.204987 -101.241898 2.000000 
-449.448700 403.958191 -101.619499 2.000000 
-449.433197 404.399414 -101.829597 2.000000 
-449.198303 405.087585 -101.964897 2.000000 
-449.338287 405.646515 -102.289398 2.000000 
-449.491211 406.031708 -102.362396 2.000000 
-449.693115 406.728699 -102.644402 2.000000 
-449.617096 407.215210 -102.851097 2.000000 
-449.792694 407.582794 -102.955399 2.000000 
-449.464691 408.216614 -103.216499 2.000000 
-449.359985 408.727905 -103.416496 2.000000 
-449.668304 409.049805 -103.491600 2.000000 
-449.582611 409.702789 -103.749901 2.000000 
-449.768890 410.246002 -103.976898 2.000000 
-449.245392 410.568512 -104.097702 2.000000 
-449.418793 411.112305 -104.354103 2.000000 
-449.402191 411.476807 -104.530701 2.000000 
-449.279785 411.806213 -104.623199 2.000000 
-449.310791 412.733704 -105.005096 2.000000 
-449.331696 413.272003 -105.103302 2.000000 
-449.589905 413.634308 -105.328400 2.000000 
-449.513702 414.096588 -105.446098 2.000000 
-449.268890 414.917511 -105.760300 2.000000 
-449.265594 415.173492 -105.857300 2.000000 
-449.501495 415.619690 -106.058899 2.000000 
-449.562988 416.258698 -106.237396 2.000000 
-449.687500 416.461304 -106.436096 2.000000 
-449.699707 417.194214 -106.651703 2.000000 
-449.444397 417.682312 -106.885696 2.000000 
-449.527405 418.208801 -107.016502 2.000000 
-449.724396 418.679993 -107.302597 2.000000 
-449.372711 419.282898 -107.470200 2.000000 
-449.497711 419.572998 -107.601997 2.000000 
-449.333496 420.236603 -107.855499 2.000000 
-449.481110 421.130188 -108.105499 2.000000 
-449.260010 421.195312 -108.150101 2.000000 
-449.343201 421.299286 -108.185600 2.000000 
-449.450195 422.213287 -108.542702 2.000000 
-449.286804 422.938507 -108.784302 2.000000 
-449.512207 423.127991 -108.856499 2.000000 
-449.397400 423.940704 -109.271400 2.000000 
-449.569305 424.092804 -109.234001 2.000000 
-449.284698 424.851898 -109.605400 2.000000 
-449.509003 425.500305 -109.814102 2.000000 
-449.323303 425.883911 -109.889000 2.000000 
-449.755798 426.284088 -110.046402 2.000000 
-449.699097 426.622589 -110.214203 2.000000 
-449.920898 427.222809 -110.449600 2.000000 
-449.830994 427.845886 -110.767998 2.000000 
-449.794891 428.667908 -110.962402 2.000000 
-449.392914 429.135193 -111.153702 2.000000 
-449.281799 429.142395 -111.114502 2.000000 
-449.727112 429.801208 -111.446297 2.000000 
-449.388306 430.354706 -111.684502 2.000000 
-449.280304 430.952087 -111.865402 2.000000 
-449.449188 431.792999 -112.128197 2.000000 
-449.452911 431.800507 -112.220398 2.000000 
-449.185211 432.588593 -112.482101 2.000000 
-449.510590 432.977600 -112.597397 2.000000 
-449.390503 433.694305 -112.896500 2.000000 
-449.579498 434.176514 -113.044701 2.000000 
-449.296600 434.561188 -113.111504 2.000000 
-449.105713 434.966888 -113.380302 2.000000 
-449.345398 435.455505 -113.540497 2.000000 
-449.418488 435.897003 -113.722900 2.000000 
-449.412415 436.205109 -113.879601 2.000000 
-449.335114 437.022400 -114.052597 2.000000 
-449.479187 437.738495 -114.361397 2.000000 
-449.546814 438.193390 -114.604500 2.000000 
-449.647400 438.275208 -114.538300 2.000000 
-449.463104 439.128387 -114.845398 2.000000 
-449.275696 439.508209 -114.963600 2.000000 
-449.121490 440.133789 -115.246902 2.000000 
-449.380707 440.650909 -115.498703 2.000000 
-449.628906 441.158813 -115.648903 2.000000 
-449.579193 441.783295 -115.870399 2.000000 
-449.044891 442.176697 -116.066597 2.000000 
-449.566193 442.728210 -116.254204 2.000000 
-449.318115 443.327209 -116.432800 2.000000 
-449.694611 443.540009 -116.547203 2.000000 
-449.717407 444.156891 -116.825104 2.000000 
-448.903687 365.373108 -86.632401 2.000000 
-449.133606 365.483490 -86.644501 2.000000 
-448.787598 366.162994 -86.897003 2.000000 
-449.066498 366.932098 -87.178497 2.000000 
-448.993195 367.549591 -87.355103 2.000000 
-449.071899 367.519897 -87.472603 2.000000 
-449.004913 368.119385 -87.623802 2.000000 
-449.011810 368.932587 -87.997200 2.000000 
-449.151093 369.413300 -88.190697 2.000000 
-448.871704 369.893799 -88.352501 2.000000 
-449.046600 370.526703 -88.525299 2.000000 
-448.942200 371.076904 -88.844902 2.000000 
-449.032288 371.281311 -88.902603 2.000000 
-449.107391 371.817993 -89.091301 2.000000 
-449.082489 372.464813 -89.421303 2.000000 
-448.741211 373.018585 -89.589699 2.000000 
-449.095093 373.658905 -89.839798 2.000000 
-448.624115 373.905609 -89.849800 2.000000 
-448.889008 374.620392 -90.168701 2.000000 
-448.933197 375.140015 -90.339798 2.000000 
-449.059692 375.309998 -90.445000 2.000000 
-448.758514 376.164490 -90.752296 2.000000 
-449.057709 376.685303 -90.993301 2.000000 
-448.956909 377.375214 -91.286201 2.000000 
-448.989502 377.697510 -91.451897 2.000000 
-448.929504 378.194214 -91.638298 2.000000 
-448.741394 378.744110 -91.807404 2.000000 
-448.969604 378.959595 -91.916702 2.000000 
-448.996796 379.699890 -92.105598 2.000000 
-449.018799 380.011505 -92.295700 2.000000 
-448.939087 380.516907 -92.487801 2.000000 
-448.907806 381.070007 -92.725197 2.000000 
-448.999390 381.853790 -92.997902 2.000000 
-448.919403 381.881989 -92.985298 2.000000 
-448.853607 382.548798 -93.245300 2.000000 
-448.922089 383.340790 -93.628197 2.000000 
-449.085114 383.581207 -93.739998 2.000000 
-448.914795 384.060211 -93.874901 2.000000 
-448.983490 384.753601 -94.186600 2.000000 
-448.837708 385.145691 -94.310600 2.000000 
-449.058594 385.551605 -94.396301 2.000000 
-449.121613 386.201202 -94.686897 2.000000 
-449.178986 386.645996 -94.823898 2.000000 
-448.820801 387.196106 -95.046997 2.000000 
-448.768799 387.829010 -95.382698 2.000000 
-448.961609 387.924805 -95.296097 2.000000 
-449.007690 388.713196 -95.695503 2.000000 
-449.034912 389.242493 -95.871597 2.000000 
-448.711395 389.774200 -95.999802 2.000000 
-449.038300 390.476288 -96.339600 2.000000 
-449.136200 390.584808 -96.361801 2.000000 
-448.938904 391.007294 -96.519600 2.000000 
-448.851410 391.871613 -96.950600 2.000000 
-449.177094 392.389801 -97.163902 2.000000 
-448.830902 392.940002 -97.313904 2.000000 
-448.839905 393.361908 -97.523201 2.000000 
-448.760315 393.871613 -97.662201 2.000000 
-449.019012 394.494507 -97.873398 2.000000 
-449.106415 395.137604 -98.172897 2.000000 
-448.942413 395.306213 -98.236298 2.000000 
-449.157501 396.170898 -98.639999 2.000000 
-448.908997 396.545898 -98.674400 2.000000 
-448.947601 396.766693 -98.802803 2.000000 
-449.021912 397.180115 -98.976097 2.000000 
-449.011902 397.962799 -99.260803 2.000000 
-448.994385 398.226013 -99.343002 2.000000 
-449.282196 398.951691 -99.595802 2.000000 
-448.874512 399.436188 -99.873100 2.000000 
-449.000397 400.002411 -100.021896 2.000000 
-449.171509 400.252197 -100.135696 2.000000 
-449.071686 400.756897 -100.344002 2.000000 
-448.838013 401.312714 -100.581703 2.000000 
-448.751099 401.691589 -100.660797 2.000000 
-449.126190 402.342590 -100.885597 2.000000 
-449.046112 402.945892 -101.240501 2.000000 
-449.052094 403.246399 -101.333199 2.000000 
-448.892487 404.213104 -101.674400 2.000000 
-448.973785 404.211700 -101.676903 2.000000 
-448.813690 404.981110 -101.907898 2.000000 
-448.667603 405.441101 -102.160797 2.000000 
-448.805511 405.941895 -102.263603 2.000000 
-449.177399 406.501892 -102.478203 2.000000 
-449.143005 407.047089 -102.811897 2.000000 
-449.025085 407.535004 -102.950401 2.000000 
-449.371002 408.212402 -103.206100 2.000000 
-449.077209 408.308014 -103.302299 2.000000 
-448.728699 408.893494 -103.376602 2.000000 
-449.062714 409.536499 -103.629501 2.000000 
-449.199005 409.954712 -103.836800 2.000000 
-448.945496 410.399689 -103.981400 2.000000 
-449.130310 411.153412 -104.386803 2.000000 
-449.006287 411.877502 -104.615097 2.000000 
-449.144592 412.134491 -104.641197 2.000000 
-448.797394 412.404114 -104.815201 2.000000 
-448.817200 413.070892 -105.094902 2.000000 
-448.761414 413.483307 -105.248299 2.000000 
-448.970093 414.227905 -105.422699 2.000000 
-449.163208 414.378387 -105.582802 2.000000 
-448.955200 415.477295 -105.948898 2.000000 
-448.973114 415.660187 -106.068001 2.000000 
-448.686798 416.197113 -106.196999 2.000000 
-448.851196 416.782990 -106.384102 2.000000 
-448.880402 417.382507 -106.695099 2.000000 
-448.945709 417.667114 -106.807198 2.000000 
-448.842590 418.382904 -107.080704 2.000000 
-448.854706 418.697815 -107.190300 2.000000 
-448.786804 419.295013 -107.342201 2.000000 
-449.084503 419.770599 -107.645599 2.000000 
-448.871399 420.117493 -107.759499 2.000000 
-449.173615 420.741211 -107.959099 2.000000 
-448.797089 421.484497 -108.215500 2.000000 
-449.027802 421.980499 -108.379997 2.000000 
-448.783997 422.313904 -108.499603 2.000000 
-449.087311 423.042786 -108.815399 2.000000 
-448.768890 423.483490 -109.027199 2.000000 
-449.140106 423.867706 -109.100899 2.000000 
-448.915710 424.538208 -109.336601 2.000000 
-448.982391 424.699707 -109.389503 2.000000 
-448.723694 425.282013 -109.624199 2.000000 
-448.950012 425.785187 -109.869003 2.000000 
-449.066010 426.523285 -110.183197 2.000000 
-449.120209 427.348694 -110.398300 2.000000 
-449.226105 427.598206 -110.504501 2.000000 
-449.017487 428.095886 -110.689697 2.000000 
-448.863708 428.519989 -110.879204 2.000000 
-448.754211 428.786713 -111.021301 2.000000 
-448.829010 429.034393 -111.143997 2.000000 
-449.200989 430.153992 -111.530998 2.000000 
-448.994690 430.330994 -111.541603 2.000000 
-449.192200 430.755402 -111.758499 2.000000 
-449.451385 431.592194 -112.053902 2.000000 
-448.844208 431.734100 -112.151802 2.000000 
-448.531403 432.419312 -112.303497 2.000000 
-449.228790 433.122986 -112.620598 2.000000 
-449.084900 433.247894 -112.633102 2.000000 
-449.076111 433.776703 -112.937500 2.000000 
-449.106110 434.981689 -113.371300 2.000000 
-449.173615 435.002808 -113.353798 2.000000 
-448.976410 435.548706 -113.534103 2.000000 
-449.072113 436.264587 -113.784103 2.000000 
-448.953491 436.654785 -113.884399 2.000000 
-449.175598 437.176392 -114.079597 2.000000 
-449.014008 437.485291 -114.230400 2.000000 
-448.675995 437.683502 -114.347900 2.000000 
-449.186890 438.497894 -114.615196 2.000000 
-448.872192 439.358093 -114.871399 2.000000 
-449.058990 439.803009 -115.159203 2.000000 
-449.213593 440.135986 -115.315002 2.000000 
-449.020813 440.598999 -115.389397 2.000000 
-448.980408 441.184814 -115.648499 2.000000 
-449.080505 441.776703 -115.899803 2.000000 
-448.667908 442.339996 -115.990997 2.000000 
-448.834595 442.790894 -116.146103 2.000000 
-449.151215 443.360596 -116.481697 2.000000 
-448.758392 443.537109 -116.505699 2.000000 
-448.414307 365.436310 -86.528000 2.000000 
-448.648285 366.035309 -86.858902 2.000000 
-448.533112 366.338898 -86.961502 2.000000 
-448.546997 366.980499 -87.169502 2.000000 
-448.471100 367.337311 -87.245598 2.000000 
-448.665497 367.549805 -87.469704 2.000000 
-448.406006 368.290314 -87.629700 2.000000 
-448.669189 369.055511 -88.044502 2.000000 
-448.025696 369.471893 -88.087700 2.000000 
-448.713501 369.990204 -88.341400 2.000000 
-448.777496 370.453400 -88.569901 2.000000 
-448.169098 370.950592 -88.672401 2.000000 
-448.475708 371.527710 -88.945297 2.000000 
-448.385010 372.209198 -89.171898 2.000000 
-448.319214 372.325195 -89.245003 2.000000 
-448.703888 372.819305 -89.444298 2.000000 
-448.180908 373.791412 -89.733902 2.000000 
-448.390015 374.100189 -89.929100 2.000000 
-448.534607 374.425995 -90.102699 2.000000 
-448.657104 374.904694 -90.239601 2.000000 
-448.689209 375.813904 -90.676003 2.000000 
-448.515106 375.947388 -90.739601 2.000000 
-448.376709 376.300415 -90.808800 2.000000 
-448.376495 377.196106 -91.124702 2.000000 
-448.372101 377.510712 -91.278000 2.000000 
-448.391998 377.914398 -91.360802 2.000000 
-448.363098 378.711914 -91.723602 2.000000 
-448.316010 379.019989 -91.780098 2.000000 
-448.089905 379.868195 -92.232803 2.000000 
-448.155090 380.438690 -92.342400 2.000000 
-448.420197 380.412598 -92.442299 2.000000 
-448.597198 380.985413 -92.665398 2.000000 
-448.419708 381.524200 -92.829903 2.000000 
-448.411011 382.491486 -93.165199 2.000000 
-448.705597 382.788788 -93.339798 2.000000 
-448.231689 383.088287 -93.463303 2.000000 
-448.360687 383.182495 -93.425201 2.000000 
-448.013794 384.095215 -93.735901 2.000000 
-448.512085 384.611786 -94.087997 2.000000 
-448.616394 385.024597 -94.150002 2.000000 
-448.347412 385.684692 -94.445396 2.000000 
-448.359192 386.585510 -94.729897 2.000000 
-448.542603 386.656189 -94.806900 2.000000 
-448.385406 387.091309 -94.994202 2.000000 
-448.562592 388.022614 -95.321999 2.000000 
-448.618805 388.160706 -95.364998 2.000000 
-448.498901 388.713501 -95.623802 2.000000 
-448.264313 389.436005 -95.908997 2.000000 
-448.415192 389.700592 -96.013199 2.000000 
-448.923706 390.032898 -96.173500 2.000000 
-448.653015 390.831512 -96.535896 2.000000 
-448.472900 391.119995 -96.504097 2.000000 
-448.305695 392.028198 -96.926300 2.000000 
-448.488190 392.357513 -97.077698 2.000000 
-448.639587 392.977386 -97.285896 2.000000 
-448.362000 393.031311 -97.249100 2.000000 
-448.544312 393.872406 -97.605797 2.000000 
-448.554596 394.280304 -97.773300 2.000000 
-448.691101 394.919708 -98.004303 2.000000 
-448.402588 395.034088 -98.066002 2.000000 
-448.426086 395.728302 -98.389900 2.000000 
-448.275604 396.267303 -98.555298 2.000000 
-448.646790 396.755493 -98.820396 2.000000 
-448.442993 397.282501 -98.925102 2.000000 
-448.260803 397.977112 -99.144897 2.000000 
-448.463715 398.431488 -99.324203 2.000000 
-448.334595 399.081696 -99.591599 2.000000 
-448.374786 399.607910 -99.858398 2.000000 
-448.495087 400.197113 -100.134903 2.000000 
-448.427185 400.875488 -100.274696 2.000000 
-448.214386 400.908997 -100.365898 2.000000 
-448.551910 401.338715 -100.502296 2.000000 
-448.301208 401.669586 -100.576401 2.000000 
-448.185303 402.573090 -100.924400 2.000000 
-448.496796 403.121094 -101.232300 2.000000 
-448.532288 403.659393 -101.449203 2.000000 
-448.500305 403.977600 -101.504898 2.000000 
-448.468811 404.543915 -101.687698 2.000000 
-448.609100 404.959503 -101.836800 2.000000 
-448.697906 405.660797 -102.132202 2.000000 
-448.585999 406.032104 -102.348999 2.000000 
-448.665710 406.104492 -102.301003 2.000000 
-448.415985 407.049011 -102.765900 2.000000 
-448.296692 407.579498 -102.889503 2.000000 
-448.642609 408.283813 -103.240601 2.000000 
-448.403687 408.908813 -103.480003 2.000000 
-448.379486 409.205505 -103.476501 2.000000 
-448.466705 409.773499 -103.769600 2.000000 
-448.501495 410.167694 -103.834602 2.000000 
-448.280090 410.576385 -104.015701 2.000000 
-448.191193 410.966492 -104.151901 2.000000 
-448.387787 411.739899 -104.500603 2.000000 
-448.479401 412.001312 -104.615196 2.000000 
-448.449188 412.238708 -104.747803 2.000000 
-448.658295 412.859589 -104.887398 2.000000 
-448.745300 413.920197 -105.309097 2.000000 
-448.362396 414.001801 -105.287498 2.000000 
-448.667603 414.422699 -105.466400 2.000000 
-448.369995 414.988495 -105.749702 2.000000 
-448.132294 415.410309 -105.880699 2.000000 
-448.326996 416.275696 -106.243103 2.000000 
-448.298187 416.728394 -106.391197 2.000000 
-448.646301 417.115814 -106.530197 2.000000 
-448.497192 417.279785 -106.647903 2.000000 
-448.632202 417.967285 -106.913902 2.000000 
-448.399994 418.949005 -107.201599 2.000000 
-448.472412 419.140015 -107.325699 2.000000 
-448.631287 419.952911 -107.642700 2.000000 
-448.458801 420.493591 -107.776001 2.000000 
-448.522614 420.952087 -108.000603 2.000000 
-448.154907 421.173004 -108.011803 2.000000 
-448.610291 421.930603 -108.416603 2.000000 
-448.864594 422.491608 -108.619400 2.000000 
-448.449585 422.993896 -108.837097 2.000000 
-448.782898 423.447388 -109.004799 2.000000 
-448.365204 423.815002 -109.090103 2.000000 
-448.693207 424.033203 -109.174797 2.000000 
-448.411804 424.916809 -109.456200 2.000000 
-448.451508 425.401001 -109.688400 2.000000 
-448.700409 425.839111 -109.913002 2.000000 
-448.344208 426.583405 -110.129700 2.000000 
-448.638489 427.232513 -110.419899 2.000000 
-448.660004 427.265106 -110.454697 2.000000 
-448.805908 427.736389 -110.554802 2.000000 
-448.598297 428.484711 -110.891296 2.000000 
-448.738403 428.845703 -111.051804 2.000000 
-448.447296 429.027893 -110.973198 2.000000 
-448.456512 429.952087 -111.433998 2.000000 
-448.406586 430.311188 -111.525597 2.000000 
-448.414703 431.056396 -111.830002 2.000000 
-448.473297 431.751404 -112.051598 2.000000 
-448.450287 431.958588 -112.169701 2.000000 
-448.300293 432.827301 -112.481796 2.000000 
-448.562408 432.935608 -112.535797 2.000000 
-448.552795 433.317291 -112.647697 2.000000 
-448.354401 433.987793 -112.924202 2.000000 
-448.594910 434.333801 -112.993103 2.000000 
-448.409210 435.109985 -113.367897 2.000000 
-448.490906 435.588287 -113.465302 2.000000 
-448.489014 435.931213 -113.610703 2.000000 
-448.219208 436.304199 -113.722603 2.000000 
-448.654602 436.937408 -114.085098 2.000000 
-448.517395 437.528198 -114.221901 2.000000 
-448.610199 438.212799 -114.506798 2.000000 
-448.505402 438.452911 -114.545799 2.000000 
-448.473694 439.065308 -114.782097 2.000000 
-448.632812 439.651886 -115.073402 2.000000 
-448.395386 440.094788 -115.181801 2.000000 
-448.803711 440.846497 -115.488899 2.000000 
-448.568390 440.926697 -115.567101 2.000000 
-448.420288 441.696899 -115.837097 2.000000 
-448.752808 442.160309 -115.961800 2.000000 
-448.639496 442.673889 -116.156303 2.000000 
-448.535889 443.173706 -116.379097 2.000000 
-448.450012 443.605713 -116.505402 2.000000 
-448.180115 365.388000 -86.570702 2.000000 
-447.906494 365.830688 -86.702301 2.000000 
-447.929199 366.455994 -86.922501 2.000000 
-448.108398 366.911896 -87.116898 2.000000 
-447.974091 367.393188 -87.300598 2.000000 
-448.084015 367.983490 -87.554298 2.000000 
-448.176392 368.722595 -87.781502 2.000000 
-447.775085 368.655090 -87.833504 2.000000 
-448.075500 369.384186 -88.054100 2.000000 
-447.973999 369.728485 -88.213402 2.000000 
-448.222107 370.330994 -88.458000 2.000000 
-447.962097 370.694214 -88.521698 2.000000 
-448.062805 371.240692 -88.744698 2.000000 
-447.904510 371.668701 -88.889198 2.000000 
-447.616699 372.501801 -89.225197 2.000000 
-447.942108 372.730591 -89.430298 2.000000 
-447.964386 373.285004 -89.634399 2.000000 
-447.926392 373.788391 -89.807899 2.000000 
-448.010712 374.354004 -90.053596 2.000000 
-447.736511 374.729095 -90.103996 2.000000 
-447.985596 375.521393 -90.492699 2.000000 
-447.916901 375.946991 -90.608803 2.000000 
-448.186707 376.422913 -90.820396 2.000000 
-447.710602 377.038208 -91.061501 2.000000 
-448.041107 377.741608 -91.350098 2.000000 
-448.252411 378.102203 -91.472603 2.000000 
-448.166199 378.735687 -91.790199 2.000000 
-447.850586 379.229797 -91.917000 2.000000 
-448.163788 379.743988 -92.060303 2.000000 
-448.000092 380.495605 -92.345703 2.000000 
-448.047699 380.657410 -92.424698 2.000000 
-447.890106 380.831909 -92.575500 2.000000 
-447.750397 381.935089 -93.000198 2.000000 
-447.807312 382.165100 -93.092598 2.000000 
-448.227112 382.801514 -93.269203 2.000000 
-447.657288 383.278900 -93.434700 2.000000 
-448.073700 383.760498 -93.632797 2.000000 
-447.951599 384.448212 -93.873199 2.000000 
-447.961090 384.774689 -94.106796 2.000000 
-448.119904 385.286285 -94.304901 2.000000 
-447.752106 385.822906 -94.431801 2.000000 
-447.950500 386.102509 -94.562401 2.000000 
-447.902710 386.674591 -94.787102 2.000000 
-447.878296 387.185699 -95.027100 2.000000 
-447.794098 387.688507 -95.234398 2.000000 
-447.940186 388.075500 -95.347504 2.000000 
-447.930908 388.965302 -95.730003 2.000000 
-447.916687 389.062286 -95.677299 2.000000 
-447.856506 389.547089 -95.834000 2.000000 
-447.871613 390.177399 -96.127800 2.000000 
-448.008392 390.629211 -96.307198 2.000000 
-447.780090 391.281799 -96.582397 2.000000 
-447.952515 391.885498 -96.891403 2.000000 
-447.918701 392.102905 -96.938797 2.000000 
-448.104187 392.320587 -96.974800 2.000000 
-448.267700 393.155396 -97.350098 2.000000 
-447.873291 394.013611 -97.631302 2.000000 
-447.845612 394.454102 -97.877998 2.000000 
-447.960510 395.020294 -97.983597 2.000000 
-448.138214 395.104095 -98.142303 2.000000 
-448.095215 396.078705 -98.505798 2.000000 
-448.268188 396.392609 -98.587097 2.000000 
-447.753204 396.759308 -98.672302 2.000000 
-447.994293 397.267090 -98.929497 2.000000 
-448.147308 397.532288 -99.042297 2.000000 
-447.789886 398.316193 -99.343597 2.000000 
-447.850098 398.914703 -99.482597 2.000000 
-447.944397 399.648895 -99.820503 2.000000 
-447.892090 399.775085 -99.852097 2.000000 
-448.030792 400.388397 -100.179298 2.000000 
-447.940399 401.003815 -100.334503 2.000000 
-448.052002 401.560211 -100.540199 2.000000 
-447.866486 401.902405 -100.605003 2.000000 
-448.257904 402.415710 -100.888901 2.000000 
-447.894104 403.148010 -101.161003 2.000000 
-447.985992 403.774994 -101.378998 2.000000 
-447.920807 403.679596 -101.416000 2.000000 
-448.162903 404.497498 -101.636597 2.000000 
-448.247803 405.057800 -101.884697 2.000000 
-447.828888 405.408508 -102.019997 2.000000 
-448.047913 406.176910 -102.358002 2.000000 
-448.077789 406.479187 -102.477203 2.000000 
-448.044586 407.266205 -102.720299 2.000000 
-447.830414 407.284485 -102.711700 2.000000 
-448.098297 408.037415 -103.066902 2.000000 
-447.909790 408.635101 -103.221802 2.000000 
-447.888885 408.818115 -103.270599 2.000000 
-447.717407 409.577698 -103.594704 2.000000 
-447.979706 409.736206 -103.682999 2.000000 
-448.091095 410.457001 -103.994202 2.000000 
-447.880615 411.332794 -104.354301 2.000000 
-448.034698 411.365204 -104.327797 2.000000 
-447.892212 412.376007 -104.701797 2.000000 
-447.627686 412.656189 -104.793602 2.000000 
-447.726715 413.302094 -105.062897 2.000000 
-448.130798 413.865112 -105.246696 2.000000 
-448.235504 414.220215 -105.472099 2.000000 
-448.065002 414.319489 -105.516998 2.000000 
-448.017700 415.370789 -105.859596 2.000000 
-448.204498 415.783691 -106.025101 2.000000 
-447.733398 416.371887 -106.243301 2.000000 
-447.863708 416.661194 -106.297302 2.000000 
-447.545807 417.213898 -106.552299 2.000000 
-447.999603 417.744293 -106.726501 2.000000 
-447.711304 418.256989 -106.881401 2.000000 
-448.192596 418.603088 -107.021797 2.000000 
-447.965698 419.087799 -107.276299 2.000000 
-448.049591 419.621094 -107.430901 2.000000 
-448.112793 420.193512 -107.754700 2.000000 
-447.916901 420.691193 -107.796501 2.000000 
-447.956512 421.218994 -108.113197 2.000000 
-447.787201 421.661499 -108.136497 2.000000 
-448.086487 422.399506 -108.445999 2.000000 
-447.481201 422.788513 -108.662498 2.000000 
-447.930603 423.519592 -108.968300 2.000000 
-447.821198 423.851990 -109.058701 2.000000 
-448.113312 424.327515 -109.240601 2.000000 
-447.728302 424.651215 -109.376602 2.000000 
-448.118408 425.313385 -109.681602 2.000000 
-447.776886 425.872009 -109.725601 2.000000 
-447.860107 426.212311 -109.873802 2.000000 
-447.789307 426.966400 -110.223801 2.000000 
-448.011597 427.647888 -110.441803 2.000000 
-447.537689 427.836792 -110.482697 2.000000 
-448.050812 428.497101 -110.801498 2.000000 
-447.710510 429.092499 -110.979401 2.000000 
-447.746399 429.439301 -111.169701 2.000000 
-448.031708 429.994385 -111.378601 2.000000 
-448.195709 430.731506 -111.680199 2.000000 
-448.206390 430.988403 -111.828903 2.000000 
-448.090393 431.674988 -112.063301 2.000000 
-448.158813 432.295990 -112.206398 2.000000 
-447.958801 432.200104 -112.116501 2.000000 
-448.144104 433.013397 -112.487297 2.000000 
-447.878387 433.656189 -112.713097 2.000000 
-448.244293 434.066010 -112.908501 2.000000 
-448.144714 434.698303 -113.154602 2.000000 
-448.129486 435.162994 -113.238602 2.000000 
-448.218506 435.681396 -113.480202 2.000000 
-447.839691 436.209686 -113.635803 2.000000 
-448.211487 436.665588 -113.812897 2.000000 
-448.064789 436.830597 -113.876404 2.000000 
-447.866211 437.179993 -114.091698 2.000000 
-447.973389 438.465515 -114.531197 2.000000 
-447.829407 438.633911 -114.599297 2.000000 
-448.127014 439.141296 -114.724701 2.000000 
-447.963715 439.822601 -115.069397 2.000000 
-447.869202 440.416412 -115.231102 2.000000 
-447.975098 440.610596 -115.333099 2.000000 
-448.277191 441.207001 -115.539597 2.000000 
-447.842804 441.589386 -115.745201 2.000000 
-447.785889 442.132690 -115.848701 2.000000 
-448.045288 442.604401 -116.004799 2.000000 
-448.387512 443.202301 -116.331398 2.000000 
-448.056885 443.532501 -116.392403 2.000000 
-447.768494 444.142395 -116.664803 2.000000 
-447.054291 364.994690 -86.224098 2.000000 
-447.817413 366.106293 -86.792900 2.000000 
-447.516693 366.288208 -86.746399 2.000000 
-447.430695 366.668793 -86.961998 2.000000 
-447.253815 367.361389 -87.189598 2.000000 
-447.423615 367.959412 -87.433701 2.000000 
-447.520905 368.015991 -87.498100 2.000000 
-447.251709 368.848297 -87.790802 2.000000 
-447.600189 369.380096 -87.981697 2.000000 
-447.302185 369.893402 -88.188103 2.000000 
-447.680298 370.469604 -88.515800 2.000000 
-447.365112 371.107697 -88.694901 2.000000 
-447.892090 371.305511 -88.822800 2.000000 
-447.449799 372.274506 -89.153900 2.000000 
-447.203003 372.539215 -89.194099 2.000000 
-447.601196 373.127899 -89.541901 2.000000 
-447.437988 373.196503 -89.538902 2.000000 
-447.629089 373.893585 -89.783600 2.000000 
-447.336700 374.590515 -90.043198 2.000000 
-447.423187 375.092712 -90.191803 2.000000 
-447.423798 375.568512 -90.459000 2.000000 
-447.687714 375.896790 -90.590202 2.000000 
-447.770203 376.258789 -90.737297 2.000000 
-447.496490 377.068604 -91.075500 2.000000 
-447.831207 377.458588 -91.238098 2.000000 
-447.408813 377.954712 -91.303001 2.000000 
-447.419891 378.817902 -91.743896 2.000000 
-447.342407 379.240204 -91.914703 2.000000 
-447.228210 379.589691 -91.986000 2.000000 
-447.411011 380.001801 -92.144600 2.000000 
-447.289886 380.519897 -92.304298 2.000000 
-447.760010 380.804993 -92.561699 2.000000 
-447.330414 381.231506 -92.584900 2.000000 
-447.501099 382.015808 -92.912498 2.000000 
-447.352386 382.817993 -93.207397 2.000000 
-447.542999 383.243988 -93.370598 2.000000 
-447.692810 383.670013 -93.591599 2.000000 
-447.639008 384.266815 -93.906502 2.000000 
-447.384613 384.888092 -94.070396 2.000000 
-447.243805 385.438202 -94.270302 2.000000 
-447.356598 385.475189 -94.350998 2.000000 
-447.490204 386.503906 -94.625000 2.000000 
-447.404388 386.443207 -94.603996 2.000000 
-447.154785 387.478210 -95.077499 2.000000 
-447.263397 387.545898 -95.024803 2.000000 
-447.431305 387.980011 -95.247498 2.000000 
-447.522095 388.417511 -95.503601 2.000000 
-447.452515 389.125885 -95.669502 2.000000 
-447.487000 389.843414 -95.958900 2.000000 
-447.378815 390.385803 -96.211403 2.000000 
-447.327515 390.811798 -96.414101 2.000000 
-447.549011 391.290405 -96.528099 2.000000 
-447.367615 391.721710 -96.747101 2.000000 
-447.410400 392.098907 -96.788803 2.000000 
-447.470215 393.083405 -97.269997 2.000000 
-447.522400 393.273804 -97.328003 2.000000 
-447.455505 393.844513 -97.528702 2.000000 
-447.420807 394.230286 -97.699501 2.000000 
-447.558807 395.177002 -97.996498 2.000000 
-447.360199 395.488800 -98.096001 2.000000 
-447.469086 395.914398 -98.292397 2.000000 
-447.636993 396.249603 -98.500000 2.000000 
-447.470306 396.819397 -98.706299 2.000000 
-447.397186 397.369598 -98.883400 2.000000 
-447.348297 397.919586 -99.040703 2.000000 
-447.591797 398.438599 -99.295601 2.000000 
-447.205597 398.870392 -99.459602 2.000000 
-447.583313 399.228394 -99.626900 2.000000 
-447.575012 400.144012 -99.959000 2.000000 
-447.136688 400.317291 -99.996002 2.000000 
-447.663391 400.831207 -100.224800 2.000000 
-447.568604 401.408813 -100.509499 2.000000 
-447.365997 402.000885 -100.742401 2.000000 
-447.272797 402.542114 -100.856697 2.000000 
-447.418488 402.978302 -101.007401 2.000000 
-447.340790 403.375000 -101.150902 2.000000 
-447.184113 403.974915 -101.420799 2.000000 
-447.480499 404.887085 -101.727898 2.000000 
-447.317291 405.023804 -101.865501 2.000000 
-447.340790 405.703400 -102.156898 2.000000 
-447.561615 406.225311 -102.237297 2.000000 
-447.463593 406.279602 -102.391701 2.000000 
-447.665314 406.870392 -102.504303 2.000000 
-447.437103 407.489594 -102.810799 2.000000 
-446.971985 408.265808 -103.049698 2.000000 
-447.208710 408.731689 -103.301697 2.000000 
-447.696503 408.937897 -103.431602 2.000000 
-447.631592 409.483307 -103.591797 2.000000 
-447.186188 410.392700 -103.876198 2.000000 
-447.631714 410.496185 -103.978798 2.000000 
-447.581909 410.985901 -104.200203 2.000000 
-447.298401 411.393799 -104.215401 2.000000 
-447.806000 412.092285 -104.531700 2.000000 
-447.338989 412.554810 -104.738197 2.000000 
-447.196289 413.311798 -105.046501 2.000000 
-447.453491 413.347504 -105.082397 2.000000 
-447.556610 413.980713 -105.280899 2.000000 
-447.321686 414.610809 -105.501503 2.000000 
-447.310486 415.193207 -105.746902 2.000000 
-447.255890 415.734406 -105.857697 2.000000 
-447.413208 416.393585 -106.236801 2.000000 
-447.199493 416.535004 -106.237000 2.000000 
-447.278809 417.080292 -106.421097 2.000000 
-447.825897 418.130005 -106.891899 2.000000 
-447.257812 418.533905 -107.044899 2.000000 
-447.404602 418.689789 -107.010201 2.000000 
-447.486389 419.092896 -107.153999 2.000000 
-447.321686 419.669586 -107.469299 2.000000 
-447.649414 420.558105 -107.722198 2.000000 
-447.893585 420.858704 -107.958099 2.000000 
-447.281799 421.444000 -108.100502 2.000000 
-447.992310 422.015686 -108.382896 2.000000 
-447.512604 422.187714 -108.457603 2.000000 
-447.679901 422.747894 -108.639900 2.000000 
-447.520599 423.528015 -108.938202 2.000000 
-447.454498 423.891113 -109.094002 2.000000 
-447.055115 424.013214 -109.080399 2.000000 
-447.074097 424.984497 -109.348999 2.000000 
-447.306213 425.405396 -109.618202 2.000000 
-447.394012 426.116699 -109.808601 2.000000 
-447.657196 426.556213 -110.040001 2.000000 
-447.420197 426.629791 -110.053200 2.000000 
-447.463715 427.421509 -110.386803 2.000000 
-447.414886 427.802185 -110.424698 2.000000 
-447.422485 428.329498 -110.638000 2.000000 
-447.270294 428.834106 -110.852600 2.000000 
-447.547485 429.430389 -111.104401 2.000000 
-447.727112 430.433411 -111.496399 2.000000 
-446.953491 430.323608 -111.347603 2.000000 
-447.299805 431.094788 -111.707100 2.000000 
-447.104614 431.610992 -111.959801 2.000000 
-447.228912 432.173889 -112.196404 2.000000 
-447.228485 432.776611 -112.320396 2.000000 
-447.202911 432.954498 -112.477898 2.000000 
-447.427185 433.579498 -112.594704 2.000000 
-447.318512 434.045898 -112.852303 2.000000 
-447.653107 434.665100 -113.086403 2.000000 
-447.441711 435.171509 -113.306198 2.000000 
-447.423004 435.654510 -113.484100 2.000000 
-447.432098 436.246307 -113.651497 2.000000 
-447.700989 436.768890 -113.840797 2.000000 
-447.571686 437.213196 -114.014999 2.000000 
-447.673187 437.462799 -114.116898 2.000000 
-447.502502 438.020996 -114.388397 2.000000 
-447.642395 438.912811 -114.733200 2.000000 
-447.640900 438.942596 -114.731003 2.000000 
-447.484100 439.613403 -114.984200 2.000000 
-447.545013 440.092712 -115.049500 2.000000 
-447.436188 440.196411 -115.180199 2.000000 
-447.594696 441.068604 -115.472603 2.000000 
-447.318512 441.715515 -115.722702 2.000000 
-447.592590 442.148407 -115.911499 2.000000 
-447.407288 442.772614 -116.134804 2.000000 
-447.277100 443.114990 -116.139198 2.000000 
-447.500305 443.544403 -116.430397 2.000000 
-447.041290 365.155304 -86.331596 2.000000 
-446.854095 365.550201 -86.499199 2.000000 
-446.913513 365.758514 -86.502296 2.000000 
-447.041290 366.544891 -86.823196 2.000000 
-446.811188 366.677887 -86.907402 2.000000 
-446.839294 367.648407 -87.222198 2.000000 
-446.757904 367.803314 -87.323700 2.000000 
-447.019501 368.555603 -87.599899 2.000000 
-446.667694 368.995087 -87.858398 2.000000 
-447.014801 369.349091 -87.969597 2.000000 
-447.087189 369.950806 -88.273598 2.000000 
-446.956299 370.194702 -88.314796 2.000000 
-446.952393 371.272095 -88.785202 2.000000 
-446.713104 371.619904 -88.896797 2.000000 
-447.153290 372.282593 -89.082397 2.000000 
-446.717499 372.258698 -89.065399 2.000000 
-446.814606 372.763000 -89.326401 2.000000 
-446.851990 373.424896 -89.508102 2.000000 
-446.839111 374.028687 -89.845398 2.000000 
-446.529510 374.659790 -89.966499 2.000000 
-446.861786 374.903198 -90.195900 2.000000 
-446.994904 375.464508 -90.308701 2.000000 
-447.143585 376.103394 -90.558800 2.000000 
-446.965607 376.462585 -90.743401 2.000000 
-446.998810 377.164886 -91.054703 2.000000 
-446.739685 377.916687 -91.254097 2.000000 
-446.975494 378.014587 -91.282402 2.000000 
-446.560699 378.453003 -91.513397 2.000000 
-447.017212 379.001709 -91.774101 2.000000 
-446.753387 379.762604 -92.028801 2.000000 
-447.077515 379.934113 -92.061401 2.000000 
-447.021912 380.688904 -92.352402 2.000000 
-446.992310 380.894287 -92.422897 2.000000 
-447.060486 381.671295 -92.731499 2.000000 
-447.172607 382.027893 -92.916397 2.000000 
-447.197510 382.636292 -93.207603 2.000000 
-446.906006 383.092010 -93.361504 2.000000 
-446.794586 383.729889 -93.627602 2.000000 
-447.187286 383.983307 -93.649696 2.000000 
-446.732086 384.402802 -93.819801 2.000000 
-446.949585 385.505310 -94.190804 2.000000 
-446.842499 386.042908 -94.446899 2.000000 
-447.343414 386.382111 -94.566200 2.000000 
-447.050110 386.662415 -94.685303 2.000000 
-447.028015 387.259705 -94.955002 2.000000 
-446.860809 387.631989 -95.125298 2.000000 
-447.031586 388.097198 -95.350304 2.000000 
-447.061096 388.597595 -95.477997 2.000000 
-446.936707 389.425415 -95.857803 2.000000 
-446.804291 389.570709 -95.859398 2.000000 
-447.048889 390.377808 -96.120697 2.000000 
-447.057190 390.361694 -96.180199 2.000000 
-446.737396 391.174194 -96.409798 2.000000 
-447.053314 391.856201 -96.712997 2.000000 
-447.048187 392.340790 -96.875900 2.000000 
-446.993195 392.922394 -97.094398 2.000000 
-446.698486 393.298889 -97.276398 2.000000 
-446.738495 393.359314 -97.309799 2.000000 
-447.039795 394.345001 -97.755798 2.000000 
-447.098602 394.499207 -97.734802 2.000000 
-446.757202 395.352814 -98.025803 2.000000 
-447.015106 396.035095 -98.407799 2.000000 
-446.627289 396.359100 -98.514099 2.000000 
-446.736389 396.845612 -98.632698 2.000000 
-447.039215 397.041290 -98.671303 2.000000 
-446.914490 397.844299 -99.081398 2.000000 
-446.916412 398.458313 -99.238701 2.000000 
-446.880096 398.763885 -99.384201 2.000000 
-447.090607 399.284088 -99.638603 2.000000 
-447.015594 399.941589 -99.781502 2.000000 
-446.696899 400.590302 -100.082603 2.000000 
-446.771301 401.215393 -100.386902 2.000000 
-446.945099 401.570801 -100.513298 2.000000 
-446.861389 402.152802 -100.753098 2.000000 
-447.029297 402.471313 -100.876999 2.000000 
-447.088989 402.950806 -101.031601 2.000000 
-446.840698 403.483795 -101.127098 2.000000 
-447.052704 403.957397 -101.445999 2.000000 
-446.908386 404.261993 -101.479103 2.000000 
-446.921814 405.055115 -101.789703 2.000000 
-446.781494 405.626892 -102.079903 2.000000 
-446.752197 406.035004 -102.120300 2.000000 
-447.038605 406.472107 -102.386398 2.000000 
-447.038513 407.176086 -102.626801 2.000000 
-447.057892 407.627502 -102.811996 2.000000 
-446.875488 408.347198 -103.097603 2.000000 
-446.767609 408.537598 -103.167297 2.000000 
-446.968109 408.974213 -103.315903 2.000000 
-446.733490 409.712494 -103.579300 2.000000 
-446.841187 410.249115 -103.722603 2.000000 
-446.930298 410.507904 -103.844002 2.000000 
-447.145508 411.027802 -104.153801 2.000000 
-446.686096 411.345306 -104.231300 2.000000 
-447.030304 412.034088 -104.558998 2.000000 
-446.750214 412.524200 -104.708603 2.000000 
-446.741394 413.050995 -104.816803 2.000000 
-447.024200 413.745514 -105.209297 2.000000 
-447.327515 414.233795 -105.284698 2.000000 
-447.024200 414.518097 -105.455399 2.000000 
-446.835205 415.112701 -105.715401 2.000000 
-446.989105 415.795502 -105.878502 2.000000 
-447.226410 416.104706 -106.072304 2.000000 
-446.779297 416.724792 -106.218102 2.000000 
-446.722809 417.138794 -106.452202 2.000000 
-447.032715 417.608398 -106.598396 2.000000 
-447.005005 418.276306 -106.808800 2.000000 
-446.773987 418.703796 -106.937599 2.000000 
-446.893097 419.111603 -107.109901 2.000000 
-447.061096 419.544495 -107.292397 2.000000 
-447.101898 420.175690 -107.639297 2.000000 
-446.873810 420.540100 -107.731102 2.000000 
-447.030609 420.859711 -107.841904 2.000000 
-447.069702 421.727997 -108.103302 2.000000 
-447.065002 422.514709 -108.426804 2.000000 
-447.106201 422.532104 -108.412804 2.000000 
-447.060608 423.049500 -108.665199 2.000000 
-446.756592 424.070190 -108.967003 2.000000 
-446.701996 424.394104 -109.217598 2.000000 
-446.697998 424.937988 -109.389397 2.000000 
-446.767395 425.139404 -109.491302 2.000000 
-446.926788 426.091400 -109.862099 2.000000 
-446.961395 426.178802 -109.829903 2.000000 
-447.181305 427.178192 -110.285797 2.000000 
-447.127197 427.370697 -110.266899 2.000000 
-447.052795 428.126892 -110.565399 2.000000 
-446.863312 428.462311 -110.683098 2.000000 
-446.768707 428.724213 -110.807098 2.000000 
-446.977509 429.395996 -111.133698 2.000000 
-447.221710 429.824097 -111.187302 2.000000 
-447.010895 430.309814 -111.358200 2.000000 
-447.071198 430.765106 -111.567299 2.000000 
-446.685394 431.534607 -111.869003 2.000000 
-447.092590 431.987091 -112.079597 2.000000 
-446.867615 432.296295 -112.154503 2.000000 
-447.042908 432.966705 -112.395699 2.000000 
-447.019806 433.625092 -112.701302 2.000000 
-447.004700 433.764496 -112.762299 2.000000 
-446.891205 434.618286 -113.067802 2.000000 
-447.011993 434.850403 -113.128601 2.000000 
-447.166107 435.808685 -113.401299 2.000000 
-446.878693 436.033813 -113.567596 2.000000 
-446.808197 436.772797 -113.772301 2.000000 
-446.945801 437.176910 -113.987801 2.000000 
-446.980591 437.572510 -114.080101 2.000000 
-446.982788 437.842987 -114.176201 2.000000 
-446.926605 438.521606 -114.523300 2.000000 
-446.880310 439.304108 -114.709396 2.000000 
-446.747406 439.686798 -114.890701 2.000000 
-447.271088 440.279694 -115.152901 2.000000 
-446.593903 440.970612 -115.345802 2.000000 
-446.903503 440.975494 -115.424004 2.000000 
-446.899902 441.561890 -115.563202 2.000000 
-446.825012 442.280304 -115.842003 2.000000 
-446.741791 442.592804 -115.903603 2.000000 
-447.109711 443.142090 -116.180496 2.000000 
-446.585510 443.680511 -116.326302 2.000000 
-446.777496 444.289612 -116.632103 2.000000 
-446.377106 365.476196 -86.441101 2.000000 
-446.530609 366.010193 -86.564301 2.000000 
-446.196686 366.492401 -86.819397 2.000000 
-446.182587 366.849915 -86.886902 2.000000 
-446.580688 367.373199 -87.103996 2.000000 
-446.211700 368.029205 -87.460098 2.000000 
-446.636810 368.452698 -87.644997 2.000000 
-446.665710 368.890808 -87.702003 2.000000 
-446.664703 369.537811 -87.968002 2.000000 
-446.664612 369.879608 -88.150200 2.000000 
-446.339508 370.777802 -88.526604 2.000000 
-446.174408 371.268188 -88.601601 2.000000 
-446.183289 371.750488 -88.816597 2.000000 
-446.424591 372.096497 -88.927696 2.000000 
-446.274200 372.490814 -89.111603 2.000000 
-446.326385 372.869812 -89.238800 2.000000 
-446.241608 373.396301 -89.516998 2.000000 
-446.443787 373.877197 -89.643204 2.000000 
-446.522797 374.595703 -89.944298 2.000000 
-446.569702 375.105591 -90.229698 2.000000 
-446.260712 375.399414 -90.216003 2.000000 
-446.405304 375.874512 -90.459396 2.000000 
-446.289795 376.622009 -90.775398 2.000000 
-446.442413 377.076996 -90.896103 2.000000 
-446.346313 377.666290 -91.107498 2.000000 
-446.507904 378.162903 -91.302101 2.000000 
-446.484497 378.586914 -91.565903 2.000000 
-446.398102 378.987793 -91.632698 2.000000 
-446.384399 379.649200 -91.916603 2.000000 
-446.367310 379.820404 -91.950996 2.000000 
-446.533386 380.344391 -92.286903 2.000000 
-446.532196 380.972992 -92.422798 2.000000 
-446.491699 381.537811 -92.639397 2.000000 
-446.343414 382.152802 -92.965103 2.000000 
-446.336914 382.876404 -93.203598 2.000000 
-446.310394 382.923401 -93.250702 2.000000 
-445.873108 383.653107 -93.419098 2.000000 
-446.722900 384.230591 -93.708702 2.000000 
-446.428009 384.933105 -93.940498 2.000000 
-446.586304 385.100800 -94.089897 2.000000 
-446.336487 385.426788 -94.189598 2.000000 
-446.322906 386.236694 -94.509102 2.000000 
-446.202515 386.597290 -94.582497 2.000000 
-446.578308 386.982697 -94.795998 2.000000 
-446.249512 387.858887 -95.118103 2.000000 
-446.208588 388.561890 -95.353798 2.000000 
-446.492310 388.841888 -95.504700 2.000000 
-446.387299 389.246704 -95.600601 2.000000 
-446.482086 389.742615 -95.881302 2.000000 
-446.217590 390.403595 -96.149399 2.000000 
-446.434998 390.729889 -96.178101 2.000000 
-446.506409 391.362610 -96.564003 2.000000 
-446.296112 391.809814 -96.654701 2.000000 
-446.314789 392.369110 -96.813202 2.000000 
-446.292908 392.624512 -96.952499 2.000000 
-446.592102 393.244690 -97.293999 2.000000 
-446.753387 393.894501 -97.460197 2.000000 
-446.335602 394.423096 -97.693802 2.000000 
-446.233002 394.726501 -97.790901 2.000000 
-446.350800 395.368805 -97.970596 2.000000 
-446.888489 395.891205 -98.262802 2.000000 
-446.282288 396.509003 -98.492897 2.000000 
-446.482300 396.888397 -98.572899 2.000000 
-446.373199 397.206696 -98.812202 2.000000 
-446.547211 397.601501 -98.907097 2.000000 
-446.254913 398.431885 -99.164497 2.000000 
-446.646393 398.929596 -99.495499 2.000000 
-446.233002 399.455902 -99.658699 2.000000 
-446.660187 399.866791 -99.740196 2.000000 
-446.433807 400.509705 -100.011902 2.000000 
-446.546112 401.046906 -100.185898 2.000000 
-446.399506 401.399109 -100.380798 2.000000 
-446.560608 401.814301 -100.479202 2.000000 
-446.534210 402.433105 -100.782898 2.000000 
-446.323792 402.755402 -100.827904 2.000000 
-446.343811 403.286011 -101.137001 2.000000 
-446.515503 403.838989 -101.330299 2.000000 
-446.417603 404.632202 -101.590698 2.000000 
-446.597198 405.153900 -101.807503 2.000000 
-446.683899 405.549896 -102.029800 2.000000 
-446.608887 405.843689 -102.159698 2.000000 
-446.410889 406.455811 -102.282600 2.000000 
-446.231293 406.954407 -102.460899 2.000000 
-446.542603 407.854706 -102.778099 2.000000 
-446.152100 408.189301 -102.959602 2.000000 
-446.909485 408.620300 -103.174599 2.000000 
-446.286285 408.791107 -103.168297 2.000000 
-446.725403 409.491211 -103.561096 2.000000 
-446.667603 410.091400 -103.765198 2.000000 
-446.542206 410.652588 -103.851402 2.000000 
-446.528198 411.184113 -104.058296 2.000000 
-446.469391 411.686310 -104.236198 2.000000 
-446.417206 412.215912 -104.548401 2.000000 
-446.448608 412.914612 -104.768402 2.000000 
-446.448303 413.371002 -104.938004 2.000000 
-446.250397 413.922913 -105.128304 2.000000 
-446.190613 414.220612 -105.212196 2.000000 
-446.367096 414.323395 -105.326302 2.000000 
-446.792999 415.057587 -105.622597 2.000000 
-446.421112 415.747711 -105.796997 2.000000 
-446.464600 416.069305 -105.907898 2.000000 
-446.335114 416.709808 -106.221100 2.000000 
-446.804993 417.155487 -106.395699 2.000000 
-446.533295 417.867004 -106.679703 2.000000 
-446.487488 418.007996 -106.723999 2.000000 
-446.391205 418.546997 -106.890198 2.000000 
-446.224792 419.327515 -107.152603 2.000000 
-446.539795 419.829803 -107.339600 2.000000 
-446.631805 420.419891 -107.674500 2.000000 
-446.537415 420.863007 -107.854797 2.000000 
-446.420105 421.154510 -107.836098 2.000000 
-446.388611 421.854614 -108.138298 2.000000 
-446.538086 422.245300 -108.253601 2.000000 
-446.501190 422.616913 -108.409401 2.000000 
-446.249207 423.474487 -108.701897 2.000000 
-446.084991 423.866913 -108.953300 2.000000 
-446.569397 424.346008 -109.097099 2.000000 
-446.717590 425.216705 -109.410202 2.000000 
-446.281494 425.575592 -109.537399 2.000000 
-446.559204 425.971008 -109.740303 2.000000 
-446.372406 426.656189 -109.953300 2.000000 
-446.579407 426.734497 -109.972397 2.000000 
-446.358093 427.735901 -110.405899 2.000000 
-446.572906 428.088104 -110.468803 2.000000 
-446.689606 428.268585 -110.652199 2.000000 
-446.264587 428.669403 -110.742104 2.000000 
-446.430115 429.438385 -110.988899 2.000000 
-446.436493 429.833191 -111.104202 2.000000 
-446.193390 430.509186 -111.457703 2.000000 
-446.322815 430.961212 -111.524803 2.000000 
-446.415588 431.561615 -111.860703 2.000000 
-446.259003 432.207611 -112.069099 2.000000 
-446.538696 432.473785 -112.157097 2.000000 
-446.193207 432.976288 -112.342201 2.000000 
-446.466492 433.642914 -112.581497 2.000000 
-446.520905 433.861206 -112.668503 2.000000 
-446.133301 434.216614 -112.774803 2.000000 
-446.527802 434.769287 -113.076202 2.000000 
-446.289093 435.600098 -113.336800 2.000000 
-446.584686 435.901306 -113.532700 2.000000 
-446.430695 436.469391 -113.628197 2.000000 
-446.524597 436.846893 -113.826797 2.000000 
-446.489502 437.622314 -114.134003 2.000000 
-446.304291 438.024414 -114.172600 2.000000 
-446.393585 438.821411 -114.479698 2.000000 
-446.370697 438.771393 -114.585602 2.000000 
-446.345612 439.511414 -114.789398 2.000000 
-446.760590 440.089691 -114.980904 2.000000 
-446.401001 440.740997 -115.267700 2.000000 
-446.749207 441.396606 -115.587799 2.000000 
-446.717987 441.596191 -115.555199 2.000000 
-446.700989 441.821594 -115.625702 2.000000 
-446.644897 442.519592 -115.972000 2.000000 
-446.549194 443.137909 -116.209702 2.000000 
-446.611511 443.666901 -116.422699 2.000000 
-446.390106 444.162903 -116.462196 2.000000 
-445.877686 365.332489 -86.291901 2.000000 
-445.792999 365.815308 -86.426697 2.000000 
-445.928497 366.431091 -86.690804 2.000000 
-446.121399 366.883911 -86.986504 2.000000 
-446.145508 367.113098 -86.953400 2.000000 
-446.033905 367.706512 -87.177597 2.000000 
-446.133911 368.503113 -87.530800 2.000000 
-445.721985 368.835205 -87.708900 2.000000 
-446.015198 369.470398 -87.896797 2.000000 
-445.822601 369.988312 -88.172501 2.000000 
-445.812500 370.302490 -88.216499 2.000000 
-445.775299 370.913086 -88.515999 2.000000 
-446.003204 371.199890 -88.624001 2.000000 
-446.155914 371.679810 -88.803200 2.000000 
-445.865295 372.584686 -89.091301 2.000000 
-445.731689 373.105896 -89.364502 2.000000 
-445.920685 373.348389 -89.417999 2.000000 
-445.932098 373.965790 -89.656502 2.000000 
-445.994507 374.815704 -90.026703 2.000000 
-446.068512 375.015411 -90.105904 2.000000 
-445.576904 375.283691 -90.209602 2.000000 
-445.593811 375.977905 -90.489601 2.000000 
-445.919891 376.674286 -90.770401 2.000000 
-445.792297 377.002686 -90.934601 2.000000 
-446.173309 377.533508 -91.121201 2.000000 
-445.826691 377.853210 -91.252098 2.000000 
-445.816711 378.427307 -91.452103 2.000000 
-446.031403 379.178497 -91.713799 2.000000 
-446.022705 379.864014 -91.936600 2.000000 
-446.041992 380.082306 -92.037598 2.000000 
-445.774200 380.606415 -92.299400 2.000000 
-445.957001 381.389496 -92.528603 2.000000 
-446.291901 381.488403 -92.655403 2.000000 
-446.013611 382.027802 -92.834900 2.000000 
-445.903198 382.829407 -93.076401 2.000000 
-446.044708 383.320007 -93.322601 2.000000 
-445.765900 383.675812 -93.441597 2.000000 
-445.829987 384.294098 -93.640800 2.000000 
-446.077515 384.689606 -93.863197 2.000000 
-446.123505 385.071808 -94.043404 2.000000 
-446.042694 385.690399 -94.199501 2.000000 
-446.179993 386.308197 -94.506599 2.000000 
-445.796112 386.396606 -94.542801 2.000000 
-445.880493 387.372101 -94.846802 2.000000 
-445.721191 387.768799 -95.084999 2.000000 
-445.950409 388.110199 -95.163002 2.000000 
-445.924988 388.472504 -95.282204 2.000000 
-445.803497 389.265594 -95.624901 2.000000 
-446.048401 389.558594 -95.808098 2.000000 
-445.928986 390.360413 -96.026604 2.000000 
-445.816711 390.808411 -96.255997 2.000000 
-445.783600 391.361786 -96.419197 2.000000 
-445.683899 391.855103 -96.589897 2.000000 
-445.894806 392.105194 -96.725899 2.000000 
-445.866302 392.614197 -96.981796 2.000000 
-445.954590 393.238098 -97.221802 2.000000 
-445.826385 393.868195 -97.351601 2.000000 
-446.020508 394.519592 -97.688599 2.000000 
-445.799194 394.864014 -97.802902 2.000000 
-445.846710 395.691406 -98.046600 2.000000 
-445.917908 395.826294 -98.230499 2.000000 
-446.171906 396.226715 -98.415604 2.000000 
-445.701813 397.023010 -98.571198 2.000000 
-445.930511 397.379089 -98.829498 2.000000 
-446.071594 398.179108 -99.032303 2.000000 
-446.205414 398.800995 -99.336502 2.000000 
-445.980591 398.817291 -99.374100 2.000000 
-445.801788 399.152496 -99.442398 2.000000 
-445.872803 400.174408 -99.917198 2.000000 
-445.718109 400.311188 -99.879402 2.000000 
-445.644897 400.910187 -100.136803 2.000000 
-445.843597 401.290192 -100.219200 2.000000 
-446.076691 402.020294 -100.513298 2.000000 
-445.969604 402.162598 -100.684402 2.000000 
-445.911896 402.948914 -100.947701 2.000000 
-446.054199 403.599304 -101.173599 2.000000 
-445.906311 403.771515 -101.237396 2.000000 
-445.908203 404.470886 -101.564102 2.000000 
-446.062500 405.061188 -101.679802 2.000000 
-445.934692 405.561401 -101.905602 2.000000 
-445.846313 405.988403 -102.016701 2.000000 
-445.979797 406.376312 -102.298302 2.000000 
-445.785706 407.263611 -102.498497 2.000000 
-445.750092 407.340607 -102.647797 2.000000 
-445.980988 407.895111 -102.840103 2.000000 
-445.891388 408.605286 -103.138802 2.000000 
-446.047211 408.812408 -103.149200 2.000000 
-445.808807 409.495087 -103.363800 2.000000 
-446.068909 410.247192 -103.725700 2.000000 
-445.918701 410.779785 -103.941200 2.000000 
-445.858704 411.564209 -104.189400 2.000000 
-446.095795 411.953613 -104.311302 2.000000 
-446.135986 412.103790 -104.460999 2.000000 
-445.902100 412.721313 -104.708801 2.000000 
-445.817993 413.168793 -104.767998 2.000000 
-446.323486 413.968597 -105.241096 2.000000 
-446.044800 414.027496 -105.205299 2.000000 
-446.110504 414.688293 -105.409500 2.000000 
-445.734985 415.047699 -105.547501 2.000000 
-445.826202 415.759888 -105.793701 2.000000 
-445.875397 416.155212 -106.036301 2.000000 
-446.002197 416.915802 -106.245003 2.000000 
-445.800507 417.286804 -106.386398 2.000000 
-445.838989 417.836212 -106.529900 2.000000 
-445.803894 418.032806 -106.600899 2.000000 
-446.219788 418.614197 -106.944901 2.000000 
-445.822998 419.032288 -107.018997 2.000000 
-445.774200 419.645294 -107.237999 2.000000 
-446.089813 420.319885 -107.607201 2.000000 
-445.820007 420.965088 -107.736099 2.000000 
-446.069092 421.438995 -108.007896 2.000000 
-446.174896 421.785309 -108.079903 2.000000 
-445.845398 422.392609 -108.251900 2.000000 
-445.674713 422.881714 -108.560097 2.000000 
-445.748688 423.346985 -108.679604 2.000000 
-445.954803 423.779694 -108.908203 2.000000 
-445.487915 424.059387 -108.856102 2.000000 
-446.357697 425.350800 -109.485199 2.000000 
-445.821991 425.276886 -109.474800 2.000000 
-445.534485 425.916595 -109.570099 2.000000 
-446.044312 426.886414 -110.056801 2.000000 
-445.853394 426.818512 -109.964996 2.000000 
-446.074707 427.141693 -110.096199 2.000000 
-445.717010 427.992401 -110.356499 2.000000 
-445.727295 428.288513 -110.568497 2.000000 
-446.036713 429.090088 -110.876801 2.000000 
-445.884003 429.217896 -110.875504 2.000000 
-445.594910 429.951904 -111.092499 2.000000 
-445.916199 430.374512 -111.292999 2.000000 
-446.260101 430.969299 -111.558701 2.000000 
-446.003693 431.484894 -111.772102 2.000000 
-446.149200 431.798798 -111.950798 2.000000 
-445.734589 432.672089 -112.209602 2.000000 
-445.778412 433.099213 -112.325302 2.000000 
-445.567505 433.784485 -112.599403 2.000000 
-446.086304 434.166901 -112.807800 2.000000 
-446.034912 434.204895 -112.776001 2.000000 
-446.032196 435.054108 -113.105904 2.000000 
-445.647491 435.920013 -113.405197 2.000000 
-446.080688 436.312012 -113.627296 2.000000 
-445.809906 436.572205 -113.629402 2.000000 
-445.934692 437.161011 -113.806503 2.000000 
-445.765015 437.500702 -113.960403 2.000000 
-445.898193 437.983490 -114.162399 2.000000 
-445.505096 438.370514 -114.306999 2.000000 
-445.846008 438.993500 -114.614700 2.000000 
-445.995392 439.604614 -114.792603 2.000000 
-446.255310 440.156097 -114.963203 2.000000 
-445.755310 440.679993 -115.229797 2.000000 
-445.852692 440.977600 -115.292198 2.000000 
-446.131287 441.554901 -115.586403 2.000000 
-445.962097 442.218109 -115.716202 2.000000 
-446.091187 442.608612 -115.971603 2.000000 
-445.846802 443.223511 -116.111801 2.000000 
-445.749603 443.517303 -116.234901 2.000000 
-445.811615 444.171692 -116.463501 2.000000 
-445.090698 365.529205 -86.282501 2.000000 
-445.355103 365.869690 -86.405602 2.000000 
-445.509705 366.901794 -86.919098 2.000000 
-445.728088 366.746704 -86.883202 2.000000 
-445.148712 367.199005 -86.913101 2.000000 
-445.416290 367.769104 -87.257202 2.000000 
-445.303986 367.941803 -87.227203 2.000000 
-445.347290 368.738586 -87.546898 2.000000 
-445.505493 369.924713 -88.085297 2.000000 
-445.252686 369.805603 -87.940102 2.000000 
-445.014313 370.369385 -88.234497 2.000000 
-445.520691 370.998993 -88.562202 2.000000 
-445.595703 371.730194 -88.828102 2.000000 
-445.426086 372.148102 -88.870598 2.000000 
-445.312988 372.378815 -89.007004 2.000000 
-445.183197 373.320007 -89.347000 2.000000 
-445.499207 373.167694 -89.382797 2.000000 
-445.214905 374.108398 -89.754898 2.000000 
-445.562897 374.235687 -89.788101 2.000000 
-445.852692 375.072296 -90.115501 2.000000 
-445.327789 375.199097 -90.163803 2.000000 
-445.370300 376.322906 -90.634804 2.000000 
-445.603790 376.351013 -90.553497 2.000000 
-445.415009 377.011414 -90.794800 2.000000 
-445.284088 377.625885 -91.083000 2.000000 
-445.587708 378.105988 -91.269402 2.000000 
-445.428009 377.986908 -91.149101 2.000000 
-445.341888 379.002106 -91.630898 2.000000 
-445.253906 379.757690 -91.888100 2.000000 
-445.385498 379.998810 -92.013802 2.000000 
-445.240601 380.678711 -92.207603 2.000000 
-445.230591 381.231201 -92.520599 2.000000 
-445.387207 381.489410 -92.588600 2.000000 
-445.905792 382.018890 -92.811699 2.000000 
-445.490906 382.554993 -92.972000 2.000000 
-445.304688 382.950714 -93.140602 2.000000 
-445.206787 383.808105 -93.390900 2.000000 
-445.651306 384.148987 -93.642799 2.000000 
-445.503998 384.750793 -93.876701 2.000000 
-445.376007 385.190399 -94.012398 2.000000 
-445.117706 385.798798 -94.171303 2.000000 
-445.324097 385.894409 -94.338203 2.000000 
-445.606506 386.633209 -94.653900 2.000000 
-445.545105 387.046600 -94.809196 2.000000 
-445.360199 387.793396 -94.993202 2.000000 
-445.540100 388.421387 -95.240501 2.000000 
-445.688507 388.930206 -95.523499 2.000000 
-445.544312 389.303314 -95.642799 2.000000 
-445.430115 389.717499 -95.842903 2.000000 
-445.833801 390.431000 -96.039299 2.000000 
-445.851013 390.710907 -96.242104 2.000000 
-445.287292 391.070099 -96.345200 2.000000 
-445.432495 391.736786 -96.498901 2.000000 
-445.370392 392.237793 -96.770897 2.000000 
-445.456512 393.024109 -97.105499 2.000000 
-445.371307 393.355499 -97.152496 2.000000 
-445.375488 393.721405 -97.282303 2.000000 
-445.501007 394.502502 -97.688400 2.000000 
-445.251892 395.023102 -97.816597 2.000000 
-445.477509 395.313599 -97.964699 2.000000 
-445.247498 395.881104 -98.073303 2.000000 
-445.323914 396.144897 -98.271698 2.000000 
-445.359009 396.873291 -98.587502 2.000000 
-445.502502 397.622589 -98.843102 2.000000 
-445.460999 397.978210 -98.894897 2.000000 
-445.605804 398.173096 -99.096603 2.000000 
-445.346497 398.904602 -99.380203 2.000000 
-445.378815 399.179504 -99.400200 2.000000 
-445.424988 399.799805 -99.737503 2.000000 
-445.359100 400.390289 -99.833900 2.000000 
-445.141296 400.919312 -100.059898 2.000000 
-445.559998 401.520294 -100.338997 2.000000 
-445.200104 401.928192 -100.508003 2.000000 
-445.427887 402.228607 -100.612099 2.000000 
-445.601898 402.965607 -100.903702 2.000000 
-445.140289 403.583008 -101.153801 2.000000 
-445.143402 403.968994 -101.290901 2.000000 
-445.302307 404.649506 -101.530800 2.000000 
-445.404785 405.030701 -101.713501 2.000000 
-445.471893 405.391388 -101.747002 2.000000 
-445.243896 405.968811 -101.988899 2.000000 
-445.756805 406.639496 -102.341797 2.000000 
-445.199799 406.796295 -102.344597 2.000000 
-445.526306 407.713593 -102.712601 2.000000 
-445.384186 408.082214 -102.834900 2.000000 
-445.541290 408.731506 -103.071701 2.000000 
-445.404999 409.303894 -103.271004 2.000000 
-445.415985 409.726105 -103.534698 2.000000 
-445.828094 410.124390 -103.733101 2.000000 
-445.404602 410.314301 -103.741898 2.000000 
-445.327087 411.145203 -104.068199 2.000000 
-445.690796 411.614288 -104.201797 2.000000 
-445.320496 412.438812 -104.567902 2.000000 
-445.206696 412.771515 -104.583603 2.000000 
-444.976807 413.396515 -104.843002 2.000000 
-445.816315 413.698212 -104.961197 2.000000 
-445.643799 414.309692 -105.177597 2.000000 
-445.384888 414.712006 -105.375397 2.000000 
-445.387787 415.079590 -105.448700 2.000000 
-445.456512 415.540985 -105.679100 2.000000 
-445.316711 416.150299 -105.963799 2.000000 
-445.400604 416.638611 -106.175301 2.000000 
-445.292908 417.306305 -106.350800 2.000000 
-445.364807 417.949402 -106.661102 2.000000 
-445.157410 418.028992 -106.573402 2.000000 
-445.422394 418.890900 -106.965500 2.000000 
-445.660400 419.128998 -107.079201 2.000000 
-445.435486 419.511108 -107.219299 2.000000 
-445.402405 420.501404 -107.511497 2.000000 
-445.520508 420.887604 -107.704102 2.000000 
-445.474396 421.139709 -107.848297 2.000000 
-445.214386 421.938507 -108.137398 2.000000 
-445.064301 422.413208 -108.236000 2.000000 
-445.404694 422.718597 -108.362396 2.000000 
-445.592010 423.379303 -108.725899 2.000000 
-445.511200 423.418304 -108.617500 2.000000 
-445.687408 424.231506 -109.000099 2.000000 
-445.335510 424.832001 -109.242500 2.000000 
-445.603210 425.129791 -109.365097 2.000000 
-445.367401 425.835388 -109.656097 2.000000 
-445.254211 426.740295 -109.934402 2.000000 
-445.449890 426.739990 -109.936501 2.000000 
-445.314301 427.523010 -110.284798 2.000000 
-445.710297 427.883698 -110.447998 2.000000 
-445.511200 428.771698 -110.735603 2.000000 
-445.577698 428.752197 -110.688904 2.000000 
-445.430511 429.251495 -110.862701 2.000000 
-445.791687 430.198090 -111.262703 2.000000 
-445.458710 430.514709 -111.298897 2.000000 
-445.239990 430.937286 -111.553200 2.000000 
-445.314209 431.510101 -111.753098 2.000000 
-445.361603 431.966492 -111.840500 2.000000 
-445.552002 432.508698 -112.078903 2.000000 
-445.448212 432.972809 -112.204803 2.000000 
-445.437408 433.519104 -112.408997 2.000000 
-445.347290 434.122711 -112.649399 2.000000 
-445.550690 434.306000 -112.740700 2.000000 
-445.608612 435.173401 -113.053802 2.000000 
-445.466888 435.729401 -113.338699 2.000000 
-445.651703 436.338715 -113.474899 2.000000 
-445.360992 436.448303 -113.546700 2.000000 
-445.643494 437.079895 -113.752502 2.000000 
-445.319214 437.806885 -114.076897 2.000000 
-445.598114 438.329407 -114.335197 2.000000 
-445.319702 438.406708 -114.224998 2.000000 
-445.222900 438.797485 -114.390297 2.000000 
-445.282410 439.627197 -114.684799 2.000000 
-445.423187 440.048798 -114.915604 2.000000 
-445.453491 440.664001 -115.125298 2.000000 
-445.468994 440.955200 -115.179901 2.000000 
-445.203491 441.719299 -115.463097 2.000000 
-445.566193 442.053101 -115.722000 2.000000 
-445.268097 442.226715 -115.729698 2.000000 
-445.380402 443.260498 -116.118599 2.000000 
-445.361298 443.442505 -116.193802 2.000000 
-445.692200 444.184204 -116.392097 2.000000 
-445.021606 365.412689 -86.228500 2.000000 
-445.064087 366.212402 -86.585602 2.000000 
-444.593903 366.096802 -86.432503 2.000000 
-445.031097 366.895905 -86.870003 2.000000 
-444.721497 367.325195 -86.952797 2.000000 
-445.131805 367.805206 -87.215599 2.000000 
-444.807404 368.326294 -87.426102 2.000000 
-444.853088 368.623993 -87.539001 2.000000 
-444.822510 369.328613 -87.709099 2.000000 
-444.871399 369.988586 -87.987801 2.000000 
-445.277588 370.193207 -88.099701 2.000000 
-445.053101 370.872192 -88.432800 2.000000 
-444.826202 371.103699 -88.508698 2.000000 
-444.840607 372.044098 -88.890602 2.000000 
-444.776886 372.426605 -88.991699 2.000000 
-444.762207 372.735291 -89.160698 2.000000 
-444.890015 373.578003 -89.467102 2.000000 
-444.704498 374.007111 -89.581802 2.000000 
-444.915497 374.559692 -89.843597 2.000000 
-444.759613 375.377289 -90.173500 2.000000 
-444.735291 375.284790 -90.152000 2.000000 
-445.024506 376.182800 -90.445297 2.000000 
-444.897308 376.514587 -90.619598 2.000000 
-444.915192 377.415405 -90.899696 2.000000 
-444.697388 377.313293 -90.921097 2.000000 
-445.195007 378.236298 -91.227699 2.000000 
-444.548798 378.799591 -91.386101 2.000000 
-444.961090 378.927887 -91.530899 2.000000 
-445.039886 380.010895 -91.981003 2.000000 
-444.691803 380.290405 -92.023598 2.000000 
-444.797211 380.612000 -92.133400 2.000000 
-444.976715 381.016510 -92.286499 2.000000 
-444.578186 381.926514 -92.649101 2.000000 
-444.886505 382.107788 -92.779297 2.000000 
-444.952087 382.309814 -92.916603 2.000000 
-444.753510 383.438812 -93.222397 2.000000 
-444.953613 383.521606 -93.350304 2.000000 
-444.966492 384.084290 -93.616798 2.000000 
-444.935913 384.620514 -93.761299 2.000000 
-445.074402 385.113586 -93.944504 2.000000 
-444.902893 385.557312 -94.066803 2.000000 
-445.120911 386.740204 -94.636101 2.000000 
-445.040192 386.304504 -94.485802 2.000000 
-445.108795 387.057892 -94.672302 2.000000 
-445.083405 387.769409 -95.015198 2.000000 
-445.148193 388.505005 -95.266098 2.000000 
-444.889008 388.526794 -95.202202 2.000000 
-444.868805 389.141205 -95.524803 2.000000 
-444.948395 390.007690 -95.871300 2.000000 
-444.888794 390.035187 -95.785599 2.000000 
-444.845001 390.736511 -96.139000 2.000000 
-444.510101 391.632996 -96.441399 2.000000 
-445.161987 391.651611 -96.538902 2.000000 
-444.662201 392.016388 -96.587303 2.000000 
-445.013000 392.818115 -96.889702 2.000000 
-445.083893 393.371490 -97.102600 2.000000 
-444.912598 394.025299 -97.348701 2.000000 
-444.870087 394.422394 -97.490303 2.000000 
-445.022797 395.024689 -97.859497 2.000000 
-445.074097 395.484406 -98.048203 2.000000 
-444.625092 396.063110 -98.167099 2.000000 
-444.821594 396.331787 -98.238899 2.000000 
-444.683685 396.898895 -98.469398 2.000000 
-444.812286 397.301514 -98.674797 2.000000 
-444.945892 397.812897 -98.885399 2.000000 
-444.786804 398.490906 -99.100098 2.000000 
-444.777710 398.988403 -99.279503 2.000000 
-444.880096 399.154785 -99.302299 2.000000 
-445.000610 399.825500 -99.634804 2.000000 
-444.923004 400.157104 -99.801201 2.000000 
-444.919098 400.733795 -100.044998 2.000000 
-444.803711 401.377411 -100.160896 2.000000 
-445.116302 402.188202 -100.622200 2.000000 
-444.967804 402.367004 -100.542900 2.000000 
-444.795197 402.931213 -100.776802 2.000000 
-444.929993 403.761993 -101.161499 2.000000 
-444.732910 404.074707 -101.234497 2.000000 
-445.177490 404.554199 -101.400803 2.000000 
-444.773499 404.916809 -101.578499 2.000000 
-445.011414 405.479706 -101.811798 2.000000 
-444.735596 405.834290 -101.932701 2.000000 
-444.915985 406.472992 -102.246803 2.000000 
-444.819305 407.045105 -102.422501 2.000000 
-445.046906 407.479004 -102.522697 2.000000 
-444.832092 407.955597 -102.713997 2.000000 
-444.859802 408.631592 -103.085297 2.000000 
-445.128387 408.941803 -103.223503 2.000000 
-445.053802 409.312286 -103.226601 2.000000 
-444.646301 409.897888 -103.518700 2.000000 
-444.717896 410.519806 -103.750504 2.000000 
-444.947693 410.993408 -103.943604 2.000000 
-444.864288 411.530304 -104.175598 2.000000 
-444.852997 411.988007 -104.222000 2.000000 
-444.765900 412.664703 -104.479401 2.000000 
-445.162598 412.922607 -104.638802 2.000000 
-444.831390 413.639709 -104.902603 2.000000 
-444.698303 414.200806 -105.176697 2.000000 
-444.739288 414.856201 -105.440498 2.000000 
-444.561005 415.076691 -105.489098 2.000000 
-444.786591 415.561188 -105.712898 2.000000 
-444.948486 415.935089 -105.731300 2.000000 
-445.242706 416.594513 -106.077904 2.000000 
-444.828888 417.615692 -106.378899 2.000000 
-444.857086 417.659302 -106.411499 2.000000 
-444.546692 418.424500 -106.666901 2.000000 
-444.655701 418.616302 -106.724998 2.000000 
-444.752014 419.260193 -106.986702 2.000000 
-444.797913 419.980591 -107.402603 2.000000 
-444.845093 420.114594 -107.386497 2.000000 
-444.764587 420.318207 -107.396301 2.000000 
-444.711090 421.490204 -107.965103 2.000000 
-444.772491 421.696686 -107.906197 2.000000 
-444.848999 421.869202 -107.980003 2.000000 
-444.831085 422.948914 -108.508102 2.000000 
-444.640289 423.201813 -108.564598 2.000000 
-444.830597 423.712891 -108.793999 2.000000 
-444.836792 424.280090 -108.925797 2.000000 
-445.206085 424.878815 -109.205200 2.000000 
-444.727509 425.553986 -109.464600 2.000000 
-444.835297 425.808807 -109.601997 2.000000 
-445.149506 426.309113 -109.717102 2.000000 
-445.126709 426.753387 -109.927803 2.000000 
-444.682495 427.307098 -110.133698 2.000000 
-444.722290 428.153687 -110.369698 2.000000 
-445.027496 428.088806 -110.360802 2.000000 
-445.020508 428.879211 -110.644203 2.000000 
-445.229614 429.250305 -110.798401 2.000000 
-445.252899 430.033386 -111.143303 2.000000 
-444.744385 430.460999 -111.311600 2.000000 
-444.935303 430.963501 -111.418701 2.000000 
-444.637909 431.759613 -111.767097 2.000000 
-444.936615 431.873291 -111.760803 2.000000 
-444.861603 432.395508 -112.049896 2.000000 
-445.020111 432.944000 -112.296600 2.000000 
-445.076508 433.342407 -112.433899 2.000000 
-445.114807 433.895996 -112.569199 2.000000 
-445.048492 434.380188 -112.745697 2.000000 
-444.923309 435.079102 -113.048897 2.000000 
-445.031891 435.674591 -113.299400 2.000000 
-444.754303 436.005615 -113.322502 2.000000 
-444.985687 436.453888 -113.569702 2.000000 
-444.843109 437.112396 -113.696503 2.000000 
-444.892090 437.717407 -113.984100 2.000000 
-444.896515 438.275085 -114.240196 2.000000 
-445.269104 438.630188 -114.379997 2.000000 
-444.804810 439.100189 -114.492401 2.000000 
-445.181488 439.381409 -114.658401 2.000000 
-444.994202 440.253906 -115.001099 2.000000 
-444.955200 440.692200 -115.132202 2.000000 
-445.050812 441.054413 -115.228203 2.000000 
-445.305603 441.607208 -115.457497 2.000000 
-444.844696 442.109314 -115.622704 2.000000 
-444.817200 442.737213 -115.821297 2.000000 
-444.658600 442.954803 -115.872398 2.000000 
-445.010010 443.972412 -116.347198 2.000000 
-444.550995 365.499786 -86.252502 2.000000 
-444.299011 366.013794 -86.493599 2.000000 
-444.329193 366.092804 -86.467003 2.000000 
-444.263214 366.995697 -86.751297 2.000000 
-444.297089 367.267395 -86.918297 2.000000 
-444.602692 367.876099 -87.146301 2.000000 
-444.852386 368.486786 -87.440804 2.000000 
-444.454407 369.131989 -87.698601 2.000000 
-444.219086 369.232697 -87.752098 2.000000 
-444.445709 369.544891 -87.901001 2.000000 
-444.536407 370.582092 -88.265198 2.000000 
-444.872498 370.755005 -88.408096 2.000000 
-444.392792 371.688507 -88.725304 2.000000 
-444.378113 372.033905 -88.788902 2.000000 
-444.346313 372.436401 -88.960899 2.000000 
-444.407593 372.710297 -89.012703 2.000000 
-444.462708 373.315094 -89.294296 2.000000 
-444.317810 374.012299 -89.559601 2.000000 
-444.112793 374.667908 -89.833199 2.000000 
-444.682709 374.660492 -89.909203 2.000000 
-444.609985 375.559906 -90.216103 2.000000 
-444.567108 375.949188 -90.421097 2.000000 
-444.554993 376.422089 -90.585899 2.000000 
-444.172913 376.853912 -90.641800 2.000000 
-444.357208 377.493591 -90.943901 2.000000 
-444.376709 378.143890 -91.209297 2.000000 
-444.541199 378.384613 -91.305199 2.000000 
-444.691315 379.038208 -91.568901 2.000000 
-444.332397 379.653809 -91.763802 2.000000 
-444.338806 380.159088 -92.037003 2.000000 
-444.381104 380.648102 -92.206802 2.000000 
-444.613007 380.873413 -92.211197 2.000000 
-444.538086 381.719788 -92.596397 2.000000 
-444.324707 382.346985 -92.760300 2.000000 
-444.289795 382.698608 -92.908203 2.000000 
-444.282806 383.145691 -93.081398 2.000000 
-444.807800 383.790009 -93.435402 2.000000 
-444.202606 384.209991 -93.555298 2.000000 
-444.272797 384.513611 -93.616699 2.000000 
-444.673187 385.137512 -93.946602 2.000000 
-444.273285 385.911011 -94.197098 2.000000 
-444.410706 386.459900 -94.433899 2.000000 
-444.314392 386.539215 -94.397903 2.000000 
-444.355286 387.197388 -94.725601 2.000000 
-444.457703 387.751892 -94.919502 2.000000 
-444.757385 388.374115 -95.157097 2.000000 
-444.514313 388.584106 -95.299004 2.000000 
-444.319000 389.042999 -95.412201 2.000000 
-444.281311 389.765198 -95.688400 2.000000 
-444.282104 390.056793 -95.759201 2.000000 
-444.347992 390.885590 -96.110298 2.000000 
-444.896393 391.127014 -96.287498 2.000000 
-444.067108 391.813110 -96.504601 2.000000 
-444.514008 392.195190 -96.709900 2.000000 
-444.571808 392.891510 -96.888397 2.000000 
-444.251709 393.347290 -97.095398 2.000000 
-443.990601 393.753387 -97.159897 2.000000 
-444.506409 394.101196 -97.436203 2.000000 
-444.370392 394.904694 -97.701797 2.000000 
-444.172791 395.236115 -97.833603 2.000000 
-444.130310 395.789795 -98.045097 2.000000 
-444.534485 396.565186 -98.412804 2.000000 
-444.286194 396.967010 -98.501900 2.000000 
-444.484894 397.276215 -98.616402 2.000000 
-444.560913 397.930389 -98.918900 2.000000 
-444.614014 398.372894 -99.066597 2.000000 
-444.434601 398.976990 -99.318497 2.000000 
-444.347504 399.481293 -99.430702 2.000000 
-444.438507 399.800690 -99.583900 2.000000 
-444.285492 400.419189 -99.800003 2.000000 
-444.454803 401.220795 -100.075302 2.000000 
-444.312897 401.594604 -100.213799 2.000000 
-444.598114 401.905792 -100.378899 2.000000 
-444.092712 402.481293 -100.571999 2.000000 
-444.623108 402.726807 -100.703598 2.000000 
-444.318207 403.232697 -100.906403 2.000000 
-444.240601 404.196686 -101.235100 2.000000 
-444.188507 404.650513 -101.383400 2.000000 
-444.363586 405.123596 -101.664200 2.000000 
-443.928986 405.618591 -101.804604 2.000000 
-444.494507 406.140503 -102.079597 2.000000 
-444.418213 406.472412 -102.217102 2.000000 
-444.241302 406.988495 -102.306702 2.000000 
-444.651398 407.633087 -102.643600 2.000000 
-444.446411 408.273590 -102.869301 2.000000 
-444.190704 408.450592 -102.865799 2.000000 
-444.364685 409.048889 -103.066101 2.000000 
-444.311188 409.718201 -103.354897 2.000000 
-444.458801 410.425293 -103.642097 2.000000 
-444.421295 410.431488 -103.600899 2.000000 
-444.215088 410.928802 -103.843300 2.000000 
-444.351410 411.694885 -104.103401 2.000000 
-444.292603 412.046906 -104.277397 2.000000 
-444.421387 412.652191 -104.578499 2.000000 
-444.416992 413.042511 -104.621696 2.000000 
-444.382690 413.562500 -104.868599 2.000000 
-444.462311 414.101013 -105.089996 2.000000 
-444.343689 414.938995 -105.300797 2.000000 
-444.508911 415.176910 -105.422501 2.000000 
-444.148499 415.409698 -105.473396 2.000000 
-444.551300 416.033295 -105.736099 2.000000 
-444.656403 416.768188 -106.094299 2.000000 
-444.474091 417.168915 -106.179001 2.000000 
-444.105988 417.711304 -106.451599 2.000000 
-444.370087 418.254486 -106.625298 2.000000 
-443.907104 418.404388 -106.667000 2.000000 
-444.261902 419.109589 -107.024696 2.000000 
-444.309601 419.476196 -107.169502 2.000000 
-444.205902 420.246185 -107.377899 2.000000 
-444.426910 420.453094 -107.446602 2.000000 
-443.952606 421.246399 -107.773697 2.000000 
-444.472687 421.908386 -107.959900 2.000000 
-444.652008 421.988586 -108.024300 2.000000 
-444.417999 422.635590 -108.286400 2.000000 
-444.287689 423.243011 -108.485298 2.000000 
-444.399414 423.805908 -108.807297 2.000000 
-443.957214 424.385895 -108.937897 2.000000 
-444.425293 424.913208 -109.221001 2.000000 
-444.439697 425.023712 -109.135696 2.000000 
-444.340393 425.606903 -109.458000 2.000000 
-444.835297 426.427002 -109.755898 2.000000 
-444.384094 426.572113 -109.738098 2.000000 
-444.500305 427.492493 -110.073601 2.000000 
-444.336090 428.327789 -110.445602 2.000000 
-444.485901 428.404907 -110.538597 2.000000 
-444.493103 428.813904 -110.584702 2.000000 
-444.167999 429.627991 -110.982597 2.000000 
-444.624908 429.979614 -111.092903 2.000000 
-444.214905 430.338715 -111.158600 2.000000 
-444.410187 430.631592 -111.365303 2.000000 
-444.333099 431.843292 -111.767502 2.000000 
-444.620911 431.929993 -111.745903 2.000000 
-444.693909 432.437897 -112.013000 2.000000 
-444.239288 432.967987 -112.162498 2.000000 
-444.928894 433.322601 -112.412399 2.000000 
-444.454987 433.807892 -112.547897 2.000000 
-444.754608 434.578186 -112.882896 2.000000 
-444.210693 434.755707 -112.816002 2.000000 
-444.486206 435.534210 -113.168404 2.000000 
-444.544403 436.140900 -113.392197 2.000000 
-444.513489 436.889404 -113.713997 2.000000 
-444.464294 437.225891 -113.849602 2.000000 
-444.312714 437.204315 -113.704803 2.000000 
-444.418091 437.864990 -114.048203 2.000000 
-444.599304 438.654114 -114.265099 2.000000 
-444.159485 439.329102 -114.540901 2.000000 
-444.320496 439.760193 -114.726799 2.000000 
-444.637787 440.335602 -114.886200 2.000000 
-444.534393 440.247406 -114.866997 2.000000 
-444.602997 441.059509 -115.270798 2.000000 
-444.540100 441.338196 -115.344002 2.000000 
-444.454712 442.231506 -115.708298 2.000000 
-444.234589 442.596313 -115.764503 2.000000 
-444.542694 443.299896 -116.033302 2.000000 
-444.519714 443.637299 -116.151100 2.000000 
-444.644714 444.132812 -116.361900 2.000000 
-443.734009 365.292603 -86.060799 2.000000 
-443.794586 365.929504 -86.391502 2.000000 
-444.281799 366.385101 -86.583504 2.000000 
-443.732605 366.765900 -86.620499 2.000000 
-444.212891 367.409485 -87.006302 2.000000 
-444.012207 367.958801 -87.156097 2.000000 
-443.790100 368.591614 -87.387001 2.000000 
-443.870697 369.075806 -87.532097 2.000000 
-444.002197 369.572510 -87.835602 2.000000 
-443.947998 370.177490 -88.005699 2.000000 
-443.800415 370.533295 -88.190399 2.000000 
-444.007294 371.181213 -88.481598 2.000000 
-443.994598 371.200806 -88.443199 2.000000 
-443.962708 371.727203 -88.616699 2.000000 
-443.896790 372.286102 -88.896004 2.000000 
-443.786804 373.198090 -89.188797 2.000000 
-444.199097 373.391205 -89.350304 2.000000 
-444.023193 373.995911 -89.484100 2.000000 
-443.640106 374.526886 -89.700600 2.000000 
-443.920990 374.915985 -89.885597 2.000000 
-443.562286 375.390900 -90.111099 2.000000 
-443.881592 376.094604 -90.405502 2.000000 
-443.896088 376.390198 -90.517097 2.000000 
-443.883209 377.082886 -90.693703 2.000000 
-444.276398 377.425812 -90.884201 2.000000 
-443.746796 378.175903 -91.199799 2.000000 
-443.773590 378.454498 -91.252800 2.000000 
-443.816406 379.074310 -91.515900 2.000000 
-444.010712 379.482697 -91.729202 2.000000 
-443.970612 379.996887 -91.821404 2.000000 
-444.255188 380.553497 -92.119598 2.000000 
-444.136902 381.079987 -92.306198 2.000000 
-443.974091 381.566010 -92.504700 2.000000 
-443.821808 382.144806 -92.736000 2.000000 
-443.831299 382.635803 -92.893997 2.000000 
-443.652893 382.933685 -92.920303 2.000000 
-443.772003 383.789612 -93.402199 2.000000 
-444.442413 384.273499 -93.615799 2.000000 
-444.269714 384.655090 -93.682404 2.000000 
-443.659088 385.182190 -93.845901 2.000000 
-443.723206 385.616608 -94.066002 2.000000 
-443.721191 386.232391 -94.303101 2.000000 
-443.632385 386.687103 -94.386200 2.000000 
-443.665985 387.059998 -94.615303 2.000000 
-443.963013 387.526398 -94.848396 2.000000 
-443.850189 388.464691 -95.215401 2.000000 
-443.844208 388.751312 -95.277702 2.000000 
-444.061310 389.026794 -95.465599 2.000000 
-443.727386 389.743195 -95.704803 2.000000 
-443.957703 390.261414 -95.884804 2.000000 
-444.191803 390.826813 -96.045700 2.000000 
-443.945007 391.280396 -96.254501 2.000000 
-443.877014 392.055786 -96.555199 2.000000 
-443.804291 392.261597 -96.606300 2.000000 
-443.836395 392.659088 -96.734398 2.000000 
-444.013092 393.214813 -97.013901 2.000000 
-443.862305 393.715088 -97.125999 2.000000 
-443.997986 394.412689 -97.475098 2.000000 
-444.017914 394.933594 -97.743500 2.000000 
-443.731812 395.504913 -97.899399 2.000000 
-443.654205 395.998993 -98.040199 2.000000 
-443.535492 396.381195 -98.210899 2.000000 
-443.916595 396.729889 -98.343597 2.000000 
-443.974396 397.545593 -98.695198 2.000000 
-443.864502 397.956085 -98.889397 2.000000 
-443.612091 398.103088 -98.892197 2.000000 
-443.980713 399.069305 -99.324402 2.000000 
-443.994598 399.461090 -99.369301 2.000000 
-443.927795 399.766388 -99.588699 2.000000 
-443.709900 400.331299 -99.784302 2.000000 
-443.949890 400.717407 -99.960800 2.000000 
-443.983887 401.673401 -100.273598 2.000000 
-443.834412 401.885315 -100.404404 2.000000 
-443.826996 401.790588 -100.235497 2.000000 
-444.159607 402.946289 -100.762001 2.000000 
-443.993988 403.419098 -100.933098 2.000000 
-443.902008 403.806702 -101.073196 2.000000 
-444.117188 404.651215 -101.462898 2.000000 
-443.826996 404.883209 -101.554001 2.000000 
-443.794403 405.358887 -101.639297 2.000000 
-443.527588 405.647797 -101.705002 2.000000 
-443.890686 406.685913 -102.199799 2.000000 
-443.883514 406.845398 -102.230103 2.000000 
-444.140198 407.674286 -102.559700 2.000000 
-444.034698 408.041199 -102.787102 2.000000 
-443.678314 408.595886 -102.849197 2.000000 
-443.641113 409.146698 -103.112701 2.000000 
-443.848511 409.426392 -103.218300 2.000000 
-443.856812 409.897888 -103.449203 2.000000 
-443.999603 410.653412 -103.664803 2.000000 
-444.238800 411.235413 -103.881302 2.000000 
-443.916992 411.433502 -103.963402 2.000000 
-443.922485 412.265594 -104.383797 2.000000 
-443.783997 412.918610 -104.632004 2.000000 
-443.854187 413.023010 -104.635399 2.000000 
-443.783386 413.722595 -104.909798 2.000000 
-443.714111 414.084900 -104.958099 2.000000 
-443.887085 414.769409 -105.326500 2.000000 
-444.059906 415.196686 -105.417999 2.000000 
-444.084412 415.657593 -105.624802 2.000000 
-443.854187 416.333099 -105.936699 2.000000 
-443.609589 416.495392 -105.936798 2.000000 
-443.920105 417.117188 -106.183502 2.000000 
-443.820312 417.566498 -106.316902 2.000000 
-443.770996 418.490204 -106.612198 2.000000 
-443.806885 418.812592 -106.746399 2.000000 
-443.830292 418.946106 -106.848701 2.000000 
-443.863403 419.644592 -107.084503 2.000000 
-443.985291 420.092407 -107.350403 2.000000 
-444.072906 420.601288 -107.431702 2.000000 
-443.665405 421.480896 -107.759903 2.000000 
-443.779907 421.963593 -108.045998 2.000000 
-443.814789 422.143707 -108.072197 2.000000 
-443.783203 422.824188 -108.321999 2.000000 
-443.802307 423.270111 -108.535698 2.000000 
-443.583008 423.642487 -108.622101 2.000000 
-443.989197 424.557495 -108.983299 2.000000 
-443.825989 424.742004 -109.094299 2.000000 
-444.084412 425.392914 -109.243500 2.000000 
-443.441589 425.939087 -109.452499 2.000000 
-443.593597 426.563690 -109.691803 2.000000 
-443.862793 426.794098 -109.807198 2.000000 
-443.579315 427.259399 -109.907402 2.000000 
-443.795410 428.150085 -110.264999 2.000000 
-443.727997 428.238190 -110.432602 2.000000 
-443.850098 428.801208 -110.626701 2.000000 
-443.893097 429.574097 -110.897598 2.000000 
-444.298309 429.946899 -111.019302 2.000000 
-444.167999 430.739502 -111.399200 2.000000 
-443.706909 430.941895 -111.424500 2.000000 
-443.944305 431.446106 -111.641403 2.000000 
-443.971985 432.115509 -111.883904 2.000000 
-443.880402 432.282410 -111.864998 2.000000 
-444.180298 433.026001 -112.126198 2.000000 
-443.578186 433.411896 -112.234596 2.000000 
-443.816803 433.706787 -112.368599 2.000000 
-443.817413 434.435211 -112.696899 2.000000 
-443.567596 435.356995 -113.002602 2.000000 
-443.677185 435.620697 -113.069000 2.000000 
-443.632812 435.819397 -113.124603 2.000000 
-444.077789 436.381500 -113.361397 2.000000 
-443.750488 436.792694 -113.607597 2.000000 
-443.782410 437.698090 -113.863602 2.000000 
-443.733490 438.193604 -114.064301 2.000000 
-443.899200 438.416199 -114.178902 2.000000 
-443.867798 438.914398 -114.320396 2.000000 
-444.000000 439.424896 -114.595497 2.000000 
-443.767700 439.854401 -114.629402 2.000000 
-443.944000 440.635193 -114.933098 2.000000 
-443.975708 441.100403 -115.192398 2.000000 
-443.852814 441.782898 -115.359901 2.000000 
-443.938202 442.279510 -115.680199 2.000000 
-444.123291 442.530396 -115.736099 2.000000 
-444.000000 443.172699 -116.018898 2.000000 
-444.258392 443.703613 -116.138100 2.000000 
-443.712006 444.012787 -116.245003 2.000000 
-443.676392 365.266113 -86.116501 2.000000 
-443.031006 365.959290 -86.334602 2.000000 
-443.588196 366.182800 -86.419197 2.000000 
-443.438110 366.808105 -86.658600 2.000000 
-442.991791 367.545288 -86.914703 2.000000 
-443.647095 367.725006 -87.066803 2.000000 
-443.362915 368.624390 -87.413200 2.000000 
-443.326508 368.778107 -87.376602 2.000000 
-443.426605 369.009308 -87.501900 2.000000 
-443.132111 369.651703 -87.823700 2.000000 
-443.371307 370.681000 -88.261497 2.000000 
-443.311401 371.136200 -88.430000 2.000000 
-443.158112 371.289795 -88.384598 2.000000 
-443.557190 372.023193 -88.684799 2.000000 
-443.281708 372.431091 -88.817299 2.000000 
-443.028015 372.902496 -89.058701 2.000000 
-443.364990 373.200989 -89.186501 2.000000 
-443.134491 374.000092 -89.480698 2.000000 
-443.524994 374.241913 -89.579498 2.000000 
-443.368591 375.159210 -89.902100 2.000000 
-443.493011 375.489990 -90.107399 2.000000 
-443.399811 376.121490 -90.251198 2.000000 
-443.524109 376.486786 -90.540802 2.000000 
-443.423187 377.175507 -90.734001 2.000000 
-443.425690 377.560791 -90.926498 2.000000 
-443.412811 378.117615 -91.141296 2.000000 
-443.495514 378.375397 -91.195297 2.000000 
-443.659302 379.142487 -91.492599 2.000000 
-443.378998 379.708496 -91.667000 2.000000 
-443.436096 379.848602 -91.736000 2.000000 
-443.524597 380.392212 -91.933098 2.000000 
-443.409302 380.997498 -92.272903 2.000000 
-443.292114 381.750000 -92.525803 2.000000 
-443.284912 382.438599 -92.717003 2.000000 
-443.653595 382.624512 -92.827400 2.000000 
-443.446411 383.411407 -93.199898 2.000000 
-443.541687 383.880798 -93.348099 2.000000 
-443.488312 384.102203 -93.451698 2.000000 
-443.509003 384.848511 -93.666298 2.000000 
-443.586487 384.962494 -93.834000 2.000000 
-443.644806 386.063385 -94.202599 2.000000 
-443.461792 387.047607 -94.567299 2.000000 
-443.200897 388.185791 -94.999496 2.000000 
-443.405090 388.801208 -95.263397 2.000000 
-443.438385 389.065002 -95.355797 2.000000 
-443.481293 390.084290 -95.806396 2.000000 
-443.152008 390.046600 -95.676102 2.000000 
-443.362396 390.870697 -96.113297 2.000000 
-443.257202 390.943115 -96.106796 2.000000 
-443.460693 392.101196 -96.603996 2.000000 
-443.476410 392.361511 -96.579597 2.000000 
-443.357697 392.892700 -96.852997 2.000000 
-443.082886 393.241913 -96.894897 2.000000 
-443.190613 393.608795 -97.153000 2.000000 
-443.810791 394.260498 -97.348099 2.000000 
-443.340790 394.898895 -97.589104 2.000000 
-443.558411 395.468903 -97.852097 2.000000 
-443.528809 395.820587 -98.024803 2.000000 
-443.467590 396.249695 -98.064796 2.000000 
-443.320007 396.690308 -98.350998 2.000000 
-443.294312 397.637909 -98.732803 2.000000 
-443.796204 398.051208 -98.873001 2.000000 
-443.720215 398.423706 -98.945801 2.000000 
-443.209900 399.061005 -99.221199 2.000000 
-443.251495 399.286987 -99.332603 2.000000 
-443.451385 399.876709 -99.550598 2.000000 
-443.090515 400.500702 -99.698097 2.000000 
-443.480103 401.122314 -100.028503 2.000000 
-443.397308 401.576996 -100.247498 2.000000 
-443.382690 401.946503 -100.291397 2.000000 
-443.764587 402.487396 -100.544701 2.000000 
-443.532806 402.943298 -100.680603 2.000000 
-443.010803 403.347595 -100.849403 2.000000 
-443.399811 403.558105 -100.920700 2.000000 
-443.511993 404.337585 -101.243500 2.000000 
-443.243011 404.920685 -101.528198 2.000000 
-443.516602 405.754700 -101.821503 2.000000 
-443.285797 405.862915 -101.875397 2.000000 
-443.496887 406.542999 -102.120399 2.000000 
-443.205811 407.001495 -102.313301 2.000000 
-443.369507 407.718109 -102.611801 2.000000 
-443.316498 407.897400 -102.660202 2.000000 
-443.181793 408.428009 -102.866600 2.000000 
-443.504486 409.122986 -103.132599 2.000000 
-443.337311 409.561493 -103.285004 2.000000 
-443.276215 410.088409 -103.499802 2.000000 
-443.268585 410.644012 -103.637604 2.000000 
-443.157593 411.503387 -104.025002 2.000000 
-443.476715 411.610291 -103.986099 2.000000 
-443.689087 412.165588 -104.336098 2.000000 
-443.500305 412.453796 -104.412903 2.000000 
-443.158112 413.394714 -104.733002 2.000000 
-443.392303 413.517395 -104.691399 2.000000 
-443.450287 414.302002 -105.019600 2.000000 
-443.630493 414.925812 -105.317200 2.000000 
-443.758301 415.100006 -105.448097 2.000000 
-443.407288 415.710693 -105.588799 2.000000 
-443.427887 416.301208 -105.823097 2.000000 
-443.192688 416.709198 -106.010498 2.000000 
-443.054413 417.152008 -106.042900 2.000000 
-443.098999 417.481293 -106.188301 2.000000 
-443.515106 418.571686 -106.750603 2.000000 
-443.123901 418.737213 -106.755798 2.000000 
-443.180298 419.562195 -107.016403 2.000000 
-443.354706 419.578705 -107.038803 2.000000 
-443.615814 420.557587 -107.475403 2.000000 
-443.319092 420.514587 -107.352997 2.000000 
-443.251007 421.179199 -107.607002 2.000000 
-443.518707 421.967499 -108.024101 2.000000 
-443.465607 422.260895 -108.052498 2.000000 
-443.365509 422.729492 -108.316704 2.000000 
-443.464600 423.418213 -108.479103 2.000000 
-443.359985 423.779694 -108.684097 2.000000 
-443.463013 424.448914 -108.902901 2.000000 
-443.373413 424.881012 -109.136497 2.000000 
-443.307190 424.942810 -109.048203 2.000000 
-443.490387 425.846985 -109.455200 2.000000 
-443.507294 426.163605 -109.527100 2.000000 
-443.493896 426.764893 -109.857101 2.000000 
-443.495514 427.376099 -109.940300 2.000000 
-443.356506 427.993896 -110.231400 2.000000 
-443.433990 428.378601 -110.458504 2.000000 
-443.456299 429.032104 -110.646103 2.000000 
-443.398499 429.437103 -110.783401 2.000000 
-443.525208 429.951996 -110.943398 2.000000 
-443.582886 430.482300 -111.135101 2.000000 
-443.754395 430.558197 -111.188004 2.000000 
-443.246094 431.440002 -111.455002 2.000000 
-443.670685 431.795197 -111.760696 2.000000 
-443.316315 432.557892 -111.999397 2.000000 
-443.487610 432.994293 -112.118599 2.000000 
-443.233093 433.594513 -112.371498 2.000000 
-443.509186 434.085602 -112.468803 2.000000 
-443.430603 434.303406 -112.659103 2.000000 
-443.498993 434.941711 -112.888496 2.000000 
-443.251190 435.684509 -113.042397 2.000000 
-443.518097 436.308594 -113.336197 2.000000 
-443.410004 436.715393 -113.511002 2.000000 
-443.649902 436.962799 -113.640900 2.000000 
-443.162201 437.325989 -113.777496 2.000000 
-443.360596 438.200897 -114.078300 2.000000 
-443.224701 438.732300 -114.191101 2.000000 
-443.726898 439.130615 -114.357101 2.000000 
-443.806488 439.816498 -114.710602 2.000000 
-443.177795 440.166107 -114.696800 2.000000 
-443.657196 440.778198 -114.977997 2.000000 
-443.595886 441.273895 -115.146301 2.000000 
-443.709412 441.622589 -115.399300 2.000000 
-443.576294 442.348206 -115.637802 2.000000 
-443.532288 442.422089 -115.662697 2.000000 
-443.262207 443.191315 -115.877701 2.000000 
-443.247589 443.818512 -116.174500 2.000000 
-442.811005 365.316101 -85.992996 2.000000 
-442.922791 366.059387 -86.306900 2.000000 
-442.701111 366.051300 -86.367302 2.000000 
-442.881897 367.138611 -86.758202 2.000000 
-442.850311 367.286194 -86.762100 2.000000 
-443.040894 367.807709 -87.094398 2.000000 
-442.942993 367.981598 -87.135002 2.000000 
-442.730499 368.664795 -87.391800 2.000000 
-442.969696 369.431793 -87.695702 2.000000 
-442.928986 370.023499 -87.974899 2.000000 
-442.875885 370.469788 -87.997498 2.000000 
-443.025299 370.966400 -88.289597 2.000000 
-442.652588 371.504303 -88.525497 2.000000 
-442.723907 371.956207 -88.591003 2.000000 
-442.960907 372.242706 -88.739502 2.000000 
-442.519714 372.881012 -89.007301 2.000000 
-442.898102 373.340302 -89.233704 2.000000 
-442.710297 373.936188 -89.394203 2.000000 
-442.738892 374.670807 -89.650398 2.000000 
-442.949097 375.069214 -89.844803 2.000000 
-442.899597 375.444702 -90.064903 2.000000 
-442.606903 376.059692 -90.173203 2.000000 
-442.819702 376.281403 -90.334702 2.000000 
-442.882599 376.852112 -90.518700 2.000000 
-442.702209 377.495605 -90.857498 2.000000 
-442.749603 378.073395 -91.085800 2.000000 
-442.867096 378.483093 -91.271103 2.000000 
-442.945801 379.152893 -91.396004 2.000000 
-442.852386 379.401215 -91.604897 2.000000 
-443.047913 379.963287 -91.718697 2.000000 
-443.023407 380.529510 -92.062302 2.000000 
-442.681793 381.107788 -92.194298 2.000000 
-442.842896 381.682892 -92.407600 2.000000 
-442.914093 381.923798 -92.528900 2.000000 
-442.970001 389.394897 -95.483200 2.000000 
-443.016602 389.736694 -95.558601 2.000000 
-442.891907 390.222687 -95.694901 2.000000 
-442.610107 390.609802 -95.828400 2.000000 
-443.139709 391.158203 -96.153198 2.000000 
-443.235992 391.674011 -96.343597 2.000000 
-442.947510 392.377899 -96.586700 2.000000 
-443.195587 392.850586 -96.802002 2.000000 
-442.878906 393.359314 -96.929100 2.000000 
-442.944092 393.625214 -97.135597 2.000000 
-442.986298 394.177704 -97.371902 2.000000 
-443.033386 394.500610 -97.480202 2.000000 
-442.923492 395.384094 -97.723396 2.000000 
-443.183807 396.092407 -98.012703 2.000000 
-443.131989 396.681091 -98.304604 2.000000 
-443.042511 396.480103 -98.179604 2.000000 
-443.070496 397.580505 -98.584000 2.000000 
-442.740814 398.131500 -98.732803 2.000000 
-443.094513 398.497711 -98.967201 2.000000 
-442.824707 399.140686 -99.179703 2.000000 
-442.808990 399.526886 -99.300697 2.000000 
-443.134888 400.322601 -99.636398 2.000000 
-443.022186 400.666992 -99.780602 2.000000 
-442.919586 400.745605 -99.811302 2.000000 
-443.003296 401.529999 -100.144699 2.000000 
-442.962585 401.867004 -100.274902 2.000000 
-443.057312 402.550507 -100.524902 2.000000 
-442.848206 402.724792 -100.557404 2.000000 
-442.743500 403.438599 -100.879997 2.000000 
-442.717987 403.867401 -101.040497 2.000000 
-443.082092 404.346100 -101.161400 2.000000 
-443.114014 404.761505 -101.436501 2.000000 
-443.199890 405.336700 -101.580498 2.000000 
-442.888214 405.791809 -101.740700 2.000000 
-442.906494 406.553711 -102.119698 2.000000 
-443.080414 407.238800 -102.281197 2.000000 
-442.639801 407.677185 -102.536102 2.000000 
-442.957489 408.464508 -102.838203 2.000000 
-443.132294 408.699707 -102.896301 2.000000 
-442.843292 409.047089 -103.056000 2.000000 
-442.816315 409.588104 -103.277199 2.000000 
-442.965607 409.969208 -103.358299 2.000000 
-442.905701 410.363312 -103.466797 2.000000 
-442.899292 411.050415 -103.804497 2.000000 
-442.970886 411.703613 -104.055099 2.000000 
-442.696686 412.088196 -104.184402 2.000000 
-443.059814 412.555695 -104.401398 2.000000 
-442.638397 413.348511 -104.683403 2.000000 
-442.742310 413.489105 -104.666100 2.000000 
-442.896210 414.033905 -104.895401 2.000000 
-442.642914 414.559387 -105.019997 2.000000 
-442.872192 415.015015 -105.281998 2.000000 
-442.738403 416.032715 -105.697197 2.000000 
-442.727295 416.015808 -105.650299 2.000000 
-442.711395 416.523804 -105.819298 2.000000 
-442.907898 417.002808 -106.036003 2.000000 
-443.389496 417.681610 -106.404999 2.000000 
-443.206787 418.208099 -106.511101 2.000000 
-443.119598 418.608612 -106.673302 2.000000 
-442.625610 419.523804 -107.045502 2.000000 
-442.708710 419.814087 -107.160400 2.000000 
-442.932404 420.118805 -107.281097 2.000000 
-443.069885 420.870392 -107.522697 2.000000 
-442.857605 421.616089 -107.847900 2.000000 
-442.836395 421.826691 -107.905899 2.000000 
-443.011902 422.460205 -108.142601 2.000000 
-442.848114 422.387085 -108.011101 2.000000 
-442.950989 423.229492 -108.458504 2.000000 
-442.714996 423.757904 -108.587303 2.000000 
-442.780701 424.504700 -108.864403 2.000000 
-442.817993 424.957092 -109.097000 2.000000 
-442.886902 425.271790 -109.198799 2.000000 
-442.899414 425.809601 -109.364304 2.000000 
-442.925598 426.415894 -109.565300 2.000000 
-443.351898 427.056213 -109.868896 2.000000 
-442.910492 427.360992 -109.954697 2.000000 
-442.720093 427.676300 -110.066704 2.000000 
-443.062103 428.351013 -110.303596 2.000000 
-442.810608 428.900299 -110.459198 2.000000 
-442.728210 429.666992 -110.757896 2.000000 
-442.597900 429.798096 -110.843300 2.000000 
-443.149200 430.311096 -111.068497 2.000000 
-442.912292 431.196411 -111.371201 2.000000 
-442.964508 431.515686 -111.581596 2.000000 
-442.923096 432.135315 -111.824097 2.000000 
-442.947815 432.571503 -111.985397 2.000000 
-442.680389 432.740204 -111.977600 2.000000 
-442.876404 433.581207 -112.323700 2.000000 
-442.915802 433.865692 -112.456703 2.000000 
-443.174103 434.368896 -112.668800 2.000000 
-442.943115 435.192810 -112.839600 2.000000 
-443.112488 435.508392 -113.011299 2.000000 
-442.775513 435.912994 -113.192596 2.000000 
-442.692200 436.469299 -113.392998 2.000000 
-442.880188 436.837494 -113.506798 2.000000 
-443.456696 437.781494 -113.856796 2.000000 
-442.617615 438.080414 -113.988701 2.000000 
-442.975891 438.219391 -114.102798 2.000000 
-442.805115 439.151703 -114.311302 2.000000 
-442.765503 439.401093 -114.430901 2.000000 
-442.814392 440.031799 -114.729500 2.000000 
-442.788086 440.501007 -114.803497 2.000000 
-442.754700 440.978302 -115.038002 2.000000 
-442.652100 441.757294 -115.323997 2.000000 
-442.722900 442.093201 -115.436996 2.000000 
-442.976288 442.626892 -115.596703 2.000000 
-442.709900 443.085114 -115.748001 2.000000 
-442.872101 443.416199 -115.963699 2.000000 
-442.717804 444.018890 -116.184898 2.000000 
-442.540497 365.373505 -86.098503 2.000000 
-441.959015 365.980804 -86.173798 2.000000 
-442.793091 366.663910 -86.525902 2.000000 
-442.364105 366.879608 -86.694603 2.000000 
-442.481903 367.209290 -86.742104 2.000000 
-442.441895 367.786194 -86.912399 2.000000 
-442.444214 368.221893 -87.185402 2.000000 
-442.216309 368.730804 -87.382301 2.000000 
-442.183685 369.364990 -87.639999 2.000000 
-442.378998 370.149292 -87.895401 2.000000 
-442.418610 370.379913 -88.034698 2.000000 
-442.247101 370.905701 -88.226700 2.000000 
-442.603394 371.560089 -88.439003 2.000000 
-442.188995 371.863800 -88.530502 2.000000 
-442.501099 372.433807 -88.791000 2.000000 
-442.389801 372.800690 -88.900902 2.000000 
-442.210785 373.687500 -89.213402 2.000000 
-442.281189 373.897003 -89.313202 2.000000 
-442.129791 374.650299 -89.582603 2.000000 
-442.319611 375.122986 -89.824402 2.000000 
-442.247498 375.404694 -89.896400 2.000000 
-442.192108 376.187408 -90.207100 2.000000 
-442.363800 376.586914 -90.364799 2.000000 
-442.311188 377.272186 -90.746696 2.000000 
-442.539001 377.628693 -90.813698 2.000000 
-442.214386 378.275391 -91.009499 2.000000 
-441.954193 378.693695 -91.267799 2.000000 
-442.475189 379.066406 -91.389999 2.000000 
-442.520905 379.291504 -91.511597 2.000000 
-442.536285 380.082886 -91.721298 2.000000 
-442.319397 389.852386 -95.586197 2.000000 
-442.234711 390.024902 -95.567299 2.000000 
-442.373993 390.893402 -95.958603 2.000000 
-442.280609 391.413788 -96.148903 2.000000 
-442.656189 391.772400 -96.412903 2.000000 
-442.381287 392.380096 -96.590202 2.000000 
-442.450500 393.000885 -96.737396 2.000000 
-442.343506 393.304596 -96.939903 2.000000 
-442.653595 393.858612 -97.187698 2.000000 
-442.277710 394.423004 -97.273102 2.000000 
-442.469696 394.935913 -97.534103 2.000000 
-442.678192 395.599792 -97.821503 2.000000 
-442.311615 395.799500 -97.835503 2.000000 
-442.450409 396.484100 -98.180901 2.000000 
-442.336914 396.551208 -98.175003 2.000000 
-442.444611 397.471405 -98.517998 2.000000 
-442.381287 398.025085 -98.732300 2.000000 
-442.337097 398.281097 -98.795502 2.000000 
-442.526306 398.913513 -99.109200 2.000000 
-442.430786 398.952789 -99.118103 2.000000 
-442.513489 399.593994 -99.394096 2.000000 
-442.479309 400.434509 -99.701897 2.000000 
-442.572205 400.887787 -99.822998 2.000000 
-442.403107 401.549988 -100.141602 2.000000 
-442.342804 401.769409 -100.151199 2.000000 
-442.421112 402.525513 -100.471497 2.000000 
-442.453613 402.797913 -100.520302 2.000000 
-442.719513 403.485901 -100.903999 2.000000 
-442.395386 404.005310 -101.037903 2.000000 
-442.472198 404.609192 -101.286797 2.000000 
-442.202911 404.990997 -101.333099 2.000000 
-442.224396 405.712708 -101.708199 2.000000 
-442.368591 406.014099 -101.760399 2.000000 
-442.629608 406.274811 -101.898399 2.000000 
-442.737488 406.955109 -102.241302 2.000000 
-442.195587 408.061890 -102.514999 2.000000 
-442.180115 408.106903 -102.641602 2.000000 
-442.323608 408.537903 -102.808701 2.000000 
-442.338593 408.955200 -102.880302 2.000000 
-442.543213 409.335602 -103.138100 2.000000 
-442.821411 410.046997 -103.408401 2.000000 
-442.286896 411.030212 -103.739304 2.000000 
-442.155212 411.415405 -103.892303 2.000000 
-442.621399 411.922394 -104.097900 2.000000 
-442.170288 411.791412 -103.926804 2.000000 
-442.418091 412.644806 -104.313004 2.000000 
-442.381104 413.179108 -104.486702 2.000000 
-442.115997 413.337311 -104.578796 2.000000 
-442.364594 413.984406 -104.803101 2.000000 
-442.143890 414.728210 -105.116997 2.000000 
-442.411713 415.249908 -105.274498 2.000000 
-442.455414 415.473206 -105.388702 2.000000 
-442.294708 416.157806 -105.682602 2.000000 
-442.400085 416.935608 -106.049896 2.000000 
-442.542297 417.005310 -106.022003 2.000000 
-442.567902 417.557098 -106.215500 2.000000 
-442.329102 418.151215 -106.363701 2.000000 
-442.300110 419.003113 -106.826897 2.000000 
-442.451813 419.213409 -106.791901 2.000000 
-442.283203 419.913788 -107.115097 2.000000 
-442.280487 420.381897 -107.299202 2.000000 
-442.108490 420.462891 -107.266899 2.000000 
-441.849213 421.384705 -107.635300 2.000000 
-442.583405 421.579895 -107.818901 2.000000 
-442.472107 422.592712 -108.122597 2.000000 
-442.228210 422.750702 -108.106598 2.000000 
-442.054108 423.369110 -108.439697 2.000000 
-442.164886 424.202087 -108.665398 2.000000 
-442.495697 424.432098 -108.898003 2.000000 
-442.465210 424.745514 -108.916298 2.000000 
-442.515503 425.400085 -109.116501 2.000000 
-442.389404 425.806488 -109.391701 2.000000 
-442.740601 426.225708 -109.521896 2.000000 
-442.354004 426.851013 -109.782799 2.000000 
-442.467102 427.167603 -109.801697 2.000000 
-442.571106 428.023712 -110.207397 2.000000 
-442.486694 428.498413 -110.396103 2.000000 
-442.180206 428.952515 -110.479103 2.000000 
-442.541809 429.665802 -110.765800 2.000000 
-442.567810 429.877014 -110.915802 2.000000 
-442.612610 430.475189 -111.060699 2.000000 
-442.410614 431.350891 -111.414299 2.000000 
-442.280304 431.334991 -111.412300 2.000000 
-442.535400 431.880493 -111.699600 2.000000 
-442.527313 432.691406 -111.884697 2.000000 
-442.567505 433.004608 -112.076500 2.000000 
-442.280609 433.591492 -112.297600 2.000000 
-442.057709 434.010895 -112.411499 2.000000 
-442.286499 434.484711 -112.531403 2.000000 
-442.315887 434.851105 -112.755798 2.000000 
-442.460693 435.472595 -112.916298 2.000000 
-442.115295 435.781403 -113.040298 2.000000 
-442.515808 436.526215 -113.311798 2.000000 
-442.576813 437.176300 -113.625397 2.000000 
-442.339813 437.734497 -113.852798 2.000000 
-442.330292 438.129791 -113.891098 2.000000 
-442.223206 438.440399 -114.023300 2.000000 
-442.483185 439.222992 -114.308601 2.000000 
-442.428192 439.529785 -114.539902 2.000000 
-442.207397 440.161713 -114.701302 2.000000 
-442.458191 440.925507 -114.926201 2.000000 
-442.447113 440.853302 -114.942101 2.000000 
-442.640594 441.519104 -115.218201 2.000000 
-442.093109 442.188385 -115.500504 2.000000 
-442.412689 442.642212 -115.616997 2.000000 
-442.595795 443.354004 -115.853798 2.000000 
-442.281586 443.714508 -115.999298 2.000000 
-442.623688 444.168610 -116.204903 2.000000 
-441.821289 365.809692 -86.201797 2.000000 
-441.674286 366.192413 -86.281898 2.000000 
-442.010895 366.982513 -86.580299 2.000000 
-442.171112 367.178192 -86.702499 2.000000 
-442.098907 368.141388 -87.123703 2.000000 
-441.740509 368.542694 -87.289299 2.000000 
-441.932312 369.170105 -87.528702 2.000000 
-441.907196 369.200287 -87.468498 2.000000 
-441.956787 369.978912 -87.810898 2.000000 
-441.970612 370.686890 -88.055099 2.000000 
-442.196411 371.105896 -88.248703 2.000000 
-441.831604 371.359589 -88.338600 2.000000 
-441.841187 371.894989 -88.493500 2.000000 
-441.755188 372.790009 -88.908302 2.000000 
-441.672607 373.044495 -88.910400 2.000000 
-442.069000 373.414795 -89.198402 2.000000 
-441.752502 373.948792 -89.269402 2.000000 
-441.821106 374.255615 -89.407700 2.000000 
-441.741486 375.120300 -89.753899 2.000000 
-442.132202 375.446198 -89.972099 2.000000 
-442.004303 375.913300 -90.131302 2.000000 
-441.873108 376.783997 -90.506500 2.000000 
-441.701599 377.159485 -90.564102 2.000000 
-441.948395 377.402588 -90.647797 2.000000 
-441.765594 378.225189 -90.954803 2.000000 
-441.943298 378.690186 -91.171303 2.000000 
-441.973602 378.990601 -91.312897 2.000000 
-441.852509 379.627502 -91.599701 2.000000 
-442.039490 390.017303 -95.664398 2.000000 
-441.818298 390.384308 -95.777702 2.000000 
-441.937988 390.637207 -95.870399 2.000000 
-441.864410 391.411896 -96.086998 2.000000 
-441.912201 391.493591 -96.152000 2.000000 
-441.590698 392.151306 -96.467697 2.000000 
-441.586914 392.633087 -96.637199 2.000000 
-441.808990 393.190796 -96.819504 2.000000 
-442.089111 393.906708 -97.105698 2.000000 
-441.910706 394.681702 -97.351196 2.000000 
-441.633301 394.820007 -97.388397 2.000000 
-441.920105 395.128204 -97.635201 2.000000 
-441.816803 396.132385 -98.027901 2.000000 
-441.943512 396.283508 -98.082603 2.000000 
-441.639496 396.771210 -98.200600 2.000000 
-441.933502 397.523102 -98.440002 2.000000 
-441.798309 397.803192 -98.542900 2.000000 
-441.842896 398.356201 -98.846100 2.000000 
-442.021393 398.755188 -99.036598 2.000000 
-441.881897 399.568909 -99.281898 2.000000 
-441.984894 399.965698 -99.447403 2.000000 
-441.881714 400.379700 -99.538597 2.000000 
-442.049011 400.550598 -99.656197 2.000000 
-441.618286 401.624786 -100.099701 2.000000 
-441.720398 402.022095 -100.212997 2.000000 
-441.891602 402.533508 -100.496399 2.000000 
-441.772308 402.751587 -100.551201 2.000000 
-441.968292 403.574310 -100.775803 2.000000 
-441.816895 404.089111 -101.071198 2.000000 
-441.959503 404.556000 -101.156799 2.000000 
-441.942810 405.114410 -101.355904 2.000000 
-442.083801 405.571686 -101.559303 2.000000 
-441.719391 406.046204 -101.761200 2.000000 
-441.859711 406.458313 -101.874901 2.000000 
-441.745087 407.181702 -102.237000 2.000000 
-441.626801 407.638794 -102.312698 2.000000 
-442.149506 408.013794 -102.497704 2.000000 
-442.076294 408.323212 -102.621498 2.000000 
-441.891113 409.320709 -103.040199 2.000000 
-441.785706 409.570190 -103.180901 2.000000 
-441.553497 410.339996 -103.432999 2.000000 
-441.897705 410.551788 -103.490501 2.000000 
-441.998596 411.049713 -103.656197 2.000000 
-441.868805 411.467285 -103.912598 2.000000 
-441.656799 411.954803 -103.956299 2.000000 
-441.857300 412.535797 -104.269096 2.000000 
-442.248688 413.286804 -104.548599 2.000000 
-441.742310 413.881805 -104.827698 2.000000 
-441.944885 414.338287 -104.926300 2.000000 
-442.282013 414.678894 -105.091698 2.000000 
-441.770691 415.388885 -105.303200 2.000000 
-442.302490 415.850586 -105.593803 2.000000 
-441.823395 416.217102 -105.646500 2.000000 
-441.974792 416.664001 -105.909798 2.000000 
-441.725189 417.213196 -106.071503 2.000000 
-441.987396 417.852509 -106.234001 2.000000 
-441.595001 418.377289 -106.520302 2.000000 
-441.898712 418.799011 -106.619499 2.000000 
-442.190613 419.399109 -106.927803 2.000000 
-442.074493 419.544312 -106.986397 2.000000 
-441.824097 420.291595 -107.271500 2.000000 
-441.739594 420.988007 -107.513496 2.000000 
-441.642212 421.366089 -107.663803 2.000000 
-442.043396 421.947113 -107.831703 2.000000 
-441.954193 422.532593 -107.994904 2.000000 
-441.825806 422.875488 -108.140701 2.000000 
-441.844299 423.253906 -108.335297 2.000000 
-441.963287 424.151489 -108.615601 2.000000 
-441.790802 424.488007 -108.822800 2.000000 
-441.762207 424.868896 -108.879303 2.000000 
-441.729889 425.363708 -109.134201 2.000000 
-441.957001 425.828400 -109.360298 2.000000 
-441.605713 426.438812 -109.530701 2.000000 
-441.869110 426.886505 -109.643501 2.000000 
-441.936615 427.523499 -109.911400 2.000000 
-441.856506 427.950989 -110.147598 2.000000 
-441.825195 428.432404 -110.324997 2.000000 
-441.969910 428.880188 -110.430397 2.000000 
-441.788696 429.571289 -110.659897 2.000000 
-441.875305 429.737305 -110.793900 2.000000 
-441.950104 430.583801 -111.029602 2.000000 
-441.938995 431.156311 -111.278603 2.000000 
-441.844788 431.615692 -111.488197 2.000000 
-441.712006 432.093201 -111.612198 2.000000 
-442.125488 432.825195 -111.975197 2.000000 
-441.805206 432.744904 -111.825104 2.000000 
-442.005402 433.244385 -112.035400 2.000000 
-442.127197 433.987793 -112.416702 2.000000 
-441.779694 434.349487 -112.428596 2.000000 
-442.096191 434.737488 -112.719704 2.000000 
-441.676910 435.598206 -113.016502 2.000000 
-441.855408 435.814606 -113.104301 2.000000 
-441.933502 436.633606 -113.427803 2.000000 
-441.818390 437.077301 -113.556198 2.000000 
-441.837402 437.605988 -113.661598 2.000000 
-441.516602 438.204498 -113.942802 2.000000 
-442.090790 438.532013 -114.090599 2.000000 
-442.009308 438.784607 -114.180397 2.000000 
-441.906097 439.630615 -114.472099 2.000000 
-441.667389 439.810913 -114.449203 2.000000 
-441.945587 440.559601 -114.850098 2.000000 
-441.838715 441.179688 -114.974403 2.000000 
-441.588013 441.582794 -115.113403 2.000000 
-441.808594 442.083313 -115.359703 2.000000 
-441.589600 442.839996 -115.633102 2.000000 
-441.948792 443.124207 -115.758003 2.000000 
-441.747192 443.689514 -115.975800 2.000000 
-441.572906 365.340393 -85.926300 2.000000 
-441.346008 365.786499 -86.174500 2.000000 
-441.019501 366.313293 -86.355797 2.000000 
-441.258698 366.953094 -86.599197 2.000000 
-441.203094 367.595306 -86.742897 2.000000 
-441.353699 367.852295 -86.897697 2.000000 
-441.349304 368.424286 -87.196503 2.000000 
-440.974396 369.030701 -87.332397 2.000000 
-441.465302 369.830292 -87.736603 2.000000 
-441.360809 369.837097 -87.640999 2.000000 
-441.479004 370.456085 -87.922203 2.000000 
-441.359009 370.928497 -88.063698 2.000000 
-441.112000 371.560608 -88.392303 2.000000 
-441.626190 371.873108 -88.442398 2.000000 
-441.426300 372.514587 -88.700897 2.000000 
-441.268402 372.886414 -88.809799 2.000000 
-441.613892 373.517303 -89.152100 2.000000 
-441.313507 374.268402 -89.477798 2.000000 
-441.183197 374.591003 -89.575600 2.000000 
-441.668915 375.000488 -89.791000 2.000000 
-441.611298 375.240814 -89.861397 2.000000 
-441.292999 376.095093 -90.085602 2.000000 
-441.489990 376.493011 -90.287102 2.000000 
-441.271088 376.899811 -90.383598 2.000000 
-441.701111 377.473999 -90.692001 2.000000 
-441.144287 378.268799 -90.945198 2.000000 
-441.491486 378.495209 -91.030296 2.000000 
-441.380402 391.371307 -96.059898 2.000000 
-441.433014 391.948212 -96.383102 2.000000 
-441.399902 392.176514 -96.459503 2.000000 
-441.346893 392.880707 -96.727699 2.000000 
-441.434296 393.329895 -96.800903 2.000000 
-441.114899 393.841614 -97.041199 2.000000 
-441.685089 394.238800 -97.144699 2.000000 
-441.540314 395.100800 -97.608002 2.000000 
-441.284912 395.466095 -97.636398 2.000000 
-441.603394 395.879791 -97.772102 2.000000 
-441.344604 395.973297 -97.798500 2.000000 
-441.252686 397.053192 -98.285004 2.000000 
-441.139709 397.309204 -98.299599 2.000000 
-441.445190 397.803192 -98.500099 2.000000 
-441.150787 398.514008 -98.866501 2.000000 
-441.332794 399.001404 -98.995102 2.000000 
-441.186005 399.492798 -99.266296 2.000000 
-441.513611 399.925293 -99.445396 2.000000 
-441.336914 400.410614 -99.555603 2.000000 
-441.378204 401.189087 -99.946297 2.000000 
-441.339294 401.506409 -99.992104 2.000000 
-441.449005 401.958008 -100.220901 2.000000 
-441.272614 402.304596 -100.366203 2.000000 
-441.334595 402.831390 -100.536400 2.000000 
-441.359192 403.441803 -100.799202 2.000000 
-441.148590 403.979797 -100.914200 2.000000 
-441.056488 404.632599 -101.166100 2.000000 
-441.151489 404.969696 -101.370102 2.000000 
-441.505615 405.314301 -101.415497 2.000000 
-441.512787 405.912689 -101.694298 2.000000 
-441.398987 406.429596 -101.947502 2.000000 
-441.129700 407.169495 -102.216599 2.000000 
-441.251709 407.465515 -102.197701 2.000000 
-441.578491 408.112701 -102.525299 2.000000 
-441.220886 408.100189 -102.497101 2.000000 
-441.508392 408.674591 -102.736397 2.000000 
-441.433014 409.588593 -103.030403 2.000000 
-441.624390 410.253693 -103.395103 2.000000 
-441.540588 410.579895 -103.506798 2.000000 
-441.114502 410.938110 -103.553802 2.000000 
-441.281494 411.878387 -103.917603 2.000000 
-441.446289 412.274292 -104.058197 2.000000 
-441.278107 412.503906 -104.206200 2.000000 
-441.460297 413.131897 -104.416100 2.000000 
-441.097412 413.461609 -104.565697 2.000000 
-441.397888 414.254913 -104.905602 2.000000 
-441.291504 414.719604 -105.111603 2.000000 
-441.489288 415.412903 -105.310997 2.000000 
-441.127289 415.902588 -105.451797 2.000000 
-441.066498 416.283813 -105.610603 2.000000 
-441.473907 416.825104 -105.873802 2.000000 
-441.442200 417.116486 -105.902603 2.000000 
-441.268402 417.794708 -106.268600 2.000000 
-441.505615 418.088593 -106.278603 2.000000 
-441.046295 418.906891 -106.624397 2.000000 
-441.472198 419.395599 -106.877296 2.000000 
-441.242188 419.596802 -106.863800 2.000000 
-441.386810 420.027588 -107.034103 2.000000 
-441.331604 420.977112 -107.476196 2.000000 
-441.374603 421.560608 -107.697197 2.000000 
-441.341187 421.887512 -107.783203 2.000000 
-441.559692 421.982391 -107.859200 2.000000 
-441.213501 422.617401 -108.069702 2.000000 
-441.331299 423.525604 -108.437103 2.000000 
-441.424103 423.891602 -108.464401 2.000000 
-441.701111 424.401215 -108.737396 2.000000 
-441.621704 424.810913 -108.834900 2.000000 
-441.462097 425.406891 -109.125000 2.000000 
-441.395111 426.012299 -109.353897 2.000000 
-441.473389 426.400604 -109.546997 2.000000 
-441.417389 426.915497 -109.709396 2.000000 
-441.280396 427.504395 -109.909897 2.000000 
-441.548401 427.964203 -110.143501 2.000000 
-441.335785 428.233093 -110.224197 2.000000 
-441.547607 428.901001 -110.375999 2.000000 
-441.121887 429.289093 -110.558296 2.000000 
-441.315887 430.008911 -110.796097 2.000000 
-441.532898 430.356995 -111.002296 2.000000 
-441.481415 431.285004 -111.260902 2.000000 
-441.519989 431.677887 -111.450500 2.000000 
-441.219788 431.963715 -111.543800 2.000000 
-441.699890 432.529602 -111.748802 2.000000 
-441.610413 432.666992 -111.794296 2.000000 
-441.547302 433.591888 -112.189796 2.000000 
-441.385498 434.013092 -112.357803 2.000000 
-441.468414 434.585907 -112.589104 2.000000 
-441.434113 435.119202 -112.780899 2.000000 
-441.300690 435.480804 -112.861702 2.000000 
-441.457611 435.879791 -112.960197 2.000000 
-441.357910 436.816315 -113.388603 2.000000 
-441.289215 437.013611 -113.421303 2.000000 
-441.169403 437.417389 -113.539299 2.000000 
-441.297485 438.056610 -113.881699 2.000000 
-441.207306 438.466797 -113.987198 2.000000 
-441.511414 439.050995 -114.195297 2.000000 
-441.289001 439.637207 -114.446198 2.000000 
-441.216309 439.905609 -114.518097 2.000000 
-441.407410 440.713989 -114.778900 2.000000 
-441.401306 440.910889 -114.958099 2.000000 
-441.408295 441.515991 -115.113998 2.000000 
-441.479614 442.034088 -115.252197 2.000000 
-441.301910 442.948700 -115.653999 2.000000 
-441.251587 443.587189 -115.848396 2.000000 
-441.765289 443.670807 -115.941704 2.000000 
-441.510193 444.017487 -116.107201 2.000000 
-441.180695 365.458313 -86.021500 2.000000 
-440.989502 365.640015 -86.095200 2.000000 
-440.626801 366.296387 -86.207901 2.000000 
-440.910095 366.931793 -86.552902 2.000000 
-440.902191 367.628601 -86.725998 2.000000 
-441.062805 367.928101 -86.911697 2.000000 
-440.875214 368.472198 -87.056999 2.000000 
-440.946106 368.842987 -87.265602 2.000000 
-440.612213 369.402893 -87.442596 2.000000 
-440.858398 369.904999 -87.728104 2.000000 
-440.865112 370.738190 -88.050797 2.000000 
-440.599701 371.123199 -88.075600 2.000000 
-440.938202 371.467712 -88.232101 2.000000 
-440.752686 371.843506 -88.425301 2.000000 
-441.153900 372.396698 -88.736000 2.000000 
-440.995911 372.874603 -88.898300 2.000000 
-441.060791 373.185699 -88.966003 2.000000 
-440.714386 373.844299 -89.165199 2.000000 
-440.760010 374.591614 -89.465897 2.000000 
-440.642303 375.079498 -89.629097 2.000000 
-440.632294 375.744385 -90.018799 2.000000 
-441.119507 376.242401 -90.120003 2.000000 
-440.786987 376.444794 -90.206299 2.000000 
-441.118103 376.732697 -90.356598 2.000000 
-440.975311 377.433411 -90.607201 2.000000 
-440.912689 378.035797 -90.815300 2.000000 
-440.976593 391.512787 -96.097504 2.000000 
-441.037598 391.878387 -96.239998 2.000000 
-440.557312 392.270203 -96.295197 2.000000 
-440.758514 392.745605 -96.510902 2.000000 
-440.698486 393.722198 -96.910202 2.000000 
-440.992493 393.760590 -96.905701 2.000000 
-440.832214 394.279114 -97.149597 2.000000 
-440.791290 394.876312 -97.353203 2.000000 
-440.889008 395.550995 -97.676498 2.000000 
-441.018585 395.760803 -97.817001 2.000000 
-440.805511 396.272491 -97.970200 2.000000 
-440.863312 396.731293 -98.185501 2.000000 
-440.937805 397.491608 -98.407700 2.000000 
-440.515015 398.098907 -98.581398 2.000000 
-441.007599 398.611511 -98.775299 2.000000 
-440.884003 398.787689 -98.958000 2.000000 
-440.705505 399.395905 -99.199303 2.000000 
-440.775391 399.951599 -99.302803 2.000000 
-440.950897 400.495392 -99.627899 2.000000 
-440.814606 400.696503 -99.671303 2.000000 
-440.988312 401.724396 -100.055603 2.000000 
-441.123199 401.829895 -100.056602 2.000000 
-440.943298 402.593689 -100.406403 2.000000 
-440.968506 403.043396 -100.535004 2.000000 
-440.766998 403.446808 -100.619301 2.000000 
-440.927307 404.119598 -101.031303 2.000000 
-441.148712 404.481201 -101.050697 2.000000 
-440.840088 405.097504 -101.285698 2.000000 
-441.113098 405.347412 -101.378197 2.000000 
-440.845795 405.885101 -101.598099 2.000000 
-441.204590 406.796295 -102.026497 2.000000 
-440.921112 407.199188 -102.116302 2.000000 
-440.683899 407.380188 -102.161598 2.000000 
-441.083893 408.086700 -102.544502 2.000000 
-440.682495 408.807709 -102.754097 2.000000 
-440.544708 408.904297 -102.832802 2.000000 
-440.971191 409.700104 -103.030098 2.000000 
-440.709198 410.208496 -103.341301 2.000000 
-440.661987 410.430389 -103.403999 2.000000 
-440.776703 410.929504 -103.514900 2.000000 
-441.220490 411.510406 -103.838699 2.000000 
-440.784088 412.082306 -104.042503 2.000000 
-440.738495 413.043915 -104.374603 2.000000 
-440.949707 412.871399 -104.342499 2.000000 
-440.773499 413.747711 -104.597900 2.000000 
-441.018402 414.267487 -104.853203 2.000000 
-440.854309 414.493408 -104.851997 2.000000 
-441.019104 415.258698 -105.293198 2.000000 
-440.719299 415.685486 -105.380798 2.000000 
-440.468811 416.432800 -105.628502 2.000000 
-440.667206 416.585510 -105.628998 2.000000 
-440.822601 417.129211 -105.953300 2.000000 
-441.048706 417.816193 -106.243599 2.000000 
-440.889191 418.540009 -106.410500 2.000000 
-440.847504 418.375397 -106.441902 2.000000 
-440.652710 419.273499 -106.698799 2.000000 
-440.720306 419.599213 -106.898804 2.000000 
-440.873108 420.192200 -107.013496 2.000000 
-440.985199 420.503296 -107.185501 2.000000 
-440.975311 421.127991 -107.424698 2.000000 
-440.645111 421.890900 -107.710602 2.000000 
-440.806091 422.411499 -107.900497 2.000000 
-440.804596 422.921295 -108.109802 2.000000 
-440.533997 423.554504 -108.354599 2.000000 
-440.639404 424.079987 -108.557404 2.000000 
-440.483612 424.511597 -108.649902 2.000000 
-440.845490 424.915100 -108.866600 2.000000 
-440.756500 425.406403 -109.063797 2.000000 
-440.873199 426.076996 -109.361397 2.000000 
-440.614502 426.753815 -109.538002 2.000000 
-440.600006 426.988190 -109.631699 2.000000 
-441.353302 427.433685 -109.875298 2.000000 
-441.035889 427.746796 -109.892799 2.000000 
-440.921295 428.222900 -110.066399 2.000000 
-440.631409 428.569397 -110.224297 2.000000 
-441.105804 429.589386 -110.674698 2.000000 
-440.408997 429.781311 -110.646500 2.000000 
-440.832794 430.273712 -110.883499 2.000000 
-440.767609 430.848602 -111.040298 2.000000 
-440.800995 431.562500 -111.316299 2.000000 
-441.002502 432.162811 -111.608704 2.000000 
-440.705109 432.387390 -111.699097 2.000000 
-441.028809 432.872589 -111.892799 2.000000 
-441.026093 433.494110 -112.102997 2.000000 
-440.730988 434.141388 -112.254799 2.000000 
-440.905396 434.350891 -112.425400 2.000000 
-440.949097 435.130188 -112.659302 2.000000 
-441.079010 435.584503 -112.830498 2.000000 
-440.491791 435.981812 -113.042999 2.000000 
-440.718201 436.900299 -113.351097 2.000000 
-440.942902 436.947205 -113.388298 2.000000 
-440.786804 437.778687 -113.662903 2.000000 
-441.153687 438.114807 -113.833199 2.000000 
-441.029114 438.449097 -114.030602 2.000000 
-440.977112 439.136810 -114.220497 2.000000 
-440.779602 439.528503 -114.306602 2.000000 
-440.873199 440.403900 -114.744698 2.000000 
-440.746307 440.185303 -114.586700 2.000000 
-440.868103 441.252686 -114.939301 2.000000 
-440.665009 441.608612 -115.072502 2.000000 
-441.003510 442.428009 -115.364403 2.000000 
-441.021301 442.756195 -115.561600 2.000000 
-440.846497 442.943115 -115.646004 2.000000 
-441.015106 443.769806 -115.943100 2.000000 
-441.058197 444.226288 -116.075996 2.000000 
-440.743103 365.545410 -85.994400 2.000000 
-440.523102 365.463806 -85.927200 2.000000 
-440.263397 366.511993 -86.263000 2.000000 
-440.357788 367.022614 -86.494797 2.000000 
-440.211609 367.203186 -86.567200 2.000000 
-440.142792 367.774902 -86.758797 2.000000 
-440.266205 368.449493 -87.023903 2.000000 
-440.106903 368.681610 -87.111504 2.000000 
-440.348511 369.714691 -87.537804 2.000000 
-440.053314 369.880493 -87.677902 2.000000 
-440.210388 370.392395 -87.809700 2.000000 
-440.306213 370.841187 -87.956200 2.000000 
-440.224915 371.528900 -88.223701 2.000000 
-440.225891 371.965088 -88.447403 2.000000 
-440.697510 372.479889 -88.655800 2.000000 
-440.393890 373.052399 -88.902000 2.000000 
-440.578796 373.341309 -88.994499 2.000000 
-440.161713 373.997101 -89.175797 2.000000 
-440.578003 374.355499 -89.385201 2.000000 
-440.313293 375.018402 -89.710098 2.000000 
-440.406403 375.506714 -89.769302 2.000000 
-440.175110 376.242706 -90.058998 2.000000 
-440.784790 376.750092 -90.347198 2.000000 
-440.211090 377.082092 -90.478699 2.000000 
-440.441193 377.254608 -90.570702 2.000000 
-440.269714 391.914490 -96.177498 2.000000 
-440.348206 392.217896 -96.258003 2.000000 
-440.409393 392.937592 -96.589996 2.000000 
-440.185394 393.315002 -96.698997 2.000000 
-440.344391 393.747986 -96.992699 2.000000 
-440.771393 394.027893 -97.134598 2.000000 
-440.454987 394.766113 -97.343102 2.000000 
-440.212494 395.239899 -97.550598 2.000000 
-440.691986 395.923309 -97.853401 2.000000 
-440.362701 396.652710 -98.087502 2.000000 
-440.428894 396.778290 -98.054703 2.000000 
-440.550690 397.721710 -98.446899 2.000000 
-440.600311 397.846985 -98.569603 2.000000 
-440.533905 398.488098 -98.765503 2.000000 
-440.527893 398.963104 -98.914803 2.000000 
-440.360687 399.318298 -99.083801 2.000000 
-440.589111 399.885986 -99.337303 2.000000 
-440.191589 400.484192 -99.545898 2.000000 
-440.408813 401.097290 -99.718002 2.000000 
-440.138885 401.482086 -99.824799 2.000000 
-440.384888 401.634888 -99.892799 2.000000 
-440.394501 402.742706 -100.405899 2.000000 
-440.007812 402.810699 -100.368599 2.000000 
-440.429291 403.532715 -100.767700 2.000000 
-440.366699 403.777588 -100.718102 2.000000 
-440.263214 404.316101 -100.999702 2.000000 
-440.336395 404.694611 -101.104897 2.000000 
-440.434113 405.493408 -101.495003 2.000000 
-440.580505 405.892090 -101.676903 2.000000 
-440.160187 406.486115 -101.870102 2.000000 
-440.138306 407.178497 -102.024597 2.000000 
-440.199188 407.434509 -102.147003 2.000000 
-440.324005 407.885498 -102.408997 2.000000 
-440.121704 408.634613 -102.684303 2.000000 
-440.498810 409.169586 -102.811699 2.000000 
-440.049408 409.411407 -102.898300 2.000000 
-440.266205 410.052704 -103.111603 2.000000 
-439.942108 410.543396 -103.270302 2.000000 
-440.171600 410.925690 -103.561501 2.000000 
-440.203796 411.585693 -103.696404 2.000000 
-440.340088 412.176605 -103.926697 2.000000 
-440.516388 412.711395 -104.205101 2.000000 
-440.532410 413.359894 -104.424698 2.000000 
-440.396912 413.606293 -104.609802 2.000000 
-440.252411 414.818512 -104.940102 2.000000 
-440.421387 414.587189 -104.976601 2.000000 
-440.279907 415.156799 -105.139297 2.000000 
-440.535095 415.526886 -105.296700 2.000000 
-440.479187 416.400909 -105.614304 2.000000 
-440.335297 416.834015 -105.790703 2.000000 
-440.107086 417.186096 -105.953903 2.000000 
-440.336609 417.622101 -106.104897 2.000000 
-440.226898 418.363098 -106.319199 2.000000 
-440.685913 418.631989 -106.503601 2.000000 
-440.074799 419.404388 -106.674797 2.000000 
-440.584015 419.645691 -106.883003 2.000000 
-440.205994 420.141907 -107.085503 2.000000 
-440.150787 420.585785 -107.183601 2.000000 
-440.264099 421.347412 -107.424698 2.000000 
-440.414001 421.514008 -107.563499 2.000000 
-440.303986 422.209900 -107.840599 2.000000 
-440.318207 422.670990 -107.944901 2.000000 
-440.636292 423.429993 -108.284798 2.000000 
-440.171387 424.150513 -108.584602 2.000000 
-440.226105 424.392303 -108.632301 2.000000 
-440.252899 424.817200 -108.715698 2.000000 
-440.505005 425.826691 -109.189301 2.000000 
-440.127808 426.069092 -109.316597 2.000000 
-440.500092 426.428406 -109.442200 2.000000 
-440.103607 426.734589 -109.509399 2.000000 
-440.455902 427.367798 -109.747704 2.000000 
-440.500793 428.051910 -110.042999 2.000000 
-440.209106 428.044189 -110.031097 2.000000 
-440.525696 428.743988 -110.316704 2.000000 
-440.723694 429.519989 -110.565399 2.000000 
-440.254791 430.044708 -110.776199 2.000000 
-440.489502 430.759399 -111.079597 2.000000 
-440.453491 430.803192 -110.996597 2.000000 
-440.355408 431.296997 -111.259903 2.000000 
-440.411987 431.586609 -111.299301 2.000000 
-440.583801 432.460999 -111.707703 2.000000 
-440.757904 432.866302 -111.862602 2.000000 
-440.248199 433.568298 -112.015800 2.000000 
-440.082611 434.010895 -112.226303 2.000000 
-440.220886 434.481415 -112.374397 2.000000 
-440.667603 434.985199 -112.641998 2.000000 
-440.238708 435.609406 -112.902397 2.000000 
-440.475800 435.862213 -112.990997 2.000000 
-440.313293 436.704987 -113.213699 2.000000 
-440.531891 437.059296 -113.442101 2.000000 
-440.555786 437.729889 -113.718903 2.000000 
-440.367004 438.018494 -113.776299 2.000000 
-440.474213 438.662201 -113.947601 2.000000 
-440.220398 439.087402 -114.175102 2.000000 
-440.447998 439.935394 -114.458900 2.000000 
-440.482300 440.210785 -114.606003 2.000000 
-440.549591 440.526611 -114.712097 2.000000 
-440.746704 441.303589 -115.058800 2.000000 
-440.416992 441.616913 -115.030502 2.000000 
-439.989410 442.301514 -115.229202 2.000000 
-440.575287 442.234192 -115.263000 2.000000 
-440.299408 442.906403 -115.570198 2.000000 
-440.191101 443.645508 -115.752296 2.000000 
-439.779114 365.858887 -86.066597 2.000000 
-439.843811 365.826904 -85.982498 2.000000 
-439.688293 366.959808 -86.400497 2.000000 
-439.802307 367.404388 -86.653503 2.000000 
-439.732697 368.040588 -86.853699 2.000000 
-439.692993 368.133514 -86.841599 2.000000 
-439.673187 368.868500 -87.184402 2.000000 
-439.834015 369.261505 -87.317497 2.000000 
-439.741394 369.819214 -87.604301 2.000000 
-439.608887 370.413605 -87.845901 2.000000 
-439.898499 371.236511 -88.084000 2.000000 
-439.948090 371.355591 -88.252998 2.000000 
-440.252197 371.728302 -88.368500 2.000000 
-439.618286 372.356293 -88.476799 2.000000 
-439.596100 373.024811 -88.735100 2.000000 
-440.092896 373.380798 -89.036102 2.000000 
-439.836792 373.839600 -89.065598 2.000000 
-439.957703 374.670593 -89.441101 2.000000 
-440.033691 374.877106 -89.534203 2.000000 
-439.949585 375.606995 -89.776398 2.000000 
-439.590698 375.895508 -89.893700 2.000000 
-439.919312 376.603302 -90.222099 2.000000 
-439.873291 392.250885 -96.306198 2.000000 
-439.831909 392.911194 -96.608498 2.000000 
-440.012299 393.006592 -96.620903 2.000000 
-439.810699 393.785706 -96.841400 2.000000 
-439.720703 394.300293 -97.149002 2.000000 
-439.698792 394.745697 -97.217796 2.000000 
-439.914093 395.132507 -97.424698 2.000000 
-440.067200 395.722504 -97.710999 2.000000 
-439.890594 396.027588 -97.770401 2.000000 
-439.997192 396.795502 -98.104599 2.000000 
-439.565887 397.165802 -98.167801 2.000000 
-439.801514 397.880615 -98.431000 2.000000 
-439.831604 398.064606 -98.539803 2.000000 
-439.934113 399.114502 -99.001503 2.000000 
-439.981201 399.526703 -99.048500 2.000000 
-439.845093 399.902802 -99.240196 2.000000 
-439.889893 400.596008 -99.534599 2.000000 
-440.028015 401.040192 -99.685997 2.000000 
-440.099304 401.729889 -100.021400 2.000000 
-439.904205 402.169189 -100.193001 2.000000 
-439.781586 402.228088 -100.066902 2.000000 
-439.615112 402.876892 -100.351501 2.000000 
-439.736206 403.378693 -100.520401 2.000000 
-439.893890 404.126312 -100.929802 2.000000 
-439.900513 404.381104 -101.047096 2.000000 
-439.998810 405.062500 -101.228996 2.000000 
-439.839508 405.567993 -101.400497 2.000000 
-439.615387 406.121399 -101.693703 2.000000 
-440.088898 406.548401 -101.785599 2.000000 
-439.862305 407.397491 -102.077499 2.000000 
-440.044006 407.739899 -102.299301 2.000000 
-439.814392 407.951111 -102.325996 2.000000 
-439.638489 408.637085 -102.610497 2.000000 
-440.070007 409.191315 -102.843697 2.000000 
-439.540894 409.813202 -102.954697 2.000000 
-439.867310 410.026794 -103.191597 2.000000 
-439.929413 410.682098 -103.432198 2.000000 
-439.637695 411.260101 -103.559402 2.000000 
-439.787811 411.277405 -103.609901 2.000000 
-439.770386 412.169189 -103.962402 2.000000 
-440.149902 412.548615 -104.081703 2.000000 
-439.670197 413.158600 -104.319603 2.000000 
-439.470001 413.640289 -104.445801 2.000000 
-439.822906 413.864288 -104.547997 2.000000 
-439.486511 414.630402 -104.930099 2.000000 
-439.813995 415.030792 -105.107803 2.000000 
-439.830292 415.744812 -105.242798 2.000000 
-440.058990 416.163300 -105.418999 2.000000 
-439.482086 416.516296 -105.557701 2.000000 
-439.854095 417.210785 -105.841499 2.000000 
-439.644287 418.084198 -106.213203 2.000000 
-439.784302 417.975800 -106.208504 2.000000 
-440.115204 418.838501 -106.450996 2.000000 
-439.535004 419.158386 -106.558998 2.000000 
-439.849701 419.592590 -106.743103 2.000000 
-439.798187 420.053406 -106.898102 2.000000 
-439.710510 420.795807 -107.204697 2.000000 
-439.972412 421.390900 -107.520699 2.000000 
-440.214203 421.863007 -107.628899 2.000000 
-439.785797 422.023499 -107.679604 2.000000 
-439.839508 422.845093 -107.956902 2.000000 
-439.888885 423.258392 -108.158699 2.000000 
-439.827393 423.704010 -108.395302 2.000000 
-439.771210 424.438293 -108.603203 2.000000 
-440.104492 424.935608 -108.790604 2.000000 
-439.586609 425.567108 -109.034500 2.000000 
-439.950989 426.086914 -109.167702 2.000000 
-439.756592 426.594513 -109.384003 2.000000 
-439.911285 426.742188 -109.504402 2.000000 
-439.185608 427.552094 -109.660004 2.000000 
-440.093292 428.012207 -109.989197 2.000000 
-439.942810 428.278412 -110.056000 2.000000 
-439.932312 429.190796 -110.359299 2.000000 
-439.847290 429.252502 -110.354202 2.000000 
-440.079010 429.543213 -110.514099 2.000000 
-439.987610 430.476105 -110.865601 2.000000 
-439.793091 431.059998 -111.158798 2.000000 
-439.826691 431.273804 -111.109497 2.000000 
-439.911896 431.873993 -111.466797 2.000000 
-439.682312 432.375305 -111.599701 2.000000 
-439.657013 433.074890 -111.818901 2.000000 
-440.004395 433.557587 -111.995003 2.000000 
-440.053406 433.926086 -112.195503 2.000000 
-439.887085 434.719604 -112.422203 2.000000 
-439.831390 434.940399 -112.570099 2.000000 
-439.848511 435.396393 -112.710701 2.000000 
-439.817505 435.742401 -112.874603 2.000000 
-439.860901 436.584991 -113.164200 2.000000 
-439.928986 437.101990 -113.323700 2.000000 
-439.809387 437.660004 -113.554497 2.000000 
-439.595398 437.980194 -113.683502 2.000000 
-439.857086 438.663208 -113.980103 2.000000 
-439.650208 438.954590 -113.998199 2.000000 
-439.712189 439.525604 -114.249702 2.000000 
-439.889496 440.039001 -114.442497 2.000000 
-440.133606 440.929108 -114.816399 2.000000 
-439.777802 441.191589 -114.893303 2.000000 
-439.704987 441.868591 -115.117500 2.000000 
-439.329407 442.467590 -115.243401 2.000000 
-439.824707 442.764587 -115.445503 2.000000 
-440.003601 442.907013 -115.508797 2.000000 
-440.030914 443.974915 -115.950203 2.000000 
-439.872101 443.969910 -115.942299 2.000000 
-439.835907 366.035400 -86.019302 2.000000 
-439.000610 366.419098 -86.242897 2.000000 
-439.506897 367.023407 -86.503197 2.000000 
-439.221802 367.240112 -86.557098 2.000000 
-439.260803 368.256012 -86.926201 2.000000 
-439.384399 368.133789 -86.864197 2.000000 
-439.525085 368.761200 -87.123001 2.000000 
-439.459290 369.467987 -87.415001 2.000000 
-439.242096 370.034698 -87.627701 2.000000 
-439.128510 370.350006 -87.781601 2.000000 
-439.264191 370.788208 -87.957397 2.000000 
-439.379791 371.451691 -88.228500 2.000000 
-439.233002 371.879608 -88.272102 2.000000 
-439.410309 372.369812 -88.474701 2.000000 
-439.263885 372.934601 -88.717400 2.000000 
-439.378204 373.461487 -88.995201 2.000000 
-439.444397 373.770111 -89.143501 2.000000 
-439.136414 374.205505 -89.209297 2.000000 
-439.239990 375.068115 -89.514297 2.000000 
-439.109009 375.673615 -89.785698 2.000000 
-439.505615 375.877808 -89.960999 2.000000 
-439.314606 392.118988 -96.201302 2.000000 
-439.326111 392.894104 -96.512703 2.000000 
-439.571991 393.372498 -96.777100 2.000000 
-439.036896 393.886810 -96.895699 2.000000 
-439.042999 394.125885 -96.945602 2.000000 
-439.252991 395.102692 -97.326500 2.000000 
-439.420990 395.222595 -97.344299 2.000000 
-439.652802 395.747803 -97.655800 2.000000 
-439.307190 396.542297 -97.894096 2.000000 
-439.170105 396.616089 -97.967697 2.000000 
-439.360992 397.527802 -98.236504 2.000000 
-439.231201 398.070892 -98.448601 2.000000 
-439.332092 398.181610 -98.499496 2.000000 
-439.288300 398.970001 -98.785797 2.000000 
-439.300995 399.226990 -98.967499 2.000000 
-439.414398 400.234985 -99.410301 2.000000 
-439.071686 400.652588 -99.424599 2.000000 
-438.938293 400.865509 -99.548103 2.000000 
-438.957703 401.256287 -99.632599 2.000000 
-439.185303 401.975403 -100.062798 2.000000 
-439.320801 402.046112 -99.992302 2.000000 
-439.072815 403.006500 -100.434196 2.000000 
-439.365601 403.721497 -100.684799 2.000000 
-439.042694 403.722504 -100.617599 2.000000 
-439.549713 404.453186 -100.926804 2.000000 
-439.230103 404.912201 -101.060600 2.000000 
-439.476898 405.634094 -101.413902 2.000000 
-439.220612 406.125214 -101.588799 2.000000 
-439.425812 406.252014 -101.629097 2.000000 
-439.613007 407.286896 -102.021202 2.000000 
-439.463593 407.145508 -101.974197 2.000000 
-439.402893 407.935303 -102.300003 2.000000 
-439.561310 408.655609 -102.586601 2.000000 
-438.921600 408.842804 -102.587601 2.000000 
-439.332397 409.697388 -102.898102 2.000000 
-439.395294 409.939392 -103.037598 2.000000 
-439.497986 410.830811 -103.388397 2.000000 
-439.446808 411.132812 -103.470398 2.000000 
-439.596100 411.546112 -103.735100 2.000000 
-439.296997 412.466187 -104.004097 2.000000 
-439.363708 412.462097 -103.966499 2.000000 
-439.227600 413.017792 -104.301399 2.000000 
-439.316315 413.852112 -104.620499 2.000000 
-439.529907 414.275787 -104.689499 2.000000 
-439.093292 414.560791 -104.819801 2.000000 
-439.637604 415.222412 -105.024803 2.000000 
-439.276489 415.795502 -105.244003 2.000000 
-439.228088 416.427002 -105.459702 2.000000 
-439.351501 416.812286 -105.643204 2.000000 
-439.190887 417.067108 -105.720901 2.000000 
-439.460388 417.713593 -106.067902 2.000000 
-439.484985 418.345306 -106.234001 2.000000 
-439.253693 418.591095 -106.363899 2.000000 
-439.463409 419.403107 -106.721497 2.000000 
-439.026611 419.803009 -106.840698 2.000000 
-439.159088 420.322998 -106.974998 2.000000 
-439.225586 421.231415 -107.309700 2.000000 
-439.791107 421.361908 -107.484497 2.000000 
-439.346893 421.933289 -107.696800 2.000000 
-439.096710 422.370209 -107.827499 2.000000 
-439.100708 422.474915 -107.787003 2.000000 
-439.256500 423.547394 -108.168999 2.000000 
-439.277008 423.713989 -108.226196 2.000000 
-439.158905 424.350494 -108.538902 2.000000 
-439.273285 425.161713 -108.891998 2.000000 
-439.160797 425.375092 -108.864998 2.000000 
-439.665985 425.758606 -109.078400 2.000000 
-439.193909 426.177185 -109.164200 2.000000 
-439.319305 426.935486 -109.469002 2.000000 
-439.492188 427.363586 -109.701202 2.000000 
-439.465393 427.706299 -109.856903 2.000000 
-439.376892 428.381714 -109.983902 2.000000 
-439.280487 428.862701 -110.186096 2.000000 
-439.209412 429.477600 -110.504700 2.000000 
-439.488708 430.057404 -110.671997 2.000000 
-439.254700 430.455902 -110.820000 2.000000 
-439.385986 431.088593 -111.056900 2.000000 
-438.993286 431.294891 -111.054100 2.000000 
-439.224213 431.871490 -111.407303 2.000000 
-439.594208 432.645203 -111.600998 2.000000 
-439.362091 433.194885 -111.789803 2.000000 
-439.074890 433.519012 -111.917397 2.000000 
-439.397614 434.019897 -112.230797 2.000000 
-439.235413 434.474915 -112.309303 2.000000 
-439.387604 435.332703 -112.683998 2.000000 
-439.145691 435.624603 -112.767197 2.000000 
-439.239807 436.090912 -112.988197 2.000000 
-439.338715 436.573395 -113.149200 2.000000 
-439.314606 437.022003 -113.251801 2.000000 
-439.382111 437.528900 -113.505501 2.000000 
-439.214600 437.845306 -113.589203 2.000000 
-439.369507 438.570892 -113.807404 2.000000 
-439.126312 438.885406 -114.025299 2.000000 
-439.040894 439.593201 -114.264999 2.000000 
-439.081787 439.963287 -114.336899 2.000000 
-439.379700 440.816498 -114.703400 2.000000 
-439.022614 440.940399 -114.753998 2.000000 
-439.466888 441.620392 -115.040802 2.000000 
-439.304413 442.177002 -115.263496 2.000000 
-439.406494 442.632385 -115.361198 2.000000 
-439.451904 443.224304 -115.666298 2.000000 
-439.312988 443.726288 -115.704903 2.000000 
-439.388489 444.177795 -115.917297 2.000000 
-438.964600 365.878998 -86.010696 2.000000 
-438.843109 366.072388 -86.036400 2.000000 
-438.778595 366.982208 -86.386803 2.000000 
-438.504486 367.414001 -86.508904 2.000000 
-438.915497 367.867615 -86.690804 2.000000 
-438.846008 368.654785 -86.988098 2.000000 
-438.746704 368.728912 -86.991600 2.000000 
-438.939697 369.280914 -87.307899 2.000000 
-438.775299 370.289093 -87.640297 2.000000 
-438.769989 370.398102 -87.711899 2.000000 
-438.859192 370.916504 -87.975304 2.000000 
-439.118988 371.508911 -88.221298 2.000000 
-439.123199 371.876312 -88.290901 2.000000 
-438.821198 372.628601 -88.518204 2.000000 
-438.949310 372.876404 -88.665802 2.000000 
-438.796387 373.364197 -88.820099 2.000000 
-438.789093 373.748596 -89.089798 2.000000 
-439.069092 374.609100 -89.318398 2.000000 
-438.972198 375.157410 -89.619202 2.000000 
-438.950714 375.327911 -89.587502 2.000000 
-438.602509 392.378113 -96.184700 2.000000 
-438.671112 392.675201 -96.302101 2.000000 
-438.760986 393.173004 -96.636200 2.000000 
-438.568207 393.632996 -96.701103 2.000000 
-438.784302 394.324310 -96.971802 2.000000 
-439.093903 394.926392 -97.228798 2.000000 
-438.775787 395.539612 -97.504601 2.000000 
-438.744995 395.714813 -97.565697 2.000000 
-438.738098 396.679291 -97.907997 2.000000 
-438.957001 396.808289 -97.995697 2.000000 
-438.933289 397.492401 -98.234497 2.000000 
-438.787598 397.933807 -98.379097 2.000000 
-438.862396 398.528595 -98.633202 2.000000 
-438.832214 399.152496 -98.935997 2.000000 
-438.889099 399.491791 -99.084702 2.000000 
-438.557312 400.022308 -99.247101 2.000000 
-438.901398 400.425293 -99.432098 2.000000 
-439.001007 400.728485 -99.506302 2.000000 
-438.734894 401.441589 -99.741096 2.000000 
-438.674103 401.544586 -99.738701 2.000000 
-438.684387 402.294403 -100.068497 2.000000 
-438.809906 403.202209 -100.445702 2.000000 
-438.921814 403.690491 -100.685898 2.000000 
-438.744812 403.883698 -100.761200 2.000000 
-438.848999 404.379913 -100.865196 2.000000 
-438.737915 404.918793 -101.116699 2.000000 
-438.747803 405.464905 -101.303902 2.000000 
-438.541290 406.072815 -101.567001 2.000000 
-438.738312 406.631805 -101.681297 2.000000 
-438.847290 407.013214 -101.870201 2.000000 
-438.759094 407.205994 -101.913101 2.000000 
-438.877899 408.109802 -102.380600 2.000000 
-438.658997 408.573395 -102.481300 2.000000 
-438.629913 409.004608 -102.577797 2.000000 
-438.861298 409.467987 -102.837700 2.000000 
-438.791992 409.974915 -103.086197 2.000000 
-438.775787 410.804504 -103.276398 2.000000 
-438.732697 410.744202 -103.298203 2.000000 
-438.872314 411.740509 -103.689796 2.000000 
-438.982208 412.042389 -103.803101 2.000000 
-438.715088 412.442200 -104.016602 2.000000 
-438.701691 413.383514 -104.347397 2.000000 
-438.772797 413.627197 -104.399902 2.000000 
-438.504211 414.216309 -104.606499 2.000000 
-438.737793 414.941315 -104.938499 2.000000 
-438.833710 415.348511 -105.134499 2.000000 
-438.662415 415.760986 -105.198898 2.000000 
-438.591888 416.002808 -105.364502 2.000000 
-438.928406 416.767792 -105.581902 2.000000 
-438.977295 417.127197 -105.756599 2.000000 
-438.598114 417.754608 -105.949303 2.000000 
-438.949493 418.181610 -106.217903 2.000000 
-439.231201 418.811798 -106.402603 2.000000 
-438.673096 419.390594 -106.642403 2.000000 
-438.801300 419.654785 -106.640800 2.000000 
-438.566498 420.363892 -106.912003 2.000000 
-438.864105 420.744812 -107.072098 2.000000 
-438.680511 421.299103 -107.365303 2.000000 
-438.618408 421.626801 -107.504204 2.000000 
-438.910004 422.218597 -107.740196 2.000000 
-438.889008 422.906097 -107.901299 2.000000 
-439.097900 423.342896 -108.128899 2.000000 
-438.674896 423.700989 -108.183899 2.000000 
-438.754303 424.453705 -108.541901 2.000000 
-438.516907 424.860504 -108.624702 2.000000 
-438.694489 425.267609 -108.876198 2.000000 
-438.602600 426.139008 -109.152000 2.000000 
-438.678406 426.147186 -109.132896 2.000000 
-438.851105 426.843414 -109.366096 2.000000 
-438.960388 427.351593 -109.701599 2.000000 
-438.778900 428.030090 -109.801804 2.000000 
-439.181396 428.244812 -110.006401 2.000000 
-438.873291 428.638000 -110.175903 2.000000 
-438.916107 429.598511 -110.481102 2.000000 
-438.934998 429.952789 -110.555000 2.000000 
-438.777191 430.515808 -110.836899 2.000000 
-438.791412 430.921112 -110.978798 2.000000 
-438.867615 431.543091 -111.215797 2.000000 
-438.931213 432.100708 -111.363998 2.000000 
-438.731201 432.446198 -111.462997 2.000000 
-438.696014 433.050598 -111.767303 2.000000 
-438.605408 433.634705 -111.990097 2.000000 
-438.716888 434.159485 -112.162300 2.000000 
-438.934906 434.568298 -112.316803 2.000000 
-438.656586 434.786499 -112.353600 2.000000 
-438.846588 435.431305 -112.692596 2.000000 
-438.800903 436.166504 -112.871498 2.000000 
-438.934814 436.715698 -113.178596 2.000000 
-438.553802 436.853210 -113.116699 2.000000 
-438.580292 437.318207 -113.337997 2.000000 
-438.794006 438.262695 -113.710999 2.000000 
-439.056702 438.567688 -113.825500 2.000000 
-438.773193 439.217896 -114.122902 2.000000 
-438.879395 439.607788 -114.168503 2.000000 
-438.679688 440.463196 -114.539200 2.000000 
-439.100311 440.579010 -114.586098 2.000000 
-438.937012 441.183289 -114.797203 2.000000 
-438.837402 441.418396 -114.876503 2.000000 
-439.233612 442.092285 -115.230598 2.000000 
-438.860107 442.370087 -115.209000 2.000000 
-438.913513 443.139893 -115.473701 2.000000 
-438.921387 443.476898 -115.688499 2.000000 
-438.467194 365.831390 -85.885696 2.000000 
-438.399689 366.099915 -85.959702 2.000000 
-438.190613 367.191315 -86.352203 2.000000 
-438.002991 367.388092 -86.484802 2.000000 
-438.241302 368.027893 -86.689003 2.000000 
-438.267090 368.496704 -86.958199 2.000000 
-438.827789 368.671814 -86.984901 2.000000 
-438.290192 369.442413 -87.274902 2.000000 
-438.063690 370.126495 -87.501602 2.000000 
-438.256592 370.553894 -87.659500 2.000000 
-438.128296 370.936707 -87.838203 2.000000 
-438.041107 371.668488 -88.086197 2.000000 
-438.215210 372.155609 -88.314301 2.000000 
-438.316406 372.731598 -88.526901 2.000000 
-438.305511 372.779297 -88.642700 2.000000 
-438.357513 373.342407 -88.767097 2.000000 
-438.111115 374.150787 -89.081200 2.000000 
-438.356506 374.515686 -89.245903 2.000000 
-438.160889 374.947693 -89.371300 2.000000 
-438.274200 392.871094 -96.358803 2.000000 
-437.892487 393.674194 -96.648201 2.000000 
-438.152496 393.534302 -96.642601 2.000000 
-438.654297 394.509308 -97.118896 2.000000 
-438.489197 394.591187 -97.121201 2.000000 
-438.283203 395.402802 -97.350700 2.000000 
-438.451508 395.937286 -97.682404 2.000000 
-438.135406 396.517914 -97.738701 2.000000 
-438.161987 396.924103 -97.977203 2.000000 
-438.228088 397.365295 -98.097397 2.000000 
-438.159485 397.779297 -98.224701 2.000000 
-438.174591 398.181793 -98.400002 2.000000 
-438.210785 398.862000 -98.763298 2.000000 
-438.244293 399.050598 -98.782997 2.000000 
-438.664490 400.124695 -99.242104 2.000000 
-438.273712 400.515594 -99.336601 2.000000 
-438.467285 401.039215 -99.643700 2.000000 
-438.480804 401.743408 -99.801903 2.000000 
-438.338104 402.190094 -100.045799 2.000000 
-438.048096 402.755310 -100.202301 2.000000 
-438.098907 403.028412 -100.274399 2.000000 
-438.744293 403.670990 -100.583504 2.000000 
-438.018005 404.120697 -100.757202 2.000000 
-438.324402 404.539307 -100.854599 2.000000 
-437.914093 404.958405 -101.021202 2.000000 
-438.085114 405.532806 -101.321404 2.000000 
-438.693298 405.873688 -101.477699 2.000000 
-438.343994 406.487213 -101.730301 2.000000 
-438.157898 407.054199 -101.841400 2.000000 
-438.294006 407.444397 -102.042099 2.000000 
-438.310089 408.153992 -102.301804 2.000000 
-438.192413 408.526215 -102.452202 2.000000 
-438.277588 409.121002 -102.643501 2.000000 
-438.344604 409.351990 -102.820396 2.000000 
-438.253387 410.224487 -103.111603 2.000000 
-438.159485 410.828491 -103.254799 2.000000 
-438.311310 410.922394 -103.368797 2.000000 
-438.299988 411.863495 -103.756203 2.000000 
-438.287994 412.290497 -103.905502 2.000000 
-438.611694 412.579498 -104.050598 2.000000 
-438.108490 413.015808 -104.143402 2.000000 
-438.163696 413.754211 -104.383598 2.000000 
-438.287506 414.142609 -104.592903 2.000000 
-438.218506 414.607086 -104.814697 2.000000 
-438.072998 415.099915 -104.956299 2.000000 
-438.300201 415.718506 -105.225098 2.000000 
-438.234985 416.222412 -105.353401 2.000000 
-438.231689 416.902008 -105.588799 2.000000 
-438.544189 417.087494 -105.744598 2.000000 
-438.178497 417.576385 -105.873100 2.000000 
-438.307587 417.964600 -105.985397 2.000000 
-438.061005 418.584290 -106.242401 2.000000 
-438.031403 419.023102 -106.355499 2.000000 
-438.249298 419.856415 -106.731796 2.000000 
-438.468109 420.183685 -106.836899 2.000000 
-438.286804 420.974396 -107.165398 2.000000 
-438.442505 421.062408 -107.262299 2.000000 
-438.250092 421.909302 -107.512199 2.000000 
-438.189087 422.251495 -107.637398 2.000000 
-438.279907 422.588989 -107.732002 2.000000 
-438.469086 423.582794 -108.227501 2.000000 
-438.069885 423.744385 -108.266701 2.000000 
-438.317291 424.345490 -108.383003 2.000000 
-438.086914 424.701691 -108.493103 2.000000 
-438.515411 425.170197 -108.722801 2.000000 
-438.718506 426.298401 -109.149803 2.000000 
-438.525604 426.469696 -109.303101 2.000000 
-438.314209 426.885193 -109.354797 2.000000 
-438.472107 427.459503 -109.622597 2.000000 
-438.265015 427.833313 -109.795998 2.000000 
-438.386200 428.274506 -109.941299 2.000000 
-438.196899 429.103607 -110.290100 2.000000 
-438.152008 429.364197 -110.283302 2.000000 
-438.533997 429.737213 -110.428802 2.000000 
-438.186310 430.084412 -110.617203 2.000000 
-438.438812 431.179901 -110.997101 2.000000 
-438.484802 431.562408 -111.217796 2.000000 
-438.374786 431.717102 -111.203300 2.000000 
-438.240997 432.592590 -111.592102 2.000000 
-438.555298 433.069611 -111.783997 2.000000 
-438.339508 433.179810 -111.767303 2.000000 
-438.471497 434.070587 -112.064400 2.000000 
-438.424500 434.343414 -112.204498 2.000000 
-438.316101 434.974609 -112.457298 2.000000 
-438.535706 435.609314 -112.759804 2.000000 
-438.300995 435.947296 -112.868698 2.000000 
-438.308105 436.418915 -112.993896 2.000000 
-438.403900 437.021210 -113.185799 2.000000 
-438.260315 437.593903 -113.353699 2.000000 
-438.518188 437.692291 -113.502899 2.000000 
-438.545502 438.438385 -113.693802 2.000000 
-438.163086 438.770111 -113.778900 2.000000 
-438.091797 439.863190 -114.175697 2.000000 
-438.404999 440.356689 -114.378998 2.000000 
-438.155304 440.702301 -114.514999 2.000000 
-438.351807 441.283386 -114.730499 2.000000 
-438.248596 441.694794 -114.904602 2.000000 
-438.556213 442.279114 -115.130997 2.000000 
-438.301392 442.604187 -115.261101 2.000000 
-438.501007 443.255188 -115.591202 2.000000 
-438.406006 443.582703 -115.574699 2.000000 
-437.713409 365.809113 -85.839104 2.000000 
-437.761505 366.401215 -86.097298 2.000000 
-437.542389 366.536407 -86.072601 2.000000 
-437.994507 367.468597 -86.572403 2.000000 
-437.874908 367.749786 -86.610703 2.000000 
-437.920990 368.285889 -86.783401 2.000000 
-437.806793 368.941986 -87.030899 2.000000 
-437.828003 369.194092 -87.225098 2.000000 
-437.886688 369.805389 -87.408699 2.000000 
-437.917908 370.550903 -87.672203 2.000000 
-437.794800 371.093506 -87.930099 2.000000 
-437.907104 371.587494 -88.065804 2.000000 
-437.841705 371.848297 -88.223701 2.000000 
-437.552887 372.411987 -88.338402 2.000000 
-438.008606 373.203003 -88.788300 2.000000 
-438.038391 373.544800 -88.852303 2.000000 
-437.773804 373.695801 -88.947899 2.000000 
-437.813110 374.602509 -89.296204 2.000000 
-437.890015 393.133209 -96.429398 2.000000 
-437.993500 393.907013 -96.831596 2.000000 
-437.858093 394.458099 -96.992401 2.000000 
-437.883606 394.858490 -97.101097 2.000000 
-437.575287 395.525513 -97.376297 2.000000 
-437.896912 395.808899 -97.563400 2.000000 
-437.606201 396.599213 -97.841599 2.000000 
-437.680298 396.961487 -97.911400 2.000000 
-437.771912 397.512604 -98.116600 2.000000 
-437.852600 397.806793 -98.272797 2.000000 
-437.790192 398.353394 -98.522499 2.000000 
-437.661713 399.145386 -98.840599 2.000000 
-437.989288 399.504791 -99.006798 2.000000 
-437.778595 399.870697 -99.091904 2.000000 
-437.859894 400.661194 -99.441002 2.000000 
-437.980591 401.054108 -99.484802 2.000000 
-437.528290 401.733795 -99.719803 2.000000 
-437.794189 401.985992 -99.886398 2.000000 
-437.851898 402.626801 -100.177399 2.000000 
-437.249390 403.410889 -100.316002 2.000000 
-438.059692 403.423004 -100.421501 2.000000 
-437.619995 403.906311 -100.683296 2.000000 
-437.773590 404.605103 -100.824097 2.000000 
-438.101898 405.068115 -101.095398 2.000000 
-437.730804 405.580811 -101.272903 2.000000 
-437.338593 406.198792 -101.525398 2.000000 
-438.065704 406.567596 -101.631401 2.000000 
-437.976990 407.223907 -101.932098 2.000000 
-437.582794 407.560486 -101.980499 2.000000 
-437.816193 408.295593 -102.367401 2.000000 
-437.615906 408.414398 -102.385803 2.000000 
-438.197998 409.288788 -102.684700 2.000000 
-437.712799 409.445099 -102.679001 2.000000 
-437.744904 410.040588 -102.981003 2.000000 
-437.575592 410.689606 -103.272697 2.000000 
-437.880890 411.039612 -103.360603 2.000000 
-438.044708 411.604614 -103.548698 2.000000 
-437.658813 412.589691 -103.908997 2.000000 
-437.730804 412.475494 -103.950302 2.000000 
-437.834808 413.224701 -104.157997 2.000000 
-437.850800 413.579712 -104.302399 2.000000 
-437.908112 413.979401 -104.472504 2.000000 
-437.941315 414.553894 -104.684799 2.000000 
-437.541107 415.163391 -104.955704 2.000000 
-437.667694 415.413605 -104.987297 2.000000 
-438.073914 416.142395 -105.303001 2.000000 
-438.141388 416.674591 -105.486801 2.000000 
-437.723999 417.268097 -105.694298 2.000000 
-437.911011 417.471985 -105.858498 2.000000 
-437.868591 418.199005 -106.037598 2.000000 
-438.083496 418.688690 -106.359497 2.000000 
-437.751007 419.292389 -106.467499 2.000000 
-437.568298 419.888397 -106.698997 2.000000 
-437.710510 420.134094 -106.862000 2.000000 
-437.518494 420.992310 -107.133698 2.000000 
-437.818298 421.108887 -107.143898 2.000000 
-437.491211 421.838989 -107.444702 2.000000 
-437.691406 422.255890 -107.650200 2.000000 
-437.575897 422.725098 -107.779297 2.000000 
-437.700195 423.609406 -108.111900 2.000000 
-437.692902 423.744690 -108.162903 2.000000 
-437.743896 424.303009 -108.450699 2.000000 
-437.755615 424.983002 -108.648903 2.000000 
-437.756500 425.182312 -108.753799 2.000000 
-437.618713 425.786804 -108.997902 2.000000 
-437.808014 426.268005 -109.097397 2.000000 
-437.881409 427.014008 -109.348396 2.000000 
-437.427795 427.368896 -109.514297 2.000000 
-437.831390 427.679993 -109.654900 2.000000 
-438.314209 428.606689 -110.053001 2.000000 
-437.860992 428.754486 -110.000603 2.000000 
-437.721191 429.150208 -110.228203 2.000000 
-437.887085 429.791290 -110.507599 2.000000 
-437.889587 430.567902 -110.763802 2.000000 
-437.627411 431.328705 -111.036301 2.000000 
-438.145599 431.468689 -111.177696 2.000000 
-437.603699 432.121094 -111.336601 2.000000 
-437.623199 432.600800 -111.511803 2.000000 
-437.684296 433.162415 -111.771202 2.000000 
-437.962708 433.377594 -111.780602 2.000000 
-437.836395 433.939301 -111.955902 2.000000 
-437.795807 434.563690 -112.173302 2.000000 
-437.815887 434.807404 -112.267303 2.000000 
-437.941498 435.639709 -112.598396 2.000000 
-437.629303 436.085785 -112.744797 2.000000 
-437.900513 436.573792 -113.065903 2.000000 
-437.493195 437.313385 -113.195801 2.000000 
-437.710907 437.594086 -113.412003 2.000000 
-437.705109 438.112396 -113.529800 2.000000 
-438.087006 438.698395 -113.757401 2.000000 
-437.767395 438.762909 -113.843002 2.000000 
-437.734009 439.527802 -114.107300 2.000000 
-437.925903 440.323608 -114.347298 2.000000 
-437.551910 440.566010 -114.523697 2.000000 
-437.954712 441.581207 -114.931602 2.000000 
-437.676910 442.029297 -114.967796 2.000000 
-437.635803 442.258301 -115.067101 2.000000 
-437.638306 442.661407 -115.177299 2.000000 
-437.627899 443.151001 -115.354797 2.000000 
-437.836304 443.852509 -115.723701 2.000000 
-437.369812 365.656403 -85.763100 2.000000 
-437.156891 366.119507 -85.929497 2.000000 
-437.566101 366.848785 -86.254898 2.000000 
-437.340698 367.486511 -86.471397 2.000000 
-437.023285 367.945007 -86.584000 2.000000 
-437.106293 368.410004 -86.722298 2.000000 
-437.169006 368.841797 -87.016502 2.000000 
-437.231903 369.507294 -87.263100 2.000000 
-437.177307 369.812195 -87.384201 2.000000 
-436.981995 370.612305 -87.684303 2.000000 
-437.481689 371.109985 -87.875900 2.000000 
-437.460114 371.392914 -87.926903 2.000000 
-437.299713 371.847504 -88.147499 2.000000 
-437.338104 372.729492 -88.431099 2.000000 
-437.305603 373.058411 -88.585602 2.000000 
-437.423706 373.324402 -88.750298 2.000000 
-437.485413 374.193909 -89.058197 2.000000 
-437.365112 392.899811 -96.338203 2.000000 
-437.368988 393.197296 -96.406303 2.000000 
-437.410614 393.849396 -96.696701 2.000000 
-437.206299 394.428711 -96.858498 2.000000 
-437.029510 394.956390 -97.044800 2.000000 
-437.381805 395.377991 -97.276100 2.000000 
-437.498993 396.169098 -97.641098 2.000000 
-436.796509 396.005188 -97.440102 2.000000 
-437.345703 396.839600 -97.793503 2.000000 
-437.054901 397.229187 -97.950302 2.000000 
-437.231598 397.969910 -98.229698 2.000000 
-437.256989 398.609589 -98.510300 2.000000 
-437.687897 398.841003 -98.658501 2.000000 
-437.285309 399.486389 -98.863503 2.000000 
-437.212585 400.081390 -99.175598 2.000000 
-437.510590 400.546692 -99.288399 2.000000 
-437.133209 401.323303 -99.506104 2.000000 
-437.434113 401.688904 -99.696602 2.000000 
-437.468506 402.056305 -99.832802 2.000000 
-436.980286 402.582214 -100.103996 2.000000 
-437.344391 403.196198 -100.332397 2.000000 
-437.298309 403.481415 -100.407501 2.000000 
-437.260010 403.638397 -100.544502 2.000000 
-437.377686 404.431091 -100.821404 2.000000 
-437.157013 405.320587 -101.176102 2.000000 
-437.132904 405.735199 -101.221100 2.000000 
-437.098694 406.475098 -101.505600 2.000000 
-437.603088 406.477905 -101.624298 2.000000 
-437.402802 406.692993 -101.726799 2.000000 
-437.481293 407.718201 -102.121597 2.000000 
-437.371399 408.203796 -102.182098 2.000000 
-437.159088 408.808197 -102.412903 2.000000 
-437.145294 409.215088 -102.608101 2.000000 
-437.282806 409.476898 -102.643501 2.000000 
-437.350311 409.919098 -102.882301 2.000000 
-437.134399 410.824005 -103.206802 2.000000 
-437.197906 411.352509 -103.459503 2.000000 
-437.349091 411.663605 -103.570602 2.000000 
-437.422913 412.241089 -103.717598 2.000000 
-437.220093 412.695496 -103.906303 2.000000 
-437.284302 413.285614 -104.220398 2.000000 
-437.282806 413.622498 -104.332703 2.000000 
-437.232391 414.158112 -104.441803 2.000000 
-437.616394 414.507690 -104.693497 2.000000 
-437.161713 415.312195 -104.958099 2.000000 
-437.136902 415.433502 -104.914497 2.000000 
-437.166412 416.301208 -105.372597 2.000000 
-437.311890 416.766510 -105.495697 2.000000 
-437.156189 417.391693 -105.746201 2.000000 
-437.434814 418.050201 -105.951202 2.000000 
-437.351807 418.278198 -106.095802 2.000000 
-437.464386 418.649811 -106.161598 2.000000 
-437.138214 418.978790 -106.285896 2.000000 
-437.328796 419.801392 -106.724899 2.000000 
-437.267487 420.461609 -106.879402 2.000000 
-437.583893 420.899414 -107.058800 2.000000 
-437.369385 421.038391 -107.194199 2.000000 
-437.203186 422.027008 -107.460297 2.000000 
-437.120392 422.425812 -107.577301 2.000000 
-437.189911 422.909607 -107.790604 2.000000 
-437.155609 423.466888 -108.009499 2.000000 
-437.058105 423.909393 -108.233498 2.000000 
-437.221893 424.379608 -108.392899 2.000000 
-437.165405 424.654694 -108.415703 2.000000 
-437.427490 425.152313 -108.639603 2.000000 
-437.331390 425.843811 -108.988800 2.000000 
-437.308105 426.434204 -109.229698 2.000000 
-437.051208 426.994812 -109.327301 2.000000 
-437.386505 427.322205 -109.428596 2.000000 
-437.176514 427.689606 -109.680603 2.000000 
-437.455994 428.436310 -109.948196 2.000000 
-437.401886 428.937592 -110.106201 2.000000 
-437.276489 429.725189 -110.459801 2.000000 
-437.350708 430.001404 -110.426903 2.000000 
-437.186310 430.431885 -110.679901 2.000000 
-437.155792 430.795013 -110.709297 2.000000 
-437.300201 431.540710 -111.019302 2.000000 
-437.502289 432.074310 -111.332001 2.000000 
-437.151489 432.241089 -111.368599 2.000000 
-437.172394 432.832214 -111.586403 2.000000 
-437.439392 433.269592 -111.724503 2.000000 
-437.274414 434.314606 -112.099602 2.000000 
-437.094604 434.596100 -112.171097 2.000000 
-437.265900 435.095795 -112.355003 2.000000 
-437.189209 435.300507 -112.494102 2.000000 
-437.101715 435.639496 -112.559601 2.000000 
-437.468689 436.437897 -112.877502 2.000000 
-437.229797 436.976013 -113.174500 2.000000 
-437.575409 437.564789 -113.318703 2.000000 
-437.074707 438.138000 -113.548897 2.000000 
-437.505798 438.586487 -113.738098 2.000000 
-437.288696 439.205505 -113.953598 2.000000 
-437.316895 439.626892 -114.136803 2.000000 
-437.386993 439.895905 -114.152100 2.000000 
-437.381592 440.663910 -114.469803 2.000000 
-437.183502 441.202301 -114.601196 2.000000 
-437.194611 441.645996 -114.819901 2.000000 
-437.380890 442.325897 -115.058800 2.000000 
-437.325104 442.651703 -115.255501 2.000000 
-437.054810 443.301300 -115.506798 2.000000 
-437.354401 443.980713 -115.707199 2.000000 
-437.484192 444.197601 -115.836899 2.000000 
-436.757111 365.593292 -85.628403 2.000000 
-436.876587 365.818695 -85.769897 2.000000 
-436.716309 366.232300 -85.927696 2.000000 
-436.943390 366.817200 -86.163300 2.000000 
-436.972687 367.422791 -86.427002 2.000000 
-436.883789 367.729309 -86.469803 2.000000 
-437.062103 368.193695 -86.661003 2.000000 
-436.533997 369.147003 -87.091103 2.000000 
-436.574310 369.271393 -87.029297 2.000000 
-437.139587 370.015808 -87.432404 2.000000 
-436.572998 370.455505 -87.536003 2.000000 
-436.851013 370.844513 -87.653000 2.000000 
-436.486786 371.772186 -88.077698 2.000000 
-436.663086 371.988708 -88.192902 2.000000 
-437.025604 372.621185 -88.446198 2.000000 
-436.418213 372.929291 -88.549500 2.000000 
-436.796509 373.621399 -88.827103 2.000000 
-436.889313 393.133209 -96.459396 2.000000 
-436.631409 393.628510 -96.528099 2.000000 
-436.609497 394.552795 -97.000397 2.000000 
-437.017303 395.019714 -97.162300 2.000000 
-436.746307 395.402313 -97.229500 2.000000 
-436.718597 396.031586 -97.558403 2.000000 
-436.613800 396.344086 -97.686897 2.000000 
-436.859711 396.924194 -97.928703 2.000000 
-436.901215 397.334686 -97.949898 2.000000 
-436.661987 397.752014 -98.144302 2.000000 
-436.590210 398.391113 -98.421402 2.000000 
-436.388000 399.046600 -98.573997 2.000000 
-436.675598 399.192688 -98.740196 2.000000 
-436.693115 400.005402 -98.983803 2.000000 
-436.917389 400.730804 -99.357399 2.000000 
-436.948914 401.008698 -99.376099 2.000000 
-436.835114 401.507599 -99.608101 2.000000 
-437.060211 402.074188 -99.931000 2.000000 
-436.910400 402.547394 -100.038902 2.000000 
-436.705109 402.908600 -100.093498 2.000000 
-436.733307 403.667908 -100.449501 2.000000 
-436.706787 404.182007 -100.690498 2.000000 
-436.979004 404.710510 -100.938103 2.000000 
-436.889313 405.046814 -101.026802 2.000000 
-436.689606 405.597504 -101.136703 2.000000 
-436.692108 405.944489 -101.328003 2.000000 
-437.198700 406.614685 -101.662598 2.000000 
-436.981201 407.015991 -101.825401 2.000000 
-436.397491 407.472412 -101.859398 2.000000 
-436.549011 408.195312 -102.142502 2.000000 
-436.463806 408.690491 -102.356400 2.000000 
-437.025787 409.090515 -102.492104 2.000000 
-436.592102 409.430908 -102.694000 2.000000 
-436.939606 410.063812 -102.906601 2.000000 
-436.986511 410.637512 -103.183899 2.000000 
-436.760101 411.150604 -103.320297 2.000000 
-436.641602 411.773895 -103.570000 2.000000 
-436.660400 411.947113 -103.556602 2.000000 
-436.918701 412.673706 -103.911598 2.000000 
-436.804108 413.002502 -104.090599 2.000000 
-436.794708 413.517792 -104.200302 2.000000 
-436.708191 414.304413 -104.555397 2.000000 
-436.693787 414.499695 -104.591797 2.000000 
-437.068604 415.268097 -104.911499 2.000000 
-436.567810 415.832306 -105.030701 2.000000 
-436.965515 416.141602 -105.258598 2.000000 
-436.648193 416.741394 -105.371498 2.000000 
-436.982697 417.206299 -105.595497 2.000000 
-436.786804 417.754211 -105.824600 2.000000 
-436.623993 417.969788 -105.922096 2.000000 
-436.681396 419.016693 -106.281799 2.000000 
-436.730896 419.178711 -106.390602 2.000000 
-436.840607 419.407898 -106.459503 2.000000 
-436.759094 420.048889 -106.769897 2.000000 
-436.903900 420.754913 -107.017097 2.000000 
-436.794495 421.057495 -107.129204 2.000000 
-436.727295 422.135895 -107.541901 2.000000 
-436.697693 422.151001 -107.461098 2.000000 
-436.741302 422.905701 -107.721199 2.000000 
-436.725311 423.276093 -107.909203 2.000000 
-436.701599 423.639496 -107.990097 2.000000 
-436.668488 424.396515 -108.304398 2.000000 
-436.690796 424.828308 -108.537102 2.000000 
-436.817200 425.253387 -108.614700 2.000000 
-436.748810 426.089996 -109.045601 2.000000 
-436.665405 426.264008 -109.015404 2.000000 
-436.700012 426.954803 -109.280502 2.000000 
-436.308105 427.570496 -109.452499 2.000000 
-436.750702 427.962708 -109.698898 2.000000 
-436.634308 428.228912 -109.782997 2.000000 
-437.092987 428.973694 -110.071602 2.000000 
-437.112701 429.300507 -110.202599 2.000000 
-436.483093 429.997192 -110.467598 2.000000 
-436.708405 430.466400 -110.662804 2.000000 
-436.740204 430.806396 -110.783699 2.000000 
-436.962585 431.205597 -110.912003 2.000000 
-436.829712 432.046509 -111.208397 2.000000 
-436.852203 432.502106 -111.391701 2.000000 
-436.568298 432.939209 -111.522202 2.000000 
-436.967407 433.221985 -111.664703 2.000000 
-436.478485 433.553497 -111.798203 2.000000 
-436.432495 434.453705 -112.135696 2.000000 
-436.591705 435.003693 -112.324402 2.000000 
-436.566986 435.344208 -112.450500 2.000000 
-436.608612 435.992615 -112.621002 2.000000 
-436.627197 436.663788 -112.862999 2.000000 
-436.858795 437.245911 -113.179497 2.000000 
-436.896210 437.653107 -113.312302 2.000000 
-436.911987 438.329193 -113.611900 2.000000 
-436.820312 438.621796 -113.700996 2.000000 
-436.746307 439.215790 -113.912598 2.000000 
-436.841003 439.392090 -114.012802 2.000000 
-436.741791 439.967712 -114.183998 2.000000 
-436.878296 440.501709 -114.398201 2.000000 
-436.554413 441.312286 -114.624100 2.000000 
-436.583191 441.852814 -114.789398 2.000000 
-436.611786 442.026794 -114.998199 2.000000 
-436.641113 442.313202 -115.001801 2.000000 
-436.757385 442.982513 -115.275497 2.000000 
-436.753204 443.436005 -115.440002 2.000000 
-437.184113 444.038300 -115.783699 2.000000 
-436.314209 365.714294 -85.748703 2.000000 
-436.449890 366.319000 -85.876099 2.000000 
-436.179504 366.997498 -86.170303 2.000000 
-436.063812 367.319000 -86.291496 2.000000 
-436.246185 368.109406 -86.575897 2.000000 
-436.264709 368.292694 -86.635101 2.000000 
-436.200500 368.993713 -86.898598 2.000000 
-436.419708 369.512299 -87.179199 2.000000 
-436.213104 370.028412 -87.304398 2.000000 
-435.932709 370.361603 -87.485603 2.000000 
-436.315796 370.761993 -87.629997 2.000000 
-436.237000 371.440308 -87.965797 2.000000 
-436.356598 371.612610 -87.957199 2.000000 
-436.170197 372.598999 -88.286797 2.000000 
-436.165894 373.085907 -88.546303 2.000000 
-436.133209 393.469208 -96.498001 2.000000 
-436.658508 393.842712 -96.667503 2.000000 
-436.696198 394.328400 -96.814301 2.000000 
-436.025299 394.762512 -96.895103 2.000000 
-436.108185 395.321503 -97.201698 2.000000 
-436.477905 396.071106 -97.452202 2.000000 
-436.269104 396.510803 -97.609299 2.000000 
-436.578308 396.782501 -97.752899 2.000000 
-436.307495 397.319885 -98.034897 2.000000 
-436.010406 397.825806 -98.178703 2.000000 
-435.916412 398.368988 -98.279800 2.000000 
-436.150085 398.726593 -98.434402 2.000000 
-436.278687 399.345398 -98.674202 2.000000 
-436.111115 400.363800 -99.112701 2.000000 
-436.089600 400.428894 -99.079803 2.000000 
-436.180298 400.904114 -99.372902 2.000000 
-436.258301 401.581390 -99.566498 2.000000 
-436.202209 402.064911 -99.809402 2.000000 
-436.169098 402.461487 -99.960503 2.000000 
-436.056091 402.784393 -100.124397 2.000000 
-435.912109 403.444794 -100.249100 2.000000 
-436.143402 403.770996 -100.498901 2.000000 
-436.227386 404.503601 -100.661102 2.000000 
-436.419403 404.809998 -100.825203 2.000000 
-435.713715 405.402893 -100.973503 2.000000 
-436.061890 405.796997 -101.208000 2.000000 
-436.247894 406.266388 -101.442001 2.000000 
-436.410095 407.185913 -101.836700 2.000000 
-436.214386 407.641602 -101.963501 2.000000 
-436.216400 408.060486 -102.154602 2.000000 
-436.449493 408.710999 -102.429199 2.000000 
-436.363800 409.183411 -102.532501 2.000000 
-436.110199 409.702209 -102.706497 2.000000 
-436.075592 410.220001 -102.933701 2.000000 
-436.099792 410.259094 -102.898499 2.000000 
-436.246704 411.022186 -103.201500 2.000000 
-436.343689 411.534393 -103.358498 2.000000 
-436.256287 412.085388 -103.633003 2.000000 
-436.256012 412.487610 -103.754601 2.000000 
-436.290802 412.945801 -104.007301 2.000000 
-436.370911 413.387787 -104.143204 2.000000 
-436.487000 414.177307 -104.516098 2.000000 
-436.075714 414.686615 -104.585800 2.000000 
-436.207611 415.205597 -104.785400 2.000000 
-436.247986 415.619293 -105.005402 2.000000 
-436.468109 416.291595 -105.223701 2.000000 
-436.360596 416.787292 -105.378799 2.000000 
-436.483612 417.339996 -105.622704 2.000000 
-436.573395 417.538513 -105.791000 2.000000 
-436.191711 418.595215 -106.148300 2.000000 
-436.332611 418.745392 -106.154900 2.000000 
-436.510712 419.376801 -106.354797 2.000000 
-436.138000 419.639587 -106.469902 2.000000 
-436.099701 420.157593 -106.687302 2.000000 
-436.341705 420.667694 -106.894096 2.000000 
-436.249908 420.958405 -107.008797 2.000000 
-436.458893 421.497711 -107.186699 2.000000 
-436.325012 422.189209 -107.473396 2.000000 
-436.080414 422.845093 -107.758202 2.000000 
-436.292694 423.464813 -107.929298 2.000000 
-436.322388 423.630493 -108.048798 2.000000 
-436.391602 424.395508 -108.281502 2.000000 
-436.523895 424.809113 -108.463303 2.000000 
-436.196808 425.395996 -108.748802 2.000000 
-436.358887 425.934906 -108.944504 2.000000 
-436.392303 426.248291 -108.973900 2.000000 
-436.228302 426.884796 -109.167801 2.000000 
-436.170990 427.294006 -109.387199 2.000000 
-436.402100 428.014496 -109.721298 2.000000 
-436.126495 428.373413 -109.831802 2.000000 
-436.148804 429.074005 -110.106201 2.000000 
-436.340088 429.325104 -110.158203 2.000000 
-436.073608 429.753906 -110.262100 2.000000 
-436.342194 430.424194 -110.532501 2.000000 
-436.299988 430.842804 -110.764099 2.000000 
-436.145691 431.383789 -110.921600 2.000000 
-436.476593 432.096893 -111.248596 2.000000 
-436.354401 432.369690 -111.374199 2.000000 
-436.633698 433.000793 -111.494904 2.000000 
-436.080597 433.662201 -111.797798 2.000000 
-436.282715 433.602295 -111.765999 2.000000 
-436.456512 434.498901 -112.129898 2.000000 
-436.274292 435.106415 -112.381699 2.000000 
-436.210114 435.669189 -112.462097 2.000000 
-436.122101 436.013092 -112.617203 2.000000 
-436.213196 436.406799 -112.758499 2.000000 
-436.416412 436.942200 -112.996902 2.000000 
-436.329193 437.499207 -113.181198 2.000000 
-436.623413 438.097198 -113.481499 2.000000 
-435.938995 438.498108 -113.613800 2.000000 
-436.181885 439.366608 -113.941498 2.000000 
-436.314209 439.562714 -113.981598 2.000000 
-436.279205 440.203705 -114.180298 2.000000 
-436.276215 440.665497 -114.436401 2.000000 
-436.506592 440.849915 -114.419998 2.000000 
-435.984985 441.633514 -114.709000 2.000000 
-436.223206 442.239288 -114.984200 2.000000 
-436.274292 442.958405 -115.187202 2.000000 
-436.280792 443.276001 -115.372398 2.000000 
-436.196686 443.567413 -115.473801 2.000000 
-436.214508 443.947815 -115.534599 2.000000 
-435.786804 366.044189 -85.770897 2.000000 
-435.593292 366.459198 -85.862801 2.000000 
-435.706085 366.723389 -86.029999 2.000000 
-435.613312 367.341888 -86.322098 2.000000 
-435.732300 368.272400 -86.688904 2.000000 
-435.727386 368.334595 -86.707397 2.000000 
-436.325989 368.715302 -86.799400 2.000000 
-435.657501 369.559906 -87.154198 2.000000 
-435.887787 369.988800 -87.350502 2.000000 
-435.823608 370.621094 -87.483803 2.000000 
-435.661987 371.121887 -87.776604 2.000000 
-435.763397 371.685608 -87.943298 2.000000 
-435.369385 372.042389 -88.029099 2.000000 
-435.863800 372.570892 -88.385300 2.000000 
-435.837097 372.881500 -88.448303 2.000000 
-435.892487 393.309906 -96.361198 2.000000 
-435.710999 394.129486 -96.676399 2.000000 
-435.782196 394.404907 -96.768204 2.000000 
-435.627686 394.675690 -96.929100 2.000000 
-435.738800 395.191895 -97.126404 2.000000 
-435.777710 396.362396 -97.547203 2.000000 
-435.732910 396.480103 -97.591599 2.000000 
-435.667114 396.779205 -97.682404 2.000000 
-435.670410 397.558105 -98.038002 2.000000 
-435.590302 398.002289 -98.198502 2.000000 
-435.625397 398.608795 -98.427200 2.000000 
-435.629608 398.709991 -98.411499 2.000000 
-435.718414 399.347809 -98.683601 2.000000 
-435.987213 399.747894 -98.810402 2.000000 
-436.027313 400.339386 -99.095703 2.000000 
-435.905914 400.914215 -99.268402 2.000000 
-435.643311 401.417297 -99.564598 2.000000 
-435.584686 401.873810 -99.613098 2.000000 
-435.934601 402.434113 -99.869698 2.000000 
-435.482910 402.842102 -99.966599 2.000000 
-435.750793 403.557892 -100.390701 2.000000 
-435.877289 403.732910 -100.359596 2.000000 
-435.838501 404.418213 -100.587799 2.000000 
-435.887695 404.963501 -100.942902 2.000000 
-435.957397 405.606110 -101.146202 2.000000 
-435.940399 406.135590 -101.355003 2.000000 
-435.846100 406.412201 -101.486801 2.000000 
-435.644806 406.898102 -101.633598 2.000000 
-435.807190 407.293701 -101.716499 2.000000 
-435.872711 407.794006 -102.030800 2.000000 
-435.618713 408.253510 -102.079597 2.000000 
-435.779388 409.068390 -102.434196 2.000000 
-435.746002 409.683990 -102.682701 2.000000 
-435.756989 409.835114 -102.768700 2.000000 
-435.606506 410.631012 -103.057999 2.000000 
-436.008392 411.289612 -103.266701 2.000000 
-435.875610 411.680115 -103.403503 2.000000 
-435.773499 412.046112 -103.613701 2.000000 
-435.822296 412.823914 -103.908096 2.000000 
-435.883698 413.192596 -103.990997 2.000000 
-435.994385 413.538513 -104.146103 2.000000 
-435.536285 414.217804 -104.387299 2.000000 
-435.900513 414.863495 -104.602303 2.000000 
-435.561798 414.673187 -104.570396 2.000000 
-436.021515 415.763611 -105.083099 2.000000 
-435.738190 416.250610 -105.171600 2.000000 
-435.549011 416.593994 -105.267097 2.000000 
-435.372803 417.188293 -105.485901 2.000000 
-435.737091 417.885895 -105.837799 2.000000 
-435.747894 418.272797 -105.875198 2.000000 
-435.924011 418.756012 -106.152702 2.000000 
-435.530487 419.047791 -106.184196 2.000000 
-436.097412 419.691010 -106.580200 2.000000 
-435.857391 420.254608 -106.651100 2.000000 
-436.031494 420.875092 -106.905998 2.000000 
-435.550995 421.826385 -107.235100 2.000000 
-435.806885 421.982391 -107.290802 2.000000 
-435.609192 422.573212 -107.597702 2.000000 
-435.668396 422.683807 -107.612701 2.000000 
-435.666199 423.490509 -107.926300 2.000000 
-435.714996 423.696991 -107.951401 2.000000 
-435.640991 424.433990 -108.318100 2.000000 
-435.317993 424.738007 -108.299896 2.000000 
-435.963196 425.345093 -108.656303 2.000000 
-435.949005 425.958099 -108.935303 2.000000 
-435.470306 426.284210 -108.882500 2.000000 
-435.770813 426.740906 -109.175003 2.000000 
-435.675812 427.578186 -109.505699 2.000000 
-435.670593 427.886597 -109.611000 2.000000 
-435.630707 428.373993 -109.788696 2.000000 
-435.962585 428.902802 -109.917503 2.000000 
-435.632111 429.274811 -110.048103 2.000000 
-435.850189 430.220490 -110.511200 2.000000 
-435.906494 430.444702 -110.620201 2.000000 
-435.698914 430.734985 -110.715302 2.000000 
-436.089294 431.505188 -110.970703 2.000000 
-435.619110 432.054810 -111.097900 2.000000 
-435.703003 432.414307 -111.259102 2.000000 
-435.665985 432.971588 -111.478203 2.000000 
-435.636505 433.340790 -111.670700 2.000000 
-435.502686 433.850311 -111.813202 2.000000 
-435.412598 434.486511 -111.977097 2.000000 
-435.685791 435.271210 -112.395302 2.000000 
-435.947815 435.507385 -112.402298 2.000000 
-435.843903 435.793304 -112.563400 2.000000 
-435.642700 436.641693 -112.882599 2.000000 
-435.674500 436.965515 -112.981903 2.000000 
-436.043213 437.563995 -113.207603 2.000000 
-436.082611 438.174896 -113.424400 2.000000 
-435.865204 438.647705 -113.685799 2.000000 
-435.708191 439.084290 -113.765701 2.000000 
-435.511993 439.612701 -113.928703 2.000000 
-435.742798 439.849487 -113.983597 2.000000 
-435.611389 440.318512 -114.154900 2.000000 
-435.840210 441.091400 -114.484200 2.000000 
-435.649689 441.705811 -114.795403 2.000000 
-435.718597 442.344910 -115.000198 2.000000 
-435.631287 442.672394 -115.116096 2.000000 
-435.669495 443.276886 -115.285103 2.000000 
-435.799805 443.705811 -115.556702 2.000000 
-436.152191 444.109589 -115.697601 2.000000 
-435.031586 365.864410 -85.595100 2.000000 
-435.386902 366.439789 -85.810501 2.000000 
-435.260010 366.997894 -86.145500 2.000000 
-434.846588 367.479004 -86.291496 2.000000 
-435.277313 367.947693 -86.530701 2.000000 
-435.414093 368.275513 -86.531197 2.000000 
-435.223602 369.245514 -86.907402 2.000000 
-435.155701 369.664001 -87.132599 2.000000 
-435.042694 370.142792 -87.247002 2.000000 
-435.200104 370.317810 -87.412697 2.000000 
-435.288300 370.967987 -87.682800 2.000000 
-435.070587 371.334290 -87.751602 2.000000 
-435.071106 371.985199 -87.955902 2.000000 
-435.375488 372.521698 -88.231400 2.000000 
-435.162506 393.343903 -96.295799 2.000000 
-435.638092 393.900299 -96.626198 2.000000 
-435.225891 394.410889 -96.735802 2.000000 
-435.352295 394.384003 -96.750801 2.000000 
-435.282013 395.310791 -97.102203 2.000000 
-434.903290 395.884613 -97.333702 2.000000 
-435.323090 396.269897 -97.430397 2.000000 
-435.491486 396.703705 -97.616501 2.000000 
-435.424011 397.495300 -97.991501 2.000000 
-435.317810 397.602905 -97.982597 2.000000 
-435.251495 398.318787 -98.274902 2.000000 
-435.165192 398.698303 -98.371597 2.000000 
-435.325897 399.433289 -98.708603 2.000000 
-435.488892 400.286194 -99.075104 2.000000 
-434.933990 400.267487 -99.027901 2.000000 
-435.401703 401.008209 -99.291901 2.000000 
-435.039490 401.179291 -99.320503 2.000000 
-435.355896 402.059387 -99.644302 2.000000 
-435.050293 402.441589 -99.898903 2.000000 
-435.191315 402.816193 -99.926201 2.000000 
-435.375000 403.537109 -100.287102 2.000000 
-435.447388 403.983795 -100.420097 2.000000 
-434.925293 404.500885 -100.643204 2.000000 
-435.435699 405.183502 -100.900803 2.000000 
-435.187897 405.554108 -101.095802 2.000000 
-435.110504 405.800812 -101.073898 2.000000 
-435.311401 406.718689 -101.498299 2.000000 
-435.148804 407.142792 -101.678001 2.000000 
-435.572388 407.853607 -101.903900 2.000000 
-435.196014 408.023102 -101.982399 2.000000 
-435.362091 408.546600 -102.229401 2.000000 
-435.433990 409.221893 -102.426903 2.000000 
-434.909393 409.340393 -102.460098 2.000000 
-435.261200 410.135986 -102.803902 2.000000 
-435.239807 410.554810 -102.964500 2.000000 
-435.296387 411.218994 -103.247803 2.000000 
-435.040100 411.736115 -103.428596 2.000000 
-435.415802 412.182404 -103.607903 2.000000 
-435.384888 412.564789 -103.788399 2.000000 
-435.286194 412.946106 -103.915497 2.000000 
-435.342194 413.768799 -104.230301 2.000000 
-435.399902 414.185303 -104.361198 2.000000 
-435.392303 414.485413 -104.476898 2.000000 
-435.233093 415.207306 -104.772499 2.000000 
-435.270508 415.717987 -104.971199 2.000000 
-435.194000 416.046295 -105.036400 2.000000 
-435.143890 416.761108 -105.323898 2.000000 
-435.365814 417.159912 -105.459396 2.000000 
-435.383789 417.713806 -105.734703 2.000000 
-435.002686 418.307800 -105.908699 2.000000 
-435.366699 418.787201 -106.140999 2.000000 
-434.965393 419.062592 -106.167000 2.000000 
-435.210693 419.488892 -106.401901 2.000000 
-435.235596 420.465790 -106.660698 2.000000 
-435.337189 420.447906 -106.718903 2.000000 
-435.487000 420.866211 -106.841904 2.000000 
-435.474091 421.936310 -107.353996 2.000000 
-435.111206 422.121796 -107.388702 2.000000 
-435.200989 422.885895 -107.639603 2.000000 
-435.244812 423.672913 -107.938797 2.000000 
-435.083405 423.981598 -108.044098 2.000000 
-435.281586 424.192505 -108.077400 2.000000 
-435.083191 424.769104 -108.397499 2.000000 
-435.185089 425.275208 -108.540604 2.000000 
-435.364410 426.069885 -108.830704 2.000000 
-435.390503 426.459900 -108.939598 2.000000 
-435.310394 427.003204 -109.191803 2.000000 
-435.149292 427.199402 -109.259300 2.000000 
-435.542114 427.776611 -109.488503 2.000000 
-435.601196 428.448486 -109.831703 2.000000 
-435.536987 428.705688 -109.921402 2.000000 
-435.382507 429.631409 -110.256104 2.000000 
-435.367004 429.796509 -110.317596 2.000000 
-435.227295 430.633301 -110.511002 2.000000 
-435.252808 430.958099 -110.706200 2.000000 
-435.219910 431.525391 -110.885201 2.000000 
-435.321808 431.941315 -111.020699 2.000000 
-434.989807 432.486786 -111.183800 2.000000 
-435.061310 432.647797 -111.258797 2.000000 
-435.169495 433.339813 -111.537697 2.000000 
-435.101105 434.145813 -111.924301 2.000000 
-435.533295 434.684113 -112.100197 2.000000 
-435.125214 434.883392 -112.145203 2.000000 
-435.144104 435.677307 -112.521698 2.000000 
-435.216614 436.148987 -112.652000 2.000000 
-435.327515 436.800598 -112.946198 2.000000 
-435.006500 436.920410 -112.835197 2.000000 
-435.000610 437.307495 -113.029099 2.000000 
-435.464386 438.075500 -113.413696 2.000000 
-435.405792 438.796204 -113.703102 2.000000 
-435.120209 438.903595 -113.580399 2.000000 
-435.514801 439.535706 -113.921097 2.000000 
-435.048096 440.416992 -114.217697 2.000000 
-435.432404 440.138092 -114.178001 2.000000 
-435.176086 441.103394 -114.460701 2.000000 
-435.593201 441.680786 -114.768204 2.000000 
-435.504913 442.453613 -115.067101 2.000000 
-435.578094 442.602203 -115.025398 2.000000 
-435.245209 443.350311 -115.335800 2.000000 
-435.465210 443.811401 -115.441498 2.000000 
-434.686707 366.276703 -85.813904 2.000000 
-434.657196 366.937714 -86.033699 2.000000 
-434.524109 367.388702 -86.139099 2.000000 
-434.683594 367.977997 -86.465698 2.000000 
-434.768188 368.280792 -86.491600 2.000000 
-434.687195 369.063812 -86.812103 2.000000 
-434.622589 369.513092 -87.074799 2.000000 
-434.813293 369.900787 -87.209801 2.000000 
-434.719788 370.375092 -87.344002 2.000000 
-434.883698 371.054504 -87.700600 2.000000 
-434.769806 371.643188 -87.877296 2.000000 
-434.700592 371.849091 -87.984200 2.000000 
-434.785095 372.371704 -88.194702 2.000000 
-434.803986 393.502289 -96.321602 2.000000 
-434.801208 393.838593 -96.475998 2.000000 
-434.993500 394.425995 -96.685799 2.000000 
-434.906097 394.919006 -96.866600 2.000000 
-434.851715 395.112610 -96.996696 2.000000 
-434.651886 395.670898 -97.164200 2.000000 
-434.732391 396.689392 -97.588097 2.000000 
-434.638702 396.770203 -97.638000 2.000000 
-434.831696 397.523010 -97.901100 2.000000 
-434.630096 398.010803 -98.048500 2.000000 
-434.746307 398.490295 -98.271599 2.000000 
-435.053894 398.815094 -98.372498 2.000000 
-434.580109 399.645905 -98.786301 2.000000 
-434.748596 399.865692 -98.853500 2.000000 
-434.568604 400.390289 -98.979202 2.000000 
-434.731415 400.940704 -99.198799 2.000000 
-434.805115 401.213501 -99.300499 2.000000 
-434.913208 401.870697 -99.625298 2.000000 
-434.836090 402.430298 -99.773697 2.000000 
-435.147400 403.065308 -100.016502 2.000000 
-435.016815 403.359894 -100.154999 2.000000 
-434.709595 403.943207 -100.453903 2.000000 
-435.058289 404.408112 -100.626900 2.000000 
-434.852692 404.995697 -100.804001 2.000000 
-434.785797 405.618195 -101.042000 2.000000 
-434.884888 406.071289 -101.187798 2.000000 
-434.796600 406.528595 -101.388496 2.000000 
-434.679199 407.129395 -101.636299 2.000000 
-434.908600 407.414398 -101.777901 2.000000 
-434.911804 408.016388 -102.023300 2.000000 
-434.495087 408.532410 -102.204498 2.000000 
-434.748596 409.242706 -102.451103 2.000000 
-434.737610 409.568390 -102.603302 2.000000 
-434.944000 410.183105 -102.816803 2.000000 
-434.555695 410.815796 -102.943497 2.000000 
-434.970001 410.992188 -103.124001 2.000000 
-434.915405 411.473694 -103.277702 2.000000 
-434.746490 412.088409 -103.438797 2.000000 
-434.768585 412.363708 -103.627602 2.000000 
-434.861511 413.255798 -103.919899 2.000000 
-434.527496 413.833099 -104.138603 2.000000 
-434.838989 414.040100 -104.208504 2.000000 
-434.817596 414.587402 -104.420197 2.000000 
-434.970001 415.490509 -104.853203 2.000000 
-434.632111 415.755188 -104.904602 2.000000 
-434.721191 416.051086 -105.036697 2.000000 
-434.675110 416.806213 -105.353500 2.000000 
-434.607910 417.593903 -105.557602 2.000000 
-434.614288 417.810913 -105.741096 2.000000 
-434.946106 418.165588 -105.883003 2.000000 
-434.795013 418.838806 -106.102898 2.000000 
-434.650208 418.980286 -106.095398 2.000000 
-434.716797 419.883789 -106.459999 2.000000 
-434.719788 420.080200 -106.552200 2.000000 
-434.867096 420.681610 -106.833199 2.000000 
-434.754089 421.413208 -107.082703 2.000000 
-435.145294 421.730011 -107.213600 2.000000 
-434.942200 422.143585 -107.374702 2.000000 
-434.954590 422.664398 -107.473801 2.000000 
-435.068390 423.264709 -107.759201 2.000000 
-434.481201 423.835297 -108.011597 2.000000 
-434.604004 424.263702 -108.139603 2.000000 
-434.950012 424.829407 -108.338303 2.000000 
-434.400299 425.073792 -108.459801 2.000000 
-434.664307 425.899292 -108.752602 2.000000 
-434.465607 426.084808 -108.855003 2.000000 
-434.570190 426.568115 -109.033302 2.000000 
-434.656311 427.372986 -109.358002 2.000000 
-434.798492 427.970306 -109.591003 2.000000 
-434.638306 428.360199 -109.608498 2.000000 
-434.722290 429.004089 -109.857903 2.000000 
-434.831696 429.582001 -110.085999 2.000000 
-434.924500 429.779205 -110.291000 2.000000 
-434.673187 430.709686 -110.479500 2.000000 
-434.726288 430.804504 -110.540298 2.000000 
-435.033813 431.659790 -111.010002 2.000000 
-434.933289 431.694000 -110.965698 2.000000 
-434.688904 432.366211 -111.180397 2.000000 
-434.853302 432.710388 -111.385002 2.000000 
-434.637390 433.568909 -111.690498 2.000000 
-434.763794 433.963501 -111.718002 2.000000 
-434.889099 434.496704 -111.963097 2.000000 
-434.721802 435.074707 -112.154602 2.000000 
-434.944092 435.491791 -112.408699 2.000000 
-434.888214 435.898285 -112.446701 2.000000 
-434.841003 436.114410 -112.595299 2.000000 
-434.841888 437.110413 -113.023300 2.000000 
-434.439697 437.427612 -113.017601 2.000000 
-434.583008 438.353607 -113.405998 2.000000 
-434.629395 438.419800 -113.415901 2.000000 
-434.669098 439.362610 -113.804604 2.000000 
-434.942596 439.678711 -113.867897 2.000000 
-434.883789 440.309692 -114.150497 2.000000 
-434.430511 440.640808 -114.233803 2.000000 
-434.646790 441.030396 -114.454597 2.000000 
-434.786804 441.723907 -114.719002 2.000000 
-434.796204 442.411987 -114.887199 2.000000 
-434.868713 442.649292 -114.967598 2.000000 
-434.914795 443.287109 -115.186600 2.000000 
-434.509186 443.299500 -115.241798 2.000000 
-434.257690 366.049896 -85.711998 2.000000 
-434.169891 366.947693 -85.971199 2.000000 
-434.368591 367.487091 -86.156700 2.000000 
-434.293213 367.436798 -86.112801 2.000000 
-434.342102 368.256897 -86.526604 2.000000 
-434.163696 368.552490 -86.539597 2.000000 
-434.162109 369.536591 -86.934898 2.000000 
-434.288208 370.215515 -87.336502 2.000000 
-434.156006 370.436493 -87.290001 2.000000 
-434.367798 371.222900 -87.665100 2.000000 
-434.256897 371.184814 -87.700897 2.000000 
-434.215607 393.435303 -96.282097 2.000000 
-434.116608 393.876007 -96.433601 2.000000 
-434.038605 394.231415 -96.561401 2.000000 
-434.102692 394.854706 -96.882896 2.000000 
-434.298492 395.266693 -97.003998 2.000000 
-434.310394 396.065704 -97.281998 2.000000 
-434.269592 396.167786 -97.394302 2.000000 
-434.094299 397.116791 -97.759598 2.000000 
-434.368195 396.965912 -97.693298 2.000000 
-434.072906 398.000397 -98.013298 2.000000 
-434.316193 398.350006 -98.267097 2.000000 
-433.893005 398.844299 -98.376297 2.000000 
-434.073090 399.111786 -98.444504 2.000000 
-434.384399 400.145599 -98.957603 2.000000 
-434.059296 400.495209 -99.006599 2.000000 
-434.519287 400.984802 -99.171097 2.000000 
-434.213989 401.382904 -99.305000 2.000000 
-434.185791 401.832489 -99.589699 2.000000 
-434.176514 402.434387 -99.836899 2.000000 
-434.287415 403.028412 -99.969902 2.000000 
-434.148712 403.616913 -100.238701 2.000000 
-434.356903 404.140900 -100.379799 2.000000 
-433.987488 404.283691 -100.466797 2.000000 
-434.091309 404.821289 -100.676903 2.000000 
-433.924103 405.723297 -100.961098 2.000000 
-434.288300 406.079803 -101.110298 2.000000 
-434.160004 406.007812 -101.199898 2.000000 
-434.356598 407.245789 -101.678902 2.000000 
-434.102295 407.166290 -101.530701 2.000000 
-434.103912 408.054291 -101.942299 2.000000 
-434.186493 408.527008 -102.098000 2.000000 
-434.393494 409.074799 -102.338699 2.000000 
-434.547089 409.581512 -102.578499 2.000000 
-434.163910 409.981201 -102.627800 2.000000 
-434.285095 410.412994 -102.900398 2.000000 
-434.123108 411.147888 -103.067497 2.000000 
-434.291595 411.565186 -103.259598 2.000000 
-434.375702 412.339905 -103.577499 2.000000 
-433.877808 412.625885 -103.710098 2.000000 
-434.329987 413.124603 -103.813400 2.000000 
-434.188110 413.347900 -103.963699 2.000000 
-434.410400 414.167999 -104.238098 2.000000 
-434.318909 414.641998 -104.436996 2.000000 
-434.048309 415.138306 -104.602501 2.000000 
-434.604889 415.872192 -104.920601 2.000000 
-434.392303 416.116211 -105.024101 2.000000 
-434.463898 416.574097 -105.145103 2.000000 
-434.444885 417.134491 -105.479202 2.000000 
-434.299011 417.731995 -105.683098 2.000000 
-433.941498 418.536194 -105.844299 2.000000 
-434.530304 418.685089 -105.957703 2.000000 
-434.251587 419.276886 -106.168602 2.000000 
-434.124695 419.845703 -106.401299 2.000000 
-434.353607 420.213287 -106.624199 2.000000 
-434.443695 420.632385 -106.702003 2.000000 
-434.518585 421.311005 -106.997597 2.000000 
-434.330902 421.514191 -107.098801 2.000000 
-434.233490 422.044708 -107.221497 2.000000 
-434.441711 422.640198 -107.536797 2.000000 
-434.187714 423.291992 -107.744301 2.000000 
-434.321808 424.025208 -108.021103 2.000000 
-434.232086 424.475189 -108.159103 2.000000 
-434.152008 424.785004 -108.289200 2.000000 
-434.137604 425.231110 -108.503998 2.000000 
-434.172394 426.031189 -108.727699 2.000000 
-434.105988 426.152893 -108.849098 2.000000 
-434.322113 426.329803 -108.940903 2.000000 
-434.012085 427.717010 -109.330597 2.000000 
-434.172211 428.303802 -109.631203 2.000000 
-434.428101 428.471191 -109.621201 2.000000 
-434.419586 428.566589 -109.715202 2.000000 
-433.734406 429.433014 -109.964500 2.000000 
-434.029907 430.278290 -110.292397 2.000000 
-434.170990 430.201202 -110.384102 2.000000 
-434.254700 431.036713 -110.687500 2.000000 
-434.081085 431.371796 -110.789398 2.000000 
-434.286011 431.934906 -110.966904 2.000000 
-434.872192 432.753693 -111.398697 2.000000 
-433.877991 432.882812 -111.275597 2.000000 
-434.132507 433.522095 -111.508698 2.000000 
-434.421204 434.291809 -111.942398 2.000000 
-434.128998 434.128204 -111.849701 2.000000 
-434.306702 435.446411 -112.241699 2.000000 
-434.101105 435.444611 -112.231903 2.000000 
-434.341400 435.784698 -112.495102 2.000000 
-434.068298 436.623688 -112.737503 2.000000 
-434.118286 437.082214 -112.831100 2.000000 
-434.250885 437.399597 -112.944901 2.000000 
-434.400085 438.180603 -113.332100 2.000000 
-433.902405 438.358398 -113.398598 2.000000 
-434.233887 438.908508 -113.630203 2.000000 
-434.374207 439.761993 -113.916603 2.000000 
-434.433990 440.261688 -114.043800 2.000000 
-434.306488 440.662415 -114.216202 2.000000 
-434.224304 441.042297 -114.415497 2.000000 
-434.168793 441.694214 -114.548302 2.000000 
-434.405487 442.167908 -114.783897 2.000000 
-434.133789 442.575012 -114.947701 2.000000 
-434.222198 443.416687 -115.220901 2.000000 
-433.373901 365.955200 -85.532898 2.000000 
-433.792999 366.454590 -85.693001 2.000000 
-433.533203 367.122192 -85.956299 2.000000 
-433.809113 367.318298 -86.139099 2.000000 
-433.745514 367.894501 -86.342003 2.000000 
-433.645996 368.836090 -86.750702 2.000000 
-433.872009 368.926208 -86.704102 2.000000 
-433.715515 369.726715 -87.026299 2.000000 
-433.654114 370.064392 -87.234596 2.000000 
-433.925415 370.502594 -87.407700 2.000000 
-433.650085 370.754700 -87.430603 2.000000 
-433.599091 371.256012 -87.576302 2.000000 
-433.678589 393.331085 -96.215698 2.000000 
-433.517487 393.994812 -96.512604 2.000000 
-433.856812 394.565796 -96.728401 2.000000 
-433.794098 394.983887 -96.926201 2.000000 
-433.838013 395.252808 -96.958801 2.000000 
-433.823914 395.857605 -97.208298 2.000000 
-434.204987 396.531311 -97.478203 2.000000 
-433.953705 397.000885 -97.620003 2.000000 
-433.623199 397.626007 -97.938904 2.000000 
-433.657104 397.824402 -98.024300 2.000000 
-433.848999 398.301514 -98.121902 2.000000 
-433.967285 398.636108 -98.253700 2.000000 
-433.781006 399.245209 -98.562302 2.000000 
-433.598602 399.912689 -98.811996 2.000000 
-433.921997 400.555115 -98.985298 2.000000 
-433.661407 400.771698 -99.051201 2.000000 
-433.497986 401.450195 -99.396202 2.000000 
-433.516693 401.753387 -99.443802 2.000000 
-433.625610 402.191895 -99.644600 2.000000 
-433.818390 403.165802 -100.050003 2.000000 
-433.601593 403.444702 -100.034500 2.000000 
-433.826294 404.229095 -100.388702 2.000000 
-433.660614 404.530396 -100.556801 2.000000 
-433.951111 404.848602 -100.746399 2.000000 
-433.858398 405.639008 -100.984703 2.000000 
-433.569397 406.088989 -101.052498 2.000000 
-434.070496 406.705505 -101.449997 2.000000 
-433.309906 407.053589 -101.506302 2.000000 
-433.876495 407.468414 -101.628998 2.000000 
-433.893097 408.208588 -101.986198 2.000000 
-433.647797 408.671600 -102.095299 2.000000 
-433.657288 409.107086 -102.303001 2.000000 
-433.536896 409.892090 -102.546898 2.000000 
-433.782990 409.899414 -102.627403 2.000000 
-433.643097 410.663086 -102.853996 2.000000 
-433.748505 411.358093 -103.102997 2.000000 
-433.681793 411.172089 -103.141800 2.000000 
-433.713898 411.807007 -103.334396 2.000000 
-433.700104 412.439911 -103.525398 2.000000 
-434.090393 413.504700 -103.943298 2.000000 
-433.762909 413.836395 -104.089996 2.000000 
-433.823395 414.129608 -104.158096 2.000000 
-434.019287 414.544800 -104.383797 2.000000 
-433.511688 415.363403 -104.606796 2.000000 
-433.761597 415.706299 -104.831398 2.000000 
-433.968994 416.140503 -104.981300 2.000000 
-433.535004 416.880707 -105.165100 2.000000 
-433.988800 417.292603 -105.466103 2.000000 
-433.996399 417.623413 -105.604103 2.000000 
-433.986389 418.341095 -105.862198 2.000000 
-433.623993 418.764191 -105.894203 2.000000 
-433.559906 419.163513 -106.149101 2.000000 
-434.236603 419.729706 -106.326103 2.000000 
-433.825592 419.995697 -106.480698 2.000000 
-433.622711 420.606903 -106.632103 2.000000 
-433.789612 421.450989 -107.043800 2.000000 
-433.622101 421.823395 -107.083298 2.000000 
-433.700897 422.304199 -107.271103 2.000000 
-433.970093 422.795197 -107.551102 2.000000 
-433.671112 423.388092 -107.730103 2.000000 
-433.885712 423.545990 -107.785500 2.000000 
-433.651794 423.938599 -107.894096 2.000000 
-433.757690 424.699707 -108.185097 2.000000 
-433.755798 425.679108 -108.649300 2.000000 
-433.662201 425.807709 -108.691597 2.000000 
-433.639008 426.140015 -108.790497 2.000000 
-433.442108 426.800507 -108.964996 2.000000 
-433.689514 427.362793 -109.249397 2.000000 
-433.650085 427.819214 -109.389603 2.000000 
-433.580109 428.610992 -109.700500 2.000000 
-433.859894 428.924713 -109.879601 2.000000 
-433.734894 429.106689 -109.850700 2.000000 
-433.997406 429.856110 -110.183403 2.000000 
-433.721405 430.483704 -110.334900 2.000000 
-433.720490 430.927185 -110.574303 2.000000 
-433.655304 431.465912 -110.767197 2.000000 
-433.897888 432.015594 -110.947502 2.000000 
-433.899200 432.331512 -111.153000 2.000000 
-433.744995 433.354889 -111.535301 2.000000 
-433.717712 433.661011 -111.584099 2.000000 
-433.871307 434.088104 -111.757401 2.000000 
-433.877991 434.346710 -111.898903 2.000000 
-433.509003 435.083313 -112.157303 2.000000 
-433.892395 435.228088 -112.238297 2.000000 
-433.749298 435.978485 -112.520798 2.000000 
-433.758606 436.528107 -112.654701 2.000000 
-433.778900 437.097595 -112.829300 2.000000 
-433.658203 437.431000 -113.028801 2.000000 
-433.669586 437.984009 -113.141899 2.000000 
-433.615112 438.738586 -113.448196 2.000000 
-433.887390 439.298615 -113.716698 2.000000 
-433.836700 439.678894 -113.823799 2.000000 
-433.890411 440.274811 -114.092499 2.000000 
-433.936798 440.446106 -114.170998 2.000000 
-433.405914 440.842590 -114.244202 2.000000 
-433.843903 441.933807 -114.697502 2.000000 
-433.539612 442.255402 -114.769600 2.000000 
-433.703491 442.349915 -114.795403 2.000000 
-433.771698 443.491608 -115.226898 2.000000 
-433.728485 443.712311 -115.337303 2.000000 
-433.072601 365.860107 -85.407799 2.000000 
-433.201202 366.321289 -85.708900 2.000000 
-433.241211 366.875000 -85.830002 2.000000 
-433.092804 367.094696 -85.892700 2.000000 
-433.520813 367.690308 -86.281097 2.000000 
-433.453705 368.389587 -86.538597 2.000000 
-433.087097 369.223785 -86.847801 2.000000 
-433.088989 369.246002 -86.848000 2.000000 
-433.110291 369.697693 -86.906097 2.000000 
-433.170807 370.406311 -87.291901 2.000000 
-433.220306 371.134491 -87.621399 2.000000 
-433.228912 371.214294 -87.558296 2.000000 
-433.300110 393.241791 -96.217598 2.000000 
-433.440491 393.884613 -96.386002 2.000000 
-433.255188 394.431396 -96.543701 2.000000 
-433.291992 394.852509 -96.710602 2.000000 
-433.388702 395.353088 -96.907204 2.000000 
-433.114685 395.757507 -97.038399 2.000000 
-433.204987 396.731812 -97.491898 2.000000 
-432.947510 396.735504 -97.544701 2.000000 
-433.273590 397.441589 -97.782303 2.000000 
-433.068298 397.819794 -97.930397 2.000000 
-433.362396 398.108307 -97.997704 2.000000 
-433.206207 398.849213 -98.248901 2.000000 
-433.217407 399.443115 -98.523804 2.000000 
-433.181091 399.740997 -98.628403 2.000000 
-432.995514 400.443604 -98.915398 2.000000 
-433.619202 400.912903 -99.169998 2.000000 
-433.160797 401.221008 -99.225197 2.000000 
-433.172913 401.917297 -99.472099 2.000000 
-433.131104 402.465393 -99.645599 2.000000 
-433.414093 402.855988 -99.928497 2.000000 
-433.475708 403.363586 -100.131798 2.000000 
-433.369995 404.155396 -100.324799 2.000000 
-433.354401 404.365387 -100.374298 2.000000 
-433.234894 405.044586 -100.710098 2.000000 
-433.217285 405.932312 -100.980598 2.000000 
-433.256805 406.002991 -100.995102 2.000000 
-433.056305 406.554108 -101.320000 2.000000 
-432.947205 406.980804 -101.475899 2.000000 
-433.342590 407.301697 -101.556297 2.000000 
-433.140106 408.076508 -101.787300 2.000000 
-433.335602 408.781799 -102.172997 2.000000 
-433.453186 409.146790 -102.326897 2.000000 
-433.277588 409.656097 -102.457703 2.000000 
-433.053009 410.089508 -102.585098 2.000000 
-433.329315 410.555115 -102.875999 2.000000 
-433.267792 410.943512 -102.940002 2.000000 
-433.280304 411.559113 -103.202698 2.000000 
-433.257111 412.482910 -103.482697 2.000000 
-433.123108 412.679108 -103.638496 2.000000 
-433.226196 413.529510 -103.869102 2.000000 
-432.792206 413.793213 -104.043098 2.000000 
-433.247101 414.335907 -104.277496 2.000000 
-433.109985 414.611786 -104.358597 2.000000 
-433.260101 414.902405 -104.399200 2.000000 
-433.123901 415.557495 -104.772202 2.000000 
-433.381195 415.965607 -104.855400 2.000000 
-433.247711 416.677704 -105.128403 2.000000 
-433.080109 417.191986 -105.282501 2.000000 
-433.173706 417.721497 -105.546600 2.000000 
-432.980194 418.189789 -105.752899 2.000000 
-433.415314 418.975494 -106.054001 2.000000 
-433.262909 419.329102 -106.075897 2.000000 
-433.315002 419.744507 -106.330704 2.000000 
-433.185913 420.257690 -106.451599 2.000000 
-433.054108 420.861206 -106.741699 2.000000 
-432.975311 421.460907 -106.885399 2.000000 
-433.140289 421.635712 -107.053497 2.000000 
-432.940491 422.421997 -107.271698 2.000000 
-433.182495 422.671295 -107.333801 2.000000 
-433.233398 423.141907 -107.590897 2.000000 
-433.255005 424.042603 -107.997704 2.000000 
-432.771210 424.486115 -108.117401 2.000000 
-433.177399 424.747406 -108.136497 2.000000 
-432.975006 425.615692 -108.543999 2.000000 
-433.385986 426.073090 -108.661598 2.000000 
-433.078094 426.651215 -108.928802 2.000000 
-433.392395 426.826111 -108.914200 2.000000 
-433.188995 427.209503 -109.162102 2.000000 
-433.191193 428.078186 -109.393501 2.000000 
-433.281403 428.230103 -109.484398 2.000000 
-433.152008 428.998108 -109.725197 2.000000 
-433.195587 429.566803 -110.030602 2.000000 
-433.159393 429.520111 -109.978699 2.000000 
-432.955505 430.360199 -110.315102 2.000000 
-432.970886 431.086395 -110.598801 2.000000 
-432.980194 431.439087 -110.634201 2.000000 
-433.273285 431.991486 -110.902298 2.000000 
-433.451691 432.377594 -111.002403 2.000000 
-433.295105 433.130615 -111.352997 2.000000 
-433.161713 433.369995 -111.387199 2.000000 
-433.183289 434.010315 -111.686996 2.000000 
-433.401001 434.569702 -111.890404 2.000000 
-433.141998 434.914490 -112.019699 2.000000 
-433.650787 435.703888 -112.353699 2.000000 
-433.385315 435.967010 -112.481796 2.000000 
-433.209900 436.309601 -112.559303 2.000000 
-433.210388 436.746613 -112.757797 2.000000 
-433.296295 437.629700 -113.084602 2.000000 
-433.445099 438.238708 -113.300598 2.000000 
-433.177185 438.387207 -113.310097 2.000000 
-433.374512 439.203308 -113.647598 2.000000 
-432.892700 439.693604 -113.831703 2.000000 
-433.213806 440.078705 -113.964104 2.000000 
-432.928711 440.574097 -114.093498 2.000000 
-433.416290 441.245300 -114.444901 2.000000 
-433.170685 441.811096 -114.610901 2.000000 
-433.167786 442.359192 -114.833504 2.000000 
-433.274689 442.644287 -114.828499 2.000000 
-433.108704 443.291595 -115.171303 2.000000 
-432.579895 366.363312 -85.679298 2.000000 
-432.884705 366.704803 -85.730904 2.000000 
-432.625488 367.353088 -86.009003 2.000000 
-432.563110 367.695190 -86.149597 2.000000 
-432.568298 368.496490 -86.389000 2.000000 
-432.558807 368.590302 -86.521301 2.000000 
-433.138306 369.182098 -86.839897 2.000000 
-432.833710 369.918610 -87.040802 2.000000 
-432.730194 370.336212 -87.161301 2.000000 
-432.708588 371.187714 -87.503899 2.000000 
-432.501587 393.399902 -96.099998 2.000000 
-432.966888 393.768005 -96.381401 2.000000 
-432.688812 394.177612 -96.428802 2.000000 
-432.878601 394.780212 -96.697197 2.000000 
-432.604187 395.442902 -96.974403 2.000000 
-432.783112 395.684204 -97.110100 2.000000 
-432.720306 396.310486 -97.363297 2.000000 
-432.769012 396.709015 -97.483299 2.000000 
-432.992188 397.491211 -97.725700 2.000000 
-432.720093 397.627411 -97.757301 2.000000 
-432.486603 398.435394 -98.078796 2.000000 
-432.750610 398.773102 -98.259102 2.000000 
-432.582703 399.449310 -98.522400 2.000000 
-432.550110 399.827301 -98.699097 2.000000 
-432.594299 400.323090 -98.843803 2.000000 
-432.808105 400.709686 -98.922897 2.000000 
-432.780396 401.400696 -99.219398 2.000000 
-432.643402 401.997101 -99.514702 2.000000 
-432.580811 402.477509 -99.645798 2.000000 
-432.699707 402.869995 -99.809303 2.000000 
-432.432587 403.447205 -100.073601 2.000000 
-432.189697 403.941803 -100.127403 2.000000 
-433.021515 404.122314 -100.254700 2.000000 
-432.554901 404.761414 -100.495598 2.000000 
-432.419098 405.388885 -100.787003 2.000000 
-432.914886 406.017212 -101.039703 2.000000 
-432.424713 406.711700 -101.234596 2.000000 
-432.572388 406.816101 -101.282799 2.000000 
-432.514008 407.818695 -101.761101 2.000000 
-432.389893 408.037506 -101.785797 2.000000 
-432.534393 408.743195 -102.076103 2.000000 
-433.043091 409.279999 -102.277100 2.000000 
-432.956299 409.638611 -102.403099 2.000000 
-432.653900 410.115295 -102.543999 2.000000 
-432.675415 410.610687 -102.790001 2.000000 
-432.876007 411.016693 -102.982597 2.000000 
-432.908203 411.366699 -103.154999 2.000000 
-433.106415 411.764191 -103.231003 2.000000 
-432.760406 412.873505 -103.655602 2.000000 
-432.548187 413.093109 -103.756500 2.000000 
-432.565094 413.549896 -103.863403 2.000000 
-432.831512 413.995392 -104.113899 2.000000 
-432.367401 414.643402 -104.319099 2.000000 
-432.900391 415.342804 -104.582703 2.000000 
-432.393097 415.852509 -104.784798 2.000000 
-432.803894 416.128906 -104.845398 2.000000 
-432.790497 416.772308 -105.112198 2.000000 
-432.631287 417.068604 -105.218201 2.000000 
-432.538788 417.746704 -105.482498 2.000000 
-432.613892 417.980988 -105.651802 2.000000 
-432.754303 418.435303 -105.824203 2.000000 
-432.746185 419.289093 -106.024399 2.000000 
-432.548309 419.721893 -106.246498 2.000000 
-432.482300 420.452209 -106.559601 2.000000 
-432.592194 420.775787 -106.689499 2.000000 
-432.702606 421.203888 -106.880096 2.000000 
-432.794312 421.759399 -106.971397 2.000000 
-433.169708 422.328186 -107.295403 2.000000 
-432.940491 422.810394 -107.504601 2.000000 
-432.521606 423.428314 -107.680298 2.000000 
-432.707794 423.791992 -107.768898 2.000000 
-432.608185 424.140411 -107.969002 2.000000 
-432.442688 424.907410 -108.231400 2.000000 
-432.725891 425.497101 -108.445900 2.000000 
-432.538910 425.768402 -108.451897 2.000000 
-432.803009 426.422607 -108.732903 2.000000 
-432.796387 426.728607 -108.963501 2.000000 
-432.938385 427.356201 -109.173599 2.000000 
-432.548096 428.127502 -109.475800 2.000000 
-432.653412 428.163788 -109.494301 2.000000 
-432.807495 428.658997 -109.599602 2.000000 
-432.538300 428.976013 -109.671700 2.000000 
-432.719696 429.666107 -110.037498 2.000000 
-432.842010 430.530090 -110.260101 2.000000 
-432.905396 430.777588 -110.385902 2.000000 
-432.511902 431.248810 -110.647797 2.000000 
-432.552704 432.070892 -110.943001 2.000000 
-432.735291 432.478607 -111.056503 2.000000 
-432.714111 433.071289 -111.283096 2.000000 
-432.543915 433.336395 -111.366898 2.000000 
-432.476013 433.960602 -111.552002 2.000000 
-432.579407 434.325897 -111.733200 2.000000 
-432.631897 434.704102 -111.918503 2.000000 
-432.547791 435.371613 -112.194000 2.000000 
-433.043213 435.950897 -112.304199 2.000000 
-432.657593 436.717194 -112.680298 2.000000 
-432.780212 437.187408 -112.780899 2.000000 
-432.483490 437.492889 -112.974899 2.000000 
-432.511902 438.089691 -113.205902 2.000000 
-432.696899 438.392303 -113.203400 2.000000 
-432.899689 438.957001 -113.502296 2.000000 
-432.750793 439.251587 -113.653198 2.000000 
-432.727600 439.796509 -113.769997 2.000000 
-432.838715 440.565308 -114.010300 2.000000 
-432.654114 440.653015 -114.044502 2.000000 
-432.716003 441.417694 -114.452103 2.000000 
-432.815002 442.190399 -114.621696 2.000000 
-432.457703 442.681213 -114.888000 2.000000 
-432.574799 442.941498 -114.951202 2.000000 
-432.689392 443.535095 -115.198303 2.000000 
-432.148193 366.000397 -85.421303 2.000000 
-432.006989 366.541687 -85.722298 2.000000 
-432.523590 366.919495 -85.866699 2.000000 
-432.284485 367.595001 -86.042900 2.000000 
-432.462891 368.091888 -86.332001 2.000000 
-432.161804 368.379395 -86.452400 2.000000 
-432.559998 369.082397 -86.651100 2.000000 
-432.214294 369.526398 -86.903000 2.000000 
-432.204498 369.845215 -86.963699 2.000000 
-432.235992 370.456390 -87.259499 2.000000 
-432.252686 370.935791 -87.359398 2.000000 
-432.639587 371.220215 -87.473701 2.000000 
-432.241211 392.774597 -95.887604 2.000000 
-432.011200 393.508698 -96.135300 2.000000 
-432.047913 393.643707 -96.246002 2.000000 
-432.159607 394.310211 -96.477997 2.000000 
-432.276886 394.403809 -96.448402 2.000000 
-432.093201 395.276794 -96.894203 2.000000 
-432.214600 395.942291 -97.063202 2.000000 
-432.143311 396.331390 -97.271797 2.000000 
-432.202209 397.001099 -97.524002 2.000000 
-432.405792 397.351593 -97.708099 2.000000 
-432.204407 397.586792 -97.687599 2.000000 
-432.632385 398.381592 -98.012497 2.000000 
-432.242310 398.993805 -98.264099 2.000000 
-432.350006 399.367706 -98.454201 2.000000 
-432.025513 400.258209 -98.727798 2.000000 
-432.366486 400.593292 -98.863602 2.000000 
-432.127411 400.534485 -98.890503 2.000000 
-432.047913 401.607513 -99.236702 2.000000 
-431.876190 401.935608 -99.403503 2.000000 
-432.184387 402.052612 -99.418098 2.000000 
-432.077789 403.184998 -99.861504 2.000000 
-432.088593 403.488098 -100.033501 2.000000 
-431.917786 404.111603 -100.296303 2.000000 
-432.340393 404.409485 -100.421402 2.000000 
-432.007111 405.252014 -100.694397 2.000000 
-431.921112 405.236511 -100.629700 2.000000 
-432.534485 405.999695 -101.011902 2.000000 
-432.152100 406.559906 -101.127899 2.000000 
-431.904907 406.952698 -101.309303 2.000000 
-432.270203 407.455200 -101.508301 2.000000 
-432.329803 407.922607 -101.725197 2.000000 
-432.473999 408.553589 -101.981400 2.000000 
-431.906799 409.350708 -102.285301 2.000000 
-432.064911 409.282196 -102.263702 2.000000 
-432.346985 409.996613 -102.567001 2.000000 
-432.208099 410.427307 -102.668297 2.000000 
-432.205109 411.223114 -102.978996 2.000000 
-432.139008 411.739105 -103.214500 2.000000 
-432.008392 411.947296 -103.200203 2.000000 
-432.116302 412.372894 -103.464897 2.000000 
-432.118500 412.915985 -103.677002 2.000000 
-432.417114 413.744598 -103.941902 2.000000 
-432.093292 414.413391 -104.122704 2.000000 
-432.354095 414.406189 -104.184097 2.000000 
-432.185211 415.049591 -104.483200 2.000000 
-432.345795 415.872711 -104.786102 2.000000 
-432.066589 416.160706 -104.909599 2.000000 
-432.053986 416.716309 -105.122299 2.000000 
-432.234497 417.224792 -105.271896 2.000000 
-432.337097 417.660614 -105.499397 2.000000 
-432.119507 418.410187 -105.761597 2.000000 
-431.941498 418.801300 -105.833504 2.000000 
-432.258698 419.415405 -106.045403 2.000000 
-432.381897 419.865295 -106.236504 2.000000 
-432.293213 419.948914 -106.251503 2.000000 
-431.961395 420.897705 -106.641800 2.000000 
-432.303986 421.320404 -106.864502 2.000000 
-432.331604 421.872009 -106.986900 2.000000 
-432.249603 422.323486 -107.229797 2.000000 
-432.299011 422.682007 -107.270798 2.000000 
-432.407410 423.279602 -107.516800 2.000000 
-432.376190 423.979797 -107.897499 2.000000 
-432.280609 424.360107 -107.937202 2.000000 
-431.961212 424.730988 -108.137703 2.000000 
-432.072510 425.507904 -108.317299 2.000000 
-432.335999 425.828186 -108.506203 2.000000 
-432.399597 426.409698 -108.762199 2.000000 
-432.200592 427.049408 -109.041603 2.000000 
-432.093811 427.605988 -109.110298 2.000000 
-432.281708 427.659088 -109.251999 2.000000 
-431.866211 428.380890 -109.489502 2.000000 
-432.232086 428.926086 -109.675598 2.000000 
-432.017792 429.075195 -109.711800 2.000000 
-432.534485 429.756500 -109.973000 2.000000 
-432.337799 430.212891 -110.200401 2.000000 
-432.232208 430.957703 -110.401199 2.000000 
-432.072815 431.549500 -110.650299 2.000000 
-432.179291 431.933594 -110.797501 2.000000 
-432.404602 432.346191 -110.981499 2.000000 
-432.088715 432.801697 -111.076500 2.000000 
-432.034912 433.475494 -111.421898 2.000000 
-432.217499 434.087891 -111.585297 2.000000 
-432.232086 434.592896 -111.763298 2.000000 
-432.073792 435.123596 -112.028603 2.000000 
-431.833893 435.584412 -112.148499 2.000000 
-432.168304 436.166107 -112.342903 2.000000 
-432.149292 436.319885 -112.466904 2.000000 
-432.187500 437.121613 -112.673599 2.000000 
-432.005402 437.849792 -112.975197 2.000000 
-432.320007 437.852509 -113.078903 2.000000 
-431.874115 438.503998 -113.202202 2.000000 
-431.937195 439.090210 -113.417603 2.000000 
-432.091003 439.718903 -113.737198 2.000000 
-432.045013 439.885712 -113.779800 2.000000 
-432.225800 440.758698 -114.037804 2.000000 
-432.193115 441.174500 -114.222900 2.000000 
-432.350800 441.757507 -114.452698 2.000000 
-431.951508 442.049896 -114.609802 2.000000 
-432.482513 442.833313 -114.897598 2.000000 
-432.249603 443.144287 -115.022697 2.000000 
-431.693787 366.331696 -85.565102 2.000000 
-431.993103 366.570892 -85.613403 2.000000 
-431.685303 367.074493 -85.780602 2.000000 
-431.586700 368.056305 -86.273499 2.000000 
-431.805603 368.347290 -86.277901 2.000000 
-431.642487 368.567596 -86.361801 2.000000 
-431.354889 369.424408 -86.779404 2.000000 
-431.614594 369.973999 -86.915901 2.000000 
-431.614288 370.429810 -87.137802 2.000000 
-431.952301 393.004395 -95.926201 2.000000 
-431.586792 393.614288 -96.173401 2.000000 
-431.610107 393.771088 -96.168602 2.000000 
-431.545197 394.123901 -96.393402 2.000000 
-431.621399 395.108002 -96.780098 2.000000 
-432.019714 395.313110 -96.894302 2.000000 
-431.267303 395.874908 -97.030800 2.000000 
-431.576111 396.551392 -97.242104 2.000000 
-431.783203 396.713806 -97.301498 2.000000 
-431.597504 397.148285 -97.561401 2.000000 
-431.711395 398.126892 -97.842400 2.000000 
-431.825104 398.635590 -98.093597 2.000000 
-431.751587 399.058197 -98.294098 2.000000 
-431.657104 399.326691 -98.388397 2.000000 
-432.035187 399.622314 -98.469101 2.000000 
-431.626404 400.707611 -98.917999 2.000000 
-431.700287 400.977509 -99.029999 2.000000 
-431.920502 401.450714 -99.183998 2.000000 
-431.576996 401.957306 -99.298599 2.000000 
-431.677002 402.431885 -99.543404 2.000000 
-431.888214 403.023590 -99.864403 2.000000 
-432.037415 403.555298 -100.085197 2.000000 
-431.593414 403.958313 -100.083900 2.000000 
-431.872314 404.240204 -100.308701 2.000000 
-431.910004 404.983398 -100.553001 2.000000 
-431.710205 405.376892 -100.629097 2.000000 
-431.671204 405.963013 -100.846901 2.000000 
-431.764099 406.707001 -101.247398 2.000000 
-431.460388 407.193207 -101.395103 2.000000 
-431.446198 407.420990 -101.431602 2.000000 
-431.988190 408.391998 -101.918198 2.000000 
-431.785706 408.508087 -101.943001 2.000000 
-431.527588 409.091400 -102.140900 2.000000 
-431.792511 409.374603 -102.160797 2.000000 
-431.601807 409.970490 -102.371902 2.000000 
-431.621094 410.524902 -102.704697 2.000000 
-431.601105 411.440704 -102.971397 2.000000 
-431.395905 411.812592 -103.155502 2.000000 
-432.132111 412.085999 -103.264900 2.000000 
-431.919403 412.733093 -103.522697 2.000000 
-431.838806 413.042908 -103.699997 2.000000 
-432.019501 413.826385 -104.008301 2.000000 
-431.447113 413.933899 -103.933998 2.000000 
-431.538300 414.503387 -104.216698 2.000000 
-431.615692 415.316315 -104.413498 2.000000 
-431.622803 415.394806 -104.457497 2.000000 
-431.872589 416.264191 -104.848396 2.000000 
-431.653503 416.775604 -105.025902 2.000000 
-431.909302 417.689209 -105.456703 2.000000 
-431.746399 417.739990 -105.453003 2.000000 
-431.686188 418.124695 -105.623596 2.000000 
-432.015808 418.518585 -105.757401 2.000000 
-431.757507 419.317688 -105.995499 2.000000 
-431.707489 419.839691 -106.169601 2.000000 
-431.694397 420.397095 -106.372498 2.000000 
-431.614410 420.891602 -106.625099 2.000000 
-431.540100 421.233398 -106.663597 2.000000 
-431.831299 421.757111 -106.948097 2.000000 
-431.142487 422.196289 -106.995697 2.000000 
-431.618500 422.718597 -107.260597 2.000000 
-431.540405 423.294006 -107.540100 2.000000 
-431.630493 423.875214 -107.742302 2.000000 
-431.693390 424.394104 -107.981796 2.000000 
-431.926208 424.832001 -108.163902 2.000000 
-431.722809 425.277405 -108.227501 2.000000 
-431.759186 425.956299 -108.596100 2.000000 
-431.857513 426.327698 -108.645401 2.000000 
-431.673492 427.188385 -108.964203 2.000000 
-431.704193 427.326202 -108.995697 2.000000 
-431.206512 427.876587 -109.186096 2.000000 
-431.702301 428.615906 -109.469704 2.000000 
-431.643402 428.706909 -109.550201 2.000000 
-431.842407 429.493500 -109.805901 2.000000 
-431.771698 429.824402 -110.013702 2.000000 
-431.782898 430.371307 -110.236000 2.000000 
-431.376099 430.821503 -110.286301 2.000000 
-431.562195 431.354706 -110.602898 2.000000 
-431.865601 431.873291 -110.743301 2.000000 
-431.649689 432.236511 -110.913300 2.000000 
-431.766602 432.750397 -111.019203 2.000000 
-431.886993 433.560211 -111.344902 2.000000 
-431.511597 434.291901 -111.609001 2.000000 
-431.587402 434.561798 -111.806099 2.000000 
-431.647614 435.017487 -111.945999 2.000000 
-431.725800 435.508698 -112.116402 2.000000 
-431.569702 435.793915 -112.155701 2.000000 
-431.607605 436.254700 -112.370796 2.000000 
-431.659485 436.703491 -112.504097 2.000000 
-431.711212 437.544006 -112.823898 2.000000 
-431.608704 437.821899 -112.991302 2.000000 
-432.038788 438.840515 -113.335800 2.000000 
-431.490997 439.038086 -113.467697 2.000000 
-431.676910 439.691193 -113.669502 2.000000 
-431.582886 440.099304 -113.802597 2.000000 
-431.520203 440.831512 -114.019699 2.000000 
-431.588013 441.237488 -114.174004 2.000000 
-431.664307 441.859802 -114.435799 2.000000 
-431.876709 442.210907 -114.643097 2.000000 
-431.718109 442.428497 -114.633003 2.000000 
-431.819794 443.092407 -114.860603 2.000000 
-431.096893 366.346710 -85.430099 2.000000 
-431.148285 366.960205 -85.723801 2.000000 
-431.306793 367.328705 -85.853203 2.000000 
-431.208496 367.800110 -86.046997 2.000000 
-431.021393 368.468414 -86.390404 2.000000 
-431.121002 368.983887 -86.489799 2.000000 
-431.518707 369.442810 -86.733101 2.000000 
-431.129608 369.916412 -86.961899 2.000000 
-431.036499 370.356689 -87.059601 2.000000 
-431.331390 392.795593 -95.884804 2.000000 
-431.268707 393.370392 -96.040398 2.000000 
-430.842804 394.034790 -96.284698 2.000000 
-431.545593 394.284393 -96.450104 2.000000 
-431.169403 394.858795 -96.567200 2.000000 
-431.109192 395.476807 -96.802696 2.000000 
-430.911011 395.873596 -96.992500 2.000000 
-431.289215 396.024902 -97.026604 2.000000 
-431.242615 396.901215 -97.377998 2.000000 
-431.058197 397.381287 -97.607399 2.000000 
-431.053802 397.799500 -97.695801 2.000000 
-431.424011 398.249390 -97.887703 2.000000 
-431.208496 398.932892 -98.198898 2.000000 
-431.175812 399.335388 -98.301498 2.000000 
-431.335205 399.787292 -98.564301 2.000000 
-431.232300 400.489685 -98.802299 2.000000 
-431.155701 400.840698 -98.959198 2.000000 
-431.194794 401.207489 -99.123100 2.000000 
-431.207489 401.777100 -99.206596 2.000000 
-430.818298 402.427185 -99.464600 2.000000 
-431.219299 402.711304 -99.592903 2.000000 
-431.148895 403.269012 -99.786903 2.000000 
-431.274689 404.148987 -100.123100 2.000000 
-431.304504 404.610291 -100.387398 2.000000 
-431.549286 404.666199 -100.366699 2.000000 
-431.003204 405.431396 -100.721001 2.000000 
-431.304291 405.738892 -100.731300 2.000000 
-431.401489 406.750702 -101.238503 2.000000 
-431.153107 406.935699 -101.281998 2.000000 
-431.551910 407.522186 -101.553001 2.000000 
-431.066406 408.218506 -101.710999 2.000000 
-431.100098 408.610504 -101.924599 2.000000 
-431.256714 408.941406 -102.064400 2.000000 
-431.470490 409.670685 -102.303200 2.000000 
-431.145386 410.163605 -102.436798 2.000000 
-431.113800 410.665802 -102.634300 2.000000 
-431.123199 411.059814 -102.783401 2.000000 
-431.215210 411.644714 -103.091103 2.000000 
-431.132599 412.022614 -103.176201 2.000000 
-431.193298 412.595215 -103.466202 2.000000 
-431.044800 413.341400 -103.724800 2.000000 
-431.247406 413.710510 -103.906799 2.000000 
-431.048004 414.185089 -104.028099 2.000000 
-431.426392 414.648407 -104.286697 2.000000 
-431.507202 415.355804 -104.463402 2.000000 
-431.099213 415.730896 -104.554802 2.000000 
-431.085388 416.366302 -104.861801 2.000000 
-431.254303 416.821014 -104.976402 2.000000 
-431.037994 417.182404 -105.134300 2.000000 
-431.092987 417.607910 -105.334000 2.000000 
-431.339203 417.974213 -105.545303 2.000000 
-431.263214 418.589508 -105.672302 2.000000 
-431.125214 418.999298 -105.862297 2.000000 
-431.265289 419.674011 -106.096199 2.000000 
-431.108398 420.304199 -106.320396 2.000000 
-431.053986 420.701813 -106.420799 2.000000 
-431.159393 421.449585 -106.779503 2.000000 
-431.143188 421.833496 -106.891197 2.000000 
-431.318390 421.829590 -107.007599 2.000000 
-430.922791 422.769501 -107.323997 2.000000 
-431.464508 423.196289 -107.531197 2.000000 
-430.928314 423.794403 -107.677803 2.000000 
-431.105713 424.228302 -107.821503 2.000000 
-431.216797 425.182587 -108.179398 2.000000 
-431.298615 425.569794 -108.353996 2.000000 
-431.152496 425.876801 -108.476799 2.000000 
-431.017609 426.370605 -108.587502 2.000000 
-431.345703 426.959290 -108.917397 2.000000 
-431.149994 427.390686 -109.057899 2.000000 
-431.506012 428.125000 -109.372597 2.000000 
-430.950195 428.403809 -109.373703 2.000000 
-431.007812 428.917999 -109.615097 2.000000 
-431.024506 428.952393 -109.551598 2.000000 
-430.966309 429.815399 -109.988800 2.000000 
-431.205109 430.291107 -110.175697 2.000000 
-431.314514 430.894806 -110.375198 2.000000 
-431.231293 431.348907 -110.445900 2.000000 
-431.390411 431.952911 -110.803299 2.000000 
-431.384491 432.340790 -110.829002 2.000000 
-431.140686 433.231995 -111.265503 2.000000 
-431.371613 433.692688 -111.448196 2.000000 
-431.030304 433.937286 -111.524696 2.000000 
-431.208191 434.973602 -111.892601 2.000000 
-431.351105 434.696991 -111.772102 2.000000 
-431.018402 435.271912 -111.920403 2.000000 
-431.167511 436.049591 -112.191704 2.000000 
-430.974487 436.287415 -112.366798 2.000000 
-430.955994 436.896606 -112.594398 2.000000 
-431.438599 437.218109 -112.771301 2.000000 
-431.356293 438.142487 -113.075699 2.000000 
-431.355988 438.419800 -113.138901 2.000000 
-431.092194 439.196899 -113.495201 2.000000 
-431.226196 439.540100 -113.546097 2.000000 
-431.290100 439.876099 -113.633698 2.000000 
-430.972504 440.691498 -113.985802 2.000000 
-431.084808 440.995209 -114.112801 2.000000 
-431.114105 441.561188 -114.298698 2.000000 
-431.351105 442.307098 -114.615700 2.000000 
-431.475494 442.471802 -114.653900 2.000000 
-431.055786 366.074402 -85.358398 2.000000 
-430.693909 366.495697 -85.523003 2.000000 
-430.833099 366.980713 -85.797203 2.000000 
-430.584198 367.193604 -85.856300 2.000000 
-430.801086 367.890015 -86.096901 2.000000 
-430.484802 368.459106 -86.209801 2.000000 
-430.426910 368.866211 -86.403503 2.000000 
-430.344391 369.088196 -86.583702 2.000000 
-430.653412 370.299286 -87.076302 2.000000 
-430.365509 392.678009 -95.766998 2.000000 
-430.590210 393.445709 -96.064903 2.000000 
-430.629211 393.795593 -96.175797 2.000000 
-430.745300 394.225006 -96.258904 2.000000 
-430.580292 394.875488 -96.516899 2.000000 
-430.536713 395.306091 -96.773003 2.000000 
-430.597412 395.872406 -96.958298 2.000000 
-430.663086 396.022308 -96.975403 2.000000 
-430.549103 397.000214 -97.391098 2.000000 
-430.843689 397.099609 -97.451599 2.000000 
-430.853607 397.789093 -97.752899 2.000000 
-430.978485 398.578186 -97.953598 2.000000 
-430.584900 398.943787 -98.169296 2.000000 
-430.465302 399.567413 -98.366699 2.000000 
-430.796509 399.727112 -98.414497 2.000000 
-430.745300 400.288910 -98.628197 2.000000 
-430.334686 401.098602 -98.869400 2.000000 
-430.899902 401.534790 -99.182899 2.000000 
-431.140991 401.462891 -99.154503 2.000000 
-430.549805 402.296814 -99.351700 2.000000 
-430.779999 403.287201 -99.792000 2.000000 
-430.737701 403.642395 -99.882896 2.000000 
-430.725800 404.106415 -100.079803 2.000000 
-430.293610 404.601196 -100.213799 2.000000 
-430.557404 404.950592 -100.446297 2.000000 
-430.679199 405.579590 -100.766098 2.000000 
-430.448700 405.868591 -100.719597 2.000000 
-430.529388 406.431396 -100.996696 2.000000 
-430.540985 407.178314 -101.257202 2.000000 
-430.555115 407.477295 -101.424400 2.000000 
-430.888092 407.896606 -101.622200 2.000000 
-430.882599 408.387299 -101.755302 2.000000 
-430.519714 409.391296 -102.075699 2.000000 
-430.530487 409.745697 -102.285400 2.000000 
-430.666504 410.086212 -102.454697 2.000000 
-430.872711 410.628601 -102.566101 2.000000 
-430.621399 411.213806 -102.833801 2.000000 
-430.929108 411.798889 -103.092300 2.000000 
-430.838287 412.147308 -103.157303 2.000000 
-430.491791 412.767609 -103.462997 2.000000 
-430.582794 413.165497 -103.592697 2.000000 
-430.659088 413.588593 -103.681900 2.000000 
-430.576111 413.988007 -103.854500 2.000000 
-430.808197 414.405304 -104.056900 2.000000 
-430.725586 415.144897 -104.303001 2.000000 
-430.715393 415.587494 -104.479401 2.000000 
-430.489288 415.927399 -104.607101 2.000000 
-430.722992 416.651611 -104.907402 2.000000 
-430.896210 417.279907 -105.143898 2.000000 
-430.546814 418.098511 -105.481400 2.000000 
-430.543091 418.182800 -105.493896 2.000000 
-430.564606 418.487915 -105.647102 2.000000 
-430.526215 419.065704 -105.781502 2.000000 
-430.768097 419.940613 -106.108498 2.000000 
-430.692993 420.277802 -106.316597 2.000000 
-430.728485 421.010803 -106.599998 2.000000 
-430.628113 421.516113 -106.815002 2.000000 
-430.333496 421.984314 -106.858200 2.000000 
-430.838104 422.491211 -107.195999 2.000000 
-430.727997 422.639404 -107.263802 2.000000 
-430.827789 423.405090 -107.459503 2.000000 
-430.831085 423.864197 -107.656799 2.000000 
-430.816101 424.813904 -108.032898 2.000000 
-430.706604 424.803497 -107.973503 2.000000 
-430.548309 425.563995 -108.294296 2.000000 
-430.709106 425.445404 -108.251900 2.000000 
-430.861786 426.475891 -108.611702 2.000000 
-430.685913 426.702209 -108.723701 2.000000 
-430.424194 427.029114 -108.786598 2.000000 
-430.819489 427.885712 -109.229401 2.000000 
-430.738586 428.170990 -109.280602 2.000000 
-430.792206 428.808289 -109.488998 2.000000 
-430.760498 429.231995 -109.720398 2.000000 
-430.549286 429.879089 -109.915398 2.000000 
-430.771301 430.674713 -110.234100 2.000000 
-430.426605 430.820892 -110.199203 2.000000 
-430.817108 431.063202 -110.355301 2.000000 
-430.555298 431.959808 -110.676201 2.000000 
-430.560394 432.211609 -110.763199 2.000000 
-430.570312 432.927002 -111.084801 2.000000 
-430.815308 433.429810 -111.222900 2.000000 
-430.621002 434.285095 -111.613098 2.000000 
-430.644714 434.551788 -111.677101 2.000000 
-430.713806 435.232697 -111.915001 2.000000 
-430.461395 435.550995 -112.094704 2.000000 
-430.917908 435.889496 -112.134804 2.000000 
-430.509308 436.578705 -112.431602 2.000000 
-430.815094 436.995300 -112.566200 2.000000 
-430.493103 437.487488 -112.722099 2.000000 
-430.439514 438.215698 -112.989998 2.000000 
-430.742096 438.568512 -113.222397 2.000000 
-430.882599 439.048706 -113.375504 2.000000 
-430.973999 439.485901 -113.464897 2.000000 
-430.616089 439.918701 -113.590401 2.000000 
-430.444794 440.447296 -113.897903 2.000000 
-430.684906 441.294098 -114.153801 2.000000 
-430.985901 441.610992 -114.253502 2.000000 
-430.494904 442.148804 -114.407898 2.000000 
-430.527191 442.635590 -114.666397 2.000000 
-430.680206 442.748688 -114.662903 2.000000 
-430.277496 366.181488 -85.440300 2.000000 
-430.040985 366.784302 -85.519798 2.000000 
-430.459900 367.364990 -85.913597 2.000000 
-430.036591 367.935791 -86.052597 2.000000 
-430.062103 368.410004 -86.218697 2.000000 
-430.161713 368.840393 -86.477501 2.000000 
-430.050690 369.442291 -86.602798 2.000000 
-430.326385 369.684692 -86.690300 2.000000 
-430.200104 392.432312 -95.584602 2.000000 
-430.151306 392.880188 -95.813797 2.000000 
-430.239288 393.186005 -95.929298 2.000000 
-430.351807 393.756897 -96.133797 2.000000 
-430.522491 394.219910 -96.352501 2.000000 
-430.015900 394.512604 -96.447899 2.000000 
-430.096710 395.500397 -96.710899 2.000000 
-429.971985 396.015015 -97.016602 2.000000 
-429.746887 396.142303 -96.978897 2.000000 
-430.340515 396.862396 -97.299797 2.000000 
-429.925110 397.429993 -97.484703 2.000000 
-430.260986 397.994904 -97.773499 2.000000 
-430.119598 398.493500 -97.943703 2.000000 
-430.178101 398.696991 -98.053001 2.000000 
-430.398010 399.147400 -98.224800 2.000000 
-430.185211 399.976898 -98.459999 2.000000 
-430.168488 400.745087 -98.763901 2.000000 
-429.998810 400.700409 -98.807098 2.000000 
-429.814301 401.674286 -99.176804 2.000000 
-430.298889 401.968903 -99.232101 2.000000 
-429.951996 402.126007 -99.304398 2.000000 
-430.102600 403.164001 -99.678802 2.000000 
-429.973114 403.532013 -99.819397 2.000000 
-429.965302 403.748901 -99.888000 2.000000 
-430.333008 404.432312 -100.289001 2.000000 
-430.158203 404.541595 -100.234100 2.000000 
-430.454102 405.770508 -100.774498 2.000000 
-430.014191 405.807312 -100.656700 2.000000 
-430.014191 406.379913 -101.009003 2.000000 
-430.180695 407.128906 -101.216301 2.000000 
-430.011993 407.249115 -101.322098 2.000000 
-430.135895 407.871094 -101.494904 2.000000 
-430.062897 408.637390 -101.792297 2.000000 
-430.366608 409.235596 -102.092499 2.000000 
-430.543793 409.431091 -102.185402 2.000000 
-430.165100 410.084595 -102.443901 2.000000 
-430.392487 410.635895 -102.663002 2.000000 
-430.165314 411.201111 -102.790398 2.000000 
-430.217194 411.609100 -102.929398 2.000000 
-430.371002 412.261292 -103.207397 2.000000 
-430.064392 412.736115 -103.357803 2.000000 
-430.302612 413.294312 -103.572197 2.000000 
-430.366791 413.647095 -103.765503 2.000000 
-430.092010 414.374512 -103.948997 2.000000 
-430.128296 414.591003 -104.102501 2.000000 
-429.891693 415.232208 -104.260803 2.000000 
-430.321594 415.608185 -104.449203 2.000000 
-429.891815 416.325592 -104.746101 2.000000 
-429.903107 416.965302 -105.000999 2.000000 
-430.353088 417.192596 -105.129204 2.000000 
-430.163086 417.865387 -105.319099 2.000000 
-430.518005 418.205597 -105.501999 2.000000 
-430.101013 418.703308 -105.709801 2.000000 
-430.088409 419.017700 -105.822403 2.000000 
-430.324890 419.740509 -106.013901 2.000000 
-430.200714 420.710388 -106.473900 2.000000 
-429.909607 420.392609 -106.219299 2.000000 
-429.917908 421.596191 -106.701103 2.000000 
-429.995300 421.756287 -106.744301 2.000000 
-430.177185 422.445587 -107.023102 2.000000 
-430.443390 422.963989 -107.342003 2.000000 
-430.364410 423.224701 -107.344704 2.000000 
-430.443909 423.814392 -107.664902 2.000000 
-430.195892 424.200287 -107.669998 2.000000 
-430.382599 424.957794 -108.026497 2.000000 
-430.122894 425.371002 -108.125900 2.000000 
-429.801300 425.939911 -108.300400 2.000000 
-430.003296 426.288513 -108.463799 2.000000 
-430.241302 426.851196 -108.733299 2.000000 
-430.194794 427.145203 -108.843002 2.000000 
-429.730408 428.308685 -109.215500 2.000000 
-430.130096 428.337494 -109.313797 2.000000 
-430.494110 428.673309 -109.423500 2.000000 
-430.220306 429.287903 -109.633698 2.000000 
-429.902008 429.925110 -109.886101 2.000000 
-429.868103 430.245514 -109.959099 2.000000 
-430.442108 430.876709 -110.224701 2.000000 
-430.102295 431.309509 -110.391899 2.000000 
-429.959900 432.085510 -110.638603 2.000000 
-430.183502 432.404114 -110.801498 2.000000 
-429.766693 433.071411 -111.059502 2.000000 
-430.027191 433.269287 -111.128197 2.000000 
-430.615692 434.233307 -111.599701 2.000000 
-429.981201 434.468689 -111.542702 2.000000 
-430.037292 435.022400 -111.838898 2.000000 
-430.190094 435.541412 -112.006599 2.000000 
-430.113586 436.009613 -112.142502 2.000000 
-430.233612 436.868896 -112.549301 2.000000 
-430.201294 437.149200 -112.586601 2.000000 
-430.146088 437.669403 -112.782097 2.000000 
-430.338501 438.122589 -112.910004 2.000000 
-430.145111 438.530396 -113.112701 2.000000 
-429.973602 439.222107 -113.286003 2.000000 
-430.042694 439.596405 -113.559898 2.000000 
-429.908905 439.953308 -113.542000 2.000000 
-430.234497 440.686005 -113.919998 2.000000 
-430.202515 441.137085 -114.027702 2.000000 
-430.186615 441.760712 -114.249496 2.000000 
-429.985413 441.829010 -114.390404 2.000000 
-430.413910 442.902802 -114.677002 2.000000 
-429.542908 366.446106 -85.342102 2.000000 
-429.721008 367.181885 -85.729897 2.000000 
-429.322906 367.298004 -85.775803 2.000000 
-429.534302 367.591705 -85.926598 2.000000 
-429.615295 368.495789 -86.281502 2.000000 
-429.669800 368.942505 -86.433800 2.000000 
-429.428101 369.628998 -86.612999 2.000000 
-429.758087 370.069794 -86.829300 2.000000 
-429.805206 392.181793 -95.388603 2.000000 
-429.544312 393.010590 -95.789803 2.000000 
-429.398285 393.428802 -95.971397 2.000000 
-429.645203 393.924805 -96.087601 2.000000 
-429.536011 394.265503 -96.195503 2.000000 
-429.629303 394.782104 -96.429398 2.000000 
-429.766815 395.169495 -96.555702 2.000000 
-429.597504 395.588287 -96.749496 2.000000 
-429.664001 396.449799 -97.117996 2.000000 
-429.892303 396.844513 -97.203598 2.000000 
-429.376801 397.206787 -97.393799 2.000000 
-429.362701 397.921997 -97.660500 2.000000 
-429.483612 398.255493 -97.841400 2.000000 
-429.791412 398.956696 -98.102097 2.000000 
-429.882507 399.392609 -98.310303 2.000000 
-429.532288 400.288910 -98.544296 2.000000 
-429.653595 400.190399 -98.543999 2.000000 
-429.710785 400.933594 -98.802101 2.000000 
-429.446808 401.565002 -99.084000 2.000000 
-429.458405 402.122589 -99.241699 2.000000 
-429.847412 402.448914 -99.417099 2.000000 
-429.500214 402.664703 -99.451599 2.000000 
-429.553497 403.510406 -99.821404 2.000000 
-429.543610 404.122894 -100.108704 2.000000 
-429.695496 404.325012 -100.079300 2.000000 
-429.773407 405.255493 -100.440697 2.000000 
-429.629486 405.494598 -100.622597 2.000000 
-429.875092 406.175293 -100.921204 2.000000 
-429.720093 406.236908 -100.814400 2.000000 
-429.371399 407.065704 -101.158302 2.000000 
-429.700287 407.841492 -101.413300 2.000000 
-429.460297 408.050598 -101.556000 2.000000 
-429.638306 408.458496 -101.723999 2.000000 
-429.683807 409.277008 -102.083801 2.000000 
-429.709198 409.769287 -102.233200 2.000000 
-429.754791 409.936707 -102.269699 2.000000 
-429.738586 410.353485 -102.381599 2.000000 
-429.778503 410.987000 -102.664001 2.000000 
-430.017212 411.600800 -102.984596 2.000000 
-429.530701 412.243988 -103.219101 2.000000 
-429.786194 412.559509 -103.283401 2.000000 
-429.368896 412.951904 -103.457802 2.000000 
-429.775513 413.792206 -103.755096 2.000000 
-429.976105 413.820801 -103.740196 2.000000 
-429.604614 414.661713 -104.136299 2.000000 
-429.997803 415.082611 -104.227203 2.000000 
-429.647400 415.380707 -104.291901 2.000000 
-429.566101 416.426086 -104.717201 2.000000 
-429.846100 416.794708 -104.834602 2.000000 
-429.855103 417.261688 -105.148399 2.000000 
-429.610596 417.578888 -105.248802 2.000000 
-429.715912 417.930115 -105.335602 2.000000 
-429.840393 419.077698 -105.773300 2.000000 
-429.613800 419.449005 -105.900902 2.000000 
-429.308899 419.870392 -106.036499 2.000000 
-430.018799 420.205688 -106.181702 2.000000 
-429.687286 420.772705 -106.351097 2.000000 
-429.634186 421.109497 -106.541000 2.000000 
-429.879395 421.629913 -106.780098 2.000000 
-429.852112 422.208191 -106.916199 2.000000 
-429.575806 422.786011 -107.085403 2.000000 
-429.509186 423.557190 -107.368599 2.000000 
-429.674408 423.930206 -107.669403 2.000000 
-429.833496 424.593597 -107.790703 2.000000 
-429.784912 424.709015 -107.920601 2.000000 
-429.934906 425.354095 -108.084602 2.000000 
-429.721497 425.661194 -108.204201 2.000000 
-429.367004 426.074310 -108.422897 2.000000 
-429.949188 426.650696 -108.617302 2.000000 
-429.486511 427.196014 -108.766800 2.000000 
-429.696289 427.896515 -109.075401 2.000000 
-429.665100 428.354614 -109.224297 2.000000 
-429.599487 429.157288 -109.532799 2.000000 
-429.574310 429.526611 -109.647003 2.000000 
-429.963806 430.101501 -109.906799 2.000000 
-429.728607 430.455505 -110.016296 2.000000 
-429.589294 431.184906 -110.347702 2.000000 
-429.744507 431.625000 -110.442497 2.000000 
-429.574310 432.139008 -110.708504 2.000000 
-429.603485 432.574188 -110.841400 2.000000 
-429.609192 432.920502 -110.946297 2.000000 
-429.560699 433.610901 -111.274101 2.000000 
-429.718201 433.914398 -111.301201 2.000000 
-429.570801 434.338989 -111.437897 2.000000 
-429.713806 435.091400 -111.839798 2.000000 
-429.579407 435.281311 -111.798897 2.000000 
-429.383911 436.003296 -112.146004 2.000000 
-429.687714 436.575287 -112.347198 2.000000 
-429.804901 437.020691 -112.525299 2.000000 
-429.888397 437.737793 -112.785599 2.000000 
-429.544006 438.296906 -112.905403 2.000000 
-429.674500 438.472900 -112.982300 2.000000 
-429.680695 439.118500 -113.345299 2.000000 
-429.933899 439.371887 -113.421997 2.000000 
-429.751404 440.158905 -113.707298 2.000000 
-429.527405 440.593109 -113.889099 2.000000 
-429.937988 441.193909 -114.145599 2.000000 
-429.589996 441.534912 -114.219002 2.000000 
-429.523010 442.077393 -114.444298 2.000000 
-429.763489 442.568695 -114.586601 2.000000 
-429.038696 366.075714 -85.241997 2.000000 
-428.980713 367.084503 -85.670502 2.000000 
-429.122314 367.293488 -85.788200 2.000000 
-428.879395 367.515289 -85.820900 2.000000 
-429.080200 368.473785 -86.189102 2.000000 
-428.918488 369.012909 -86.400002 2.000000 
-429.210205 369.338287 -86.557800 2.000000 
-429.107788 392.275604 -95.470200 2.000000 
-429.143005 392.920502 -95.730499 2.000000 
-428.935486 393.050995 -95.655998 2.000000 
-429.360809 393.351807 -95.861801 2.000000 
-429.165588 394.333008 -96.270897 2.000000 
-429.040405 394.950409 -96.490601 2.000000 
-429.564789 395.148712 -96.549301 2.000000 
-429.139099 396.074707 -96.855301 2.000000 
-428.983887 396.457886 -97.071404 2.000000 
-429.272797 397.056305 -97.364403 2.000000 
-429.330292 397.050293 -97.375900 2.000000 
-428.883514 398.106812 -97.675102 2.000000 
-429.335693 398.503204 -97.907700 2.000000 
-429.238098 398.932495 -98.065804 2.000000 
-429.175507 399.299011 -98.195503 2.000000 
-429.241791 400.078888 -98.432098 2.000000 
-429.179291 400.615814 -98.613899 2.000000 
-429.278900 400.797485 -98.740601 2.000000 
-429.083191 401.396790 -98.974503 2.000000 
-429.224487 401.937286 -99.161797 2.000000 
-429.078094 402.665497 -99.492500 2.000000 
-429.103302 402.962585 -99.611504 2.000000 
-429.346497 403.395111 -99.737801 2.000000 
-428.969513 404.415314 -100.038300 2.000000 
-428.822601 404.494812 -100.089600 2.000000 
-429.237610 405.021210 -100.349800 2.000000 
-429.154694 405.449402 -100.445999 2.000000 
-429.187195 405.999298 -100.676102 2.000000 
-428.777588 406.221405 -100.857597 2.000000 
-429.284088 407.262787 -101.179100 2.000000 
-429.305115 407.565613 -101.351799 2.000000 
-429.348602 408.111694 -101.579803 2.000000 
-429.041199 408.522186 -101.728798 2.000000 
-428.995514 409.023590 -101.944702 2.000000 
-429.274597 409.925812 -102.184097 2.000000 
-429.069611 410.100189 -102.363197 2.000000 
-428.884705 410.392487 -102.440903 2.000000 
-428.967407 411.244293 -102.716599 2.000000 
-429.265808 411.554993 -102.847504 2.000000 
-429.160614 412.226990 -103.112602 2.000000 
-429.084106 412.763000 -103.271896 2.000000 
-429.337006 413.355896 -103.545197 2.000000 
-429.355194 413.819794 -103.771797 2.000000 
-429.121796 413.807709 -103.762901 2.000000 
-429.259796 414.714111 -104.095299 2.000000 
-429.047485 414.958496 -104.180496 2.000000 
-429.185303 415.691101 -104.440102 2.000000 
-429.495605 416.043701 -104.564598 2.000000 
-428.869598 416.636200 -104.807999 2.000000 
-429.059387 417.338593 -105.016098 2.000000 
-429.055695 417.946411 -105.294800 2.000000 
-429.081512 418.227814 -105.407402 2.000000 
-429.019592 418.590393 -105.562103 2.000000 
-428.949097 419.146393 -105.767303 2.000000 
-429.212097 419.929596 -105.983902 2.000000 
-429.104492 419.826385 -106.004898 2.000000 
-429.303802 420.811707 -106.361397 2.000000 
-429.173309 421.114410 -106.500702 2.000000 
-429.232391 421.673401 -106.739502 2.000000 
-429.244995 422.455414 -106.943398 2.000000 
-429.237091 422.968506 -107.201302 2.000000 
-428.981812 423.488098 -107.368896 2.000000 
-429.130798 423.811310 -107.537598 2.000000 
-429.084106 424.538788 -107.807999 2.000000 
-429.040100 424.853088 -107.864899 2.000000 
-429.332611 425.199799 -108.112602 2.000000 
-429.090912 425.782715 -108.181602 2.000000 
-429.158905 426.350403 -108.535599 2.000000 
-428.999298 426.929901 -108.674202 2.000000 
-429.104492 427.575989 -108.931702 2.000000 
-428.934204 427.940887 -109.100899 2.000000 
-428.950287 428.454315 -109.295502 2.000000 
-429.237610 429.092194 -109.520897 2.000000 
-429.353394 429.072510 -109.560997 2.000000 
-429.178192 429.989990 -109.820396 2.000000 
-428.983490 430.448792 -109.978897 2.000000 
-428.908905 431.142395 -110.230400 2.000000 
-429.106812 431.307495 -110.312401 2.000000 
-429.410797 432.116394 -110.685402 2.000000 
-429.549408 432.294586 -110.803596 2.000000 
-429.121796 433.024414 -110.953903 2.000000 
-429.081787 433.635712 -111.174500 2.000000 
-428.939514 433.743500 -111.174500 2.000000 
-428.931213 434.195587 -111.387199 2.000000 
-429.012207 435.046997 -111.773399 2.000000 
-429.085205 435.391815 -111.843903 2.000000 
-429.241699 436.008209 -112.128304 2.000000 
-428.949890 436.258209 -112.131104 2.000000 
-429.326111 437.249115 -112.551201 2.000000 
-429.298798 437.484711 -112.597801 2.000000 
-429.207397 438.166199 -112.878700 2.000000 
-429.436615 438.579590 -113.041199 2.000000 
-429.273804 438.911713 -113.122002 2.000000 
-428.971710 439.363403 -113.316704 2.000000 
-429.055511 440.089203 -113.668900 2.000000 
-429.286987 440.764191 -113.859398 2.000000 
-429.506104 441.131989 -113.981903 2.000000 
-428.987091 441.691895 -114.255302 2.000000 
-429.066986 442.264191 -114.479103 2.000000 
-428.812500 366.660309 -85.474602 2.000000 
-428.433197 366.640991 -85.432297 2.000000 
-428.669098 367.343994 -85.631798 2.000000 
-428.562195 368.097900 -86.024597 2.000000 
-428.525787 368.550110 -86.159798 2.000000 
-428.908905 369.174286 -86.376801 2.000000 
-428.438599 369.632812 -86.545601 2.000000 
-428.468597 392.158112 -95.356003 2.000000 
-428.943512 392.592407 -95.518402 2.000000 
-428.505798 393.237396 -95.749603 2.000000 
-428.649811 394.223389 -96.096100 2.000000 
-428.725891 394.329590 -96.237000 2.000000 
-428.823303 394.929596 -96.425797 2.000000 
-428.869904 395.362305 -96.600197 2.000000 
-428.569611 395.796692 -96.690300 2.000000 
-428.887695 396.447601 -96.997704 2.000000 
-428.780212 396.831207 -97.162498 2.000000 
-428.717499 397.360992 -97.381104 2.000000 
-428.680115 397.774200 -97.570702 2.000000 
-428.810303 398.532410 -97.835297 2.000000 
-428.637299 398.987396 -97.965599 2.000000 
-428.745605 399.665009 -98.250900 2.000000 
-428.696106 399.645203 -98.227097 2.000000 
-428.786407 400.110992 -98.404503 2.000000 
-428.771606 400.862488 -98.692299 2.000000 
-428.411804 401.302399 -98.878403 2.000000 
-428.735809 401.862213 -99.141701 2.000000 
-428.802795 402.565491 -99.318703 2.000000 
-428.647186 403.119812 -99.583298 2.000000 
-428.322693 403.337891 -99.612396 2.000000 
-428.717804 404.141296 -99.911102 2.000000 
-428.674591 404.545013 -100.155197 2.000000 
-428.428314 404.929993 -100.323799 2.000000 
-428.703613 405.549805 -100.588699 2.000000 
-428.723297 405.951385 -100.683800 2.000000 
-428.467407 406.669891 -100.915199 2.000000 
-429.142792 406.934113 -101.081703 2.000000 
-428.631805 407.394592 -101.194504 2.000000 
-428.523010 407.801208 -101.374496 2.000000 
-428.930389 408.759003 -101.821701 2.000000 
-428.815002 409.016998 -101.791496 2.000000 
-428.957001 409.536102 -101.997002 2.000000 
-428.546814 409.890289 -102.193199 2.000000 
-428.785095 410.702393 -102.517998 2.000000 
-428.651794 410.936005 -102.507599 2.000000 
-428.787109 411.980804 -102.997704 2.000000 
-428.742310 412.066986 -103.025101 2.000000 
-428.875488 412.606110 -103.228600 2.000000 
-428.558197 413.035614 -103.363602 2.000000 
-428.486603 413.745605 -103.593102 2.000000 
-428.368591 414.009705 -103.683998 2.000000 
-428.515991 414.415588 -103.873001 2.000000 
-428.852905 415.226501 -104.174896 2.000000 
-428.925812 415.815186 -104.497803 2.000000 
-428.545013 416.094086 -104.523598 2.000000 
-428.719513 416.865601 -104.865196 2.000000 
-428.325989 417.278687 -105.013603 2.000000 
-428.700806 417.792908 -105.149002 2.000000 
-428.766998 418.347198 -105.465103 2.000000 
-428.635803 418.804688 -105.590599 2.000000 
-428.691589 419.755005 -106.011703 2.000000 
-428.539001 419.986389 -106.002998 2.000000 
-428.775085 420.260101 -106.131500 2.000000 
-428.421692 421.073395 -106.346497 2.000000 
-428.848114 421.091187 -106.455002 2.000000 
-428.305389 421.574188 -106.583000 2.000000 
-428.735504 422.179596 -106.871803 2.000000 
-428.406403 422.896515 -107.162804 2.000000 
-428.714905 423.255188 -107.323898 2.000000 
-428.899689 423.560791 -107.334702 2.000000 
-428.546204 424.383392 -107.746597 2.000000 
-428.818512 424.633789 -107.719498 2.000000 
-428.599487 425.172211 -107.932999 2.000000 
-428.592499 426.171600 -108.394600 2.000000 
-428.965912 426.472595 -108.497498 2.000000 
-428.537292 426.860992 -108.614304 2.000000 
-428.376709 427.244507 -108.708603 2.000000 
-428.615997 427.740204 -108.974899 2.000000 
-428.774597 428.445007 -109.240997 2.000000 
-428.621796 428.783813 -109.376198 2.000000 
-428.668915 429.282410 -109.481102 2.000000 
-428.562805 429.869598 -109.781403 2.000000 
-428.712891 430.533997 -109.949203 2.000000 
-428.562408 430.997101 -110.198196 2.000000 
-428.648804 431.162598 -110.231697 2.000000 
-428.844696 431.721100 -110.521400 2.000000 
-428.710297 432.541290 -110.755699 2.000000 
-428.644287 432.987488 -110.917198 2.000000 
-428.290985 433.479492 -111.066704 2.000000 
-428.688995 433.914001 -111.221603 2.000000 
-428.605499 434.537201 -111.504700 2.000000 
-428.840393 435.099396 -111.715897 2.000000 
-428.466400 435.536987 -111.861801 2.000000 
-428.708496 435.868805 -111.980904 2.000000 
-428.522491 436.505188 -112.263298 2.000000 
-428.677704 437.228394 -112.473503 2.000000 
-428.400909 437.532196 -112.653999 2.000000 
-428.731689 437.893311 -112.822701 2.000000 
-428.792511 438.587494 -113.071098 2.000000 
-428.609497 439.231903 -113.261597 2.000000 
-428.552307 439.574707 -113.408203 2.000000 
-428.715302 440.449097 -113.638603 2.000000 
-428.594910 440.921906 -113.917702 2.000000 
-428.346588 441.161987 -113.868103 2.000000 
-428.649689 441.525513 -114.161903 2.000000 
-428.596893 442.312408 -114.417999 2.000000 
-428.562012 442.494995 -114.398201 2.000000 
-427.781311 366.520905 -85.349098 2.000000 
-428.177612 366.939301 -85.472000 2.000000 
-427.975891 367.294189 -85.622803 2.000000 
-428.021393 367.898010 -85.879501 2.000000 
-427.802612 368.159302 -85.908699 2.000000 
-428.153595 368.716614 -86.211304 2.000000 
-428.227814 369.215088 -86.366600 2.000000 
-428.096313 391.879700 -95.280998 2.000000 
-428.011597 392.182190 -95.387199 2.000000 
-427.999695 392.944214 -95.601303 2.000000 
-427.808899 393.570801 -95.839699 2.000000 
-428.010803 393.884094 -95.949303 2.000000 
-427.985291 394.376495 -96.112999 2.000000 
-428.191589 394.730103 -96.350502 2.000000 
-428.192200 395.136108 -96.534103 2.000000 
-428.131500 395.871887 -96.780602 2.000000 
-428.163696 396.486908 -97.004402 2.000000 
-428.187592 396.728210 -97.136497 2.000000 
-428.057312 397.398193 -97.331100 2.000000 
-428.115906 398.010712 -97.633301 2.000000 
-428.352295 398.394897 -97.718300 2.000000 
-428.345795 399.005798 -97.922203 2.000000 
-428.001312 399.353607 -98.054604 2.000000 
-428.126312 399.877411 -98.271202 2.000000 
-428.076294 400.230103 -98.448799 2.000000 
-427.963806 401.016510 -98.783302 2.000000 
-427.792206 401.389587 -98.912903 2.000000 
-428.331512 401.988403 -99.183403 2.000000 
-428.280396 402.401398 -99.289803 2.000000 
-428.039703 402.857788 -99.377602 2.000000 
-428.307709 403.640808 -99.806000 2.000000 
-428.437195 403.841095 -99.912201 2.000000 
-428.265411 404.461792 -100.031097 2.000000 
-428.029602 404.975800 -100.268097 2.000000 
-428.222412 405.297699 -100.410500 2.000000 
-428.251404 406.321899 -100.757301 2.000000 
-428.045807 406.719604 -100.905602 2.000000 
-428.106995 406.813110 -101.027199 2.000000 
-428.066406 407.766815 -101.392097 2.000000 
-428.171112 408.218292 -101.428902 2.000000 
-427.991913 408.581390 -101.686996 2.000000 
-427.996094 409.166199 -101.799301 2.000000 
-428.210693 409.527313 -101.955597 2.000000 
-428.271698 410.183014 -102.287903 2.000000 
-428.077789 410.320587 -102.273499 2.000000 
-428.344513 411.050598 -102.529602 2.000000 
-428.147888 411.693512 -102.844498 2.000000 
-428.102814 412.264404 -102.978699 2.000000 
-428.259094 412.495300 -103.131401 2.000000 
-427.869385 412.924500 -103.291702 2.000000 
-428.262512 413.437805 -103.494102 2.000000 
-427.871307 413.888000 -103.607903 2.000000 
-428.077209 414.778687 -104.068802 2.000000 
-428.311310 415.022308 -104.180397 2.000000 
-427.876801 415.708313 -104.377701 2.000000 
-428.215515 416.420898 -104.630096 2.000000 
-428.421204 416.831085 -104.821297 2.000000 
-428.187714 416.912903 -104.871002 2.000000 
-427.970215 417.684814 -105.156303 2.000000 
-428.211304 418.029785 -105.307602 2.000000 
-428.121490 418.654694 -105.516899 2.000000 
-428.179688 419.137787 -105.635300 2.000000 
-428.292114 420.140991 -106.051201 2.000000 
-427.921906 419.985992 -106.025299 2.000000 
-428.247192 420.857697 -106.334702 2.000000 
-428.080597 421.360809 -106.491501 2.000000 
-428.131714 421.915192 -106.775597 2.000000 
-427.837006 422.428497 -106.807999 2.000000 
-428.047699 422.706909 -106.983803 2.000000 
-428.044098 423.412689 -107.343102 2.000000 
-428.282501 423.636505 -107.395103 2.000000 
-428.111298 424.709595 -107.801102 2.000000 
-428.426605 425.032288 -107.879601 2.000000 
-427.787292 425.381592 -108.024498 2.000000 
-428.032410 425.403900 -107.992897 2.000000 
-427.986908 426.214203 -108.305298 2.000000 
-428.173309 426.977203 -108.558296 2.000000 
-428.090302 427.236908 -108.749001 2.000000 
-428.000092 427.849609 -108.892601 2.000000 
-428.299500 428.691589 -109.261597 2.000000 
-427.952209 428.729004 -109.309097 2.000000 
-428.355408 429.512695 -109.564201 2.000000 
-428.274994 429.814789 -109.710602 2.000000 
-427.981903 430.513885 -109.949997 2.000000 
-428.155701 430.807495 -110.056198 2.000000 
-428.305786 431.297302 -110.321098 2.000000 
-428.095398 432.187805 -110.618599 2.000000 
-428.044586 432.579498 -110.690002 2.000000 
-427.970612 433.054688 -110.844902 2.000000 
-428.141510 433.385406 -111.071899 2.000000 
-428.305603 433.602600 -111.101501 2.000000 
-428.219391 434.691986 -111.501801 2.000000 
-428.226715 435.048798 -111.614304 2.000000 
-428.113098 435.838104 -111.905800 2.000000 
-427.970886 436.031708 -111.959801 2.000000 
-428.002106 436.762512 -112.251099 2.000000 
-428.299805 436.867310 -112.318001 2.000000 
-428.053192 437.496399 -112.549896 2.000000 
-428.157593 437.996185 -112.795502 2.000000 
-428.009003 438.775513 -113.042801 2.000000 
-428.237488 438.938507 -113.077400 2.000000 
-427.835297 439.625000 -113.266403 2.000000 
-428.323792 439.964905 -113.564598 2.000000 
-428.092896 440.836700 -113.767700 2.000000 
-428.265503 440.952606 -113.790298 2.000000 
-428.167114 441.934509 -114.179703 2.000000 
-428.382111 442.063293 -114.308800 2.000000 
-427.600891 366.932312 -85.391296 2.000000 
-427.352386 367.476593 -85.629799 2.000000 
-427.893188 367.981995 -85.830803 2.000000 
-427.996399 368.209808 -85.975304 2.000000 
-427.607391 368.805695 -86.132599 2.000000 
-427.507507 369.354004 -86.338799 2.000000 
-427.595795 391.531006 -95.026398 2.000000 
-427.580200 392.315704 -95.314003 2.000000 
-427.215210 392.717407 -95.418999 2.000000 
-427.462097 393.439209 -95.745598 2.000000 
-427.526703 394.135406 -96.019096 2.000000 
-427.650909 394.280396 -96.169601 2.000000 
-427.744293 394.784210 -96.368500 2.000000 
-427.669403 395.300690 -96.541702 2.000000 
-427.432587 395.882812 -96.638802 2.000000 
-427.790405 396.448700 -96.884399 2.000000 
-427.637695 396.897308 -97.150200 2.000000 
-427.878204 397.655792 -97.410202 2.000000 
-427.896301 397.892212 -97.457001 2.000000 
-427.440796 398.368805 -97.721802 2.000000 
-427.470001 398.879395 -97.871696 2.000000 
-427.614288 399.544586 -98.053299 2.000000 
-427.818298 399.954987 -98.341499 2.000000 
-427.508911 400.225891 -98.320999 2.000000 
-427.703796 400.981689 -98.623199 2.000000 
-427.405609 401.417389 -98.811401 2.000000 
-427.911407 402.024292 -99.141296 2.000000 
-427.434204 402.553009 -99.241402 2.000000 
-427.505493 403.070099 -99.495499 2.000000 
-427.426697 403.389313 -99.652199 2.000000 
-427.621490 403.740601 -99.777199 2.000000 
-427.550903 404.584015 -99.987801 2.000000 
-427.760803 404.711792 -100.084099 2.000000 
-427.812408 405.338409 -100.337303 2.000000 
-427.812195 406.014709 -100.667801 2.000000 
-427.565308 406.590210 -100.821899 2.000000 
-427.436615 407.069702 -100.980003 2.000000 
-427.569489 407.281311 -101.103203 2.000000 
-427.536499 408.187286 -101.456299 2.000000 
-427.661591 408.819885 -101.626999 2.000000 
-427.726990 409.234711 -101.839500 2.000000 
-427.901611 409.504303 -101.962502 2.000000 
-427.721313 410.097198 -102.155998 2.000000 
-427.604095 410.637909 -102.374001 2.000000 
-427.638885 411.216400 -102.591904 2.000000 
-427.445404 411.432587 -102.721100 2.000000 
-427.659393 412.322510 -103.102798 2.000000 
-427.483795 412.391815 -103.044098 2.000000 
-427.464508 413.285492 -103.351601 2.000000 
-427.787506 413.684296 -103.564598 2.000000 
-427.468201 413.835205 -103.520103 2.000000 
-427.649689 414.689514 -103.981697 2.000000 
-427.589111 415.277893 -104.096603 2.000000 
-427.508087 415.693115 -104.226196 2.000000 
-427.519592 416.157715 -104.403503 2.000000 
-427.711090 416.564301 -104.707397 2.000000 
-427.514893 417.313599 -104.907204 2.000000 
-427.779785 417.902191 -105.233200 2.000000 
-427.657013 418.059692 -105.188499 2.000000 
-427.525696 418.930603 -105.472702 2.000000 
-427.907013 419.347412 -105.669800 2.000000 
-427.719513 419.599701 -105.851196 2.000000 
-427.279205 420.519897 -106.106201 2.000000 
-427.796204 420.612396 -106.196999 2.000000 
-427.690002 421.298401 -106.499603 2.000000 
-428.001190 421.548492 -106.501801 2.000000 
-427.657501 422.002991 -106.646103 2.000000 
-427.661713 423.021210 -107.113297 2.000000 
-427.543213 423.345490 -107.145599 2.000000 
-427.605103 424.118195 -107.542603 2.000000 
-427.724792 424.239288 -107.485298 2.000000 
-427.699585 424.884888 -107.755096 2.000000 
-427.660309 425.304993 -107.905197 2.000000 
-427.578094 425.881195 -108.125900 2.000000 
-427.419403 426.414886 -108.334297 2.000000 
-427.553192 426.825806 -108.521103 2.000000 
-427.742493 427.295685 -108.717903 2.000000 
-427.586609 427.642303 -108.836403 2.000000 
-427.638794 428.287109 -109.005997 2.000000 
-427.879791 429.045197 -109.411301 2.000000 
-427.472809 429.473694 -109.472298 2.000000 
-427.923187 430.380890 -109.896202 2.000000 
-427.482300 430.245911 -109.839699 2.000000 
-427.733307 430.948090 -110.097000 2.000000 
-427.796112 431.522797 -110.242897 2.000000 
-427.433289 431.943695 -110.458900 2.000000 
-427.518799 432.627411 -110.636299 2.000000 
-427.740906 432.931885 -110.860497 2.000000 
-427.617889 433.514709 -111.101700 2.000000 
-427.688110 434.260315 -111.366096 2.000000 
-427.763702 434.247009 -111.288902 2.000000 
-427.695190 434.966309 -111.625702 2.000000 
-427.608093 435.522003 -111.765404 2.000000 
-427.558197 435.955505 -111.892601 2.000000 
-427.535797 436.598206 -112.151299 2.000000 
-427.795685 437.080994 -112.433998 2.000000 
-427.623596 437.766296 -112.590897 2.000000 
-427.595490 437.997192 -112.773697 2.000000 
-427.496094 438.477905 -112.906303 2.000000 
-427.627289 439.067902 -113.034897 2.000000 
-427.670105 439.565796 -113.322098 2.000000 
-427.797607 440.133087 -113.571800 2.000000 
-427.600586 440.686707 -113.737801 2.000000 
-427.653290 441.442505 -113.966698 2.000000 
-427.646912 441.545502 -114.093597 2.000000 
-427.598602 442.065186 -114.288597 2.000000 
-427.207886 366.409698 -85.232597 2.000000 
-427.189606 366.942505 -85.475700 2.000000 
-427.133606 367.290802 -85.515900 2.000000 
-426.991791 367.911896 -85.776001 2.000000 
-427.332611 368.648010 -86.094299 2.000000 
-426.642395 368.811188 -86.104401 2.000000 
-427.113495 369.189911 -86.353500 2.000000 
-427.126495 391.370697 -94.970901 2.000000 
-427.011108 391.966614 -95.108498 2.000000 
-427.359314 392.360901 -95.298599 2.000000 
-427.128296 392.789490 -95.530800 2.000000 
-427.073914 393.233887 -95.654404 2.000000 
-426.871704 393.796112 -95.845200 2.000000 
-426.981110 394.303589 -96.094299 2.000000 
-427.167908 394.897400 -96.298897 2.000000 
-427.109314 395.650208 -96.579399 2.000000 
-427.325500 396.094513 -96.711601 2.000000 
-427.013000 396.525085 -96.972000 2.000000 
-427.237305 396.837006 -97.107399 2.000000 
-427.040710 397.314606 -97.265800 2.000000 
-426.914703 398.036011 -97.444298 2.000000 
-427.251312 398.421692 -97.640602 2.000000 
-427.164001 399.035492 -97.944397 2.000000 
-426.907990 399.230286 -97.920197 2.000000 
-427.105713 399.609009 -98.098900 2.000000 
-427.210999 400.187897 -98.307999 2.000000 
-427.402588 400.858887 -98.630997 2.000000 
-427.121613 401.405304 -98.742599 2.000000 
-427.142609 401.880005 -99.057899 2.000000 
-427.187988 402.294708 -99.123100 2.000000 
-426.948395 402.670685 -99.215698 2.000000 
-426.989899 403.405487 -99.558899 2.000000 
-427.400696 404.198090 -99.889503 2.000000 
-427.095306 404.438385 -99.999901 2.000000 
-427.003815 404.862396 -100.074600 2.000000 
-427.286011 405.342194 -100.267899 2.000000 
-426.917999 406.272491 -100.692497 2.000000 
-427.156403 406.573792 -100.751801 2.000000 
-426.937286 407.176086 -100.952904 2.000000 
-427.041809 407.589203 -101.125504 2.000000 
-426.907410 408.074585 -101.388397 2.000000 
-427.057800 408.679199 -101.582397 2.000000 
-427.180908 409.031403 -101.785500 2.000000 
-427.147491 409.656403 -101.953697 2.000000 
-427.260895 410.197693 -102.147797 2.000000 
-426.893585 410.487610 -102.220802 2.000000 
-427.131104 411.179993 -102.517097 2.000000 
-427.351898 411.622192 -102.782303 2.000000 
-427.118408 412.135498 -102.840599 2.000000 
-426.949005 412.561493 -103.119698 2.000000 
-426.906097 413.275909 -103.349098 2.000000 
-426.895691 413.469604 -103.341599 2.000000 
-427.158997 414.384613 -103.750603 2.000000 
-427.054291 414.679199 -103.818703 2.000000 
-427.503906 414.956390 -104.075699 2.000000 
-427.050507 415.929810 -104.409599 2.000000 
-427.373688 416.046906 -104.448196 2.000000 
-426.958008 416.282806 -104.492401 2.000000 
-427.058197 417.397614 -104.943901 2.000000 
-427.036896 417.499908 -104.910896 2.000000 
-426.810913 418.282288 -105.293297 2.000000 
-427.142792 418.949188 -105.511597 2.000000 
-427.087097 419.091400 -105.504303 2.000000 
-426.846710 419.698700 -105.694000 2.000000 
-427.104889 420.114899 -105.873497 2.000000 
-427.152405 420.658691 -106.150902 2.000000 
-427.066101 421.402100 -106.360397 2.000000 
-427.045288 421.637512 -106.507301 2.000000 
-427.248810 422.436096 -106.841904 2.000000 
-427.214813 423.018402 -106.979698 2.000000 
-426.968109 423.123505 -107.034500 2.000000 
-427.048309 423.851593 -107.409798 2.000000 
-427.431610 424.256714 -107.518799 2.000000 
-427.181610 424.807709 -107.787201 2.000000 
-427.311798 425.390411 -107.988701 2.000000 
-427.415405 426.173187 -108.312202 2.000000 
-426.882202 426.350586 -108.332497 2.000000 
-427.328186 426.736298 -108.500603 2.000000 
-426.991302 427.316589 -108.669899 2.000000 
-427.149109 427.878998 -108.868599 2.000000 
-427.411987 428.487488 -109.087700 2.000000 
-427.057404 428.903687 -109.249702 2.000000 
-427.103394 429.361389 -109.365097 2.000000 
-427.501709 429.801514 -109.677597 2.000000 
-426.953796 430.614594 -109.905602 2.000000 
-426.981201 430.878815 -110.014801 2.000000 
-427.370697 431.401489 -110.150398 2.000000 
-426.885590 431.861694 -110.364304 2.000000 
-427.657593 432.760010 -110.783501 2.000000 
-426.979401 432.892914 -110.766502 2.000000 
-427.309998 433.671509 -111.075996 2.000000 
-427.096100 433.790802 -111.059196 2.000000 
-427.081512 434.937500 -111.556000 2.000000 
-427.206512 434.896210 -111.502602 2.000000 
-427.093811 435.680908 -111.846703 2.000000 
-427.012299 436.191895 -111.944199 2.000000 
-427.022186 436.500885 -112.134201 2.000000 
-427.044495 437.279785 -112.336098 2.000000 
-427.177490 437.674408 -112.512199 2.000000 
-427.150787 437.972595 -112.715698 2.000000 
-426.937714 438.592804 -112.849503 2.000000 
-426.980408 439.358185 -113.228600 2.000000 
-426.670013 439.527008 -113.270699 2.000000 
-426.848785 440.014008 -113.383598 2.000000 
-427.063507 440.719391 -113.641403 2.000000 
-427.150604 441.248810 -113.918800 2.000000 
-426.959503 441.583588 -113.960403 2.000000 
-427.243591 442.079407 -114.236099 2.000000 
-426.572205 366.416199 -85.211502 2.000000 
-426.651489 366.518402 -85.268799 2.000000 
-426.648407 367.378601 -85.604401 2.000000 
-426.931885 368.041199 -85.822800 2.000000 
-426.643585 368.481689 -85.950401 2.000000 
-426.771606 368.915894 -86.119904 2.000000 
-426.754486 391.201202 -94.777199 2.000000 
-426.562897 391.762604 -95.078796 2.000000 
-426.592010 392.664215 -95.314003 2.000000 
-426.596893 392.893494 -95.452003 2.000000 
-427.006989 393.414215 -95.661697 2.000000 
-426.603607 393.724091 -95.807999 2.000000 
-426.712006 394.231201 -96.046799 2.000000 
-426.687592 394.661407 -96.157799 2.000000 
-426.598907 395.527008 -96.546898 2.000000 
-426.484497 395.854401 -96.686996 2.000000 
-426.523804 396.457001 -96.868401 2.000000 
-426.698212 396.852814 -96.961601 2.000000 
-426.558105 397.675812 -97.392700 2.000000 
-426.802795 397.996094 -97.488098 2.000000 
-426.656891 398.376801 -97.639503 2.000000 
-426.528900 398.965302 -97.866203 2.000000 
-426.457794 399.316406 -97.934700 2.000000 
-426.633209 400.061310 -98.253403 2.000000 
-426.664093 400.435913 -98.377296 2.000000 
-426.823303 401.196808 -98.659897 2.000000 
-426.804413 401.205505 -98.685600 2.000000 
-426.544189 401.589111 -98.847702 2.000000 
-426.444885 402.319092 -99.147499 2.000000 
-426.566315 402.834991 -99.360001 2.000000 
-426.648987 403.240204 -99.462700 2.000000 
-426.656403 403.991394 -99.828598 2.000000 
-426.263306 404.839905 -100.103798 2.000000 
-426.608398 405.349915 -100.251801 2.000000 
-426.691193 405.480194 -100.382599 2.000000 
-426.373993 405.874908 -100.406898 2.000000 
-426.662903 406.686707 -100.823097 2.000000 
-426.982605 407.151886 -101.056801 2.000000 
-426.442993 407.150391 -100.993896 2.000000 
-426.141693 407.868988 -101.211403 2.000000 
-426.489899 408.388000 -101.410797 2.000000 
-426.472412 409.175812 -101.782402 2.000000 
-426.719513 409.841614 -102.036201 2.000000 
-426.739105 410.091309 -102.157997 2.000000 
-426.556885 410.937592 -102.440903 2.000000 
-426.812897 410.675415 -102.384102 2.000000 
-426.767700 411.659607 -102.765701 2.000000 
-426.624908 412.090912 -102.815903 2.000000 
-426.660309 412.531799 -102.970497 2.000000 
-426.384186 413.136597 -103.210098 2.000000 
-426.399109 413.632202 -103.417702 2.000000 
-426.368500 414.121094 -103.609802 2.000000 
-426.512512 414.870392 -103.976196 2.000000 
-426.646912 415.223206 -103.996498 2.000000 
-426.785187 415.916199 -104.369797 2.000000 
-426.319702 416.579803 -104.486099 2.000000 
-426.601715 416.745605 -104.588303 2.000000 
-426.639709 417.016510 -104.699799 2.000000 
-426.779907 417.835693 -105.110397 2.000000 
-426.509186 418.182007 -105.153297 2.000000 
-426.527710 418.660706 -105.328598 2.000000 
-426.688110 419.557800 -105.730003 2.000000 
-426.255402 419.612305 -105.672699 2.000000 
-426.694489 420.213409 -105.988197 2.000000 
-426.626099 420.807098 -106.135002 2.000000 
-426.774902 421.399597 -106.422699 2.000000 
-426.417694 421.517914 -106.435402 2.000000 
-426.420990 422.365601 -106.773300 2.000000 
-426.542389 422.821503 -106.907501 2.000000 
-426.637299 423.406097 -107.153900 2.000000 
-426.890686 423.607208 -107.200500 2.000000 
-426.586609 424.247803 -107.515900 2.000000 
-426.687286 424.657806 -107.670097 2.000000 
-426.573212 425.809387 -108.109802 2.000000 
-426.811310 426.273895 -108.265701 2.000000 
-426.448395 426.176300 -108.138496 2.000000 
-426.631897 426.848114 -108.501999 2.000000 
-426.430695 427.225891 -108.580101 2.000000 
-426.603210 427.968109 -108.842300 2.000000 
-426.344788 428.701599 -109.060501 2.000000 
-426.647491 428.944885 -109.312103 2.000000 
-426.782593 429.834900 -109.591103 2.000000 
-426.633698 430.013611 -109.621696 2.000000 
-426.943390 430.246704 -109.696899 2.000000 
-426.624695 430.699707 -109.952797 2.000000 
-426.697906 431.427795 -110.234299 2.000000 
-426.249786 431.680298 -110.175697 2.000000 
-426.642487 432.429688 -110.519699 2.000000 
-426.539001 433.195496 -110.759903 2.000000 
-426.945496 433.439392 -110.934700 2.000000 
-426.769897 434.147705 -111.219704 2.000000 
-426.838196 434.810791 -111.496696 2.000000 
-426.744202 435.178406 -111.597099 2.000000 
-426.841492 435.998291 -111.823898 2.000000 
-426.510498 436.054504 -111.938400 2.000000 
-426.401489 436.485687 -112.102898 2.000000 
-426.590607 436.962189 -112.233200 2.000000 
-426.863495 437.622803 -112.501801 2.000000 
-426.562103 438.269287 -112.789101 2.000000 
-426.643494 438.474091 -112.793602 2.000000 
-426.825195 438.999695 -113.080597 2.000000 
-426.776489 439.803894 -113.251198 2.000000 
-426.739014 440.206787 -113.490303 2.000000 
-426.678009 440.494110 -113.610298 2.000000 
-426.690094 440.970612 -113.797203 2.000000 
-426.882202 441.638702 -114.023697 2.000000 
-426.459106 366.521606 -85.211403 2.000000 
-426.545807 366.888000 -85.391296 2.000000 
-426.121185 367.406708 -85.467903 2.000000 
-426.384399 367.900787 -85.670197 2.000000 
-426.330505 368.643402 -86.080704 2.000000 
-425.982788 369.116791 -86.135002 2.000000 
-426.151306 369.053009 -86.223900 2.000000 
-425.919708 390.799408 -94.561302 2.000000 
-426.196289 391.073700 -94.762901 2.000000 
-426.147797 391.666687 -94.935997 2.000000 
-426.136597 392.338409 -95.273499 2.000000 
-425.899292 392.710297 -95.405701 2.000000 
-426.139404 393.224396 -95.601402 2.000000 
-426.426392 393.964691 -95.953300 2.000000 
-426.179199 394.055206 -95.927597 2.000000 
-425.807404 394.828796 -96.180298 2.000000 
-425.975586 395.481995 -96.362801 2.000000 
-425.943298 395.958099 -96.538101 2.000000 
-426.196899 396.169495 -96.756699 2.000000 
-425.989594 397.029297 -97.069298 2.000000 
-425.691986 397.225311 -97.097603 2.000000 
-425.892303 398.111694 -97.502998 2.000000 
-426.355591 398.562714 -97.624496 2.000000 
-425.992004 398.907715 -97.713997 2.000000 
-426.118286 399.670013 -97.999199 2.000000 
-426.026703 399.794098 -98.081299 2.000000 
-426.622711 400.122589 -98.291199 2.000000 
-426.269806 401.043396 -98.602798 2.000000 
-426.171509 401.627594 -98.786201 2.000000 
-426.183502 402.017700 -98.940598 2.000000 
-425.899902 402.311401 -99.064598 2.000000 
-425.927887 402.950287 -99.288300 2.000000 
-426.272186 403.414612 -99.574898 2.000000 
-426.181396 403.913696 -99.692802 2.000000 
-426.059906 404.486389 -99.904900 2.000000 
-426.038086 405.009796 -100.100800 2.000000 
-426.069305 405.383698 -100.273499 2.000000 
-426.012207 406.179810 -100.578201 2.000000 
-425.725586 406.577698 -100.696602 2.000000 
-425.898285 407.101013 -100.951202 2.000000 
-426.023499 407.182007 -100.903198 2.000000 
-425.788391 408.129089 -101.262398 2.000000 
-426.000610 408.582703 -101.430801 2.000000 
-426.242310 409.167389 -101.759300 2.000000 
-426.042114 409.512512 -101.840500 2.000000 
-426.225403 410.286591 -102.191200 2.000000 
-426.056000 410.681793 -102.241898 2.000000 
-425.999207 411.362610 -102.578300 2.000000 
-426.011200 411.394989 -102.521301 2.000000 
-426.085785 412.025299 -102.752197 2.000000 
-425.904907 412.712189 -102.988297 2.000000 
-426.179108 413.299591 -103.207100 2.000000 
-426.343903 413.674713 -103.377899 2.000000 
-425.885010 413.944611 -103.430199 2.000000 
-426.053009 414.789703 -103.843102 2.000000 
-426.157410 415.121796 -103.987801 2.000000 
-426.091003 415.747711 -104.191299 2.000000 
-426.308807 416.117706 -104.297699 2.000000 
-426.382294 416.737305 -104.555801 2.000000 
-426.136810 417.035889 -104.709198 2.000000 
-426.062897 417.301605 -104.797501 2.000000 
-426.434692 418.124512 -105.071404 2.000000 
-426.312592 418.690613 -105.305603 2.000000 
-426.085907 419.391296 -105.592102 2.000000 
-426.323303 419.668488 -105.659500 2.000000 
-426.078796 420.502502 -106.009102 2.000000 
-425.784790 420.789001 -106.051003 2.000000 
-426.168793 421.276215 -106.302902 2.000000 
-425.968994 421.459808 -106.316498 2.000000 
-425.807190 422.303192 -106.669296 2.000000 
-426.067413 422.845398 -106.964897 2.000000 
-426.010803 423.119904 -107.059799 2.000000 
-425.914703 423.980103 -107.275101 2.000000 
-426.083313 424.621094 -107.564400 2.000000 
-426.051514 424.655212 -107.544403 2.000000 
-426.407501 425.370605 -107.857597 2.000000 
-425.997009 425.779114 -107.990196 2.000000 
-425.977112 426.448914 -108.185600 2.000000 
-426.581512 426.625305 -108.289803 2.000000 
-426.080414 427.361206 -108.535103 2.000000 
-425.894714 427.887207 -108.837997 2.000000 
-426.064514 428.128296 -108.826599 2.000000 
-426.038696 429.217194 -109.235603 2.000000 
-425.890015 429.379608 -109.273697 2.000000 
-426.117310 430.081512 -109.624603 2.000000 
-426.161713 430.286499 -109.744797 2.000000 
-426.438110 431.066406 -110.034401 2.000000 
-426.246490 431.401398 -110.113098 2.000000 
-425.968597 431.951691 -110.280800 2.000000 
-426.100006 432.464600 -110.460800 2.000000 
-426.174591 432.885712 -110.706497 2.000000 
-426.036987 433.528809 -110.909798 2.000000 
-426.102295 434.176208 -111.115799 2.000000 
-426.305206 434.227112 -111.142899 2.000000 
-426.097198 434.969086 -111.489601 2.000000 
-426.284485 435.537903 -111.678497 2.000000 
-425.900787 436.019897 -111.881203 2.000000 
-425.931213 436.303986 -111.906700 2.000000 
-426.191498 437.211609 -112.279900 2.000000 
-426.245087 437.352600 -112.389900 2.000000 
-425.916687 438.488403 -112.777100 2.000000 
-426.261200 438.415405 -112.691498 2.000000 
-425.652710 438.975708 -112.924500 2.000000 
-426.036407 439.877899 -113.323700 2.000000 
-425.891113 440.264099 -113.452301 2.000000 
-426.029602 440.751312 -113.649597 2.000000 
-425.900391 441.348511 -113.845596 2.000000 
-426.023590 441.428589 -113.839401 2.000000 
-426.170197 442.014587 -114.053398 2.000000 
-425.456512 366.314087 -85.096001 2.000000 
-425.929901 367.005493 -85.410599 2.000000 
-425.833313 367.320312 -85.414703 2.000000 
-425.465912 367.969391 -85.695602 2.000000 
-425.443512 368.698303 -85.925903 2.000000 
-425.492096 369.046509 -86.080399 2.000000 
-425.855591 369.324707 -86.237602 2.000000 
-425.396698 390.899200 -94.648399 2.000000 
-425.684204 391.324005 -94.834999 2.000000 
-425.505707 391.770996 -95.028702 2.000000 
-425.421692 392.378601 -95.160698 2.000000 
-425.510315 392.706299 -95.362099 2.000000 
-425.419891 393.254303 -95.554298 2.000000 
-425.745911 393.756195 -95.720100 2.000000 
-425.445587 394.194214 -95.870003 2.000000 
-425.723114 394.536194 -96.073700 2.000000 
-425.585999 395.218689 -96.261597 2.000000 
-425.496704 395.985687 -96.645302 2.000000 
-425.685394 396.547791 -96.793503 2.000000 
-425.445496 396.541412 -96.768303 2.000000 
-425.580597 397.148712 -97.064499 2.000000 
-425.479401 397.557800 -97.123596 2.000000 
-425.416595 398.505890 -97.480598 2.000000 
-425.629089 398.816803 -97.692001 2.000000 
-425.451385 399.225006 -97.766800 2.000000 
-425.670502 399.886993 -98.168297 2.000000 
-425.697601 400.491302 -98.348900 2.000000 
-425.501312 401.042206 -98.562302 2.000000 
-425.566193 401.491211 -98.713203 2.000000 
-425.515594 402.236603 -98.984497 2.000000 
-425.186005 402.714508 -99.186203 2.000000 
-425.616211 402.923492 -99.262604 2.000000 
-425.481201 403.200500 -99.382202 2.000000 
-425.593201 403.903198 -99.684097 2.000000 
-425.724396 404.488190 -99.842598 2.000000 
-425.819214 405.416412 -100.247299 2.000000 
-425.500397 405.648499 -100.375099 2.000000 
-425.319489 405.700287 -100.240601 2.000000 
-425.595398 406.442413 -100.609703 2.000000 
-425.754303 407.082092 -100.873802 2.000000 
-425.433685 407.631592 -101.003700 2.000000 
-425.829803 408.016907 -101.179199 2.000000 
-425.650513 408.537811 -101.381798 2.000000 
-425.610687 408.998505 -101.656403 2.000000 
-425.709595 409.579712 -101.834900 2.000000 
-425.676605 410.080109 -102.067299 2.000000 
-425.744690 410.557404 -102.157097 2.000000 
-425.602692 411.123108 -102.376701 2.000000 
-425.545288 411.514191 -102.591400 2.000000 
-425.670593 412.203186 -102.877602 2.000000 
-425.776306 412.660492 -102.964996 2.000000 
-425.551300 413.004608 -103.173798 2.000000 
-425.463013 413.700409 -103.408699 2.000000 
-425.603210 413.948212 -103.514503 2.000000 
-425.692688 414.684387 -103.754700 2.000000 
-425.418091 414.842712 -103.797997 2.000000 
-425.617096 415.563110 -104.162804 2.000000 
-425.660400 416.190186 -104.293800 2.000000 
-425.606995 416.742188 -104.583397 2.000000 
-425.760590 417.016388 -104.690002 2.000000 
-425.536194 417.554199 -104.814796 2.000000 
-425.660004 418.398407 -105.175598 2.000000 
-425.504089 418.782806 -105.352501 2.000000 
-425.553009 419.271301 -105.483803 2.000000 
-425.562286 419.651306 -105.705299 2.000000 
-425.609802 419.817413 -105.755798 2.000000 
-425.629700 420.922394 -106.107399 2.000000 
-425.618408 421.338898 -106.225899 2.000000 
-425.313507 421.864105 -106.399597 2.000000 
-425.615509 422.352997 -106.692101 2.000000 
-425.630005 422.799896 -106.769997 2.000000 
-425.619812 423.205688 -106.946999 2.000000 
-425.600403 424.021515 -107.241402 2.000000 
-425.651489 424.499512 -107.453499 2.000000 
-425.604401 424.886810 -107.631897 2.000000 
-425.578705 425.286194 -107.834801 2.000000 
-425.523895 425.919098 -108.047096 2.000000 
-425.548187 426.508789 -108.192802 2.000000 
-425.412994 427.156006 -108.434097 2.000000 
-425.700806 427.347992 -108.637901 2.000000 
-425.341309 428.018097 -108.791702 2.000000 
-425.811493 428.420410 -109.049202 2.000000 
-425.699097 428.902100 -109.125397 2.000000 
-425.776703 429.239502 -109.216202 2.000000 
-425.466400 429.719696 -109.489601 2.000000 
-425.419312 430.282990 -109.591400 2.000000 
-425.338898 430.901886 -109.820396 2.000000 
-425.577698 431.338593 -109.999603 2.000000 
-425.862793 432.337402 -110.468399 2.000000 
-425.668396 432.386902 -110.442703 2.000000 
-426.040710 432.875885 -110.701897 2.000000 
-425.231598 433.540405 -110.795197 2.000000 
-425.278290 433.893494 -110.922997 2.000000 
-425.468292 434.395905 -111.143501 2.000000 
-425.509308 435.109497 -111.423698 2.000000 
-425.530090 435.670288 -111.670700 2.000000 
-425.708313 436.064209 -111.781502 2.000000 
-425.813293 436.476013 -111.957802 2.000000 
-425.611115 437.086609 -112.169601 2.000000 
-425.221588 437.663696 -112.449997 2.000000 
-425.826294 437.705109 -112.392502 2.000000 
-425.608185 438.388885 -112.714302 2.000000 
-425.626587 438.969086 -112.854103 2.000000 
-425.417511 439.422302 -113.043701 2.000000 
-425.610107 439.938599 -113.304497 2.000000 
-425.897003 440.903595 -113.615700 2.000000 
-425.703308 441.284790 -113.807701 2.000000 
-425.537415 441.944305 -113.945503 2.000000 
-425.052887 366.645599 -85.181396 2.000000 
-425.259491 367.197113 -85.296600 2.000000 
-425.160004 367.906189 -85.591698 2.000000 
-425.322906 368.738800 -85.927101 2.000000 
-425.516205 368.874786 -86.051903 2.000000 
-425.001007 369.021515 -86.015999 2.000000 
-424.893585 389.897491 -94.167603 2.000000 
-425.362488 390.385101 -94.387703 2.000000 
-425.125214 391.016510 -94.609802 2.000000 
-425.323792 391.136902 -94.636703 2.000000 
-425.085785 392.217102 -95.115303 2.000000 
-425.206604 392.355988 -95.118500 2.000000 
-425.244598 392.643005 -95.309799 2.000000 
-425.353302 393.301514 -95.561996 2.000000 
-425.056793 393.823792 -95.769997 2.000000 
-424.688385 394.308685 -95.809097 2.000000 
-425.104889 394.551300 -96.035202 2.000000 
-424.984497 395.270508 -96.261597 2.000000 
-425.078491 395.900604 -96.508102 2.000000 
-424.961792 396.384186 -96.711098 2.000000 
-425.058105 396.934296 -96.878197 2.000000 
-425.183105 397.752411 -97.267197 2.000000 
-425.076385 398.053314 -97.325699 2.000000 
-425.258606 398.562897 -97.568703 2.000000 
-425.131714 399.035889 -97.800102 2.000000 
-425.233795 399.489105 -97.938499 2.000000 
-425.136597 399.909210 -98.085403 2.000000 
-425.428497 400.497894 -98.358902 2.000000 
-424.824188 401.030914 -98.429901 2.000000 
-424.847992 401.288788 -98.649399 2.000000 
-425.554993 401.841492 -98.849602 2.000000 
-425.146912 402.650696 -99.183403 2.000000 
-425.047699 402.815704 -99.176903 2.000000 
-424.924713 403.373810 -99.375801 2.000000 
-425.043488 404.145691 -99.740196 2.000000 
-424.977692 404.394287 -99.740700 2.000000 
-424.905090 405.071808 -100.060600 2.000000 
-424.704498 405.622803 -100.199699 2.000000 
-425.101898 405.994110 -100.333298 2.000000 
-425.350586 406.489990 -100.590202 2.000000 
-424.847992 407.130890 -100.856499 2.000000 
-425.041504 407.686798 -100.993698 2.000000 
-424.908997 407.950897 -101.120003 2.000000 
-424.727112 408.590302 -101.376900 2.000000 
-425.138885 409.106110 -101.616798 2.000000 
-425.342407 409.766296 -101.806099 2.000000 
-425.007202 410.091309 -101.956001 2.000000 
-424.735901 410.791290 -102.232498 2.000000 
-425.113708 411.182709 -102.448097 2.000000 
-425.104614 411.727600 -102.542000 2.000000 
-425.092194 412.225006 -102.752403 2.000000 
-425.227692 412.571014 -102.853996 2.000000 
-425.271698 413.106506 -103.067001 2.000000 
-424.904694 413.726990 -103.344200 2.000000 
-425.175690 414.192902 -103.515999 2.000000 
-425.106293 414.585999 -103.701202 2.000000 
-425.117493 415.554596 -103.990898 2.000000 
-425.325287 415.915405 -104.272797 2.000000 
-424.986298 416.355713 -104.414398 2.000000 
-425.144501 416.939392 -104.556099 2.000000 
-424.910614 417.105408 -104.698097 2.000000 
-425.228699 417.463196 -104.754601 2.000000 
-424.977600 418.248199 -105.050400 2.000000 
-425.328613 418.688690 -105.244904 2.000000 
-425.128113 419.243408 -105.383102 2.000000 
-424.863892 419.814301 -105.610603 2.000000 
-424.903687 420.546600 -105.890602 2.000000 
-424.776093 421.079590 -106.085197 2.000000 
-425.026306 421.254608 -106.223503 2.000000 
-425.072998 421.654602 -106.326897 2.000000 
-425.019989 422.223785 -106.502701 2.000000 
-425.197510 422.704102 -106.752899 2.000000 
-425.113586 423.276886 -106.968498 2.000000 
-425.309387 423.697906 -107.162201 2.000000 
-424.802704 424.803589 -107.517799 2.000000 
-425.055786 425.628815 -107.838600 2.000000 
-425.286896 426.028290 -108.092796 2.000000 
-425.302002 426.207489 -108.060402 2.000000 
-425.039398 426.825989 -108.364799 2.000000 
-425.255310 427.514801 -108.550697 2.000000 
-425.025909 427.878387 -108.674301 2.000000 
-425.058990 428.783997 -109.019096 2.000000 
-425.100403 428.988586 -109.136703 2.000000 
-424.920898 429.337402 -109.299301 2.000000 
-424.822693 429.945007 -109.413002 2.000000 
-425.326111 430.488007 -109.778900 2.000000 
-425.260986 430.882599 -109.907501 2.000000 
-425.175903 431.465088 -110.035400 2.000000 
-425.200287 431.705597 -110.108002 2.000000 
-424.864594 432.545197 -110.445000 2.000000 
-424.868195 432.947815 -110.607399 2.000000 
-425.088501 433.462585 -110.780296 2.000000 
-425.003601 434.139008 -111.036598 2.000000 
-424.978607 434.674286 -111.205704 2.000000 
-424.738312 434.981812 -111.290901 2.000000 
-424.960297 435.874512 -111.705498 2.000000 
-424.949890 435.881592 -111.664497 2.000000 
-425.197388 436.688812 -111.962601 2.000000 
-425.342987 437.019806 -112.093002 2.000000 
-425.279602 437.647308 -112.386200 2.000000 
-425.092285 437.880310 -112.460297 2.000000 
-425.043793 438.639587 -112.707703 2.000000 
-424.929688 439.154205 -112.850998 2.000000 
-425.223602 439.647491 -113.069603 2.000000 
-424.922302 440.361786 -113.341904 2.000000 
-424.920685 440.425110 -113.358299 2.000000 
-424.987091 441.035492 -113.624901 2.000000 
-425.121796 441.708099 -113.838898 2.000000 
-424.786102 366.638214 -85.108101 2.000000 
-424.546906 367.494385 -85.359802 2.000000 
-424.548401 367.619293 -85.541496 2.000000 
-424.456390 368.244995 -85.760902 2.000000 
-424.611298 368.910004 -86.025200 2.000000 
-424.417908 390.243408 -94.316002 2.000000 
-424.454010 390.523285 -94.378799 2.000000 
-424.675110 391.015106 -94.603996 2.000000 
-424.595001 391.780792 -94.929298 2.000000 
-424.682800 392.115112 -95.037399 2.000000 
-424.444794 392.621490 -95.171898 2.000000 
-424.506104 393.248993 -95.376297 2.000000 
-424.377197 393.502991 -95.482300 2.000000 
-424.460388 394.269196 -95.822304 2.000000 
-424.466614 394.690704 -96.008797 2.000000 
-424.405304 395.244598 -96.228401 2.000000 
-424.617310 395.704407 -96.387199 2.000000 
-424.490814 396.627106 -96.730003 2.000000 
-424.438293 396.633301 -96.775703 2.000000 
-424.751892 397.451385 -97.096100 2.000000 
-424.732513 397.997498 -97.284599 2.000000 
-424.769897 398.483002 -97.534897 2.000000 
-424.430786 398.862091 -97.677299 2.000000 
-424.390198 399.493713 -97.852097 2.000000 
-424.485199 400.073792 -98.123001 2.000000 
-424.686707 400.480103 -98.189697 2.000000 
-424.558014 401.084503 -98.409599 2.000000 
-424.647095 401.438293 -98.664299 2.000000 
-424.578308 401.948395 -98.872803 2.000000 
-424.190796 402.351501 -98.879997 2.000000 
-424.275787 402.880310 -99.103302 2.000000 
-424.347504 403.376892 -99.280701 2.000000 
-424.734100 403.972992 -99.599800 2.000000 
-424.888885 404.356598 -99.688202 2.000000 
-424.440613 404.897491 -99.887497 2.000000 
-424.269897 405.645996 -100.252701 2.000000 
-424.494904 405.918304 -100.294296 2.000000 
-424.758514 406.485413 -100.552399 2.000000 
-424.580902 407.253601 -100.830498 2.000000 
-424.512604 407.567596 -100.886497 2.000000 
-424.767395 407.742889 -101.071098 2.000000 
-424.633301 408.519592 -101.322998 2.000000 
-424.527191 408.807587 -101.434196 2.000000 
-424.713287 409.422791 -101.610397 2.000000 
-424.731903 410.111298 -102.014099 2.000000 
-424.547607 410.790802 -102.137199 2.000000 
-424.576294 411.392792 -102.382401 2.000000 
-424.686707 411.856689 -102.554001 2.000000 
-424.647614 412.038605 -102.676804 2.000000 
-424.343109 412.521515 -102.906700 2.000000 
-424.839508 413.154785 -103.105499 2.000000 
-424.660095 413.314606 -103.189003 2.000000 
-424.476807 414.160706 -103.437202 2.000000 
-424.191711 414.563812 -103.535599 2.000000 
-424.413300 415.059387 -103.870102 2.000000 
-424.524902 415.575806 -103.993103 2.000000 
-424.509308 416.250488 -104.253601 2.000000 
-424.537201 416.633392 -104.488403 2.000000 
-424.716888 417.109100 -104.625801 2.000000 
-424.474701 418.035309 -104.956902 2.000000 
-424.276489 418.071503 -104.961502 2.000000 
-424.559296 418.855988 -105.191399 2.000000 
-424.776306 419.310608 -105.438103 2.000000 
-424.417297 419.931885 -105.630501 2.000000 
-424.643311 420.164001 -105.799400 2.000000 
-424.618988 420.794495 -106.036697 2.000000 
-424.355011 421.355713 -106.193001 2.000000 
-424.747589 421.602295 -106.301697 2.000000 
-424.664612 422.154388 -106.486000 2.000000 
-424.725098 425.162292 -107.724800 2.000000 
-424.421509 425.933807 -107.934303 2.000000 
-424.587402 426.458588 -108.129501 2.000000 
-424.558899 427.142487 -108.328300 2.000000 
-424.498505 427.788513 -108.675499 2.000000 
-424.706299 427.974304 -108.685402 2.000000 
-424.692413 428.776794 -109.039200 2.000000 
-424.509613 429.148285 -109.198502 2.000000 
-424.824707 429.199310 -109.138496 2.000000 
-424.777893 429.910400 -109.391197 2.000000 
-424.763306 430.307404 -109.656700 2.000000 
-424.820801 430.919189 -109.851097 2.000000 
-424.547791 431.504303 -110.002800 2.000000 
-424.611908 432.167389 -110.266899 2.000000 
-424.478699 432.523895 -110.389000 2.000000 
-424.437805 433.013214 -110.543602 2.000000 
-424.558807 433.592712 -110.858299 2.000000 
-424.681702 434.097107 -111.082100 2.000000 
-424.384888 434.514099 -111.181503 2.000000 
-424.704407 435.099396 -111.326401 2.000000 
-424.740692 435.411987 -111.501404 2.000000 
-424.895294 435.882385 -111.772797 2.000000 
-424.691193 436.407410 -111.892899 2.000000 
-424.458191 437.180206 -112.120399 2.000000 
-424.409088 437.568207 -112.297096 2.000000 
-424.724915 438.004303 -112.495598 2.000000 
-424.272400 438.444000 -112.635300 2.000000 
-424.690704 439.055908 -112.917503 2.000000 
-424.445892 439.672211 -113.031403 2.000000 
-424.480988 440.049500 -113.210098 2.000000 
-424.506989 440.663086 -113.438698 2.000000 
-424.903687 441.191803 -113.703598 2.000000 
-424.689301 441.540192 -113.742699 2.000000 
-424.070312 366.521088 -85.042297 2.000000 
-424.231110 367.137390 -85.274200 2.000000 
-424.146790 367.329315 -85.260696 2.000000 
-424.033203 367.814789 -85.497299 2.000000 
-424.099487 368.513885 -85.779602 2.000000 
-424.143494 368.714111 -85.815102 2.000000 
-424.075806 369.310211 -86.050697 2.000000 
-424.073792 389.860596 -94.141701 2.000000 
-424.261688 390.421509 -94.274498 2.000000 
-424.359802 390.795807 -94.492798 2.000000 
-424.200104 391.387085 -94.685204 2.000000 
-424.200989 391.720001 -94.837601 2.000000 
-423.770203 392.104492 -94.915298 2.000000 
-424.080994 392.682587 -95.154503 2.000000 
-424.001099 393.321808 -95.403198 2.000000 
-424.408813 393.998291 -95.736504 2.000000 
-424.081604 394.471985 -95.833504 2.000000 
-424.379913 394.833496 -96.084702 2.000000 
-423.819611 395.333588 -96.273201 2.000000 
-423.749512 395.841888 -96.327202 2.000000 
-424.013794 396.661011 -96.720802 2.000000 
-424.223206 396.775909 -96.786201 2.000000 
-424.001801 397.575989 -97.053902 2.000000 
-424.140900 397.724091 -97.117699 2.000000 
-424.254089 398.408997 -97.425797 2.000000 
-423.935303 398.911591 -97.579903 2.000000 
-424.125214 399.733307 -97.856400 2.000000 
-424.181885 399.699402 -97.938797 2.000000 
-424.255798 400.487396 -98.233299 2.000000 
-423.891296 401.024597 -98.361900 2.000000 
-424.029602 401.427399 -98.557503 2.000000 
-423.975189 401.837891 -98.672096 2.000000 
-424.247986 402.529114 -98.975998 2.000000 
-424.039886 403.094391 -99.144997 2.000000 
-423.896698 403.395294 -99.307899 2.000000 
-423.864899 404.103790 -99.615700 2.000000 
-423.910095 404.645905 -99.725197 2.000000 
-424.122986 404.743713 -99.914497 2.000000 
-423.956787 405.433197 -100.026199 2.000000 
-423.825592 405.760498 -100.218597 2.000000 
-423.813385 406.637695 -100.582397 2.000000 
-424.044403 407.252411 -100.866203 2.000000 
-424.150909 407.473907 -100.945000 2.000000 
-423.689209 408.224701 -101.083900 2.000000 
-424.373413 408.627686 -101.370399 2.000000 
-424.175598 408.975403 -101.516998 2.000000 
-424.022797 409.466614 -101.703201 2.000000 
-424.197998 410.110901 -101.911499 2.000000 
-424.062592 410.523590 -102.059700 2.000000 
-424.020691 411.081604 -102.198700 2.000000 
-424.386688 411.375793 -102.419502 2.000000 
-424.012299 412.113007 -102.600098 2.000000 
-424.120514 412.722992 -102.857101 2.000000 
-423.915009 413.277008 -103.033997 2.000000 
-424.240295 413.468292 -103.175400 2.000000 
-424.088104 413.874390 -103.291199 2.000000 
-424.099609 414.591797 -103.677498 2.000000 
-424.191406 415.325897 -103.842598 2.000000 
-424.068909 415.877289 -104.082802 2.000000 
-424.270294 416.195099 -104.171600 2.000000 
-423.980591 416.568787 -104.354301 2.000000 
-423.827698 417.423096 -104.610199 2.000000 
-423.833191 417.788300 -104.734802 2.000000 
-424.047607 418.426910 -105.103104 2.000000 
-424.185089 418.668793 -105.225899 2.000000 
-424.050812 419.390015 -105.476097 2.000000 
-423.963989 419.430695 -105.430397 2.000000 
-424.143890 425.281006 -107.595200 2.000000 
-423.960785 426.150299 -107.916100 2.000000 
-424.066498 426.565796 -108.145401 2.000000 
-424.230103 426.684906 -108.259697 2.000000 
-424.260498 427.128998 -108.304298 2.000000 
-423.818787 427.983398 -108.640099 2.000000 
-424.160187 428.553192 -108.858902 2.000000 
-424.234497 428.752899 -108.951599 2.000000 
-424.491089 429.444885 -109.212502 2.000000 
-424.237915 429.704987 -109.356903 2.000000 
-424.206787 430.222992 -109.550598 2.000000 
-423.885010 430.829102 -109.715202 2.000000 
-423.908813 431.205597 -109.883797 2.000000 
-423.891907 431.613892 -109.958099 2.000000 
-423.852295 432.510712 -110.421097 2.000000 
-424.102295 432.969696 -110.528297 2.000000 
-423.884491 433.225189 -110.689903 2.000000 
-424.081390 434.003601 -110.984200 2.000000 
-423.796814 434.534790 -111.170097 2.000000 
-424.206696 435.156708 -111.370903 2.000000 
-424.113892 435.345093 -111.377800 2.000000 
-423.895813 435.851288 -111.572403 2.000000 
-423.997894 436.546204 -111.933800 2.000000 
-423.928589 436.995300 -111.991898 2.000000 
-424.054901 437.704712 -112.288498 2.000000 
-423.789215 438.026489 -112.428497 2.000000 
-424.136200 438.614502 -112.622498 2.000000 
-424.224213 438.997589 -112.756104 2.000000 
-423.892212 439.875885 -113.101799 2.000000 
-424.109406 440.111115 -113.184799 2.000000 
-424.061798 440.794891 -113.422302 2.000000 
-424.225586 441.125397 -113.575203 2.000000 
-423.658112 366.924988 -85.180199 2.000000 
-423.254303 367.265991 -85.238197 2.000000 
-423.299408 367.855591 -85.458000 2.000000 
-423.450012 368.407715 -85.702003 2.000000 
-423.330688 368.830902 -85.921997 2.000000 
-423.376495 369.455292 -86.126297 2.000000 
-423.532104 389.171600 -93.725998 2.000000 
-423.619507 389.611115 -94.011597 2.000000 
-423.456207 390.608612 -94.376900 2.000000 
-423.672394 390.748413 -94.437202 2.000000 
-423.492310 391.248199 -94.640900 2.000000 
-423.257385 392.157898 -94.900902 2.000000 
-423.470703 392.294495 -95.034500 2.000000 
-423.416412 392.670410 -95.063301 2.000000 
-423.800903 393.182587 -95.398399 2.000000 
-423.563507 393.834808 -95.655296 2.000000 
-423.496307 394.558502 -95.876099 2.000000 
-423.479309 394.786011 -95.922897 2.000000 
-423.603699 395.315094 -96.143501 2.000000 
-423.463806 395.941193 -96.398598 2.000000 
-423.460602 396.234192 -96.568100 2.000000 
-423.889893 397.055206 -96.818199 2.000000 
-423.442688 397.529388 -96.982498 2.000000 
-423.477509 397.900696 -97.207603 2.000000 
-423.502197 398.313599 -97.382103 2.000000 
-423.644714 399.081299 -97.619102 2.000000 
-423.571686 399.372101 -97.718201 2.000000 
-423.715912 399.961090 -97.988297 2.000000 
-423.650787 400.325104 -98.174896 2.000000 
-423.361115 401.285706 -98.469498 2.000000 
-423.597107 401.326508 -98.439301 2.000000 
-423.669495 401.976898 -98.690300 2.000000 
-423.397491 402.410004 -98.833298 2.000000 
-423.565399 402.936188 -99.151703 2.000000 
-423.339203 403.415192 -99.225502 2.000000 
-423.429413 403.664307 -99.362503 2.000000 
-423.318604 404.229706 -99.522499 2.000000 
-423.397400 405.031799 -99.947098 2.000000 
-423.489502 405.751495 -100.122200 2.000000 
-423.530212 405.975098 -100.297401 2.000000 
-423.916687 406.595093 -100.470703 2.000000 
-423.775787 407.067810 -100.772797 2.000000 
-423.455811 407.478607 -100.785202 2.000000 
-423.815186 407.925201 -101.042397 2.000000 
-423.622192 408.695312 -101.353401 2.000000 
-423.669891 408.920013 -101.397102 2.000000 
-423.438110 409.656708 -101.659302 2.000000 
-423.739594 409.823395 -101.760902 2.000000 
-423.486694 410.609802 -101.966599 2.000000 
-423.607513 411.327209 -102.278000 2.000000 
-423.738892 412.074707 -102.551201 2.000000 
-423.556488 411.839386 -102.470596 2.000000 
-423.395813 412.669189 -102.847000 2.000000 
-423.491394 413.394196 -103.109001 2.000000 
-423.790802 413.756287 -103.214500 2.000000 
-423.601501 414.285706 -103.407303 2.000000 
-423.580994 414.527893 -103.584198 2.000000 
-423.478394 415.186798 -103.839699 2.000000 
-423.717194 415.711090 -104.075203 2.000000 
-423.367401 415.992889 -104.137497 2.000000 
-423.311798 416.410187 -104.227303 2.000000 
-423.567108 417.242310 -104.644402 2.000000 
-423.485992 417.717285 -104.794296 2.000000 
-423.601990 418.485291 -105.060997 2.000000 
-423.516388 425.218109 -107.641899 2.000000 
-423.549896 425.962585 -107.940903 2.000000 
-423.673492 426.585297 -108.081001 2.000000 
-423.363098 426.886688 -108.196899 2.000000 
-423.742706 427.617798 -108.471001 2.000000 
-423.468994 427.515991 -108.504799 2.000000 
-423.681305 428.393799 -108.810799 2.000000 
-423.693909 428.951111 -108.949699 2.000000 
-423.965393 429.263214 -109.095802 2.000000 
-423.327301 430.156311 -109.428299 2.000000 
-423.671295 430.247009 -109.524002 2.000000 
-423.947906 430.810486 -109.741501 2.000000 
-423.500092 431.529602 -109.985703 2.000000 
-423.749512 431.880005 -110.154503 2.000000 
-423.396698 432.617493 -110.354897 2.000000 
-423.397797 433.066315 -110.526398 2.000000 
-423.594391 433.543488 -110.717102 2.000000 
-423.455200 434.433990 -111.059700 2.000000 
-423.543488 434.555298 -111.160797 2.000000 
-423.721497 435.190186 -111.371696 2.000000 
-423.358887 435.396393 -111.339897 2.000000 
-423.393494 436.275696 -111.707100 2.000000 
-423.586700 436.570892 -111.806503 2.000000 
-423.528595 436.910614 -111.974403 2.000000 
-423.799896 437.675690 -112.303497 2.000000 
-423.228485 438.140015 -112.343498 2.000000 
-423.596802 438.686401 -112.566399 2.000000 
-423.675293 439.395203 -112.954300 2.000000 
-423.747314 439.526886 -112.946198 2.000000 
-423.556091 440.263306 -113.267303 2.000000 
-423.407898 440.507507 -113.372597 2.000000 
-423.635590 440.899994 -113.434898 2.000000 
-423.198608 366.459412 -84.948700 2.000000 
-423.097900 367.167114 -85.228996 2.000000 
-422.809296 367.229187 -85.135300 2.000000 
-422.942200 367.357697 -85.207802 2.000000 
-423.133392 368.542603 -85.653603 2.000000 
-423.149597 369.041412 -85.953796 2.000000 
-422.978790 369.115814 -85.947403 2.000000 
-422.788513 388.652588 -93.543098 2.000000 
-423.142212 389.229309 -93.804001 2.000000 
-422.717896 389.661896 -93.938698 2.000000 
-423.354706 390.287415 -94.221802 2.000000 
-423.002014 390.839386 -94.335602 2.000000 
-422.901093 391.341095 -94.586197 2.000000 
-423.119812 392.070007 -94.936699 2.000000 
-423.243713 392.306305 -94.934998 2.000000 
-423.174591 392.846588 -95.213203 2.000000 
-423.543701 393.058289 -95.272102 2.000000 
-422.919403 393.484009 -95.364403 2.000000 
-422.809998 394.408600 -95.697304 2.000000 
-423.200195 394.855713 -95.895500 2.000000 
-422.838287 395.302002 -96.035103 2.000000 
-422.846588 395.721313 -96.309097 2.000000 
-423.143585 396.091888 -96.378998 2.000000 
-422.941498 396.545898 -96.550003 2.000000 
-422.918488 397.357513 -96.978401 2.000000 
-423.062988 397.795990 -97.136803 2.000000 
-423.008606 398.366211 -97.252403 2.000000 
-423.160889 398.721100 -97.475403 2.000000 
-423.292206 399.450287 -97.801804 2.000000 
-422.842102 400.094208 -98.010201 2.000000 
-423.226105 400.753815 -98.209198 2.000000 
-423.437195 400.729309 -98.321701 2.000000 
-423.064087 401.488098 -98.458298 2.000000 
-423.191101 401.901093 -98.738098 2.000000 
-422.755493 402.581696 -98.904297 2.000000 
-423.143005 403.007996 -99.055397 2.000000 
-422.976898 403.617798 -99.265404 2.000000 
-423.134094 403.923706 -99.407501 2.000000 
-423.012787 404.377411 -99.597099 2.000000 
-423.274506 404.749695 -99.789497 2.000000 
-422.891296 405.569885 -100.122200 2.000000 
-422.894806 405.908295 -100.245499 2.000000 
-423.316010 406.471802 -100.495697 2.000000 
-423.213593 406.978394 -100.693802 2.000000 
-423.134613 407.594391 -100.915199 2.000000 
-423.160400 408.006500 -101.065697 2.000000 
-423.163208 408.513885 -101.240501 2.000000 
-423.130615 409.366089 -101.509201 2.000000 
-422.958008 409.345703 -101.491997 2.000000 
-422.705811 410.167511 -101.879898 2.000000 
-422.907013 410.545990 -101.951897 2.000000 
-422.964996 411.003906 -102.164803 2.000000 
-422.899109 411.621704 -102.391800 2.000000 
-423.074310 411.814392 -102.442902 2.000000 
-423.178986 412.395203 -102.715897 2.000000 
-423.148804 413.193695 -102.925499 2.000000 
-422.841705 413.458893 -103.060402 2.000000 
-422.809387 414.267609 -103.355698 2.000000 
-422.729614 414.536804 -103.529701 2.000000 
-422.931702 415.332794 -103.821999 2.000000 
-422.885010 415.587189 -103.964699 2.000000 
-423.230408 417.080109 -104.553299 2.000000 
-423.465088 417.714111 -104.730698 2.000000 
-423.298309 425.591309 -107.693604 2.000000 
-422.997192 425.976807 -107.781601 2.000000 
-422.547302 426.589905 -107.975700 2.000000 
-422.925507 426.818115 -108.153099 2.000000 
-423.140289 427.478302 -108.406700 2.000000 
-422.962189 427.911896 -108.496498 2.000000 
-422.905396 428.387909 -108.702904 2.000000 
-423.111511 428.598694 -108.795898 2.000000 
-422.864197 429.610291 -109.131104 2.000000 
-423.250610 429.939606 -109.301697 2.000000 
-423.014191 430.478699 -109.457397 2.000000 
-423.163300 430.863007 -109.640602 2.000000 
-422.995209 431.563812 -109.945602 2.000000 
-422.968506 431.916809 -110.128197 2.000000 
-423.025299 432.383392 -110.294502 2.000000 
-423.172791 432.977509 -110.538696 2.000000 
-423.178497 433.549896 -110.721901 2.000000 
-422.932709 433.940613 -110.856697 2.000000 
-422.824493 434.410492 -110.916801 2.000000 
-422.963898 434.901215 -111.212196 2.000000 
-423.253113 435.524994 -111.366798 2.000000 
-422.874603 436.088501 -111.653503 2.000000 
-423.118286 436.457092 -111.734901 2.000000 
-423.020386 437.112213 -112.081299 2.000000 
-423.336792 437.771515 -112.222603 2.000000 
-423.058411 438.020203 -112.379799 2.000000 
-422.998688 438.816010 -112.704597 2.000000 
-423.161407 439.584015 -112.909698 2.000000 
-422.738098 439.721802 -112.960503 2.000000 
-423.122009 440.148895 -113.111298 2.000000 
-423.252197 440.494598 -113.346603 2.000000 
-423.248291 441.187012 -113.578903 2.000000 
-422.681091 366.610596 -84.959396 2.000000 
-422.647888 366.955811 -85.074600 2.000000 
-422.667603 367.345703 -85.277802 2.000000 
-422.460602 367.777313 -85.431297 2.000000 
-422.560608 368.433899 -85.603798 2.000000 
-422.470093 368.814301 -85.819603 2.000000 
-422.531006 369.238312 -85.935600 2.000000 
-422.527313 388.755005 -93.598198 2.000000 
-422.676300 389.022095 -93.706703 2.000000 
-422.635986 389.676697 -93.977097 2.000000 
-422.687592 390.258698 -94.133003 2.000000 
-422.394989 390.709686 -94.340797 2.000000 
-422.731812 391.372498 -94.585899 2.000000 
-422.775391 391.740692 -94.775398 2.000000 
-422.402405 392.330109 -94.936096 2.000000 
-422.312805 392.385315 -95.004997 2.000000 
-422.748505 393.629700 -95.465202 2.000000 
-422.728607 393.962189 -95.570000 2.000000 
-422.622009 394.649902 -95.794800 2.000000 
-422.347107 394.954193 -95.877098 2.000000 
-422.545593 395.130615 -96.039398 2.000000 
-422.670898 395.946289 -96.387497 2.000000 
-422.342590 396.090698 -96.315300 2.000000 
-422.661407 396.918396 -96.740303 2.000000 
-422.465607 397.317902 -96.814201 2.000000 
-422.326691 397.802094 -97.097000 2.000000 
-422.478607 398.371307 -97.221199 2.000000 
-422.312592 398.732300 -97.426697 2.000000 
-422.491699 399.422913 -97.736397 2.000000 
-422.468506 400.065887 -97.980003 2.000000 
-422.406097 400.296387 -98.054100 2.000000 
-422.795593 400.779602 -98.262398 2.000000 
-422.141296 401.455200 -98.470200 2.000000 
-422.216400 401.688507 -98.511101 2.000000 
-422.308990 402.155487 -98.756798 2.000000 
-422.512390 402.829193 -98.963997 2.000000 
-422.600189 403.436005 -99.236198 2.000000 
-422.680786 403.626404 -99.287300 2.000000 
-422.571014 404.369598 -99.625298 2.000000 
-422.514801 404.853210 -99.831802 2.000000 
-422.431610 405.382690 -99.929199 2.000000 
-422.350494 405.982300 -100.192902 2.000000 
-422.413391 406.745789 -100.477898 2.000000 
-422.629211 406.908600 -100.553200 2.000000 
-422.270111 407.807495 -100.813301 2.000000 
-422.676208 407.977295 -101.010803 2.000000 
-422.640198 408.442200 -101.095703 2.000000 
-422.683685 408.925201 -101.264099 2.000000 
-422.690704 409.712097 -101.576698 2.000000 
-422.521088 410.299500 -101.815697 2.000000 
-422.846497 410.628510 -101.957199 2.000000 
-422.540314 411.006104 -102.154999 2.000000 
-422.605286 411.754608 -102.372200 2.000000 
-422.625000 412.200714 -102.636902 2.000000 
-422.442108 412.497101 -102.750702 2.000000 
-422.694092 413.198700 -102.956802 2.000000 
-422.476196 413.499603 -103.107201 2.000000 
-422.803101 414.371002 -103.445503 2.000000 
-422.472504 414.563507 -103.524498 2.000000 
-422.531189 414.762512 -103.616402 2.000000 
-422.640991 415.710114 -103.977997 2.000000 
-422.581512 425.465515 -107.537804 2.000000 
-422.708008 425.887695 -107.797501 2.000000 
-422.423187 426.627686 -108.005898 2.000000 
-422.808807 426.734100 -108.147400 2.000000 
-422.368195 427.299988 -108.271202 2.000000 
-422.592010 428.093597 -108.571602 2.000000 
-422.673889 428.325104 -108.662804 2.000000 
-422.651001 429.025299 -108.888100 2.000000 
-422.868713 429.311310 -109.044701 2.000000 
-422.677612 429.905487 -109.232597 2.000000 
-422.453094 430.210602 -109.370300 2.000000 
-422.630310 430.605499 -109.581398 2.000000 
-422.473114 431.560303 -109.854797 2.000000 
-422.521301 431.768890 -110.045700 2.000000 
-422.348785 432.471893 -110.277603 2.000000 
-422.713013 432.896606 -110.483597 2.000000 
-422.614410 433.548096 -110.596199 2.000000 
-422.718903 434.294891 -110.987701 2.000000 
-422.659485 434.648285 -111.134003 2.000000 
-422.550903 434.830505 -111.075699 2.000000 
-422.510498 435.432312 -111.349602 2.000000 
-422.363495 436.034088 -111.623703 2.000000 
-422.654785 436.230103 -111.665497 2.000000 
-422.256104 436.984802 -111.935699 2.000000 
-422.252106 437.516113 -112.135101 2.000000 
-422.674805 438.037903 -112.367699 2.000000 
-422.602509 438.795410 -112.539497 2.000000 
-422.404694 438.959808 -112.672501 2.000000 
-422.481201 439.730591 -112.958099 2.000000 
-422.697601 440.040588 -113.035004 2.000000 
-422.629700 440.512695 -113.235497 2.000000 
-422.464905 441.250885 -113.461998 2.000000 
-422.053497 366.794006 -84.993103 2.000000 
-421.797913 367.660889 -85.346001 2.000000 
-422.124603 367.935211 -85.473602 2.000000 
-422.299896 368.254608 -85.527802 2.000000 
-422.140503 369.032501 -85.794197 2.000000 
-422.094788 369.641907 -86.018997 2.000000 
-422.287109 388.532013 -93.495399 2.000000 
-422.135590 388.902710 -93.589798 2.000000 
-421.752014 389.162598 -93.668198 2.000000 
-421.783905 389.417999 -93.722801 2.000000 
-422.225098 390.287689 -94.087097 2.000000 
-421.759705 390.555603 -94.160500 2.000000 
-421.824005 391.378387 -94.467003 2.000000 
-421.878510 391.803101 -94.646896 2.000000 
-422.066101 392.148285 -94.819901 2.000000 
-422.136688 392.720001 -95.065399 2.000000 
-421.911804 393.320496 -95.321297 2.000000 
-422.195496 393.787201 -95.416496 2.000000 
-421.861389 394.237793 -95.634399 2.000000 
-422.114288 394.795502 -95.919502 2.000000 
-422.083313 395.558289 -96.192802 2.000000 
-422.011108 395.623810 -96.228600 2.000000 
-422.221985 396.434601 -96.547501 2.000000 
-422.191315 397.056610 -96.761703 2.000000 
-421.981995 397.671600 -97.006599 2.000000 
-422.353210 398.205994 -97.157097 2.000000 
-421.997803 398.413513 -97.235001 2.000000 
-421.952606 398.739288 -97.410301 2.000000 
-422.182892 399.400909 -97.643501 2.000000 
-421.989899 399.959808 -97.792999 2.000000 
-421.764404 400.198486 -97.890999 2.000000 
-422.052185 400.920593 -98.279900 2.000000 
-422.019501 401.407196 -98.452599 2.000000 
-421.702606 401.742706 -98.535202 2.000000 
-421.765594 402.520111 -98.745399 2.000000 
-421.928894 402.815613 -98.942200 2.000000 
-421.909790 403.405701 -99.130501 2.000000 
-421.942993 403.905701 -99.405403 2.000000 
-421.860992 404.338501 -99.436401 2.000000 
-422.244904 405.167786 -99.867599 2.000000 
-421.901886 405.688995 -100.031097 2.000000 
-421.948914 405.706909 -99.993797 2.000000 
-422.151093 406.501404 -100.384804 2.000000 
-421.985687 407.316193 -100.695999 2.000000 
-422.073700 407.375488 -100.632797 2.000000 
-422.065094 408.078888 -100.964798 2.000000 
-422.432892 408.873688 -101.357300 2.000000 
-422.192902 409.189911 -101.345596 2.000000 
-422.020599 409.694885 -101.515701 2.000000 
-421.869110 410.278809 -101.838997 2.000000 
-422.024109 410.846008 -102.000999 2.000000 
-422.076202 411.182800 -102.134300 2.000000 
-421.833099 411.982697 -102.391098 2.000000 
-422.238586 412.136688 -102.488098 2.000000 
-421.854614 412.768890 -102.693001 2.000000 
-422.053406 412.952301 -102.829498 2.000000 
-422.020111 413.587799 -103.063698 2.000000 
-422.196411 413.845703 -103.201401 2.000000 
-422.357788 414.702789 -103.498802 2.000000 
-422.053101 425.854095 -107.648201 2.000000 
-422.023804 426.435394 -107.862396 2.000000 
-421.834290 427.098694 -108.186699 2.000000 
-422.034393 427.491608 -108.305000 2.000000 
-422.204407 427.765503 -108.474098 2.000000 
-421.988190 428.256989 -108.644600 2.000000 
-422.180603 429.087097 -108.914001 2.000000 
-422.119598 429.539490 -109.176300 2.000000 
-421.872314 429.593201 -109.116699 2.000000 
-422.157501 430.291107 -109.358597 2.000000 
-421.749512 430.975586 -109.665802 2.000000 
-422.178314 431.686890 -109.936302 2.000000 
-421.779205 431.584412 -109.865898 2.000000 
-421.888214 432.278015 -110.059799 2.000000 
-421.863312 433.117096 -110.352203 2.000000 
-422.137787 433.681305 -110.606903 2.000000 
-421.921112 433.869507 -110.765701 2.000000 
-421.911499 434.617706 -111.023102 2.000000 
-422.038300 434.730713 -111.013199 2.000000 
-421.814606 435.716003 -111.460701 2.000000 
-422.231110 435.754486 -111.417999 2.000000 
-422.280090 436.560791 -111.689301 2.000000 
-422.026398 437.197113 -111.935303 2.000000 
-422.077698 437.302887 -112.063004 2.000000 
-421.769012 438.174896 -112.343201 2.000000 
-422.185089 438.563507 -112.466202 2.000000 
-421.671295 439.391907 -112.753304 2.000000 
-421.931091 439.763306 -112.975403 2.000000 
-422.117889 440.280396 -113.121803 2.000000 
-421.665985 440.664307 -113.185501 2.000000 
-421.440308 366.405701 -84.686401 2.000000 
-421.437988 367.074402 -85.003700 2.000000 
-421.822815 367.596497 -85.301804 2.000000 
-421.382111 367.818604 -85.344704 2.000000 
-421.797607 368.098785 -85.403801 2.000000 
-421.363190 368.888214 -85.690300 2.000000 
-421.775604 369.285400 -85.965103 2.000000 
-421.135712 369.940399 -86.171799 2.000000 
-421.418915 387.976410 -93.092598 2.000000 
-421.535309 388.124603 -93.174301 2.000000 
-421.322998 388.529114 -93.320396 2.000000 
-421.434204 389.188507 -93.615898 2.000000 
-421.306488 389.655609 -93.746101 2.000000 
-421.353485 390.223785 -94.056099 2.000000 
-421.687897 390.581512 -94.159798 2.000000 
-421.515808 390.746399 -94.194298 2.000000 
-421.615997 391.663910 -94.532898 2.000000 
-421.584015 392.230408 -94.854599 2.000000 
-421.512207 392.666412 -94.963303 2.000000 
-421.462494 393.431213 -95.302498 2.000000 
-421.816589 394.196014 -95.557999 2.000000 
-421.620392 394.437195 -95.645599 2.000000 
-421.284302 394.717712 -95.710701 2.000000 
-421.439392 395.008514 -95.838799 2.000000 
-421.769989 395.602386 -96.163498 2.000000 
-421.336487 396.463806 -96.505096 2.000000 
-421.630188 396.915009 -96.616898 2.000000 
-421.913788 397.297699 -96.763000 2.000000 
-421.640198 397.738190 -96.894302 2.000000 
-421.371704 398.441986 -97.265602 2.000000 
-421.261688 398.878998 -97.403999 2.000000 
-421.504211 399.280792 -97.503502 2.000000 
-421.591797 400.003601 -97.888603 2.000000 
-421.661285 400.604492 -98.019997 2.000000 
-421.575012 400.799591 -98.160202 2.000000 
-421.342590 401.216888 -98.247200 2.000000 
-421.608002 401.989990 -98.539803 2.000000 
-421.603485 402.864990 -98.991501 2.000000 
-421.365692 403.136688 -99.082603 2.000000 
-421.391907 403.283508 -99.085999 2.000000 
-421.688995 404.144196 -99.454102 2.000000 
-421.314514 405.095490 -99.829498 2.000000 
-421.380005 405.171692 -99.730202 2.000000 
-421.172485 405.720215 -99.950600 2.000000 
-421.592896 406.189209 -100.245598 2.000000 
-421.313202 406.519409 -100.279602 2.000000 
-421.592285 407.149292 -100.553101 2.000000 
-421.512512 407.294495 -100.615196 2.000000 
-421.626404 408.183899 -100.954002 2.000000 
-421.717194 408.798798 -101.147797 2.000000 
-421.705597 409.208710 -101.317703 2.000000 
-421.679901 409.705200 -101.502701 2.000000 
-421.118011 409.806213 -101.594803 2.000000 
-421.541504 410.359192 -101.861702 2.000000 
-421.558411 410.987396 -102.024101 2.000000 
-421.671692 411.625305 -102.250099 2.000000 
-421.575012 412.151093 -102.504402 2.000000 
-421.504395 412.525391 -102.674400 2.000000 
-421.316895 413.011505 -102.787903 2.000000 
-421.895996 413.772888 -103.084602 2.000000 
-421.499908 414.306091 -103.248199 2.000000 
-421.360199 414.643707 -103.458397 2.000000 
-421.358887 425.851807 -107.667503 2.000000 
-421.186188 426.307587 -107.846603 2.000000 
-421.519409 426.864899 -108.016998 2.000000 
-421.451508 427.086395 -108.189903 2.000000 
-421.766907 427.949402 -108.467102 2.000000 
-421.341888 428.406189 -108.679001 2.000000 
-421.457794 429.025513 -108.811401 2.000000 
-421.538208 429.415405 -109.050201 2.000000 
-421.411285 429.768585 -109.105103 2.000000 
-421.299408 430.265991 -109.342697 2.000000 
-421.459015 431.259186 -109.704597 2.000000 
-421.497803 431.503906 -109.807098 2.000000 
-421.607513 431.838715 -109.938797 2.000000 
-421.369812 432.685486 -110.230202 2.000000 
-421.366211 432.938599 -110.319702 2.000000 
-421.223785 433.031586 -110.396103 2.000000 
-421.527893 434.191193 -110.828102 2.000000 
-421.614594 434.391510 -110.955803 2.000000 
-421.608612 435.194794 -111.177002 2.000000 
-421.649292 435.558289 -111.244698 2.000000 
-421.763489 436.211304 -111.621498 2.000000 
-421.636902 436.391205 -111.671204 2.000000 
-421.461914 437.384186 -111.970703 2.000000 
-421.413696 437.862701 -112.090599 2.000000 
-421.639587 438.253113 -112.298698 2.000000 
-421.511597 438.610596 -112.404602 2.000000 
-421.332001 438.920807 -112.479301 2.000000 
-421.573486 439.686890 -112.834900 2.000000 
-421.349792 439.976593 -112.951302 2.000000 
-421.528198 440.439514 -113.082497 2.000000 
-421.361115 366.602203 -84.757004 2.000000 
-421.078796 366.658905 -84.882401 2.000000 
-421.013885 367.481201 -85.205399 2.000000 
-421.026794 367.914886 -85.236801 2.000000 
-420.945801 368.459595 -85.545998 2.000000 
-421.039886 369.210907 -85.873596 2.000000 
-421.138885 369.521301 -85.890900 2.000000 
-420.808411 369.901093 -86.114799 2.000000 
-420.963196 387.158203 -92.757202 2.000000 
-421.168304 387.423096 -92.964600 2.000000 
-421.124512 388.220093 -93.301399 2.000000 
-420.978790 388.669006 -93.377403 2.000000 
-420.875885 389.240509 -93.536003 2.000000 
-421.019592 389.986908 -93.978600 2.000000 
-421.280090 390.078888 -93.998703 2.000000 
-421.158997 390.891998 -94.251099 2.000000 
-420.963287 391.295685 -94.439400 2.000000 
-420.885803 391.670593 -94.565399 2.000000 
-420.996613 392.333405 -94.881104 2.000000 
-420.950989 392.752594 -94.917702 2.000000 
-421.176208 392.913788 -94.982101 2.000000 
-420.911804 393.505707 -95.209396 2.000000 
-421.253510 394.300415 -95.561699 2.000000 
-420.457092 394.885986 -95.776802 2.000000 
-420.854004 395.158691 -95.893600 2.000000 
-421.092285 395.278900 -95.957199 2.000000 
-420.892792 396.372406 -96.397598 2.000000 
-420.801514 396.986298 -96.662300 2.000000 
-420.823090 397.177185 -96.713898 2.000000 
-421.058594 397.601715 -96.921204 2.000000 
-420.967804 398.610992 -97.268700 2.000000 
-420.839294 399.161591 -97.483200 2.000000 
-420.954803 399.629700 -97.689903 2.000000 
-421.099701 399.773712 -97.700996 2.000000 
-421.003693 400.502686 -97.917397 2.000000 
-420.885803 400.885712 -98.052498 2.000000 
-420.821198 401.174286 -98.139603 2.000000 
-421.097992 402.033295 -98.617699 2.000000 
-420.834503 402.078094 -98.569000 2.000000 
-421.176392 402.910187 -98.927696 2.000000 
-420.951904 403.645508 -99.184097 2.000000 
-421.081299 404.253906 -99.352303 2.000000 
-420.923187 404.622101 -99.472702 2.000000 
-421.280090 405.157593 -99.734703 2.000000 
-421.058899 405.548401 -99.944199 2.000000 
-421.015198 405.599396 -99.949898 2.000000 
-420.833588 406.645294 -100.241501 2.000000 
-421.356995 407.100708 -100.538200 2.000000 
-421.141815 407.728088 -100.816803 2.000000 
-420.912811 407.965607 -100.868401 2.000000 
-420.876312 408.605713 -101.074600 2.000000 
-421.375000 409.144806 -101.256897 2.000000 
-421.036285 409.587189 -101.469498 2.000000 
-421.077789 410.245514 -101.654800 2.000000 
-421.171295 410.367889 -101.830399 2.000000 
-420.706207 411.146912 -102.016098 2.000000 
-420.716797 411.561890 -102.160004 2.000000 
-420.967590 412.006409 -102.302498 2.000000 
-421.250092 412.671387 -102.590797 2.000000 
-420.718597 413.040192 -102.796700 2.000000 
-421.328796 413.696686 -103.007896 2.000000 
-421.106293 414.160706 -103.237900 2.000000 
-421.046692 414.696686 -103.374001 2.000000 
-420.798096 415.239410 -103.657898 2.000000 
-421.006989 426.287415 -107.737602 2.000000 
-421.004486 426.615692 -107.986099 2.000000 
-420.944305 427.306885 -108.182701 2.000000 
-421.262085 427.837494 -108.416397 2.000000 
-420.794495 428.279388 -108.511597 2.000000 
-421.012604 429.074585 -108.784897 2.000000 
-421.031494 429.502014 -109.031403 2.000000 
-421.263214 430.019104 -109.220901 2.000000 
-421.058685 430.441711 -109.320503 2.000000 
-421.256195 430.567108 -109.402802 2.000000 
-421.134888 431.710388 -109.801903 2.000000 
-421.107086 431.938812 -109.868797 2.000000 
-421.018799 432.328094 -110.075104 2.000000 
-420.915802 433.012787 -110.335899 2.000000 
-421.183105 433.687195 -110.530296 2.000000 
-420.928802 433.970306 -110.705002 2.000000 
-421.143585 434.491486 -110.921700 2.000000 
-420.893494 435.120911 -111.100899 2.000000 
-420.753387 435.350800 -111.141197 2.000000 
-420.939606 435.852905 -111.311600 2.000000 
-420.897491 436.663910 -111.716103 2.000000 
-420.779694 437.250793 -111.827003 2.000000 
-420.979401 437.416992 -111.937698 2.000000 
-420.726807 437.899902 -112.097000 2.000000 
-421.078796 438.581787 -112.475502 2.000000 
-420.913788 439.112305 -112.610001 2.000000 
-420.792999 439.696014 -112.849602 2.000000 
-421.045807 440.307098 -113.080803 2.000000 
-420.989288 440.549713 -113.061302 2.000000 
-420.424988 366.780701 -84.792099 2.000000 
-420.526093 367.662994 -85.122398 2.000000 
-420.320190 368.135712 -85.338699 2.000000 
-420.437805 368.246002 -85.433701 2.000000 
-420.412903 368.888794 -85.605499 2.000000 
-420.613190 369.272186 -85.815804 2.000000 
-420.758698 369.633911 -85.934502 2.000000 
-420.410797 386.167908 -92.404198 2.000000 
-420.398499 386.678009 -92.608498 2.000000 
-420.483704 387.359192 -92.833397 2.000000 
-420.676300 387.872589 -93.062103 2.000000 
-420.313293 388.355103 -93.209801 2.000000 
-420.654999 388.716614 -93.377403 2.000000 
-420.676392 389.134094 -93.569901 2.000000 
-420.335297 389.770599 -93.778999 2.000000 
-420.340088 390.259705 -93.946404 2.000000 
-420.588989 390.860291 -94.224701 2.000000 
-420.477814 391.363190 -94.387299 2.000000 
-420.504791 391.949310 -94.598503 2.000000 
-420.482788 392.234314 -94.787201 2.000000 
-420.752594 392.687592 -95.002296 2.000000 
-420.284790 393.209991 -95.111504 2.000000 
-420.712891 393.680511 -95.281799 2.000000 
-420.507599 394.421112 -95.539803 2.000000 
-420.364594 394.989288 -95.787201 2.000000 
-420.362213 395.760010 -96.096802 2.000000 
-420.552704 396.003906 -96.231102 2.000000 
-420.677094 396.649597 -96.500702 2.000000 
-420.570404 396.862701 -96.587601 2.000000 
-420.364502 397.138092 -96.583199 2.000000 
-420.158600 398.297913 -97.051003 2.000000 
-420.204498 398.548615 -97.156097 2.000000 
-420.183502 398.970612 -97.311501 2.000000 
-420.332886 399.261505 -97.426102 2.000000 
-420.698792 399.882507 -97.721703 2.000000 
-420.373810 400.424591 -97.896400 2.000000 
-420.821289 400.821808 -98.086601 2.000000 
-420.655396 401.259491 -98.286102 2.000000 
-420.390808 401.871399 -98.499802 2.000000 
-420.911011 402.501007 -98.721298 2.000000 
-420.420898 403.077606 -98.878403 2.000000 
-420.835785 403.120605 -98.916100 2.000000 
-420.550690 403.852386 -99.242203 2.000000 
-420.446106 404.545197 -99.404198 2.000000 
-420.629303 405.080505 -99.658302 2.000000 
-420.426086 405.131409 -99.724998 2.000000 
-420.513794 406.050812 -100.053200 2.000000 
-420.463196 406.296997 -100.174202 2.000000 
-420.597595 407.101593 -100.496597 2.000000 
-420.525208 407.994202 -100.748497 2.000000 
-420.148987 408.069305 -100.754303 2.000000 
-420.744995 408.749695 -101.047798 2.000000 
-420.524994 409.139893 -101.191200 2.000000 
-420.503693 409.876801 -101.528801 2.000000 
-420.748688 409.976715 -101.634598 2.000000 
-420.445892 410.809814 -101.820602 2.000000 
-420.348297 411.068787 -101.994301 2.000000 
-420.575897 411.474915 -102.147400 2.000000 
-421.110596 412.089600 -102.437798 2.000000 
-420.518188 412.975891 -102.714401 2.000000 
-420.428009 413.048798 -102.700104 2.000000 
-420.276093 413.786987 -102.940102 2.000000 
-420.539612 414.116913 -103.116600 2.000000 
-420.545288 414.888397 -103.508698 2.000000 
-420.606201 415.030396 -103.502701 2.000000 
-420.669708 426.394501 -107.865501 2.000000 
-420.417908 426.856995 -107.981499 2.000000 
-420.186798 427.395905 -108.103897 2.000000 
-420.694305 427.965302 -108.369904 2.000000 
-420.427094 428.466705 -108.625801 2.000000 
-420.268494 428.909302 -108.689903 2.000000 
-420.454010 429.394806 -108.921303 2.000000 
-420.028900 430.228912 -109.130600 2.000000 
-420.587311 430.532898 -109.417503 2.000000 
-420.299011 431.135986 -109.616898 2.000000 
-420.369202 431.620300 -109.697197 2.000000 
-420.559814 432.109497 -109.909698 2.000000 
-420.276398 432.865295 -110.189598 2.000000 
-420.100098 433.025909 -110.213097 2.000000 
-420.391815 433.478210 -110.452400 2.000000 
-420.523712 434.044495 -110.649300 2.000000 
-420.841309 434.396088 -110.871399 2.000000 
-420.428101 435.092804 -111.079597 2.000000 
-420.907898 435.510193 -111.232201 2.000000 
-420.535492 435.737610 -111.369202 2.000000 
-420.743896 436.636292 -111.584702 2.000000 
-420.480988 436.775513 -111.623299 2.000000 
-420.573608 437.350586 -111.887703 2.000000 
-420.658295 438.300110 -112.305099 2.000000 
-420.564209 438.337189 -112.239899 2.000000 
-420.641510 439.034088 -112.536301 2.000000 
-420.868988 439.603912 -112.791298 2.000000 
-420.243591 440.008789 -112.928200 2.000000 
-420.440887 440.727509 -113.214401 2.000000 
-420.031189 366.476501 -84.721298 2.000000 
-420.019287 367.188293 -84.891800 2.000000 
-419.928497 367.413300 -84.952599 2.000000 
-420.033813 367.844910 -85.245499 2.000000 
-420.088715 368.062714 -85.302299 2.000000 
-419.904907 368.800995 -85.515800 2.000000 
-420.155304 369.496887 -85.800797 2.000000 
-419.698486 370.148407 -86.138199 2.000000 
-419.859894 370.442688 -86.263603 2.000000 
-419.749115 386.030304 -92.241898 2.000000 
-420.083008 386.075714 -92.374702 2.000000 
-419.978088 386.784912 -92.575798 2.000000 
-419.871307 387.174194 -92.789497 2.000000 
-420.135986 387.822510 -92.962601 2.000000 
-419.915192 388.312592 -93.104897 2.000000 
-420.048401 388.719299 -93.384102 2.000000 
-419.546997 389.024292 -93.400597 2.000000 
-420.314606 389.599396 -93.640900 2.000000 
-419.765198 390.248199 -93.885803 2.000000 
-420.081512 390.689697 -94.131897 2.000000 
-420.136200 391.345093 -94.318901 2.000000 
-419.533691 391.777191 -94.527603 2.000000 
-419.932312 392.164307 -94.660103 2.000000 
-420.053711 392.692993 -94.809097 2.000000 
-419.941101 393.469788 -95.185898 2.000000 
-419.881714 393.707794 -95.266800 2.000000 
-419.966614 394.553894 -95.588402 2.000000 
-419.744995 394.842407 -95.671600 2.000000 
-420.077515 395.209290 -95.846298 2.000000 
-420.216492 395.830811 -96.158096 2.000000 
-420.140411 396.238495 -96.258202 2.000000 
-419.828491 396.918488 -96.536400 2.000000 
-419.949799 397.284302 -96.685997 2.000000 
-420.328491 398.091003 -97.017502 2.000000 
-419.933014 398.694397 -97.246498 2.000000 
-420.017395 398.864197 -97.319901 2.000000 
-419.946106 399.323700 -97.372498 2.000000 
-419.996887 399.821808 -97.562698 2.000000 
-419.597412 400.334412 -97.722504 2.000000 
-420.202393 401.151093 -98.149002 2.000000 
-419.842804 401.307007 -98.141197 2.000000 
-420.181305 401.961914 -98.473396 2.000000 
-419.620514 402.457092 -98.640602 2.000000 
-420.235291 402.793396 -98.850098 2.000000 
-420.446503 403.569611 -99.141998 2.000000 
-419.585114 404.142090 -99.225304 2.000000 
-419.961090 404.617706 -99.480202 2.000000 
-420.136688 404.722687 -99.541199 2.000000 
-419.967804 405.744812 -99.849701 2.000000 
-419.941589 406.023895 -99.972099 2.000000 
-419.860413 406.737793 -100.269501 2.000000 
-420.033112 407.084991 -100.381104 2.000000 
-420.001587 407.385498 -100.593803 2.000000 
-420.159088 407.881989 -100.714699 2.000000 
-420.083496 408.735199 -101.019897 2.000000 
-419.831787 408.957794 -101.126099 2.000000 
-419.965607 409.471008 -101.258400 2.000000 
-419.757904 409.922699 -101.479103 2.000000 
-419.839294 410.722992 -101.861298 2.000000 
-419.956696 411.304108 -102.067299 2.000000 
-420.168213 411.441711 -102.143402 2.000000 
-420.251007 411.849701 -102.255898 2.000000 
-419.772705 412.669006 -102.491302 2.000000 
-420.052002 413.081207 -102.641701 2.000000 
-420.085693 413.744995 -102.960503 2.000000 
-420.044891 414.374908 -103.147301 2.000000 
-420.082397 414.947693 -103.437202 2.000000 
-419.684113 415.167786 -103.433197 2.000000 
-419.917389 415.793396 -103.795700 2.000000 
-420.123199 426.281311 -107.672203 2.000000 
-420.171600 426.994110 -108.025703 2.000000 
-420.237793 427.260895 -108.103203 2.000000 
-419.925507 427.675415 -108.287804 2.000000 
-420.224487 428.295593 -108.445396 2.000000 
-420.128815 428.929596 -108.764099 2.000000 
-419.861786 429.639709 -108.985397 2.000000 
-419.959503 429.630096 -108.895500 2.000000 
-419.933807 430.769897 -109.367599 2.000000 
-419.722595 431.005402 -109.444801 2.000000 
-420.008606 431.693909 -109.768898 2.000000 
-419.830109 431.958191 -109.832497 2.000000 
-420.145203 432.522491 -110.046600 2.000000 
-419.985992 433.331696 -110.369202 2.000000 
-419.764709 433.327698 -110.331802 2.000000 
-420.024506 433.999786 -110.597298 2.000000 
-420.295410 434.341705 -110.718300 2.000000 
-420.070496 434.646393 -110.889900 2.000000 
-419.959198 435.854187 -111.320396 2.000000 
-419.898285 435.914093 -111.288902 2.000000 
-419.956207 436.525604 -111.588501 2.000000 
-419.880096 436.925110 -111.674599 2.000000 
-420.014313 437.705994 -112.019402 2.000000 
-419.946106 438.286102 -112.202797 2.000000 
-419.701904 438.551392 -112.291397 2.000000 
-419.773987 439.348602 -112.544197 2.000000 
-419.963104 439.605896 -112.645798 2.000000 
-419.888092 439.936005 -112.798401 2.000000 
-419.450989 366.828705 -84.759003 2.000000 
-419.634003 367.078613 -84.916000 2.000000 
-419.387390 367.813812 -85.213097 2.000000 
-419.500000 368.142792 -85.214104 2.000000 
-419.418304 369.002808 -85.587898 2.000000 
-419.691193 369.395203 -85.768700 2.000000 
-419.591003 369.705200 -85.904999 2.000000 
-419.523895 370.359985 -86.196999 2.000000 
-419.029297 384.683014 -91.760300 2.000000 
-419.459991 385.863190 -92.136597 2.000000 
-419.572601 386.007507 -92.256599 2.000000 
-419.449707 386.768097 -92.548599 2.000000 
-419.451691 387.428497 -92.777000 2.000000 
-419.631805 387.958801 -92.937103 2.000000 
-419.521515 388.029999 -93.054398 2.000000 
-419.370300 388.746796 -93.302803 2.000000 
-419.382904 389.210999 -93.523399 2.000000 
-419.288605 389.705414 -93.645401 2.000000 
-419.465912 390.382996 -93.948898 2.000000 
-419.335114 390.583588 -94.044899 2.000000 
-419.506104 391.483612 -94.430603 2.000000 
-419.263794 391.734406 -94.506599 2.000000 
-419.321198 392.201111 -94.618103 2.000000 
-419.311096 392.838196 -94.884804 2.000000 
-419.730896 393.325500 -95.170799 2.000000 
-419.231506 394.028595 -95.295403 2.000000 
-419.740509 394.004395 -95.385696 2.000000 
-419.431702 394.852509 -95.731499 2.000000 
-419.571198 395.118103 -95.813904 2.000000 
-419.543793 395.858490 -96.134804 2.000000 
-419.435211 396.533508 -96.244400 2.000000 
-419.736694 396.979401 -96.472298 2.000000 
-419.500885 397.112610 -96.608299 2.000000 
-419.514099 397.903503 -96.811699 2.000000 
-419.682587 398.416290 -97.033302 2.000000 
-419.368408 399.122498 -97.359802 2.000000 
-419.541595 399.478394 -97.493401 2.000000 
-419.414886 399.823395 -97.650398 2.000000 
-419.378601 400.072113 -97.726303 2.000000 
-419.570496 400.774414 -97.911301 2.000000 
-419.538696 401.204895 -98.094498 2.000000 
-419.428314 401.764801 -98.319801 2.000000 
-419.412415 402.701294 -98.755997 2.000000 
-419.437103 402.952301 -98.786598 2.000000 
-418.989807 403.799286 -99.046799 2.000000 
-419.506409 403.876709 -99.091202 2.000000 
-419.591400 404.562714 -99.453300 2.000000 
-419.111115 404.794708 -99.476700 2.000000 
-419.496185 405.874786 -99.965302 2.000000 
-419.423492 405.937103 -99.883698 2.000000 
-419.599487 406.992310 -100.301903 2.000000 
-419.449097 407.224487 -100.378799 2.000000 
-419.401215 407.395691 -100.441902 2.000000 
-419.708313 408.063690 -100.698601 2.000000 
-419.758606 408.763611 -101.112503 2.000000 
-419.228210 409.150604 -101.073898 2.000000 
-419.586212 409.617096 -101.414001 2.000000 
-419.892792 409.966003 -101.501801 2.000000 
-419.340302 410.273804 -101.635002 2.000000 
-419.241608 411.136108 -101.966499 2.000000 
-419.270508 411.528687 -102.028000 2.000000 
-419.449799 412.211212 -102.287903 2.000000 
-419.565308 412.687592 -102.446404 2.000000 
-419.510193 412.953613 -102.579201 2.000000 
-419.369293 413.724213 -102.926598 2.000000 
-419.535004 414.145813 -103.003998 2.000000 
-419.639099 414.774994 -103.271103 2.000000 
-419.604889 415.399597 -103.609596 2.000000 
-419.563904 415.473511 -103.517799 2.000000 
-419.522003 427.132996 -107.977898 2.000000 
-419.711609 427.623810 -108.194199 2.000000 
-419.296295 428.064911 -108.371002 2.000000 
-419.395813 428.210114 -108.347397 2.000000 
-419.342194 428.942200 -108.655502 2.000000 
-419.364410 429.430298 -108.816902 2.000000 
-419.464691 429.954987 -109.117500 2.000000 
-419.396515 430.294189 -109.227898 2.000000 
-419.691895 431.402893 -109.566200 2.000000 
-419.487396 431.452087 -109.561897 2.000000 
-419.318909 431.904297 -109.813599 2.000000 
-419.708313 432.387604 -109.996002 2.000000 
-419.509491 433.026306 -110.167297 2.000000 
-419.387390 433.614685 -110.428001 2.000000 
-419.754700 433.925812 -110.586998 2.000000 
-419.382996 434.390289 -110.648598 2.000000 
-419.412811 435.243286 -111.039101 2.000000 
-419.371185 435.140503 -110.950302 2.000000 
-419.539215 436.062714 -111.380898 2.000000 
-419.527893 436.656006 -111.593102 2.000000 
-419.754791 437.113007 -111.739502 2.000000 
-419.411804 437.514404 -111.856499 2.000000 
-419.549805 437.785492 -112.030296 2.000000 
-419.618988 438.765015 -112.413696 2.000000 
-419.340088 439.252991 -112.543800 2.000000 
-419.604095 439.821411 -112.698303 2.000000 
-419.658295 440.277100 -112.898499 2.000000 
-419.559296 440.418610 -112.904099 2.000000 
-418.726288 366.833313 -84.631302 2.000000 
-419.125610 367.656799 -84.987801 2.000000 
-419.177704 367.936707 -85.237900 2.000000 
-419.033203 368.407410 -85.378601 2.000000 
-419.119385 368.739899 -85.453697 2.000000 
-418.878815 369.247406 -85.672798 2.000000 
-418.829590 369.827393 -85.873703 2.000000 
-419.084808 370.161285 -86.083298 2.000000 
-419.010986 371.023895 -86.306198 2.000000 
-418.730591 384.220093 -91.457199 2.000000 
-418.916687 384.912689 -91.804703 2.000000 
-418.986786 384.986511 -91.759399 2.000000 
-418.713593 385.683197 -92.048798 2.000000 
-418.789398 386.350189 -92.290802 2.000000 
-419.104187 386.690491 -92.494598 2.000000 
-419.118011 387.219208 -92.665497 2.000000 
-418.806091 387.772186 -92.842102 2.000000 
-418.659393 387.911285 -92.869202 2.000000 
-418.979187 388.671387 -93.167000 2.000000 
-418.970093 389.385895 -93.511299 2.000000 
-419.178101 389.536499 -93.516701 2.000000 
-418.676697 390.068512 -93.737999 2.000000 
-418.964600 390.708313 -94.068901 2.000000 
-418.855194 391.104309 -94.188904 2.000000 
-418.768585 391.872192 -94.485100 2.000000 
-419.165802 392.162201 -94.619797 2.000000 
-419.050903 392.756897 -94.820900 2.000000 
-419.411499 393.443909 -95.118896 2.000000 
-419.032410 394.101288 -95.284500 2.000000 
-419.057709 394.258911 -95.452904 2.000000 
-419.094391 394.928314 -95.708603 2.000000 
-419.013306 395.555206 -95.866898 2.000000 
-418.773804 395.927002 -96.054604 2.000000 
-418.948608 396.441315 -96.286400 2.000000 
-418.930298 397.203888 -96.540703 2.000000 
-419.114807 397.386505 -96.545403 2.000000 
-419.001190 397.668396 -96.692398 2.000000 
-418.788910 398.193390 -96.893799 2.000000 
-419.283600 398.763885 -97.211800 2.000000 
-418.870392 399.367706 -97.360497 2.000000 
-418.898193 399.922607 -97.619003 2.000000 
-419.150696 400.169312 -97.652901 2.000000 
-418.615204 401.011902 -97.982002 2.000000 
-419.216095 401.320496 -98.087799 2.000000 
-418.961212 401.892792 -98.265198 2.000000 
-418.978607 402.637085 -98.603203 2.000000 
-418.823792 402.970703 -98.801804 2.000000 
-418.976715 403.468109 -99.003998 2.000000 
-418.905212 403.983307 -99.142403 2.000000 
-418.894714 404.787811 -99.399399 2.000000 
-419.215607 405.225311 -99.670799 2.000000 
-418.964203 405.514404 -99.803596 2.000000 
-418.556000 406.014893 -99.870003 2.000000 
-419.467010 406.695190 -100.223503 2.000000 
-419.067902 406.778198 -100.286003 2.000000 
-418.687592 407.605988 -100.567902 2.000000 
-418.484009 408.358612 -100.766296 2.000000 
-418.923004 408.387512 -100.865601 2.000000 
-419.089111 409.041107 -101.155197 2.000000 
-418.808014 409.655090 -101.308998 2.000000 
-419.186310 410.025787 -101.404099 2.000000 
-418.821106 410.602692 -101.715302 2.000000 
-419.059998 411.305603 -101.879303 2.000000 
-418.886902 411.753387 -102.169601 2.000000 
-418.933899 412.176208 -102.346001 2.000000 
-418.932892 412.554199 -102.405701 2.000000 
-418.929291 413.074890 -102.553299 2.000000 
-418.786285 413.848602 -102.924103 2.000000 
-419.293488 414.135406 -103.045799 2.000000 
-419.063812 414.586700 -103.236504 2.000000 
-419.019287 415.372894 -103.501503 2.000000 
-418.987091 415.590393 -103.649902 2.000000 
-418.895599 426.970001 -107.952499 2.000000 
-418.893097 427.308289 -107.993896 2.000000 
-419.159393 427.816895 -108.189499 2.000000 
-418.977997 428.387604 -108.365898 2.000000 
-419.003296 429.039612 -108.683800 2.000000 
-419.287292 429.426514 -108.893997 2.000000 
-418.898804 430.069092 -109.001999 2.000000 
-418.919586 430.454315 -109.221603 2.000000 
-418.883209 430.884705 -109.304199 2.000000 
-418.945801 431.803101 -109.736000 2.000000 
-419.143890 431.770294 -109.640602 2.000000 
-419.148499 432.343903 -109.867401 2.000000 
-418.916992 433.085693 -110.146301 2.000000 
-418.744507 433.709900 -110.347000 2.000000 
-418.876495 434.015411 -110.520699 2.000000 
-418.821808 434.697296 -110.830002 2.000000 
-419.209808 435.071411 -110.930702 2.000000 
-419.328613 435.554199 -111.124496 2.000000 
-419.009705 435.808899 -111.222603 2.000000 
-419.118896 437.010803 -111.669098 2.000000 
-419.006989 437.328308 -111.697899 2.000000 
-419.157288 437.829102 -111.976196 2.000000 
-418.702515 437.902496 -111.932198 2.000000 
-418.715210 438.341400 -112.099800 2.000000 
-419.064209 439.036804 -112.354401 2.000000 
-419.081207 439.396301 -112.568497 2.000000 
-418.857300 439.891815 -112.764503 2.000000 
-418.562897 366.492188 -84.572998 2.000000 
-418.410309 366.813110 -84.600800 2.000000 
-418.180206 367.120209 -84.765404 2.000000 
-418.369507 367.654297 -84.982201 2.000000 
-418.683899 368.137909 -85.220802 2.000000 
-418.229614 368.831512 -85.512001 2.000000 
-418.563690 369.406708 -85.740799 2.000000 
-418.276703 369.588898 -85.778702 2.000000 
-418.082397 370.249298 -85.924301 2.000000 
-418.437195 370.987305 -86.353897 2.000000 
-418.445587 383.652588 -91.301300 2.000000 
-418.384308 384.154999 -91.494598 2.000000 
-418.407593 384.370087 -91.527901 2.000000 
-418.288788 385.048889 -91.757500 2.000000 
-418.347900 385.556000 -91.935501 2.000000 
-418.462891 386.181213 -92.244797 2.000000 
-418.600403 386.703888 -92.502296 2.000000 
-418.731812 387.488892 -92.737900 2.000000 
-418.150391 387.986298 -92.978104 2.000000 
-418.280212 388.246613 -93.061699 2.000000 
-418.601593 388.380707 -93.086601 2.000000 
-418.252106 389.538208 -93.504601 2.000000 
-418.196899 389.895905 -93.640404 2.000000 
-418.553314 390.138397 -93.791603 2.000000 
-418.281708 390.703186 -93.976799 2.000000 
-418.307587 391.262695 -94.201401 2.000000 
-418.256592 391.862915 -94.468498 2.000000 
-418.504791 392.194611 -94.536201 2.000000 
-418.558899 392.709015 -94.759399 2.000000 
-418.858704 393.035095 -94.878304 2.000000 
-418.417999 393.527710 -95.044296 2.000000 
-418.459991 394.650299 -95.555298 2.000000 
-418.239990 394.701691 -95.564400 2.000000 
-418.385590 395.293793 -95.739098 2.000000 
-418.319305 395.852509 -95.952499 2.000000 
-418.452209 396.486206 -96.233597 2.000000 
-418.508087 396.627289 -96.264297 2.000000 
-418.458313 397.141998 -96.515602 2.000000 
-418.601501 397.806000 -96.758202 2.000000 
-418.469696 397.893890 -96.738998 2.000000 
-418.563690 399.055908 -97.253998 2.000000 
-418.643707 399.624207 -97.392998 2.000000 
-418.262695 399.851501 -97.479202 2.000000 
-418.423401 400.528900 -97.824699 2.000000 
-418.441406 400.739197 -97.915398 2.000000 
-418.458191 401.072815 -98.045303 2.000000 
-418.450714 401.794006 -98.248497 2.000000 
-418.545898 402.370087 -98.546997 2.000000 
-418.597198 402.654907 -98.568802 2.000000 
-418.619904 403.515015 -99.009102 2.000000 
-418.296204 403.980286 -99.043198 2.000000 
-418.348297 404.475891 -99.303497 2.000000 
-418.500000 405.026306 -99.436996 2.000000 
-418.478790 405.574890 -99.678398 2.000000 
-418.637390 406.218506 -99.926903 2.000000 
-418.490601 406.579498 -100.053703 2.000000 
-418.468109 406.988800 -100.233101 2.000000 
-418.600311 407.491302 -100.411301 2.000000 
-418.371796 408.326996 -100.812798 2.000000 
-418.378296 408.288300 -100.709999 2.000000 
-418.495697 409.188812 -101.108200 2.000000 
-418.599091 409.433014 -101.145897 2.000000 
-418.491302 410.307404 -101.544998 2.000000 
-418.677612 410.669586 -101.719200 2.000000 
-418.469910 411.113312 -101.900597 2.000000 
-418.568695 411.565308 -102.069298 2.000000 
-418.624908 412.242706 -102.331902 2.000000 
-418.820801 412.815887 -102.584198 2.000000 
-418.415100 413.284485 -102.584503 2.000000 
-418.391998 413.302490 -102.632202 2.000000 
-418.468201 414.077515 -102.967400 2.000000 
-418.459595 414.974487 -103.338799 2.000000 
-418.836212 415.119293 -103.413399 2.000000 
-418.487915 415.768311 -103.628799 2.000000 
-418.725800 427.010895 -107.885696 2.000000 
-418.349396 427.646210 -108.092697 2.000000 
-418.607086 427.981110 -108.211800 2.000000 
-418.382294 428.324097 -108.276497 2.000000 
-418.737213 428.881989 -108.647598 2.000000 
-418.454895 429.327698 -108.791100 2.000000 
-418.746490 430.054413 -108.961899 2.000000 
-418.409790 430.374695 -109.116096 2.000000 
-418.632111 430.930298 -109.284203 2.000000 
-418.431793 431.607208 -109.576698 2.000000 
-418.589813 431.743988 -109.603798 2.000000 
-418.686707 432.540314 -109.935699 2.000000 
-418.461212 432.984589 -110.129303 2.000000 
-418.383087 433.551514 -110.309700 2.000000 
-418.656799 434.274200 -110.564301 2.000000 
-418.624512 434.516113 -110.745499 2.000000 
-418.286896 435.190796 -110.937401 2.000000 
-418.420288 435.503113 -111.038902 2.000000 
-418.239685 436.006592 -111.167801 2.000000 
-418.559814 436.635010 -111.535698 2.000000 
-418.439911 436.762695 -111.561996 2.000000 
-418.647095 437.720398 -111.896896 2.000000 
-418.364807 438.043701 -112.038300 2.000000 
-418.604004 438.248810 -112.014000 2.000000 
-418.225800 439.046295 -112.408203 2.000000 
-418.556885 439.579590 -112.644600 2.000000 
-418.448700 439.916290 -112.717598 2.000000 
-418.185211 366.713196 -84.667198 2.000000 
-418.103088 367.276611 -84.897202 2.000000 
-417.784698 367.593597 -84.903297 2.000000 
-418.115509 368.281403 -85.223900 2.000000 
-418.050507 368.993286 -85.520798 2.000000 
-418.101990 369.418701 -85.663902 2.000000 
-417.979889 369.747711 -85.803101 2.000000 
-418.195404 370.485901 -86.074799 2.000000 
-417.982910 370.957794 -86.224403 2.000000 
-417.929413 371.460999 -86.408501 2.000000 
-417.747498 372.126312 -86.720802 2.000000 
-417.995605 383.042389 -90.955704 2.000000 
-418.167114 383.831390 -91.345001 2.000000 
-417.931488 384.043793 -91.382698 2.000000 
-417.891907 384.435394 -91.561600 2.000000 
-418.014496 385.465607 -91.906700 2.000000 
-417.851501 385.692108 -91.935699 2.000000 
-417.995514 386.073486 -92.201599 2.000000 
-417.861908 386.688507 -92.415604 2.000000 
-417.989807 387.483490 -92.746597 2.000000 
-417.760986 388.036591 -92.828499 2.000000 
-418.101807 388.272003 -93.077301 2.000000 
-417.836914 388.788513 -93.139999 2.000000 
-417.944611 389.444885 -93.483803 2.000000 
-417.902496 389.858490 -93.605499 2.000000 
-417.901489 390.468597 -93.840897 2.000000 
-418.045593 390.764893 -94.011398 2.000000 
-417.800415 391.249512 -94.187798 2.000000 
-418.318787 391.745514 -94.360100 2.000000 
-418.174988 392.411713 -94.552101 2.000000 
-417.913605 392.895905 -94.795799 2.000000 
-418.227814 393.173798 -94.846703 2.000000 
-418.084808 393.796295 -95.106796 2.000000 
-418.375000 394.125092 -95.309502 2.000000 
-418.118805 395.041199 -95.671997 2.000000 
-418.027588 394.944885 -95.643898 2.000000 
-418.132996 396.046997 -96.030098 2.000000 
-417.999390 396.315613 -96.040802 2.000000 
-417.931488 396.695099 -96.209602 2.000000 
-417.892914 397.284393 -96.467400 2.000000 
-417.830292 397.813385 -96.636803 2.000000 
-417.960907 398.214508 -96.838997 2.000000 
-418.141907 398.812408 -97.052101 2.000000 
-417.987091 399.441315 -97.246902 2.000000 
-417.960693 399.851807 -97.427696 2.000000 
-417.963593 400.470215 -97.673500 2.000000 
-418.124603 401.201904 -98.027199 2.000000 
-417.983398 401.258698 -97.952599 2.000000 
-417.992096 401.969910 -98.300499 2.000000 
-418.026489 402.260498 -98.476196 2.000000 
-417.959015 402.856995 -98.628304 2.000000 
-417.855499 403.270508 -98.843300 2.000000 
-417.953796 404.017609 -99.139000 2.000000 
-417.918304 404.647095 -99.275703 2.000000 
-417.573303 405.203796 -99.549202 2.000000 
-417.769501 405.586700 -99.595299 2.000000 
-417.658386 406.289307 -99.873596 2.000000 
-417.930389 406.355988 -99.954803 2.000000 
-418.060486 406.977295 -100.153603 2.000000 
-418.026611 407.497101 -100.377998 2.000000 
-417.934387 408.240387 -100.622002 2.000000 
-417.825806 408.491211 -100.705597 2.000000 
-417.914886 409.036804 -101.066902 2.000000 
-417.951111 409.764496 -101.332603 2.000000 
-418.029694 410.030609 -101.441299 2.000000 
-418.167786 410.725800 -101.667198 2.000000 
-417.956390 411.084991 -101.774498 2.000000 
-417.734406 411.908691 -102.137199 2.000000 
-417.902802 412.078400 -102.224197 2.000000 
-418.193787 412.613312 -102.448402 2.000000 
-417.957703 412.947113 -102.547302 2.000000 
-417.842010 413.567993 -102.716904 2.000000 
-417.939514 414.313904 -103.077301 2.000000 
-417.981201 414.881012 -103.158600 2.000000 
-417.957092 415.427185 -103.454399 2.000000 
-417.991699 415.434692 -103.374496 2.000000 
-417.784393 416.400787 -103.755203 2.000000 
-417.900787 427.295197 -107.958397 2.000000 
-417.862213 427.673798 -108.102402 2.000000 
-417.869385 428.248505 -108.354698 2.000000 
-417.812103 428.932892 -108.499802 2.000000 
-418.069702 429.299713 -108.709900 2.000000 
-417.896912 430.025787 -108.996803 2.000000 
-417.802185 430.192200 -109.044800 2.000000 
-417.618286 430.964691 -109.292900 2.000000 
-417.865112 431.467896 -109.539398 2.000000 
-417.925690 431.989502 -109.696404 2.000000 
-418.020905 432.431610 -109.890999 2.000000 
-417.925903 433.127014 -110.138100 2.000000 
-418.050903 433.336304 -110.188202 2.000000 
-418.106415 433.890411 -110.350197 2.000000 
-417.683807 434.671295 -110.618599 2.000000 
-417.889801 435.146515 -110.850403 2.000000 
-418.158600 435.348297 -110.922096 2.000000 
-418.207703 436.195801 -111.318802 2.000000 
-418.087402 436.435303 -111.438599 2.000000 
-417.768890 436.993896 -111.534798 2.000000 
-418.020691 437.530487 -111.807701 2.000000 
-417.842194 438.179901 -111.943398 2.000000 
-418.126892 438.478088 -112.070702 2.000000 
-417.819000 438.806213 -112.224602 2.000000 
-417.955109 439.787415 -112.641502 2.000000 
-417.855103 440.205811 -112.737099 2.000000 
-417.328613 366.795807 -84.620598 2.000000 
-417.649292 367.278412 -84.732300 2.000000 
-417.332489 367.832703 -84.958504 2.000000 
-417.326904 368.274689 -85.158096 2.000000 
-417.420807 368.924896 -85.356796 2.000000 
-417.245697 369.358307 -85.522598 2.000000 
-417.546387 370.099487 -85.953003 2.000000 
-417.535004 370.650909 -86.079102 2.000000 
-417.049286 370.897797 -86.207901 2.000000 
-417.203308 371.370911 -86.361603 2.000000 
-417.277008 372.126190 -86.704597 2.000000 
-417.381714 372.288605 -86.688004 2.000000 
-417.198700 381.408905 -90.226799 2.000000 
-417.524994 382.110107 -90.554001 2.000000 
-417.237213 382.788391 -90.812202 2.000000 
-417.402893 383.132385 -90.997101 2.000000 
-417.533813 383.996613 -91.246902 2.000000 
-417.223999 384.226196 -91.381798 2.000000 
-417.240295 384.659790 -91.481201 2.000000 
-417.430695 385.112701 -91.715202 2.000000 
-417.527405 385.771912 -91.970299 2.000000 
-417.286407 386.277191 -92.168701 2.000000 
-417.356110 386.705994 -92.320503 2.000000 
-417.388397 387.200989 -92.612198 2.000000 
-417.634186 387.683105 -92.797997 2.000000 
-417.652893 388.385315 -93.014198 2.000000 
-417.444214 388.533508 -93.050102 2.000000 
-417.486603 389.154388 -93.319901 2.000000 
-417.394714 389.565186 -93.435799 2.000000 
-417.560303 390.009186 -93.570503 2.000000 
-417.393494 390.689209 -93.941704 2.000000 
-417.297211 391.364685 -94.125801 2.000000 
-417.588715 391.672607 -94.267197 2.000000 
-417.366211 392.350311 -94.544601 2.000000 
-417.428406 392.732788 -94.628799 2.000000 
-417.480591 393.281006 -94.852600 2.000000 
-417.651611 393.956787 -95.141098 2.000000 
-417.526611 393.949005 -95.155602 2.000000 
-417.693604 394.794098 -95.455101 2.000000 
-417.649811 395.579407 -95.749901 2.000000 
-417.699402 395.915100 -95.925598 2.000000 
-417.690399 396.405914 -96.170601 2.000000 
-417.278198 396.889191 -96.328598 2.000000 
-417.457001 397.293610 -96.399597 2.000000 
-417.363098 397.862610 -96.701797 2.000000 
-417.383392 398.177002 -96.800903 2.000000 
-417.155304 398.972809 -97.054199 2.000000 
-417.514801 399.255402 -97.221802 2.000000 
-417.786591 399.745300 -97.468399 2.000000 
-417.819000 400.382690 -97.599800 2.000000 
-417.258392 400.995087 -97.829803 2.000000 
-417.680298 401.523987 -98.048401 2.000000 
-417.162415 401.637085 -98.026199 2.000000 
-417.436188 402.395599 -98.404297 2.000000 
-417.510590 402.977600 -98.608704 2.000000 
-417.405701 403.271210 -98.796204 2.000000 
-417.151306 403.829498 -98.883003 2.000000 
-417.881592 404.739899 -99.353401 2.000000 
-417.418793 404.610199 -99.307503 2.000000 
-417.543701 405.406891 -99.639000 2.000000 
-417.617096 406.375000 -100.025101 2.000000 
-417.324188 406.481110 -99.995499 2.000000 
-417.363190 407.087799 -100.167900 2.000000 
-417.758209 407.312805 -100.253304 2.000000 
-417.200104 408.207886 -100.576897 2.000000 
-417.519592 408.866608 -100.841797 2.000000 
-417.588989 409.013702 -100.947098 2.000000 
-417.432709 409.351501 -101.136200 2.000000 
-417.528015 410.138611 -101.412804 2.000000 
-417.675812 410.655487 -101.656898 2.000000 
-417.202301 411.002289 -101.642502 2.000000 
-417.168793 411.669586 -101.999001 2.000000 
-417.287811 412.005188 -102.055000 2.000000 
-417.598114 412.720612 -102.377899 2.000000 
-417.085602 412.991486 -102.484398 2.000000 
-417.592010 413.707886 -102.751297 2.000000 
-417.771210 414.482513 -103.030502 2.000000 
-417.241608 414.396698 -103.010597 2.000000 
-417.409912 415.140900 -103.355499 2.000000 
-417.302704 415.830597 -103.481796 2.000000 
-417.294403 416.183197 -103.746696 2.000000 
-417.568787 427.179596 -107.845703 2.000000 
-417.433990 427.218597 -107.805397 2.000000 
-417.255188 428.166992 -108.272797 2.000000 
-417.492004 428.409088 -108.248299 2.000000 
-417.500610 428.912598 -108.560600 2.000000 
-417.476013 429.549713 -108.692101 2.000000 
-417.318909 429.662201 -108.812302 2.000000 
-417.592590 430.448486 -109.032402 2.000000 
-417.384399 430.963409 -109.317802 2.000000 
-417.589386 431.457092 -109.413101 2.000000 
-417.484497 432.125214 -109.734100 2.000000 
-417.418701 432.612091 -109.866600 2.000000 
-417.625000 432.788513 -109.961998 2.000000 
-417.325195 433.408997 -110.198502 2.000000 
-417.524902 433.966400 -110.383499 2.000000 
-417.511597 434.488495 -110.550499 2.000000 
-417.848114 435.239502 -110.853500 2.000000 
-417.480713 435.489014 -110.992798 2.000000 
-417.633911 436.077515 -111.161301 2.000000 
-417.562897 436.256714 -111.276497 2.000000 
-417.692108 436.974304 -111.542198 2.000000 
-417.412811 437.449402 -111.695000 2.000000 
-417.374207 438.339905 -112.008698 2.000000 
-417.243286 438.678711 -112.182297 2.000000 
-417.467896 438.987610 -112.329002 2.000000 
-417.546112 439.515900 -112.414902 2.000000 
-417.376190 440.090790 -112.635201 2.000000 
-417.227814 366.797607 -84.560997 2.000000 
-416.843109 367.525696 -84.828499 2.000000 
-417.015900 367.911285 -84.966400 2.000000 
-416.992401 368.040405 -85.065399 2.000000 
-417.151886 368.528015 -85.290001 2.000000 
-416.773285 369.286713 -85.484497 2.000000 
-416.866486 370.021515 -85.767097 2.000000 
-417.288513 370.402496 -85.924400 2.000000 
-417.041290 371.057007 -86.287804 2.000000 
-416.880188 371.591797 -86.469200 2.000000 
-416.691010 371.667786 -86.503899 2.000000 
-417.118011 372.613708 -86.769997 2.000000 
-417.245392 373.035095 -86.977303 2.000000 
-416.776398 373.774414 -87.228500 2.000000 
-416.721008 380.601990 -89.928802 2.000000 
-416.878296 381.319885 -90.213600 2.000000 
-416.921692 381.674500 -90.391701 2.000000 
-416.830811 382.394104 -90.660301 2.000000 
-417.031006 382.645294 -90.789001 2.000000 
-416.801300 383.478790 -91.027702 2.000000 
-416.885895 383.978912 -91.265900 2.000000 
-416.684387 384.030090 -91.325104 2.000000 
-417.038300 384.515411 -91.444603 2.000000 
-416.773102 385.095703 -91.746201 2.000000 
-416.864502 385.836487 -91.939499 2.000000 
-416.953400 386.406006 -92.141098 2.000000 
-417.123901 386.309204 -92.186798 2.000000 
-416.712189 387.059113 -92.363899 2.000000 
-417.058685 387.870514 -92.764099 2.000000 
-417.009888 388.081512 -92.805496 2.000000 
-416.653015 389.007599 -93.140404 2.000000 
-416.807800 389.119202 -93.176102 2.000000 
-417.174408 389.482513 -93.347298 2.000000 
-417.039215 390.397400 -93.730499 2.000000 
-416.985199 390.484192 -93.790703 2.000000 
-417.226593 390.934601 -93.985298 2.000000 
-416.892090 391.784698 -94.251999 2.000000 
-417.023102 392.242889 -94.439400 2.000000 
-417.063995 392.778503 -94.655602 2.000000 
-416.835602 393.413513 -94.864799 2.000000 
-417.125092 394.033203 -95.113197 2.000000 
-416.724396 394.125702 -95.162201 2.000000 
-416.903503 394.950500 -95.430000 2.000000 
-416.886993 395.415802 -95.741997 2.000000 
-416.877686 395.822113 -95.779404 2.000000 
-417.203705 396.732300 -96.188904 2.000000 
-416.974915 396.949402 -96.208099 2.000000 
-417.036499 397.184113 -96.413498 2.000000 
-416.749512 397.928314 -96.610100 2.000000 
-416.983185 398.354706 -96.795097 2.000000 
-417.011292 399.029388 -97.071503 2.000000 
-416.875610 399.500885 -97.232597 2.000000 
-416.774109 400.262787 -97.517403 2.000000 
-416.839905 400.578491 -97.610100 2.000000 
-416.948303 400.671509 -97.701698 2.000000 
-416.898193 401.273895 -97.961601 2.000000 
-416.759003 401.753204 -98.167503 2.000000 
-416.708191 402.438690 -98.363998 2.000000 
-416.714813 403.017914 -98.572800 2.000000 
-416.702209 403.363098 -98.705498 2.000000 
-416.551300 404.087189 -98.965500 2.000000 
-416.887909 404.441315 -99.126602 2.000000 
-417.135986 404.911102 -99.368202 2.000000 
-416.865112 405.584900 -99.619202 2.000000 
-416.999908 405.720612 -99.606499 2.000000 
-417.012909 406.892914 -100.144203 2.000000 
-416.808502 407.197815 -100.238800 2.000000 
-416.970886 407.388885 -100.298599 2.000000 
-416.861206 408.018402 -100.567001 2.000000 
-416.819214 408.339111 -100.694298 2.000000 
-417.206207 409.144287 -100.941200 2.000000 
-416.758392 409.713287 -101.122704 2.000000 
-416.871704 410.192108 -101.282898 2.000000 
-416.992889 410.493195 -101.489197 2.000000 
-416.944305 411.003387 -101.682198 2.000000 
-417.015411 411.625305 -101.928299 2.000000 
-417.039307 412.209686 -102.068703 2.000000 
-416.950897 412.716309 -102.387398 2.000000 
-417.003815 413.242493 -102.521599 2.000000 
-417.083191 413.516602 -102.687897 2.000000 
-416.733795 414.369812 -102.967400 2.000000 
-416.708710 414.673706 -103.096100 2.000000 
-417.214905 414.964386 -103.134102 2.000000 
-417.181305 415.768005 -103.431999 2.000000 
-417.160492 416.033691 -103.594597 2.000000 
-416.830597 428.120392 -108.221497 2.000000 
-417.056000 428.325012 -108.305298 2.000000 
-416.950012 428.931000 -108.430496 2.000000 
-416.876007 429.279694 -108.618896 2.000000 
-416.559296 429.753815 -108.813103 2.000000 
-417.178406 430.255402 -109.010300 2.000000 
-417.036804 431.048889 -109.307297 2.000000 
-416.825989 431.266510 -109.299698 2.000000 
-417.044189 431.973297 -109.638702 2.000000 
-416.860291 432.514404 -109.783699 2.000000 
-416.744690 432.934906 -109.934898 2.000000 
-417.116699 433.664612 -110.225098 2.000000 
-416.984985 434.108490 -110.439201 2.000000 
-416.845398 434.853790 -110.600304 2.000000 
-417.032104 434.821014 -110.674599 2.000000 
-417.097504 435.530304 -111.002899 2.000000 
-417.195587 436.037109 -111.096001 2.000000 
-416.784607 436.411987 -111.212601 2.000000 
-417.072815 437.141113 -111.499298 2.000000 
-417.049713 437.846008 -111.798302 2.000000 
-416.824310 438.153595 -111.934097 2.000000 
-417.036804 438.602997 -112.111504 2.000000 
-417.018402 439.297302 -112.334198 2.000000 
-417.401306 439.418701 -112.393799 2.000000 
-417.150696 440.109100 -112.591797 2.000000 
-416.157593 366.901306 -84.597198 2.000000 
-416.442596 367.530487 -84.724701 2.000000 
-416.395203 368.217896 -85.049500 2.000000 
-416.331909 368.367889 -85.095497 2.000000 
-416.351501 369.191406 -85.454803 2.000000 
-416.337799 369.230408 -85.408997 2.000000 
-416.653595 369.723511 -85.619698 2.000000 
-416.252411 370.232391 -85.773697 2.000000 
-416.426910 370.900299 -86.094498 2.000000 
-416.467285 371.787689 -86.450897 2.000000 
-416.399597 371.350586 -86.345596 2.000000 
-416.446594 372.269806 -86.679604 2.000000 
-416.426788 372.877899 -86.876099 2.000000 
-416.605988 373.487091 -87.165703 2.000000 
-416.450104 374.094788 -87.327904 2.000000 
-416.592407 374.334412 -87.461502 2.000000 
-416.296906 379.135101 -89.387299 2.000000 
-416.308685 379.456909 -89.392097 2.000000 
-416.408600 380.163300 -89.712303 2.000000 
-416.374695 380.830505 -89.913300 2.000000 
-416.696686 381.084808 -90.048798 2.000000 
-416.267395 381.709198 -90.252998 2.000000 
-416.238312 382.281403 -90.470299 2.000000 
-416.517395 382.495911 -90.677299 2.000000 
-416.463409 383.329987 -90.929398 2.000000 
-416.539215 383.651794 -91.132103 2.000000 
-416.432312 384.154785 -91.216103 2.000000 
-416.302399 384.623108 -91.459099 2.000000 
-416.254913 384.870911 -91.512299 2.000000 
-416.496490 385.818207 -91.893898 2.000000 
-416.153198 386.295013 -92.138603 2.000000 
-416.351105 386.854889 -92.378998 2.000000 
-416.559998 387.403198 -92.506302 2.000000 
-416.338806 387.824585 -92.739799 2.000000 
-416.402100 388.256195 -92.802299 2.000000 
-416.302704 388.804504 -93.024902 2.000000 
-416.385803 388.994904 -93.227600 2.000000 
-416.373291 389.734711 -93.488297 2.000000 
-416.631104 390.377991 -93.679497 2.000000 
-416.300201 390.429688 -93.765404 2.000000 
-416.403290 391.280396 -94.083801 2.000000 
-416.533203 391.844086 -94.230797 2.000000 
-416.674194 392.451294 -94.559700 2.000000 
-416.348297 392.918610 -94.614403 2.000000 
-416.251709 393.376007 -94.781799 2.000000 
-416.490295 393.529694 -94.934998 2.000000 
-416.252289 394.429504 -95.316704 2.000000 
-416.484497 394.813599 -95.366898 2.000000 
-416.196594 395.242615 -95.505798 2.000000 
-416.337189 395.882111 -95.880798 2.000000 
-416.646515 396.359802 -96.004898 2.000000 
-416.592194 397.001892 -96.292503 2.000000 
-416.272888 397.037598 -96.259102 2.000000 
-416.457794 397.945496 -96.645401 2.000000 
-416.227112 398.411407 -96.780602 2.000000 
-416.164398 399.093689 -97.072899 2.000000 
-416.589111 398.993103 -97.073097 2.000000 
-416.396790 399.825195 -97.353798 2.000000 
-416.148712 400.692505 -97.692802 2.000000 
-416.048096 401.289093 -97.817497 2.000000 
-416.424591 401.322510 -97.989304 2.000000 
-416.690002 401.988098 -98.202797 2.000000 
-416.165802 402.219208 -98.189400 2.000000 
-416.370209 403.029510 -98.524002 2.000000 
-416.318115 403.392090 -98.746399 2.000000 
-416.497803 404.011993 -98.961998 2.000000 
-415.877899 404.794800 -99.196701 2.000000 
-416.427185 404.747406 -99.282898 2.000000 
-416.798889 405.765808 -99.711601 2.000000 
-416.503601 406.235413 -99.839302 2.000000 
-416.562897 406.562103 -99.956001 2.000000 
-416.261810 406.940887 -100.116798 2.000000 
-416.712097 407.548096 -100.338402 2.000000 
-416.265503 408.095398 -100.448799 2.000000 
-416.377502 408.692688 -100.703796 2.000000 
-416.582306 409.059204 -100.914902 2.000000 
-416.221588 409.398499 -100.964203 2.000000 
-416.577087 410.009491 -101.189598 2.000000 
-416.312988 410.592102 -101.395203 2.000000 
-416.164490 410.874695 -101.624901 2.000000 
-416.509003 411.744507 -101.934097 2.000000 
-416.453003 411.897888 -101.937897 2.000000 
-416.338196 412.736206 -102.340897 2.000000 
-416.319305 413.223907 -102.514099 2.000000 
-416.252502 414.025299 -102.819000 2.000000 
-416.523407 414.418701 -102.940002 2.000000 
-416.301605 414.376404 -102.887604 2.000000 
-416.090302 415.549408 -103.390099 2.000000 
-416.163086 416.092102 -103.604301 2.000000 
-416.414795 416.364197 -103.722504 2.000000 
-416.393799 416.528107 -103.717400 2.000000 
-416.535492 427.909485 -108.080200 2.000000 
-416.603302 428.618500 -108.387497 2.000000 
-416.234711 428.806702 -108.343102 2.000000 
-416.420288 429.722198 -108.771400 2.000000 
-416.336090 429.782806 -108.711502 2.000000 
-416.371307 430.381592 -108.970497 2.000000 
-416.143585 431.090607 -109.223503 2.000000 
-416.361298 431.437592 -109.359200 2.000000 
-416.352112 431.618988 -109.472702 2.000000 
-416.470703 432.742889 -109.836601 2.000000 
-416.233185 432.962006 -109.914703 2.000000 
-416.143585 433.313812 -110.042702 2.000000 
-416.405212 433.781189 -110.193398 2.000000 
-416.485901 434.488007 -110.478500 2.000000 
-416.594788 434.876404 -110.672997 2.000000 
-416.371002 435.596588 -110.937302 2.000000 
-416.316803 436.335114 -111.258598 2.000000 
-416.361603 436.212311 -111.184402 2.000000 
-416.495087 437.102295 -111.511703 2.000000 
-416.699402 437.407013 -111.653297 2.000000 
-416.537994 438.121185 -111.932800 2.000000 
-416.593994 438.867798 -112.102501 2.000000 
-416.427887 439.135590 -112.206497 2.000000 
-416.377106 439.231689 -112.211098 2.000000 
-415.944092 366.554199 -84.414497 2.000000 
-415.873199 367.485291 -84.697701 2.000000 
-415.883392 368.061890 -84.932198 2.000000 
-415.886810 368.259094 -84.983101 2.000000 
-415.962708 368.657410 -85.271896 2.000000 
-415.859497 369.455414 -85.549698 2.000000 
-415.993286 369.791595 -85.660004 2.000000 
-416.090790 370.543915 -85.951202 2.000000 
-415.665802 370.550598 -85.893097 2.000000 
-415.599609 371.486115 -86.228302 2.000000 
-415.746002 371.928894 -86.408798 2.000000 
-415.787109 372.226288 -86.593102 2.000000 
-415.976898 372.841309 -86.903397 2.000000 
-416.153198 373.306702 -87.092300 2.000000 
-415.818207 374.200287 -87.348099 2.000000 
-415.881805 374.660797 -87.486397 2.000000 
-415.855011 375.142487 -87.691498 2.000000 
-416.071686 375.450500 -87.795097 2.000000 
-415.867889 375.720001 -88.010696 2.000000 
-416.024811 376.277008 -88.201202 2.000000 
-416.085297 377.202698 -88.473000 2.000000 
-416.172913 377.616608 -88.694801 2.000000 
-415.954407 377.754486 -88.698402 2.000000 
-415.977386 378.870697 -89.184998 2.000000 
-416.052887 378.929504 -89.157501 2.000000 
-415.718597 379.647186 -89.431801 2.000000 
-415.716705 380.024902 -89.639503 2.000000 
-415.850800 380.763214 -89.913902 2.000000 
-416.032501 381.327301 -90.078499 2.000000 
-415.714813 381.597412 -90.278297 2.000000 
-415.974304 382.151306 -90.432297 2.000000 
-415.964508 382.832489 -90.709503 2.000000 
-415.623810 383.037109 -90.819397 2.000000 
-416.002686 383.693390 -91.000702 2.000000 
-415.786011 384.073486 -91.147598 2.000000 
-415.865814 384.458496 -91.348503 2.000000 
-416.226593 385.030609 -91.558098 2.000000 
-415.810211 385.743500 -91.818604 2.000000 
-415.973297 386.010010 -91.971603 2.000000 
-415.727203 386.709198 -92.242599 2.000000 
-415.900909 387.240204 -92.444000 2.000000 
-416.033112 387.978088 -92.667503 2.000000 
-415.967590 388.095612 -92.757004 2.000000 
-416.126801 388.649811 -92.990997 2.000000 
-415.753998 388.955597 -93.016899 2.000000 
-415.958496 390.046387 -93.526497 2.000000 
-416.042786 390.300598 -93.696098 2.000000 
-415.635803 390.872406 -93.884697 2.000000 
-415.881897 391.431091 -94.063904 2.000000 
-415.791992 391.814392 -94.232300 2.000000 
-415.706085 392.313812 -94.454597 2.000000 
-416.164001 392.947998 -94.671501 2.000000 
-415.986206 392.943390 -94.683403 2.000000 
-415.814301 393.693787 -94.913399 2.000000 
-415.808197 394.111603 -95.054901 2.000000 
-416.049805 395.201813 -95.521400 2.000000 
-415.883392 395.187286 -95.573196 2.000000 
-416.140594 395.873108 -95.759804 2.000000 
-415.811005 396.278198 -95.972603 2.000000 
-415.979004 396.777893 -96.076698 2.000000 
-416.044098 397.521698 -96.468697 2.000000 
-415.951202 397.612610 -96.402901 2.000000 
-416.039093 398.409088 -96.750603 2.000000 
-415.911591 398.641510 -96.780899 2.000000 
-415.869904 399.302094 -97.114998 2.000000 
-415.726105 399.886505 -97.303299 2.000000 
-416.197510 400.576294 -97.653503 2.000000 
-415.956909 400.816406 -97.745201 2.000000 
-415.860687 401.314087 -97.799797 2.000000 
-415.751709 402.029388 -98.156898 2.000000 
-416.059906 402.286102 -98.191101 2.000000 
-415.662903 403.036011 -98.563499 2.000000 
-415.866608 403.600311 -98.737198 2.000000 
-415.916412 404.253296 -98.981300 2.000000 
-415.981689 404.448303 -99.094902 2.000000 
-416.091705 404.743011 -99.151604 2.000000 
-415.793091 405.789612 -99.531197 2.000000 
-416.106201 406.104706 -99.798897 2.000000 
-415.935486 406.530304 -99.923897 2.000000 
-416.259796 407.033203 -100.023804 2.000000 
-415.868591 407.417603 -100.224297 2.000000 
-415.874115 408.089905 -100.471901 2.000000 
-415.945496 408.739594 -100.725098 2.000000 
-415.795593 409.262909 -100.969002 2.000000 
-415.708099 409.679108 -101.011703 2.000000 
-415.859711 410.137604 -101.284500 2.000000 
-416.059296 410.343689 -101.299797 2.000000 
-415.940796 410.916992 -101.497704 2.000000 
-415.746490 411.592499 -101.771400 2.000000 
-415.928314 412.129700 -102.025299 2.000000 
-415.859894 412.562195 -102.152802 2.000000 
-415.851288 412.943390 -102.397301 2.000000 
-415.863800 413.912994 -102.651199 2.000000 
-416.076813 414.289703 -102.803802 2.000000 
-416.207611 414.747101 -103.113197 2.000000 
-415.654388 415.180603 -103.226700 2.000000 
-415.940887 415.660095 -103.386200 2.000000 
-416.059204 416.415985 -103.597099 2.000000 
-415.829590 416.571106 -103.629204 2.000000 
-416.019989 427.672211 -107.912102 2.000000 
-416.031494 428.130493 -108.015900 2.000000 
-415.967499 428.790009 -108.393700 2.000000 
-415.597504 429.160889 -108.499802 2.000000 
-416.129913 430.116699 -108.903397 2.000000 
-416.014191 430.159698 -108.874298 2.000000 
-415.898712 430.773499 -109.099098 2.000000 
-416.162109 431.712097 -109.510201 2.000000 
-416.095612 432.162109 -109.534599 2.000000 
-416.147491 432.609192 -109.736702 2.000000 
-415.855804 432.930908 -109.906303 2.000000 
-415.594208 433.388000 -110.102097 2.000000 
-415.864807 434.186615 -110.419998 2.000000 
-416.131897 434.698303 -110.524597 2.000000 
-415.994598 434.659088 -110.474998 2.000000 
-415.801910 435.745789 -110.892502 2.000000 
-415.798798 435.991486 -110.972298 2.000000 
-415.939789 436.705200 -111.343697 2.000000 
-416.180298 437.174500 -111.435204 2.000000 
-415.828613 437.609314 -111.612297 2.000000 
-416.050293 437.990692 -111.794899 2.000000 
-415.907715 438.436890 -111.894699 2.000000 
-415.937897 439.078186 -112.212402 2.000000 
-415.983490 439.562805 -112.420998 2.000000 
-415.351990 366.621399 -84.300903 2.000000 
-415.591400 367.397797 -84.709099 2.000000 
-415.305206 367.837708 -84.752800 2.000000 
-415.335785 368.175995 -84.964500 2.000000 
-415.484802 368.890411 -85.285599 2.000000 
-415.497498 369.453186 -85.400002 2.000000 
-414.966492 370.092896 -85.739700 2.000000 
-415.494385 370.483093 -85.852402 2.000000 
-415.813690 370.863892 -85.981003 2.000000 
-415.287811 371.604492 -86.273003 2.000000 
-415.586212 371.895294 -86.423203 2.000000 
-415.389709 372.283112 -86.557800 2.000000 
-415.392303 373.041107 -86.904602 2.000000 
-415.354187 373.522186 -86.999496 2.000000 
-415.391205 374.257599 -87.354202 2.000000 
-415.543304 374.481903 -87.375099 2.000000 
-415.413391 374.829895 -87.551003 2.000000 
-415.506500 375.520905 -87.809097 2.000000 
-415.564514 376.054199 -88.127502 2.000000 
-414.976501 376.539703 -88.187202 2.000000 
-415.206604 377.578705 -88.588402 2.000000 
-415.463104 377.691498 -88.698303 2.000000 
-415.196289 377.808807 -88.726097 2.000000 
-415.267090 378.618805 -89.095001 2.000000 
-415.431091 378.793610 -89.159698 2.000000 
-415.082001 379.687195 -89.452301 2.000000 
-415.375305 380.160889 -89.619698 2.000000 
-415.409698 380.653198 -89.810898 2.000000 
-415.397003 381.189087 -90.075600 2.000000 
-415.563293 381.695007 -90.193703 2.000000 
-415.514801 382.271790 -90.436501 2.000000 
-415.323792 382.748993 -90.631897 2.000000 
-415.497009 382.905487 -90.712700 2.000000 
-415.375702 383.634796 -90.981400 2.000000 
-415.300110 383.996613 -91.117500 2.000000 
-415.322815 384.848114 -91.418602 2.000000 
-415.605713 385.326202 -91.627403 2.000000 
-415.630310 385.506805 -91.683296 2.000000 
-415.277008 386.306793 -92.096703 2.000000 
-415.537415 386.702301 -92.134903 2.000000 
-415.464508 387.238403 -92.434097 2.000000 
-415.456512 387.572601 -92.462997 2.000000 
-415.463196 388.303802 -92.878700 2.000000 
-415.335999 388.648102 -92.971001 2.000000 
-415.337006 389.414307 -93.175697 2.000000 
-415.557312 389.450806 -93.195099 2.000000 
-415.470703 390.288696 -93.531303 2.000000 
-415.269409 390.678192 -93.748703 2.000000 
-415.444214 391.117706 -93.935600 2.000000 
-415.287292 391.826294 -94.222000 2.000000 
-415.389709 392.444611 -94.456497 2.000000 
-415.507507 392.707214 -94.471298 2.000000 
-415.584595 393.256195 -94.701797 2.000000 
-415.035797 393.925690 -94.973801 2.000000 
-415.372314 394.081604 -94.973503 2.000000 
-415.422699 394.635712 -95.314003 2.000000 
-415.558289 395.285095 -95.506699 2.000000 
-415.522614 396.066711 -95.895897 2.000000 
-415.445709 396.463287 -95.938400 2.000000 
-415.358490 396.808594 -96.139999 2.000000 
-415.567902 397.342590 -96.328903 2.000000 
-415.165009 398.372498 -96.688904 2.000000 
-415.161102 398.474609 -96.691399 2.000000 
-415.483795 399.151001 -97.073601 2.000000 
-415.685394 399.592896 -97.208702 2.000000 
-415.386200 399.787506 -97.257202 2.000000 
-415.557800 400.336914 -97.443100 2.000000 
-415.244507 401.020508 -97.740402 2.000000 
-415.601288 401.166595 -97.766899 2.000000 
-415.342590 402.154785 -98.222397 2.000000 
-415.575806 402.315308 -98.160202 2.000000 
-415.562195 402.859802 -98.443001 2.000000 
-415.336487 403.131195 -98.487503 2.000000 
-415.580811 403.613007 -98.741997 2.000000 
-415.331909 404.319214 -98.959900 2.000000 
-415.546600 404.777008 -99.151001 2.000000 
-415.317291 405.433502 -99.364403 2.000000 
-415.376190 405.949097 -99.682297 2.000000 
-415.234711 406.305695 -99.752899 2.000000 
-415.710785 407.072906 -100.129997 2.000000 
-415.376587 407.490204 -100.162903 2.000000 
-415.489502 408.204102 -100.467796 2.000000 
-415.053314 408.416901 -100.511002 2.000000 
-415.406799 409.085602 -100.771301 2.000000 
-415.416107 409.398987 -100.881798 2.000000 
-415.954315 410.096405 -101.253098 2.000000 
-415.256805 410.436188 -101.300201 2.000000 
-415.514191 411.205109 -101.674400 2.000000 
-415.463196 411.593597 -101.706902 2.000000 
-415.626709 412.181213 -101.980400 2.000000 
-415.481995 412.864197 -102.234001 2.000000 
-415.499298 413.207886 -102.357803 2.000000 
-415.355286 413.333588 -102.507202 2.000000 
-415.429199 414.286591 -102.756897 2.000000 
-415.485992 414.273712 -102.817902 2.000000 
-415.397491 414.993408 -103.051201 2.000000 
-415.087708 415.474792 -103.192902 2.000000 
-415.868988 416.029907 -103.486504 2.000000 
-415.458496 416.826904 -103.788101 2.000000 
-415.236694 417.191895 -103.951302 2.000000 
-415.358093 428.212585 -108.087097 2.000000 
-415.484802 428.429688 -108.224297 2.000000 
-415.381012 428.916992 -108.282997 2.000000 
-415.721100 429.561615 -108.545303 2.000000 
-415.661713 430.008911 -108.732498 2.000000 
-415.423492 430.595093 -108.920700 2.000000 
-415.595306 431.015991 -109.150902 2.000000 
-415.578308 431.558807 -109.375702 2.000000 
-415.358093 431.956299 -109.401199 2.000000 
-415.558014 432.509613 -109.653297 2.000000 
-415.322205 432.743591 -109.823097 2.000000 
-415.423309 433.525696 -110.072098 2.000000 
-415.196289 433.742493 -110.204300 2.000000 
-414.870697 434.606995 -110.468002 2.000000 
-415.309814 435.011505 -110.545700 2.000000 
-415.533112 435.756592 -110.935898 2.000000 
-415.419708 435.872009 -111.016403 2.000000 
-415.453888 436.752197 -111.267799 2.000000 
-415.711914 436.824188 -111.384804 2.000000 
-415.355011 437.557800 -111.493896 2.000000 
-415.124115 438.059906 -111.737701 2.000000 
-415.486786 438.380005 -111.900597 2.000000 
-415.136108 439.189697 -112.206902 2.000000 
-415.564392 439.457489 -112.351501 2.000000 
-414.784607 367.220215 -84.561600 2.000000 
-414.844788 367.306793 -84.649803 2.000000 
-414.898895 368.058594 -84.879700 2.000000 
-414.817902 368.432892 -84.952003 2.000000 
-415.082794 369.345001 -85.459297 2.000000 
-414.885712 369.726105 -85.529297 2.000000 
-414.657410 369.894012 -85.522697 2.000000 
-414.676300 370.383392 -85.750801 2.000000 
-415.130310 370.840393 -86.017899 2.000000 
-414.842499 371.656891 -86.268700 2.000000 
-415.060699 371.819092 -86.420898 2.000000 
-414.791809 372.522888 -86.631401 2.000000 
-414.813904 372.991486 -86.762901 2.000000 
-414.957306 373.583801 -87.098801 2.000000 
-414.714294 373.752594 -87.055901 2.000000 
-414.880890 374.449005 -87.367203 2.000000 
-414.855194 374.623993 -87.381500 2.000000 
-414.947906 375.614288 -87.888000 2.000000 
-414.567413 376.016602 -88.019302 2.000000 
-415.237305 376.447296 -88.156097 2.000000 
-414.869293 377.053802 -88.456100 2.000000 
-414.930695 377.490387 -88.576401 2.000000 
-414.877808 378.034912 -88.776802 2.000000 
-414.800812 378.509308 -88.985298 2.000000 
-414.512604 379.194611 -89.254402 2.000000 
-414.768097 379.471100 -89.311501 2.000000 
-414.941406 380.322388 -89.658798 2.000000 
-414.840302 380.594299 -89.765701 2.000000 
-414.955811 381.094086 -89.978203 2.000000 
-414.910706 381.629211 -90.141800 2.000000 
-414.742004 382.053406 -90.310997 2.000000 
-415.015503 382.599213 -90.498497 2.000000 
-414.956909 383.461212 -90.895699 2.000000 
-415.222107 383.583405 -90.916397 2.000000 
-414.785187 384.159302 -91.175797 2.000000 
-415.054810 384.511200 -91.363602 2.000000 
-414.752014 385.137512 -91.524399 2.000000 
-415.098694 385.576813 -91.671402 2.000000 
-414.839813 385.996002 -91.858597 2.000000 
-415.051086 386.706390 -92.178001 2.000000 
-414.956787 387.452301 -92.455803 2.000000 
-414.925415 387.803406 -92.612602 2.000000 
-414.880402 387.982910 -92.669800 2.000000 
-414.946808 388.423706 -92.749298 2.000000 
-415.027008 389.270508 -93.083000 2.000000 
-414.988098 389.900513 -93.453400 2.000000 
-415.010590 390.340912 -93.521698 2.000000 
-415.026093 390.746185 -93.719803 2.000000 
-414.971802 391.433899 -94.055199 2.000000 
-415.144409 392.017487 -94.182800 2.000000 
-414.752411 392.259705 -94.354897 2.000000 
-414.841705 393.078491 -94.657501 2.000000 
-414.912994 393.507202 -94.786201 2.000000 
-414.916107 393.645508 -94.811203 2.000000 
-414.846893 394.483490 -95.214104 2.000000 
-414.885193 394.844696 -95.283401 2.000000 
-414.983185 395.295288 -95.432198 2.000000 
-414.963409 396.042297 -95.784401 2.000000 
-415.015015 396.588013 -95.982300 2.000000 
-414.801605 396.674500 -96.065102 2.000000 
-414.987305 397.292694 -96.195000 2.000000 
-414.970215 398.134308 -96.557602 2.000000 
-414.903290 398.237701 -96.571999 2.000000 
-415.025787 398.995697 -96.968399 2.000000 
-414.698608 399.414703 -97.109299 2.000000 
-414.935089 399.687408 -97.129997 2.000000 
-414.413910 400.373688 -97.346901 2.000000 
-414.854095 400.693115 -97.491798 2.000000 
-414.874786 401.448212 -97.849297 2.000000 
-414.627899 401.928009 -98.079697 2.000000 
-414.984314 402.396515 -98.200203 2.000000 
-415.037109 402.983887 -98.434700 2.000000 
-414.869995 403.329987 -98.550903 2.000000 
-415.032990 403.738403 -98.672096 2.000000 
-414.674988 404.653015 -99.058800 2.000000 
-414.868011 405.062195 -99.157997 2.000000 
-414.846008 405.422302 -99.438499 2.000000 
-414.697296 406.087891 -99.652496 2.000000 
-414.704407 406.609009 -99.743401 2.000000 
-414.711609 406.902710 -99.884499 2.000000 
-414.817902 407.218292 -100.033997 2.000000 
-414.912811 408.266907 -100.442398 2.000000 
-414.699402 408.582001 -100.544899 2.000000 
-414.972504 409.015594 -100.799500 2.000000 
-415.051208 409.588715 -100.943001 2.000000 
-414.763092 410.106995 -101.187897 2.000000 
-414.974487 410.783386 -101.397202 2.000000 
-414.825287 411.175293 -101.559799 2.000000 
-414.970306 411.500000 -101.648399 2.000000 
-414.486908 412.157196 -101.958801 2.000000 
-414.836395 412.532990 -102.103401 2.000000 
-414.829590 412.982697 -102.280197 2.000000 
-415.014008 413.477814 -102.419701 2.000000 
-415.003296 414.014099 -102.625504 2.000000 
-414.778412 414.686707 -102.933502 2.000000 
-414.729889 414.967499 -102.973297 2.000000 
-414.833801 415.898712 -103.347000 2.000000 
-414.811096 416.139313 -103.482300 2.000000 
-415.005493 416.492188 -103.609200 2.000000 
-415.121490 417.135590 -103.881302 2.000000 
-414.923004 428.255493 -108.004700 2.000000 
-414.982391 428.911011 -108.228699 2.000000 
-414.680511 429.139008 -108.367104 2.000000 
-414.814697 430.233093 -108.738800 2.000000 
-414.716492 430.242188 -108.728302 2.000000 
-414.624207 430.889801 -108.945297 2.000000 
-414.813507 431.568115 -109.260498 2.000000 
-414.830414 431.865112 -109.324699 2.000000 
-414.846985 431.975189 -109.402298 2.000000 
-415.063293 433.139801 -109.877800 2.000000 
-414.701385 433.352600 -109.964500 2.000000 
-414.800995 433.997986 -110.166298 2.000000 
-414.867615 434.506287 -110.385399 2.000000 
-414.893311 435.033386 -110.560402 2.000000 
-414.680511 435.677612 -110.756203 2.000000 
-414.653198 436.015686 -110.974998 2.000000 
-415.072296 436.746613 -111.243797 2.000000 
-414.675995 436.984894 -111.373802 2.000000 
-414.964600 437.275787 -111.416603 2.000000 
-414.880707 438.543701 -111.855499 2.000000 
-415.196899 438.246704 -111.854897 2.000000 
-415.133698 439.147308 -112.200996 2.000000 
-415.069611 439.511597 -112.290001 2.000000 
-414.550995 366.904205 -84.391296 2.000000 
-414.372406 367.561401 -84.706902 2.000000 
-414.613892 367.859009 -84.712196 2.000000 
-414.082092 368.488007 -84.931702 2.000000 
-414.525085 369.171509 -85.269600 2.000000 
-414.408600 369.527893 -85.415802 2.000000 
-414.595795 370.007690 -85.665604 2.000000 
-414.330811 370.602386 -85.836403 2.000000 
-414.434509 371.282715 -86.055000 2.000000 
-414.337311 371.426300 -86.214699 2.000000 
-414.331696 371.655701 -86.236702 2.000000 
-414.450012 372.509003 -86.568398 2.000000 
-414.385803 372.737000 -86.602097 2.000000 
-414.337708 373.614197 -87.062599 2.000000 
-414.351105 373.792114 -87.059601 2.000000 
-414.503693 374.559387 -87.336304 2.000000 
-414.403503 375.105988 -87.556801 2.000000 
-414.459106 375.380890 -87.708000 2.000000 
-414.317413 375.907990 -87.906403 2.000000 
-414.315308 376.696198 -88.284500 2.000000 
-414.490692 377.114502 -88.458801 2.000000 
-414.419098 377.848785 -88.594200 2.000000 
-414.498901 377.918915 -88.665100 2.000000 
-413.938293 378.553314 -88.943703 2.000000 
-414.464600 378.953491 -89.043297 2.000000 
-414.233307 379.702698 -89.325500 2.000000 
-414.538910 380.248413 -89.609398 2.000000 
-414.227600 380.620605 -89.801697 2.000000 
-414.303497 380.937286 -89.830299 2.000000 
-414.242493 381.679199 -90.150200 2.000000 
-414.603394 382.343811 -90.395798 2.000000 
-414.470703 382.600403 -90.536598 2.000000 
-414.209198 383.182800 -90.718597 2.000000 
-414.109009 383.674896 -90.922302 2.000000 
-414.544891 384.091614 -91.108597 2.000000 
-414.479004 384.789490 -91.401604 2.000000 
-414.394806 385.066406 -91.494102 2.000000 
-414.253815 385.523285 -91.696297 2.000000 
-414.601288 385.948792 -91.829399 2.000000 
-414.427490 386.803192 -92.147202 2.000000 
-414.165802 386.997711 -92.153900 2.000000 
-414.358093 387.502594 -92.362999 2.000000 
-414.228210 388.408508 -92.691200 2.000000 
-414.565094 388.751099 -92.856697 2.000000 
-414.471313 389.151001 -93.131500 2.000000 
-414.413208 389.810913 -93.384102 2.000000 
-414.369507 390.071503 -93.350998 2.000000 
-414.629913 390.870209 -93.731300 2.000000 
-414.428101 391.127197 -93.824997 2.000000 
-414.177612 391.716187 -94.108200 2.000000 
-414.436188 392.345215 -94.274696 2.000000 
-414.500610 392.707001 -94.385597 2.000000 
-414.686615 393.261688 -94.673500 2.000000 
-414.509613 393.889709 -94.869003 2.000000 
-414.514893 394.339203 -95.046402 2.000000 
-414.318909 394.919708 -95.220299 2.000000 
-414.477692 395.574585 -95.585197 2.000000 
-414.294708 395.846405 -95.660103 2.000000 
-414.597900 396.527802 -95.949997 2.000000 
-414.294098 397.282593 -96.132301 2.000000 
-414.125610 397.334686 -96.223297 2.000000 
-414.627808 397.596008 -96.299698 2.000000 
-414.186615 398.318207 -96.654404 2.000000 
-414.572113 399.074799 -96.878700 2.000000 
-414.441895 399.391113 -97.034203 2.000000 
-413.962311 400.007385 -97.258003 2.000000 
-414.317291 400.424408 -97.378502 2.000000 
-414.330292 401.085907 -97.718399 2.000000 
-414.213806 401.751801 -97.984299 2.000000 
-414.414886 402.015991 -97.984901 2.000000 
-414.469086 402.419708 -98.165298 2.000000 
-414.120911 402.924988 -98.376602 2.000000 
-414.430206 403.474487 -98.516197 2.000000 
-414.383209 403.873901 -98.754799 2.000000 
-414.556396 404.719910 -99.075401 2.000000 
-414.692688 404.955109 -99.191002 2.000000 
-414.090698 405.642914 -99.394501 2.000000 
-414.241302 405.935303 -99.529297 2.000000 
-414.272095 406.347198 -99.729897 2.000000 
-414.390594 407.194794 -99.974197 2.000000 
-414.412292 407.490814 -100.160500 2.000000 
-414.072296 408.121490 -100.347298 2.000000 
-414.423798 408.677094 -100.628304 2.000000 
-414.275787 409.085999 -100.685303 2.000000 
-414.293701 409.587799 -100.995201 2.000000 
-414.118500 410.149597 -101.172897 2.000000 
-414.149414 410.776001 -101.373497 2.000000 
-414.276703 411.127411 -101.521400 2.000000 
-414.594208 411.706512 -101.683899 2.000000 
-414.477692 412.104004 -101.896500 2.000000 
-414.096985 412.707794 -102.032997 2.000000 
-414.280090 412.936493 -102.244400 2.000000 
-414.382507 413.517487 -102.458603 2.000000 
-414.411194 413.988312 -102.589401 2.000000 
-414.165710 414.590393 -102.782402 2.000000 
-414.404114 415.071198 -103.075798 2.000000 
-414.622101 415.572601 -103.162102 2.000000 
-414.389404 416.564087 -103.559196 2.000000 
-414.452393 416.512604 -103.580498 2.000000 
-414.390686 417.281799 -103.838799 2.000000 
-414.243713 428.307098 -108.030998 2.000000 
-414.589905 428.617310 -108.134903 2.000000 
-414.395905 428.956909 -108.224800 2.000000 
-414.339600 429.959015 -108.712097 2.000000 
-414.244202 430.773987 -108.963303 2.000000 
-414.435486 430.786194 -109.035202 2.000000 
-414.705414 431.127808 -109.111900 2.000000 
-414.428314 431.767212 -109.292099 2.000000 
-414.296295 431.978210 -109.362099 2.000000 
-414.411804 432.724304 -109.733398 2.000000 
-414.335114 433.430786 -109.942299 2.000000 
-414.348999 434.140503 -110.209099 2.000000 
-414.344696 434.354187 -110.290199 2.000000 
-414.641998 435.266113 -110.709000 2.000000 
-414.486694 435.808289 -110.866600 2.000000 
-414.125885 435.905090 -110.819298 2.000000 
-414.205688 436.604187 -111.181099 2.000000 
-414.390106 437.223907 -111.373001 2.000000 
-414.354309 437.921906 -111.575798 2.000000 
-414.493408 438.307404 -111.769402 2.000000 
-414.277710 438.203094 -111.733803 2.000000 
-414.472290 439.504700 -112.256599 2.000000 
-414.515198 439.541687 -112.290604 2.000000 
-413.635406 366.504791 -84.151497 2.000000 
-413.737610 367.027893 -84.351501 2.000000 
-413.726410 367.397308 -84.505798 2.000000 
-413.641205 368.110901 -84.870399 2.000000 
-413.970215 368.570007 -85.034599 2.000000 
-413.866913 368.867310 -85.139702 2.000000 
-413.936096 369.410706 -85.348900 2.000000 
-413.998199 369.950104 -85.605103 2.000000 
-413.641602 370.177887 -85.556503 2.000000 
-413.945099 370.658295 -85.883003 2.000000 
-413.867889 371.387085 -86.138397 2.000000 
-413.984009 372.019104 -86.322998 2.000000 
-413.598602 372.587402 -86.623802 2.000000 
-413.785889 372.879608 -86.611298 2.000000 
-413.721008 373.481598 -86.855499 2.000000 
-413.954498 374.162994 -87.202103 2.000000 
-413.633606 374.192505 -87.238998 2.000000 
-413.657593 375.332611 -87.576698 2.000000 
-413.782990 375.480499 -87.631798 2.000000 
-413.860687 375.992493 -87.937302 2.000000 
-414.006012 376.390991 -88.049103 2.000000 
-413.883698 376.817993 -88.153099 2.000000 
-413.544495 377.281311 -88.386101 2.000000 
-413.649689 378.031311 -88.637802 2.000000 
-413.678192 378.361389 -88.862396 2.000000 
-413.575592 379.230988 -89.073601 2.000000 
-414.018585 379.625793 -89.260696 2.000000 
-413.968506 380.240814 -89.637497 2.000000 
-414.018005 380.805695 -89.743301 2.000000 
-413.672791 381.300415 -89.894402 2.000000 
-413.880188 381.634888 -90.057503 2.000000 
-413.751007 382.036499 -90.254204 2.000000 
-413.840912 382.349915 -90.338501 2.000000 
-414.090607 383.124908 -90.763199 2.000000 
-414.093689 383.610809 -90.955498 2.000000 
-414.027588 384.133392 -91.053101 2.000000 
-413.934906 384.938599 -91.446503 2.000000 
-413.956604 385.366302 -91.524597 2.000000 
-413.926697 385.552704 -91.680801 2.000000 
-413.907288 386.163513 -91.886299 2.000000 
-413.756897 386.781494 -92.100899 2.000000 
-413.823792 387.496796 -92.435204 2.000000 
-413.679413 387.714996 -92.440102 2.000000 
-413.917297 387.861603 -92.596199 2.000000 
-413.806091 388.689392 -92.896698 2.000000 
-413.848907 389.145294 -93.032097 2.000000 
-413.752594 389.630402 -93.125504 2.000000 
-413.726593 389.969391 -93.397797 2.000000 
-413.949097 390.973206 -93.766502 2.000000 
-414.001404 391.386414 -93.945702 2.000000 
-413.889801 391.712585 -94.016403 2.000000 
-413.941986 392.303986 -94.220596 2.000000 
-413.483307 392.495514 -94.221199 2.000000 
-413.948608 393.378998 -94.599098 2.000000 
-413.980103 393.602386 -94.780701 2.000000 
-414.151001 394.156006 -95.003098 2.000000 
-413.846710 394.700592 -95.156799 2.000000 
-413.896698 395.654114 -95.550499 2.000000 
-413.873199 396.113708 -95.643799 2.000000 
-413.758606 396.504791 -95.797302 2.000000 
-414.060486 397.030396 -96.095398 2.000000 
-413.596802 397.596008 -96.310600 2.000000 
-413.882294 397.491791 -96.211502 2.000000 
-413.946686 398.579498 -96.707497 2.000000 
-413.752197 398.582397 -96.604202 2.000000 
-413.818298 399.047607 -96.790703 2.000000 
-413.863007 399.674286 -97.140900 2.000000 
-414.132202 400.642700 -97.500702 2.000000 
-413.946014 400.949493 -97.565804 2.000000 
-413.784485 401.527893 -97.825203 2.000000 
-413.932312 402.011688 -97.991302 2.000000 
-413.926514 402.828888 -98.357101 2.000000 
-413.756500 403.033112 -98.401497 2.000000 
-414.014801 403.357208 -98.531403 2.000000 
-413.850800 403.739899 -98.591301 2.000000 
-413.886505 404.619904 -98.947403 2.000000 
-413.906891 405.093689 -99.108498 2.000000 
-413.969910 405.765198 -99.461403 2.000000 
-414.002899 406.369202 -99.650902 2.000000 
-414.221985 406.331207 -99.616898 2.000000 
-413.635406 407.077515 -99.935997 2.000000 
-413.992096 407.689301 -100.152496 2.000000 
-413.940308 408.028595 -100.323502 2.000000 
-413.970612 408.539612 -100.530998 2.000000 
-413.928711 409.168091 -100.719803 2.000000 
-413.782013 410.001007 -101.004799 2.000000 
-413.834503 410.355408 -101.189003 2.000000 
-413.827209 410.719910 -101.374702 2.000000 
-414.102386 410.683289 -101.250801 2.000000 
-414.165802 411.437805 -101.568100 2.000000 
-413.795685 412.134094 -101.836098 2.000000 
-413.804504 412.644012 -102.110001 2.000000 
-413.984314 413.200012 -102.269501 2.000000 
-413.620697 413.778503 -102.429398 2.000000 
-413.825104 414.318115 -102.624397 2.000000 
-413.868103 414.999695 -102.978203 2.000000 
-414.044891 415.340912 -103.139297 2.000000 
-413.824402 415.634888 -103.172096 2.000000 
-413.720001 416.232910 -103.427498 2.000000 
-413.795288 416.875305 -103.629097 2.000000 
-413.887085 417.382690 -103.917397 2.000000 
-413.693604 417.649597 -103.985703 2.000000 
-413.914001 428.390900 -108.016899 2.000000 
-413.747589 429.001892 -108.225197 2.000000 
-413.953308 429.477814 -108.426903 2.000000 
-413.970001 430.170502 -108.641998 2.000000 
-413.793396 430.518707 -108.762199 2.000000 
-413.499786 431.088287 -108.929802 2.000000 
-414.346191 431.574707 -109.245003 2.000000 
-413.862000 431.938690 -109.412003 2.000000 
-413.676300 432.430603 -109.581802 2.000000 
-414.063599 432.947388 -109.711998 2.000000 
-413.705902 433.559509 -110.006104 2.000000 
-413.799286 434.065491 -110.136803 2.000000 
-413.726807 434.609985 -110.328300 2.000000 
-414.209015 434.993408 -110.461197 2.000000 
-413.701904 435.650208 -110.740501 2.000000 
-414.014801 436.315704 -110.967796 2.000000 
-413.690399 436.649994 -111.060303 2.000000 
-413.786713 437.209198 -111.287201 2.000000 
-413.975708 437.631287 -111.416901 2.000000 
-414.295898 438.012299 -111.719704 2.000000 
-413.608704 438.367310 -111.760597 2.000000 
-413.608002 438.935394 -111.917099 2.000000 
-413.345490 366.915314 -84.364098 2.000000 
-413.390808 367.569885 -84.569901 2.000000 
-413.204895 367.810699 -84.692200 2.000000 
-413.437408 368.541901 -84.932800 2.000000 
-413.536011 368.862396 -85.086899 2.000000 
-413.235504 369.672913 -85.371597 2.000000 
-413.378113 369.763306 -85.494102 2.000000 
-413.152588 370.202515 -85.627998 2.000000 
-413.435913 371.123810 -85.889801 2.000000 
-413.390198 371.372803 -86.032600 2.000000 
-413.332214 371.934113 -86.272697 2.000000 
-413.353302 372.428406 -86.475304 2.000000 
-413.336304 372.759003 -86.579102 2.000000 
-413.614685 373.329712 -86.793701 2.000000 
-413.227295 373.868500 -87.044197 2.000000 
-413.624207 374.428986 -87.247398 2.000000 
-413.462585 375.134003 -87.555603 2.000000 
-413.289612 375.888702 -87.876198 2.000000 
-413.186096 376.091614 -87.853699 2.000000 
-413.418488 376.320709 -87.952003 2.000000 
-412.824188 377.113190 -88.324203 2.000000 
-413.399506 377.627594 -88.551598 2.000000 
-413.175293 377.822296 -88.592796 2.000000 
-413.329712 378.604095 -88.839798 2.000000 
-413.398987 379.025208 -89.002098 2.000000 
-413.201599 379.851410 -89.351196 2.000000 
-413.273102 380.282593 -89.502602 2.000000 
-413.429504 380.885315 -89.798401 2.000000 
-413.204712 381.194305 -89.817398 2.000000 
-413.435486 381.659302 -90.033997 2.000000 
-413.500000 382.245605 -90.265198 2.000000 
-413.067108 382.676910 -90.445000 2.000000 
-413.249512 383.006592 -90.600700 2.000000 
-413.448608 384.126099 -91.061401 2.000000 
-413.099915 384.164307 -91.040100 2.000000 
-413.406891 384.620697 -91.165901 2.000000 
-413.236786 385.313599 -91.552902 2.000000 
-413.066589 385.801605 -91.659698 2.000000 
-413.515289 386.129395 -91.804802 2.000000 
-413.735504 386.398193 -92.012802 2.000000 
-413.605408 387.114197 -92.193901 2.000000 
-413.294403 387.393097 -92.341599 2.000000 
-413.364410 388.403198 -92.647797 2.000000 
-413.291412 388.489990 -92.759201 2.000000 
-413.222900 389.073700 -92.917297 2.000000 
-413.555786 389.830414 -93.287102 2.000000 
-413.443115 390.244507 -93.389801 2.000000 
-413.321991 390.601715 -93.486000 2.000000 
-413.152405 391.411102 -93.872704 2.000000 
-413.675201 392.024811 -94.178101 2.000000 
-413.199005 392.192505 -94.163696 2.000000 
-412.936188 392.956390 -94.459999 2.000000 
-413.276794 393.410706 -94.659203 2.000000 
-413.403992 393.486206 -94.597298 2.000000 
-413.512909 394.135010 -94.981400 2.000000 
-413.369293 394.867493 -95.200302 2.000000 
-413.257690 395.523407 -95.467003 2.000000 
-413.180695 395.757996 -95.506203 2.000000 
-413.218506 396.216187 -95.728897 2.000000 
-413.320404 396.894806 -95.916603 2.000000 
-413.519501 397.601410 -96.185799 2.000000 
-413.342285 397.884186 -96.303703 2.000000 
-413.494995 398.273590 -96.494400 2.000000 
-413.502808 399.054504 -96.777100 2.000000 
-413.121307 399.609192 -97.029198 2.000000 
-413.303192 399.902710 -97.147697 2.000000 
-413.100891 400.248199 -97.205704 2.000000 
-413.406006 401.163391 -97.569603 2.000000 
-413.525208 401.365601 -97.775299 2.000000 
-413.504791 401.951904 -97.984299 2.000000 
-413.317810 402.750305 -98.188400 2.000000 
-413.212311 402.879700 -98.314102 2.000000 
-413.128113 403.754089 -98.561203 2.000000 
-413.457611 403.973297 -98.666801 2.000000 
-413.670410 404.536499 -98.965897 2.000000 
-413.177795 405.124207 -99.110901 2.000000 
-413.056091 405.592102 -99.281700 2.000000 
-413.679108 405.810699 -99.470398 2.000000 
-413.518707 406.794189 -99.789703 2.000000 
-413.340210 407.072205 -99.861000 2.000000 
-413.686798 407.622192 -100.055702 2.000000 
-413.138092 408.054596 -100.282799 2.000000 
-413.225403 408.960602 -100.664497 2.000000 
-413.160797 409.025299 -100.586899 2.000000 
-413.347412 409.246185 -100.784897 2.000000 
-413.300507 409.980286 -101.054802 2.000000 
-413.432800 410.570496 -101.239998 2.000000 
-413.233398 411.166199 -101.438797 2.000000 
-413.418396 411.325104 -101.454201 2.000000 
-413.637787 412.191895 -101.865601 2.000000 
-413.491211 412.918488 -102.183601 2.000000 
-413.479401 413.423706 -102.324799 2.000000 
-413.230713 413.442902 -102.350601 2.000000 
-413.478607 414.095215 -102.557404 2.000000 
-413.503601 414.778687 -102.796600 2.000000 
-413.238098 414.960602 -102.852699 2.000000 
-413.404114 415.851898 -103.271103 2.000000 
-413.170013 416.323395 -103.364700 2.000000 
-413.290405 416.685608 -103.490097 2.000000 
-413.535095 417.302094 -103.856499 2.000000 
-413.222992 417.720795 -103.882103 2.000000 
-413.135803 428.455902 -107.978500 2.000000 
-413.374786 428.930206 -108.175697 2.000000 
-413.355103 429.546814 -108.424301 2.000000 
-413.467285 429.851990 -108.600197 2.000000 
-413.264404 430.633606 -108.841202 2.000000 
-413.425812 430.880310 -108.859497 2.000000 
-413.350800 431.744904 -109.171600 2.000000 
-413.386810 431.993713 -109.305000 2.000000 
-413.601196 432.468994 -109.586700 2.000000 
-413.494293 432.801392 -109.675301 2.000000 
-413.430603 433.402802 -109.859703 2.000000 
-413.690399 434.295013 -110.183502 2.000000 
-413.065796 434.380707 -110.191002 2.000000 
-413.472595 435.240906 -110.561996 2.000000 
-413.447693 435.586914 -110.623299 2.000000 
-413.284912 436.101288 -110.846001 2.000000 
-413.392212 436.805908 -111.151901 2.000000 
-413.110199 436.845612 -111.086403 2.000000 
-413.622009 437.465912 -111.378197 2.000000 
-413.672699 438.021515 -111.614502 2.000000 
-413.374786 438.734009 -111.862297 2.000000 
-413.352997 439.082489 -111.949501 2.000000 
-412.615204 366.767090 -84.260902 2.000000 
-412.871185 367.406708 -84.500397 2.000000 
-412.621613 367.916412 -84.695801 2.000000 
-412.774689 368.533112 -84.941002 2.000000 
-412.642700 368.708496 -84.916901 2.000000 
-412.882690 369.246307 -85.257797 2.000000 
-412.821899 369.983704 -85.508301 2.000000 
-413.213501 370.301514 -85.592201 2.000000 
-412.753296 371.064514 -85.813904 2.000000 
-412.946503 371.351501 -85.995903 2.000000 
-412.958893 372.112701 -86.249397 2.000000 
-413.142090 372.062592 -86.366699 2.000000 
-412.922699 373.095490 -86.648102 2.000000 
-412.636810 373.180389 -86.759903 2.000000 
-413.038513 374.124786 -87.032303 2.000000 
-413.222107 374.269104 -87.181099 2.000000 
-412.787201 374.980103 -87.455299 2.000000 
-412.840698 375.394287 -87.649597 2.000000 
-413.077911 375.955200 -87.779900 2.000000 
-413.046387 376.784912 -88.099998 2.000000 
-413.192505 376.906799 -88.269600 2.000000 
-412.634399 377.827606 -88.471603 2.000000 
-412.943207 378.228790 -88.757599 2.000000 
-412.798798 378.344696 -88.661598 2.000000 
-412.776886 378.920807 -88.889900 2.000000 
-412.923309 379.531403 -89.217598 2.000000 
-412.787415 380.077698 -89.436203 2.000000 
-412.592590 380.523804 -89.611603 2.000000 
-412.735687 380.998993 -89.740402 2.000000 
-412.710297 381.536987 -89.913200 2.000000 
-412.681488 382.315399 -90.336800 2.000000 
-412.628815 382.239594 -90.294899 2.000000 
-412.604187 382.980103 -90.533997 2.000000 
-412.878693 383.727203 -90.779503 2.000000 
-412.976196 383.997406 -90.985199 2.000000 
-412.684204 384.693390 -91.224998 2.000000 
-412.726288 384.912109 -91.344704 2.000000 
-412.970612 385.546295 -91.583000 2.000000 
-412.542603 386.083496 -91.663101 2.000000 
-413.005005 387.113190 -92.136200 2.000000 
-413.246704 387.013092 -92.178101 2.000000 
-412.925690 387.756287 -92.394501 2.000000 
-412.756805 388.208496 -92.577698 2.000000 
-412.918213 388.670685 -92.772102 2.000000 
-413.206604 389.105804 -92.915901 2.000000 
-413.079590 389.586792 -93.083504 2.000000 
-412.787689 390.340515 -93.436501 2.000000 
-412.925995 390.806885 -93.604202 2.000000 
-412.619812 391.443298 -93.800903 2.000000 
-412.853485 391.951111 -93.970703 2.000000 
-413.058807 392.160095 -94.099602 2.000000 
-412.772705 392.794403 -94.284897 2.000000 
-412.793396 393.651886 -94.650002 2.000000 
-412.903687 393.983795 -94.817101 2.000000 
-412.725189 394.522095 -95.035202 2.000000 
-412.794708 395.055389 -95.184502 2.000000 
-413.129700 395.154205 -95.315002 2.000000 
-412.999603 395.724304 -95.417198 2.000000 
-412.835999 396.273285 -95.692902 2.000000 
-412.869598 396.741089 -95.935898 2.000000 
-413.069885 397.351288 -96.119698 2.000000 
-412.494690 397.607086 -96.144997 2.000000 
-412.897614 398.618103 -96.549103 2.000000 
-412.699188 398.930695 -96.708900 2.000000 
-413.053009 399.527405 -96.951500 2.000000 
-413.129089 399.847290 -97.086700 2.000000 
-412.908112 400.516602 -97.369202 2.000000 
-413.147308 401.161896 -97.644798 2.000000 
-412.897705 401.593292 -97.815697 2.000000 
-413.076996 401.702209 -97.845299 2.000000 
-413.022003 402.638885 -98.147202 2.000000 
-412.814697 403.115814 -98.353798 2.000000 
-412.672485 403.619202 -98.458397 2.000000 
-413.280914 404.028290 -98.696800 2.000000 
-413.024109 404.424011 -98.839897 2.000000 
-413.021210 405.151703 -99.153099 2.000000 
-412.876709 405.264191 -99.097900 2.000000 
-413.062286 405.949097 -99.418098 2.000000 
-412.598511 406.562195 -99.564400 2.000000 
-413.044098 407.460114 -99.936401 2.000000 
-412.736298 407.773193 -100.082603 2.000000 
-412.934387 407.948090 -100.118599 2.000000 
-412.852997 408.706696 -100.439598 2.000000 
-412.743591 409.256195 -100.644302 2.000000 
-412.845886 409.649200 -100.843597 2.000000 
-412.964294 410.029999 -100.919197 2.000000 
-412.929108 410.798615 -101.236099 2.000000 
-412.583405 411.112396 -101.436699 2.000000 
-412.708496 411.348389 -101.453903 2.000000 
-412.915009 412.216888 -101.864998 2.000000 
-412.648102 412.600403 -101.938004 2.000000 
-413.063202 413.056213 -102.186096 2.000000 
-412.835510 413.515808 -102.370697 2.000000 
-412.916290 414.239410 -102.589302 2.000000 
-412.690399 414.827911 -102.802002 2.000000 
-413.037903 414.728485 -102.765999 2.000000 
-412.740509 415.490387 -103.032303 2.000000 
-413.004395 416.113007 -103.343597 2.000000 
-412.709808 416.413605 -103.450401 2.000000 
-412.836304 417.105591 -103.710503 2.000000 
-412.845612 417.581787 -103.833603 2.000000 
-413.041107 428.418701 -108.013298 2.000000 
-412.913391 428.472809 -107.962799 2.000000 
-412.889099 429.804291 -108.398102 2.000000 
-412.654785 430.143402 -108.522697 2.000000 
-412.467407 430.165009 -108.515602 2.000000 
-412.946899 431.065704 -108.918098 2.000000 
-412.807098 431.490601 -109.156601 2.000000 
-412.859406 431.632599 -109.115898 2.000000 
-412.830109 432.712311 -109.532402 2.000000 
-412.707306 433.081787 -109.741600 2.000000 
-412.821503 433.283997 -109.829697 2.000000 
-413.066101 434.280212 -110.224800 2.000000 
-412.850403 434.506714 -110.209396 2.000000 
-413.006500 435.083008 -110.460098 2.000000 
-412.842407 435.514801 -110.539497 2.000000 
-412.809998 436.407990 -110.937698 2.000000 
-412.993103 436.470398 -110.994598 2.000000 
-413.062500 437.191589 -111.205803 2.000000 
-412.926910 437.532806 -111.292603 2.000000 
-412.703186 438.188385 -111.520401 2.000000 
-412.996613 438.488708 -111.670197 2.000000 
-413.111511 439.029602 -111.986397 2.000000 
-412.623291 366.954895 -84.272202 2.000000 
-412.614807 367.322510 -84.359596 2.000000 
-412.600403 367.725403 -84.516800 2.000000 
-412.567505 368.260986 -84.729202 2.000000 
-412.497803 368.992615 -85.097099 2.000000 
-412.543701 369.719604 -85.376701 2.000000 
-412.401215 369.890503 -85.375504 2.000000 
-412.475189 370.225403 -85.519302 2.000000 
-412.386688 370.833588 -85.722801 2.000000 
-412.470795 371.697693 -86.104401 2.000000 
-412.459015 371.882599 -86.135201 2.000000 
-412.267914 372.478790 -86.327797 2.000000 
-412.542694 372.750305 -86.603600 2.000000 
-412.517212 373.667206 -86.952202 2.000000 
-412.135193 374.061798 -87.082100 2.000000 
-412.633514 374.433105 -87.167397 2.000000 
-412.363800 374.895996 -87.400398 2.000000 
-412.100189 375.747101 -87.732803 2.000000 
-412.227600 375.821198 -87.749397 2.000000 
-412.028015 376.222595 -87.858803 2.000000 
-412.328491 377.354797 -88.361603 2.000000 
-412.452301 377.434692 -88.320999 2.000000 
-412.238800 378.131409 -88.620003 2.000000 
-412.409698 378.606415 -88.773598 2.000000 
-412.101990 379.273193 -89.060699 2.000000 
-412.461395 379.506592 -89.102600 2.000000 
-412.437012 380.523712 -89.517197 2.000000 
-412.142700 380.445892 -89.520203 2.000000 
-412.521515 381.166107 -89.842796 2.000000 
-412.283691 381.623199 -90.003098 2.000000 
-412.634613 382.204498 -90.257103 2.000000 
-412.274292 382.600006 -90.413399 2.000000 
-412.433594 383.177002 -90.539001 2.000000 
-411.977203 383.563690 -90.741096 2.000000 
-412.177704 384.225006 -91.037399 2.000000 
-412.343994 384.598907 -91.065598 2.000000 
-412.388306 385.001801 -91.275002 2.000000 
-412.380890 385.650909 -91.592903 2.000000 
-412.145813 386.118103 -91.706001 2.000000 
-412.335510 386.492096 -91.909798 2.000000 
-412.676392 387.441101 -92.226402 2.000000 
-412.366913 387.748291 -92.295097 2.000000 
-412.184814 387.999512 -92.450500 2.000000 
-412.321014 388.784485 -92.726303 2.000000 
-412.025513 389.295502 -92.984596 2.000000 
-412.382111 389.563385 -93.123398 2.000000 
-412.682312 390.009308 -93.217499 2.000000 
-412.404785 390.729401 -93.496399 2.000000 
-412.164215 391.286499 -93.695602 2.000000 
-412.279999 391.865509 -93.928596 2.000000 
-412.325592 392.281006 -94.165298 2.000000 
-412.357605 392.836090 -94.313103 2.000000 
-412.566010 393.305206 -94.481903 2.000000 
-412.362610 393.976105 -94.760498 2.000000 
-412.620605 394.238800 -94.886101 2.000000 
-412.295593 394.726196 -95.090103 2.000000 
-412.429291 395.368103 -95.358101 2.000000 
-412.497192 395.780212 -95.412300 2.000000 
-412.425415 396.545898 -95.818497 2.000000 
-412.234100 396.927887 -95.862198 2.000000 
-412.431793 397.281494 -96.079399 2.000000 
-412.512207 397.992706 -96.339401 2.000000 
-412.140106 398.139191 -96.322403 2.000000 
-412.457489 398.876495 -96.729401 2.000000 
-412.744202 399.489807 -96.898903 2.000000 
-412.378998 399.735901 -97.048698 2.000000 
-412.320892 400.559509 -97.324501 2.000000 
-412.681396 400.709900 -97.460403 2.000000 
-412.692505 401.528900 -97.706398 2.000000 
-412.372192 401.747711 -97.795502 2.000000 
-412.290192 402.747986 -98.119003 2.000000 
-412.508301 402.952698 -98.220299 2.000000 
-412.248413 403.667694 -98.544998 2.000000 
-412.415894 403.944000 -98.580597 2.000000 
-412.331085 404.227112 -98.646301 2.000000 
-412.417908 404.896393 -99.043297 2.000000 
-412.096802 405.596100 -99.228302 2.000000 
-412.273590 406.090088 -99.465500 2.000000 
-412.057495 406.680298 -99.649101 2.000000 
-411.835114 407.012390 -99.735901 2.000000 
-412.360413 407.538391 -100.012199 2.000000 
-412.141388 408.284912 -100.286003 2.000000 
-412.121613 408.522491 -100.350601 2.000000 
-412.189087 408.835999 -100.500504 2.000000 
-412.295807 409.764404 -100.815102 2.000000 
-412.388794 410.333008 -100.989899 2.000000 
-412.415314 410.708496 -101.245598 2.000000 
-412.218994 411.167114 -101.414398 2.000000 
-412.459106 411.959015 -101.750900 2.000000 
-412.374786 411.953094 -101.612396 2.000000 
-412.209015 412.459900 -101.794800 2.000000 
-412.433014 413.285797 -102.157501 2.000000 
-412.365509 414.054596 -102.517799 2.000000 
-412.219696 413.998688 -102.399498 2.000000 
-412.425812 414.619690 -102.682098 2.000000 
-412.255890 415.423309 -102.963699 2.000000 
-412.376312 415.731293 -103.146400 2.000000 
-412.364899 416.527496 -103.371803 2.000000 
-412.497589 416.846893 -103.498802 2.000000 
-412.485413 417.206390 -103.698700 2.000000 
-412.420685 417.644714 -103.808701 2.000000 
-412.434113 428.841400 -108.091904 2.000000 
-412.356812 429.362915 -108.267197 2.000000 
-412.291504 430.164215 -108.490303 2.000000 
-412.074493 430.222198 -108.609001 2.000000 
-412.355011 431.177612 -108.875298 2.000000 
-412.298187 431.496796 -109.083099 2.000000 
-412.549011 431.685211 -109.174500 2.000000 
-412.340515 432.507812 -109.450302 2.000000 
-412.453094 432.902893 -109.619698 2.000000 
-412.520599 433.569489 -109.799599 2.000000 
-412.365112 434.072601 -110.054901 2.000000 
-412.325500 434.471191 -110.170502 2.000000 
-412.470886 435.133087 -110.480400 2.000000 
-412.288391 435.315796 -110.562202 2.000000 
-412.213013 436.243103 -110.828499 2.000000 
-412.161285 436.360809 -110.880096 2.000000 
-412.495087 437.388611 -111.326500 2.000000 
-412.625000 437.548615 -111.334602 2.000000 
-412.371796 438.064697 -111.567703 2.000000 
-412.673492 438.653992 -111.769600 2.000000 
-411.809296 366.928101 -84.224701 2.000000 
-412.021393 367.395111 -84.339699 2.000000 
-411.817108 367.742188 -84.582497 2.000000 
-412.007690 368.528687 -84.780403 2.000000 
-411.561005 368.839111 -84.904099 2.000000 
-412.060608 369.506012 -85.268799 2.000000 
-411.619110 370.071991 -85.381302 2.000000 
-411.803009 370.148193 -85.391296 2.000000 
-412.182892 370.914307 -85.740196 2.000000 
-411.889191 371.414307 -85.916702 2.000000 
-411.820709 371.855103 -86.159103 2.000000 
-411.592987 371.990204 -86.086700 2.000000 
-411.779297 373.264008 -86.668602 2.000000 
-412.074585 373.473999 -86.734299 2.000000 
-411.834595 374.025208 -86.936096 2.000000 
-411.637207 374.404510 -87.040802 2.000000 
-412.090698 375.206299 -87.488602 2.000000 
-411.594513 375.432892 -87.513199 2.000000 
-411.840912 375.802094 -87.738197 2.000000 
-411.901703 376.643799 -88.009697 2.000000 
-411.855713 377.109711 -88.135803 2.000000 
-411.731689 377.446899 -88.251900 2.000000 
-411.669312 377.864594 -88.440697 2.000000 
-412.118011 378.575012 -88.807503 2.000000 
-412.162201 378.985992 -88.885902 2.000000 
-411.920288 379.870300 -89.198502 2.000000 
-411.880798 380.245697 -89.470901 2.000000 
-411.915588 380.547302 -89.489799 2.000000 
-411.608612 381.319000 -89.810204 2.000000 
-411.661102 381.752106 -89.912697 2.000000 
-411.880402 382.215790 -90.203598 2.000000 
-411.815399 382.831299 -90.440002 2.000000 
-411.964813 383.040009 -90.427597 2.000000 
-411.949097 383.579987 -90.667000 2.000000 
-411.997803 384.379700 -91.080101 2.000000 
-411.790100 384.871094 -91.224701 2.000000 
-411.685913 385.436188 -91.342400 2.000000 
-412.079193 385.803497 -91.524696 2.000000 
-411.890289 386.263611 -91.801903 2.000000 
-412.114990 386.920593 -91.946404 2.000000 
-411.713287 387.302490 -92.111603 2.000000 
-411.647888 387.743591 -92.302902 2.000000 
-411.963287 388.361298 -92.494003 2.000000 
-412.139496 388.720703 -92.673302 2.000000 
-411.868011 389.241089 -92.834503 2.000000 
-411.981903 390.122406 -93.197601 2.000000 
-411.818909 390.583191 -93.382401 2.000000 
-411.903290 390.629395 -93.433197 2.000000 
-411.858704 391.111298 -93.681396 2.000000 
-411.656189 391.873108 -93.840698 2.000000 
-411.972687 392.397888 -94.145897 2.000000 
-411.988892 392.818115 -94.223701 2.000000 
-411.716187 393.627197 -94.587402 2.000000 
-411.889191 393.852295 -94.606400 2.000000 
-411.762787 394.361206 -94.804100 2.000000 
-411.589996 394.673706 -94.938797 2.000000 
-412.083496 395.457886 -95.341599 2.000000 
-411.992615 395.735291 -95.400803 2.000000 
-411.872009 396.090698 -95.500603 2.000000 
-411.723206 397.144989 -95.966904 2.000000 
-411.780792 397.563507 -96.128098 2.000000 
-411.669891 397.890686 -96.255302 2.000000 
-411.824707 398.282990 -96.365097 2.000000 
-411.849396 398.825287 -96.664703 2.000000 
-412.128601 399.078491 -96.700401 2.000000 
-412.001801 399.779510 -97.003601 2.000000 
-411.914490 400.419708 -97.271797 2.000000 
-411.784607 400.924591 -97.335999 2.000000 
-412.103790 401.356293 -97.570099 2.000000 
-411.835114 402.136902 -97.810402 2.000000 
-411.963196 402.644196 -98.126701 2.000000 
-411.736694 402.833801 -98.084602 2.000000 
-411.856903 403.743896 -98.479599 2.000000 
-411.613892 403.794189 -98.448502 2.000000 
-411.762085 404.461304 -98.713501 2.000000 
-412.002197 405.140106 -99.019699 2.000000 
-411.673492 405.319214 -99.123398 2.000000 
-412.032806 406.063110 -99.414803 2.000000 
-412.011688 406.670013 -99.642700 2.000000 
-411.801910 407.003204 -99.719498 2.000000 
-411.847198 407.611511 -99.990601 2.000000 
-412.289001 408.266113 -100.230301 2.000000 
-412.179413 408.688904 -100.416000 2.000000 
-411.802612 409.042999 -100.530998 2.000000 
-411.907410 409.716705 -100.825699 2.000000 
-411.790802 410.039795 -100.964996 2.000000 
-412.103302 410.579803 -101.197800 2.000000 
-411.854889 411.313904 -101.436501 2.000000 
-411.646606 411.435303 -101.460899 2.000000 
-411.792114 411.958313 -101.674599 2.000000 
-411.871796 412.433105 -101.866898 2.000000 
-411.431793 413.303406 -102.110397 2.000000 
-411.773804 413.756714 -102.293198 2.000000 
-411.722595 414.384308 -102.605003 2.000000 
-411.908905 414.274200 -102.452003 2.000000 
-411.845886 415.189911 -102.885902 2.000000 
-411.973511 415.743805 -103.113197 2.000000 
-411.960785 416.592010 -103.334396 2.000000 
-412.091492 416.661987 -103.439201 2.000000 
-411.668304 417.423492 -103.674202 2.000000 
-411.796295 417.608398 -103.777802 2.000000 
-411.902008 418.036285 -103.887901 2.000000 
-411.782410 429.126312 -108.166901 2.000000 
-411.967010 429.265686 -108.264397 2.000000 
-411.789886 430.123901 -108.458702 2.000000 
-411.763794 430.257690 -108.619003 2.000000 
-411.695007 430.944489 -108.766602 2.000000 
-411.727386 431.728302 -109.170799 2.000000 
-411.972595 431.644501 -109.146301 2.000000 
-412.176300 432.310913 -109.284500 2.000000 
-411.967590 433.091888 -109.578903 2.000000 
-412.050110 433.638092 -109.832397 2.000000 
-412.119598 434.163086 -110.038803 2.000000 
-411.684296 434.422211 -110.044098 2.000000 
-411.990387 434.746613 -110.276802 2.000000 
-411.988586 435.582611 -110.536301 2.000000 
-411.924103 435.876099 -110.677902 2.000000 
-412.001312 436.369598 -110.871300 2.000000 
-411.764191 436.961395 -111.020401 2.000000 
-411.865387 437.933014 -111.413696 2.000000 
-411.870300 438.040802 -111.506599 2.000000 
-411.908691 438.629303 -111.660797 2.000000 
-411.973114 439.060486 -111.834900 2.000000 
-411.155792 366.702393 -84.021103 2.000000 
-411.368805 366.836212 -84.125099 2.000000 
-411.269592 367.244995 -84.213203 2.000000 
-411.464691 368.142914 -84.613998 2.000000 
-411.243011 368.319794 -84.645599 2.000000 
-411.541412 369.084503 -84.958504 2.000000 
-411.545197 369.276794 -85.143303 2.000000 
-411.276093 370.101990 -85.389900 2.000000 
-411.252991 370.683014 -85.659103 2.000000 
-411.445404 371.162994 -85.855904 2.000000 
-411.321991 371.627289 -85.958199 2.000000 
-411.169586 372.117889 -86.205803 2.000000 
-411.383087 372.496490 -86.389503 2.000000 
-411.466400 372.931091 -86.589401 2.000000 
-411.477905 373.386414 -86.763603 2.000000 
-411.590912 374.187714 -87.051804 2.000000 
-411.296387 374.587799 -87.078201 2.000000 
-411.184906 374.953308 -87.345001 2.000000 
-411.537598 375.629395 -87.546097 2.000000 
-411.420288 376.219513 -87.789597 2.000000 
-411.305115 376.613190 -87.867798 2.000000 
-411.120789 377.100006 -88.127701 2.000000 
-411.270905 377.702911 -88.369698 2.000000 
-411.164398 378.137695 -88.465500 2.000000 
-411.454407 378.673889 -88.752602 2.000000 
-411.435913 378.990906 -88.904999 2.000000 
-411.370209 379.309692 -88.991798 2.000000 
-411.401398 380.249786 -89.344398 2.000000 
-411.298309 380.672394 -89.476997 2.000000 
-411.402405 380.944214 -89.670097 2.000000 
-411.165710 381.917603 -89.929604 2.000000 
-411.268311 381.912415 -90.018600 2.000000 
-411.565094 382.341705 -90.163597 2.000000 
-411.465393 383.067200 -90.531601 2.000000 
-411.396698 383.800415 -90.681000 2.000000 
-411.154510 384.102509 -90.908501 2.000000 
-410.967010 384.598999 -90.986198 2.000000 
-411.167511 384.781006 -91.081001 2.000000 
-411.196991 385.577393 -91.463997 2.000000 
-411.090088 386.085693 -91.679199 2.000000 
-411.203400 386.399109 -91.757301 2.000000 
-411.331787 387.321106 -92.106903 2.000000 
-411.195496 387.631195 -92.242401 2.000000 
-411.631805 388.438507 -92.610703 2.000000 
-411.561188 388.585388 -92.569099 2.000000 
-411.454987 389.460205 -92.914001 2.000000 
-411.123810 389.578705 -92.979500 2.000000 
-411.256500 390.535889 -93.306900 2.000000 
-411.406891 390.886292 -93.569504 2.000000 
-410.863098 391.395508 -93.709999 2.000000 
-411.568909 391.766205 -93.833199 2.000000 
-411.418610 392.005096 -93.916199 2.000000 
-411.571014 392.715912 -94.256203 2.000000 
-411.278412 393.604095 -94.542900 2.000000 
-411.395813 394.063690 -94.687103 2.000000 
-411.309113 394.073212 -94.676003 2.000000 
-411.478088 394.862000 -95.059898 2.000000 
-411.546112 395.336212 -95.221603 2.000000 
-411.184204 395.665314 -95.311203 2.000000 
-411.363190 396.579803 -95.665703 2.000000 
-411.334412 396.864807 -95.836098 2.000000 
-411.463501 397.106415 -95.870499 2.000000 
-411.343506 397.906494 -96.268997 2.000000 
-411.494812 398.603912 -96.442398 2.000000 
-411.225800 398.638306 -96.512604 2.000000 
-411.249390 399.196106 -96.628899 2.000000 
-411.370300 400.275909 -97.069504 2.000000 
-411.533295 400.423706 -97.175003 2.000000 
-411.298889 401.022308 -97.365402 2.000000 
-411.484894 401.308014 -97.592201 2.000000 
-411.341705 402.026489 -97.855103 2.000000 
-411.505096 402.185791 -97.860802 2.000000 
-411.200500 402.806793 -98.030998 2.000000 
-411.310608 403.783112 -98.450699 2.000000 
-411.420502 403.871704 -98.572800 2.000000 
-411.301392 404.494598 -98.726700 2.000000 
-411.365295 404.895508 -98.854301 2.000000 
-411.292114 405.604706 -99.200897 2.000000 
-411.301208 406.272888 -99.349800 2.000000 
-411.376892 406.667206 -99.519203 2.000000 
-411.498901 407.119995 -99.803299 2.000000 
-411.489502 407.822693 -99.966904 2.000000 
-411.648499 408.305298 -100.217697 2.000000 
-411.353210 408.645813 -100.343498 2.000000 
-411.442993 408.990387 -100.409401 2.000000 
-411.187897 409.344604 -100.563400 2.000000 
-411.218109 410.217896 -100.951897 2.000000 
-411.240906 410.560394 -101.090302 2.000000 
-411.529114 411.328796 -101.428200 2.000000 
-411.258514 411.277893 -101.254799 2.000000 
-411.259186 412.148193 -101.730400 2.000000 
-411.390106 412.860809 -101.899803 2.000000 
-411.462799 413.000488 -101.972900 2.000000 
-411.207001 413.456787 -102.209602 2.000000 
-411.530212 413.906097 -102.297501 2.000000 
-410.948395 414.598999 -102.639297 2.000000 
-411.056488 414.993103 -102.690300 2.000000 
-411.335999 415.794189 -103.020798 2.000000 
-411.273987 416.031403 -103.198303 2.000000 
-411.320312 416.679291 -103.403603 2.000000 
-411.327606 416.959106 -103.503998 2.000000 
-411.160400 418.064911 -103.833900 2.000000 
-411.430511 428.965393 -108.031898 2.000000 
-411.444214 429.332886 -108.248398 2.000000 
-411.467804 429.898987 -108.365303 2.000000 
-411.402313 430.485504 -108.623703 2.000000 
-411.372894 431.008301 -108.852600 2.000000 
-411.353607 431.376801 -108.928001 2.000000 
-411.596710 431.738312 -109.087700 2.000000 
-411.223114 432.524689 -109.374802 2.000000 
-411.308899 432.934204 -109.491699 2.000000 
-411.333893 433.865601 -109.870201 2.000000 
-411.315186 433.747711 -109.841202 2.000000 
-411.083099 434.610992 -110.087402 2.000000 
-411.186096 435.137787 -110.300201 2.000000 
-411.488312 435.495789 -110.555397 2.000000 
-411.295502 435.836487 -110.583801 2.000000 
-411.357513 436.738892 -110.993500 2.000000 
-411.481110 437.181305 -111.193298 2.000000 
-411.422302 437.610504 -111.310402 2.000000 
-411.099701 437.841187 -111.383904 2.000000 
-411.107910 438.690796 -111.629997 2.000000 
-410.648987 367.402405 -84.343399 2.000000 
-410.633606 367.891296 -84.520401 2.000000 
-410.487213 368.415009 -84.630402 2.000000 
-410.927002 368.814697 -84.834702 2.000000 
-410.425415 369.302002 -84.962898 2.000000 
-411.099487 370.083801 -85.421097 2.000000 
-410.721893 370.666107 -85.603401 2.000000 
-410.707306 370.853088 -85.617798 2.000000 
-411.001190 371.772400 -86.083397 2.000000 
-410.584686 372.087708 -86.125198 2.000000 
-410.970795 372.541504 -86.269798 2.000000 
-410.831299 373.043213 -86.457802 2.000000 
-410.868408 373.792908 -86.814003 2.000000 
-410.856689 374.051697 -86.971901 2.000000 
-411.180206 374.492310 -87.159599 2.000000 
-410.752106 375.096191 -87.292801 2.000000 
-410.799591 375.342590 -87.399300 2.000000 
-410.864990 376.286194 -87.807800 2.000000 
-410.973999 376.384399 -87.862503 2.000000 
-411.201813 376.933594 -88.088303 2.000000 
-410.873810 377.631409 -88.319702 2.000000 
-410.846100 377.961914 -88.407898 2.000000 
-410.879211 378.525208 -88.597000 2.000000 
-410.727692 378.805786 -88.750900 2.000000 
-410.903809 379.383209 -89.010201 2.000000 
-410.584900 379.925507 -89.238899 2.000000 
-410.652496 380.793701 -89.551003 2.000000 
-410.965607 381.164490 -89.652496 2.000000 
-410.862701 381.385712 -89.786102 2.000000 
-410.923096 382.019897 -90.075600 2.000000 
-410.828003 383.028687 -90.420601 2.000000 
-410.786591 382.972595 -90.432503 2.000000 
-410.942688 383.527710 -90.664001 2.000000 
-410.809998 384.099396 -90.829002 2.000000 
-411.053589 384.691986 -91.132103 2.000000 
-410.749695 385.216492 -91.243103 2.000000 
-410.691986 385.596893 -91.452599 2.000000 
-410.563507 385.849396 -91.444397 2.000000 
-410.623688 386.823303 -91.918999 2.000000 
-410.961090 387.123901 -91.982697 2.000000 
-410.785614 387.881805 -92.229301 2.000000 
-410.916901 388.696594 -92.538399 2.000000 
-410.493286 389.042114 -92.681297 2.000000 
-410.699005 389.228912 -92.731903 2.000000 
-410.693909 389.365814 -92.925400 2.000000 
-410.859100 390.184601 -93.179901 2.000000 
-410.827301 390.504791 -93.355797 2.000000 
-410.630890 391.054688 -93.467697 2.000000 
-410.705109 391.713501 -93.747704 2.000000 
-410.572998 392.142792 -93.862503 2.000000 
-410.972290 392.694000 -94.226700 2.000000 
-410.753906 393.454010 -94.375801 2.000000 
-410.756714 393.451813 -94.444702 2.000000 
-410.879089 394.397797 -94.844704 2.000000 
-411.194214 394.972900 -95.084198 2.000000 
-410.786804 395.650909 -95.240898 2.000000 
-410.775604 395.900085 -95.453903 2.000000 
-410.713104 396.201508 -95.551201 2.000000 
-411.037811 396.860992 -95.807198 2.000000 
-410.769409 397.615295 -96.050697 2.000000 
-411.114990 398.052094 -96.196899 2.000000 
-410.939392 398.574890 -96.408897 2.000000 
-410.993713 398.708801 -96.540398 2.000000 
-410.330688 398.929810 -96.470299 2.000000 
-410.733612 399.834991 -96.836899 2.000000 
-411.102905 400.189209 -97.020599 2.000000 
-410.602997 400.844696 -97.258301 2.000000 
-410.850098 401.648987 -97.643204 2.000000 
-410.883392 402.115295 -97.774696 2.000000 
-411.020294 402.243500 -97.879700 2.000000 
-410.755707 402.916290 -98.053299 2.000000 
-410.740997 403.542908 -98.314201 2.000000 
-410.528809 403.995087 -98.516998 2.000000 
-410.806488 404.431488 -98.721802 2.000000 
-411.217896 405.071106 -98.894501 2.000000 
-410.832306 405.698395 -99.178398 2.000000 
-410.622406 406.031799 -99.278801 2.000000 
-411.085510 406.701294 -99.522202 2.000000 
-410.748810 406.638794 -99.566299 2.000000 
-410.827209 407.472595 -99.864899 2.000000 
-410.880310 407.960907 -100.071602 2.000000 
-410.691315 408.214203 -100.073700 2.000000 
-410.933807 409.219086 -100.571701 2.000000 
-410.937500 409.681610 -100.625397 2.000000 
-411.041504 410.407715 -100.992302 2.000000 
-410.961304 411.077698 -101.265999 2.000000 
-410.789612 411.119904 -101.177902 2.000000 
-410.902100 412.096313 -101.565102 2.000000 
-410.853210 412.274689 -101.610497 2.000000 
-410.495789 412.617798 -101.806900 2.000000 
-410.919495 413.080811 -101.936401 2.000000 
-410.762909 413.905792 -102.285500 2.000000 
-410.796814 414.204987 -102.362099 2.000000 
-410.772308 414.964508 -102.737503 2.000000 
-411.319305 415.693390 -102.946999 2.000000 
-410.730286 415.809296 -103.032898 2.000000 
-411.013000 416.166809 -103.191101 2.000000 
-410.638306 416.818512 -103.453400 2.000000 
-410.897614 417.118988 -103.472702 2.000000 
-410.906189 417.619293 -103.749603 2.000000 
-410.856110 418.329315 -104.010300 2.000000 
-410.841492 428.825592 -107.939796 2.000000 
-411.106506 429.365112 -108.105598 2.000000 
-410.923615 430.202789 -108.468300 2.000000 
-410.721893 429.928589 -108.335899 2.000000 
-410.814392 430.871490 -108.641602 2.000000 
-410.760986 431.189209 -108.860802 2.000000 
-410.609711 431.775604 -109.035698 2.000000 
-410.950012 432.480103 -109.306801 2.000000 
-410.850708 432.914703 -109.476097 2.000000 
-410.699585 433.559906 -109.744904 2.000000 
-410.848206 433.937988 -109.883797 2.000000 
-411.009613 434.520996 -110.047798 2.000000 
-410.966492 434.617706 -110.124298 2.000000 
-411.125092 435.383301 -110.389297 2.000000 
-410.933594 436.135986 -110.665100 2.000000 
-410.881897 436.632812 -110.823898 2.000000 
-410.872498 436.982605 -110.948097 2.000000 
-410.770111 437.826508 -111.237999 2.000000 
-411.022888 437.813385 -111.263298 2.000000 
-410.894592 438.611511 -111.630402 2.000000 
-411.087494 438.816101 -111.707703 2.000000 
-410.390900 366.797302 -84.039497 2.000000 
-409.965698 367.293488 -84.265900 2.000000 
-410.550598 367.757111 -84.482002 2.000000 
-410.242188 368.306488 -84.613998 2.000000 
-410.334015 368.628113 -84.714699 2.000000 
-410.395905 369.460999 -85.094902 2.000000 
-410.314911 369.766510 -85.239799 2.000000 
-410.265106 370.346100 -85.427200 2.000000 
-410.098602 371.099487 -85.727097 2.000000 
-410.433105 371.187286 -85.769402 2.000000 
-410.717499 371.840607 -86.011398 2.000000 
-410.535492 372.469604 -86.216599 2.000000 
-410.415894 372.931885 -86.491898 2.000000 
-410.208191 373.368103 -86.657204 2.000000 
-410.103607 374.412994 -87.001198 2.000000 
-410.484100 374.577301 -87.120598 2.000000 
-410.586487 375.080109 -87.311401 2.000000 
-410.550690 375.542511 -87.428596 2.000000 
-410.110291 376.039886 -87.664101 2.000000 
-410.657501 376.781708 -88.024200 2.000000 
-410.556610 376.871094 -88.054398 2.000000 
-410.456390 377.519196 -88.257896 2.000000 
-410.470398 378.001099 -88.379799 2.000000 
-410.181091 378.837891 -88.790604 2.000000 
-410.226196 379.078400 -88.790100 2.000000 
-410.234985 379.586792 -89.046997 2.000000 
-410.507202 380.218903 -89.231003 2.000000 
-410.261292 380.622986 -89.406502 2.000000 
-410.214996 380.736115 -89.506500 2.000000 
-410.128601 381.974701 -89.911003 2.000000 
-410.385193 382.167694 -90.000504 2.000000 
-410.331207 382.646515 -90.165703 2.000000 
-410.587006 383.267487 -90.436401 2.000000 
-410.217896 383.574707 -90.573799 2.000000 
-410.258698 383.971405 -90.689201 2.000000 
-410.095490 384.276215 -90.876801 2.000000 
-410.297394 385.256195 -91.221901 2.000000 
-410.356110 385.584412 -91.299400 2.000000 
-410.286804 386.270386 -91.646301 2.000000 
-410.144592 386.687897 -91.774498 2.000000 
-410.447510 386.946503 -91.945099 2.000000 
-410.192108 387.910004 -92.255203 2.000000 
-410.388489 388.115997 -92.290497 2.000000 
-410.288788 388.492188 -92.434998 2.000000 
-410.349396 389.340912 -92.868698 2.000000 
-410.446899 389.816101 -93.047897 2.000000 
-410.328186 390.585114 -93.244202 2.000000 
-410.106506 390.865112 -93.430298 2.000000 
-410.438293 391.514099 -93.697197 2.000000 
-410.562408 392.036285 -93.890297 2.000000 
-410.378601 392.615692 -94.064499 2.000000 
-410.354004 392.471008 -94.084099 2.000000 
-410.313507 393.710510 -94.502899 2.000000 
-410.580505 393.818909 -94.572502 2.000000 
-410.189209 394.266602 -94.744003 2.000000 
-410.044891 394.755798 -94.845299 2.000000 
-410.293915 395.226410 -95.040901 2.000000 
-410.308594 395.776215 -95.371201 2.000000 
-410.285309 396.612915 -95.632401 2.000000 
-410.534790 396.566589 -95.674004 2.000000 
-410.143585 397.235199 -95.823502 2.000000 
-410.569305 397.804199 -96.117599 2.000000 
-410.486603 398.316315 -96.249001 2.000000 
-410.415802 399.195007 -96.625000 2.000000 
-410.340607 399.391113 -96.681602 2.000000 
-410.238892 399.950500 -96.949402 2.000000 
-410.177490 400.254303 -97.050400 2.000000 
-410.322998 401.109406 -97.337402 2.000000 
-410.644196 401.489288 -97.526901 2.000000 
-410.621002 402.223206 -97.863899 2.000000 
-410.242401 402.569611 -97.919899 2.000000 
-410.466492 403.287689 -98.275398 2.000000 
-410.566986 403.282806 -98.172096 2.000000 
-410.213806 403.882385 -98.368599 2.000000 
-410.257690 404.432800 -98.645103 2.000000 
-410.320312 405.062500 -98.889702 2.000000 
-410.363800 405.494904 -99.107002 2.000000 
-410.211609 406.350494 -99.321198 2.000000 
-410.109314 406.790100 -99.514099 2.000000 
-410.080200 406.954193 -99.629097 2.000000 
-410.363586 407.513885 -99.856003 2.000000 
-410.362488 407.626495 -99.854202 2.000000 
-410.126801 408.511414 -100.241898 2.000000 
-410.017914 408.925812 -100.319099 2.000000 
-410.257599 409.501007 -100.580498 2.000000 
-410.231293 410.216614 -100.893204 2.000000 
-410.507294 410.708801 -101.031502 2.000000 
-410.306885 410.755615 -101.081299 2.000000 
-410.235107 411.451813 -101.349098 2.000000 
-410.645599 412.266693 -101.678398 2.000000 
-410.354797 412.614502 -101.796997 2.000000 
-410.152191 413.254608 -101.967598 2.000000 
-410.463806 413.601410 -102.079002 2.000000 
-410.263611 414.396606 -102.497200 2.000000 
-410.239899 414.781891 -102.516296 2.000000 
-410.301788 415.154510 -102.759201 2.000000 
-410.411713 415.550903 -102.938301 2.000000 
-410.214294 416.196991 -103.164101 2.000000 
-410.488800 416.715912 -103.318497 2.000000 
-410.355103 417.113190 -103.474701 2.000000 
-410.208099 417.670288 -103.673897 2.000000 
-410.287292 418.289490 -103.873199 2.000000 
-410.168915 418.697113 -104.020699 2.000000 
-410.089600 427.459808 -107.342796 2.000000 
-410.373108 427.899811 -107.547798 2.000000 
-410.655212 428.121490 -107.700798 2.000000 
-410.538391 429.088806 -108.062302 2.000000 
-410.420898 429.488007 -108.168098 2.000000 
-410.125885 429.775513 -108.211601 2.000000 
-410.108795 430.473907 -108.540802 2.000000 
-410.524414 430.881287 -108.764503 2.000000 
-410.352997 431.566498 -108.960999 2.000000 
-410.460907 431.827515 -109.102402 2.000000 
-410.194305 432.414307 -109.169296 2.000000 
-410.540314 432.836212 -109.410202 2.000000 
-410.024811 433.774597 -109.766800 2.000000 
-410.421997 433.963409 -109.780998 2.000000 
-410.372498 434.569885 -109.996002 2.000000 
-410.262207 435.248291 -110.264000 2.000000 
-410.405792 435.410706 -110.302101 2.000000 
-410.326111 436.094391 -110.576599 2.000000 
-410.216003 436.554688 -110.730400 2.000000 
-410.377808 437.290894 -111.072403 2.000000 
-410.289001 437.633392 -111.189400 2.000000 
-410.224487 437.901489 -111.328796 2.000000 
-410.469604 438.739105 -111.647797 2.000000 
-409.533295 367.095306 -84.132797 2.000000 
-409.932800 367.347107 -84.138298 2.000000 
-409.827301 367.672607 -84.323097 2.000000 
-409.816895 367.957489 -84.402397 2.000000 
-409.684906 368.815887 -84.698601 2.000000 
-410.020813 369.285492 -84.973503 2.000000 
-409.675507 369.878998 -85.205704 2.000000 
-409.883087 370.315308 -85.366302 2.000000 
-409.657501 370.885895 -85.587097 2.000000 
-409.627106 371.468292 -85.764603 2.000000 
-410.015411 372.212006 -86.147697 2.000000 
-409.776215 372.678101 -86.226601 2.000000 
-409.781586 373.200104 -86.476097 2.000000 
-410.015991 373.470398 -86.570099 2.000000 
-410.046295 374.204407 -86.925400 2.000000 
-409.946411 374.438202 -86.986603 2.000000 
-410.135498 374.754608 -87.192497 2.000000 
-409.710602 375.605896 -87.414200 2.000000 
-409.700806 375.841095 -87.499397 2.000000 
-410.071594 376.689087 -87.811203 2.000000 
-409.734802 376.902313 -87.950897 2.000000 
-409.737701 377.581390 -88.141502 2.000000 
-410.124512 377.975708 -88.335197 2.000000 
-409.869995 378.760010 -88.606697 2.000000 
-410.022705 379.023712 -88.843399 2.000000 
-409.549500 379.491089 -88.997101 2.000000 
-409.719391 380.064209 -89.122002 2.000000 
-409.680695 380.578491 -89.393997 2.000000 
-409.828094 381.205109 -89.633400 2.000000 
-409.791992 381.631287 -89.802101 2.000000 
-409.575012 382.173004 -89.928902 2.000000 
-409.914307 382.584290 -90.210701 2.000000 
-409.945190 383.222504 -90.461800 2.000000 
-410.221191 383.681885 -90.668900 2.000000 
-409.710602 384.154907 -90.740700 2.000000 
-409.707794 384.515015 -90.953598 2.000000 
-409.797211 385.376007 -91.209000 2.000000 
-409.951385 385.523010 -91.238197 2.000000 
-409.893707 386.219513 -91.543602 2.000000 
-409.606110 386.831207 -91.811302 2.000000 
-409.836395 387.151611 -91.959602 2.000000 
-409.740112 387.555603 -92.127602 2.000000 
-409.869385 388.246399 -92.399597 2.000000 
-409.587097 389.006989 -92.600899 2.000000 
-409.500397 389.369385 -92.804001 2.000000 
-409.791595 389.903687 -93.044701 2.000000 
-409.673401 390.691101 -93.233398 2.000000 
-409.860413 390.745514 -93.281303 2.000000 
-410.030609 391.115387 -93.520203 2.000000 
-410.064209 391.968109 -93.809898 2.000000 
-409.463715 392.220093 -93.913902 2.000000 
-410.030609 392.643494 -94.006897 2.000000 
-409.984802 393.253510 -94.264900 2.000000 
-409.857697 393.713287 -94.510201 2.000000 
-410.015289 394.027100 -94.611603 2.000000 
-409.955505 394.748901 -94.821297 2.000000 
-409.858307 395.149994 -95.090401 2.000000 
-409.721100 396.016388 -95.297302 2.000000 
-409.720886 396.409790 -95.522499 2.000000 
-409.979492 396.854889 -95.633202 2.000000 
-409.730286 397.369293 -95.939499 2.000000 
-409.622986 397.986298 -96.084396 2.000000 
-410.010010 398.304810 -96.278198 2.000000 
-409.612213 398.558594 -96.317200 2.000000 
-409.752502 399.220001 -96.536697 2.000000 
-409.856293 399.951813 -96.823601 2.000000 
-409.909912 400.437500 -97.132500 2.000000 
-409.735809 400.736389 -97.124298 2.000000 
-409.527710 401.380310 -97.405502 2.000000 
-409.651703 401.913696 -97.555099 2.000000 
-409.927887 402.553497 -97.864098 2.000000 
-409.919403 403.269714 -98.134201 2.000000 
-409.615204 403.710205 -98.263397 2.000000 
-409.710785 403.874695 -98.312500 2.000000 
-410.049713 404.411591 -98.617401 2.000000 
-409.878815 405.061493 -98.874603 2.000000 
-409.793701 405.674805 -99.075302 2.000000 
-410.076691 406.195587 -99.322701 2.000000 
-409.857391 406.753693 -99.488197 2.000000 
-409.833313 406.694885 -99.406197 2.000000 
-409.921814 407.295105 -99.700104 2.000000 
-409.654999 408.168915 -99.984001 2.000000 
-410.170105 408.494598 -100.167397 2.000000 
-409.977997 409.066895 -100.385300 2.000000 
-409.895813 409.538086 -100.613701 2.000000 
-409.763885 410.193604 -100.803398 2.000000 
-409.837006 410.686188 -100.941498 2.000000 
-409.972107 410.996490 -101.070000 2.000000 
-409.924011 411.346893 -101.296402 2.000000 
-409.474609 412.019714 -101.514000 2.000000 
-409.936493 412.885712 -101.762497 2.000000 
-409.655792 412.982391 -101.919197 2.000000 
-409.651489 413.572296 -102.042801 2.000000 
-409.900696 414.274597 -102.426102 2.000000 
-409.840302 414.678589 -102.518097 2.000000 
-409.947601 415.310608 -102.829498 2.000000 
-409.731598 415.868011 -102.973396 2.000000 
-409.373108 416.223297 -103.109497 2.000000 
-409.539307 416.591187 -103.193001 2.000000 
-409.876587 417.199402 -103.450401 2.000000 
-409.979187 417.722412 -103.637497 2.000000 
-409.952301 418.030487 -103.772903 2.000000 
-410.034485 418.479492 -103.931503 2.000000 
-409.705902 425.216095 -106.486603 2.000000 
-409.924896 425.539795 -106.693298 2.000000 
-409.929901 426.607513 -106.990799 2.000000 
-409.595703 426.695312 -107.093102 2.000000 
-409.675293 427.235413 -107.317497 2.000000 
-409.759705 427.780914 -107.520798 2.000000 
-409.402313 427.949097 -107.535896 2.000000 
-409.828400 428.887207 -107.897499 2.000000 
-409.855499 429.782013 -108.155098 2.000000 
-409.856110 430.149200 -108.299500 2.000000 
-409.782196 430.759888 -108.651001 2.000000 
-409.433197 430.744690 -108.569504 2.000000 
-409.711090 431.239807 -108.820900 2.000000 
-409.840790 431.966797 -108.987396 2.000000 
-409.839294 432.521301 -109.258598 2.000000 
-409.811615 432.754913 -109.328499 2.000000 
-409.615692 433.304108 -109.455002 2.000000 
-409.797089 433.911499 -109.810600 2.000000 
-409.915497 434.816803 -110.090401 2.000000 
-409.651886 435.186005 -110.284103 2.000000 
-409.836090 435.567596 -110.393501 2.000000 
-409.686401 435.906403 -110.560402 2.000000 
-410.236603 436.651489 -110.875198 2.000000 
-409.976715 436.870605 -110.945503 2.000000 
-409.982697 436.999908 -110.991203 2.000000 
-409.776093 437.934692 -111.208900 2.000000 
-409.888306 438.456085 -111.460701 2.000000 
-409.003113 366.930786 -83.906303 2.000000 
-409.150299 367.126587 -84.118797 2.000000 
-409.576111 367.649597 -84.228401 2.000000 
-409.454803 368.437500 -84.638397 2.000000 
-409.380096 368.870514 -84.793602 2.000000 
-409.710693 369.464600 -85.021400 2.000000 
-409.270508 370.146393 -85.247299 2.000000 
-409.413086 370.213287 -85.361702 2.000000 
-409.364807 371.207703 -85.708900 2.000000 
-409.281189 371.588287 -85.803596 2.000000 
-409.041992 371.951385 -85.938301 2.000000 
-409.118011 372.324005 -86.032700 2.000000 
-409.067291 373.284088 -86.478996 2.000000 
-409.282196 373.526215 -86.602898 2.000000 
-409.151489 374.249512 -86.865700 2.000000 
-409.171387 374.409485 -86.855797 2.000000 
-409.059204 375.027100 -87.167999 2.000000 
-409.192291 375.398285 -87.369904 2.000000 
-409.501099 375.816315 -87.459396 2.000000 
-409.366791 376.465393 -87.759598 2.000000 
-408.971100 376.946808 -87.816498 2.000000 
-409.259705 377.662415 -88.229103 2.000000 
-409.459290 378.148804 -88.337700 2.000000 
-409.585205 378.579590 -88.642700 2.000000 
-409.338501 379.201294 -88.728302 2.000000 
-409.426788 379.295013 -88.792503 2.000000 
-409.313202 380.171997 -89.127701 2.000000 
-409.303711 380.589600 -89.347504 2.000000 
-409.378510 381.029785 -89.444504 2.000000 
-409.256592 381.493500 -89.690201 2.000000 
-409.320099 382.048706 -89.916000 2.000000 
-409.147888 382.596405 -90.148697 2.000000 
-409.134003 383.235291 -90.350700 2.000000 
-409.470612 383.983704 -90.737099 2.000000 
-409.257507 383.895813 -90.543900 2.000000 
-409.449890 384.803802 -91.038902 2.000000 
-409.115814 385.426392 -91.132797 2.000000 
-409.390015 385.435608 -91.260399 2.000000 
-409.371185 386.325012 -91.612396 2.000000 
-409.357086 386.838806 -91.790001 2.000000 
-408.972198 386.977386 -91.763199 2.000000 
-409.366089 387.487915 -92.088799 2.000000 
-409.468903 388.047089 -92.195999 2.000000 
-409.404999 388.872009 -92.524803 2.000000 
-409.331390 389.294403 -92.740601 2.000000 
-409.242004 389.821289 -92.985397 2.000000 
-409.349487 390.015808 -93.071404 2.000000 
-408.928497 390.633392 -93.257004 2.000000 
-409.224609 391.054596 -93.371201 2.000000 
-409.303986 391.782593 -93.699600 2.000000 
-409.073090 392.313904 -93.886803 2.000000 
-409.245209 392.691315 -93.973000 2.000000 
-409.106201 393.230499 -94.245102 2.000000 
-409.045502 393.694611 -94.361198 2.000000 
-409.171692 394.384705 -94.616898 2.000000 
-409.222107 394.972595 -94.924202 2.000000 
-409.380493 395.452789 -95.050797 2.000000 
-409.371887 395.876892 -95.263603 2.000000 
-408.939209 396.280701 -95.352501 2.000000 
-409.278992 396.853302 -95.629799 2.000000 
-409.474609 396.815399 -95.599403 2.000000 
-409.213715 397.894196 -96.000504 2.000000 
-409.645111 398.533905 -96.312599 2.000000 
-409.340698 398.890900 -96.380600 2.000000 
-409.200287 399.662811 -96.680000 2.000000 
-409.262085 399.941010 -96.867302 2.000000 
-409.305695 400.366486 -96.949402 2.000000 
-409.359100 401.134613 -97.363197 2.000000 
-409.542908 401.251495 -97.361000 2.000000 
-409.264008 402.101013 -97.599197 2.000000 
-409.425110 402.252991 -97.800598 2.000000 
-409.369904 403.031311 -98.053101 2.000000 
-409.309998 403.751587 -98.289101 2.000000 
-409.655212 404.056488 -98.370399 2.000000 
-409.279907 404.452515 -98.568901 2.000000 
-409.367889 404.902191 -98.759598 2.000000 
-409.333710 405.471100 -98.956398 2.000000 
-409.394897 405.785614 -99.066704 2.000000 
-409.664398 406.587402 -99.385101 2.000000 
-409.335510 407.331696 -99.690903 2.000000 
-409.469208 407.786896 -99.844498 2.000000 
-409.057495 408.268005 -100.040199 2.000000 
-409.354889 408.458801 -100.131302 2.000000 
-409.225006 408.931885 -100.345802 2.000000 
-409.481293 409.535706 -100.458900 2.000000 
-409.209503 410.296692 -100.855797 2.000000 
-409.600494 410.523407 -100.860100 2.000000 
-409.248810 411.192688 -101.175400 2.000000 
-409.160187 411.564209 -101.298599 2.000000 
-409.101013 411.990601 -101.497498 2.000000 
-409.509186 412.856415 -101.742401 2.000000 
-409.398590 413.261414 -101.998497 2.000000 
-409.624786 413.972900 -102.296898 2.000000 
-409.425110 413.961304 -102.137001 2.000000 
-409.296295 414.609192 -102.420197 2.000000 
-409.522614 415.183899 -102.623703 2.000000 
-409.139587 415.832397 -102.852798 2.000000 
-409.113007 415.892914 -102.848396 2.000000 
-409.328094 416.669586 -103.292603 2.000000 
-409.366211 417.141113 -103.367699 2.000000 
-409.477203 417.625214 -103.543098 2.000000 
-409.196106 418.213501 -103.817001 2.000000 
-409.055298 418.736786 -103.959602 2.000000 
-408.955414 423.354401 -105.696297 2.000000 
-409.368713 424.512512 -106.246902 2.000000 
-409.181000 424.937012 -106.333000 2.000000 
-409.464294 425.397614 -106.599503 2.000000 
-409.595795 426.101105 -106.835602 2.000000 
-409.414398 426.432495 -106.944901 2.000000 
-409.557312 426.756500 -107.059601 2.000000 
-409.093506 427.668793 -107.297096 2.000000 
-409.487091 427.960602 -107.580101 2.000000 
-409.308014 428.511292 -107.635696 2.000000 
-409.066010 428.996399 -107.854301 2.000000 
-409.220398 429.653290 -108.121201 2.000000 
-409.336212 429.629700 -108.193901 2.000000 
-409.383209 430.404999 -108.462601 2.000000 
-409.464691 430.970886 -108.631500 2.000000 
-409.142395 431.682190 -108.830002 2.000000 
-409.265198 432.116486 -109.106697 2.000000 
-409.337402 432.516693 -109.176003 2.000000 
-409.202789 432.534210 -109.279701 2.000000 
-409.355408 433.494385 -109.586800 2.000000 
-409.322998 434.039398 -109.780197 2.000000 
-409.160492 434.418488 -109.957100 2.000000 
-409.247711 435.044495 -110.130699 2.000000 
-409.223602 435.374603 -110.334099 2.000000 
-409.240112 436.101410 -110.585899 2.000000 
-409.457794 436.619812 -110.707497 2.000000 
-409.222992 436.792206 -110.743103 2.000000 
-409.079803 437.386200 -111.003799 2.000000 
-409.406494 437.907288 -111.294502 2.000000 
-408.820587 366.722595 -83.901001 2.000000 
-408.490295 367.564911 -84.233902 2.000000 
-408.852509 367.939209 -84.335503 2.000000 
-408.891602 368.265503 -84.448700 2.000000 
-408.688385 368.929291 -84.672897 2.000000 
-408.554504 368.899292 -84.691704 2.000000 
-408.717590 369.809113 -85.009003 2.000000 
-408.723999 370.557709 -85.443398 2.000000 
-408.796509 370.962891 -85.484596 2.000000 
-408.881592 371.679108 -85.828003 2.000000 
-408.506989 371.889893 -85.892502 2.000000 
-408.973694 372.481995 -86.183502 2.000000 
-408.691101 372.911011 -86.306297 2.000000 
-408.649109 373.475586 -86.466499 2.000000 
-408.928986 373.724792 -86.583000 2.000000 
-408.717102 374.397400 -86.946098 2.000000 
-408.781708 375.089905 -87.160103 2.000000 
-408.899109 375.679413 -87.338501 2.000000 
-408.718994 376.338593 -87.672302 2.000000 
-408.718994 376.653992 -87.781799 2.000000 
-408.687500 377.065796 -87.864899 2.000000 
-408.860199 377.562592 -88.093597 2.000000 
-408.711700 378.091705 -88.258102 2.000000 
-408.772308 378.776093 -88.534302 2.000000 
-408.825989 378.861206 -88.625702 2.000000 
-408.845093 379.392303 -88.897797 2.000000 
-408.575989 380.318604 -89.205200 2.000000 
-408.556213 380.505493 -89.186699 2.000000 
-408.900513 381.067413 -89.551300 2.000000 
-408.495697 381.928101 -89.802101 2.000000 
-408.597687 382.503510 -90.043198 2.000000 
-409.114899 382.580994 -90.078102 2.000000 
-409.129089 383.240601 -90.375603 2.000000 
-408.977112 383.566589 -90.440903 2.000000 
-408.687286 384.299408 -90.767998 2.000000 
-408.623810 384.607910 -90.871803 2.000000 
-408.762512 385.283295 -91.074799 2.000000 
-408.625305 385.506195 -91.251404 2.000000 
-408.848785 386.134308 -91.402603 2.000000 
-408.677307 386.924805 -91.746803 2.000000 
-408.681000 387.001495 -91.735001 2.000000 
-408.672089 387.722595 -92.128700 2.000000 
-408.991699 388.070587 -92.187897 2.000000 
-408.690094 389.003815 -92.608398 2.000000 
-408.885986 389.216309 -92.690201 2.000000 
-408.947998 389.800201 -92.883698 2.000000 
-409.126801 390.360687 -93.059700 2.000000 
-408.742706 391.012512 -93.317802 2.000000 
-408.680695 391.083496 -93.424202 2.000000 
-408.668701 391.931488 -93.728600 2.000000 
-408.856415 392.447113 -93.972198 2.000000 
-408.761810 392.867310 -94.116096 2.000000 
-409.023407 393.287598 -94.184998 2.000000 
-408.534698 393.629791 -94.381104 2.000000 
-408.768494 394.244904 -94.607300 2.000000 
-408.640503 394.628387 -94.689499 2.000000 
-408.670013 395.558014 -95.032097 2.000000 
-409.068909 395.953094 -95.198997 2.000000 
-408.482300 396.512512 -95.480797 2.000000 
-408.966614 396.920105 -95.595200 2.000000 
-408.945801 397.438293 -95.813599 2.000000 
-408.711487 397.672485 -95.856598 2.000000 
-408.626099 398.076385 -96.011101 2.000000 
-408.538391 398.633698 -96.242302 2.000000 
-408.950409 399.211212 -96.580002 2.000000 
-408.586914 399.982697 -96.815804 2.000000 
-409.077698 400.037415 -96.843803 2.000000 
-408.571991 400.810089 -97.137703 2.000000 
-408.464996 401.528412 -97.369202 2.000000 
-408.670593 401.959503 -97.488602 2.000000 
-408.901886 402.483093 -97.823502 2.000000 
-408.850311 403.037598 -97.996300 2.000000 
-408.843292 403.523804 -98.156601 2.000000 
-408.663605 404.225311 -98.436096 2.000000 
-409.029999 404.635986 -98.607803 2.000000 
-409.053192 405.336792 -98.903503 2.000000 
-408.461487 405.483002 -98.892700 2.000000 
-409.007202 405.892609 -99.020699 2.000000 
-408.711212 406.770508 -99.470802 2.000000 
-408.660095 406.866302 -99.386200 2.000000 
-408.891296 407.611115 -99.687798 2.000000 
-408.735504 407.958801 -99.808998 2.000000 
-408.751587 408.450012 -100.064697 2.000000 
-408.776611 408.956207 -100.301598 2.000000 
-408.872498 409.744293 -100.541801 2.000000 
-408.829895 410.314392 -100.706703 2.000000 
-408.763885 410.627899 -100.820503 2.000000 
-408.986603 411.082306 -101.065804 2.000000 
-408.529205 411.502197 -101.246101 2.000000 
-408.729797 411.979187 -101.439102 2.000000 
-408.963715 412.576904 -101.577301 2.000000 
-408.677399 413.144409 -101.772797 2.000000 
-408.946411 413.627289 -101.986900 2.000000 
-408.792603 413.879913 -102.152199 2.000000 
-408.775604 414.778503 -102.403000 2.000000 
-408.846893 415.200104 -102.681099 2.000000 
-408.902710 415.808411 -102.827904 2.000000 
-409.132690 416.173187 -103.075203 2.000000 
-408.819000 416.502197 -103.171402 2.000000 
-408.971802 417.180603 -103.371201 2.000000 
-408.576508 417.746185 -103.510597 2.000000 
-408.666809 418.022797 -103.734398 2.000000 
-408.783600 418.900787 -104.040497 2.000000 
-408.751312 422.046509 -105.243500 2.000000 
-408.640289 422.627106 -105.395500 2.000000 
-408.836700 422.961304 -105.531197 2.000000 
-408.845215 423.192993 -105.636803 2.000000 
-408.666992 423.869110 -105.923203 2.000000 
-408.904694 424.253113 -106.113998 2.000000 
-408.580200 425.111206 -106.304703 2.000000 
-408.903900 425.600708 -106.615700 2.000000 
-408.861298 425.946503 -106.682098 2.000000 
-409.078094 426.317688 -106.856697 2.000000 
-408.933594 426.930908 -107.084198 2.000000 
-408.672607 427.314209 -107.166901 2.000000 
-408.671692 427.997711 -107.485298 2.000000 
-408.916595 428.622101 -107.742104 2.000000 
-408.577698 428.564789 -107.623199 2.000000 
-408.758301 429.529297 -108.080704 2.000000 
-408.831207 429.954803 -108.214302 2.000000 
-408.776001 430.314911 -108.388199 2.000000 
-409.104309 430.977905 -108.607903 2.000000 
-408.661804 431.522705 -108.726196 2.000000 
-408.593414 432.170288 -109.067802 2.000000 
-408.956390 432.299591 -109.067497 2.000000 
-408.946014 432.889404 -109.275803 2.000000 
-408.818604 433.365295 -109.462997 2.000000 
-408.699097 434.036591 -109.781700 2.000000 
-408.960693 434.641998 -110.037102 2.000000 
-408.979706 435.035614 -110.076103 2.000000 
-408.719788 435.329498 -110.151299 2.000000 
-408.839905 435.992615 -110.411400 2.000000 
-408.927307 436.407410 -110.596703 2.000000 
-409.098511 437.070190 -110.943604 2.000000 
-408.615295 437.696106 -111.077599 2.000000 
-408.745300 437.937714 -111.230301 2.000000 
-408.863403 438.425110 -111.449898 2.000000 
-408.559814 366.887695 -83.878601 2.000000 
-408.375610 367.159790 -83.961502 2.000000 
-408.183502 367.673309 -84.253799 2.000000 
-408.251007 368.313507 -84.478897 2.000000 
-408.245697 368.936615 -84.741600 2.000000 
-408.227692 369.594604 -84.905403 2.000000 
-408.350586 369.984406 -85.174896 2.000000 
-408.026306 370.344086 -85.210098 2.000000 
-408.210114 370.731812 -85.402397 2.000000 
-408.661499 371.476410 -85.781998 2.000000 
-408.141510 372.300293 -85.996803 2.000000 
-408.222992 372.481995 -86.135201 2.000000 
-408.069305 372.721710 -86.099800 2.000000 
-408.180206 373.303894 -86.337502 2.000000 
-408.378906 373.937286 -86.670700 2.000000 
-408.106995 374.463409 -86.901497 2.000000 
-408.295013 375.235413 -87.157700 2.000000 
-408.314301 375.412506 -87.265404 2.000000 
-408.190491 376.056702 -87.512901 2.000000 
-408.171692 376.322815 -87.545998 2.000000 
-408.299896 377.244995 -87.984001 2.000000 
-408.406891 377.218414 -87.994400 2.000000 
-408.404694 377.949799 -88.258301 2.000000 
-408.358490 378.628998 -88.550301 2.000000 
-408.320404 379.214294 -88.778198 2.000000 
-408.327393 379.458893 -88.772697 2.000000 
-408.575409 379.712402 -88.970200 2.000000 
-408.056488 380.454712 -89.114098 2.000000 
-408.252808 381.151306 -89.448402 2.000000 
-408.590088 381.692505 -89.723198 2.000000 
-408.189392 381.988800 -89.788002 2.000000 
-408.489197 382.749786 -90.088799 2.000000 
-408.177795 383.133087 -90.164001 2.000000 
-408.312988 383.506714 -90.461899 2.000000 
-408.408112 384.177002 -90.703796 2.000000 
-408.371490 384.428802 -90.690102 2.000000 
-408.208801 385.321899 -91.018700 2.000000 
-408.307892 385.875885 -91.254097 2.000000 
-408.114502 386.508209 -91.567802 2.000000 
-408.328186 386.729004 -91.616501 2.000000 
-408.147003 387.410187 -91.865303 2.000000 
-407.978607 387.813599 -92.009102 2.000000 
-408.353912 388.395813 -92.248398 2.000000 
-408.278900 388.821289 -92.378502 2.000000 
-408.185791 388.999298 -92.505501 2.000000 
-408.280304 389.796295 -92.846001 2.000000 
-408.375397 390.253906 -93.043404 2.000000 
-408.261108 390.627899 -93.107803 2.000000 
-408.395996 391.055603 -93.380997 2.000000 
-408.365601 391.787506 -93.554398 2.000000 
-408.521912 392.315704 -93.850304 2.000000 
-408.447113 392.716888 -94.025200 2.000000 
-408.336609 393.301208 -94.145203 2.000000 
-408.322205 393.607697 -94.365997 2.000000 
-408.354309 394.532013 -94.704803 2.000000 
-408.364807 394.719208 -94.717598 2.000000 
-408.251190 395.638489 -95.151398 2.000000 
-408.482208 395.636993 -95.065697 2.000000 
-408.386200 396.367096 -95.439903 2.000000 
-408.027893 396.571808 -95.481796 2.000000 
-408.169586 397.563110 -95.835899 2.000000 
-408.083710 398.067200 -95.962402 2.000000 
-408.169189 398.320587 -96.126297 2.000000 
-408.056091 398.817291 -96.261803 2.000000 
-408.093201 399.483093 -96.590797 2.000000 
-408.312195 399.928009 -96.810501 2.000000 
-408.530792 400.422913 -96.949997 2.000000 
-408.025391 400.837097 -97.042397 2.000000 
-408.181885 401.185303 -97.271500 2.000000 
-408.278412 402.135803 -97.539200 2.000000 
-408.380310 402.627197 -97.850700 2.000000 
-408.430298 403.223389 -97.996597 2.000000 
-408.090698 403.687897 -98.176498 2.000000 
-408.183197 404.186188 -98.426598 2.000000 
-408.429993 404.648193 -98.492699 2.000000 
-408.159302 404.970398 -98.661400 2.000000 
-408.365204 405.576385 -98.960999 2.000000 
-408.362793 406.068298 -99.062698 2.000000 
-408.183411 406.653412 -99.346703 2.000000 
-408.355804 407.079590 -99.519402 2.000000 
-408.450989 407.503204 -99.612396 2.000000 
-408.322296 408.078796 -99.894402 2.000000 
-408.403198 408.436707 -99.952698 2.000000 
-408.178711 408.956696 -100.152901 2.000000 
-408.172302 409.502594 -100.393204 2.000000 
-408.349792 410.019714 -100.603203 2.000000 
-408.187012 410.473389 -100.841301 2.000000 
-408.202698 411.115387 -100.962898 2.000000 
-408.371185 411.691803 -101.277603 2.000000 
-408.394409 412.483887 -101.514702 2.000000 
-408.304199 412.335785 -101.559799 2.000000 
-407.947296 413.465912 -101.836502 2.000000 
-408.202606 413.678314 -101.987602 2.000000 
-408.232513 414.176788 -102.261101 2.000000 
-408.162903 414.717407 -102.452904 2.000000 
-408.448212 415.346313 -102.586998 2.000000 
-408.796814 415.855286 -102.861900 2.000000 
-408.212585 416.194702 -103.029999 2.000000 
-408.167206 416.645386 -103.132698 2.000000 
-408.353088 417.255188 -103.406799 2.000000 
-407.973511 417.865601 -103.565804 2.000000 
-408.146515 418.244202 -103.742302 2.000000 
-408.321686 418.812012 -103.900299 2.000000 
-408.208313 419.214905 -104.071404 2.000000 
-408.293213 420.667114 -104.616898 2.000000 
-408.181885 421.218201 -104.933601 2.000000 
-408.150604 421.885986 -105.082001 2.000000 
-408.054810 422.081299 -105.137199 2.000000 
-408.469208 422.563599 -105.389000 2.000000 
-408.107391 423.026093 -105.540001 2.000000 
-408.198212 423.685699 -105.822998 2.000000 
-408.213501 424.302887 -106.077301 2.000000 
-408.391693 424.659790 -106.221703 2.000000 
-408.054108 424.899811 -106.300499 2.000000 
-408.348602 425.620209 -106.510498 2.000000 
-408.124298 426.510101 -106.889900 2.000000 
-408.311615 426.910889 -107.057999 2.000000 
-408.358795 427.272095 -107.103996 2.000000 
-408.277191 427.960602 -107.452499 2.000000 
-408.032501 428.403992 -107.612297 2.000000 
-408.050110 428.719299 -107.636703 2.000000 
-408.261688 429.338898 -107.885101 2.000000 
-408.335114 430.135498 -108.208702 2.000000 
-408.342804 430.343597 -108.378502 2.000000 
-408.234802 430.722900 -108.480400 2.000000 
-408.463806 431.457001 -108.750900 2.000000 
-408.516113 432.041992 -108.892700 2.000000 
-408.372803 432.618103 -109.236000 2.000000 
-407.991486 432.933594 -109.298500 2.000000 
-408.295593 433.261292 -109.375099 2.000000 
-408.428497 434.039215 -109.666397 2.000000 
-408.361694 434.631714 -109.910698 2.000000 
-408.131500 435.116089 -110.088699 2.000000 
-408.282288 435.800293 -110.373596 2.000000 
-408.298798 436.041992 -110.376503 2.000000 
-408.508514 436.426605 -110.616898 2.000000 
-408.320312 436.752289 -110.674599 2.000000 
-408.480896 437.634613 -111.103996 2.000000 
-408.358612 437.901215 -111.102600 2.000000 
-407.763794 366.890198 -83.872299 2.000000 
-407.703186 367.124695 -83.885696 2.000000 
-407.630188 368.117401 -84.270599 2.000000 
-407.709991 368.271393 -84.466904 2.000000 
-407.803192 368.983612 -84.640701 2.000000 
-407.733185 369.473389 -84.855103 2.000000 
-407.766907 369.871399 -84.968002 2.000000 
-407.717712 370.600586 -85.268402 2.000000 
-407.532288 370.766205 -85.369698 2.000000 
-408.133698 371.480499 -85.707901 2.000000 
-407.863800 372.015686 -85.880402 2.000000 
-407.712799 372.057312 -85.838898 2.000000 
-407.889191 373.301300 -86.311302 2.000000 
-407.724609 373.566406 -86.428299 2.000000 
-407.859589 373.941406 -86.580902 2.000000 
-407.818695 374.206299 -86.686996 2.000000 
-407.417603 374.783295 -86.888496 2.000000 
-407.938995 375.583405 -87.345596 2.000000 
-407.766907 376.069702 -87.379898 2.000000 
-407.608093 376.245087 -87.522400 2.000000 
-407.825592 377.221710 -87.933296 2.000000 
-407.556488 377.738007 -88.025497 2.000000 
-407.896210 377.924011 -88.146896 2.000000 
-407.648499 378.529785 -88.360001 2.000000 
-407.882690 379.217285 -88.640999 2.000000 
-407.935486 379.556488 -88.856598 2.000000 
-407.591797 380.224792 -89.098099 2.000000 
-408.088898 380.864685 -89.365501 2.000000 
-407.776215 381.255402 -89.446297 2.000000 
-407.443298 381.554688 -89.591301 2.000000 
-408.083710 382.040985 -89.737198 2.000000 
-407.777802 382.628998 -89.978996 2.000000 
-407.770508 383.101288 -90.188202 2.000000 
-407.386200 383.579102 -90.317596 2.000000 
-407.325012 384.488708 -90.652496 2.000000 
-407.890808 384.371704 -90.654602 2.000000 
-407.990387 384.996399 -91.007500 2.000000 
-407.927887 385.744904 -91.266403 2.000000 
-407.786804 386.022491 -91.297600 2.000000 
-407.788391 386.558105 -91.509201 2.000000 
-407.635010 387.181396 -91.796600 2.000000 
-407.830292 387.868011 -92.041702 2.000000 
-407.377197 388.007690 -92.107399 2.000000 
-407.785614 388.677094 -92.302498 2.000000 
-408.036987 389.311890 -92.681396 2.000000 
-407.962494 389.788513 -92.755699 2.000000 
-407.699097 390.312805 -93.046700 2.000000 
-407.861115 390.884399 -93.272797 2.000000 
-407.118103 391.174896 -93.315498 2.000000 
-407.671906 391.797913 -93.513100 2.000000 
-407.963013 392.246796 -93.775002 2.000000 
-407.833710 392.723907 -93.887703 2.000000 
-407.507202 393.723114 -94.265900 2.000000 
-407.856506 393.618500 -94.201698 2.000000 
-407.813599 394.119385 -94.411201 2.000000 
-407.445801 395.021088 -94.738197 2.000000 
-407.943207 395.273499 -94.946999 2.000000 
-407.669891 395.664612 -95.107399 2.000000 
-407.994385 396.241913 -95.242798 2.000000 
-407.662598 397.188293 -95.654099 2.000000 
-407.982208 397.382690 -95.749199 2.000000 
-407.588501 398.096710 -96.023499 2.000000 
-407.656494 398.489197 -96.167603 2.000000 
-407.622711 398.928802 -96.316002 2.000000 
-407.652405 399.369690 -96.473396 2.000000 
-407.637299 399.860596 -96.720802 2.000000 
-407.769806 400.222809 -96.831200 2.000000 
-407.899506 401.171387 -97.140999 2.000000 
-407.485992 401.499908 -97.302696 2.000000 
-407.501587 402.117188 -97.526001 2.000000 
-407.984802 402.195496 -97.664001 2.000000 
-407.905792 402.947998 -97.824699 2.000000 
-407.579895 403.371094 -98.044601 2.000000 
-407.854309 403.857086 -98.215103 2.000000 
-407.800507 404.875488 -98.616898 2.000000 
-407.782013 405.268311 -98.787697 2.000000 
-408.021912 405.619995 -98.865997 2.000000 
-408.032898 405.850403 -99.014702 2.000000 
-407.711609 406.614594 -99.239304 2.000000 
-407.618286 407.244995 -99.473099 2.000000 
-407.868713 407.473602 -99.561401 2.000000 
-408.016113 408.081909 -99.919296 2.000000 
-408.396301 408.362396 -99.993301 2.000000 
-407.910889 409.200592 -100.319801 2.000000 
-407.760590 409.685608 -100.413300 2.000000 
-407.848907 410.085297 -100.557198 2.000000 
-407.829102 410.598907 -100.731300 2.000000 
-407.848389 411.013702 -100.971100 2.000000 
-407.931885 411.204987 -101.055496 2.000000 
-408.129700 412.114410 -101.431503 2.000000 
-407.842896 412.674896 -101.539001 2.000000 
-407.873108 413.257294 -101.855400 2.000000 
-407.683685 413.529297 -101.926804 2.000000 
-407.971405 414.096191 -102.120003 2.000000 
-407.578186 414.306610 -102.138802 2.000000 
-407.754089 414.966400 -102.441704 2.000000 
-407.864288 415.851196 -102.861900 2.000000 
-407.434387 415.838593 -102.827202 2.000000 
-407.450714 416.834686 -103.128403 2.000000 
-407.655487 417.296204 -103.271202 2.000000 
-408.000488 417.753998 -103.489502 2.000000 
-407.750702 418.393188 -103.695000 2.000000 
-407.982300 418.750214 -103.932297 2.000000 
-407.792999 419.261108 -104.132202 2.000000 
-408.021606 419.529114 -104.201698 2.000000 
-408.065308 420.376709 -104.502502 2.000000 
-407.781708 420.760803 -104.707901 2.000000 
-408.098785 421.439087 -104.920403 2.000000 
-407.938599 421.709595 -105.009003 2.000000 
-407.979889 422.308594 -105.241798 2.000000 
-407.620697 422.874207 -105.410896 2.000000 
-407.794312 423.068207 -105.509300 2.000000 
-407.895508 423.928711 -105.873901 2.000000 
-407.670013 424.478302 -106.087700 2.000000 
-407.447205 424.770294 -106.135696 2.000000 
-407.988312 425.368011 -106.467903 2.000000 
-407.889008 425.858704 -106.648697 2.000000 
-407.673096 426.607086 -106.875298 2.000000 
-407.804413 426.702515 -106.855003 2.000000 
-407.705505 427.607605 -107.281097 2.000000 
-407.799713 427.780396 -107.311798 2.000000 
-407.583588 428.159302 -107.472099 2.000000 
-407.892700 428.784393 -107.744301 2.000000 
-407.700104 429.502411 -108.000900 2.000000 
-408.011597 429.825012 -108.062302 2.000000 
-407.926208 430.474213 -108.302101 2.000000 
-407.499603 430.693909 -108.330902 2.000000 
-407.963898 431.500610 -108.679298 2.000000 
-407.788208 431.951599 -108.894501 2.000000 
-407.620605 432.465515 -109.037300 2.000000 
-407.731110 433.172607 -109.276001 2.000000 
-407.839691 433.483185 -109.396797 2.000000 
-407.640411 433.784912 -109.611298 2.000000 
-407.913391 434.319794 -109.745003 2.000000 
-407.728088 435.015015 -110.059097 2.000000 
-407.892914 435.480011 -110.260597 2.000000 
-407.990112 436.154510 -110.408203 2.000000 
-407.670013 436.430206 -110.583099 2.000000 
-407.793091 437.393494 -110.972702 2.000000 
-407.851013 437.502014 -110.926399 2.000000 
-407.842010 437.868011 -111.131104 2.000000 
-407.327209 366.856689 -83.756500 2.000000 
-407.172791 367.412292 -84.065804 2.000000 
-407.269501 367.788300 -84.108002 2.000000 
-407.509796 368.028107 -84.236801 2.000000 
-407.550201 368.687408 -84.519203 2.000000 
-407.552795 369.580109 -84.954803 2.000000 
-407.249695 369.990906 -85.107002 2.000000 
-407.039703 370.681305 -85.255600 2.000000 
-407.036011 370.797913 -85.315201 2.000000 
-407.306000 371.337097 -85.635902 2.000000 
-407.666901 371.850189 -85.814301 2.000000 
-407.057892 372.208801 -85.856499 2.000000 
-407.598114 372.944305 -86.191597 2.000000 
-407.101501 373.397888 -86.324799 2.000000 
-407.558014 374.081604 -86.613800 2.000000 
-407.209808 374.506287 -86.852203 2.000000 
-407.399109 375.101013 -87.102097 2.000000 
-407.335602 375.377289 -87.093399 2.000000 
-407.337006 375.751495 -87.282501 2.000000 
-407.496094 376.753510 -87.712799 2.000000 
-407.281494 377.154907 -87.789398 2.000000 
-407.288391 377.665588 -88.034103 2.000000 
-407.257385 377.800690 -88.153099 2.000000 
-407.195892 378.435699 -88.284798 2.000000 
-407.496399 378.970795 -88.509300 2.000000 
-407.243286 379.569794 -88.770203 2.000000 
-407.337311 379.853394 -88.823196 2.000000 
-407.363892 380.738190 -89.192398 2.000000 
-407.216797 381.263885 -89.497398 2.000000 
-407.342102 381.473602 -89.558098 2.000000 
-407.228912 382.191101 -89.864799 2.000000 
-407.098785 382.817413 -90.032097 2.000000 
-407.259308 383.118011 -90.186798 2.000000 
-407.336700 383.492096 -90.323997 2.000000 
-407.186188 384.242706 -90.527298 2.000000 
-407.263611 384.535706 -90.782204 2.000000 
-407.329895 385.424408 -91.087601 2.000000 
-407.121002 385.599915 -91.114197 2.000000 
-407.206604 386.018311 -91.206596 2.000000 
-407.228302 386.427612 -91.479500 2.000000 
-407.285492 387.316498 -91.779900 2.000000 
-407.376312 387.670502 -92.003403 2.000000 
-407.314392 388.307098 -92.140099 2.000000 
-407.350708 388.880005 -92.459198 2.000000 
-407.054596 389.659302 -92.619598 2.000000 
-407.309998 389.844788 -92.840500 2.000000 
-407.221313 390.325409 -93.016098 2.000000 
-407.191986 390.405304 -92.983200 2.000000 
-407.374390 391.150391 -93.347397 2.000000 
-407.236511 391.994904 -93.659203 2.000000 
-407.588806 392.172394 -93.645699 2.000000 
-407.338898 392.953003 -93.914902 2.000000 
-407.184814 393.311615 -94.109398 2.000000 
-407.511505 393.999786 -94.322899 2.000000 
-407.348999 394.295807 -94.475403 2.000000 
-407.192688 395.030304 -94.703003 2.000000 
-407.477814 395.316406 -94.846001 2.000000 
-407.181610 395.826904 -95.099297 2.000000 
-407.307007 396.239685 -95.227898 2.000000 
-407.265808 396.971100 -95.492203 2.000000 
-407.566803 397.720001 -95.863098 2.000000 
-407.455414 397.933807 -95.933899 2.000000 
-407.213715 398.519989 -96.127197 2.000000 
-407.404999 398.744385 -96.200897 2.000000 
-407.620789 399.340515 -96.517403 2.000000 
-407.490692 400.225189 -96.803001 2.000000 
-407.266388 400.445892 -96.823799 2.000000 
-407.387604 400.672485 -96.988701 2.000000 
-406.970215 401.562286 -97.241699 2.000000 
-407.065308 402.136688 -97.496002 2.000000 
-407.188599 402.476715 -97.615898 2.000000 
-407.501099 402.978210 -97.915703 2.000000 
-407.338989 403.362396 -98.012802 2.000000 
-407.178986 403.919312 -98.170700 2.000000 
-407.510010 404.604401 -98.477402 2.000000 
-407.253601 405.150909 -98.632004 2.000000 
-407.394989 405.412109 -98.826897 2.000000 
-407.244690 405.962311 -98.993500 2.000000 
-407.277802 406.384491 -99.128403 2.000000 
-407.376495 406.882507 -99.351501 2.000000 
-407.043915 407.399414 -99.570801 2.000000 
-407.078003 408.053497 -99.704697 2.000000 
-407.032898 408.982788 -100.187202 2.000000 
-407.598206 409.018311 -100.192398 2.000000 
-407.183411 410.059692 -100.520401 2.000000 
-407.312408 409.791992 -100.377602 2.000000 
-407.423492 410.461914 -100.730301 2.000000 
-407.360504 410.912994 -100.854698 2.000000 
-407.425812 411.595490 -101.211197 2.000000 
-407.246796 412.116394 -101.340797 2.000000 
-407.301910 412.604095 -101.506798 2.000000 
-406.967010 413.294006 -101.796799 2.000000 
-407.245911 413.661804 -101.879799 2.000000 
-407.295197 413.977600 -102.074501 2.000000 
-407.548889 414.503387 -102.232597 2.000000 
-406.904114 415.539001 -102.555099 2.000000 
-407.451599 415.840912 -102.807297 2.000000 
-407.139801 416.420685 -103.005203 2.000000 
-407.268707 416.763092 -103.066399 2.000000 
-407.432098 417.290802 -103.290001 2.000000 
-407.072693 418.124695 -103.653503 2.000000 
-407.103485 418.111603 -103.599602 2.000000 
-407.198914 419.046600 -103.912903 2.000000 
-407.147614 419.091309 -104.026398 2.000000 
-406.947601 419.526306 -104.073303 2.000000 
-407.393311 420.460693 -104.572304 2.000000 
-407.101288 420.774506 -104.598000 2.000000 
-407.405090 421.442108 -104.931702 2.000000 
-407.407898 421.655487 -104.996399 2.000000 
-406.997711 422.321106 -105.196297 2.000000 
-406.978912 422.790710 -105.345001 2.000000 
-407.312103 423.482513 -105.666702 2.000000 
-407.428192 423.681305 -105.774002 2.000000 
-407.085510 424.221985 -105.903397 2.000000 
-407.278290 424.771088 -106.116699 2.000000 
-407.247406 425.505310 -106.393303 2.000000 
-407.156891 425.744904 -106.426804 2.000000 
-406.896790 426.326202 -106.665100 2.000000 
-407.067200 426.479187 -106.691299 2.000000 
-407.281799 427.521698 -107.126198 2.000000 
-407.307892 427.672699 -107.196404 2.000000 
-407.566589 428.554596 -107.626404 2.000000 
-407.196014 428.547089 -107.488098 2.000000 
-406.932709 429.400208 -107.900597 2.000000 
-407.065491 429.911011 -108.097099 2.000000 
-407.337189 430.388000 -108.329597 2.000000 
-407.108612 430.934113 -108.415497 2.000000 
-407.246613 431.389313 -108.582497 2.000000 
-407.507904 431.818604 -108.759804 2.000000 
-407.101105 432.220001 -108.869904 2.000000 
-407.267792 433.047211 -109.232498 2.000000 
-407.451813 433.135803 -109.340401 2.000000 
-407.443909 434.037994 -109.585999 2.000000 
-407.246613 434.597198 -109.891800 2.000000 
-407.259613 434.939697 -109.908997 2.000000 
-407.464600 435.808899 -110.344597 2.000000 
-407.440186 435.458893 -110.143097 2.000000 
-407.203491 436.377502 -110.544197 2.000000 
-407.330597 436.660400 -110.594704 2.000000 
-407.477295 437.335388 -110.897003 2.000000 
-407.244995 437.776611 -110.967796 2.000000 
-406.739990 366.737488 -83.787598 2.000000 
-406.575806 367.489014 -83.940102 2.000000 
-406.496796 367.934692 -84.176804 2.000000 
-406.819489 368.397491 -84.366699 2.000000 
-406.696899 368.813995 -84.595497 2.000000 
-406.939606 369.330414 -84.726799 2.000000 
-406.741913 369.834290 -84.888298 2.000000 
-406.782501 370.427307 -85.237701 2.000000 
-406.528290 370.827606 -85.344299 2.000000 
-406.617889 371.390808 -85.474602 2.000000 
-406.828308 371.973999 -85.798103 2.000000 
-406.954987 372.110596 -85.807198 2.000000 
-406.897095 372.876892 -86.075500 2.000000 
-406.890808 373.462799 -86.434998 2.000000 
-407.011414 374.110413 -86.666603 2.000000 
-406.705200 374.821503 -86.863197 2.000000 
-406.722504 374.831207 -86.960503 2.000000 
-406.776001 375.435089 -87.081398 2.000000 
-406.645996 375.662994 -87.205101 2.000000 
-406.793793 376.571594 -87.571198 2.000000 
-406.686493 376.811310 -87.645401 2.000000 
-406.747192 377.450287 -87.919197 2.000000 
-406.896606 378.141907 -88.151199 2.000000 
-406.561401 378.506592 -88.314102 2.000000 
-406.484894 378.851898 -88.431000 2.000000 
-406.804993 379.500000 -88.672897 2.000000 
-406.812286 379.735596 -88.749603 2.000000 
-406.589111 380.700897 -89.233002 2.000000 
-406.885193 381.238586 -89.459900 2.000000 
-406.826691 381.616608 -89.578300 2.000000 
-406.587585 381.908112 -89.670799 2.000000 
-406.804504 382.804291 -89.978203 2.000000 
-406.562012 383.254211 -90.157501 2.000000 
-407.164612 384.080994 -90.569298 2.000000 
-406.796204 384.138397 -90.582001 2.000000 
-407.017212 384.415192 -90.593002 2.000000 
-406.966492 385.057495 -90.862701 2.000000 
-406.876404 385.624695 -91.116302 2.000000 
-406.729401 386.261200 -91.309898 2.000000 
-406.351593 386.518890 -91.477997 2.000000 
-406.767792 387.066711 -91.689102 2.000000 
-406.834808 387.683899 -91.833702 2.000000 
-406.881500 388.142303 -92.111298 2.000000 
-406.859802 388.787811 -92.259598 2.000000 
-406.561615 389.121094 -92.418297 2.000000 
-406.798096 389.740692 -92.763000 2.000000 
-406.467896 390.120697 -92.763496 2.000000 
-406.768005 390.807098 -93.124603 2.000000 
-406.721497 391.248688 -93.245697 2.000000 
-406.764008 391.942993 -93.471001 2.000000 
-406.559601 392.226410 -93.623703 2.000000 
-406.727386 392.928101 -93.948898 2.000000 
-406.800110 393.302612 -94.023399 2.000000 
-406.747314 393.728607 -94.237000 2.000000 
-406.901093 394.457611 -94.543900 2.000000 
-406.541504 394.934814 -94.655701 2.000000 
-406.783508 395.270111 -94.815201 2.000000 
-406.736298 395.887787 -95.134102 2.000000 
-406.643005 396.462402 -95.258598 2.000000 
-406.617706 396.684692 -95.398102 2.000000 
-406.819000 397.289886 -95.647400 2.000000 
-406.833099 397.995697 -95.934700 2.000000 
-406.592987 398.326813 -95.940804 2.000000 
-406.656097 398.862213 -96.145203 2.000000 
-406.751099 399.290192 -96.348198 2.000000 
-406.742401 399.912994 -96.578201 2.000000 
-407.138092 400.402191 -96.797897 2.000000 
-406.690399 400.672607 -96.849197 2.000000 
-406.975311 401.398407 -97.210800 2.000000 
-406.944702 402.301788 -97.490700 2.000000 
-406.746094 402.390686 -97.600403 2.000000 
-406.828186 403.078888 -97.797401 2.000000 
-406.694092 403.343903 -97.994698 2.000000 
-406.663391 403.818787 -98.181999 2.000000 
-406.683105 404.614014 -98.408897 2.000000 
-406.657806 405.123596 -98.667603 2.000000 
-406.846710 405.328888 -98.737198 2.000000 
-406.595886 405.679291 -98.761902 2.000000 
-406.770905 406.145111 -99.063103 2.000000 
-406.588287 406.737091 -99.198898 2.000000 
-406.547699 407.813812 -99.664703 2.000000 
-406.532898 408.209991 -99.711998 2.000000 
-406.660004 408.532898 -99.987900 2.000000 
-406.850403 409.229095 -100.202599 2.000000 
-406.678101 409.546387 -100.367996 2.000000 
-406.706512 409.963715 -100.496696 2.000000 
-406.722595 410.570892 -100.666199 2.000000 
-406.855103 411.144196 -100.870697 2.000000 
-407.016388 411.488800 -101.081802 2.000000 
-406.705292 411.793396 -101.190300 2.000000 
-406.998505 412.718903 -101.600899 2.000000 
-406.572693 413.345886 -101.722397 2.000000 
-406.928009 413.730591 -101.988602 2.000000 
-406.413208 414.418488 -102.149002 2.000000 
-406.968506 414.819489 -102.394798 2.000000 
-406.677307 415.231110 -102.514702 2.000000 
-406.813995 415.624695 -102.572098 2.000000 
-407.030090 416.224304 -102.891098 2.000000 
-406.471985 416.625702 -102.977699 2.000000 
-406.564087 417.087097 -103.183899 2.000000 
-406.890808 417.790894 -103.522903 2.000000 
-406.663513 418.487305 -103.738098 2.000000 
-406.711792 418.708588 -103.848396 2.000000 
-406.551208 419.670013 -104.093002 2.000000 
-406.929199 419.649994 -104.205902 2.000000 
-406.627411 420.139801 -104.305397 2.000000 
-406.930389 420.861786 -104.627899 2.000000 
-406.714996 421.373810 -104.822800 2.000000 
-406.656189 422.031891 -105.056801 2.000000 
-406.706512 422.313995 -105.207199 2.000000 
-406.446198 422.619202 -105.328201 2.000000 
-406.704102 423.453705 -105.657700 2.000000 
-406.975494 423.749298 -105.694801 2.000000 
-407.028595 424.400391 -105.978600 2.000000 
-406.612610 424.664886 -106.101799 2.000000 
-406.439301 425.512085 -106.373703 2.000000 
-406.658112 425.657288 -106.411102 2.000000 
-406.554504 426.398102 -106.702301 2.000000 
-406.844788 427.112000 -106.918503 2.000000 
-407.162598 427.438507 -107.173103 2.000000 
-406.694489 427.889099 -107.205299 2.000000 
-407.111206 428.305298 -107.382004 2.000000 
-406.679108 428.821686 -107.637604 2.000000 
-406.823212 429.421906 -107.882004 2.000000 
-406.439087 429.905487 -107.952499 2.000000 
-406.851501 430.143311 -108.187103 2.000000 
-407.006104 431.066589 -108.524597 2.000000 
-406.983490 431.165588 -108.510300 2.000000 
-406.715912 432.096191 -108.815201 2.000000 
-406.649811 432.512085 -108.977997 2.000000 
-406.837585 433.099213 -109.279198 2.000000 
-406.796906 433.646606 -109.431702 2.000000 
-406.642792 433.985413 -109.509399 2.000000 
-406.405212 434.516998 -109.789597 2.000000 
-406.633514 435.147003 -109.979599 2.000000 
-406.644012 435.651886 -110.158997 2.000000 
-406.764008 436.324097 -110.417297 2.000000 
-406.855408 436.253906 -110.449303 2.000000 
-406.670593 437.449310 -110.846100 2.000000 
-406.701996 437.777008 -110.947403 2.000000 
-406.250092 366.798492 -83.746300 2.000000 
-406.230194 367.317413 -83.956299 2.000000 
-406.217194 367.938507 -84.182503 2.000000 
-406.093414 368.413300 -84.402702 2.000000 
-406.149414 368.701202 -84.488403 2.000000 
-406.292297 369.513306 -84.714104 2.000000 
-406.511993 369.894012 -84.983101 2.000000 
-406.436096 370.430298 -85.156998 2.000000 
-406.358887 371.094788 -85.332802 2.000000 
-406.459412 371.545105 -85.538696 2.000000 
-406.191711 371.749207 -85.588303 2.000000 
-406.130798 372.594299 -85.968903 2.000000 
-406.169312 372.860596 -86.014702 2.000000 
-406.485291 373.275299 -86.186897 2.000000 
-406.349091 374.009003 -86.579803 2.000000 
-406.314514 374.143707 -86.518997 2.000000 
-405.935608 375.093811 -86.875198 2.000000 
-406.201813 375.732605 -87.178497 2.000000 
-406.516693 375.966003 -87.306503 2.000000 
-406.390808 376.576202 -87.498100 2.000000 
-406.102600 377.085602 -87.778900 2.000000 
-406.382904 377.655701 -87.919899 2.000000 
-406.206787 378.076294 -88.134598 2.000000 
-406.157501 378.416199 -88.305901 2.000000 
-406.218903 379.327911 -88.554199 2.000000 
-406.142487 379.572113 -88.666100 2.000000 
-406.421387 380.038788 -88.923500 2.000000 
-406.186890 380.782715 -89.179398 2.000000 
-406.020599 381.214508 -89.311096 2.000000 
-405.993988 381.752502 -89.471100 2.000000 
-405.988007 382.489288 -89.880699 2.000000 
-406.384796 382.579895 -89.947601 2.000000 
-406.234802 383.015594 -90.025597 2.000000 
-406.053986 383.816803 -90.344398 2.000000 
-406.406097 384.210785 -90.464996 2.000000 
-406.429291 384.617310 -90.652603 2.000000 
-406.335785 384.928101 -90.789902 2.000000 
-406.268494 385.549408 -91.084000 2.000000 
-406.266510 386.242401 -91.306801 2.000000 
-406.237396 386.646698 -91.511101 2.000000 
-406.299591 387.005096 -91.596497 2.000000 
-406.261902 387.742798 -91.880798 2.000000 
-406.268402 388.038696 -92.042900 2.000000 
-406.105591 389.071014 -92.345596 2.000000 
-406.299988 389.327393 -92.500000 2.000000 
-406.285309 389.868713 -92.648003 2.000000 
-406.564514 390.104004 -92.774902 2.000000 
-406.011108 390.972412 -93.150803 2.000000 
-406.305511 391.295685 -93.236397 2.000000 
-406.254395 391.802307 -93.491997 2.000000 
-406.179993 392.361908 -93.715103 2.000000 
-406.473785 393.019989 -93.918503 2.000000 
-406.496704 393.177704 -94.032303 2.000000 
-406.381714 393.996094 -94.254700 2.000000 
-406.324097 394.365692 -94.391296 2.000000 
-406.569214 394.886597 -94.670700 2.000000 
-406.347198 395.115997 -94.666901 2.000000 
-406.204102 395.931396 -95.008301 2.000000 
-406.379913 396.212189 -95.104301 2.000000 
-405.961090 397.093201 -95.405602 2.000000 
-406.284088 397.467194 -95.668701 2.000000 
-406.017212 398.073700 -95.915199 2.000000 
-406.534302 398.344604 -96.035698 2.000000 
-406.410400 398.774414 -96.171303 2.000000 
-406.433289 399.519806 -96.449600 2.000000 
-406.264099 400.161591 -96.630898 2.000000 
-406.285614 400.289001 -96.755798 2.000000 
-406.135590 400.722107 -96.844704 2.000000 
-406.340210 401.503296 -97.194000 2.000000 
-406.262299 402.201385 -97.460403 2.000000 
-406.456909 402.323486 -97.545502 2.000000 
-406.306213 402.743805 -97.701103 2.000000 
-406.278198 403.582092 -98.006798 2.000000 
-406.357208 403.891907 -98.064598 2.000000 
-406.406006 404.383606 -98.261200 2.000000 
-406.648712 404.963287 -98.517197 2.000000 
-405.745789 405.068298 -98.542801 2.000000 
-406.274200 406.305206 -98.979401 2.000000 
-406.468994 406.801392 -99.301804 2.000000 
-406.079590 407.065796 -99.257301 2.000000 
-406.527588 407.550201 -99.578400 2.000000 
-406.306702 408.062012 -99.735901 2.000000 
-406.105499 408.605804 -99.933197 2.000000 
-406.336090 409.183289 -100.156403 2.000000 
-406.164093 409.260315 -100.170502 2.000000 
-406.099396 410.016510 -100.480904 2.000000 
-406.207489 410.705811 -100.697601 2.000000 
-406.465790 411.049103 -100.865700 2.000000 
-406.067291 411.465912 -101.020897 2.000000 
-405.883209 412.119202 -101.185501 2.000000 
-406.397400 412.470795 -101.466202 2.000000 
-406.264587 413.175201 -101.646599 2.000000 
-406.445709 413.562714 -101.811401 2.000000 
-406.602997 414.280914 -102.042999 2.000000 
-406.187805 414.386414 -102.041199 2.000000 
-406.167511 415.359589 -102.509804 2.000000 
-406.170593 415.747101 -102.615196 2.000000 
-406.037903 416.207001 -102.744698 2.000000 
-406.347687 416.670502 -102.928596 2.000000 
-406.107513 417.389191 -103.297997 2.000000 
-406.351807 417.768707 -103.468903 2.000000 
-406.481415 418.136993 -103.573303 2.000000 
-406.108185 418.566193 -103.733803 2.000000 
-406.336090 419.358093 -104.020500 2.000000 
-406.728210 419.627808 -104.212700 2.000000 
-406.257202 419.928192 -104.248001 2.000000 
-406.407196 420.860992 -104.518799 2.000000 
-406.028412 421.253510 -104.723099 2.000000 
-406.116608 421.655914 -104.917603 2.000000 
-406.125305 422.152802 -105.062103 2.000000 
-406.294495 422.633789 -105.303200 2.000000 
-406.389099 423.312988 -105.563301 2.000000 
-406.389709 424.228699 -105.920799 2.000000 
-406.022400 424.104401 -105.731903 2.000000 
-406.008514 424.737793 -106.099701 2.000000 
-406.153992 425.432892 -106.298401 2.000000 
-406.167511 426.097595 -106.528000 2.000000 
-406.139404 426.541107 -106.732803 2.000000 
-406.276886 426.760193 -106.851097 2.000000 
-406.186401 427.421387 -107.108704 2.000000 
-406.569885 427.824707 -107.275101 2.000000 
-406.448212 428.282501 -107.390900 2.000000 
-406.371307 428.920502 -107.646698 2.000000 
-406.161896 429.358185 -107.801903 2.000000 
-406.183289 430.068909 -108.102699 2.000000 
-406.110992 430.345306 -108.202103 2.000000 
-406.016205 431.233887 -108.494698 2.000000 
-406.220001 431.439301 -108.618896 2.000000 
-406.636810 431.903412 -108.817703 2.000000 
-406.174011 432.650604 -109.032303 2.000000 
-406.219299 433.166901 -109.237297 2.000000 
-406.243103 433.280212 -109.188698 2.000000 
-406.584686 433.587311 -109.438301 2.000000 
-406.333405 434.677795 -109.805702 2.000000 
-406.497314 435.013000 -109.953499 2.000000 
-405.906586 435.652893 -110.143204 2.000000 
-406.004700 436.177704 -110.326302 2.000000 
-406.330994 436.531494 -110.468102 2.000000 
-406.210114 437.098297 -110.601097 2.000000 
-406.440491 437.777710 -110.981903 2.000000 
-405.864014 367.442810 -83.933800 2.000000 
-405.891205 367.677612 -84.067398 2.000000 
-405.853912 368.308014 -84.197800 2.000000 
-405.837006 369.389099 -84.721703 2.000000 
-405.766510 369.211090 -84.595200 2.000000 
-405.904785 369.816315 -84.871399 2.000000 
-405.893188 370.412201 -85.031601 2.000000 
-405.643890 370.839996 -85.261497 2.000000 
-405.771790 371.657288 -85.511200 2.000000 
-405.684692 372.044403 -85.688103 2.000000 
-406.012695 372.540192 -85.976997 2.000000 
-405.645508 372.652588 -85.898102 2.000000 
-405.553101 373.571289 -86.264702 2.000000 
-405.756104 373.717712 -86.420700 2.000000 
-405.610992 374.425995 -86.595200 2.000000 
-405.770508 374.734192 -86.710197 2.000000 
-405.658905 375.745392 -87.198601 2.000000 
-405.680603 376.117889 -87.365898 2.000000 
-405.571594 376.430603 -87.361504 2.000000 
-405.930786 377.121887 -87.648300 2.000000 
-406.011902 377.959198 -88.055298 2.000000 
-406.007294 378.014587 -88.089500 2.000000 
-405.675415 378.338196 -88.201797 2.000000 
-405.910309 379.370789 -88.649300 2.000000 
-405.829010 379.552490 -88.623497 2.000000 
-405.848907 380.221008 -88.915604 2.000000 
-405.807587 380.494904 -88.987297 2.000000 
-405.703888 380.776703 -89.181602 2.000000 
-405.735596 381.460785 -89.344200 2.000000 
-405.960693 381.907288 -89.585800 2.000000 
-405.667511 382.719208 -89.938499 2.000000 
-405.879608 383.190399 -90.090103 2.000000 
-405.544098 383.684509 -90.294296 2.000000 
-405.621002 384.243103 -90.452698 2.000000 
-405.993195 384.774689 -90.757599 2.000000 
-405.663513 384.760315 -90.701302 2.000000 
-405.971100 385.588593 -91.073502 2.000000 
-405.865997 385.968414 -91.196297 2.000000 
-405.816101 386.837494 -91.420601 2.000000 
-405.699799 386.916992 -91.574203 2.000000 
-405.427094 387.844513 -91.903000 2.000000 
-405.759705 388.363586 -92.085297 2.000000 
-406.060486 388.869385 -92.348602 2.000000 
-405.933014 389.116791 -92.400902 2.000000 
-406.128693 389.656494 -92.567299 2.000000 
-405.707306 390.513794 -92.902397 2.000000 
-405.470490 390.520508 -92.945198 2.000000 
-405.440887 391.333191 -93.210602 2.000000 
-405.743195 392.072510 -93.567596 2.000000 
-405.756805 392.469086 -93.675301 2.000000 
-405.637695 392.982788 -93.922501 2.000000 
-405.718506 393.526611 -94.086700 2.000000 
-405.882111 393.649597 -94.170998 2.000000 
-405.766388 394.341400 -94.443901 2.000000 
-405.400299 394.842407 -94.544098 2.000000 
-406.178192 395.139099 -94.690903 2.000000 
-405.780212 395.815399 -94.928299 2.000000 
-405.792114 396.307404 -95.104599 2.000000 
-405.720215 396.979614 -95.357903 2.000000 
-405.722504 397.480896 -95.642799 2.000000 
-405.800110 397.928711 -95.802696 2.000000 
-405.811401 398.292908 -95.988098 2.000000 
-405.730988 398.856995 -96.114700 2.000000 
-406.006897 399.419006 -96.395203 2.000000 
-406.074310 400.176910 -96.646797 2.000000 
-405.538788 400.295013 -96.649101 2.000000 
-405.583099 400.907715 -96.935898 2.000000 
-405.696686 401.494995 -97.186897 2.000000 
-405.615204 401.727997 -97.276001 2.000000 
-405.601013 402.510803 -97.490196 2.000000 
-405.842407 402.766602 -97.690697 2.000000 
-405.825806 403.645203 -98.016197 2.000000 
-405.897308 404.315796 -98.250000 2.000000 
-405.908691 404.842712 -98.405502 2.000000 
-405.756195 404.826904 -98.360100 2.000000 
-405.757904 405.581390 -98.774002 2.000000 
-405.705505 405.932495 -98.837196 2.000000 
-406.159088 406.673798 -99.168701 2.000000 
-405.973297 407.176697 -99.301903 2.000000 
-405.773499 407.613800 -99.463600 2.000000 
-405.660309 407.847504 -99.540703 2.000000 
-405.701691 408.430786 -99.841301 2.000000 
-405.886597 409.400391 -100.183403 2.000000 
-405.786804 409.373291 -100.186699 2.000000 
-405.739990 409.981293 -100.390999 2.000000 
-405.566895 410.632599 -100.640800 2.000000 
-405.780487 411.260712 -100.929298 2.000000 
-405.687897 411.812195 -101.102898 2.000000 
-405.529297 412.197296 -101.276802 2.000000 
-406.009003 412.494507 -101.332497 2.000000 
-405.849609 412.891388 -101.591797 2.000000 
-405.716888 413.781586 -101.830299 2.000000 
-405.848511 414.291107 -102.082603 2.000000 
-405.638611 414.710388 -102.262199 2.000000 
-405.690613 415.227600 -102.417000 2.000000 
-405.590912 415.624115 -102.575104 2.000000 
-405.547089 416.306610 -102.773102 2.000000 
-405.424500 416.810089 -102.994400 2.000000 
-405.506592 417.089203 -103.054497 2.000000 
-405.666809 417.524292 -103.270798 2.000000 
-405.776093 418.172699 -103.462898 2.000000 
-405.873108 418.920990 -103.830200 2.000000 
-405.904510 418.982605 -103.883301 2.000000 
-405.923004 419.550293 -104.107300 2.000000 
-405.858093 420.086395 -104.327103 2.000000 
-405.938812 420.865295 -104.487396 2.000000 
-406.061401 421.337402 -104.770203 2.000000 
-405.768005 422.049286 -104.915802 2.000000 
-405.516113 422.237091 -105.007401 2.000000 
-405.522491 422.947510 -105.356102 2.000000 
-405.744995 423.217407 -105.494797 2.000000 
-405.716187 423.808105 -105.669197 2.000000 
-405.741608 424.376587 -105.911598 2.000000 
-405.806793 424.832306 -106.010597 2.000000 
-405.790802 425.021912 -106.058296 2.000000 
-405.470490 425.787506 -106.344101 2.000000 
-405.444489 426.405396 -106.629898 2.000000 
-405.705109 426.940613 -106.761101 2.000000 
-405.601501 427.338104 -107.027802 2.000000 
-405.732208 427.824585 -107.116798 2.000000 
-405.592285 428.357513 -107.333603 2.000000 
-406.037506 428.447296 -107.375198 2.000000 
-405.782196 429.256714 -107.752800 2.000000 
-405.753601 430.057709 -108.077797 2.000000 
-405.811005 430.409485 -108.109703 2.000000 
-406.115692 430.802795 -108.377296 2.000000 
-405.633514 431.541809 -108.582298 2.000000 
-405.660004 431.822296 -108.690300 2.000000 
-405.745911 432.677094 -108.939301 2.000000 
-406.094788 432.944794 -109.106003 2.000000 
-405.694611 433.386597 -109.181999 2.000000 
-405.710205 433.903015 -109.435699 2.000000 
-405.991913 434.313110 -109.685303 2.000000 
-405.646515 435.050507 -109.882103 2.000000 
-405.479614 435.434509 -109.964699 2.000000 
-405.677307 435.902710 -110.157402 2.000000 
-406.026093 436.568512 -110.420097 2.000000 
-405.749207 437.435394 -110.762199 2.000000 
-405.734894 437.624207 -110.905197 2.000000 
-405.232605 367.048004 -83.693901 2.000000 
-405.369110 367.300110 -83.887001 2.000000 
-405.528900 367.751099 -83.970802 2.000000 
-405.413788 368.270203 -84.204903 2.000000 
-405.293701 368.619110 -84.384201 2.000000 
-405.205597 369.086090 -84.596703 2.000000 
-405.411011 369.892090 -84.906403 2.000000 
-405.267914 370.475098 -85.100800 2.000000 
-405.459991 371.095612 -85.332199 2.000000 
-405.015198 371.332794 -85.445702 2.000000 
-405.317413 371.761902 -85.589699 2.000000 
-405.189392 372.372498 -85.865501 2.000000 
-405.512695 372.922089 -86.003601 2.000000 
-405.471893 373.457214 -86.303802 2.000000 
-405.674988 374.139191 -86.540100 2.000000 
-405.112000 374.558594 -86.593399 2.000000 
-405.241394 374.886993 -86.723701 2.000000 
-405.195496 375.694092 -87.130699 2.000000 
-405.318298 376.374908 -87.449898 2.000000 
-405.427490 376.535706 -87.501404 2.000000 
-405.058685 377.165009 -87.726700 2.000000 
-405.110107 377.818909 -87.887604 2.000000 
-405.377289 378.092987 -88.027702 2.000000 
-405.025391 378.539001 -88.134499 2.000000 
-405.309204 379.274902 -88.454102 2.000000 
-405.612305 379.792297 -88.796204 2.000000 
-405.331299 380.348907 -88.946800 2.000000 
-405.242004 380.550110 -88.959900 2.000000 
-405.141602 381.008087 -89.120796 2.000000 
-405.388794 381.654999 -89.403702 2.000000 
-405.524414 382.068298 -89.648201 2.000000 
-405.321503 382.579498 -89.863602 2.000000 
-405.479309 383.269806 -90.010201 2.000000 
-405.145203 383.596497 -90.171501 2.000000 
-405.300812 384.324310 -90.524498 2.000000 
-405.369385 384.731995 -90.682999 2.000000 
-405.497711 385.111908 -90.741203 2.000000 
-405.335602 385.675110 -90.997597 2.000000 
-404.981415 386.209015 -91.194801 2.000000 
-405.555603 386.502899 -91.264099 2.000000 
-405.434998 387.136902 -91.503502 2.000000 
-405.078491 387.826385 -91.782402 2.000000 
-405.238312 388.296509 -91.968498 2.000000 
-405.306793 388.847412 -92.176003 2.000000 
-405.274811 389.289703 -92.436600 2.000000 
-405.058197 389.454315 -92.499199 2.000000 
-405.199097 390.469299 -92.799797 2.000000 
-405.146790 390.705994 -92.930702 2.000000 
-405.238007 391.526215 -93.255997 2.000000 
-405.015991 391.548615 -93.202103 2.000000 
-405.205994 391.990387 -93.494698 2.000000 
-405.299011 392.523895 -93.662399 2.000000 
-405.288605 393.470306 -93.974297 2.000000 
-405.333099 393.788696 -94.165901 2.000000 
-405.096100 394.229401 -94.240196 2.000000 
-405.008301 394.743103 -94.419502 2.000000 
-405.458496 395.351715 -94.823601 2.000000 
-405.060608 396.140015 -95.101402 2.000000 
-405.056702 396.678802 -95.246597 2.000000 
-405.687195 396.875610 -95.297798 2.000000 
-405.420593 397.460388 -95.537804 2.000000 
-405.294312 397.912689 -95.697098 2.000000 
-405.060089 398.238708 -95.881798 2.000000 
-405.351501 399.068390 -96.206703 2.000000 
-405.493988 399.407898 -96.273102 2.000000 
-405.269989 399.960999 -96.465302 2.000000 
-405.068695 400.143402 -96.563904 2.000000 
-405.170593 401.329803 -97.106400 2.000000 
-405.035706 401.349701 -97.041901 2.000000 
-405.342804 401.944305 -97.330498 2.000000 
-405.029602 402.562012 -97.474197 2.000000 
-405.364288 402.925690 -97.628304 2.000000 
-405.578705 403.615112 -97.994003 2.000000 
-405.109497 404.043701 -98.020897 2.000000 
-405.262695 404.738190 -98.299202 2.000000 
-405.136993 405.062714 -98.457199 2.000000 
-405.289886 405.778687 -98.768402 2.000000 
-405.047699 406.029114 -98.778397 2.000000 
-405.387207 406.471985 -98.961403 2.000000 
-405.286591 407.345398 -99.420403 2.000000 
-405.436493 407.778503 -99.602898 2.000000 
-405.282196 408.218292 -99.669296 2.000000 
-405.187897 408.494110 -99.806801 2.000000 
-405.111389 408.846710 -99.861198 2.000000 
-404.960114 409.631409 -100.251900 2.000000 
-405.249695 410.219391 -100.513802 2.000000 
-405.114990 410.580505 -100.591904 2.000000 
-405.149109 411.424591 -100.907097 2.000000 
-405.457001 411.731201 -101.027298 2.000000 
-405.198608 412.298615 -101.258301 2.000000 
-405.034698 412.647797 -101.430496 2.000000 
-405.565613 413.110504 -101.567802 2.000000 
-405.201111 413.885895 -101.898697 2.000000 
-405.338898 414.103088 -101.926697 2.000000 
-404.956299 415.003906 -102.264099 2.000000 
-405.100891 415.010498 -102.262497 2.000000 
-405.233704 415.553314 -102.456802 2.000000 
-405.126892 416.158203 -102.727402 2.000000 
-405.326996 416.478912 -102.837196 2.000000 
-405.031891 417.420013 -103.136597 2.000000 
-405.170197 417.476990 -103.256798 2.000000 
-405.191803 418.396088 -103.522797 2.000000 
-405.178802 418.947998 -103.756798 2.000000 
-405.269501 419.216492 -103.825104 2.000000 
-405.258209 419.987305 -104.175301 2.000000 
-405.293610 420.075806 -104.265404 2.000000 
-405.263092 420.708801 -104.423103 2.000000 
-405.179596 421.276703 -104.656601 2.000000 
-405.231903 421.925110 -104.869797 2.000000 
-405.112396 422.346008 -105.121399 2.000000 
-405.344696 422.858185 -105.337601 2.000000 
-405.300598 423.394012 -105.456802 2.000000 
-405.283112 423.773499 -105.557098 2.000000 
-405.371307 424.007202 -105.659798 2.000000 
-405.300201 424.881714 -106.011497 2.000000 
-405.117798 425.416809 -106.226700 2.000000 
-405.055115 425.665405 -106.329803 2.000000 
-405.257812 426.218414 -106.492104 2.000000 
-405.248108 426.947113 -106.843201 2.000000 
-405.347198 427.483795 -107.082703 2.000000 
-405.017609 428.272095 -107.214798 2.000000 
-405.345886 428.325195 -107.363998 2.000000 
-405.378510 428.681091 -107.486603 2.000000 
-405.067108 429.296600 -107.640099 2.000000 
-405.364197 430.042389 -107.930199 2.000000 
-405.396606 430.345612 -108.037201 2.000000 
-405.272491 430.974213 -108.384903 2.000000 
-405.221497 431.118805 -108.434502 2.000000 
-405.045593 431.688690 -108.629601 2.000000 
-405.005402 432.154907 -108.804604 2.000000 
-405.250488 432.640411 -108.968399 2.000000 
-405.145111 433.386597 -109.225403 2.000000 
-405.086090 433.838989 -109.428200 2.000000 
-405.454010 434.438599 -109.635803 2.000000 
-405.326599 434.965302 -109.812698 2.000000 
-405.178192 435.527191 -110.016403 2.000000 
-405.276886 435.989899 -110.238602 2.000000 
-405.083191 436.886597 -110.535202 2.000000 
-405.218597 437.171906 -110.639198 2.000000 
-404.950287 437.417786 -110.634003 2.000000 
-404.616211 366.767609 -83.540604 2.000000 
-404.649902 367.346497 -83.782997 2.000000 
-404.478088 367.831909 -84.007698 2.000000 
-404.707489 368.452698 -84.305801 2.000000 
-404.853394 368.897003 -84.385002 2.000000 
-404.815002 369.439392 -84.556999 2.000000 
-404.829712 370.003296 -84.869400 2.000000 
-404.664612 370.513214 -85.102097 2.000000 
-404.498993 370.842804 -85.129601 2.000000 
-405.037598 371.367096 -85.450996 2.000000 
-404.667114 371.917511 -85.604301 2.000000 
-404.768799 372.895813 -85.930801 2.000000 
-405.031097 372.931488 -86.003098 2.000000 
-404.791107 373.762909 -86.339500 2.000000 
-404.823303 374.016602 -86.360397 2.000000 
-404.983704 374.317200 -86.541702 2.000000 
-404.985413 374.878998 -86.826897 2.000000 
-404.720886 375.374390 -86.981598 2.000000 
-404.673187 376.070892 -87.139999 2.000000 
-404.478790 376.763489 -87.493301 2.000000 
-404.838898 377.177094 -87.641800 2.000000 
-404.492096 377.729889 -87.908302 2.000000 
-404.750610 377.821503 -87.874496 2.000000 
-404.474396 378.622589 -88.166801 2.000000 
-404.808105 378.954315 -88.357201 2.000000 
-404.882385 379.659790 -88.610397 2.000000 
-404.632996 380.033813 -88.690804 2.000000 
-404.570801 380.832092 -89.008102 2.000000 
-404.643311 380.968689 -89.068604 2.000000 
-404.643097 381.222290 -89.182701 2.000000 
-404.459900 382.107788 -89.555298 2.000000 
-404.626404 382.546509 -89.767700 2.000000 
-404.930603 383.150787 -89.921600 2.000000 
-404.686798 383.491089 -90.156799 2.000000 
-405.078094 384.062195 -90.291100 2.000000 
-404.541412 384.747986 -90.504799 2.000000 
-404.963989 385.041199 -90.727303 2.000000 
-404.757385 385.757507 -91.049599 2.000000 
-404.550507 386.241394 -91.167900 2.000000 
-405.116394 386.369202 -91.199402 2.000000 
-404.590912 386.991394 -91.434196 2.000000 
-404.521698 387.504913 -91.581001 2.000000 
-404.733185 388.131409 -91.836800 2.000000 
-404.802399 388.739410 -92.078796 2.000000 
-404.624390 389.087708 -92.220001 2.000000 
-404.601013 389.879211 -92.521797 2.000000 
-404.688690 390.811707 -92.900803 2.000000 
-404.737488 391.011902 -93.070900 2.000000 
-404.734589 391.561798 -93.241798 2.000000 
-404.838806 391.869507 -93.305000 2.000000 
-405.060791 391.956696 -93.407204 2.000000 
-404.811005 392.679901 -93.612000 2.000000 
-404.738708 393.249390 -93.938103 2.000000 
-404.727600 393.977600 -94.228104 2.000000 
-405.028992 394.242493 -94.321297 2.000000 
-404.621490 395.069305 -94.654404 2.000000 
-405.206207 395.476501 -94.754097 2.000000 
-404.747314 395.573212 -94.714104 2.000000 
-404.765198 396.644714 -95.249802 2.000000 
-404.929596 396.885498 -95.249496 2.000000 
-404.473907 397.355988 -95.402603 2.000000 
-404.805298 397.969696 -95.680901 2.000000 
-404.752594 398.215912 -95.746803 2.000000 
-404.835907 398.980896 -96.154503 2.000000 
-404.572510 399.526886 -96.352898 2.000000 
-404.987396 399.789215 -96.461899 2.000000 
-404.943298 400.653992 -96.728302 2.000000 
-404.603699 400.938293 -96.850899 2.000000 
-405.081696 401.441406 -97.079697 2.000000 
-404.577515 402.182709 -97.263100 2.000000 
-404.774109 402.240509 -97.395599 2.000000 
-404.908691 402.777710 -97.554398 2.000000 
-404.575989 403.623108 -97.873497 2.000000 
-404.599396 404.218597 -98.154198 2.000000 
-404.362488 404.241608 -98.143600 2.000000 
-404.674011 404.886505 -98.339302 2.000000 
-404.631104 405.276794 -98.556999 2.000000 
-404.805511 406.118408 -98.822403 2.000000 
-404.974091 406.466095 -98.941803 2.000000 
-404.731506 407.053406 -99.154099 2.000000 
-404.471008 407.767395 -99.411201 2.000000 
-404.791290 407.944702 -99.586197 2.000000 
-404.881195 408.710602 -99.802101 2.000000 
-404.759613 409.058899 -100.009102 2.000000 
-404.983490 409.712799 -100.163902 2.000000 
-404.575806 409.802185 -100.245201 2.000000 
-405.132111 410.399994 -100.530296 2.000000 
-404.723114 411.124512 -100.778999 2.000000 
-404.937805 411.552094 -100.995003 2.000000 
-404.488190 412.207489 -101.147301 2.000000 
-404.618500 412.796814 -101.356697 2.000000 
-404.607300 413.236511 -101.545502 2.000000 
-404.931488 413.718811 -101.803398 2.000000 
-404.830200 414.056091 -101.930397 2.000000 
-404.983704 414.610199 -102.048698 2.000000 
-405.005493 415.432312 -102.394997 2.000000 
-405.182007 416.034912 -102.626503 2.000000 
-404.640289 416.236389 -102.667000 2.000000 
-404.535004 416.829590 -102.853104 2.000000 
-404.813690 417.118195 -103.059502 2.000000 
-404.657593 417.670990 -103.287102 2.000000 
-404.673096 418.542694 -103.587196 2.000000 
-404.760895 418.769897 -103.666100 2.000000 
-404.780487 419.301300 -103.891800 2.000000 
-404.892212 419.858490 -104.058701 2.000000 
-405.077209 420.048004 -104.222603 2.000000 
-404.638702 420.703888 -104.322601 2.000000 
-404.834686 421.345215 -104.603996 2.000000 
-404.570709 421.625488 -104.694298 2.000000 
-404.916901 422.230804 -105.033501 2.000000 
-404.387604 423.101501 -105.217003 2.000000 
-405.117706 423.433899 -105.524300 2.000000 
-404.874908 424.046600 -105.740700 2.000000 
-404.648590 424.325409 -105.702103 2.000000 
-404.627289 424.731201 -105.865402 2.000000 
-404.661407 425.441711 -106.230904 2.000000 
-404.533691 425.897888 -106.409103 2.000000 
-405.030914 426.382202 -106.506401 2.000000 
-404.650391 426.737701 -106.654900 2.000000 
-404.878906 427.190186 -106.797798 2.000000 
-404.479309 427.969513 -107.132698 2.000000 
-404.780792 428.488586 -107.327202 2.000000 
-404.915985 428.889404 -107.476196 2.000000 
-404.635895 429.470398 -107.635399 2.000000 
-404.822693 429.825592 -107.908401 2.000000 
-404.576996 430.458099 -108.109596 2.000000 
-404.858612 431.142700 -108.270897 2.000000 
-404.544891 431.517792 -108.492302 2.000000 
-404.553802 432.002899 -108.582397 2.000000 
-404.814209 432.857513 -108.969101 2.000000 
-404.810486 432.742798 -108.882202 2.000000 
-404.915894 433.411407 -109.156799 2.000000 
-404.877289 434.175415 -109.541702 2.000000 
-404.959686 434.489899 -109.616600 2.000000 
-404.714111 434.918915 -109.767403 2.000000 
-404.709412 435.210114 -109.896500 2.000000 
-404.691498 436.137390 -110.266502 2.000000 
-404.543396 436.528809 -110.296303 2.000000 
-404.866608 437.256195 -110.592400 2.000000 
-404.519104 366.832703 -83.522797 2.000000 
-404.163696 367.417389 -83.755203 2.000000 
-404.437500 368.215912 -84.062500 2.000000 
-404.241791 368.561310 -84.222198 2.000000 
-404.012299 368.941895 -84.321602 2.000000 
-404.016296 369.482086 -84.522797 2.000000 
-404.419098 370.154602 -84.863998 2.000000 
-404.500793 370.529907 -85.100700 2.000000 
-403.994598 370.944885 -85.135201 2.000000 
-404.175110 371.680908 -85.499901 2.000000 
-404.459015 371.934113 -85.527603 2.000000 
-404.310211 372.556396 -85.815201 2.000000 
-404.179108 373.174011 -86.076897 2.000000 
-404.181091 373.432098 -86.098396 2.000000 
-404.432007 374.165894 -86.475601 2.000000 
-404.109009 374.614105 -86.664597 2.000000 
-404.401398 375.410614 -86.907097 2.000000 
-404.141907 375.598907 -86.984100 2.000000 
-404.351593 375.862396 -87.122498 2.000000 
-404.242401 376.678101 -87.338303 2.000000 
-404.058105 377.053894 -87.503098 2.000000 
-404.010315 377.801392 -87.901604 2.000000 
-404.321198 378.175293 -88.068703 2.000000 
-404.228485 378.564697 -88.154701 2.000000 
-404.453094 379.220093 -88.399902 2.000000 
-404.027496 379.451202 -88.546204 2.000000 
-404.291290 380.262299 -88.780998 2.000000 
-404.002899 380.632904 -88.979599 2.000000 
-404.133698 381.261810 -89.163902 2.000000 
-404.399292 381.480103 -89.287102 2.000000 
-404.385406 381.812286 -89.389000 2.000000 
-404.239105 382.478607 -89.704300 2.000000 
-404.222687 383.312103 -90.034103 2.000000 
-404.459503 383.724487 -90.132301 2.000000 
-404.146790 384.315094 -90.320900 2.000000 
-404.113403 384.678192 -90.566002 2.000000 
-404.318787 385.519897 -90.821404 2.000000 
-404.191498 385.417389 -90.879601 2.000000 
-404.303497 386.317596 -91.099098 2.000000 
-404.403290 386.811493 -91.374702 2.000000 
-404.324188 386.941986 -91.352699 2.000000 
-404.131989 387.666809 -91.670898 2.000000 
-404.057892 387.850098 -91.752296 2.000000 
-404.093903 388.876587 -92.170303 2.000000 
-404.147797 389.541992 -92.481201 2.000000 
-404.616791 389.938904 -92.549400 2.000000 
-404.343414 390.336792 -92.750999 2.000000 
-404.356506 391.010193 -92.932800 2.000000 
-404.279205 391.476715 -93.178902 2.000000 
-404.300995 391.369904 -93.138496 2.000000 
-404.081299 391.818909 -93.258400 2.000000 
-404.416199 392.718506 -93.604797 2.000000 
-404.494690 393.407013 -93.862999 2.000000 
-404.218506 394.307495 -94.268700 2.000000 
-404.210907 394.323608 -94.232300 2.000000 
-404.168701 394.827087 -94.457001 2.000000 
-404.385193 395.275696 -94.698303 2.000000 
-404.383392 396.010712 -94.861504 2.000000 
-404.461212 396.393707 -95.047302 2.000000 
-404.209595 397.135986 -95.359398 2.000000 
-404.298004 397.501007 -95.506104 2.000000 
-404.074402 397.963409 -95.665901 2.000000 
-404.430115 398.449799 -95.890404 2.000000 
-404.070709 398.857391 -95.980202 2.000000 
-404.366791 399.525391 -96.346901 2.000000 
-404.471100 399.726990 -96.306000 2.000000 
-404.520905 400.441711 -96.571999 2.000000 
-404.258606 400.955811 -96.814400 2.000000 
-404.196686 401.366089 -96.969498 2.000000 
-404.363800 402.216705 -97.361198 2.000000 
-404.129303 402.353088 -97.420197 2.000000 
-404.260986 403.221802 -97.746101 2.000000 
-404.281097 403.604889 -97.884598 2.000000 
-404.323395 404.142090 -98.059303 2.000000 
-404.388214 404.712006 -98.251404 2.000000 
-403.956085 404.889496 -98.329102 2.000000 
-404.371796 405.377106 -98.566704 2.000000 
-404.176086 406.105804 -98.852402 2.000000 
-404.231903 406.849487 -99.059303 2.000000 
-404.021210 406.756989 -98.971100 2.000000 
-404.139008 407.428986 -99.285004 2.000000 
-404.133392 408.029388 -99.489899 2.000000 
-404.067108 408.451202 -99.656799 2.000000 
-404.232300 408.872314 -99.871803 2.000000 
-404.496307 409.630493 -100.174004 2.000000 
-404.614410 409.981812 -100.302002 2.000000 
-404.221100 410.591187 -100.500999 2.000000 
-404.321198 411.129089 -100.743896 2.000000 
-404.222412 411.368195 -100.817001 2.000000 
-404.174500 411.874115 -101.016197 2.000000 
-404.061005 412.875000 -101.344101 2.000000 
-404.014709 413.367004 -101.550301 2.000000 
-404.184998 413.908905 -101.720299 2.000000 
-404.066406 414.334991 -101.917999 2.000000 
-404.470703 414.635986 -102.021599 2.000000 
-404.131287 414.930908 -102.130798 2.000000 
-404.220490 415.975708 -102.495499 2.000000 
-404.387909 416.358093 -102.727699 2.000000 
-404.274902 416.742706 -102.905899 2.000000 
-403.850708 417.171387 -102.945396 2.000000 
-404.220215 417.769592 -103.310699 2.000000 
-404.110596 418.266510 -103.355698 2.000000 
-404.117096 418.753387 -103.603600 2.000000 
-404.106812 419.320587 -103.856300 2.000000 
-404.252289 419.539490 -103.865196 2.000000 
-404.098297 420.426697 -104.201302 2.000000 
-404.136108 420.794098 -104.430702 2.000000 
-404.343597 421.710114 -104.800003 2.000000 
-404.391388 422.099792 -104.863403 2.000000 
-404.246704 422.056885 -104.872498 2.000000 
-404.188507 422.780609 -105.092300 2.000000 
-404.143799 423.719910 -105.521004 2.000000 
-404.350189 423.660187 -105.477203 2.000000 
-404.485901 424.516907 -105.885696 2.000000 
-403.878296 425.019287 -105.895599 2.000000 
-404.034485 425.554901 -106.206596 2.000000 
-404.102112 425.728790 -106.311996 2.000000 
-404.265198 426.443787 -106.556198 2.000000 
-404.299408 426.846008 -106.662102 2.000000 
-404.137390 427.213196 -106.815598 2.000000 
-404.170502 427.786987 -107.042198 2.000000 
-404.378510 428.306885 -107.203400 2.000000 
-404.062592 428.894501 -107.430199 2.000000 
-404.368408 429.359100 -107.616898 2.000000 
-404.427094 429.851410 -107.784302 2.000000 
-404.194305 430.394592 -108.052597 2.000000 
-404.321808 430.801910 -108.179001 2.000000 
-404.256897 431.523193 -108.412598 2.000000 
-404.242096 432.100311 -108.598297 2.000000 
-404.362488 432.516815 -108.833702 2.000000 
-404.324402 433.005707 -109.066399 2.000000 
-404.192200 433.534393 -109.131798 2.000000 
-404.157410 434.095306 -109.460800 2.000000 
-404.395111 434.618713 -109.655602 2.000000 
-404.181213 434.862305 -109.673203 2.000000 
-404.219513 435.540802 -109.922501 2.000000 
-404.231995 436.254395 -110.220596 2.000000 
-404.227295 436.470795 -110.295700 2.000000 
-404.463898 437.050690 -110.483803 2.000000 
-403.900696 366.687500 -83.446800 2.000000 
-403.636292 367.470612 -83.768097 2.000000 
-403.592102 367.625793 -83.882500 2.000000 
-403.493988 368.605804 -84.201202 2.000000 
-403.467010 368.899292 -84.349403 2.000000 
-403.725311 369.399689 -84.507599 2.000000 
-403.813293 369.618103 -84.640099 2.000000 
-403.692505 370.589203 -85.023300 2.000000 
-403.334015 371.238098 -85.209801 2.000000 
-403.545502 371.532196 -85.354500 2.000000 
-403.751892 371.834290 -85.437202 2.000000 
-403.360504 372.524292 -85.683899 2.000000 
-403.769012 372.854004 -85.853302 2.000000 
-403.514313 373.601990 -86.211098 2.000000 
-403.928009 373.871613 -86.302200 2.000000 
-403.496796 374.552612 -86.480301 2.000000 
-403.718597 375.046692 -86.700401 2.000000 
-403.796112 375.356415 -86.881599 2.000000 
-403.765900 375.994202 -87.125198 2.000000 
-403.880096 376.502197 -87.366501 2.000000 
-403.687286 376.906586 -87.504601 2.000000 
-403.381805 377.722687 -87.724701 2.000000 
-403.749390 377.766388 -87.734200 2.000000 
-403.753693 378.339508 -87.975304 2.000000 
-403.858887 379.057404 -88.347000 2.000000 
-403.815613 379.720215 -88.639397 2.000000 
-403.703186 380.565704 -88.859596 2.000000 
-403.578613 380.486115 -88.818100 2.000000 
-403.645813 381.292694 -89.168297 2.000000 
-403.712311 381.381714 -89.129601 2.000000 
-403.812592 382.003815 -89.456100 2.000000 
-403.936188 382.307404 -89.578400 2.000000 
-403.708588 383.199799 -89.920998 2.000000 
-403.796906 383.631592 -90.072197 2.000000 
-403.687012 384.348206 -90.418602 2.000000 
-403.508209 384.657196 -90.393303 2.000000 
-403.820496 385.255890 -90.712097 2.000000 
-403.861603 385.437408 -90.816597 2.000000 
-403.566589 386.595886 -91.218102 2.000000 
-403.751801 386.443695 -91.239502 2.000000 
-403.835693 387.351593 -91.607101 2.000000 
-403.473602 387.589813 -91.639297 2.000000 
-403.709686 388.058685 -91.820801 2.000000 
-403.756500 388.637207 -91.987701 2.000000 
-403.566193 388.821594 -92.019096 2.000000 
-403.570709 389.440308 -92.345100 2.000000 
-403.666901 390.283905 -92.699699 2.000000 
-403.520905 390.871399 -92.896202 2.000000 
-403.583801 391.198914 -93.024200 2.000000 
-403.856903 391.771606 -93.189201 2.000000 
-403.513214 392.277496 -93.433899 2.000000 
-403.900696 392.929504 -93.727402 2.000000 
-403.699402 393.370697 -93.853500 2.000000 
-403.674988 393.776489 -93.954803 2.000000 
-403.513306 394.950897 -94.492104 2.000000 
-403.813507 395.061096 -94.550201 2.000000 
-403.849213 394.992706 -94.543503 2.000000 
-403.560486 395.877411 -94.776703 2.000000 
-403.703186 396.581207 -95.111000 2.000000 
-403.529907 396.996002 -95.247101 2.000000 
-403.732391 397.474091 -95.445099 2.000000 
-403.390686 397.693298 -95.450302 2.000000 
-403.633698 398.282806 -95.775902 2.000000 
-403.926300 399.144196 -96.040100 2.000000 
-403.578491 399.067810 -96.109703 2.000000 
-403.717194 399.854004 -96.321602 2.000000 
-403.484985 400.203094 -96.441002 2.000000 
-403.528687 400.979614 -96.828201 2.000000 
-403.899994 401.760895 -97.053703 2.000000 
-403.668793 401.721497 -97.088501 2.000000 
-403.697205 402.733398 -97.407997 2.000000 
-403.598114 402.996613 -97.550301 2.000000 
-403.242096 403.513306 -97.735397 2.000000 
-403.774902 404.148895 -97.968399 2.000000 
-403.735596 404.495300 -98.156700 2.000000 
-403.747192 404.986206 -98.328903 2.000000 
-403.792786 405.623108 -98.625603 2.000000 
-403.763214 405.932892 -98.725899 2.000000 
-403.347198 406.458313 -98.920601 2.000000 
-403.487610 406.737305 -99.033302 2.000000 
-403.623291 407.650696 -99.331497 2.000000 
-403.566986 407.793915 -99.455597 2.000000 
-403.782288 408.380493 -99.612999 2.000000 
-403.474304 408.824402 -99.844002 2.000000 
-403.849213 409.502106 -100.038200 2.000000 
-403.636414 409.814911 -100.225403 2.000000 
-403.871002 410.222290 -100.284103 2.000000 
-403.871704 410.773804 -100.539001 2.000000 
-404.002686 411.446289 -100.772598 2.000000 
-403.532501 412.313599 -101.069000 2.000000 
-403.830902 412.387512 -101.176598 2.000000 
-403.823395 413.418488 -101.488899 2.000000 
-403.636902 413.471802 -101.573898 2.000000 
-403.705902 413.922485 -101.795700 2.000000 
-403.576996 414.930603 -102.063698 2.000000 
-403.517212 415.228485 -102.276802 2.000000 
-403.948303 415.704193 -102.506897 2.000000 
-403.693909 416.406708 -102.749100 2.000000 
-403.685608 416.624298 -102.828598 2.000000 
-403.406708 417.290405 -103.050797 2.000000 
-403.750092 417.700195 -103.235298 2.000000 
-403.772797 417.958588 -103.292503 2.000000 
-403.815186 419.058105 -103.690201 2.000000 
-403.640106 419.126312 -103.675400 2.000000 
-403.454102 419.730194 -103.945602 2.000000 
-403.724304 420.416412 -104.180603 2.000000 
-403.859711 420.629913 -104.360901 2.000000 
-403.621185 421.273499 -104.580002 2.000000 
-403.429596 421.675903 -104.631897 2.000000 
-403.628815 422.492798 -105.012497 2.000000 
-403.838898 422.541504 -104.952202 2.000000 
-403.659393 423.184204 -105.185303 2.000000 
-403.486298 423.857391 -105.457497 2.000000 
-403.760101 424.432312 -105.779099 2.000000 
-403.623199 424.939789 -105.878998 2.000000 
-403.819397 425.319397 -106.060097 2.000000 
-403.710114 425.504486 -106.109703 2.000000 
-403.813110 426.297607 -106.481400 2.000000 
-403.800507 426.770813 -106.579002 2.000000 
-403.652008 427.597504 -106.976799 2.000000 
-403.515289 428.035004 -107.047401 2.000000 
-403.703888 428.322601 -107.241402 2.000000 
-403.472198 428.879608 -107.443802 2.000000 
-403.551605 429.452087 -107.680801 2.000000 
-403.742615 429.702301 -107.654198 2.000000 
-403.832611 430.289093 -107.880096 2.000000 
-403.545898 430.847504 -108.159103 2.000000 
-403.765289 431.469086 -108.347504 2.000000 
-403.798309 431.874908 -108.605797 2.000000 
-403.997406 432.273285 -108.719299 2.000000 
-403.584015 433.063690 -109.020500 2.000000 
-403.907196 433.647491 -109.144402 2.000000 
-403.867798 433.933289 -109.267403 2.000000 
-403.622498 434.358398 -109.466003 2.000000 
-403.639893 434.684814 -109.538200 2.000000 
-403.850708 435.366302 -109.803802 2.000000 
-403.341309 436.158386 -110.141296 2.000000 
-403.782593 436.465912 -110.200500 2.000000 
-403.746185 437.152405 -110.509201 2.000000 
-403.484009 367.990112 -84.020798 2.000000 
-403.406006 368.664215 -84.264801 2.000000 
-403.173004 370.590515 -85.010101 2.000000 
-403.250397 370.996002 -85.157898 2.000000 
-403.319885 371.877991 -85.429604 2.000000 
-403.028015 372.390594 -85.709000 2.000000 
-402.974213 373.015808 -85.870102 2.000000 
-403.346497 373.323700 -86.092598 2.000000 
-402.735809 373.844788 -86.235397 2.000000 
-403.192596 374.440796 -86.410202 2.000000 
-403.173492 374.670502 -86.550102 2.000000 
-403.280090 375.691895 -86.941704 2.000000 
-403.179688 376.033600 -87.042099 2.000000 
-403.327301 376.553711 -87.289902 2.000000 
-403.331390 376.960907 -87.506798 2.000000 
-403.360504 377.594513 -87.647598 2.000000 
-402.990295 377.766602 -87.722801 2.000000 
-403.110291 378.342102 -87.945099 2.000000 
-403.157898 379.220703 -88.313698 2.000000 
-403.022614 379.537994 -88.433899 2.000000 
-403.436890 380.098602 -88.730103 2.000000 
-403.233002 380.480591 -88.856796 2.000000 
-403.207489 381.312897 -89.143303 2.000000 
-402.996185 381.407715 -89.173798 2.000000 
-403.174194 381.934692 -89.366402 2.000000 
-402.997986 382.669403 -89.635300 2.000000 
-403.190491 383.105194 -89.814003 2.000000 
-402.999908 383.485992 -89.922699 2.000000 
-403.189392 384.015900 -90.159500 2.000000 
-403.247314 384.643311 -90.500198 2.000000 
-403.100311 385.129608 -90.561203 2.000000 
-403.110291 385.835907 -90.855499 2.000000 
-403.045807 386.220886 -91.068199 2.000000 
-403.317993 386.434998 -91.062698 2.000000 
-403.137512 387.066711 -91.354698 2.000000 
-403.412598 387.778290 -91.670898 2.000000 
-403.006592 388.189911 -91.823898 2.000000 
-403.257111 388.803314 -91.995300 2.000000 
-402.953308 389.156311 -92.202003 2.000000 
-403.286987 389.874786 -92.523499 2.000000 
-403.484406 390.024689 -92.484596 2.000000 
-403.097595 390.718994 -92.753502 2.000000 
-403.117310 391.270203 -93.035599 2.000000 
-403.093414 391.619110 -93.148804 2.000000 
-403.214600 392.107513 -93.302498 2.000000 
-403.144287 392.740387 -93.499496 2.000000 
-402.962585 393.285706 -93.800102 2.000000 
-403.166901 393.991394 -94.121002 2.000000 
-403.336700 394.506012 -94.338898 2.000000 
-402.854401 394.748199 -94.247200 2.000000 
-402.925995 395.359314 -94.607697 2.000000 
-403.154785 395.835205 -94.696198 2.000000 
-403.227692 396.417786 -95.003998 2.000000 
-403.386292 396.812714 -95.167702 2.000000 
-402.967285 397.206512 -95.216698 2.000000 
-403.016296 397.833801 -95.506798 2.000000 
-403.185791 398.195190 -95.640099 2.000000 
-403.208801 398.701508 -95.862396 2.000000 
-403.443207 399.680389 -96.335701 2.000000 
-403.095398 399.824493 -96.301598 2.000000 
-403.040497 400.817596 -96.632500 2.000000 
-403.299896 401.157715 -96.771599 2.000000 
-403.276489 401.599792 -97.016701 2.000000 
-403.288208 402.060486 -97.173103 2.000000 
-402.822388 402.743103 -97.459702 2.000000 
-403.005798 402.804688 -97.491302 2.000000 
-403.527893 403.513306 -97.770103 2.000000 
-403.061493 403.928314 -97.813797 2.000000 
-402.967804 404.391998 -98.114403 2.000000 
-403.088989 404.875702 -98.231201 2.000000 
-402.975891 405.669403 -98.542000 2.000000 
-403.133301 406.079010 -98.734802 2.000000 
-403.079895 406.513000 -98.832802 2.000000 
-403.287506 407.094513 -99.156197 2.000000 
-403.517303 407.839508 -99.432297 2.000000 
-403.212006 408.285095 -99.583397 2.000000 
-403.284393 408.664215 -99.640701 2.000000 
-403.322510 409.051605 -99.863503 2.000000 
-403.211792 409.564514 -100.073402 2.000000 
-403.292694 410.332001 -100.378700 2.000000 
-402.903809 410.501007 -100.383400 2.000000 
-403.060394 411.220490 -100.621201 2.000000 
-403.195496 411.510315 -100.854599 2.000000 
-403.626007 412.214111 -101.023300 2.000000 
-402.922485 412.465912 -101.173500 2.000000 
-403.346100 413.290802 -101.470100 2.000000 
-403.287811 413.306885 -101.533501 2.000000 
-403.549896 414.154510 -101.839996 2.000000 
-403.077301 414.893311 -102.061096 2.000000 
-403.271606 415.183990 -102.228401 2.000000 
-403.093597 415.943909 -102.506302 2.000000 
-402.915588 416.338715 -102.544403 2.000000 
-403.301086 416.619202 -102.665604 2.000000 
-403.183899 417.141510 -102.855301 2.000000 
-403.509888 417.613098 -103.134003 2.000000 
-403.269989 418.262299 -103.395103 2.000000 
-403.282501 418.713501 -103.534500 2.000000 
-402.977509 419.142395 -103.738297 2.000000 
-403.275787 419.579590 -103.834297 2.000000 
-403.296387 420.374695 -104.203598 2.000000 
-403.259796 420.752594 -104.371498 2.000000 
-403.450104 421.130402 -104.491096 2.000000 
-402.962494 422.128296 -104.866203 2.000000 
-403.258911 422.389587 -104.900497 2.000000 
-403.169891 422.598114 -105.059601 2.000000 
-403.015503 423.365601 -105.206299 2.000000 
-403.355499 423.691406 -105.444397 2.000000 
-403.230896 424.147400 -105.631897 2.000000 
-403.355103 424.906189 -105.851303 2.000000 
-403.327789 425.142792 -105.915100 2.000000 
-403.273499 425.819214 -106.255600 2.000000 
-403.323914 426.425812 -106.441299 2.000000 
-403.524811 426.749207 -106.520401 2.000000 
-403.319885 427.134003 -106.775902 2.000000 
-403.142212 427.839691 -107.044197 2.000000 
-403.015900 428.377197 -107.175102 2.000000 
-403.303497 429.131714 -107.495598 2.000000 
-403.008514 429.297302 -107.472000 2.000000 
-403.325989 430.470703 -108.035896 2.000000 
-403.183411 430.702515 -108.087502 2.000000 
-402.940186 430.872101 -108.075996 2.000000 
-403.009094 431.426697 -108.234703 2.000000 
-403.489197 431.997406 -108.522598 2.000000 
-403.001587 432.424988 -108.673302 2.000000 
-403.170410 433.052094 -108.884804 2.000000 
-403.138306 433.335907 -109.101402 2.000000 
-402.920685 433.816589 -109.217300 2.000000 
-402.998901 434.475800 -109.499001 2.000000 
-402.991486 434.931213 -109.617500 2.000000 
-403.041687 435.524902 -109.802803 2.000000 
-403.336212 435.877991 -109.929100 2.000000 
-403.364105 436.355011 -110.207603 2.000000 
-403.232086 437.055298 -110.384201 2.000000 
-403.141815 437.140808 -110.485298 2.000000 
-403.065308 371.929413 -85.495598 2.000000 
-402.695496 373.246490 -85.934196 2.000000 
-402.770386 373.358307 -86.000900 2.000000 
-402.920105 373.751099 -86.144600 2.000000 
-402.588104 374.530701 -86.513397 2.000000 
-402.544006 375.055786 -86.667198 2.000000 
-402.539001 375.504700 -86.748199 2.000000 
-402.555695 376.079193 -86.979401 2.000000 
-402.516602 376.782501 -87.379898 2.000000 
-402.157104 376.743713 -87.252296 2.000000 
-402.804993 377.276703 -87.491203 2.000000 
-402.477814 378.081696 -87.883301 2.000000 
-402.537903 378.494904 -88.046097 2.000000 
-402.798004 378.997314 -88.141403 2.000000 
-402.450104 379.483795 -88.345398 2.000000 
-402.901489 380.220886 -88.756599 2.000000 
-402.500397 380.543304 -88.834198 2.000000 
-402.674194 381.132202 -89.004898 2.000000 
-402.500000 381.820404 -89.288399 2.000000 
-402.542694 382.262909 -89.464302 2.000000 
-402.475311 382.378601 -89.496300 2.000000 
-403.078796 383.379791 -89.958801 2.000000 
-402.725800 383.802887 -90.033798 2.000000 
-402.557587 383.695709 -90.064598 2.000000 
-402.873199 384.787994 -90.462196 2.000000 
-402.716705 385.372498 -90.605698 2.000000 
-402.479614 385.573608 -90.672096 2.000000 
-402.732300 386.503204 -91.179703 2.000000 
-402.973511 386.622498 -91.247498 2.000000 
-402.711700 386.956512 -91.354401 2.000000 
-402.422791 387.669586 -91.492203 2.000000 
-402.865387 388.628906 -91.952904 2.000000 
-402.436707 389.099915 -92.162804 2.000000 
-402.733887 389.345215 -92.180901 2.000000 
-402.501587 389.643707 -92.254097 2.000000 
-402.756897 390.612610 -92.695602 2.000000 
-402.903503 390.843292 -92.780403 2.000000 
-403.232300 391.320709 -93.011101 2.000000 
-402.933990 391.702911 -93.103897 2.000000 
-402.983490 392.199890 -93.289902 2.000000 
-402.769989 392.687714 -93.506401 2.000000 
-402.677612 393.375885 -93.703300 2.000000 
-402.750702 393.742310 -93.993202 2.000000 
-402.533112 394.314514 -94.188698 2.000000 
-402.566315 394.697815 -94.291397 2.000000 
-402.597504 395.294312 -94.450897 2.000000 
-402.422913 396.044006 -94.755600 2.000000 
-402.679810 396.092590 -94.794403 2.000000 
-402.857910 396.933807 -95.221001 2.000000 
-402.746704 397.080597 -95.251999 2.000000 
-402.829193 397.872498 -95.546097 2.000000 
-402.599487 398.425201 -95.666397 2.000000 
-402.760986 399.123688 -95.968498 2.000000 
-402.583008 399.372803 -96.104301 2.000000 
-402.513092 399.693909 -96.188499 2.000000 
-402.782715 400.304596 -96.441399 2.000000 
-402.597198 400.728699 -96.651299 2.000000 
-402.548798 401.442413 -96.924004 2.000000 
-402.605286 401.792206 -97.080704 2.000000 
-402.685211 402.648010 -97.289902 2.000000 
-402.606201 403.133301 -97.503197 2.000000 
-402.554108 403.360199 -97.615997 2.000000 
-402.644012 403.757111 -97.840103 2.000000 
-402.577209 404.421295 -98.078102 2.000000 
-402.474915 404.838409 -98.135902 2.000000 
-402.876099 405.332886 -98.375298 2.000000 
-402.514709 405.768188 -98.481201 2.000000 
-402.796906 406.483887 -98.791496 2.000000 
-402.888885 407.102295 -99.080200 2.000000 
-402.999390 407.440002 -99.199799 2.000000 
-402.809601 408.247894 -99.455597 2.000000 
-402.847992 408.405212 -99.612000 2.000000 
-402.797699 409.274689 -99.961098 2.000000 
-402.520111 409.556488 -99.965103 2.000000 
-402.844208 410.233612 -100.203598 2.000000 
-402.603912 410.940704 -100.505203 2.000000 
-402.805695 411.205505 -100.698196 2.000000 
-402.874512 411.409790 -100.765503 2.000000 
-402.660004 411.790894 -100.776001 2.000000 
-402.540100 412.721802 -101.254898 2.000000 
-402.247498 413.195892 -101.422699 2.000000 
-402.618011 413.896912 -101.622200 2.000000 
-402.854004 414.248596 -101.790298 2.000000 
-402.691406 414.908997 -102.027298 2.000000 
-402.660614 415.022186 -102.154602 2.000000 
-402.779602 415.747192 -102.352501 2.000000 
-402.579010 416.334686 -102.562302 2.000000 
-402.592987 416.801697 -102.797798 2.000000 
-402.622406 417.318695 -102.936897 2.000000 
-402.640594 418.005402 -103.273697 2.000000 
-402.604187 418.065399 -103.223396 2.000000 
-402.711609 418.892303 -103.487701 2.000000 
-402.481293 418.985809 -103.512199 2.000000 
-402.742096 419.776093 -103.936401 2.000000 
-402.590698 420.243896 -104.081497 2.000000 
-402.335388 420.976288 -104.380203 2.000000 
-402.670502 421.332489 -104.513603 2.000000 
-402.832794 421.743591 -104.632797 2.000000 
-402.670593 422.430908 -104.841904 2.000000 
-402.626190 423.115997 -105.181702 2.000000 
-402.663300 423.234406 -105.229103 2.000000 
-402.978485 423.886292 -105.468102 2.000000 
-402.583496 424.328796 -105.650902 2.000000 
-402.705292 425.024811 -105.920998 2.000000 
-402.640289 425.172485 -105.925697 2.000000 
-402.722290 426.241791 -106.345398 2.000000 
-402.674591 426.146606 -106.354301 2.000000 
-402.877289 426.805298 -106.609497 2.000000 
-402.628113 427.555298 -106.779503 2.000000 
-402.522705 427.896210 -106.876099 2.000000 
-402.537598 428.492096 -107.142197 2.000000 
-402.673096 428.987610 -107.366302 2.000000 
-402.850311 429.446808 -107.525398 2.000000 
-402.604187 429.910309 -107.665001 2.000000 
-402.989899 430.689209 -108.051498 2.000000 
-402.802612 431.116791 -108.244698 2.000000 
-402.850098 431.901093 -108.541603 2.000000 
-402.556885 431.988586 -108.526802 2.000000 
-402.533905 432.673401 -108.719498 2.000000 
-403.187195 433.022705 -108.989403 2.000000 
-402.472504 433.587006 -109.013298 2.000000 
-402.815704 433.806610 -109.228500 2.000000 
-402.864807 434.618500 -109.435799 2.000000 
-402.813812 434.987396 -109.552597 2.000000 
-402.537903 435.419495 -109.775703 2.000000 
-402.647003 435.733795 -109.913399 2.000000 
-402.612000 436.601990 -110.181503 2.000000 
-402.353088 375.771515 -86.877197 2.000000 
-402.451813 376.582703 -87.282700 2.000000 
-402.266113 377.127106 -87.369904 2.000000 
-402.265900 377.337708 -87.498901 2.000000 
-402.413513 378.086914 -87.889000 2.000000 
-402.018494 378.186798 -87.802498 2.000000 
-402.173798 379.226013 -88.284203 2.000000 
-401.969910 379.434509 -88.347900 2.000000 
-402.042297 380.179993 -88.572502 2.000000 
-402.358307 380.546814 -88.704102 2.000000 
-402.402710 381.285004 -89.070099 2.000000 
-402.280090 381.220398 -89.080101 2.000000 
-402.577301 382.336700 -89.495697 2.000000 
-402.174500 382.753693 -89.607399 2.000000 
-402.085297 383.175201 -89.813599 2.000000 
-402.143494 383.572113 -89.943703 2.000000 
-402.076813 383.987488 -90.103600 2.000000 
-402.419495 384.541412 -90.347603 2.000000 
-402.039398 385.064301 -90.552803 2.000000 
-402.075592 385.651489 -90.680702 2.000000 
-401.878906 386.280609 -90.930901 2.000000 
-402.149689 386.666687 -91.136803 2.000000 
-402.057587 387.415497 -91.440697 2.000000 
-402.212891 387.780701 -91.598000 2.000000 
-401.903992 388.039001 -91.589699 2.000000 
-402.229004 388.822815 -91.955399 2.000000 
-402.010712 389.070312 -92.086700 2.000000 
-402.046906 390.119812 -92.453300 2.000000 
-402.558411 390.361298 -92.554901 2.000000 
-402.368408 390.919708 -92.822701 2.000000 
-401.779785 391.247803 -92.863701 2.000000 
-402.274200 392.093414 -93.207802 2.000000 
-401.893585 392.452515 -93.295303 2.000000 
-402.303802 392.771515 -93.456902 2.000000 
-402.174194 393.336090 -93.753601 2.000000 
-402.234192 393.593292 -93.846298 2.000000 
-401.984406 394.243408 -94.041702 2.000000 
-401.926208 394.872589 -94.304398 2.000000 
-402.039490 395.425415 -94.530502 2.000000 
-402.176514 395.804810 -94.681999 2.000000 
-402.181091 396.388092 -94.838600 2.000000 
-402.034790 397.009613 -95.195297 2.000000 
-402.265411 397.283813 -95.235199 2.000000 
-402.540009 397.782410 -95.448502 2.000000 
-402.530609 398.388092 -95.743401 2.000000 
-402.480988 398.931702 -95.915901 2.000000 
-402.294006 399.479614 -96.115799 2.000000 
-402.242798 399.958191 -96.349998 2.000000 
-402.238708 400.448792 -96.463997 2.000000 
-402.204803 400.831604 -96.637001 2.000000 
-401.889099 401.317902 -96.795799 2.000000 
-401.942902 402.347900 -97.149200 2.000000 
-402.291992 402.402710 -97.223999 2.000000 
-402.178314 402.950989 -97.429398 2.000000 
-402.331909 403.401703 -97.588097 2.000000 
-401.992706 403.968506 -97.837502 2.000000 
-402.281006 404.393707 -98.028198 2.000000 
-402.181610 405.076385 -98.300400 2.000000 
-402.158997 405.632111 -98.495598 2.000000 
-401.871704 406.028015 -98.578003 2.000000 
-402.085297 406.805115 -98.852097 2.000000 
-402.279114 407.157501 -99.119797 2.000000 
-402.427399 407.548309 -99.221703 2.000000 
-402.165802 407.971313 -99.387901 2.000000 
-402.231598 408.636810 -99.585197 2.000000 
-402.455688 409.247192 -99.861298 2.000000 
-402.316315 409.723602 -100.028702 2.000000 
-402.507111 409.933594 -100.099503 2.000000 
-402.329498 410.662109 -100.320297 2.000000 
-401.948608 411.042297 -100.529602 2.000000 
-401.916687 411.708893 -100.829597 2.000000 
-402.008514 412.066406 -100.870201 2.000000 
-402.048004 412.423309 -100.985199 2.000000 
-402.114105 413.183899 -101.368500 2.000000 
-402.327393 413.659302 -101.523598 2.000000 
-402.113800 414.226990 -101.738098 2.000000 
-402.102386 414.689209 -101.927498 2.000000 
-402.297211 415.219604 -102.154602 2.000000 
-402.304413 415.762695 -102.406998 2.000000 
-401.984192 416.320496 -102.535698 2.000000 
-402.306396 416.558807 -102.686699 2.000000 
-402.047699 417.145599 -102.881599 2.000000 
-402.535492 417.891113 -103.236801 2.000000 
-402.360901 418.426208 -103.410103 2.000000 
-402.178986 418.950989 -103.525002 2.000000 
-402.432190 419.244812 -103.727303 2.000000 
-402.112213 419.781586 -103.811798 2.000000 
-402.600189 420.200714 -103.990898 2.000000 
-402.399689 420.998901 -104.369598 2.000000 
-401.983185 421.384796 -104.449699 2.000000 
-402.289215 421.855591 -104.642700 2.000000 
-402.038696 422.344086 -104.761200 2.000000 
-402.187286 422.787292 -104.963097 2.000000 
-402.073212 423.459595 -105.164902 2.000000 
-402.307800 423.844513 -105.369202 2.000000 
-401.842804 424.141907 -105.468102 2.000000 
-402.186890 424.828094 -105.787697 2.000000 
-402.118896 425.360291 -105.962700 2.000000 
-402.317291 425.866302 -106.232697 2.000000 
-402.223694 426.394409 -106.342201 2.000000 
-402.176300 427.094604 -106.583397 2.000000 
-402.152893 427.469391 -106.763397 2.000000 
-401.821594 427.946198 -106.845596 2.000000 
-402.297089 428.648193 -107.137901 2.000000 
-402.306091 428.889709 -107.323097 2.000000 
-402.336700 429.473511 -107.478699 2.000000 
-402.078796 430.075104 -107.705002 2.000000 
-402.260315 430.284912 -107.843498 2.000000 
-401.981506 431.075500 -108.114403 2.000000 
-402.023590 431.586304 -108.331902 2.000000 
-402.296387 431.958801 -108.524399 2.000000 
-401.999603 432.260712 -108.526299 2.000000 
-402.546692 432.904510 -108.859200 2.000000 
-402.303192 433.441193 -109.079002 2.000000 
-401.889801 433.884399 -109.138802 2.000000 
-402.092987 434.467194 -109.298798 2.000000 
-402.214600 435.221710 -109.645798 2.000000 
-402.256104 435.834015 -109.917000 2.000000 
-402.073486 436.158813 -110.033699 2.000000 
-402.291809 436.389008 -110.072197 2.000000 
-401.678802 380.466309 -88.660896 2.000000 
-401.616913 381.152100 -88.938797 2.000000 
-401.709106 381.399994 -89.103104 2.000000 
-401.639587 382.226990 -89.413498 2.000000 
-401.727386 382.919312 -89.705597 2.000000 
-401.602600 383.051300 -89.621002 2.000000 
-401.951202 383.629791 -89.944000 2.000000 
-401.384308 383.965698 -89.963799 2.000000 
-401.426697 384.745697 -90.265099 2.000000 
-401.856598 384.965698 -90.395699 2.000000 
-401.780304 385.606201 -90.755203 2.000000 
-401.402100 386.196106 -90.846397 2.000000 
-401.536591 386.917511 -91.176598 2.000000 
-401.339905 387.404999 -91.425102 2.000000 
-401.763000 387.718689 -91.453400 2.000000 
-401.605011 388.368591 -91.742699 2.000000 
-401.764313 388.667511 -91.838203 2.000000 
-401.545197 389.183289 -92.087700 2.000000 
-401.777191 389.334686 -92.082001 2.000000 
-401.731689 390.203186 -92.418098 2.000000 
-401.448608 390.493805 -92.626404 2.000000 
-401.413208 391.032013 -92.767899 2.000000 
-401.800690 391.617401 -93.004402 2.000000 
-401.758698 392.273193 -93.279900 2.000000 
-401.250214 392.794006 -93.470497 2.000000 
-401.725586 393.252808 -93.723297 2.000000 
-401.759705 393.923004 -93.959198 2.000000 
-401.726105 394.156891 -94.002800 2.000000 
-401.776703 395.099213 -94.349701 2.000000 
-402.037903 395.727203 -94.585197 2.000000 
-401.429199 395.988800 -94.635498 2.000000 
-402.082001 396.739594 -95.079803 2.000000 
-401.540314 396.749603 -94.939201 2.000000 
-401.934814 397.259613 -95.175598 2.000000 
-401.355988 397.933594 -95.410698 2.000000 
-401.445404 398.674194 -95.771500 2.000000 
-401.987213 398.741486 -95.761803 2.000000 
-401.465912 399.443390 -96.073898 2.000000 
-401.969788 399.932892 -96.311401 2.000000 
-401.725098 400.403198 -96.407303 2.000000 
-401.669098 401.023895 -96.621101 2.000000 
-401.353699 401.189606 -96.680801 2.000000 
-401.747803 402.060211 -96.977997 2.000000 
-401.843109 402.466095 -97.230499 2.000000 
-401.679199 402.891693 -97.336700 2.000000 
-401.415894 403.404907 -97.587601 2.000000 
-401.926086 403.841187 -97.681198 2.000000 
-401.542297 404.690704 -98.030197 2.000000 
-401.727203 404.954102 -98.192902 2.000000 
-401.506195 405.541290 -98.372803 2.000000 
-401.684906 406.182404 -98.599602 2.000000 
-401.812103 406.428986 -98.751999 2.000000 
-401.724304 406.949890 -98.973000 2.000000 
-401.654907 407.622498 -99.128899 2.000000 
-401.888000 408.122101 -99.442802 2.000000 
-401.737091 408.823608 -99.682701 2.000000 
-401.453796 409.197906 -99.760201 2.000000 
-401.456604 409.717010 -100.005798 2.000000 
-401.825592 409.876709 -100.017403 2.000000 
-401.762512 410.177094 -100.212799 2.000000 
-401.462006 411.006897 -100.488800 2.000000 
-401.387909 411.599792 -100.628403 2.000000 
-401.620911 412.126892 -100.937798 2.000000 
-401.609192 412.653107 -101.046799 2.000000 
-401.686707 413.110992 -101.292999 2.000000 
-401.508789 413.402588 -101.382698 2.000000 
-401.899811 414.258789 -101.685501 2.000000 
-401.753510 414.838196 -101.942497 2.000000 
-401.390686 415.377411 -102.135803 2.000000 
-401.514587 415.696686 -102.284500 2.000000 
-401.921692 415.952789 -102.396797 2.000000 
-401.663513 416.839600 -102.662003 2.000000 
-401.696411 417.160309 -102.810402 2.000000 
-401.700500 417.529999 -102.985100 2.000000 
-401.721405 418.205414 -103.202499 2.000000 
-401.681793 418.666412 -103.410400 2.000000 
-401.489410 419.360992 -103.682404 2.000000 
-401.820892 419.610687 -103.702202 2.000000 
-401.754700 420.385315 -104.026100 2.000000 
-401.902405 420.737793 -104.209000 2.000000 
-401.844604 421.537109 -104.494797 2.000000 
-401.862793 421.988312 -104.611702 2.000000 
-401.700287 422.076202 -104.726799 2.000000 
-401.511292 423.196808 -105.024902 2.000000 
-401.392303 423.207397 -105.027397 2.000000 
-401.766815 423.685211 -105.319504 2.000000 
-401.653107 424.442993 -105.625603 2.000000 
-401.647308 424.737213 -105.623001 2.000000 
-401.584686 425.177307 -105.778297 2.000000 
-401.882202 426.092194 -106.275597 2.000000 
-401.732697 426.214203 -106.286903 2.000000 
-402.045898 427.113312 -106.592300 2.000000 
-401.708008 427.354797 -106.726898 2.000000 
-401.615295 427.359802 -106.701302 2.000000 
-401.868713 428.568115 -107.187103 2.000000 
-401.786987 428.856201 -107.260101 2.000000 
-401.307007 429.108490 -107.318100 2.000000 
-401.622192 429.747009 -107.626297 2.000000 
-402.024597 430.724396 -107.998497 2.000000 
-401.963898 430.720093 -108.027901 2.000000 
-401.931610 431.396210 -108.194801 2.000000 
-402.001495 431.869904 -108.399101 2.000000 
-401.770996 432.323486 -108.539703 2.000000 
-401.532501 432.938202 -108.788200 2.000000 
-401.531799 433.261597 -108.921898 2.000000 
-401.731812 434.078400 -109.273003 2.000000 
-401.667999 434.225891 -109.313004 2.000000 
-401.822388 435.312012 -109.700897 2.000000 
-401.391205 435.570496 -109.670799 2.000000 
-401.396606 435.805389 -109.752800 2.000000 
-401.647888 436.601196 -110.128998 2.000000 
-401.963806 436.682892 -110.143402 2.000000 
-401.356506 383.604095 -89.892197 2.000000 
-401.470398 384.096893 -90.067398 2.000000 
-401.114014 384.548492 -90.305801 2.000000 
-401.384491 385.179901 -90.547600 2.000000 
-401.369598 385.721710 -90.689102 2.000000 
-401.206604 386.150299 -90.851303 2.000000 
-401.127991 386.797302 -91.179901 2.000000 
-401.406494 386.979004 -91.133499 2.000000 
-401.119507 387.684601 -91.474602 2.000000 
-401.254700 388.255615 -91.624901 2.000000 
-401.081085 388.759491 -91.837303 2.000000 
-401.053802 389.425690 -92.118103 2.000000 
-400.899597 389.883087 -92.244797 2.000000 
-401.254395 389.988495 -92.334297 2.000000 
-401.010193 390.860992 -92.725098 2.000000 
-400.952301 390.951599 -92.691101 2.000000 
-401.165100 391.629089 -93.015297 2.000000 
-401.090210 392.077209 -93.185898 2.000000 
-400.880096 393.367615 -93.608398 2.000000 
-401.266296 393.069885 -93.533997 2.000000 
-401.164093 393.948914 -93.907402 2.000000 
-401.155609 394.330292 -94.064003 2.000000 
-401.100098 394.714111 -94.228104 2.000000 
-401.290985 395.223297 -94.400497 2.000000 
-401.108185 395.665588 -94.547501 2.000000 
-400.923096 396.582886 -94.893799 2.000000 
-401.250000 397.020508 -95.082901 2.000000 
-401.181305 397.678192 -95.348198 2.000000 
-401.204315 397.923096 -95.379898 2.000000 
-401.254303 398.654510 -95.644897 2.000000 
-401.456512 399.040009 -95.898903 2.000000 
-401.037201 399.389404 -96.036797 2.000000 
-401.205292 399.807404 -96.149803 2.000000 
-401.318787 400.574890 -96.490501 2.000000 
-401.248291 400.949707 -96.655602 2.000000 
-401.146515 401.382996 -96.773804 2.000000 
-401.114990 401.952911 -96.978699 2.000000 
-401.100586 401.876587 -96.895401 2.000000 
-401.094788 403.281799 -97.444702 2.000000 
-401.171814 403.500610 -97.618896 2.000000 
-401.314606 403.982391 -97.818802 2.000000 
-401.183197 404.852295 -98.079803 2.000000 
-401.049713 404.525085 -97.971397 2.000000 
-401.111206 406.049408 -98.524101 2.000000 
-401.410614 405.977997 -98.530296 2.000000 
-401.117310 406.218811 -98.574997 2.000000 
-401.056885 406.937286 -98.816299 2.000000 
-401.097290 407.579895 -99.044998 2.000000 
-400.941010 408.204102 -99.409203 2.000000 
-401.038910 408.535309 -99.540802 2.000000 
-401.182098 409.124115 -99.670197 2.000000 
-401.135315 409.626892 -99.923203 2.000000 
-401.140594 409.833588 -99.951698 2.000000 
-401.232788 410.322113 -100.182198 2.000000 
-401.028992 411.291595 -100.580399 2.000000 
-401.104309 411.614105 -100.716499 2.000000 
-401.271515 411.799500 -100.769402 2.000000 
-401.243500 412.591492 -101.107101 2.000000 
-401.281891 413.217896 -101.356400 2.000000 
-401.160797 413.638611 -101.418999 2.000000 
-401.252411 414.170410 -101.624603 2.000000 
-401.021606 414.909393 -101.868103 2.000000 
-401.194214 415.267792 -102.021500 2.000000 
-400.766113 415.861206 -102.189499 2.000000 
-401.077789 415.937012 -102.280197 2.000000 
-401.296814 416.889893 -102.731102 2.000000 
-401.159393 417.171814 -102.809196 2.000000 
-401.069702 417.800598 -103.069099 2.000000 
-400.935089 418.588715 -103.326103 2.000000 
-401.262390 419.080994 -103.442802 2.000000 
-401.219604 419.110809 -103.480400 2.000000 
-401.274689 419.393188 -103.559196 2.000000 
-401.284485 420.422211 -103.976700 2.000000 
-401.261688 420.786407 -104.234001 2.000000 
-401.218506 421.503601 -104.421501 2.000000 
-401.053497 422.098511 -104.655800 2.000000 
-401.193604 422.585510 -104.840797 2.000000 
-401.041290 422.979889 -104.943703 2.000000 
-400.991608 423.371399 -105.106697 2.000000 
-401.110901 423.847900 -105.285896 2.000000 
-401.183502 424.698700 -105.698799 2.000000 
-400.902893 425.001587 -105.775597 2.000000 
-401.208008 425.428314 -105.942200 2.000000 
-401.545288 425.840698 -106.105598 2.000000 
-400.973297 426.458008 -106.225098 2.000000 
-401.273987 426.696686 -106.458397 2.000000 
-401.037598 427.256805 -106.550102 2.000000 
-401.109192 427.939209 -106.870201 2.000000 
-401.217102 428.255707 -107.020599 2.000000 
-401.065491 428.695404 -107.123802 2.000000 
-401.123505 429.347595 -107.403198 2.000000 
-400.980804 430.002594 -107.652603 2.000000 
-401.416809 430.479797 -107.811096 2.000000 
-401.394592 430.924988 -107.981903 2.000000 
-401.333008 431.563995 -108.280800 2.000000 
-400.917694 432.011993 -108.399200 2.000000 
-401.023499 432.580292 -108.621399 2.000000 
-401.373901 433.074005 -108.804001 2.000000 
-401.310394 433.385193 -108.977303 2.000000 
-400.985504 434.357605 -109.194603 2.000000 
-401.109192 434.642792 -109.297096 2.000000 
-400.821014 434.697510 -109.432701 2.000000 
-400.784912 435.652405 -109.666801 2.000000 
-401.112396 435.902191 -109.889702 2.000000 
-401.129791 436.713287 -110.064598 2.000000 
-400.783508 385.845703 -90.638298 2.000000 
-401.064789 386.608093 -91.095398 2.000000 
-400.802612 386.978485 -91.135803 2.000000 
-400.665985 387.538208 -91.354599 2.000000 
-400.736603 388.558807 -91.695801 2.000000 
-400.631897 388.620514 -91.713898 2.000000 
-400.689514 389.511597 -92.179703 2.000000 
-400.576508 389.686188 -92.226196 2.000000 
-400.691101 390.286407 -92.435402 2.000000 
-400.868591 390.459686 -92.576797 2.000000 
-400.607513 391.209412 -92.807297 2.000000 
-400.379700 391.880890 -92.956398 2.000000 
-400.670288 392.333496 -93.280403 2.000000 
-400.649292 392.571106 -93.259201 2.000000 
-400.893585 393.246002 -93.605797 2.000000 
-400.592285 393.674500 -93.718300 2.000000 
-400.496796 393.819000 -93.818398 2.000000 
-400.821899 394.736298 -94.226196 2.000000 
-400.690796 395.110809 -94.298698 2.000000 
-400.691986 395.981110 -94.611000 2.000000 
-400.638397 396.325195 -94.712097 2.000000 
-400.855896 397.028198 -95.101097 2.000000 
-400.815308 397.078094 -95.046600 2.000000 
-400.681488 397.785309 -95.317902 2.000000 
-400.967896 398.251099 -95.541901 2.000000 
-400.665710 399.165192 -95.896698 2.000000 
-400.577209 399.672211 -96.012299 2.000000 
-400.706604 399.735413 -96.122597 2.000000 
-400.637299 400.238800 -96.278702 2.000000 
-400.638000 400.980286 -96.505203 2.000000 
-400.378815 401.330414 -96.672203 2.000000 
-400.377502 401.929504 -96.957901 2.000000 
-400.497192 402.393799 -97.017303 2.000000 
-400.597687 402.940002 -97.266403 2.000000 
-400.809509 403.430389 -97.495399 2.000000 
-400.274506 404.162598 -97.722000 2.000000 
-400.681091 404.711304 -98.057297 2.000000 
-400.428894 404.778992 -97.974403 2.000000 
-400.769012 405.346985 -98.213699 2.000000 
-400.820496 405.865204 -98.392700 2.000000 
-400.823303 406.704315 -98.728203 2.000000 
-400.392487 407.556305 -99.071800 2.000000 
-400.707489 407.497101 -99.006599 2.000000 
-400.532013 407.791290 -99.091499 2.000000 
-400.556610 408.891113 -99.504997 2.000000 
-400.627899 408.945801 -99.540497 2.000000 
-400.905914 409.680786 -99.929298 2.000000 
-400.576111 410.036713 -99.974800 2.000000 
-400.595612 410.920898 -100.305901 2.000000 
-400.836700 411.128815 -100.512802 2.000000 
-400.852814 411.523895 -100.584198 2.000000 
-400.610199 412.384094 -100.946701 2.000000 
-400.540405 412.930786 -101.188499 2.000000 
-401.031586 413.045197 -101.247803 2.000000 
-400.330109 413.835510 -101.489899 2.000000 
-400.685791 414.193390 -101.565002 2.000000 
-400.734894 414.268585 -101.657303 2.000000 
-400.592194 415.092499 -102.005402 2.000000 
-400.424286 415.833099 -102.288101 2.000000 
-400.500000 416.335297 -102.370903 2.000000 
-400.723785 416.668396 -102.484398 2.000000 
-400.456299 417.050690 -102.619301 2.000000 
-400.911987 417.729187 -102.932098 2.000000 
-400.558807 418.158203 -103.123596 2.000000 
-400.669312 418.785309 -103.428398 2.000000 
-400.666901 419.610413 -103.626198 2.000000 
-400.425995 419.576202 -103.644600 2.000000 
-400.668213 420.025604 -103.883698 2.000000 
-400.748413 420.488892 -103.957199 2.000000 
-400.481506 421.137787 -104.279900 2.000000 
-400.418793 421.715790 -104.403900 2.000000 
-400.803711 422.115814 -104.556000 2.000000 
-400.542389 422.659607 -104.807899 2.000000 
-400.155304 423.416687 -105.024101 2.000000 
-400.635986 423.627289 -105.241798 2.000000 
-400.879395 424.273407 -105.444901 2.000000 
-400.689209 424.741608 -105.597000 2.000000 
-400.690002 425.249603 -105.871597 2.000000 
-400.592804 425.695587 -105.971802 2.000000 
-400.610199 426.632294 -106.267899 2.000000 
-400.412109 426.470612 -106.266403 2.000000 
-400.993011 427.319092 -106.628998 2.000000 
-400.613800 427.982086 -106.855301 2.000000 
-400.830109 428.606293 -107.106598 2.000000 
-400.782013 428.916290 -107.157600 2.000000 
-400.843506 429.552704 -107.478104 2.000000 
-400.583008 429.760712 -107.531898 2.000000 
-400.632904 430.369904 -107.732101 2.000000 
-400.789703 430.924805 -107.960701 2.000000 
-400.879395 431.342102 -108.138496 2.000000 
-401.093292 431.841400 -108.336098 2.000000 
-400.696289 432.577911 -108.489601 2.000000 
-400.465302 432.929199 -108.738701 2.000000 
-400.607300 433.557190 -108.867699 2.000000 
-400.510498 433.939392 -108.999802 2.000000 
-400.744507 434.425812 -109.224503 2.000000 
-400.662903 435.049500 -109.523697 2.000000 
-400.589600 435.593109 -109.669899 2.000000 
-400.574097 435.923004 -109.731003 2.000000 
-400.515411 436.559601 -110.075897 2.000000 
-400.101990 389.432098 -92.042603 2.000000 
-400.015808 389.522797 -92.100304 2.000000 
-400.529388 390.584686 -92.500801 2.000000 
-400.304688 390.969299 -92.600800 2.000000 
-400.184814 391.359009 -92.851799 2.000000 
-400.183289 391.794891 -92.932701 2.000000 
-400.312714 392.341309 -93.251999 2.000000 
-400.186615 392.690613 -93.296303 2.000000 
-399.874512 393.355804 -93.508797 2.000000 
-400.289490 393.959686 -93.859001 2.000000 
-400.039001 394.372314 -94.018997 2.000000 
-400.092590 394.904388 -94.211700 2.000000 
-400.051208 395.112793 -94.198303 2.000000 
-400.440704 395.980804 -94.601601 2.000000 
-399.906097 396.249115 -94.639297 2.000000 
-399.960693 396.637299 -94.751900 2.000000 
-400.338501 397.313690 -95.187302 2.000000 
-400.258911 397.986603 -95.391296 2.000000 
-400.231110 398.575989 -95.543701 2.000000 
-400.081299 398.835510 -95.675400 2.000000 
-399.957489 399.252289 -95.892197 2.000000 
-400.000000 400.119293 -96.157600 2.000000 
-399.969299 400.697388 -96.348801 2.000000 
-400.126007 400.754211 -96.436501 2.000000 
-400.288788 401.308685 -96.601196 2.000000 
-400.006409 401.795990 -96.766296 2.000000 
-399.944092 402.578705 -97.101601 2.000000 
-399.975098 402.723907 -97.145699 2.000000 
-400.172089 403.288300 -97.356300 2.000000 
-399.970001 403.671814 -97.478699 2.000000 
-400.345398 405.003693 -98.113800 2.000000 
-400.335388 404.850006 -98.001099 2.000000 
-400.139099 405.418915 -98.255096 2.000000 
-400.429596 405.772491 -98.371498 2.000000 
-400.037903 406.681091 -98.704498 2.000000 
-400.101990 407.100098 -98.884102 2.000000 
-399.958588 407.567810 -99.051300 2.000000 
-399.987701 407.875488 -99.212799 2.000000 
-400.320892 408.705688 -99.499397 2.000000 
-400.136505 409.104889 -99.613197 2.000000 
-400.072693 409.734314 -99.895699 2.000000 
-399.986206 409.998108 -99.936600 2.000000 
-400.407288 410.614502 -100.243797 2.000000 
-399.798706 411.373505 -100.437401 2.000000 
-400.091797 411.472198 -100.460503 2.000000 
-400.257294 411.952698 -100.735001 2.000000 
-400.260315 412.670502 -100.997498 2.000000 
-400.546204 412.994507 -101.077400 2.000000 
-400.179993 413.859985 -101.371597 2.000000 
-400.014893 414.121704 -101.559700 2.000000 
-400.087006 414.521088 -101.657303 2.000000 
-400.346710 415.282196 -101.997299 2.000000 
-400.204498 415.974304 -102.261002 2.000000 
-400.216400 416.153198 -102.349998 2.000000 
-400.288605 416.882812 -102.635300 2.000000 
-400.313812 416.987213 -102.678802 2.000000 
-400.354004 417.760406 -102.913597 2.000000 
-400.369507 418.064087 -103.124100 2.000000 
-400.218109 418.937012 -103.420502 2.000000 
-400.139496 418.902313 -103.360397 2.000000 
-399.819885 419.778687 -103.599998 2.000000 
-400.166199 420.345001 -103.928703 2.000000 
-400.338409 420.542603 -104.061096 2.000000 
-400.588196 421.127686 -104.262703 2.000000 
-400.202789 421.653198 -104.471397 2.000000 
-400.031311 422.398407 -104.683502 2.000000 
-400.238098 422.980011 -104.962196 2.000000 
-400.472290 423.323792 -105.051102 2.000000 
-400.179291 424.039795 -105.304703 2.000000 
-400.349091 424.462402 -105.526497 2.000000 
-400.388885 424.914215 -105.594597 2.000000 
-400.082794 425.679596 -105.912399 2.000000 
-399.837189 425.870392 -105.973000 2.000000 
-400.125397 425.993286 -105.976997 2.000000 
-399.914886 427.155304 -106.426598 2.000000 
-400.511414 427.445587 -106.604897 2.000000 
-400.105499 427.694000 -106.705498 2.000000 
-400.146698 428.507904 -106.914001 2.000000 
-400.429993 428.819702 -107.126297 2.000000 
-399.949707 429.237091 -107.209900 2.000000 
-400.601898 429.996704 -107.527901 2.000000 
-400.258514 430.177490 -107.577003 2.000000 
-399.943909 430.800903 -107.769897 2.000000 
-400.247711 431.261688 -108.031303 2.000000 
-400.317688 431.875397 -108.220001 2.000000 
-400.005615 432.235413 -108.411201 2.000000 
-400.231415 432.949005 -108.652901 2.000000 
-400.164398 433.526306 -108.870903 2.000000 
-399.999695 434.207001 -109.093201 2.000000 
-400.162292 434.572906 -109.200996 2.000000 
-400.333893 435.128204 -109.506699 2.000000 
-400.313599 435.674286 -109.732597 2.000000 
-400.295593 436.079102 -109.768097 2.000000 
-399.372986 391.164001 -92.679901 2.000000 
-399.704102 391.475708 -92.842201 2.000000 
-399.744507 391.884003 -92.902802 2.000000 
-399.741699 392.448914 -93.169800 2.000000 
-399.793915 392.401398 -93.246597 2.000000 
-399.247986 393.299286 -93.500198 2.000000 
-399.705811 393.951904 -93.822899 2.000000 
-399.597290 394.214813 -93.901703 2.000000 
-399.653503 394.733002 -94.132698 2.000000 
-399.562408 395.636902 -94.411201 2.000000 
-399.775909 395.975403 -94.536598 2.000000 
-399.501312 396.640808 -94.816002 2.000000 
-399.737305 396.730988 -94.864403 2.000000 
-399.786194 397.369995 -95.064598 2.000000 
-399.412994 397.861786 -95.301498 2.000000 
-399.790009 398.092896 -95.302803 2.000000 
-399.583313 398.959412 -95.662903 2.000000 
-399.409607 399.035187 -95.708900 2.000000 
-399.273285 400.209412 -96.141899 2.000000 
-399.467499 400.435211 -96.190903 2.000000 
-399.580688 400.907715 -96.500198 2.000000 
-399.854309 401.369995 -96.688202 2.000000 
-399.653290 402.143188 -96.951401 2.000000 
-399.511414 402.539612 -97.121696 2.000000 
-399.733185 403.059601 -97.262001 2.000000 
-399.690399 403.587891 -97.459396 2.000000 
-399.834900 403.879913 -97.605598 2.000000 
-399.680511 404.429810 -97.843597 2.000000 
-399.716492 404.744598 -97.892899 2.000000 
-399.995789 405.510712 -98.184799 2.000000 
-399.835999 406.076599 -98.386398 2.000000 
-399.675293 406.476990 -98.520500 2.000000 
-399.557312 407.333313 -98.976898 2.000000 
-399.557007 407.419312 -98.964996 2.000000 
-399.658203 407.946014 -99.134399 2.000000 
-399.511292 408.379700 -99.297600 2.000000 
-399.589905 409.068115 -99.609200 2.000000 
-399.652588 409.527802 -99.750000 2.000000 
-399.803009 410.139893 -99.962799 2.000000 
-399.467407 410.536011 -100.070602 2.000000 
-399.625793 410.816711 -100.174797 2.000000 
-399.686005 411.235992 -100.414597 2.000000 
-399.507111 412.403503 -100.843903 2.000000 
-399.500488 412.681305 -100.941803 2.000000 
-399.657593 413.280487 -101.225998 2.000000 
-399.665405 413.768585 -101.425797 2.000000 
-399.775604 414.120911 -101.479698 2.000000 
-399.731293 414.500214 -101.605103 2.000000 
-399.713104 415.168701 -101.841904 2.000000 
-399.749207 415.666992 -102.132500 2.000000 
-399.956207 416.273804 -102.275902 2.000000 
-399.549988 416.757599 -102.431000 2.000000 
-399.524689 417.161591 -102.673302 2.000000 
-399.514191 417.472992 -102.840500 2.000000 
-399.487305 418.564697 -103.108597 2.000000 
-399.633911 418.966003 -103.346001 2.000000 
-399.985596 418.939911 -103.426300 2.000000 
-399.857513 419.707397 -103.581902 2.000000 
-399.374298 420.164490 -103.839699 2.000000 
-399.618103 420.864197 -103.998596 2.000000 
-399.894409 421.222504 -104.178299 2.000000 
-399.651001 421.920990 -104.533302 2.000000 
-399.463196 422.224915 -104.516998 2.000000 
-399.613098 422.602295 -104.660103 2.000000 
-399.887085 423.041992 -104.847198 2.000000 
-399.885101 423.959503 -105.213898 2.000000 
-399.698608 424.493103 -105.483597 2.000000 
-399.628296 424.916809 -105.616600 2.000000 
-399.593292 425.249512 -105.709099 2.000000 
-399.672394 425.713196 -105.957100 2.000000 
-399.654297 426.659210 -106.226799 2.000000 
-399.574799 426.738708 -106.291496 2.000000 
-399.652710 427.557098 -106.647202 2.000000 
-399.562897 427.863892 -106.719101 2.000000 
-399.819611 428.859589 -107.026802 2.000000 
-399.669800 429.131012 -107.122902 2.000000 
-399.556000 429.429504 -107.247398 2.000000 
-399.629791 429.812897 -107.422997 2.000000 
-399.772003 430.386902 -107.679901 2.000000 
-399.686096 430.694611 -107.721802 2.000000 
-399.728790 431.496613 -108.059601 2.000000 
-399.798492 432.489594 -108.436203 2.000000 
-399.592590 432.236298 -108.304802 2.000000 
-399.554993 432.881500 -108.636299 2.000000 
-399.421692 433.704712 -108.901703 2.000000 
-399.834503 433.803192 -108.876801 2.000000 
-399.870300 434.650909 -109.339401 2.000000 
-399.579987 435.184113 -109.453400 2.000000 
-399.403687 435.688599 -109.548401 2.000000 
-399.673004 435.843903 -109.694000 2.000000 
-399.271790 391.095001 -92.683403 2.000000 
-399.208893 391.887695 -92.989098 2.000000 
-399.344604 392.496307 -93.169601 2.000000 
-399.242310 392.765198 -93.306000 2.000000 
-399.671692 393.146698 -93.467697 2.000000 
-399.117706 393.954407 -93.790001 2.000000 
-399.092499 394.245911 -93.901703 2.000000 
-399.229706 394.882507 -94.019096 2.000000 
-399.158813 395.489594 -94.391998 2.000000 
-399.380493 396.027588 -94.612900 2.000000 
-399.230011 396.963989 -94.885002 2.000000 
-399.121796 396.978088 -94.900101 2.000000 
-399.312286 397.484802 -95.108597 2.000000 
-398.879913 398.018005 -95.223396 2.000000 
-399.345093 398.330505 -95.421501 2.000000 
-399.138611 398.677490 -95.602402 2.000000 
-399.289795 399.434692 -95.830498 2.000000 
-399.034210 400.111908 -96.150497 2.000000 
-399.054901 400.281494 -96.175003 2.000000 
-399.168396 400.757812 -96.318703 2.000000 
-399.118103 401.427002 -96.548897 2.000000 
-399.247192 401.659790 -96.766602 2.000000 
-399.183411 402.861603 -97.173203 2.000000 
-399.390594 402.964386 -97.237900 2.000000 
-399.230804 403.484192 -97.455399 2.000000 
-399.117004 404.019897 -97.589500 2.000000 
-399.095093 404.537506 -97.851303 2.000000 
-399.012085 405.227600 -98.005997 2.000000 
-399.251587 405.668213 -98.292999 2.000000 
-399.007111 406.252899 -98.469498 2.000000 
-399.028503 406.760895 -98.651398 2.000000 
-398.754089 407.220398 -98.756302 2.000000 
-399.177002 407.645905 -99.013802 2.000000 
-399.113007 408.223694 -99.180099 2.000000 
-399.182007 408.405914 -99.213501 2.000000 
-398.889893 408.951996 -99.529602 2.000000 
-399.378815 409.644196 -99.776199 2.000000 
-399.063293 409.954803 -99.930603 2.000000 
-399.365906 410.640808 -100.224701 2.000000 
-399.029907 411.020905 -100.247101 2.000000 
-399.025208 411.542908 -100.472900 2.000000 
-399.112793 412.235291 -100.801300 2.000000 
-399.211304 412.816711 -100.935501 2.000000 
-399.383789 413.030609 -101.036102 2.000000 
-399.503204 413.602997 -101.323402 2.000000 
-399.395203 413.916901 -101.456001 2.000000 
-399.526611 414.760712 -101.797699 2.000000 
-399.125305 415.006195 -101.726601 2.000000 
-398.994904 415.721497 -102.089897 2.000000 
-399.027802 416.105011 -102.161499 2.000000 
-399.457001 416.749115 -102.472397 2.000000 
-399.321198 417.446198 -102.756104 2.000000 
-399.053314 417.871399 -102.949799 2.000000 
-399.503693 418.400787 -103.082001 2.000000 
-399.101013 418.690094 -103.193604 2.000000 
-399.132294 419.221008 -103.398399 2.000000 
-399.182709 419.598114 -103.622597 2.000000 
-399.405212 420.246094 -103.752296 2.000000 
-399.344910 421.125305 -104.198196 2.000000 
-399.079498 421.403107 -104.262901 2.000000 
-399.168213 421.665802 -104.278000 2.000000 
-399.193604 422.098297 -104.478897 2.000000 
-399.375305 422.693115 -104.732498 2.000000 
-399.174194 423.408997 -104.948502 2.000000 
-398.899109 423.897308 -105.174797 2.000000 
-398.830811 424.345612 -105.296097 2.000000 
-399.153900 424.960785 -105.568497 2.000000 
-398.844788 425.324097 -105.740402 2.000000 
-398.964203 425.831085 -105.854401 2.000000 
-399.092194 426.160187 -106.076599 2.000000 
-399.137085 426.699585 -106.168198 2.000000 
-399.246399 427.380188 -106.463600 2.000000 
-398.985809 427.910095 -106.747299 2.000000 
-399.075714 428.616394 -106.965202 2.000000 
-399.111694 428.957886 -107.092003 2.000000 
-399.096893 429.393005 -107.223701 2.000000 
-399.490692 429.964203 -107.487000 2.000000 
-398.783600 430.448090 -107.571404 2.000000 
-399.154694 431.259491 -107.946503 2.000000 
-399.137695 431.419189 -108.066597 2.000000 
-399.269501 432.232788 -108.319000 2.000000 
-399.309601 432.788208 -108.463600 2.000000 
-399.324890 432.927094 -108.565903 2.000000 
-399.049286 433.450714 -108.697800 2.000000 
-398.992493 434.050293 -109.046402 2.000000 
-399.270111 434.411499 -109.171097 2.000000 
-398.962799 435.152802 -109.324600 2.000000 
-399.224792 435.411407 -109.526497 2.000000 
-399.052002 435.996704 -109.745796 2.000000 
-398.611511 391.895386 -92.866402 2.000000 
-398.627014 392.372803 -93.125397 2.000000 
-398.708588 392.713806 -93.281799 2.000000 
-398.181213 393.332397 -93.431900 2.000000 
-398.559814 393.807312 -93.682602 2.000000 
-398.968201 394.450500 -93.916603 2.000000 
-398.344208 395.354492 -94.164803 2.000000 
-398.530304 395.351013 -94.267700 2.000000 
-398.581604 395.991791 -94.529701 2.000000 
-398.823090 396.445007 -94.595497 2.000000 
-398.583191 396.791412 -94.721100 2.000000 
-398.450714 397.468506 -95.024200 2.000000 
-398.891113 397.892487 -95.293602 2.000000 
-398.750793 398.610992 -95.425201 2.000000 
-398.610596 399.285400 -95.702797 2.000000 
-398.724304 399.450806 -95.797096 2.000000 
-398.458496 400.196503 -96.086700 2.000000 
-398.692993 400.502808 -96.251801 2.000000 
-398.561188 400.963593 -96.456200 2.000000 
-398.620087 401.627808 -96.663498 2.000000 
-398.622192 401.997498 -96.715500 2.000000 
-398.481903 402.048492 -96.858200 2.000000 
-398.527496 402.761597 -97.116699 2.000000 
-398.925598 403.411194 -97.408699 2.000000 
-398.572601 403.932190 -97.595299 2.000000 
-398.720093 404.668091 -97.892998 2.000000 
-398.379608 405.074310 -97.903702 2.000000 
-398.682098 405.643402 -98.127998 2.000000 
-398.746399 406.139008 -98.396400 2.000000 
-398.782410 406.635193 -98.506203 2.000000 
-398.379089 407.119507 -98.744499 2.000000 
-398.766510 407.612396 -98.998802 2.000000 
-398.703400 407.930603 -99.028702 2.000000 
-398.774414 408.464386 -99.297699 2.000000 
-398.799500 408.815491 -99.437897 2.000000 
-398.792114 409.629211 -99.743698 2.000000 
-398.580597 410.321106 -99.916298 2.000000 
-398.329193 410.414490 -100.030899 2.000000 
-398.721191 411.199707 -100.359901 2.000000 
-398.550690 411.555298 -100.397797 2.000000 
-398.606201 412.098999 -100.648499 2.000000 
-398.627899 412.462585 -100.835503 2.000000 
-398.605499 413.293793 -101.160400 2.000000 
-398.487793 413.558289 -101.188698 2.000000 
-398.405792 414.036713 -101.425499 2.000000 
-398.665710 414.865692 -101.765999 2.000000 
-398.955109 415.096100 -101.838699 2.000000 
-398.532593 415.471008 -101.917702 2.000000 
-398.569702 416.294800 -102.288902 2.000000 
-399.088196 416.547485 -102.375999 2.000000 
-398.703400 417.240204 -102.624702 2.000000 
-398.758301 417.425415 -102.762199 2.000000 
-398.687408 418.139313 -103.023399 2.000000 
-398.370697 418.556702 -103.089401 2.000000 
-398.670593 419.412415 -103.455498 2.000000 
-398.828003 419.786591 -103.646301 2.000000 
-398.491211 420.031708 -103.697403 2.000000 
-398.803497 420.890808 -103.974899 2.000000 
-398.648102 421.120514 -104.032898 2.000000 
-398.375488 421.900604 -104.286003 2.000000 
-398.490601 422.422302 -104.492203 2.000000 
-398.576813 422.665192 -104.716698 2.000000 
-398.536011 423.236786 -104.903503 2.000000 
-398.837311 423.831207 -105.111603 2.000000 
-398.655792 424.261292 -105.267700 2.000000 
-398.514893 424.853210 -105.540001 2.000000 
-398.352997 425.356995 -105.670403 2.000000 
-398.847992 425.784210 -105.887802 2.000000 
-398.380402 426.543915 -106.045998 2.000000 
-398.481293 426.887604 -106.267403 2.000000 
-398.442413 427.099915 -106.313599 2.000000 
-398.549286 427.767090 -106.613403 2.000000 
-398.506012 428.355804 -106.875504 2.000000 
-398.547211 429.165894 -107.050903 2.000000 
-398.655701 429.742310 -107.374397 2.000000 
-398.382904 429.965210 -107.337997 2.000000 
-398.486298 430.621704 -107.634300 2.000000 
-398.655090 430.789001 -107.763802 2.000000 
-398.474792 431.434601 -107.916603 2.000000 
-398.580505 432.034698 -108.221100 2.000000 
-398.706512 432.435699 -108.330498 2.000000 
-398.528809 432.892303 -108.514900 2.000000 
-398.708496 433.443115 -108.679199 2.000000 
-398.445801 433.974915 -108.967201 2.000000 
-398.489410 434.347900 -109.044701 2.000000 
-398.590790 435.129211 -109.379799 2.000000 
-398.685791 435.174896 -109.344002 2.000000 
-398.681091 436.051086 -109.761902 2.000000 
-398.186493 393.055603 -93.304199 2.000000 
-397.819702 393.429291 -93.425301 2.000000 
-397.882996 393.850098 -93.548302 2.000000 
-398.114197 394.168915 -93.748100 2.000000 
-397.983704 394.656097 -93.978302 2.000000 
-397.876495 395.458099 -94.153603 2.000000 
-398.035309 395.512909 -94.206299 2.000000 
-397.823486 396.250000 -94.488899 2.000000 
-397.884796 396.805786 -94.683800 2.000000 
-398.082306 397.675690 -95.025497 2.000000 
-398.194611 397.825012 -95.127296 2.000000 
-397.958191 398.559998 -95.442299 2.000000 
-398.311890 399.245514 -95.634003 2.000000 
-398.095215 399.449707 -95.739700 2.000000 
-398.409790 399.954590 -96.018997 2.000000 
-398.010986 400.317108 -96.155403 2.000000 
-398.085693 400.916809 -96.329201 2.000000 
-398.121490 401.527588 -96.621597 2.000000 
-398.142792 401.883606 -96.690804 2.000000 
-398.165710 402.333588 -96.920502 2.000000 
-398.081909 402.872009 -97.058403 2.000000 
-398.264099 403.271088 -97.312897 2.000000 
-398.347595 404.119507 -97.584000 2.000000 
-398.121307 404.322205 -97.564697 2.000000 
-398.201202 405.061188 -97.874199 2.000000 
-398.002686 405.631287 -98.196297 2.000000 
-398.292999 405.950806 -98.330101 2.000000 
-397.895386 406.425110 -98.367996 2.000000 
-398.309998 407.011200 -98.621902 2.000000 
-398.439301 407.717194 -98.951302 2.000000 
-397.959808 407.998291 -99.014603 2.000000 
-397.967712 408.427704 -99.132797 2.000000 
-398.388611 409.046112 -99.473999 2.000000 
-398.315308 409.748810 -99.800400 2.000000 
-398.248108 409.972900 -99.755699 2.000000 
-398.122101 410.648102 -100.030502 2.000000 
-398.059692 410.795898 -100.057800 2.000000 
-398.404785 411.626190 -100.510002 2.000000 
-398.153015 412.109314 -100.596901 2.000000 
-398.284607 412.637787 -100.842201 2.000000 
-398.327209 413.239502 -101.014000 2.000000 
-398.322205 413.523987 -101.151703 2.000000 
-398.104492 414.330200 -101.532898 2.000000 
-398.394714 414.315491 -101.511803 2.000000 
-398.269012 415.034485 -101.806702 2.000000 
-397.793488 415.842499 -102.021400 2.000000 
-398.361298 416.007599 -102.145599 2.000000 
-398.083099 416.731903 -102.392502 2.000000 
-398.348114 417.541687 -102.680298 2.000000 
-397.911591 417.633209 -102.693901 2.000000 
-398.140015 418.676300 -103.076599 2.000000 
-398.175415 418.655701 -103.081001 2.000000 
-397.882690 419.261688 -103.352699 2.000000 
-398.101410 419.583893 -103.415703 2.000000 
-398.375610 420.548096 -103.786697 2.000000 
-398.203308 420.903595 -103.950203 2.000000 
-398.120605 421.190308 -104.044296 2.000000 
-398.219391 421.847107 -104.284500 2.000000 
-398.249603 422.689209 -104.689400 2.000000 
-398.248108 422.883301 -104.658302 2.000000 
-398.309387 423.473694 -104.946899 2.000000 
-397.986786 423.974304 -105.052597 2.000000 
-398.219391 424.395691 -105.239601 2.000000 
-397.981415 424.580292 -105.347000 2.000000 
-398.553802 425.353302 -105.736603 2.000000 
-398.200989 425.952515 -105.854202 2.000000 
-398.078400 426.488007 -106.116898 2.000000 
-398.062286 427.000397 -106.259903 2.000000 
-398.054413 427.431488 -106.353699 2.000000 
-398.166687 427.937103 -106.688301 2.000000 
-398.215912 428.331390 -106.715103 2.000000 
-398.008789 428.969696 -107.031097 2.000000 
-398.232086 429.257111 -107.055298 2.000000 
-398.036804 430.087097 -107.399803 2.000000 
-398.224213 430.761993 -107.751602 2.000000 
-398.140594 431.020996 -107.821899 2.000000 
-398.344391 431.605713 -107.964897 2.000000 
-398.265198 432.318115 -108.217102 2.000000 
-398.209198 434.346710 -108.964699 2.000000 
-397.662903 393.747986 -93.493896 2.000000 
-397.860809 394.273895 -93.778900 2.000000 
-397.851807 394.515015 -93.772697 2.000000 
-398.077515 395.224091 -94.181396 2.000000 
-397.742188 395.843811 -94.363998 2.000000 
-397.477386 396.396698 -94.473396 2.000000 
-397.404114 397.012085 -94.700600 2.000000 
-397.617096 397.531799 -94.922501 2.000000 
-397.803101 398.073303 -95.223099 2.000000 
-397.932404 398.219788 -95.313797 2.000000 
-397.786713 398.911987 -95.541702 2.000000 
-397.608185 399.420197 -95.730797 2.000000 
-397.794189 399.917511 -95.868896 2.000000 
-397.188812 399.977295 -95.848198 2.000000 
-397.519012 400.911896 -96.237099 2.000000 
-397.529388 401.291992 -96.471100 2.000000 
-397.682800 402.181885 -96.753799 2.000000 
-397.649811 402.282104 -96.759003 2.000000 
-397.473785 402.713715 -96.932800 2.000000 
-397.680206 403.524994 -97.314903 2.000000 
-397.647491 403.771515 -97.430397 2.000000 
-397.683685 404.651611 -97.724197 2.000000 
-397.543915 405.285400 -97.917503 2.000000 
-397.743896 405.848206 -98.121002 2.000000 
-397.817505 405.823608 -98.238197 2.000000 
-397.686493 406.828400 -98.592903 2.000000 
-397.860504 407.191803 -98.757698 2.000000 
-397.621185 407.477295 -98.812302 2.000000 
-397.753601 408.260895 -99.182602 2.000000 
-397.780090 408.587097 -99.245300 2.000000 
-397.576691 409.130707 -99.374100 2.000000 
-397.434692 409.502289 -99.588203 2.000000 
-397.388214 409.948090 -99.780098 2.000000 
-397.995300 410.684387 -99.995201 2.000000 
-397.591400 410.835297 -100.064102 2.000000 
-397.554688 411.330902 -100.211197 2.000000 
-397.627197 411.830200 -100.485497 2.000000 
-397.624603 412.963287 -100.834000 2.000000 
-397.686310 413.137390 -101.033897 2.000000 
-397.609100 413.537598 -101.197800 2.000000 
-397.796814 414.201996 -101.349197 2.000000 
-397.523895 414.451385 -101.483200 2.000000 
-397.515503 415.102814 -101.724602 2.000000 
-397.455597 415.730804 -101.976402 2.000000 
-397.712494 416.234009 -102.155899 2.000000 
-397.574890 416.561005 -102.243896 2.000000 
-397.450989 416.959290 -102.419800 2.000000 
-397.461487 417.598206 -102.649803 2.000000 
-397.497711 418.057800 -102.883904 2.000000 
-397.417603 418.927185 -103.126999 2.000000 
-397.697388 419.211304 -103.293503 2.000000 
-397.620514 419.730011 -103.403900 2.000000 
-397.666412 420.356689 -103.748001 2.000000 
-397.713013 421.135895 -104.051300 2.000000 
-397.622192 421.220398 -104.023598 2.000000 
-397.389496 421.768494 -104.272697 2.000000 
-397.761200 422.287903 -104.410896 2.000000 
-397.407288 422.952087 -104.671700 2.000000 
-397.287292 423.260101 -104.755096 2.000000 
-397.462585 423.736603 -104.992798 2.000000 
-397.523285 424.080811 -105.136703 2.000000 
-397.608704 424.789490 -105.458397 2.000000 
-397.601593 425.411591 -105.649300 2.000000 
-397.623505 427.457611 -106.351700 2.000000 
-397.663513 427.795013 -106.462997 2.000000 
-398.112000 429.416199 -107.122597 2.000000 
-397.113708 395.148895 -94.031799 2.000000 
-397.116394 395.146515 -94.083900 2.000000 
-396.986908 395.569702 -94.220497 2.000000 
-396.997894 396.301788 -94.426598 2.000000 
-397.103302 397.070007 -94.715103 2.000000 
-397.207611 397.511597 -94.894699 2.000000 
-397.079987 398.015289 -95.190598 2.000000 
-397.419006 398.297302 -95.257103 2.000000 
-397.447693 399.028809 -95.534798 2.000000 
-397.164307 399.533386 -95.795502 2.000000 
-397.289490 400.071991 -95.912598 2.000000 
-397.094086 400.454498 -96.048103 2.000000 
-397.240814 400.741089 -96.236702 2.000000 
-397.233704 401.390411 -96.507202 2.000000 
-397.156708 402.061096 -96.672997 2.000000 
-396.911102 402.289795 -96.690300 2.000000 
-397.041290 403.107605 -97.076797 2.000000 
-396.842010 403.290802 -97.189301 2.000000 
-397.168091 404.118713 -97.494102 2.000000 
-396.868713 404.372986 -97.593102 2.000000 
-397.157593 405.026001 -97.870399 2.000000 
-397.141113 405.424591 -97.966202 2.000000 
-397.062714 406.087006 -98.199600 2.000000 
-397.071899 406.828491 -98.454201 2.000000 
-396.752991 407.116211 -98.619797 2.000000 
-397.005005 407.480591 -98.765999 2.000000 
-397.107605 408.209106 -99.018204 2.000000 
-397.073395 408.402100 -99.064499 2.000000 
-396.910797 409.080994 -99.389198 2.000000 
-397.265686 409.650085 -99.599899 2.000000 
-396.994202 410.000885 -99.774300 2.000000 
-397.113892 410.444092 -99.916496 2.000000 
-396.963898 411.183105 -100.109001 2.000000 
-397.127899 411.527100 -100.281097 2.000000 
-397.122192 412.284302 -100.593697 2.000000 
-397.232086 412.795197 -100.769798 2.000000 
-396.769714 413.398895 -100.967102 2.000000 
-396.922607 413.808807 -101.141602 2.000000 
-397.166504 414.213196 -101.364998 2.000000 
-397.083801 414.769196 -101.622597 2.000000 
-397.365601 414.989807 -101.717003 2.000000 
-397.233002 415.753601 -101.947899 2.000000 
-396.950714 415.993896 -102.036598 2.000000 
-396.845306 416.689209 -102.278603 2.000000 
-397.289612 417.255005 -102.516998 2.000000 
-396.945190 417.730896 -102.646202 2.000000 
-397.080994 418.351807 -102.887100 2.000000 
-396.862701 418.909302 -103.180199 2.000000 
-396.983704 418.978302 -103.149101 2.000000 
-397.170898 419.782104 -103.510696 2.000000 
-397.189697 420.163910 -103.548798 2.000000 
-397.258911 421.215088 -104.067902 2.000000 
-397.204407 422.309601 -104.402802 2.000000 
-397.181000 422.786987 -104.585800 2.000000 
-397.318604 423.982300 -105.065903 2.000000 
-396.616913 395.958801 -94.321198 2.000000 
-396.664795 396.405701 -94.440399 2.000000 
-396.744293 396.773407 -94.697998 2.000000 
-396.664886 397.292297 -94.895798 2.000000 
-396.549500 398.001007 -95.038597 2.000000 
-396.640015 398.082489 -95.123299 2.000000 
-396.430115 398.952515 -95.433197 2.000000 
-396.626892 399.647705 -95.681999 2.000000 
-396.281586 400.076111 -95.800697 2.000000 
-396.668610 400.449005 -96.023804 2.000000 
-396.466309 400.703003 -96.047096 2.000000 
-396.680115 401.386810 -96.408699 2.000000 
-396.597900 401.914612 -96.576500 2.000000 
-396.404114 402.507812 -96.843903 2.000000 
-396.481995 402.629089 -96.810799 2.000000 
-396.649902 403.542389 -97.272102 2.000000 
-396.651703 404.427094 -97.622101 2.000000 
-397.019409 404.522308 -97.585503 2.000000 
-396.518097 404.863098 -97.787201 2.000000 
-396.587799 405.642395 -98.041199 2.000000 
-396.676910 405.659912 -98.069298 2.000000 
-396.603607 406.468689 -98.365196 2.000000 
-396.490601 407.102905 -98.642799 2.000000 
-396.532898 407.504211 -98.721802 2.000000 
-396.601990 408.244904 -99.042099 2.000000 
-396.941803 408.368103 -99.145897 2.000000 
-396.753601 409.168304 -99.337196 2.000000 
-396.557587 409.528290 -99.561501 2.000000 
-396.329803 410.163086 -99.665703 2.000000 
-396.422089 410.426208 -99.787697 2.000000 
-396.456696 410.897308 -100.012100 2.000000 
-396.588104 411.692902 -100.386703 2.000000 
-396.677887 412.061401 -100.452103 2.000000 
-396.479004 413.111786 -100.870300 2.000000 
-396.725189 413.876312 -101.141502 2.000000 
-396.587097 414.063110 -101.171097 2.000000 
-396.590210 414.772614 -101.587303 2.000000 
-396.639801 415.129211 -101.729301 2.000000 
-396.739807 417.156006 -102.455803 2.000000 
-396.742310 417.372009 -102.560303 2.000000 
-396.429413 396.100403 -94.299797 2.000000 
-396.171295 397.304993 -94.757698 2.000000 
-396.053894 397.729889 -94.969902 2.000000 
-395.979492 398.373901 -95.150597 2.000000 
-396.234009 398.963013 -95.386902 2.000000 
-396.303406 399.511688 -95.613701 2.000000 
-396.170197 399.554291 -95.662804 2.000000 
-396.187714 400.386292 -96.024399 2.000000 
-396.420898 400.920685 -96.262703 2.000000 
-396.024811 401.471497 -96.319000 2.000000 
-396.418091 402.036407 -96.636497 2.000000 
-396.148804 402.375610 -96.695999 2.000000 
-396.003998 402.958588 -96.892403 2.000000 
-396.120605 403.537201 -97.120300 2.000000 
-395.920105 403.725494 -97.224899 2.000000 
-395.917511 404.783813 -97.590202 2.000000 
-396.240509 405.007904 -97.728401 2.000000 
-396.036102 405.912109 -98.024101 2.000000 
-396.045990 405.787201 -98.064400 2.000000 
-396.053711 406.428802 -98.327599 2.000000 
-396.103607 406.963104 -98.498802 2.000000 
-396.116089 407.608002 -98.692703 2.000000 
-396.015594 407.913696 -98.842003 2.000000 
-396.023712 408.619904 -99.057602 2.000000 
-396.190613 408.992310 -99.343803 2.000000 
-396.175903 409.700897 -99.531403 2.000000 
-396.191895 410.252014 -99.704201 2.000000 
-396.186798 410.654602 -99.872299 2.000000 
-396.312500 411.132111 -100.084999 2.000000 
-396.181305 411.869690 -100.390800 2.000000 
-396.410309 412.651306 -100.752602 2.000000 
-395.658386 398.374786 -95.171700 2.000000 
-395.633606 398.981903 -95.350502 2.000000 
-395.796600 399.266907 -95.514900 2.000000 
-395.667297 400.001099 -95.767097 2.000000 
-395.701202 400.976898 -96.109200 2.000000 
-395.677704 401.052887 -96.190201 2.000000 
-395.370087 401.393890 -96.365898 2.000000 
-395.439514 401.980713 -96.504898 2.000000 
-395.738586 402.653015 -96.762497 2.000000 
-395.556610 402.893311 -96.890999 2.000000 
-395.555511 403.412201 -97.070999 2.000000 
-395.813904 404.076202 -97.335899 2.000000 
-396.070892 404.321594 -97.490196 2.000000 
-395.588806 405.245911 -97.866096 2.000000 
-395.742493 407.414612 -98.614998 2.000000 
-395.396698 398.818115 -95.346298 2.000000 
-395.081085 399.953705 -95.729202 2.000000 
-395.119202 400.631195 -95.921501 2.000000 
-395.238708 401.496399 -96.289497 2.000000 
-443.453308 385.435089 -71.846802 6.000000 
-443.118286 386.709412 -71.305702 6.000000 
-442.959991 387.589691 -71.384499 6.000000 
-442.587494 382.586914 -70.944298 6.000000 
-443.103790 382.824310 -71.838600 6.000000 
-443.014404 383.665588 -71.193001 6.000000 
-443.040985 383.863892 -71.183296 6.000000 
-442.976013 384.394989 -71.000702 6.000000 
-442.699310 385.209595 -70.663300 6.000000 
-442.803589 385.774597 -70.783699 6.000000 
-443.146912 386.128601 -71.229301 6.000000 
-443.013092 386.488495 -71.106102 6.000000 
-442.775604 387.119293 -70.972801 6.000000 
-442.740814 387.591614 -71.083603 6.000000 
-442.683014 387.886597 -71.134201 6.000000 
-442.681091 388.720398 -71.719299 6.000000 
-442.291107 380.736206 -71.617302 6.000000 
-442.095703 380.977295 -71.053200 6.000000 
-442.167511 381.624512 -70.819199 6.000000 
-442.264008 382.018585 -70.772301 6.000000 
-442.392303 382.543396 -70.737099 6.000000 
-442.318787 383.101593 -70.530800 6.000000 
-442.482300 383.756409 -70.566299 6.000000 
-442.391113 383.966400 -70.461601 6.000000 
-442.436005 384.764191 -70.443199 6.000000 
-442.153290 385.246399 -70.232803 6.000000 
-442.554413 385.561615 -70.545197 6.000000 
-442.269287 386.114197 -70.365799 6.000000 
-442.281494 386.510895 -70.422401 6.000000 
-442.486694 387.271515 -70.731300 6.000000 
-442.586395 387.592712 -70.917000 6.000000 
-442.614410 388.342010 -71.280296 6.000000 
-442.579315 388.654388 -71.445000 6.000000 
-442.030701 389.324493 -71.220802 6.000000 
-441.858887 380.095093 -71.343498 6.000000 
-442.157013 380.546997 -71.498802 6.000000 
-441.628387 380.820587 -70.603996 6.000000 
-441.634613 381.489594 -70.365601 6.000000 
-441.558105 382.147095 -70.136597 6.000000 
-441.844086 382.280304 -70.316200 6.000000 
-441.675903 382.930786 -70.071297 6.000000 
-441.768311 383.892792 -70.021301 6.000000 
-441.463715 384.519714 -69.815002 6.000000 
-441.894592 384.660889 -70.063400 6.000000 
-441.910400 385.209503 -70.074097 6.000000 
-441.734497 385.765686 -69.995399 6.000000 
-442.131897 386.069092 -70.266098 6.000000 
-441.874786 386.503998 -70.151604 6.000000 
-441.293793 387.439911 -69.990097 6.000000 
-441.760590 387.791107 -70.333504 6.000000 
-441.872986 388.087097 -70.492500 6.000000 
-441.598389 388.741302 -70.543297 6.000000 
-442.000397 389.199493 -71.098801 6.000000 
-441.463013 379.043793 -71.909401 6.000000 
-441.343811 379.599396 -70.969299 6.000000 
-441.176300 380.059814 -70.528801 6.000000 
-441.280090 380.718903 -70.342300 6.000000 
-441.276215 381.302185 -70.151398 6.000000 
-441.702606 381.371307 -70.460602 6.000000 
-441.460297 381.981598 -70.106102 6.000000 
-441.155304 382.679413 -69.791801 6.000000 
-441.383789 383.281799 -69.847000 6.000000 
-441.410004 383.617615 -69.830399 6.000000 
-441.346100 384.118805 -69.764198 6.000000 
-441.241791 384.538513 -69.698601 6.000000 
-441.220215 385.147888 -69.693497 6.000000 
-441.486908 385.676208 -69.853500 6.000000 
-441.135712 386.297485 -69.733902 6.000000 
-441.404907 386.903687 -69.947998 6.000000 
-441.606689 387.100586 -70.089897 6.000000 
-441.236389 387.771698 -70.035400 6.000000 
-441.415100 388.359711 -70.294296 6.000000 
-441.368103 388.542786 -70.328300 6.000000 
-441.028503 389.193604 -70.388199 6.000000 
-441.469208 389.855103 -71.056396 6.000000 
-441.492889 390.205994 -71.409203 6.000000 
-441.243591 390.477509 -71.428001 6.000000 
-440.993713 378.340393 -71.839500 6.000000 
-440.781708 378.999695 -70.737396 6.000000 
-440.786499 379.532196 -70.443398 6.000000 
-440.886810 380.343689 -70.181801 6.000000 
-440.879486 380.726990 -70.050102 6.000000 
-440.888489 381.002197 -69.976402 6.000000 
-440.963501 381.796112 -69.833603 6.000000 
-440.891693 382.280212 -69.706802 6.000000 
-440.927094 382.815002 -69.651604 6.000000 
-441.042297 383.122101 -69.677200 6.000000 
-440.866211 383.812408 -69.538200 6.000000 
-440.549988 384.217499 -69.383904 6.000000 
-441.061798 384.457886 -69.610901 6.000000 
-440.965515 385.246613 -69.576897 6.000000 
-440.864899 385.459808 -69.542198 6.000000 
-440.868103 386.223206 -69.605003 6.000000 
-440.941711 386.274292 -69.642799 6.000000 
-440.516388 387.587402 -69.671600 6.000000 
-440.944092 387.658905 -69.869301 6.000000 
-440.712097 388.172089 -69.890800 6.000000 
-440.999908 388.909485 -70.259499 6.000000 
-440.791992 389.210510 -70.271500 6.000000 
-440.700592 389.626495 -70.409698 6.000000 
-440.969086 390.125092 -70.857101 6.000000 
-440.987305 390.634308 -71.325897 6.000000 
-440.264404 377.760590 -71.142998 6.000000 
-440.574799 378.582306 -70.805199 6.000000 
-440.472198 378.847809 -70.534798 6.000000 
-440.509186 379.398407 -70.285202 6.000000 
-440.222992 380.301605 -69.776604 6.000000 
-440.221100 380.750000 -69.657501 6.000000 
-440.411285 381.299988 -69.632896 6.000000 
-440.327698 381.518585 -69.547798 6.000000 
-440.414490 381.891388 -69.525597 6.000000 
-440.148712 382.821991 -69.290497 6.000000 
-440.240692 382.937805 -69.318901 6.000000 
-440.386414 383.628693 -69.334099 6.000000 
-440.121490 384.210510 -69.212196 6.000000 
-440.285004 384.792511 -69.278702 6.000000 
-440.131500 385.250397 -69.237701 6.000000 
-440.321686 385.768005 -69.341904 6.000000 
-440.590912 386.150513 -69.481598 6.000000 
-440.101410 386.526306 -69.340103 6.000000 
-440.243011 387.499207 -69.548698 6.000000 
-440.154907 387.704315 -69.558502 6.000000 
-440.582306 388.088806 -69.813904 6.000000 
-440.090790 389.040100 -69.901802 6.000000 
-440.393585 389.037903 -70.022903 6.000000 
-440.499695 389.810303 -70.398201 6.000000 
-440.343506 390.489014 -70.716003 6.000000 
-440.078003 390.763306 -70.767303 6.000000 
-440.180115 391.013214 -71.045601 6.000000 
-439.669098 376.898499 -71.283401 6.000000 
-439.735291 377.394501 -70.840103 6.000000 
-440.004486 378.023102 -70.627800 6.000000 
-439.812988 378.386688 -70.257401 6.000000 
-440.006805 379.037415 -70.087799 6.000000 
-439.730103 379.726288 -69.678398 6.000000 
-439.825012 379.836212 -69.695602 6.000000 
-439.347900 380.645203 -69.271896 6.000000 
-439.781708 381.142212 -69.362801 6.000000 
-439.614288 381.427002 -69.242401 6.000000 
-439.876312 382.001312 -69.267700 6.000000 
-440.079590 382.499298 -69.293297 6.000000 
-439.867096 383.148895 -69.153397 6.000000 
-440.030609 383.873993 -69.183403 6.000000 
-439.880493 384.169708 -69.123299 6.000000 
-439.869507 384.769196 -69.125504 6.000000 
-439.933502 384.988800 -69.155098 6.000000 
-439.848999 385.644501 -69.163399 6.000000 
-439.781708 386.287506 -69.202202 6.000000 
-439.700012 386.640106 -69.219902 6.000000 
-440.003387 387.039703 -69.380501 6.000000 
-440.141815 387.744385 -69.562401 6.000000 
-439.959503 388.053406 -69.568398 6.000000 
-439.898193 388.543701 -69.675598 6.000000 
-439.743896 389.134186 -69.807701 6.000000 
-439.937012 389.637695 -70.071701 6.000000 
-439.772491 390.563202 -70.478897 6.000000 
-439.731995 390.674011 -70.531601 6.000000 
-439.906006 391.544006 -71.504097 6.000000 
-439.712006 391.809296 -71.929001 6.000000 
-438.985504 376.561615 -70.795799 6.000000 
-439.556610 376.969086 -71.038101 6.000000 
-439.396210 377.184204 -70.672203 6.000000 
-439.308014 377.987305 -70.111000 6.000000 
-439.274902 378.408295 -69.898697 6.000000 
-439.405212 379.177185 -69.682899 6.000000 
-439.282806 379.468109 -69.530701 6.000000 
-439.256287 380.130096 -69.344597 6.000000 
-439.231110 380.297607 -69.295799 6.000000 
-439.237610 381.094391 -69.145401 6.000000 
-438.911713 381.514008 -68.964104 6.000000 
-439.452515 382.167999 -69.081100 6.000000 
-439.317993 382.721008 -68.983200 6.000000 
-439.214508 382.975098 -68.931602 6.000000 
-439.381104 383.293488 -68.971397 6.000000 
-439.183411 384.079102 -68.890800 6.000000 
-439.166412 384.720703 -68.896599 6.000000 
-439.355103 385.211395 -68.975800 6.000000 
-439.645599 385.731506 -69.103203 6.000000 
-439.374603 386.365906 -69.084099 6.000000 
-439.428009 386.679810 -69.140999 6.000000 
-439.119385 387.260406 -69.143898 6.000000 
-439.371002 387.594208 -69.278999 6.000000 
-439.561798 388.412292 -69.527603 6.000000 
-439.191315 388.517212 -69.444000 6.000000 
-439.415710 389.159485 -69.707497 6.000000 
-438.973907 389.735413 -69.786903 6.000000 
-439.213593 390.411987 -70.174202 6.000000 
-439.103790 390.698914 -70.296997 6.000000 
-439.161713 391.002686 -70.514000 6.000000 
-439.299713 391.636688 -71.153999 6.000000 
-438.830414 376.051605 -71.164803 6.000000 
-438.881012 376.695496 -70.587502 6.000000 
-438.626312 377.202698 -70.080399 6.000000 
-438.476288 377.146790 -70.018303 6.000000 
-438.847687 378.040497 -69.812202 6.000000 
-438.884613 378.673889 -69.590599 6.000000 
-438.536285 378.969513 -69.339203 6.000000 
-438.864899 379.471100 -69.340202 6.000000 
-438.605011 380.205688 -69.067497 6.000000 
-438.979187 380.700195 -69.114098 6.000000 
-438.839691 381.269714 -68.971901 6.000000 
-438.378906 381.541992 -68.786003 6.000000 
-438.520508 381.911499 -68.791199 6.000000 
-438.595215 382.519592 -68.764297 6.000000 
-438.708191 382.773407 -68.782700 6.000000 
-438.672485 383.810211 -68.740601 6.000000 
-438.731415 384.411987 -68.762703 6.000000 
-438.912689 384.654602 -68.820396 6.000000 
-438.953796 385.127594 -68.853401 6.000000 
-438.520905 385.769989 -68.787498 6.000000 
-438.852295 385.854797 -68.881203 6.000000 
-438.789612 386.783508 -68.977997 6.000000 
-438.890411 387.097412 -69.053902 6.000000 
-438.760010 387.768097 -69.147102 6.000000 
-438.595215 387.900696 -69.134697 6.000000 
-438.760193 388.406494 -69.297501 6.000000 
-438.606110 389.376801 -69.552399 6.000000 
-438.876801 389.874207 -69.815903 6.000000 
-438.536407 390.206787 -69.867798 6.000000 
-438.611786 390.809204 -70.201797 6.000000 
-438.459198 391.171692 -70.385101 6.000000 
-438.474701 391.854492 -70.978500 6.000000 
-438.181000 375.416107 -71.141800 6.000000 
-438.078491 376.241608 -70.297203 6.000000 
-438.305695 376.859192 -70.069397 6.000000 
-438.034302 377.176392 -69.760002 6.000000 
-438.308807 377.476898 -69.767303 6.000000 
-438.373291 378.032898 -69.574303 6.000000 
-438.428192 378.535400 -69.425102 6.000000 
-438.267395 378.880096 -69.253700 6.000000 
-438.371185 379.586609 -69.113503 6.000000 
-438.601593 380.243896 -69.058800 6.000000 
-438.230286 380.551086 -68.875000 6.000000 
-438.139099 380.765594 -68.812302 6.000000 
-438.576996 381.625305 -68.838997 6.000000 
-438.573090 382.285309 -68.774696 6.000000 
-438.580811 382.655304 -68.751404 6.000000 
-438.080597 383.078308 -68.593597 6.000000 
-438.073486 383.658203 -68.582199 6.000000 
-438.311188 384.642609 -68.659698 6.000000 
-438.360504 384.709503 -68.674896 6.000000 
-438.201111 385.345093 -68.673698 6.000000 
-438.234406 385.796204 -68.720802 6.000000 
-438.312592 386.153107 -68.777298 6.000000 
-438.074707 386.775696 -68.806702 6.000000 
-438.354614 387.286194 -68.954399 6.000000 
-438.421692 387.699402 -69.050102 6.000000 
-438.460297 388.145599 -69.158600 6.000000 
-438.459290 388.939911 -69.373299 6.000000 
-438.385010 389.056396 -69.391800 6.000000 
-438.377106 389.756592 -69.636200 6.000000 
-438.506500 390.148499 -69.833397 6.000000 
-438.090698 390.595215 -69.943802 6.000000 
-438.246796 391.727997 -70.759598 6.000000 
-438.381805 391.641388 -70.727798 6.000000 
-438.489105 392.022186 -71.194298 6.000000 
-437.866608 374.977203 -71.365700 6.000000 
-437.791687 375.709900 -70.474899 6.000000 
-437.713196 376.038910 -70.189400 6.000000 
-437.947388 376.779999 -69.904503 6.000000 
-437.647705 377.079010 -69.614502 6.000000 
-437.854004 377.552307 -69.517097 6.000000 
-437.910004 377.941895 -69.399399 6.000000 
-437.904602 378.591888 -69.193001 6.000000 
-438.026611 379.377808 -69.035797 6.000000 
-437.750000 379.418304 -68.931503 6.000000 
-437.493500 380.275208 -68.692703 6.000000 
-437.984589 380.654205 -68.780800 6.000000 
-437.718994 381.120697 -68.640602 6.000000 
-437.797211 381.749786 -68.597198 6.000000 
-437.722107 382.364807 -68.532898 6.000000 
-437.732086 382.801300 -68.514801 6.000000 
-437.687103 382.922913 -68.499702 6.000000 
-437.684509 383.489410 -68.488899 6.000000 
-437.372406 383.915497 -68.422203 6.000000 
-437.581085 384.559814 -68.487099 6.000000 
-437.619812 385.544891 -68.562103 6.000000 
-437.759399 385.633514 -68.599403 6.000000 
-437.565796 386.386200 -68.645599 6.000000 
-437.993500 386.561798 -68.757797 6.000000 
-437.652710 387.091003 -68.770302 6.000000 
-437.818909 387.526703 -68.883797 6.000000 
-437.783203 388.082611 -68.996597 6.000000 
-437.807800 389.028015 -69.257103 6.000000 
-437.579712 389.274109 -69.291496 6.000000 
-437.876312 389.669586 -69.489700 6.000000 
-437.721191 390.388885 -69.759300 6.000000 
-437.544708 390.490997 -69.772102 6.000000 
-437.832306 391.465210 -70.415298 6.000000 
-437.888000 391.678192 -70.600098 6.000000 
-437.999390 392.383698 -71.538597 6.000000 
-437.422211 392.458008 -71.372398 6.000000 
-437.497498 374.604401 -71.450699 6.000000 
-437.108093 375.003510 -70.540398 6.000000 
-437.509705 375.523987 -70.412102 6.000000 
-437.184601 376.323303 -69.741096 6.000000 
-437.373108 376.419189 -69.786003 6.000000 
-437.304688 376.983887 -69.500702 6.000000 
-437.274597 377.528992 -69.284401 6.000000 
-436.869110 377.734406 -69.070801 6.000000 
-437.186493 378.713715 -68.909401 6.000000 
-437.644714 378.945099 -69.005203 6.000000 
-437.081207 379.311707 -68.745102 6.000000 
-437.455505 380.113007 -68.707901 6.000000 
-437.247009 380.529907 -68.586899 6.000000 
-437.192902 381.092987 -68.504303 6.000000 
-437.293610 381.428314 -68.495796 6.000000 
-437.381897 382.053314 -68.467903 6.000000 
-436.892914 382.664490 -68.328796 6.000000 
-437.432800 383.183899 -68.434196 6.000000 
-437.070099 383.539612 -68.354797 6.000000 
-437.090088 383.985596 -68.365700 6.000000 
-437.673309 384.835693 -68.521004 6.000000 
-437.563293 385.079315 -68.513100 6.000000 
-437.440796 385.628204 -68.533798 6.000000 
-437.242096 386.288605 -68.571404 6.000000 
-436.977905 386.704010 -68.584503 6.000000 
-437.195587 387.316315 -68.726402 6.000000 
-437.178192 387.971313 -68.859596 6.000000 
-437.532288 388.186188 -68.973099 6.000000 
-437.185089 388.634613 -69.027802 6.000000 
-437.180206 389.128296 -69.173203 6.000000 
-437.342285 389.727112 -69.408302 6.000000 
-437.396790 390.369385 -69.686203 6.000000 
-437.250305 390.898407 -69.926201 6.000000 
-437.314392 391.252899 -70.149696 6.000000 
-437.251892 391.782593 -70.524902 6.000000 
-437.259796 392.262207 -71.016800 6.000000 
-436.658295 373.970215 -71.333702 6.000000 
-436.497986 374.696991 -70.367599 6.000000 
-436.702606 375.199310 -70.128700 6.000000 
-436.854492 375.395203 -70.087700 6.000000 
-436.766602 375.830994 -69.790199 6.000000 
-436.739197 376.288208 -69.555901 6.000000 
-437.046509 376.890289 -69.430000 6.000000 
-436.609406 377.590515 -69.027496 6.000000 
-436.783691 378.201904 -68.911003 6.000000 
-436.901398 378.615814 -68.843803 6.000000 
-436.413300 379.262695 -68.571899 6.000000 
-436.659088 379.667908 -68.563904 6.000000 
-436.427490 380.193909 -68.427803 6.000000 
-437.127808 380.486908 -68.561302 6.000000 
-436.814911 380.830505 -68.440598 6.000000 
-437.128387 381.640015 -68.437302 6.000000 
-436.933990 382.246613 -68.354103 6.000000 
-436.235107 382.701904 -68.199898 6.000000 
-436.947693 382.964203 -68.333099 6.000000 
-436.782288 383.296997 -68.296799 6.000000 
-436.930511 384.086792 -68.337402 6.000000 
-436.805908 384.747894 -68.345299 6.000000 
-436.747498 385.127106 -68.361900 6.000000 
-436.592804 385.916504 -68.414497 6.000000 
-436.667114 386.037292 -68.440903 6.000000 
-436.699188 386.574493 -68.519501 6.000000 
-437.137512 387.105591 -68.678101 6.000000 
-437.013885 387.710785 -68.774803 6.000000 
-436.707886 388.393494 -68.888397 6.000000 
-436.718109 388.789886 -68.998596 6.000000 
-436.947693 389.243500 -69.172798 6.000000 
-436.648804 389.761902 -69.311401 6.000000 
-436.676697 389.997009 -69.407700 6.000000 
-436.604492 390.732513 -69.732697 6.000000 
-436.696899 391.344513 -70.098503 6.000000 
-436.808990 391.510406 -70.228996 6.000000 
-436.783203 392.188904 -70.809601 6.000000 
-436.990112 392.451599 -71.199997 6.000000 
-436.203796 374.004700 -70.794601 6.000000 
-436.413910 374.052795 -70.927597 6.000000 
-436.228912 374.149506 -70.662804 6.000000 
-436.193115 375.029510 -69.963699 6.000000 
-436.233398 375.577209 -69.677200 6.000000 
-436.305695 375.899902 -69.551201 6.000000 
-435.937988 376.771698 -69.072502 6.000000 
-436.191010 377.147888 -69.029503 6.000000 
-436.508911 377.583893 -68.996902 6.000000 
-436.002197 378.077301 -68.715401 6.000000 
-436.359100 378.466614 -68.721100 6.000000 
-436.529205 379.233307 -68.607399 6.000000 
-436.086792 379.416992 -68.464996 6.000000 
-436.232391 380.097687 -68.396004 6.000000 
-436.422394 380.523010 -68.385002 6.000000 
-436.332214 380.911407 -68.322998 6.000000 
-436.344513 381.410004 -68.282097 6.000000 
-436.184692 381.941589 -68.216904 6.000000 
-436.390808 382.372009 -68.237801 6.000000 
-436.052795 383.234894 -68.164902 6.000000 
-435.934998 383.718994 -68.153999 6.000000 
-436.235809 383.888397 -68.207397 6.000000 
-436.154205 384.727509 -68.236000 6.000000 
-436.404785 385.099091 -68.303001 6.000000 
-436.449890 385.720306 -68.369698 6.000000 
-436.292694 386.306793 -68.419601 6.000000 
-436.606903 387.057495 -68.584297 6.000000 
-436.158905 387.539490 -68.614601 6.000000 
-435.982910 387.856506 -68.661797 6.000000 
-436.095703 388.301300 -68.782997 6.000000 
-436.110809 388.756409 -68.908897 6.000000 
-436.197815 389.516815 -69.163200 6.000000 
-436.331787 389.928986 -69.334297 6.000000 
-435.736786 390.044098 -69.315598 6.000000 
-436.405701 390.579193 -69.629303 6.000000 
-436.022400 391.338104 -70.004303 6.000000 
-436.417908 392.049011 -70.600403 6.000000 
-436.342712 392.465912 -71.057701 6.000000 
-436.207092 392.653107 -71.329399 6.000000 
-435.816589 373.499115 -71.069603 6.000000 
-435.694702 373.871704 -70.543701 6.000000 
-435.741394 374.474609 -70.092003 6.000000 
-435.668610 374.948395 -69.765099 6.000000 
-435.891296 375.781708 -69.440903 6.000000 
-435.920898 376.140991 -69.299797 6.000000 
-435.522797 376.449890 -69.053001 6.000000 
-435.790314 377.239288 -68.880096 6.000000 
-435.736115 377.540100 -68.780403 6.000000 
-436.200592 378.006989 -68.787598 6.000000 
-435.593414 378.718506 -68.475502 6.000000 
-435.658813 379.196594 -68.404404 6.000000 
-436.025299 379.455505 -68.444298 6.000000 
-435.884308 380.346405 -68.289803 6.000000 
-435.514404 380.392395 -68.211700 6.000000 
-435.728088 381.278687 -68.172401 6.000000 
-435.969604 381.503601 -68.201599 6.000000 
-435.942810 381.911591 -68.173500 6.000000 
-436.040314 382.747009 -68.164803 6.000000 
-436.069305 383.301514 -68.168098 6.000000 
-435.668701 383.501709 -68.108002 6.000000 
-435.966309 384.260712 -68.179901 6.000000 
-435.354889 384.587006 -68.114998 6.000000 
-435.618713 385.266510 -68.205498 6.000000 
-435.762085 385.906006 -68.294899 6.000000 
-435.705292 386.297302 -68.340599 6.000000 
-436.025696 386.742310 -68.449501 6.000000 
-435.754791 387.204315 -68.498497 6.000000 
-435.512085 387.404785 -68.511597 6.000000 
-435.650513 387.939209 -68.643700 6.000000 
-436.167114 388.497803 -68.843399 6.000000 
-435.732605 389.409393 -69.074997 6.000000 
-435.779297 389.700989 -69.184700 6.000000 
-435.509094 390.396912 -69.448898 6.000000 
-435.571289 390.845886 -69.675301 6.000000 
-435.597687 391.439789 -70.028603 6.000000 
-435.374786 391.740112 -70.224098 6.000000 
-435.596191 392.370209 -70.827698 6.000000 
-435.779297 392.711395 -71.356003 6.000000 
-435.256195 372.826202 -71.641998 6.000000 
-435.404388 373.470886 -70.740303 6.000000 
-435.549988 373.854889 -70.463501 6.000000 
-435.107788 374.605591 -69.719803 6.000000 
-435.502502 374.822601 -69.763496 6.000000 
-435.020905 375.910400 -69.095398 6.000000 
-435.301392 375.869507 -69.198097 6.000000 
-435.187012 376.998596 -68.784599 6.000000 
-435.365387 376.908295 -68.859001 6.000000 
-435.117706 377.735107 -68.575401 6.000000 
-435.419403 377.870605 -68.615303 6.000000 
-435.471893 378.521790 -68.486099 6.000000 
-435.259399 379.120697 -68.332298 6.000000 
-435.563995 379.926788 -68.276398 6.000000 
-435.089996 380.024292 -68.174698 6.000000 
-434.988403 380.594788 -68.098900 6.000000 
-435.454987 381.029785 -68.142097 6.000000 
-435.846588 381.872101 -68.158203 6.000000 
-434.990112 382.096313 -68.012901 6.000000 
-435.181213 382.787598 -68.030197 6.000000 
-435.270508 382.910095 -68.042900 6.000000 
-434.957306 383.858795 -68.024300 6.000000 
-435.291595 384.168091 -68.081001 6.000000 
-435.570099 384.543701 -68.139999 6.000000 
-435.085999 385.143005 -68.129997 6.000000 
-435.649414 385.548798 -68.238602 6.000000 
-435.288696 386.208801 -68.280296 6.000000 
-435.426605 386.691895 -68.370201 6.000000 
-435.274902 387.058502 -68.419601 6.000000 
-435.247406 387.698700 -68.548599 6.000000 
-435.389709 388.150696 -68.669296 6.000000 
-434.984192 388.478394 -68.721497 6.000000 
-435.248810 389.129303 -68.937798 6.000000 
-435.246307 389.717285 -69.144402 6.000000 
-435.358093 390.050507 -69.285400 6.000000 
-435.154694 390.723511 -69.581001 6.000000 
-435.434113 391.284088 -69.915604 6.000000 
-435.277191 391.938690 -70.376701 6.000000 
-434.978088 392.550507 -71.014397 6.000000 
-435.215607 392.925690 -71.912697 6.000000 
-434.673401 372.878815 -70.866203 6.000000 
-434.859802 373.186707 -70.651199 6.000000 
-434.808685 373.852997 -70.058701 6.000000 
-434.543915 374.679199 -69.470703 6.000000 
-434.597412 374.796997 -69.431801 6.000000 
-434.888092 375.726898 -69.125099 6.000000 
-434.522095 375.970703 -68.933601 6.000000 
-434.860291 376.571503 -68.826698 6.000000 
-435.025696 377.098907 -68.715302 6.000000 
-434.762299 377.311401 -68.596703 6.000000 
-434.473907 377.919800 -68.396202 6.000000 
-434.821594 378.668213 -68.321404 6.000000 
-434.350403 379.080902 -68.169899 6.000000 
-434.567810 379.603699 -68.135399 6.000000 
-434.677612 379.794098 -68.130402 6.000000 
-434.702209 380.737000 -68.041702 6.000000 
-434.386200 381.234985 -67.963799 6.000000 
-434.821991 381.600403 -68.006401 6.000000 
-434.903107 382.094299 -68.000603 6.000000 
-434.774506 382.802704 -67.975998 6.000000 
-434.817108 382.916809 -67.982101 6.000000 
-434.715698 383.985992 -68.002602 6.000000 
-434.672913 384.170593 -68.008400 6.000000 
-434.752808 384.587799 -68.045601 6.000000 
-434.763397 385.312805 -68.113800 6.000000 
-434.847412 385.809906 -68.181000 6.000000 
-434.819397 386.145813 -68.224602 6.000000 
-434.705597 386.757812 -68.313400 6.000000 
-434.803192 387.230988 -68.410797 6.000000 
-435.015900 387.767090 -68.543900 6.000000 
-434.770508 388.213013 -68.634598 6.000000 
-434.647186 388.805786 -68.793999 6.000000 
-434.571198 389.312103 -68.954597 6.000000 
-434.527710 389.750610 -69.113998 6.000000 
-434.842010 390.272186 -69.347198 6.000000 
-434.667297 390.809296 -69.600700 6.000000 
-434.937195 391.096802 -69.772202 6.000000 
-434.798187 391.651215 -70.127296 6.000000 
-434.903595 392.262909 -70.663101 6.000000 
-434.830200 392.855896 -71.597099 6.000000 
-434.123688 372.117706 -71.661102 6.000000 
-434.087311 372.762085 -70.591499 6.000000 
-434.249207 373.044403 -70.414001 6.000000 
-434.463806 373.415009 -70.215401 6.000000 
-434.078094 373.856995 -69.748497 6.000000 
-434.440094 374.560699 -69.494003 6.000000 
-434.520813 374.999115 -69.313400 6.000000 
-434.180115 375.513397 -69.006203 6.000000 
-434.197815 376.149414 -68.793503 6.000000 
-434.083313 376.472992 -68.669899 6.000000 
-434.490814 377.018707 -68.610703 6.000000 
-434.269409 377.466003 -68.454201 6.000000 
-434.247498 378.107391 -68.315598 6.000000 
-434.141998 378.727814 -68.188698 6.000000 
-434.114288 379.124603 -68.125198 6.000000 
-434.220886 379.661499 -68.073097 6.000000 
-434.141205 380.024689 -68.022102 6.000000 
-434.121704 380.658813 -67.964798 6.000000 
-434.349915 380.910095 -67.978203 6.000000 
-434.302704 381.626312 -67.935501 6.000000 
-434.420410 382.014496 -67.938797 6.000000 
-434.263885 382.648895 -67.914597 6.000000 
-434.273499 383.175415 -67.923500 6.000000 
-434.343109 383.946014 -67.961502 6.000000 
-434.066406 384.066193 -67.942596 6.000000 
-434.243591 384.705109 -68.006203 6.000000 
-434.265106 384.789001 -68.015602 6.000000 
-434.248413 385.400085 -68.077698 6.000000 
-434.254089 386.259491 -68.195702 6.000000 
-434.277893 386.667511 -68.265404 6.000000 
-434.113190 387.342010 -68.387001 6.000000 
-434.016388 387.552094 -68.428299 6.000000 
-434.817413 388.402008 -68.688400 6.000000 
-434.394104 388.631989 -68.727898 6.000000 
-434.281708 389.433411 -68.984596 6.000000 
-433.914795 389.481201 -68.990799 6.000000 
-433.982208 390.093109 -69.238297 6.000000 
-434.259613 390.625000 -69.493202 6.000000 
-434.126587 391.275208 -69.859200 6.000000 
-433.834595 391.836090 -70.268097 6.000000 
-434.193909 392.404388 -70.821404 6.000000 
-434.177094 392.883209 -71.725197 6.000000 
-433.909790 372.083099 -71.419601 6.000000 
-433.795105 372.347412 -70.872498 6.000000 
-434.066101 373.105591 -70.265404 6.000000 
-433.604889 373.515411 -69.780701 6.000000 
-433.753693 374.010315 -69.548401 6.000000 
-433.437897 374.438202 -69.245003 6.000000 
-433.523010 375.006500 -69.030098 6.000000 
-433.938812 375.582794 -68.919601 6.000000 
-433.714996 376.292908 -68.642502 6.000000 
-433.646698 376.391693 -68.600502 6.000000 
-433.835907 377.031799 -68.471199 6.000000 
-433.654388 377.524414 -68.326797 6.000000 
-433.490601 378.094910 -68.190002 6.000000 
-433.744293 378.709412 -68.128197 6.000000 
-433.991302 378.963287 -68.128700 6.000000 
-433.531891 379.527496 -67.990997 6.000000 
-433.699402 380.198700 -67.946503 6.000000 
-433.593597 380.414398 -67.916298 6.000000 
-433.433685 381.123596 -67.856003 6.000000 
-433.896912 381.594696 -67.888199 6.000000 
-433.313507 381.901489 -67.821999 6.000000 
-433.613312 382.645508 -67.848900 6.000000 
-433.896515 383.154694 -67.885399 6.000000 
-433.991211 383.532898 -67.907700 6.000000 
-433.585388 384.021393 -67.900497 6.000000 
-433.826904 384.420105 -67.947998 6.000000 
-433.727814 385.096985 -68.004997 6.000000 
-433.831512 385.685608 -68.083504 6.000000 
-433.521698 386.470703 -68.187798 6.000000 
-433.796112 386.846802 -68.269798 6.000000 
-433.662903 387.198212 -68.334297 6.000000 
-433.853912 387.874298 -68.497704 6.000000 
-433.724091 387.969910 -68.516899 6.000000 
-433.871490 388.740997 -68.738998 6.000000 
-433.830414 389.351196 -68.941299 6.000000 
-433.593689 390.006012 -69.196701 6.000000 
-433.880005 390.185089 -69.277496 6.000000 
-433.802490 390.887512 -69.628799 6.000000 
-433.833191 391.225800 -69.829102 6.000000 
-433.686798 391.815399 -70.256203 6.000000 
-433.929810 392.399200 -70.826599 6.000000 
-433.734802 392.793488 -71.518600 6.000000 
-433.534302 371.832886 -71.524803 6.000000 
-433.350403 372.513000 -70.424103 6.000000 
-433.388000 372.983704 -70.054001 6.000000 
-433.120697 373.368408 -69.702202 6.000000 
-433.112488 373.830994 -69.444199 6.000000 
-433.313110 374.572906 -69.153198 6.000000 
-433.108887 374.998505 -68.935097 6.000000 
-433.260895 375.655914 -68.741402 6.000000 
-433.308685 375.886993 -68.679001 6.000000 
-433.053589 376.524109 -68.454201 6.000000 
-433.208893 377.381592 -68.282700 6.000000 
-433.152100 377.370789 -68.276001 6.000000 
-433.286987 377.875000 -68.198402 6.000000 
-432.979614 378.583313 -68.040199 6.000000 
-433.480286 378.850189 -68.069099 6.000000 
-433.251892 379.579407 -67.950401 6.000000 
-433.412201 380.183014 -67.913101 6.000000 
-433.118805 380.849487 -67.837303 6.000000 
-433.241394 380.819611 -67.851196 6.000000 
-433.258087 381.527100 -67.824303 6.000000 
-433.255707 382.009186 -67.815697 6.000000 
-433.163910 382.734100 -67.812798 6.000000 
-432.891205 382.972595 -67.799896 6.000000 
-433.211090 383.985809 -67.872299 6.000000 
-433.180695 384.367188 -67.899803 6.000000 
-433.300995 384.828613 -67.950104 6.000000 
-432.976807 384.935394 -67.944801 6.000000 
-433.034088 385.967987 -68.084702 6.000000 
-433.231689 386.274902 -68.141899 6.000000 
-433.177399 386.864807 -68.248398 6.000000 
-433.244690 387.079315 -68.294296 6.000000 
-433.258911 387.717987 -68.440102 6.000000 
-433.439514 388.253601 -68.584602 6.000000 
-433.122009 388.774506 -68.736504 6.000000 
-433.360413 389.138306 -68.859299 6.000000 
-433.102203 389.783508 -69.105400 6.000000 
-433.057312 389.965607 -69.183800 6.000000 
-433.221893 390.683807 -69.527199 6.000000 
-433.144104 391.194397 -69.829498 6.000000 
-432.889496 391.602509 -70.133904 6.000000 
-433.123901 392.221710 -70.686096 6.000000 
-433.592987 392.776093 -71.500603 6.000000 
-432.702911 371.467407 -71.375099 6.000000 
-432.904205 371.990204 -70.723297 6.000000 
-432.877502 372.781189 -70.000397 6.000000 
-432.871887 372.769104 -70.007004 6.000000 
-432.739807 373.969788 -69.275299 6.000000 
-432.854187 374.323303 -69.145302 6.000000 
-432.818909 374.480499 -69.070999 6.000000 
-432.656708 374.815704 -68.904701 6.000000 
-432.731995 375.489990 -68.689301 6.000000 
-432.893311 375.708801 -68.652000 6.000000 
-432.785889 376.733398 -68.359100 6.000000 
-432.703705 377.036591 -68.278503 6.000000 
-432.844391 377.386902 -68.226402 6.000000 
-432.945709 378.031494 -68.121902 6.000000 
-432.774902 378.829407 -67.981598 6.000000 
-433.012512 379.139801 -67.971001 6.000000 
-432.774994 379.635895 -67.891296 6.000000 
-432.668915 380.188293 -67.834900 6.000000 
-432.602112 380.468689 -67.810600 6.000000 
-432.745209 381.286011 -67.786301 6.000000 
-432.862000 381.683990 -67.786697 6.000000 
-432.871796 382.358185 -67.785400 6.000000 
-432.635193 382.656494 -67.774696 6.000000 
-432.685394 383.262390 -67.799004 6.000000 
-432.631592 383.621613 -67.815598 6.000000 
-432.593597 384.288696 -67.863701 6.000000 
-432.606995 384.705597 -67.904602 6.000000 
-432.692413 385.105713 -67.953003 6.000000 
-432.426300 385.993103 -68.072601 6.000000 
-432.685913 386.015198 -68.081596 6.000000 
-432.665192 387.054413 -68.277000 6.000000 
-432.893585 387.377197 -68.351997 6.000000 
-432.322906 387.381409 -68.349998 6.000000 
-432.775909 388.164093 -68.552200 6.000000 
-432.792908 389.077911 -68.840103 6.000000 
-432.579315 389.382385 -68.956299 6.000000 
-432.734100 389.736298 -69.093597 6.000000 
-432.669800 390.280487 -69.341202 6.000000 
-433.045013 390.627686 -69.502800 6.000000 
-432.504913 391.065796 -69.787300 6.000000 
-432.937988 391.967590 -70.443199 6.000000 
-432.519104 392.372192 -70.971802 6.000000 
-432.359802 392.609985 -71.452202 6.000000 
-432.353088 372.187805 -70.259102 6.000000 
-431.971008 372.583099 -69.829903 6.000000 
-432.110901 373.240814 -69.478897 6.000000 
-431.900696 373.272308 -69.409798 6.000000 
-432.196014 373.702393 -69.267899 6.000000 
-432.391296 374.409302 -69.004997 6.000000 
-432.242493 375.162994 -68.704803 6.000000 
-432.571106 375.495514 -68.657898 6.000000 
-432.127594 375.789612 -68.497704 6.000000 
-432.712006 376.431000 -68.420700 6.000000 
-432.085907 376.855591 -68.232399 6.000000 
-432.219910 377.509613 -68.120399 6.000000 
-432.377502 378.017487 -68.052597 6.000000 
-432.413788 378.601898 -67.971100 6.000000 
-432.194305 378.969391 -67.903198 6.000000 
-432.036591 379.377991 -67.846199 6.000000 
-431.978699 380.163391 -67.779602 6.000000 
-432.054993 380.653107 -67.758400 6.000000 
-432.091003 381.226898 -67.740997 6.000000 
-432.152008 381.713013 -67.737396 6.000000 
-432.356812 381.895111 -67.749001 6.000000 
-432.289886 382.635803 -67.754700 6.000000 
-432.031799 383.012695 -67.756401 6.000000 
-432.148285 383.494202 -67.786499 6.000000 
-432.260803 384.154510 -67.839401 6.000000 
-431.797485 384.548401 -67.866402 6.000000 
-432.108002 385.169800 -67.945702 6.000000 
-432.114410 385.710388 -68.023102 6.000000 
-432.090393 386.012085 -68.071800 6.000000 
-432.436096 386.188812 -68.105904 6.000000 
-432.352509 387.451599 -68.366699 6.000000 
-432.326202 387.797302 -68.454399 6.000000 
-432.301514 388.211090 -68.569702 6.000000 
-431.894287 389.017212 -68.845299 6.000000 
-431.789093 389.443512 -69.014801 6.000000 
-432.066193 389.944794 -69.214401 6.000000 
-431.967804 390.303406 -69.394600 6.000000 
-432.050415 390.828308 -69.678703 6.000000 
-432.191498 391.346191 -70.007500 6.000000 
-431.931793 391.709686 -70.336197 6.000000 
-432.027496 392.415100 -71.166000 6.000000 
-431.567596 370.867401 -71.608002 6.000000 
-431.825714 371.558289 -70.634903 6.000000 
-431.663513 371.975403 -70.174202 6.000000 
-431.936798 372.424408 -69.927101 6.000000 
-431.789795 372.684692 -69.712502 6.000000 
-431.402496 373.335388 -69.266800 6.000000 
-431.769104 374.021393 -69.035797 6.000000 
-431.557495 374.562286 -68.791397 6.000000 
-431.937805 375.197998 -68.642097 6.000000 
-431.666809 375.854401 -68.414101 6.000000 
-432.052399 375.990112 -68.432503 6.000000 
-431.736908 376.290894 -68.314598 6.000000 
-431.800598 377.064209 -68.155403 6.000000 
-431.491699 377.655487 -68.017899 6.000000 
-431.264496 377.975891 -67.949203 6.000000 
-431.635315 378.566803 -67.901001 6.000000 
-431.593109 379.036987 -67.844398 6.000000 
-431.729095 379.283813 -67.830399 6.000000 
-431.824310 380.246307 -67.763802 6.000000 
-431.789398 380.378693 -67.754204 6.000000 
-431.503601 381.173309 -67.710297 6.000000 
-431.764587 381.726196 -67.717003 6.000000 
-431.681396 382.081604 -67.715500 6.000000 
-431.909485 382.602295 -67.736099 6.000000 
-431.494202 383.127014 -67.745102 6.000000 
-431.988892 383.773712 -67.800102 6.000000 
-432.080292 384.378510 -67.854698 6.000000 
-431.637787 384.761505 -67.888702 6.000000 
-431.823395 385.017487 -67.922096 6.000000 
-431.604004 385.690094 -68.018097 6.000000 
-431.953186 386.039398 -68.075897 6.000000 
-431.608185 386.770599 -68.219902 6.000000 
-431.674286 386.874390 -68.241203 6.000000 
-431.792603 387.674103 -68.431396 6.000000 
-431.776093 388.339294 -68.622597 6.000000 
-431.908905 389.052399 -68.857498 6.000000 
-431.972290 389.052612 -68.854698 6.000000 
-431.472900 389.960907 -69.266197 6.000000 
-431.427612 390.047394 -69.312202 6.000000 
-431.937408 390.639801 -69.578499 6.000000 
-431.785706 391.478485 -70.161201 6.000000 
-431.454895 391.575287 -70.297401 6.000000 
-431.664703 392.489685 -71.465401 6.000000 
-431.079407 370.778198 -71.334396 6.000000 
-431.475006 371.600006 -70.436501 6.000000 
-431.195496 372.080200 -69.945198 6.000000 
-431.328003 372.323090 -69.815804 6.000000 
-431.200714 373.154999 -69.312798 6.000000 
-431.199799 373.439697 -69.177902 6.000000 
-431.443695 373.895294 -69.026199 6.000000 
-431.103302 374.646088 -68.693001 6.000000 
-431.321503 375.108398 -68.577103 6.000000 
-431.223297 375.600708 -68.424103 6.000000 
-431.225189 376.038208 -68.313301 6.000000 
-431.239899 376.308594 -68.251999 6.000000 
-430.987305 377.045502 -68.077301 6.000000 
-431.166901 377.318695 -68.044601 6.000000 
-430.904785 378.035095 -67.913902 6.000000 
-430.970093 378.836792 -67.822701 6.000000 
-431.158203 378.988098 -67.819099 6.000000 
-431.480804 379.768707 -67.772697 6.000000 
-430.983002 380.071014 -67.726898 6.000000 
-431.161499 380.706390 -67.707100 6.000000 
-431.352295 381.237488 -67.702599 6.000000 
-431.209412 381.605591 -67.694801 6.000000 
-430.952301 382.019012 -67.692200 6.000000 
-431.199890 382.521393 -67.711098 6.000000 
-431.388092 382.615692 -67.719002 6.000000 
-431.212891 383.653595 -67.775803 6.000000 
-430.936005 384.619293 -67.872398 6.000000 
-431.452301 384.773285 -67.889099 6.000000 
-431.451599 385.042786 -67.923500 6.000000 
-431.166809 385.627808 -68.012604 6.000000 
-430.996887 386.322296 -68.142403 6.000000 
-431.319305 386.779907 -68.228600 6.000000 
-431.212189 387.173706 -68.322998 6.000000 
-430.783508 387.926086 -68.548103 6.000000 
-431.212311 388.135406 -68.585701 6.000000 
-430.971893 388.983307 -68.891701 6.000000 
-431.284607 389.010010 -68.878098 6.000000 
-430.775909 389.723389 -69.223602 6.000000 
-431.287292 390.325806 -69.469803 6.000000 
-430.929291 390.596588 -69.669998 6.000000 
-431.247589 391.277588 -70.087303 6.000000 
-431.316711 391.548798 -70.299797 6.000000 
-431.201508 392.418488 -71.543900 6.000000 
-430.483795 370.513214 -71.440399 6.000000 
-430.583496 370.763397 -71.028900 6.000000 
-430.848511 371.265015 -70.523804 6.000000 
-430.582794 372.136414 -69.748802 6.000000 
-430.914886 372.298706 -69.724800 6.000000 
-430.630310 372.855103 -69.350700 6.000000 
-430.846191 373.458496 -69.105499 6.000000 
-430.734802 374.105804 -68.828903 6.000000 
-430.735504 374.491211 -68.694099 6.000000 
-430.703491 375.248901 -68.459000 6.000000 
-430.615692 375.430115 -68.400299 6.000000 
-430.863007 376.129791 -68.253304 6.000000 
-430.721313 376.604614 -68.138702 6.000000 
-430.776093 376.909088 -68.084503 6.000000 
-430.525787 377.530792 -67.961098 6.000000 
-430.515106 378.192413 -67.869301 6.000000 
-430.852203 378.488190 -67.853600 6.000000 
-431.007111 379.151611 -67.794502 6.000000 
-430.413391 379.694794 -67.726601 6.000000 
-430.969696 380.391602 -67.710899 6.000000 
-430.776611 380.485199 -67.700104 6.000000 
-430.708893 381.101807 -67.683403 6.000000 
-430.365295 381.382507 -67.675797 6.000000 
-430.666595 381.905212 -67.685097 6.000000 
-431.049713 382.388489 -67.703598 6.000000 
-430.732788 382.828400 -67.718300 6.000000 
-430.567902 383.396698 -67.754898 6.000000 
-430.647797 384.277710 -67.836403 6.000000 
-430.967590 384.344604 -67.840401 6.000000 
-430.726807 385.192291 -67.953499 6.000000 
-430.954193 385.453400 -67.988503 6.000000 
-430.580811 386.176086 -68.128601 6.000000 
-430.875793 386.856598 -68.261497 6.000000 
-431.047607 387.070587 -68.304604 6.000000 
-430.661194 387.689087 -68.486801 6.000000 
-430.941010 388.349609 -68.670097 6.000000 
-430.809509 388.896790 -68.872498 6.000000 
-430.981415 389.401093 -69.058800 6.000000 
-430.532898 389.949310 -69.363998 6.000000 
-430.634613 390.265991 -69.519302 6.000000 
-430.291595 390.350403 -69.620697 6.000000 
-430.837494 391.400391 -70.266800 6.000000 
-430.878387 391.886505 -70.754204 6.000000 
-430.424408 392.047302 -71.161499 6.000000 
-430.474701 370.545502 -71.357399 6.000000 
-430.244385 370.745605 -70.883797 6.000000 
-430.181091 371.651093 -69.985199 6.000000 
-430.309296 372.145508 -69.682503 6.000000 
-430.310791 372.188293 -69.656601 6.000000 
-429.968903 372.787201 -69.270897 6.000000 
-430.379211 373.695587 -68.934502 6.000000 
-430.094604 374.097900 -68.748901 6.000000 
-430.259399 374.443207 -68.651497 6.000000 
-430.450409 374.983795 -68.506599 6.000000 
-430.060699 375.145508 -68.422501 6.000000 
-430.219299 375.807709 -68.269096 6.000000 
-430.062988 376.409088 -68.127197 6.000000 
-429.968414 376.913696 -68.027496 6.000000 
-429.892395 377.735504 -67.897697 6.000000 
-430.366486 377.881104 -67.901299 6.000000 
-430.382385 378.566406 -67.819702 6.000000 
-430.507812 378.922607 -67.790001 6.000000 
-430.151703 379.402496 -67.737701 6.000000 
-430.412506 380.509308 -67.689003 6.000000 
-430.239288 380.474792 -67.686401 6.000000 
-429.854187 381.159607 -67.672600 6.000000 
-430.156311 381.498199 -67.674797 6.000000 
-430.153900 382.176392 -67.689499 6.000000 
-430.195099 382.832306 -67.719803 6.000000 
-430.048187 383.438293 -67.765404 6.000000 
-430.266388 383.365387 -67.755600 6.000000 
-430.016388 384.508392 -67.879898 6.000000 
-430.207306 384.701508 -67.898697 6.000000 
-430.007690 385.061707 -67.958099 6.000000 
-430.327087 385.585297 -68.029701 6.000000 
-430.083008 385.959686 -68.110199 6.000000 
-429.846985 386.524292 -68.244400 6.000000 
-430.394196 387.102386 -68.346497 6.000000 
-430.118896 387.741608 -68.542900 6.000000 
-430.271606 388.356110 -68.726402 6.000000 
-430.227203 388.757690 -68.875801 6.000000 
-430.175690 389.268799 -69.089302 6.000000 
-430.231110 389.621002 -69.242401 6.000000 
-430.158600 390.194885 -69.552299 6.000000 
-430.248108 390.746704 -69.882202 6.000000 
-429.829193 391.434998 -70.573601 6.000000 
-430.442291 391.691986 -70.658699 6.000000 
-429.755005 370.364197 -71.244797 6.000000 
-429.837585 370.754791 -70.705002 6.000000 
-429.863403 371.820587 -69.796097 6.000000 
-429.701599 371.859406 -69.738800 6.000000 
-429.400391 372.584412 -69.287003 6.000000 
-429.704895 372.863800 -69.195801 6.000000 
-429.744110 373.527008 -68.918602 6.000000 
-429.676910 374.063995 -68.715202 6.000000 
-429.663513 374.411499 -68.600403 6.000000 
-429.449707 374.880005 -68.444801 6.000000 
-429.524597 375.589691 -68.269096 6.000000 
-429.481598 375.840515 -68.209602 6.000000 
-429.482208 376.608490 -68.056297 6.000000 
-429.659393 377.001495 -67.996803 6.000000 
-429.852112 377.618591 -67.911903 6.000000 
-429.860901 378.086609 -67.851898 6.000000 
-429.849915 379.040192 -67.756699 6.000000 
-429.412903 378.960785 -67.754601 6.000000 
-429.755096 379.582001 -67.717400 6.000000 
-429.533508 380.304993 -67.684402 6.000000 
-429.476288 380.511688 -67.679497 6.000000 
-429.714111 380.830414 -67.674301 6.000000 
-429.714600 381.883301 -67.683701 6.000000 
-429.573090 382.334686 -67.703300 6.000000 
-429.240295 382.939911 -67.750000 6.000000 
-429.482208 383.352112 -67.774498 6.000000 
-429.654205 383.847107 -67.815903 6.000000 
-429.415894 383.786987 -67.819298 6.000000 
-429.607300 384.310608 -67.871399 6.000000 
-429.474487 385.251709 -68.017097 6.000000 
-429.681091 385.608002 -68.067101 6.000000 
-429.423889 386.447815 -68.259697 6.000000 
-429.412506 386.712708 -68.324203 6.000000 
-429.452911 387.226288 -68.455299 6.000000 
-429.512512 387.575806 -68.550598 6.000000 
-429.631409 388.312408 -68.778900 6.000000 
-430.031311 388.970886 -68.981796 6.000000 
-430.068604 389.206909 -69.075996 6.000000 
-429.627106 389.694794 -69.370399 6.000000 
-429.519196 389.886200 -69.491302 6.000000 
-429.628387 390.515900 -69.853897 6.000000 
-429.529297 391.138702 -70.373497 6.000000 
-429.957001 391.827301 -71.022797 6.000000 
-429.371002 370.029785 -71.937698 6.000000 
-429.065094 370.437012 -70.824699 6.000000 
-429.013885 371.242096 -70.033897 6.000000 
-429.527405 371.210114 -70.169502 6.000000 
-428.988892 371.997589 -69.538597 6.000000 
-429.229004 372.508514 -69.301598 6.000000 
-429.346008 372.709686 -69.219803 6.000000 
-429.120300 373.480988 -68.870300 6.000000 
-429.269104 374.075409 -68.673698 6.000000 
-428.764313 374.306000 -68.564102 6.000000 
-428.879791 375.066895 -68.359497 6.000000 
-429.172699 375.360291 -68.302597 6.000000 
-428.982605 375.996704 -68.152100 6.000000 
-429.348297 376.625397 -68.047401 6.000000 
-429.334503 377.135193 -67.962502 6.000000 
-429.115295 377.559509 -67.895798 6.000000 
-429.137207 377.765503 -67.870003 6.000000 
-429.153992 378.612000 -67.780701 6.000000 
-429.135010 379.089600 -67.742699 6.000000 
-429.386292 379.661499 -67.709396 6.000000 
-429.406097 380.024811 -67.693398 6.000000 
-428.891296 380.427002 -67.687302 6.000000 
-429.212311 380.931610 -67.677597 6.000000 
-429.348999 381.829193 -67.688400 6.000000 
-429.145111 382.046600 -67.701599 6.000000 
-429.350800 382.770111 -67.734100 6.000000 
-429.104614 383.262299 -67.782204 6.000000 
-429.184998 383.593811 -67.809898 6.000000 
-429.274292 384.327911 -67.890404 6.000000 
-429.496094 384.615112 -67.917297 6.000000 
-429.332703 385.108002 -68.002098 6.000000 
-429.037689 385.819794 -68.155602 6.000000 
-429.186188 385.942291 -68.168404 6.000000 
-428.985901 386.430206 -68.295700 6.000000 
-429.345612 387.146698 -68.444000 6.000000 
-429.223694 388.002289 -68.720596 6.000000 
-429.065002 388.307709 -68.850800 6.000000 
-429.324707 389.044403 -69.110397 6.000000 
-429.136993 388.922913 -69.086998 6.000000 
-429.205994 389.630493 -69.412399 6.000000 
-429.102203 390.122009 -69.715698 6.000000 
-429.176605 390.904602 -70.271500 6.000000 
-429.060089 391.565002 -71.080299 6.000000 
-429.417786 391.852600 -71.392899 6.000000 
-428.651093 370.028809 -71.315002 6.000000 
-428.491211 370.540192 -70.542198 6.000000 
-428.568207 370.853912 -70.260902 6.000000 
-428.790894 371.281311 -69.964203 6.000000 
-428.455292 371.520203 -69.750900 6.000000 
-428.851410 372.377106 -69.320000 6.000000 
-428.798096 372.807495 -69.113403 6.000000 
-428.719696 373.367310 -68.878502 6.000000 
-428.670898 374.315002 -68.555801 6.000000 
-428.716003 374.457703 -68.516296 6.000000 
-428.612915 374.764008 -68.425400 6.000000 
-428.688507 375.583801 -68.228500 6.000000 
-428.487305 376.113495 -68.113602 6.000000 
-428.723511 376.551605 -68.039703 6.000000 
-428.612305 377.030914 -67.960701 6.000000 
-428.567596 377.458405 -67.900902 6.000000 
-428.415802 378.045410 -67.832603 6.000000 
-428.647095 378.477692 -67.790604 6.000000 
-428.631195 379.033813 -67.747902 6.000000 
-428.877014 379.567108 -67.715103 6.000000 
-428.641510 379.975403 -67.702499 6.000000 
-428.689606 380.424713 -67.691597 6.000000 
-428.423492 381.490814 -67.708702 6.000000 
-428.449799 381.583893 -67.710403 6.000000 
-428.676910 381.993103 -67.716301 6.000000 
-428.551605 382.585785 -67.756302 6.000000 
-428.570404 383.217285 -67.806801 6.000000 
-428.659302 383.874786 -67.871498 6.000000 
-428.339813 384.524292 -67.984802 6.000000 
-428.663696 384.699585 -67.984901 6.000000 
-428.591797 384.910492 -68.025002 6.000000 
-428.723785 385.765289 -68.172798 6.000000 
-428.580109 385.975800 -68.232300 6.000000 
-428.795502 387.187195 -68.516701 6.000000 
-428.692200 386.876709 -68.441704 6.000000 
-428.743195 387.440094 -68.599297 6.000000 
-428.569489 388.414307 -68.968597 6.000000 
-428.574890 388.863586 -69.158203 6.000000 
-428.538300 388.973999 -69.215599 6.000000 
-429.282501 389.988800 -69.595901 6.000000 
-428.746094 390.387787 -69.986099 6.000000 
-428.624390 390.803802 -70.366699 6.000000 
-428.788208 391.336609 -70.889397 6.000000 
-428.855103 391.504211 -71.103996 6.000000 
-428.078400 369.922913 -71.272598 6.000000 
-428.337799 370.711487 -70.342400 6.000000 
-428.113098 371.030212 -70.041298 6.000000 
-428.090210 371.560394 -69.680801 6.000000 
-427.992706 371.972900 -69.437798 6.000000 
-427.929413 372.481995 -69.184402 6.000000 
-427.993408 373.060303 -68.945702 6.000000 
-428.242188 373.495392 -68.798401 6.000000 
-427.899109 373.944702 -68.632401 6.000000 
-427.918915 374.617401 -68.438904 6.000000 
-428.239410 374.697815 -68.427498 6.000000 
-428.003387 375.355499 -68.260399 6.000000 
-428.268890 376.178497 -68.097298 6.000000 
-428.217102 376.475494 -68.044197 6.000000 
-427.986603 377.204315 -67.933899 6.000000 
-427.936707 377.532806 -67.892998 6.000000 
-428.407013 378.201996 -67.817001 6.000000 
-428.209198 378.944489 -67.760002 6.000000 
-427.849091 379.085114 -67.761101 6.000000 
-427.994995 379.657410 -67.730598 6.000000 
-428.111511 380.083191 -67.714798 6.000000 
-427.930511 380.652710 -67.717697 6.000000 
-428.042511 381.099915 -67.717201 6.000000 
-428.097992 381.580994 -67.727699 6.000000 
-428.158691 382.029388 -67.744301 6.000000 
-428.227997 382.409912 -67.762901 6.000000 
-427.952087 383.168488 -67.845497 6.000000 
-428.368805 383.596008 -67.859398 6.000000 
-428.154510 384.056396 -67.933403 6.000000 
-428.176086 384.739105 -68.034103 6.000000 
-428.102997 385.375610 -68.157303 6.000000 
-427.846191 385.411407 -68.193901 6.000000 
-428.030304 386.442688 -68.409798 6.000000 
-427.951904 386.844208 -68.530800 6.000000 
-428.169586 387.213806 -68.609100 6.000000 
-428.236908 388.086487 -68.897499 6.000000 
-428.369385 388.217407 -68.925003 6.000000 
-428.152313 388.659302 -69.148499 6.000000 
-428.445312 389.528687 -69.516899 6.000000 
-428.428894 389.581909 -69.550598 6.000000 
-427.999115 390.303589 -70.157700 6.000000 
-428.191101 390.686401 -70.421799 6.000000 
-427.934204 391.383514 -71.671204 6.000000 
-427.409393 369.959991 -71.001801 6.000000 
-427.586304 370.298401 -70.611397 6.000000 
-427.971710 370.926788 -70.099998 6.000000 
-427.533508 371.202911 -69.849098 6.000000 
-427.639404 372.124115 -69.333000 6.000000 
-427.672394 372.313385 -69.244499 6.000000 
-427.709106 372.997009 -68.955101 6.000000 
-427.432007 373.588715 -68.731903 6.000000 
-427.270996 373.732605 -68.681702 6.000000 
-427.553497 374.757904 -68.395500 6.000000 
-427.364685 374.929413 -68.351898 6.000000 
-427.785492 375.217590 -68.288101 6.000000 
-427.805206 375.695709 -68.185501 6.000000 
-427.723206 376.724915 -68.003998 6.000000 
-427.643890 376.886108 -67.981102 6.000000 
-427.641510 377.448303 -67.907700 6.000000 
-427.540894 378.333099 -67.822197 6.000000 
-427.778595 378.441193 -67.806503 6.000000 
-427.475403 379.231812 -67.768204 6.000000 
-427.586914 379.426605 -67.755096 6.000000 
-427.872009 380.109802 -67.723900 6.000000 
-427.754211 380.262695 -67.727303 6.000000 
-427.665802 381.199402 -67.740700 6.000000 
-427.521606 381.509705 -67.760803 6.000000 
-427.643402 382.229492 -67.790802 6.000000 
-427.572205 382.482300 -67.814697 6.000000 
-427.677490 383.090698 -67.860397 6.000000 
-427.321289 383.901489 -67.993500 6.000000 
-427.666199 384.104401 -67.985901 6.000000 
-427.449585 384.873993 -68.137001 6.000000 
-427.210785 385.263000 -68.244904 6.000000 
-427.919189 385.782410 -68.264503 6.000000 
-427.540405 386.372406 -68.461098 6.000000 
-427.622589 386.927002 -68.606201 6.000000 
-427.420502 387.351410 -68.778099 6.000000 
-427.589600 388.028503 -68.995903 6.000000 
-427.463501 388.487305 -69.219101 6.000000 
-427.526001 388.765411 -69.336197 6.000000 
-427.483398 389.183685 -69.567001 6.000000 
-427.478912 389.741089 -69.915199 6.000000 
-427.704315 390.287598 -70.253403 6.000000 
-427.689087 390.626099 -70.581703 6.000000 
-427.893799 391.345703 -71.601997 6.000000 
-427.371094 369.865204 -71.143402 6.000000 
-427.081909 370.415192 -70.417900 6.000000 
-427.081604 370.904114 -70.014900 6.000000 
-426.894104 371.191711 -69.804901 6.000000 
-426.899902 371.838409 -69.435402 6.000000 
-426.919098 372.369202 -69.183601 6.000000 
-427.214691 373.007202 -68.931900 6.000000 
-427.156097 373.492798 -68.757698 6.000000 
-427.330994 373.924713 -68.623100 6.000000 
-427.075195 374.423187 -68.478897 6.000000 
-426.955414 375.164703 -68.299896 6.000000 
-427.051605 375.482300 -68.231300 6.000000 
-426.978912 376.211487 -68.097900 6.000000 
-426.867310 376.503387 -68.054703 6.000000 
-427.265015 376.784912 -68.002403 6.000000 
-427.361298 377.436615 -67.915703 6.000000 
-427.011200 378.003387 -67.870499 6.000000 
-427.196991 378.506897 -67.822403 6.000000 
-427.238708 379.578308 -67.767197 6.000000 
-427.229004 379.883209 -67.760696 6.000000 
-427.035400 379.971191 -67.771599 6.000000 
-427.179291 380.564392 -67.761101 6.000000 
-426.820312 381.135712 -67.801598 6.000000 
-427.252686 381.474304 -67.779297 6.000000 
-427.349091 382.122406 -67.806999 6.000000 
-427.537689 382.875610 -67.851601 6.000000 
-427.218903 383.055511 -67.899597 6.000000 
-427.187408 383.464203 -67.949997 6.000000 
-426.954987 384.127197 -68.070503 6.000000 
-427.300995 384.752197 -68.133003 6.000000 
-426.804596 385.355194 -68.324699 6.000000 
-427.030212 385.457489 -68.313202 6.000000 
-427.477997 386.284393 -68.447197 6.000000 
-426.974792 386.903412 -68.713203 6.000000 
-426.943390 387.349701 -68.871201 6.000000 
-426.853394 387.631805 -68.996399 6.000000 
-427.242096 388.348694 -69.207901 6.000000 
-426.835999 388.600494 -69.433403 6.000000 
-427.170197 389.473297 -69.836800 6.000000 
-427.273712 389.608612 -69.892601 6.000000 
-427.073395 390.394806 -70.645302 6.000000 
-427.203796 390.955505 -71.393700 6.000000 
-426.573914 369.600891 -71.463203 6.000000 
-426.423889 369.959991 -70.832100 6.000000 
-426.375885 370.476501 -70.297699 6.000000 
-426.710297 370.873505 -70.008598 6.000000 
-426.619812 371.620087 -69.539597 6.000000 
-426.837891 371.989899 -69.357002 6.000000 
-426.378693 372.451111 -69.138496 6.000000 
-426.500793 373.057587 -68.902603 6.000000 
-426.571991 373.499908 -68.750999 6.000000 
-426.672791 373.988190 -68.600800 6.000000 
-426.509186 374.360992 -68.500000 6.000000 
-426.370605 374.812897 -68.391403 6.000000 
-426.479706 375.795410 -68.185303 6.000000 
-426.591187 375.711304 -68.196999 6.000000 
-426.494507 376.317291 -68.096901 6.000000 
-426.657410 376.979401 -67.996300 6.000000 
-426.486115 377.509705 -67.943703 6.000000 
-426.852386 378.055695 -67.873497 6.000000 
-426.685608 378.217804 -67.869400 6.000000 
-426.524597 379.288208 -67.822098 6.000000 
-426.510986 379.680115 -67.813599 6.000000 
-426.759186 380.061188 -67.790398 6.000000 
-426.687500 380.269287 -67.795799 6.000000 
-426.603607 381.166199 -67.822304 6.000000 
-426.736694 381.475586 -67.823502 6.000000 
-426.519012 381.948303 -67.873802 6.000000 
-427.033508 382.933807 -67.905800 6.000000 
-426.281006 383.255890 -68.033096 6.000000 
-426.800903 383.656891 -68.019897 6.000000 
-426.857513 384.400208 -68.128304 6.000000 
-426.716797 384.782593 -68.218300 6.000000 
-426.716492 385.159790 -68.295601 6.000000 
-426.484100 385.390106 -68.384903 6.000000 
-426.771393 386.295807 -68.567703 6.000000 
-426.557800 386.960388 -68.816200 6.000000 
-426.690796 387.378387 -68.936096 6.000000 
-426.626495 387.921112 -69.169197 6.000000 
-426.495087 388.131500 -69.298203 6.000000 
-426.397705 388.784790 -69.667198 6.000000 
-426.564789 388.945099 -69.706299 6.000000 
-426.632996 389.740906 -70.237000 6.000000 
-426.469086 390.259705 -70.851097 6.000000 
-426.357605 390.651398 -71.744598 6.000000 
-426.009613 370.029694 -70.710999 6.000000 
-426.081696 370.245392 -70.489700 6.000000 
-426.243286 370.966095 -69.920601 6.000000 
-425.910492 371.376801 -69.659798 6.000000 
-425.922699 372.087189 -69.297897 6.000000 
-426.097504 372.219299 -69.237801 6.000000 
-426.292908 372.924500 -68.951698 6.000000 
-426.024994 373.319092 -68.816902 6.000000 
-426.004486 373.789703 -68.670197 6.000000 
-425.982697 374.341187 -68.518997 6.000000 
-425.920502 374.835297 -68.402199 6.000000 
-425.499603 375.673492 -68.256897 6.000000 
-425.789490 376.071991 -68.171600 6.000000 
-426.199707 376.128815 -68.139999 6.000000 
-426.381287 377.192902 -67.983902 6.000000 
-426.410492 377.420807 -67.957199 6.000000 
-426.012390 378.083313 -67.923798 6.000000 
-425.765991 378.951508 -67.896599 6.000000 
-425.993195 379.199799 -67.867798 6.000000 
-426.045807 379.313690 -67.860100 6.000000 
-426.041504 380.273712 -67.853798 6.000000 
-426.137512 380.338715 -67.845200 6.000000 
-426.399506 381.242004 -67.845299 6.000000 
-426.212311 381.453308 -67.875603 6.000000 
-426.280914 382.193909 -67.919601 6.000000 
-425.698486 382.659912 -68.042000 6.000000 
-426.266113 383.088409 -68.013901 6.000000 
-426.195312 383.835114 -68.128403 6.000000 
-426.053986 384.382812 -68.244904 6.000000 
-426.022095 384.826508 -68.338997 6.000000 
-426.068787 385.064697 -68.382698 6.000000 
-426.002197 385.688202 -68.547401 6.000000 
-426.038910 386.455292 -68.762604 6.000000 
-426.330994 386.686401 -68.773399 6.000000 
-426.099091 387.156097 -68.991402 6.000000 
-426.150787 387.626495 -69.166298 6.000000 
-426.118500 388.029999 -69.356903 6.000000 
-425.900604 388.530396 -69.689903 6.000000 
-426.114685 389.484192 -70.260101 6.000000 
-426.317688 389.766998 -70.408203 6.000000 
-426.194000 390.200989 -70.971298 6.000000 
-425.537811 369.812286 -70.955101 6.000000 
-425.606903 370.334503 -70.389099 6.000000 
-425.541504 370.982605 -69.898804 6.000000 
-425.449890 371.466888 -69.612297 6.000000 
-425.397003 371.918610 -69.384903 6.000000 
-425.557312 372.475891 -69.137199 6.000000 
-425.831909 372.940491 -68.952301 6.000000 
-425.720398 373.345612 -68.816399 6.000000 
-425.510590 373.877106 -68.663399 6.000000 
-425.631104 374.783905 -68.427597 6.000000 
-425.665405 375.015686 -68.374901 6.000000 
-425.735596 375.658600 -68.244904 6.000000 
-425.609314 375.828705 -68.222900 6.000000 
-426.014099 376.550201 -68.086601 6.000000 
-425.472595 376.838196 -68.086304 6.000000 
-425.970215 377.556396 -67.971497 6.000000 
-426.053009 378.325287 -67.903999 6.000000 
-425.447998 378.448212 -67.949303 6.000000 
-425.611298 379.097290 -67.906700 6.000000 
-425.462891 379.735199 -67.912399 6.000000 
-425.860107 380.037903 -67.870201 6.000000 
-425.534210 380.669495 -67.918800 6.000000 
-425.597992 381.231598 -67.935799 6.000000 
-425.498199 381.450592 -67.961998 6.000000 
-425.559113 382.158600 -68.010101 6.000000 
-425.479706 382.523590 -68.058998 6.000000 
-425.574493 383.182404 -68.126602 6.000000 
-425.521606 383.510498 -68.183403 6.000000 
-425.910187 383.990387 -68.197899 6.000000 
-425.517914 384.754791 -68.416496 6.000000 
-425.636993 385.306488 -68.522598 6.000000 
-425.848694 385.796112 -68.607803 6.000000 
-425.420990 386.400085 -68.890503 6.000000 
-425.639191 386.512299 -68.874199 6.000000 
-425.687897 387.115906 -69.081802 6.000000 
-425.372009 387.522095 -69.346397 6.000000 
-425.760498 388.262390 -69.588402 6.000000 
-425.252686 388.570892 -69.969803 6.000000 
-425.510498 389.194611 -70.316399 6.000000 
-425.519409 389.482208 -70.577103 6.000000 
-425.900909 390.301300 -71.436996 6.000000 
-424.877899 369.720703 -71.079903 6.000000 
-425.060303 370.391602 -70.340401 6.000000 
-425.096710 370.897003 -69.961899 6.000000 
-425.306610 371.491913 -69.601898 6.000000 
-424.770203 371.774811 -69.479103 6.000000 
-424.691803 372.645905 -69.111397 6.000000 
-425.098907 372.774811 -69.039703 6.000000 
-424.987701 373.148102 -68.914803 6.000000 
-425.369904 373.744812 -68.708199 6.000000 
-425.275787 374.386505 -68.541496 6.000000 
-424.995789 374.898010 -68.443199 6.000000 
-425.395813 375.574188 -68.281601 6.000000 
-425.184692 376.008789 -68.224098 6.000000 
-425.068909 376.850891 -68.119400 6.000000 
-425.094604 377.269501 -68.072098 6.000000 
-424.992310 377.416290 -68.068298 6.000000 
-425.329498 377.993103 -67.988800 6.000000 
-424.975800 378.655609 -67.989700 6.000000 
-425.000214 379.238007 -67.970703 6.000000 
-424.918793 379.627502 -67.977699 6.000000 
-425.230591 380.397308 -67.948303 6.000000 
-425.576996 380.516296 -67.908997 6.000000 
-424.709991 381.019012 -68.048302 6.000000 
-425.026886 381.559509 -68.036697 6.000000 
-424.932404 382.079315 -68.097702 6.000000 
-424.898895 382.476807 -68.147003 6.000000 
-424.878204 382.907501 -68.206200 6.000000 
-425.080688 383.557098 -68.268402 6.000000 
-424.916412 384.226990 -68.425003 6.000000 
-425.260193 384.655609 -68.445900 6.000000 
-425.193512 385.068787 -68.556801 6.000000 
-425.368713 385.928192 -68.752701 6.000000 
-425.191895 386.302399 -68.916397 6.000000 
-424.953003 386.788788 -69.162003 6.000000 
-425.301697 387.463287 -69.341698 6.000000 
-425.157715 387.676392 -69.490997 6.000000 
-425.010101 387.979889 -69.706100 6.000000 
-425.218597 388.566589 -69.981903 6.000000 
-425.016388 389.171997 -70.580200 6.000000 
-425.092010 424.176910 -98.882797 6.000000 
-424.869690 369.536102 -71.412804 6.000000 
-424.288605 369.953796 -70.806000 6.000000 
-424.623993 370.213715 -70.514198 6.000000 
-424.629700 370.886810 -69.987602 6.000000 
-424.736694 371.370300 -69.690102 6.000000 
-424.688293 371.882507 -69.432503 6.000000 
-424.671814 372.602203 -69.129402 6.000000 
-424.771606 372.717896 -69.079300 6.000000 
-424.561188 373.123596 -68.951599 6.000000 
-424.545807 374.000000 -68.692596 6.000000 
-424.554108 374.893188 -68.481003 6.000000 
-424.607086 375.170593 -68.420197 6.000000 
-424.457703 375.359802 -68.398804 6.000000 
-424.643188 375.980286 -68.276703 6.000000 
-424.731812 376.688293 -68.171402 6.000000 
-424.545593 376.648102 -68.195801 6.000000 
-424.321014 377.543915 -68.133102 6.000000 
-424.751587 378.437592 -68.025299 6.000000 
-424.345093 378.655212 -68.068802 6.000000 
-424.398407 379.202301 -68.049797 6.000000 
-424.272003 379.516510 -68.067101 6.000000 
-424.941986 380.123993 -67.979599 6.000000 
-424.692688 380.483093 -68.024902 6.000000 
-424.246307 381.019592 -68.123901 6.000000 
-425.006897 381.443604 -68.031097 6.000000 
-424.468506 382.082397 -68.177803 6.000000 
-424.600189 382.703094 -68.229202 6.000000 
-424.634796 383.033691 -68.269699 6.000000 
-424.683594 383.640503 -68.360001 6.000000 
-424.449707 384.377106 -68.560402 6.000000 
-424.221313 384.544495 -68.655098 6.000000 
-424.746185 385.149902 -68.680603 6.000000 
-424.488586 385.808685 -68.943298 6.000000 
-424.504303 386.073212 -69.028397 6.000000 
-424.498688 386.529602 -69.200203 6.000000 
-424.903412 387.414795 -69.451401 6.000000 
-424.557892 387.864807 -69.824799 6.000000 
-424.324585 388.101501 -70.085602 6.000000 
-424.467896 388.772186 -70.546204 6.000000 
-424.543793 389.444000 -71.367699 6.000000 
-424.692291 389.728912 -72.055199 6.000000 
-424.462799 422.980103 -98.882797 6.000000 
-424.703705 423.322815 -98.882797 6.000000 
-424.726715 424.029999 -98.882797 6.000000 
-424.671600 424.561890 -98.882797 6.000000 
-424.403107 424.807709 -98.882797 6.000000 
-424.148407 369.906799 -70.874603 6.000000 
-424.035797 370.436890 -70.361000 6.000000 
-423.981293 371.012909 -69.954102 6.000000 
-424.218903 371.386688 -69.715202 6.000000 
-424.001587 371.786194 -69.529900 6.000000 
-423.922302 372.618195 -69.185402 6.000000 
-424.049103 372.593903 -69.182297 6.000000 
-423.809692 373.399811 -68.933098 6.000000 
-424.113495 373.742889 -68.801804 6.000000 
-424.053986 374.249786 -68.675400 6.000000 
-424.029388 375.012085 -68.510002 6.000000 
-423.841400 375.566986 -68.431099 6.000000 
-424.154602 376.076202 -68.314796 6.000000 
-424.088501 376.221985 -68.302299 6.000000 
-424.367889 377.194305 -68.157501 6.000000 
-424.258392 377.706299 -68.128998 6.000000 
-424.072205 377.961395 -68.137398 6.000000 
-423.903198 378.704102 -68.131203 6.000000 
-424.004395 379.059906 -68.109299 6.000000 
-424.148499 379.635590 -68.086800 6.000000 
-424.153687 380.144501 -68.096603 6.000000 
-424.081696 380.585114 -68.126602 6.000000 
-424.170502 381.162506 -68.147102 6.000000 
-424.206085 381.471497 -68.165497 6.000000 
-423.945892 382.035889 -68.272301 6.000000 
-423.714508 382.719910 -68.414299 6.000000 
-424.076202 382.983398 -68.375801 6.000000 
-423.972809 383.742401 -68.536697 6.000000 
-423.900085 384.174011 -68.648399 6.000000 
-423.955597 384.619293 -68.742798 6.000000 
-423.737396 385.025208 -68.916801 6.000000 
-423.976501 385.685211 -69.054199 6.000000 
-423.992188 386.348511 -69.296700 6.000000 
-424.002808 386.952789 -69.562401 6.000000 
-424.137695 387.001312 -69.533203 6.000000 
-424.247406 387.975098 -70.037903 6.000000 
-424.028900 388.330292 -70.428497 6.000000 
-424.148499 388.615906 -70.612099 6.000000 
-423.959290 389.095093 -71.476799 6.000000 
-423.956207 420.292694 -98.882797 6.000000 
-423.877197 420.944885 -98.882797 6.000000 
-423.986908 421.593414 -98.882797 6.000000 
-424.173706 421.645203 -98.882797 6.000000 
-424.208191 422.230896 -98.882797 6.000000 
-424.041992 422.934204 -98.882797 6.000000 
-423.707092 423.046112 -98.882797 6.000000 
-424.028687 423.882904 -98.882797 6.000000 
-423.795990 424.428497 -98.882797 6.000000 
-423.874115 424.503601 -98.882797 6.000000 
-423.542511 370.037598 -70.798500 6.000000 
-423.417999 370.292206 -70.560204 6.000000 
-423.665802 370.964508 -70.017197 6.000000 
-423.558411 371.451691 -69.744698 6.000000 
-423.527588 372.140106 -69.419403 6.000000 
-423.614197 372.472595 -69.273697 6.000000 
-423.556885 373.087494 -69.060402 6.000000 
-423.692108 373.432892 -68.936203 6.000000 
-423.631805 373.887909 -68.814697 6.000000 
-423.710602 374.288910 -68.704201 6.000000 
-423.523895 374.964600 -68.580498 6.000000 
-423.610291 375.662903 -68.445000 6.000000 
-423.223999 376.268707 -68.413902 6.000000 
-423.513885 376.775299 -68.312302 6.000000 
-423.389801 376.985413 -68.310097 6.000000 
-423.449799 377.584412 -68.252701 6.000000 
-423.200104 377.949707 -68.272400 6.000000 
-423.346405 378.592102 -68.224297 6.000000 
-423.691193 378.936493 -68.160400 6.000000 
-423.778290 379.459808 -68.144798 6.000000 
-423.596100 380.323914 -68.200600 6.000000 
-423.704407 380.614014 -68.195602 6.000000 
-423.357086 380.965698 -68.287804 6.000000 
-423.453094 381.739014 -68.341400 6.000000 
-423.484589 382.162292 -68.386101 6.000000 
-423.584106 382.217194 -68.371201 6.000000 
-423.715607 383.184296 -68.491402 6.000000 
-423.445801 383.246490 -68.569000 6.000000 
-423.680206 384.197296 -68.711601 6.000000 
-423.463715 384.636108 -68.886497 6.000000 
-423.601196 384.978790 -68.943901 6.000000 
-423.343201 385.960785 -69.375099 6.000000 
-423.591888 386.292908 -69.419601 6.000000 
-423.473785 386.614105 -69.613998 6.000000 
-423.436401 387.125610 -69.904297 6.000000 
-423.438995 387.916504 -70.458603 6.000000 
-423.605408 387.946991 -70.375298 6.000000 
-423.427094 388.721191 -71.507004 6.000000 
-423.456909 418.844788 -98.882797 6.000000 
-423.385590 419.382507 -98.882797 6.000000 
-423.420502 419.837799 -98.882797 6.000000 
-423.442810 420.446991 -98.882797 6.000000 
-423.784302 420.811798 -98.882797 6.000000 
-424.031708 421.098206 -98.882797 6.000000 
-423.664795 422.118286 -98.882797 6.000000 
-423.450989 422.242188 -98.882797 6.000000 
-423.359711 423.080109 -98.882797 6.000000 
-423.544800 423.260986 -98.882797 6.000000 
-423.395508 423.817902 -98.882797 6.000000 
-423.576813 424.137207 -98.882797 6.000000 
-423.658813 425.016388 -98.882797 6.000000 
-423.184998 369.761597 -71.237801 6.000000 
-423.102295 370.828003 -70.182701 6.000000 
-423.261200 371.069092 -70.001900 6.000000 
-423.294708 371.512787 -69.744904 6.000000 
-422.872986 372.161194 -69.497902 6.000000 
-422.632202 372.423004 -69.428299 6.000000 
-422.833710 373.153503 -69.136398 6.000000 
-423.063507 373.249115 -69.072502 6.000000 
-423.129395 373.992889 -68.852600 6.000000 
-423.010406 374.346893 -68.783699 6.000000 
-422.672211 375.069305 -68.686897 6.000000 
-423.290497 375.708191 -68.482399 6.000000 
-423.160400 375.952087 -68.465897 6.000000 
-422.809509 376.428711 -68.461899 6.000000 
-423.228210 377.242401 -68.313301 6.000000 
-423.035889 377.503113 -68.326202 6.000000 
-423.105713 378.053101 -68.283997 6.000000 
-422.655792 378.792389 -68.351097 6.000000 
-423.305389 379.098511 -68.225601 6.000000 
-423.162506 379.474091 -68.255203 6.000000 
-423.102997 380.179291 -68.290001 6.000000 
-423.141113 380.740997 -68.316101 6.000000 
-423.127289 380.968201 -68.336700 6.000000 
-423.087799 381.283112 -68.374001 6.000000 
-422.774689 381.846588 -68.513298 6.000000 
-423.099396 382.738312 -68.565697 6.000000 
-423.135315 383.259796 -68.652702 6.000000 
-422.804413 383.719391 -68.848396 6.000000 
-423.322205 384.519714 -68.896797 6.000000 
-422.823914 384.760406 -69.130699 6.000000 
-423.121490 385.236206 -69.183800 6.000000 
-422.888702 385.823608 -69.498901 6.000000 
-422.913391 385.934998 -69.536903 6.000000 
-422.865204 386.581787 -69.878304 6.000000 
-422.902100 387.083710 -70.164497 6.000000 
-423.025208 387.709503 -70.569901 6.000000 
-422.931213 388.370209 -71.585899 6.000000 
-422.616211 416.336609 -98.882797 6.000000 
-422.689301 416.685089 -98.882797 6.000000 
-422.957397 417.952789 -98.882797 6.000000 
-423.079407 419.043610 -98.882797 6.000000 
-422.839691 419.115295 -98.882797 6.000000 
-423.244904 419.823700 -98.882797 6.000000 
-422.993896 420.211700 -98.882797 6.000000 
-423.097687 420.894104 -98.882797 6.000000 
-423.020203 421.383392 -98.882797 6.000000 
-423.055298 421.835693 -98.882797 6.000000 
-422.936798 422.274414 -98.882797 6.000000 
-423.063110 422.971497 -98.882797 6.000000 
-422.872101 423.562805 -98.882797 6.000000 
-423.111908 423.673706 -98.882797 6.000000 
-422.923401 424.276398 -98.882797 6.000000 
-423.071686 424.720093 -98.882797 6.000000 
-422.674103 369.950409 -71.091698 6.000000 
-422.300110 370.309692 -70.773003 6.000000 
-422.548401 371.207001 -70.032700 6.000000 
-422.552612 371.003998 -70.159103 6.000000 
-422.209686 371.887695 -69.734596 6.000000 
-422.539215 372.404114 -69.451202 6.000000 
-422.443787 373.105591 -69.214897 6.000000 
-422.544006 373.302185 -69.135803 6.000000 
-422.396606 373.885406 -68.995598 6.000000 
-422.408203 374.377899 -68.873802 6.000000 
-422.476013 375.028687 -68.727997 6.000000 
-422.575592 375.385895 -68.647797 6.000000 
-422.267700 376.173096 -68.590500 6.000000 
-422.346588 376.391693 -68.549797 6.000000 
-422.371399 376.881500 -68.495903 6.000000 
-422.875000 377.651611 -68.345398 6.000000 
-422.334290 377.812500 -68.441299 6.000000 
-422.650909 378.552185 -68.354698 6.000000 
-422.319702 378.787506 -68.421997 6.000000 
-422.568604 379.597107 -68.379898 6.000000 
-422.454895 379.806793 -68.413002 6.000000 
-422.145691 380.734497 -68.549896 6.000000 
-422.653900 381.055389 -68.452797 6.000000 
-422.874390 381.750305 -68.476196 6.000000 
-422.407501 382.016296 -68.634102 6.000000 
-422.343597 382.839111 -68.795998 6.000000 
-422.522797 383.104492 -68.795898 6.000000 
-422.286102 383.732513 -69.019501 6.000000 
-422.786896 384.042206 -68.934898 6.000000 
-422.367096 384.803711 -69.315102 6.000000 
-422.808289 385.164001 -69.272598 6.000000 
-422.598389 385.846405 -69.635399 6.000000 
-422.536102 385.981995 -69.728401 6.000000 
-422.301392 386.587311 -70.196701 6.000000 
-422.491699 387.274506 -70.587601 6.000000 
-422.549805 387.746185 -71.035004 6.000000 
-422.546112 387.942291 -71.337997 6.000000 
-422.498505 416.446808 -98.882797 6.000000 
-422.460693 417.016388 -98.882797 6.000000 
-422.353088 417.417908 -98.882797 6.000000 
-422.562988 417.855103 -98.882797 6.000000 
-422.840790 418.227509 -98.882797 6.000000 
-422.592590 418.992706 -98.882797 6.000000 
-422.212402 419.014801 -98.882797 6.000000 
-422.663208 419.704498 -98.882797 6.000000 
-422.377289 420.537689 -98.882797 6.000000 
-422.516296 420.777191 -98.882797 6.000000 
-422.510406 421.394501 -98.882797 6.000000 
-422.489502 421.887085 -98.882797 6.000000 
-422.648010 422.425507 -98.882797 6.000000 
-422.737091 422.714691 -98.882797 6.000000 
-422.718811 423.416901 -98.882797 6.000000 
-422.598114 423.809906 -98.882797 6.000000 
-422.509796 424.620209 -98.882797 6.000000 
-422.607208 424.487000 -98.882797 6.000000 
-422.125092 369.933990 -71.313904 6.000000 
-421.960114 370.392487 -70.787903 6.000000 
-422.126495 371.072998 -70.202301 6.000000 
-422.195007 371.661987 -69.848503 6.000000 
-422.083588 371.739197 -69.832001 6.000000 
-422.181610 372.570709 -69.450104 6.000000 
-421.973511 373.156403 -69.285103 6.000000 
-422.275391 373.377411 -69.159500 6.000000 
-422.062500 374.102692 -69.001900 6.000000 
-422.101013 374.670593 -68.866898 6.000000 
-422.183502 375.067688 -68.774101 6.000000 
-421.708588 375.725891 -68.763603 6.000000 
-422.082703 376.004913 -68.648003 6.000000 
-421.997803 376.449707 -68.612801 6.000000 
-421.821594 376.771606 -68.619003 6.000000 
-422.184906 377.508606 -68.487801 6.000000 
-421.944000 377.787292 -68.526001 6.000000 
-421.838593 378.640991 -68.532303 6.000000 
-422.063995 379.102203 -68.482399 6.000000 
-421.925110 379.634705 -68.532204 6.000000 
-422.280090 380.196014 -68.474602 6.000000 
-422.362793 380.632996 -68.486099 6.000000 
-421.798187 381.170807 -68.691704 6.000000 
-422.266602 381.655212 -68.621498 6.000000 
-422.332397 382.078186 -68.664597 6.000000 
-422.025909 382.455902 -68.820000 6.000000 
-421.871002 382.799011 -68.938797 6.000000 
-421.978485 383.591187 -69.090500 6.000000 
-421.939392 384.386414 -69.343697 6.000000 
-422.197906 384.708801 -69.349403 6.000000 
-421.826385 385.157104 -69.690300 6.000000 
-422.135193 385.776093 -69.825500 6.000000 
-422.124695 386.624390 -70.337196 6.000000 
-421.860107 386.714905 -70.605904 6.000000 
-422.115112 387.053802 -70.695503 6.000000 
-422.027710 387.530701 -71.404701 6.000000 
-422.202606 415.315399 -98.882797 6.000000 
-421.924896 415.551300 -98.882797 6.000000 
-421.955994 416.324707 -98.882797 6.000000 
-421.866211 416.476593 -98.882797 6.000000 
-422.141815 416.923615 -98.882797 6.000000 
-422.120392 417.927002 -98.882797 6.000000 
-421.951385 418.122589 -98.882797 6.000000 
-422.085510 418.985809 -98.882797 6.000000 
-422.156586 419.196991 -98.882797 6.000000 
-422.021301 419.702087 -98.882797 6.000000 
-422.077698 419.961304 -98.882797 6.000000 
-422.289703 420.793091 -98.882797 6.000000 
-422.376404 421.268890 -98.882797 6.000000 
-422.062714 421.705414 -98.882797 6.000000 
-422.184998 422.417908 -98.882797 6.000000 
-422.055298 423.087585 -98.882797 6.000000 
-422.105804 423.407410 -98.882797 6.000000 
-422.152710 423.876190 -98.882797 6.000000 
-422.231598 424.079590 -98.882797 6.000000 
-421.942993 424.876312 -98.882797 6.000000 
-421.899597 425.618805 -98.882797 6.000000 
-421.135895 370.372711 -71.135300 6.000000 
-421.573914 370.652710 -70.665703 6.000000 
-421.658203 371.434692 -70.091499 6.000000 
-421.466003 371.964996 -69.861397 6.000000 
-421.351715 372.454407 -69.674301 6.000000 
-421.616791 373.133789 -69.366402 6.000000 
-421.956207 373.540009 -69.171799 6.000000 
-421.515991 373.838593 -69.181503 6.000000 
-421.493500 374.726013 -68.981201 6.000000 
-421.342407 375.044098 -68.955002 6.000000 
-421.441193 375.156891 -68.912399 6.000000 
-421.446686 376.345703 -68.745300 6.000000 
-421.354492 376.265686 -68.775803 6.000000 
-421.454712 377.286804 -68.665100 6.000000 
-421.524109 377.813904 -68.623199 6.000000 
-421.443787 378.243805 -68.632599 6.000000 
-421.742615 378.555786 -68.555603 6.000000 
-421.593414 379.049988 -68.597504 6.000000 
-421.679291 379.719086 -68.599701 6.000000 
-421.781403 380.274200 -68.607903 6.000000 
-421.513000 380.678589 -68.719902 6.000000 
-421.364502 381.074005 -68.810699 6.000000 
-421.613190 381.674103 -68.816597 6.000000 
-421.720093 382.473114 -68.922203 6.000000 
-421.803986 382.781708 -68.957703 6.000000 
-421.273987 383.349701 -69.296402 6.000000 
-421.540192 383.408813 -69.206001 6.000000 
-421.471893 383.929108 -69.388702 6.000000 
-421.701813 384.870300 -69.628700 6.000000 
-421.539886 384.721802 -69.645798 6.000000 
-421.739197 385.403503 -69.848602 6.000000 
-421.703613 386.093811 -70.257896 6.000000 
-421.675293 386.845703 -70.901398 6.000000 
-421.638702 387.254608 -71.570702 6.000000 
-421.523712 415.421600 -98.882797 6.000000 
-421.493805 416.042786 -98.882797 6.000000 
-421.468506 416.133087 -98.882797 6.000000 
-421.661285 416.813507 -98.882797 6.000000 
-421.623810 417.107086 -98.882797 6.000000 
-421.259094 417.956299 -98.882797 6.000000 
-421.529694 418.250702 -98.882797 6.000000 
-421.156403 418.661011 -98.882797 6.000000 
-421.702087 419.172211 -98.882797 6.000000 
-421.591003 420.087097 -98.882797 6.000000 
-421.340393 420.260315 -98.882797 6.000000 
-421.075287 420.644104 -98.882797 6.000000 
-421.469513 421.361786 -98.882797 6.000000 
-421.445099 422.053711 -98.882797 6.000000 
-421.537811 422.277191 -98.882797 6.000000 
-421.540985 422.844696 -98.882797 6.000000 
-421.414001 423.565308 -98.882797 6.000000 
-421.684601 423.835510 -98.882797 6.000000 
-421.509094 424.527710 -98.882797 6.000000 
-421.579407 424.763092 -98.882797 6.000000 
-421.580811 425.390503 -98.882797 6.000000 
-421.135590 370.171692 -71.447403 6.000000 
-420.921692 371.174591 -70.474503 6.000000 
-421.221405 371.505188 -70.167801 6.000000 
-420.460114 371.758301 -70.268097 6.000000 
-421.127991 372.263611 -69.811699 6.000000 
-420.843506 373.037506 -69.587502 6.000000 
-420.860504 373.350006 -69.480698 6.000000 
-421.100098 374.053314 -69.223602 6.000000 
-421.242493 374.597504 -69.065102 6.000000 
-421.207886 375.104004 -68.976097 6.000000 
-420.730408 375.370300 -69.053001 6.000000 
-421.053711 376.025208 -68.877502 6.000000 
-420.973785 376.644592 -68.833397 6.000000 
-420.677612 376.650787 -68.913300 6.000000 
-420.887299 377.617889 -68.796303 6.000000 
-420.885010 377.967712 -68.787102 6.000000 
-421.039215 378.754608 -68.742302 6.000000 
-421.163910 378.692108 -68.706398 6.000000 
-420.885895 379.679810 -68.825897 6.000000 
-420.998596 379.976807 -68.812202 6.000000 
-421.193207 380.635803 -68.812897 6.000000 
-420.855408 381.135803 -68.988899 6.000000 
-421.177490 381.233398 -68.892601 6.000000 
-421.114685 382.032013 -69.047401 6.000000 
-420.872101 382.780914 -69.310402 6.000000 
-421.259796 383.200012 -69.260803 6.000000 
-421.437500 383.446411 -69.257103 6.000000 
-421.264099 383.837891 -69.449799 6.000000 
-420.924408 384.837494 -70.032700 6.000000 
-420.941406 385.484894 -70.396400 6.000000 
-421.091003 385.845795 -70.535698 6.000000 
-420.731995 386.070709 -71.111900 6.000000 
-421.533295 386.780487 -70.981697 6.000000 
-421.127197 415.769287 -98.882797 6.000000 
-421.045288 416.159088 -98.882797 6.000000 
-421.097107 417.151398 -98.882797 6.000000 
-420.995392 416.879608 -98.882797 6.000000 
-421.051910 417.752014 -98.882797 6.000000 
-421.096497 418.020691 -98.882797 6.000000 
-420.932312 418.497498 -98.882797 6.000000 
-420.827911 419.299713 -98.882797 6.000000 
-421.070312 420.068512 -98.882797 6.000000 
-421.031311 420.234192 -98.882797 6.000000 
-420.713287 420.756500 -98.882797 6.000000 
-420.944397 421.467804 -98.882797 6.000000 
-421.013092 422.090088 -98.882797 6.000000 
-421.025085 422.313995 -98.882797 6.000000 
-420.850586 422.694702 -98.882797 6.000000 
-420.987610 423.377502 -98.882797 6.000000 
-420.988586 424.014587 -98.882797 6.000000 
-420.838715 424.466187 -98.882797 6.000000 
-421.554108 424.857697 -98.882797 6.000000 
-421.212311 425.428192 -98.882797 6.000000 
-421.222198 425.837097 -98.882797 6.000000 
-420.326111 370.596100 -71.327904 6.000000 
-420.355408 370.655701 -71.222900 6.000000 
-420.482208 371.597992 -70.354599 6.000000 
-420.509888 371.657593 -70.308601 6.000000 
-420.711304 372.552490 -69.806396 6.000000 
-420.391388 372.820404 -69.798500 6.000000 
-420.374512 373.312012 -69.631599 6.000000 
-420.549286 373.831085 -69.426903 6.000000 
-420.247192 374.496796 -69.353798 6.000000 
-420.599487 375.290192 -69.101700 6.000000 
-420.505310 375.304199 -69.125801 6.000000 
-420.466400 375.858490 -69.056999 6.000000 
-420.532501 376.762695 -68.945602 6.000000 
-420.374908 377.460388 -68.952301 6.000000 
-420.216400 377.507599 -69.000397 6.000000 
-420.939606 378.320404 -68.767601 6.000000 
-420.657196 378.596008 -68.852699 6.000000 
-420.267914 379.194214 -68.999901 6.000000 
-420.392914 379.500702 -68.975502 6.000000 
-420.573700 379.981506 -68.951202 6.000000 
-420.641205 380.546600 -68.986504 6.000000 
-420.642700 380.865295 -69.026604 6.000000 
-420.270691 381.401611 -69.256798 6.000000 
-420.301208 382.087006 -69.387199 6.000000 
-420.311401 382.734192 -69.551804 6.000000 
-420.608093 383.122589 -69.524803 6.000000 
-420.474304 383.494598 -69.714996 6.000000 
-420.539795 384.346893 -70.029297 6.000000 
-420.743713 384.278809 -69.877296 6.000000 
-420.284210 385.113892 -70.681801 6.000000 
-420.492188 385.431793 -70.739799 6.000000 
-420.422089 415.779907 -98.882797 6.000000 
-420.382385 415.860107 -98.882797 6.000000 
-420.440613 416.793793 -98.882797 6.000000 
-420.498291 416.833496 -98.882797 6.000000 
-420.671600 418.000702 -98.882797 6.000000 
-420.253693 418.275696 -98.882797 6.000000 
-420.734406 418.778107 -98.882797 6.000000 
-420.623901 419.380707 -98.882797 6.000000 
-420.486511 419.679108 -98.882797 6.000000 
-420.477692 420.312714 -98.882797 6.000000 
-420.473297 420.865601 -98.882797 6.000000 
-420.620697 421.167511 -98.882797 6.000000 
-420.301514 421.807098 -98.882797 6.000000 
-420.287598 422.282593 -98.882797 6.000000 
-420.582703 422.962494 -98.882797 6.000000 
-420.444000 423.314514 -98.882797 6.000000 
-420.297699 423.800690 -98.882797 6.000000 
-420.585907 424.453491 -98.882797 6.000000 
-420.501099 424.622406 -98.882797 6.000000 
-420.561005 425.344086 -98.882797 6.000000 
-420.544098 425.850891 -98.882797 6.000000 
-420.248596 371.064911 -70.844398 6.000000 
-420.164093 371.525085 -70.528503 6.000000 
-420.213898 371.901794 -70.279099 6.000000 
-420.077606 372.687408 -69.955597 6.000000 
-420.047211 372.926208 -69.872398 6.000000 
-420.075287 373.488007 -69.671097 6.000000 
-419.824493 373.577606 -69.728996 6.000000 
-420.125397 374.658691 -69.356903 6.000000 
-419.978210 375.233704 -69.296898 6.000000 
-420.083893 375.471405 -69.225700 6.000000 
-420.170593 375.585785 -69.181999 6.000000 
-419.861908 376.697601 -69.160698 6.000000 
-420.092102 377.326508 -69.047600 6.000000 
-420.053101 377.504089 -69.053802 6.000000 
-419.931000 377.995514 -69.086502 6.000000 
-419.835510 378.256714 -69.121498 6.000000 
-419.946289 378.898193 -69.099602 6.000000 
-419.875214 379.762604 -69.187202 6.000000 
-420.090515 380.430511 -69.177498 6.000000 
-420.080109 380.286713 -69.163597 6.000000 
-420.101013 381.035614 -69.262901 6.000000 
-420.167297 381.685394 -69.357201 6.000000 
-419.869598 382.104187 -69.596199 6.000000 
-419.826904 382.420898 -69.707100 6.000000 
-420.000305 383.234009 -69.882698 6.000000 
-419.719086 383.638397 -70.237801 6.000000 
-419.969391 384.102112 -70.292000 6.000000 
-420.028992 384.702301 -70.612000 6.000000 
-420.084991 385.110291 -70.881699 6.000000 
-420.090912 416.340607 -98.882797 6.000000 
-420.141510 416.854401 -98.882797 6.000000 
-419.855408 417.471985 -98.882797 6.000000 
-419.710602 417.614105 -98.882797 6.000000 
-419.834900 418.058807 -98.882797 6.000000 
-420.072693 418.859497 -98.882797 6.000000 
-419.947296 419.253510 -98.882797 6.000000 
-419.848999 420.046112 -98.882797 6.000000 
-419.971313 420.181091 -98.882797 6.000000 
-420.028015 420.821899 -98.882797 6.000000 
-419.724792 421.382599 -98.882797 6.000000 
-419.921600 421.755890 -98.882797 6.000000 
-419.708099 422.144806 -98.882797 6.000000 
-420.076202 422.543701 -98.882797 6.000000 
-419.943604 423.320496 -98.882797 6.000000 
-419.768494 423.697601 -98.882797 6.000000 
-419.910400 424.350708 -98.882797 6.000000 
-419.677185 424.937500 -98.882797 6.000000 
-419.971191 425.184387 -98.882797 6.000000 
-420.083496 425.874512 -98.882797 6.000000 
-419.640503 371.156708 -71.120796 6.000000 
-419.503204 371.658508 -70.761101 6.000000 
-419.733307 371.956787 -70.448502 6.000000 
-419.539490 372.376892 -70.308502 6.000000 
-419.587585 373.151489 -69.958603 6.000000 
-419.635406 373.796997 -69.732002 6.000000 
-419.499603 373.867706 -69.762604 6.000000 
-419.578491 374.322205 -69.615501 6.000000 
-419.643311 374.928986 -69.463402 6.000000 
-419.853394 375.567993 -69.286102 6.000000 
-419.434509 375.383087 -69.460602 6.000000 
-419.056305 376.271088 -69.496300 6.000000 
-419.524414 376.941315 -69.263802 6.000000 
-419.393494 377.771698 -69.286697 6.000000 
-419.301300 378.181702 -69.325798 6.000000 
-419.540314 378.465607 -69.236900 6.000000 
-419.503113 378.981689 -69.275002 6.000000 
-419.507904 379.595886 -69.321503 6.000000 
-419.354492 380.159607 -69.456299 6.000000 
-419.582001 380.273010 -69.369003 6.000000 
-419.449890 381.148407 -69.581902 6.000000 
-419.085999 381.694885 -69.917297 6.000000 
-419.611389 382.158905 -69.747200 6.000000 
-419.489288 382.613892 -69.964401 6.000000 
-419.156708 383.045197 -70.376404 6.000000 
-419.438812 383.823486 -70.563400 6.000000 
-419.834290 384.256714 -70.487099 6.000000 
-419.641510 385.252686 -71.997902 6.000000 
-419.051086 416.184814 -98.882797 6.000000 
-419.600800 416.522888 -98.882797 6.000000 
-419.884399 417.317902 -98.882797 6.000000 
-419.616913 417.801514 -98.882797 6.000000 
-419.377991 418.337189 -98.882797 6.000000 
-419.383301 418.557587 -98.882797 6.000000 
-419.735504 419.219788 -98.882797 6.000000 
-419.626404 419.828491 -98.882797 6.000000 
-419.343903 420.422791 -98.882797 6.000000 
-419.459686 420.672699 -98.882797 6.000000 
-419.472687 420.959900 -98.882797 6.000000 
-419.436188 421.783295 -98.882797 6.000000 
-419.811188 422.277893 -98.882797 6.000000 
-419.223114 422.882904 -98.882797 6.000000 
-419.255493 423.119904 -98.882797 6.000000 
-419.510895 423.852509 -98.882797 6.000000 
-419.657898 424.209015 -98.882797 6.000000 
-419.708099 424.905487 -98.882797 6.000000 
-419.429596 425.123505 -98.882797 6.000000 
-419.431305 425.495605 -98.882797 6.000000 
-419.544891 426.264099 -98.882797 6.000000 
-419.132812 371.573395 -71.074699 6.000000 
-418.630310 371.670898 -71.448303 6.000000 
-419.122009 372.590302 -70.401100 6.000000 
-418.794800 372.768707 -70.487801 6.000000 
-419.027588 373.132812 -70.207497 6.000000 
-419.244995 374.246399 -69.761299 6.000000 
-418.708588 374.317413 -69.976799 6.000000 
-418.982910 375.217499 -69.665298 6.000000 
-418.866486 375.124786 -69.731201 6.000000 
-418.786987 375.937408 -69.646004 6.000000 
-418.860687 376.600006 -69.551201 6.000000 
-419.188812 377.153809 -69.382896 6.000000 
-418.856903 377.602295 -69.512802 6.000000 
-418.937897 378.017609 -69.478302 6.000000 
-419.010498 378.574005 -69.463898 6.000000 
-419.101410 378.792603 -69.434998 6.000000 
-419.185394 379.562012 -69.460999 6.000000 
-418.928497 380.393005 -69.706200 6.000000 
-419.024292 380.491913 -69.672897 6.000000 
-418.758789 381.021393 -69.937302 6.000000 
-418.699890 381.608002 -70.142700 6.000000 
-419.040100 382.312500 -70.150597 6.000000 
-419.091400 382.819702 -70.321899 6.000000 
-419.017303 382.925201 -70.431297 6.000000 
-418.713013 383.622101 -71.258301 6.000000 
-419.065887 416.274200 -98.882797 6.000000 
-418.876801 416.783295 -98.882797 6.000000 
-419.192993 417.226593 -98.882797 6.000000 
-419.197998 417.661285 -98.882797 6.000000 
-418.757812 418.556305 -98.882797 6.000000 
-419.188110 418.841705 -98.882797 6.000000 
-418.991394 419.399811 -98.882797 6.000000 
-419.094208 420.078003 -98.882797 6.000000 
-418.927795 420.193207 -98.882797 6.000000 
-418.805298 420.969513 -98.882797 6.000000 
-418.832214 421.196289 -98.882797 6.000000 
-419.102814 421.973602 -98.882797 6.000000 
-419.105011 422.292389 -98.882797 6.000000 
-418.934204 422.809906 -98.882797 6.000000 
-419.024811 423.445007 -98.882797 6.000000 
-419.083496 423.932800 -98.882797 6.000000 
-418.681213 424.749908 -98.882797 6.000000 
-418.691010 424.861115 -98.882797 6.000000 
-418.938385 425.344391 -98.882797 6.000000 
-419.374115 425.806488 -98.882797 6.000000 
-418.787292 426.053802 -98.882797 6.000000 
-418.561005 371.485504 -72.025398 6.000000 
-418.579987 371.843689 -71.293297 6.000000 
-418.470398 372.130707 -71.119499 6.000000 
-418.296692 372.913208 -70.726097 6.000000 
-418.216309 373.411194 -70.542801 6.000000 
-418.248108 373.794495 -70.375801 6.000000 
-418.382599 374.431610 -70.110100 6.000000 
-418.736115 374.925903 -69.826500 6.000000 
-418.578186 375.352295 -69.822800 6.000000 
-418.320801 375.978699 -69.861603 6.000000 
-418.316315 376.586212 -69.808098 6.000000 
-418.301605 377.024689 -69.792297 6.000000 
-418.376709 377.946411 -69.747803 6.000000 
-418.473511 377.904388 -69.696999 6.000000 
-418.398193 378.506805 -69.761299 6.000000 
-418.604706 378.984406 -69.688698 6.000000 
-418.270508 379.610687 -69.953697 6.000000 
-418.380890 379.896698 -69.932701 6.000000 
-418.503204 380.735107 -70.029198 6.000000 
-418.549805 380.891388 -70.037598 6.000000 
-418.612396 381.598999 -70.202103 6.000000 
-418.169006 382.231293 -70.884399 6.000000 
-418.386505 382.648987 -70.893799 6.000000 
-418.409393 383.247406 -71.377502 6.000000 
-418.288513 416.315186 -98.882797 6.000000 
-418.261108 416.699188 -98.882797 6.000000 
-418.403503 417.478088 -98.882797 6.000000 
-418.175690 417.442810 -98.882797 6.000000 
-418.963989 418.046295 -98.882797 6.000000 
-418.354614 418.639587 -98.882797 6.000000 
-418.493408 419.411591 -98.882797 6.000000 
-418.616394 419.994598 -98.882797 6.000000 
-418.167389 420.348907 -98.882797 6.000000 
-418.390106 420.965393 -98.882797 6.000000 
-418.502686 421.419098 -98.882797 6.000000 
-418.414001 421.848206 -98.882797 6.000000 
-418.331512 422.254486 -98.882797 6.000000 
-418.304901 422.885895 -98.882797 6.000000 
-418.746185 423.316406 -98.882797 6.000000 
-418.407715 423.704193 -98.882797 6.000000 
-418.410309 424.420288 -98.882797 6.000000 
-418.569611 424.865814 -98.882797 6.000000 
-418.507111 425.365601 -98.882797 6.000000 
-418.443787 425.683899 -98.882797 6.000000 
-418.574310 426.098114 -98.882797 6.000000 
-417.928711 372.476288 -71.377098 6.000000 
-417.898590 373.066589 -70.951500 6.000000 
-418.032501 373.744202 -70.529602 6.000000 
-417.718994 374.258209 -70.565598 6.000000 
-417.739594 374.641693 -70.438599 6.000000 
-418.112915 375.273285 -70.073799 6.000000 
-417.966003 375.507996 -70.117699 6.000000 
-417.660400 375.982788 -70.239197 6.000000 
-417.891907 376.713013 -70.033096 6.000000 
-418.356598 376.920013 -69.768501 6.000000 
-417.578705 377.467499 -70.214500 6.000000 
-418.247406 377.743286 -69.812599 6.000000 
-417.803009 378.438385 -70.110497 6.000000 
-417.882294 379.172302 -70.140404 6.000000 
-418.000488 379.475098 -70.106300 6.000000 
-418.220215 380.082092 -70.070099 6.000000 
-417.990112 380.637207 -70.375000 6.000000 
-418.214813 380.962006 -70.295097 6.000000 
-417.844910 381.544495 -70.872704 6.000000 
-417.971802 381.963593 -70.959602 6.000000 
-417.981903 382.847290 -71.974197 6.000000 
-417.937195 416.786987 -98.882797 6.000000 
-418.009705 416.957794 -98.882797 6.000000 
-417.989685 417.648193 -98.882797 6.000000 
-418.107605 418.151489 -98.882797 6.000000 
-418.084412 418.874908 -98.882797 6.000000 
-418.100800 419.240204 -98.882797 6.000000 
-417.807587 419.952911 -98.882797 6.000000 
-417.532715 420.404694 -98.882797 6.000000 
-418.164093 420.747314 -98.882797 6.000000 
-417.704010 421.132690 -98.882797 6.000000 
-417.872498 421.669006 -98.882797 6.000000 
-418.306396 422.296906 -98.882797 6.000000 
-417.705292 422.693207 -98.882797 6.000000 
-418.260986 423.315094 -98.882797 6.000000 
-417.898499 423.828888 -98.882797 6.000000 
-417.973511 424.562500 -98.882797 6.000000 
-417.712891 424.815887 -98.882797 6.000000 
-417.985504 425.540192 -98.882797 6.000000 
-418.146088 425.549500 -98.882797 6.000000 
-418.019012 426.388397 -98.882797 6.000000 
-418.128906 426.536407 -98.882797 6.000000 
-417.446411 372.743286 -72.034302 6.000000 
-417.466797 373.463287 -71.135696 6.000000 
-417.578491 373.991089 -70.769897 6.000000 
-417.443787 374.530304 -70.689697 6.000000 
-417.411194 375.026093 -70.580399 6.000000 
-417.333191 375.681488 -70.511703 6.000000 
-417.377502 376.155914 -70.415703 6.000000 
-417.839294 376.445801 -70.082298 6.000000 
-417.542603 376.812500 -70.249901 6.000000 
-417.468292 377.448212 -70.292000 6.000000 
-417.292603 378.363098 -70.483398 6.000000 
-417.230988 378.540100 -70.558701 6.000000 
-417.377014 379.259491 -70.550499 6.000000 
-417.200897 379.894501 -70.903603 6.000000 
-417.268799 380.165985 -70.922798 6.000000 
-417.314087 380.528809 -71.022003 6.000000 
-417.364502 381.388306 -71.527298 6.000000 
-417.531311 416.765991 -98.882797 6.000000 
-417.686096 417.156311 -98.882797 6.000000 
-417.566315 417.896210 -98.882797 6.000000 
-417.279205 418.287994 -98.882797 6.000000 
-417.368408 418.708801 -98.882797 6.000000 
-417.135712 419.539612 -98.882797 6.000000 
-417.419891 419.915985 -98.882797 6.000000 
-417.260803 420.354492 -98.882797 6.000000 
-417.507294 420.605194 -98.882797 6.000000 
-417.552887 421.284302 -98.882797 6.000000 
-417.385406 421.787598 -98.882797 6.000000 
-417.626801 422.103912 -98.882797 6.000000 
-417.826691 422.895599 -98.882797 6.000000 
-417.217712 423.602386 -98.882797 6.000000 
-417.596497 423.923401 -98.882797 6.000000 
-417.234985 424.416687 -98.882797 6.000000 
-417.622009 424.687408 -98.882797 6.000000 
-417.454712 425.400787 -98.882797 6.000000 
-417.393707 425.871490 -98.882797 6.000000 
-417.482788 426.434814 -98.882797 6.000000 
-417.317108 373.591095 -71.230301 6.000000 
-417.095093 374.401306 -71.066299 6.000000 
-417.111603 374.956909 -70.856796 6.000000 
-416.728912 375.548706 -71.124100 6.000000 
-416.702911 376.088989 -71.053001 6.000000 
-416.870392 376.587891 -70.815399 6.000000 
-417.175293 376.831696 -70.524300 6.000000 
-416.863190 377.722900 -70.829102 6.000000 
-417.044006 378.163300 -70.685997 6.000000 
-416.813599 378.755615 -71.047501 6.000000 
-416.816895 379.158386 -71.160301 6.000000 
-416.854706 379.837311 -71.399803 6.000000 
-417.137299 379.870209 -70.973198 6.000000 
-416.908295 416.779602 -98.882797 6.000000 
-416.890808 417.411102 -98.882797 6.000000 
-416.747406 417.471802 -98.882797 6.000000 
-416.928711 418.522095 -98.882797 6.000000 
-417.163513 418.792786 -98.882797 6.000000 
-416.903198 419.002808 -98.882797 6.000000 
-416.950409 419.690308 -98.882797 6.000000 
-417.303986 420.540497 -98.882797 6.000000 
-416.859802 420.742310 -98.882797 6.000000 
-416.953400 421.188995 -98.882797 6.000000 
-416.939301 421.414093 -98.882797 6.000000 
-416.704895 422.010498 -98.882797 6.000000 
-416.854492 422.755798 -98.882797 6.000000 
-416.946198 423.377014 -98.882797 6.000000 
-416.741913 423.775696 -98.882797 6.000000 
-417.034485 423.957092 -98.882797 6.000000 
-416.632507 424.622986 -98.882797 6.000000 
-417.087891 425.368591 -98.882797 6.000000 
-416.984314 425.768585 -98.882797 6.000000 
-417.094604 426.246094 -98.882797 6.000000 
-417.146515 427.056091 -98.882797 6.000000 
-416.806702 427.088104 -98.882797 6.000000 
-416.421204 375.291687 -71.821800 6.000000 
-416.674103 375.408295 -71.236099 6.000000 
-416.340698 376.017914 -71.709000 6.000000 
-416.396515 376.723114 -71.455902 6.000000 
-416.377014 376.996002 -71.490097 6.000000 
-416.407715 377.541290 -71.464500 6.000000 
-416.744812 378.126312 -71.012497 6.000000 
-416.627808 378.329590 -71.215401 6.000000 
-416.641602 417.275299 -98.882797 6.000000 
-416.912201 418.140991 -98.882797 6.000000 
-416.339691 418.013611 -98.882797 6.000000 
-416.252106 418.855988 -98.882797 6.000000 
-416.176514 419.291412 -98.882797 6.000000 
-416.057892 419.839294 -98.882797 6.000000 
-416.124115 420.407593 -98.882797 6.000000 
-416.190186 420.793396 -98.882797 6.000000 
-416.265198 421.209015 -98.882797 6.000000 
-416.279510 421.877014 -98.882797 6.000000 
-416.547485 422.282196 -98.882797 6.000000 
-416.723602 422.787506 -98.882797 6.000000 
-416.532715 423.243195 -98.882797 6.000000 
-416.320709 423.862488 -98.882797 6.000000 
-416.290894 424.316589 -98.882797 6.000000 
-416.492493 424.955414 -98.882797 6.000000 
-416.479797 425.276794 -98.882797 6.000000 
-416.237488 425.821014 -98.882797 6.000000 
-416.387787 426.096008 -98.882797 6.000000 
-416.292999 426.529510 -98.882797 6.000000 
-416.410309 427.128906 -98.882797 6.000000 
-416.025696 417.346008 -98.882797 6.000000 
-415.380310 417.981689 -98.882797 6.000000 
-415.734100 418.059387 -98.882797 6.000000 
-415.742706 418.682892 -98.882797 6.000000 
-415.777191 419.033386 -98.882797 6.000000 
-415.901886 419.872498 -98.882797 6.000000 
-415.888000 420.503204 -98.882797 6.000000 
-416.108093 420.828888 -98.882797 6.000000 
-415.615112 421.212311 -98.882797 6.000000 
-415.751892 421.598389 -98.882797 6.000000 
-415.703705 422.338287 -98.882797 6.000000 
-415.864502 422.741913 -98.882797 6.000000 
-416.110596 423.213989 -98.882797 6.000000 
-415.623596 423.601898 -98.882797 6.000000 
-415.919891 424.161591 -98.882797 6.000000 
-416.110291 424.739807 -98.882797 6.000000 
-415.935211 425.380798 -98.882797 6.000000 
-415.718811 425.846893 -98.882797 6.000000 
-415.983490 426.426514 -98.882797 6.000000 
-415.982697 426.882111 -98.882797 6.000000 
-415.838287 427.322205 -98.882797 6.000000 
-415.274414 418.031403 -98.882797 6.000000 
-415.418610 418.090790 -98.882797 6.000000 
-415.383911 418.844299 -98.882797 6.000000 
-415.571106 419.237701 -98.882797 6.000000 
-415.734985 419.689301 -98.882797 6.000000 
-415.388489 420.371704 -98.882797 6.000000 
-415.597198 420.671814 -98.882797 6.000000 
-415.184113 421.167786 -98.882797 6.000000 
-415.257599 421.898407 -98.882797 6.000000 
-415.575806 422.008789 -98.882797 6.000000 
-415.420685 422.794708 -98.882797 6.000000 
-415.199799 423.138794 -98.882797 6.000000 
-415.478088 423.557587 -98.882797 6.000000 
-415.403412 424.470886 -98.882797 6.000000 
-415.358093 425.059387 -98.882797 6.000000 
-415.418396 425.282806 -98.882797 6.000000 
-415.754913 425.854095 -98.882797 6.000000 
-415.566101 426.290710 -98.882797 6.000000 
-415.442291 426.941101 -98.882797 6.000000 
-415.517700 427.230286 -98.882797 6.000000 
-414.927612 417.568604 -98.882797 6.000000 
-415.180115 418.312286 -98.882797 6.000000 
-415.207886 418.825897 -98.882797 6.000000 
-414.726807 419.373688 -98.882797 6.000000 
-415.112488 419.826813 -98.882797 6.000000 
-414.883301 420.267303 -98.882797 6.000000 
-414.846710 420.986908 -98.882797 6.000000 
-414.800690 421.233887 -98.882797 6.000000 
-414.752289 421.813385 -98.882797 6.000000 
-415.053009 422.449005 -98.882797 6.000000 
-414.805206 422.769287 -98.882797 6.000000 
-415.031097 423.037689 -98.882797 6.000000 
-415.182312 423.925812 -98.882797 6.000000 
-414.779205 424.178009 -98.882797 6.000000 
-414.751404 424.661285 -98.882797 6.000000 
-414.584991 425.474487 -98.882797 6.000000 
-414.984314 425.923187 -98.882797 6.000000 
-414.940399 426.433289 -98.882797 6.000000 
-414.824493 426.848999 -98.882797 6.000000 
-414.891602 427.110504 -98.882797 6.000000 
-414.857300 427.663513 -98.882797 6.000000 
-414.333405 417.627686 -98.882797 6.000000 
-414.536285 417.862305 -98.882797 6.000000 
-414.152313 418.708191 -98.882797 6.000000 
-414.091309 419.222412 -98.882797 6.000000 
-414.460999 419.800110 -98.882797 6.000000 
-414.567200 420.356598 -98.882797 6.000000 
-414.603394 420.734406 -98.882797 6.000000 
-414.238403 421.506714 -98.882797 6.000000 
-414.291595 422.020691 -98.882797 6.000000 
-414.268402 422.381012 -98.882797 6.000000 
-414.583893 422.730896 -98.882797 6.000000 
-414.417511 423.193695 -98.882797 6.000000 
-414.714203 423.821106 -98.882797 6.000000 
-414.207001 424.357208 -98.882797 6.000000 
-414.485413 424.910187 -98.882797 6.000000 
-414.357513 425.211212 -98.882797 6.000000 
-414.135803 425.786194 -98.882797 6.000000 
-414.508392 426.539215 -98.882797 6.000000 
-414.342712 426.945099 -98.882797 6.000000 
-414.418793 427.329803 -98.882797 6.000000 
-414.385010 427.776794 -98.882797 6.000000 
-413.637085 418.451294 -98.882797 6.000000 
-413.713715 419.182007 -98.882797 6.000000 
-413.842194 419.080414 -98.882797 6.000000 
-413.846100 419.826202 -98.882797 6.000000 
-413.891907 420.247101 -98.882797 6.000000 
-413.782990 421.111389 -98.882797 6.000000 
-413.914612 421.526093 -98.882797 6.000000 
-413.880005 421.858704 -98.882797 6.000000 
-413.671600 422.543915 -98.882797 6.000000 
-414.063599 422.765198 -98.882797 6.000000 
-413.966797 423.489197 -98.882797 6.000000 
-413.659912 423.736908 -98.882797 6.000000 
-413.747406 424.343811 -98.882797 6.000000 
-413.744995 424.946594 -98.882797 6.000000 
-413.661804 425.263397 -98.882797 6.000000 
-413.978485 425.964996 -98.882797 6.000000 
-414.040314 426.370697 -98.882797 6.000000 
-413.872711 426.944305 -98.882797 6.000000 
-413.753601 427.845093 -98.882797 6.000000 
-413.914215 427.848297 -98.882797 6.000000 
-413.351501 418.106415 -98.882797 6.000000 
-413.138306 418.770905 -98.882797 6.000000 
-413.712189 419.225189 -98.882797 6.000000 
-413.156097 420.157990 -98.882797 6.000000 
-413.381500 420.507385 -98.882797 6.000000 
-413.344299 420.740997 -98.882797 6.000000 
-413.463593 421.447601 -98.882797 6.000000 
-413.287109 421.730499 -98.882797 6.000000 
-413.529999 422.391510 -98.882797 6.000000 
-413.450806 422.789307 -98.882797 6.000000 
-413.152893 423.201813 -98.882797 6.000000 
-413.236786 423.882507 -98.882797 6.000000 
-413.099091 424.399292 -98.882797 6.000000 
-413.460785 425.041199 -98.882797 6.000000 
-413.192200 425.068207 -98.882797 6.000000 
-413.453491 426.079712 -98.882797 6.000000 
-413.207794 426.296112 -98.882797 6.000000 
-413.648407 426.971802 -98.882797 6.000000 
-413.273804 427.595886 -98.882797 6.000000 
-413.586304 427.823486 -98.882797 6.000000 
-413.139801 418.341400 -98.882797 6.000000 
-413.028198 419.110291 -98.882797 6.000000 
-412.936096 419.277588 -98.882797 6.000000 
-412.749603 419.900696 -98.882797 6.000000 
-412.727814 420.276886 -98.882797 6.000000 
-412.818390 420.638611 -98.882797 6.000000 
-412.990601 421.379700 -98.882797 6.000000 
-412.683014 421.683105 -98.882797 6.000000 
-412.769012 422.226105 -98.882797 6.000000 
-412.963104 423.034088 -98.882797 6.000000 
-412.909698 423.179688 -98.882797 6.000000 
-412.920013 423.715515 -98.882797 6.000000 
-412.594391 424.521301 -98.882797 6.000000 
-412.892792 424.869995 -98.882797 6.000000 
-412.747314 425.443298 -98.882797 6.000000 
-412.872406 425.788300 -98.882797 6.000000 
-412.921204 426.276611 -98.882797 6.000000 
-412.711090 426.767395 -98.882797 6.000000 
-412.732788 427.456512 -98.882797 6.000000 
-412.960602 427.813904 -98.882797 6.000000 
-412.056213 418.325806 -98.882797 6.000000 
-412.544891 418.477295 -98.882797 6.000000 
-412.362000 419.282501 -98.882797 6.000000 
-412.213409 419.674805 -98.882797 6.000000 
-412.235504 420.223999 -98.882797 6.000000 
-412.374207 420.619385 -98.882797 6.000000 
-412.694000 421.117889 -98.882797 6.000000 
-412.156586 421.813385 -98.882797 6.000000 
-412.322388 422.169708 -98.882797 6.000000 
-412.060394 422.750610 -98.882797 6.000000 
-412.532715 423.225708 -98.882797 6.000000 
-412.792511 423.945190 -98.882797 6.000000 
-412.185791 424.114288 -98.882797 6.000000 
-412.608704 424.782715 -98.882797 6.000000 
-412.145813 425.717987 -98.882797 6.000000 
-412.317810 425.839600 -98.882797 6.000000 
-412.505188 426.468109 -98.882797 6.000000 
-412.393585 426.937103 -98.882797 6.000000 
-412.311798 427.406403 -98.882797 6.000000 
-412.332886 427.916809 -98.882797 6.000000 
-412.219604 428.335114 -98.882797 6.000000 
-411.426605 418.585114 -98.882797 6.000000 
-411.767303 419.222809 -98.882797 6.000000 
-411.845703 419.852203 -98.882797 6.000000 
-411.827209 420.595703 -98.882797 6.000000 
-411.937988 420.843292 -98.882797 6.000000 
-411.714905 421.083008 -98.882797 6.000000 
-411.523010 421.876587 -98.882797 6.000000 
-411.760101 422.565796 -98.882797 6.000000 
-412.043488 422.704895 -98.882797 6.000000 
-411.747986 423.222504 -98.882797 6.000000 
-411.978302 423.834686 -98.882797 6.000000 
-411.686096 424.633301 -98.882797 6.000000 
-412.016602 424.896393 -98.882797 6.000000 
-411.990601 425.605286 -98.882797 6.000000 
-411.905396 425.663910 -98.882797 6.000000 
-411.850006 426.121094 -98.882797 6.000000 
-411.979492 426.975800 -98.882797 6.000000 
-411.619598 427.526215 -98.882797 6.000000 
-411.691986 427.912598 -98.882797 6.000000 
-411.612915 428.491394 -98.882797 6.000000 
-411.601715 418.392395 -98.882797 6.000000 
-411.317688 418.694214 -98.882797 6.000000 
-411.604309 419.583008 -98.882797 6.000000 
-411.130493 419.528412 -98.882797 6.000000 
-411.332214 420.333496 -98.882797 6.000000 
-411.222992 420.877289 -98.882797 6.000000 
-411.277710 421.472992 -98.882797 6.000000 
-411.664215 422.004395 -98.882797 6.000000 
-411.295197 422.224304 -98.882797 6.000000 
-411.402710 423.083405 -98.882797 6.000000 
-411.413910 423.533813 -98.882797 6.000000 
-411.293488 423.795105 -98.882797 6.000000 
-411.233490 424.512512 -98.882797 6.000000 
-411.374298 424.803009 -98.882797 6.000000 
-411.486115 425.375610 -98.882797 6.000000 
-411.458588 426.069611 -98.882797 6.000000 
-411.300690 426.583008 -98.882797 6.000000 
-411.333710 426.891510 -98.882797 6.000000 
-411.480896 427.327606 -98.882797 6.000000 
-411.474213 427.840393 -98.882797 6.000000 
-411.414001 428.670990 -98.882797 6.000000 
-411.149292 418.686401 -98.882797 6.000000 
-410.939209 418.799194 -98.882797 6.000000 
-411.024292 419.817108 -98.882797 6.000000 
-410.593506 420.605408 -98.882797 6.000000 
-410.977997 420.926514 -98.882797 6.000000 
-410.819489 421.270386 -98.882797 6.000000 
-410.871796 421.423889 -98.882797 6.000000 
-410.995911 422.360291 -98.882797 6.000000 
-410.852814 422.355591 -98.882797 6.000000 
-410.767700 423.292114 -98.882797 6.000000 
-410.965698 423.668396 -98.882797 6.000000 
-410.739502 424.023102 -98.882797 6.000000 
-410.707489 425.061310 -98.882797 6.000000 
-411.066010 425.125000 -98.882797 6.000000 
-410.860687 425.842590 -98.882797 6.000000 
-410.887695 426.212189 -98.882797 6.000000 
-410.855988 426.917389 -98.882797 6.000000 
-410.762909 427.197510 -98.882797 6.000000 
-411.201111 427.613495 -98.882797 6.000000 
-410.851410 428.515289 -98.882797 6.000000 
-410.263397 419.426208 -98.882797 6.000000 
-410.402405 419.919312 -98.882797 6.000000 
-409.994904 420.138794 -98.882797 6.000000 
-410.269501 420.961395 -98.882797 6.000000 
-410.515106 421.436005 -98.882797 6.000000 
-410.429199 421.893707 -98.882797 6.000000 
-410.592590 422.613892 -98.882797 6.000000 
-410.331604 422.984406 -98.882797 6.000000 
-410.345612 423.317505 -98.882797 6.000000 
-410.201508 423.734589 -98.882797 6.000000 
-410.239288 424.440613 -98.882797 6.000000 
-410.332611 424.920685 -98.882797 6.000000 
-410.471191 425.645996 -98.882797 6.000000 
-410.383911 425.844513 -98.882797 6.000000 
-410.305908 426.424896 -98.882797 6.000000 
-410.467102 426.590698 -98.882797 6.000000 
-409.820312 419.459412 -98.882797 6.000000 
-410.114197 419.694489 -98.882797 6.000000 
-410.036804 420.514587 -98.882797 6.000000 
-409.863892 420.634399 -98.882797 6.000000 
-410.033295 421.382202 -98.882797 6.000000 
-409.730286 421.747101 -98.882797 6.000000 
-409.830292 422.340912 -98.882797 6.000000 
-409.646301 423.037689 -98.882797 6.000000 
-409.815796 423.130310 -98.882797 6.000000 
-409.946289 423.891388 -98.882797 6.000000 
-410.005890 424.489288 -98.882797 6.000000 
-410.115906 424.911896 -98.882797 6.000000 
-409.305115 419.289886 -98.882797 6.000000 
-409.156403 419.663910 -98.882797 6.000000 
-409.010498 420.288513 -98.882797 6.000000 
-409.137390 420.653503 -98.882797 6.000000 
-409.364807 421.338409 -98.882797 6.000000 
-409.368713 421.944794 -98.882797 6.000000 
-409.303192 422.464111 -98.882797 6.000000 
-409.265198 422.660889 -98.882797 6.000000 
-409.503387 423.808807 -98.882797 6.000000 
-408.607910 419.559387 -98.882797 6.000000 
-408.730103 419.681305 -98.882797 6.000000 
-408.775909 420.712799 -98.882797 6.000000 
-408.705688 420.847687 -98.882797 6.000000 
-408.752594 421.581085 -98.882797 6.000000 
-408.381287 419.878601 -98.882797 6.000000 
-408.674896 420.260803 -98.882797 6.000000 
-439.895813 424.763214 -99.301102 5.000000 
-442.694214 426.020111 -101.736801 5.000000 
-441.835602 426.154907 -102.199997 5.000000 
-441.523285 426.763489 -100.415298 5.000000 
-441.137512 425.813293 -101.882797 5.000000 
-444.184601 428.493195 -101.818901 5.000000 
-442.075989 423.420990 -97.993797 5.000000 
-441.541809 426.644012 -99.640602 5.000000 
-441.118286 425.239594 -101.554298 5.000000 
-442.319885 427.187286 -102.372803 5.000000 
-443.522491 426.471497 -102.686699 5.000000 
-439.454712 425.491608 -101.797203 5.000000 
-441.472595 429.511810 -99.035599 5.000000 
-439.274292 427.359406 -98.465401 5.000000 
-439.439911 430.322815 -99.739197 5.000000 
-442.370911 428.158691 -101.228600 5.000000 
-442.845795 428.044189 -99.587502 5.000000 
-442.223999 426.073303 -101.913101 5.000000 
-440.269196 427.328400 -101.989998 5.000000 
-441.618713 425.438202 -101.613602 5.000000 
-442.446198 428.534302 -103.358902 5.000000 
-443.286804 425.209290 -102.298798 5.000000 
-443.275696 426.778290 -103.551804 5.000000 
-443.467712 428.546600 -99.511703 5.000000 
-443.193390 426.571594 -101.670403 5.000000 
-444.380890 429.779510 -102.068901 5.000000 
-441.938385 429.925415 -97.774803 5.000000 
-441.027588 428.803986 -97.685204 5.000000 
-438.428101 425.845306 -102.740601 5.000000 
-442.234406 429.062988 -101.538803 5.000000 
-438.839386 426.564209 -100.485298 5.000000 
-440.243500 428.824799 -102.250198 5.000000 
-442.506714 427.696198 -102.102303 5.000000 
-441.407715 427.052399 -100.937500 5.000000 
-442.313202 426.136902 -99.440201 5.000000 
-443.640015 427.974091 -101.622299 5.000000 
-438.794495 428.029694 -102.751701 5.000000 
-441.708710 426.967194 -101.845703 5.000000 
-438.706909 426.118896 -102.866501 5.000000 
-443.446899 428.870789 -101.001503 5.000000 
-440.514496 429.398285 -102.158096 5.000000 
-441.705414 426.188293 -97.405403 5.000000 
-441.436890 425.203888 -101.429398 5.000000 
-442.967407 425.593292 -101.994400 5.000000 
-443.697693 425.130615 -100.316704 5.000000 
-442.808289 427.663696 -100.262100 5.000000 
-442.585602 424.304688 -99.088799 5.000000 
-440.982605 428.746002 -103.753403 5.000000 
-443.149689 428.613708 -100.091301 5.000000 
-440.704803 428.370605 -100.575302 5.000000 
-440.550201 427.930695 -94.528900 5.000000 
-442.308289 427.007294 -101.923302 5.000000 
-441.349091 429.116394 -100.047203 5.000000 
-441.934113 424.228302 -99.645798 5.000000 
-439.115997 427.419403 -104.501801 5.000000 
-441.640106 427.019012 -103.469597 5.000000 
-441.855286 424.881104 -103.346397 5.000000 
-441.289001 427.905701 -99.669502 5.000000 
-440.860809 427.763397 -99.992798 5.000000 
-441.995697 424.371094 -105.770599 5.000000 
-441.984894 428.234192 -98.825401 5.000000 
-441.768890 427.213898 -98.950203 5.000000 
-440.520111 428.394714 -102.447403 5.000000 
-442.204193 426.454498 -103.285301 5.000000 
-439.945404 424.577301 -105.819397 5.000000 
-441.418488 426.079010 -100.274696 5.000000 
-444.121887 428.640411 -104.220901 5.000000 
-440.305695 426.965912 -99.839798 5.000000 
-441.519592 427.632996 -98.961197 5.000000 
-444.249115 424.165192 -102.123299 5.000000 
-438.867401 427.969604 -101.980797 5.000000 
-440.430298 428.110809 -98.522301 5.000000 
-442.064392 426.342987 -101.946602 5.000000 
-439.451599 427.847595 -101.397697 5.000000 
-441.018585 428.031891 -103.986900 5.000000 
-440.782288 427.110291 -97.763199 5.000000 
-441.406586 426.855988 -101.310303 5.000000 
-442.804413 424.339813 -100.382301 5.000000 
-439.761993 428.464600 -102.227600 5.000000 
-441.293396 429.174805 -98.988197 5.000000 
-441.139099 426.804291 -101.589600 5.000000 
-440.426910 427.678314 -100.655899 5.000000 
-439.304199 429.901794 -99.740601 5.000000 
-439.944305 428.247498 -99.953796 5.000000 
-444.172089 427.830688 -98.145599 5.000000 
-445.293793 428.473907 -105.880997 5.000000 
-441.116089 429.101410 -103.960098 5.000000 
-440.471313 429.191589 -100.153603 5.000000 
-442.335907 424.862091 -99.988701 5.000000 
-442.686798 426.081207 -101.780602 5.000000 
-438.806213 427.141388 -98.842499 5.000000 
-441.355896 429.350189 -98.538696 5.000000 
-438.447601 426.917114 -103.426598 5.000000 
-441.892395 426.308807 -100.618797 5.000000 
-440.805908 430.594391 -99.624496 5.000000 
-439.415894 425.538696 -96.968803 5.000000 
-440.953094 427.663910 -102.797501 5.000000 
-440.933289 427.922394 -102.471001 5.000000 
-442.808014 425.710297 -101.782799 5.000000 
-441.778198 428.776215 -99.064301 5.000000 
-441.231415 425.564697 -96.745499 5.000000 
-439.863586 424.594910 -95.894402 5.000000 
-442.014893 426.667786 -101.876503 5.000000 
-441.636902 428.538696 -101.711197 5.000000 
-438.699188 425.163391 -101.994598 5.000000 
-442.544495 426.335114 -95.813400 5.000000 
-440.890900 429.278992 -102.359200 5.000000 
-441.668213 426.169495 -105.810204 5.000000 
-442.626007 426.422791 -104.625504 5.000000 
-442.424194 427.328888 -102.952499 5.000000 
-441.958893 426.588806 -100.467201 5.000000 
-440.113190 427.470795 -103.185204 5.000000 
-442.918396 424.797089 -102.567497 5.000000 
-439.209900 425.611298 -100.768997 5.000000 
-442.681000 426.248688 -99.664597 5.000000 
-440.231506 428.914398 -103.648300 5.000000 
-440.083405 430.335205 -104.042297 5.000000 
-443.875885 429.406006 -100.082497 5.000000 
-441.588898 430.817291 -99.692596 5.000000 
-439.687195 426.396210 -100.572197 5.000000 
-441.672791 426.441010 -100.531898 5.000000 
-439.721313 425.466187 -103.037903 5.000000 
-440.665894 426.574097 -99.157402 5.000000 
-440.216888 426.381409 -103.610603 5.000000 
-440.962189 423.762390 -101.176201 5.000000 
-441.791687 426.693909 -104.438797 5.000000 
-441.972687 426.022003 -100.377197 5.000000 
-442.263397 427.643311 -101.266197 5.000000 
-442.380188 426.469604 -100.399399 5.000000 
-441.301300 423.847809 -104.252098 5.000000 
-440.456512 425.860107 -101.567001 5.000000 
-442.494812 427.929504 -101.413399 5.000000 
-439.774414 427.455811 -105.695099 5.000000 
-443.956390 427.068909 -102.903900 5.000000 
-439.421692 426.040314 -97.689400 5.000000 
-440.029114 426.832703 -101.137703 5.000000 
-441.271393 425.839111 -98.728996 5.000000 
-438.777496 424.912994 -101.771004 5.000000 
-442.060089 427.484192 -101.784500 5.000000 
-440.251495 428.821289 -104.051399 5.000000 
-441.520111 426.537689 -99.470001 5.000000 
-441.755096 427.078491 -105.728996 5.000000 
-441.476288 428.115814 -100.491600 5.000000 
-441.227692 429.926910 -101.557899 5.000000 
-439.275696 426.004395 -100.869904 5.000000 
-442.379303 426.712311 -102.081001 5.000000 
-442.395599 428.375610 -101.097702 5.000000 
-442.439087 427.591888 -99.999397 5.000000 
-440.612793 426.619385 -101.986504 5.000000 
-442.572510 425.285004 -99.173599 5.000000 
-439.904602 426.864990 -100.827797 5.000000 
-441.026398 427.548492 -99.316902 5.000000 
-439.572815 425.394501 -99.923599 5.000000 
-441.092499 426.361206 -100.386703 5.000000 
-441.075592 427.722992 -104.636497 5.000000 
-440.509888 428.585388 -102.331703 5.000000 
-442.813690 428.807892 -97.312401 5.000000 
-443.833191 427.359406 -103.204697 5.000000 
-440.996704 427.698608 -102.311302 5.000000 
-443.126190 425.451813 -99.185097 5.000000 
-442.401215 427.234100 -100.650299 5.000000 
-439.978790 425.243591 -105.008797 5.000000 
-442.221588 423.792114 -99.080902 5.000000 
-441.495789 426.984802 -99.696800 5.000000 
-442.084290 425.222595 -99.929100 5.000000 
-442.731598 428.399597 -99.514999 5.000000 
-439.923798 428.365692 -99.843102 5.000000 
-443.753510 426.858002 -102.221100 5.000000 
-442.424500 429.008301 -100.447304 5.000000 
-444.321808 423.365204 -102.164597 5.000000 
-441.350891 428.440491 -97.639503 5.000000 
-443.669189 425.280396 -99.213600 5.000000 
-442.069397 424.121094 -100.439201 5.000000 
-440.531799 427.299896 -101.775597 5.000000 
-441.133698 427.046906 -104.213402 5.000000 
-443.424194 426.757202 -101.691498 5.000000 
-442.205597 427.159088 -102.202202 5.000000 
-440.216003 425.086212 -98.796097 5.000000 
-440.171906 426.673889 -99.398499 5.000000 
-442.686310 424.955811 -104.246803 5.000000 
-439.858795 426.246704 -103.405899 5.000000 
-442.293304 428.109314 -103.656502 5.000000 
-442.370514 426.860809 -102.018898 5.000000 
-439.877594 426.230011 -101.751801 5.000000 
-441.210388 428.807098 -98.914101 5.000000 
-440.822510 425.383514 -97.611298 5.000000 
-441.596008 426.126495 -105.181900 5.000000 
-442.406708 427.172607 -99.015503 5.000000 
-442.437805 427.177490 -97.139603 5.000000 
-442.188202 428.116608 -104.361900 5.000000 
-441.799805 427.400391 -101.593803 5.000000 
-443.447906 426.091797 -100.327103 5.000000 
-441.881500 427.230194 -100.140800 5.000000 
-443.061798 428.281586 -103.367401 5.000000 
-438.920197 427.455414 -101.102898 5.000000 
-440.768188 427.047699 -101.393600 5.000000 
-439.928101 428.317413 -102.738197 5.000000 
-441.641388 426.972900 -101.511902 5.000000 
-444.457794 428.267792 -102.229301 5.000000 
-440.711090 426.806488 -101.096001 5.000000 
-439.790192 427.914001 -101.116600 5.000000 
-442.931488 426.618896 -104.007698 5.000000 
-442.192291 426.944794 -103.138901 5.000000 
-442.349213 427.664795 -98.034401 5.000000 
-442.344299 426.504791 -102.898598 5.000000 
-440.741302 426.687592 -102.172997 5.000000 
-440.657410 428.004089 -103.543999 5.000000 
-441.199493 425.424011 -99.371696 5.000000 
-440.202301 428.375092 -101.124100 5.000000 
-442.183899 426.462189 -100.437401 5.000000 
-443.949005 428.064301 -95.090897 5.000000 
-440.451508 427.772888 -99.071198 5.000000 
-440.160614 427.704407 -102.516899 5.000000 
-441.874115 429.102112 -100.428802 5.000000 
-441.105011 427.030609 -102.425797 5.000000 
-440.255310 428.010895 -103.482803 5.000000 
-437.508392 427.601593 -97.410400 5.000000 
-440.154510 427.868408 -100.217300 5.000000 
-415.840698 428.845001 -106.788696 4.000000 
-416.269409 429.515015 -106.882103 4.000000 
-417.739197 429.705597 -107.343697 4.000000 
-416.778015 430.001404 -107.156097 4.000000 
-416.614807 429.080414 -107.017700 4.000000 
-416.111206 428.758514 -107.122704 4.000000 
-417.747803 429.937286 -107.087997 4.000000 
-416.370697 430.448700 -107.177803 4.000000 
-416.553314 429.887512 -107.259201 4.000000 
-407.567505 392.201294 -92.140602 4.000000 
-407.910004 391.837891 -92.104401 4.000000 
-407.693512 391.766205 -91.848999 4.000000 
-407.592804 392.448914 -92.496201 4.000000 
-407.616302 391.362091 -91.985802 4.000000 
-408.066589 391.822693 -91.791901 4.000000 
-407.487305 392.696106 -92.111504 4.000000 
-407.428589 392.806702 -92.112900 4.000000 
-406.825897 391.723389 -92.262100 4.000000 
-442.062500 421.720306 -107.025902 3.000000 
-441.454987 421.508514 -107.139801 3.000000 
-441.402191 421.703094 -107.100601 3.000000 
-441.983002 421.408691 -107.162598 3.000000 
-396.668304 416.597595 -101.608498 3.000000 
-396.724487 417.088013 -101.617401 3.000000 
-425.888000 396.997803 -96.238297 3.000000 
-425.260406 396.587189 -96.280800 3.000000 
-425.061401 396.871613 -96.366302 3.000000 
-425.776886 396.342407 -96.445396 3.000000 
-435.652191 409.922394 -102.291496 3.000000 
-435.948303 409.491913 -102.176804 3.000000 
-435.686798 409.301910 -102.054199 3.000000 
-435.987610 410.009399 -102.072601 3.000000 
-418.126007 385.930206 -91.786797 3.000000 
-418.070312 386.065887 -91.783798 3.000000 
-417.645813 385.847687 -91.618500 3.000000 
-418.047302 385.777496 -91.831100 3.000000 
-428.644897 366.763000 -84.950302 3.000000 
-428.461090 366.689606 -85.023102 3.000000 
-428.706207 366.551086 -85.006302 3.000000 
-428.415802 365.874786 -84.597198 3.000000 
-446.572113 428.845001 -110.265800 3.000000 
-446.489990 428.924011 -110.328796 3.000000 
-446.650299 428.736694 -110.264000 3.000000 
-446.973694 428.442993 -110.189903 3.000000 
-445.100586 406.824890 -101.667999 3.000000 
-445.796814 407.098297 -101.501503 3.000000 
-444.642395 406.372498 -102.001503 3.000000 
-445.403015 406.550812 -101.795601 3.000000 
-426.476715 366.640594 -84.712799 3.000000 
-426.207306 366.683807 -84.948997 3.000000 
-426.993988 366.632599 -84.919899 3.000000 
-427.253204 366.516998 -84.805000 3.000000 
-449.777100 434.056488 -112.567101 3.000000 
-409.934296 434.614990 -109.473297 3.000000 
-410.277710 435.144409 -109.110901 3.000000 
-410.191315 434.397400 -109.376198 3.000000 
-410.353790 434.322693 -109.516899 3.000000 
-402.452515 382.533600 -89.290901 3.000000 
-401.834106 382.785400 -89.097198 3.000000 
-402.277496 382.292511 -89.224197 3.000000 
-401.798309 383.139709 -89.107498 3.000000 
-433.058807 412.304901 -103.026604 3.000000 
-433.484314 412.618805 -102.916397 3.000000 
-433.786591 412.231812 -102.997002 3.000000 
-433.008911 412.094391 -102.942596 3.000000 
-397.245300 426.945312 -105.194298 3.000000 
-397.337311 426.532715 -105.575600 3.000000 
-413.878510 409.580505 -100.305298 3.000000 
-413.796112 410.234894 -100.382103 3.000000 
-413.801910 409.988800 -100.139503 3.000000 
-413.768890 410.006897 -100.269897 3.000000 
-437.075806 442.170685 -114.374603 3.000000 
-437.072815 442.462494 -114.383698 3.000000 
-436.950592 442.429291 -114.572502 3.000000 
-437.588898 441.732605 -114.469498 3.000000 
-427.322113 438.954407 -112.330101 3.000000 
-427.123901 438.900208 -112.149300 3.000000 
-426.726288 438.635803 -112.178902 3.000000 
-426.916199 438.345001 -112.455101 3.000000 
-430.567596 419.852692 -105.622002 3.000000 
-430.092712 419.816803 -105.430702 3.000000 
-429.900208 419.787598 -105.791298 3.000000 
-430.589294 420.098999 -105.438904 3.000000 
-421.629608 407.887604 -99.864601 3.000000 
-421.701111 407.334991 -100.083000 3.000000 
-421.717010 407.639404 -100.100800 3.000000 
-421.510315 407.323914 -100.147003 3.000000 
-438.625702 424.353210 -107.893303 3.000000 
-438.195587 424.636414 -108.137199 3.000000 
-439.027802 424.732605 -108.013603 3.000000 
-438.921997 424.475800 -108.162598 3.000000 
-445.086487 443.409088 -115.592697 3.000000 
-445.656799 443.313995 -115.704498 3.000000 
-445.041412 443.063995 -115.747200 3.000000 
-445.885590 443.724701 -115.702103 3.000000 
-411.132507 416.926910 -102.723198 3.000000 
-411.647491 415.835510 -102.625999 3.000000 
-411.214386 416.370605 -102.847099 3.000000 
-411.293488 416.495392 -103.030502 3.000000 
-406.815399 394.480408 -93.957199 3.000000 
-406.507385 394.380890 -93.967400 3.000000 
-407.164307 393.836792 -94.118401 3.000000 
-406.812805 394.553711 -94.126503 3.000000 
-403.450287 379.523987 -87.852097 3.000000 
-403.022614 379.190491 -87.588203 3.000000 
-403.343597 379.655304 -87.720001 3.000000 
-403.234406 379.771301 -87.662003 3.000000 
-411.652100 375.130798 -86.746399 3.000000 
-412.189789 374.526886 -86.909897 3.000000 
-412.933411 374.863098 -86.912102 3.000000 
-412.203705 374.689514 -87.035103 3.000000 
-430.437714 437.914886 -112.468597 3.000000 
-430.058411 437.197693 -112.245102 3.000000 
-429.662292 438.064087 -112.177002 3.000000 
-430.076813 437.771301 -112.227798 3.000000 
-439.447388 416.041412 -105.165398 3.000000 
-439.413208 416.502411 -104.920700 3.000000 
-439.432404 416.244598 -104.849998 3.000000 
-439.264099 416.296692 -104.959602 3.000000 
-397.991791 424.851410 -104.814102 3.000000 
-397.612793 424.389709 -104.859299 3.000000 
-398.258789 424.231812 -104.732002 3.000000 
-397.972107 424.953796 -104.775703 3.000000 
-441.131104 399.860809 -99.103996 3.000000 
-440.987915 399.439087 -99.074303 3.000000 
-441.662811 400.153595 -99.037003 3.000000 
-441.453491 399.641815 -98.999496 3.000000 
-435.631714 435.360901 -111.954399 3.000000 
-435.649994 435.530914 -111.805397 3.000000 
-436.274200 435.883087 -111.568100 3.000000 
-436.357605 435.947906 -111.830498 3.000000 
-446.555115 402.328705 -100.437401 3.000000 
-446.398712 403.194214 -100.174202 3.000000 
-446.567291 402.314392 -100.352699 3.000000 
-446.594299 403.094086 -100.378799 3.000000 
-442.916504 421.660706 -107.234200 3.000000 
-443.563599 420.820801 -106.977097 3.000000 
-443.440613 420.401001 -107.197998 3.000000 
-443.108795 420.660797 -106.896400 3.000000 
-402.344604 410.872009 -99.809196 3.000000 
-402.294006 410.998413 -100.073303 3.000000 
-402.719086 410.833588 -100.092003 3.000000 
-402.335388 410.963104 -99.935402 3.000000 
-413.300507 388.509888 -92.353203 3.000000 
-413.644806 388.582611 -92.614502 3.000000 
-413.020111 389.628204 -92.287300 3.000000 
-412.971100 389.022308 -92.391197 3.000000 
-399.134094 402.455109 -96.637901 3.000000 
-399.306305 402.603088 -96.592201 3.000000 
-399.331390 402.434296 -96.746002 3.000000 
-399.632202 402.427002 -96.371101 3.000000 
-407.360199 436.682587 -110.040199 3.000000 
-406.967987 435.800507 -109.956596 3.000000 
-406.733093 436.569885 -109.920197 3.000000 
-407.137787 435.932709 -110.044403 3.000000 
-428.287506 367.685303 -85.155701 3.000000 
-427.850311 368.164215 -85.160500 3.000000 
-427.280090 367.838287 -85.560501 3.000000 
-428.221497 367.746490 -85.271599 3.000000 
-439.420502 439.093506 -113.309799 3.000000 
-439.533813 438.640900 -113.499199 3.000000 
-440.102600 438.717407 -112.993103 3.000000 
-438.964386 438.596588 -113.272697 3.000000 
