ply
format ascii 1.0
comment Created by CloudCompare v2.14.beta (Dec  7 2025)
comment Created 2025-12-16T17:59:50
obj_info Generated by CloudCompare!
element vertex 2565
property float x
property float y
property float z
property float scalar_Scalar_field
end_header
-333.664398 482.391388 -121.704498 2.000000 
-332.884308 479.018005 -120.426804 2.000000 
-332.310486 477.308899 -119.817902 2.000000 
-262.409393 427.755798 -89.932297 5.000000 
-264.997711 428.815002 -90.642097 5.000000 
-264.732910 429.145111 -81.763397 5.000000 
-263.640411 425.281311 -86.177498 5.000000 
-265.927094 427.306885 -90.999901 5.000000 
-262.476593 424.507690 -91.347900 5.000000 
-262.299500 425.983795 -92.109299 5.000000 
-265.802399 428.499786 -85.657402 5.000000 
-264.114410 426.018890 -86.697601 5.000000 
-265.006714 426.272614 -88.031097 5.000000 
-264.905090 428.607788 -87.225403 5.000000 
-265.919708 428.441315 -93.501900 5.000000 
-264.426605 428.891113 -92.451500 5.000000 
-264.475189 429.456909 -93.164200 5.000000 
-264.597504 425.885406 -88.226196 5.000000 
-266.048401 426.623505 -86.833199 5.000000 
-264.004089 428.109497 -88.669899 5.000000 
-265.201813 425.562500 -87.667297 5.000000 
-264.487396 426.838715 -83.505096 5.000000 
-264.381195 427.148895 -87.787201 5.000000 
-265.069305 428.301392 -86.808601 5.000000 
-265.097504 429.042908 -92.395599 5.000000 
-264.300507 425.911407 -88.327499 5.000000 
-263.455811 428.854309 -84.280998 5.000000 
-264.233490 427.566193 -88.558098 5.000000 
-262.731506 426.735596 -91.375099 5.000000 
-264.418091 426.787201 -88.012299 5.000000 
-264.163788 425.850189 -88.842598 5.000000 
-263.656708 429.538605 -88.775597 5.000000 
-265.358002 427.658997 -90.953300 5.000000 
-263.750885 429.942596 -91.917397 5.000000 
-261.773499 430.656403 -89.100098 5.000000 
-263.044586 426.875885 -90.334297 5.000000 
-264.207886 429.076813 -89.933403 5.000000 
-265.616608 427.540314 -88.927597 5.000000 
-264.274902 426.964600 -87.659599 5.000000 
-264.473389 425.148499 -88.848701 5.000000 
-263.122192 428.727600 -86.276001 5.000000 
-262.674805 428.946686 -86.083099 5.000000 
-265.698914 428.656799 -87.267601 5.000000 
-263.605011 426.943909 -85.327797 5.000000 
-264.545990 428.016998 -90.398102 5.000000 
-262.414398 429.285492 -88.247299 5.000000 
-262.690491 425.995392 -87.986702 5.000000 
-264.573212 427.635986 -87.299896 5.000000 
-266.695587 426.750885 -88.039902 5.000000 
-265.885498 427.114197 -88.428200 5.000000 
-264.145203 426.928589 -86.723900 5.000000 
-264.463501 431.049713 -83.510201 5.000000 
-264.123291 427.175110 -87.463402 5.000000 
-266.055908 427.888000 -89.872704 5.000000 
-264.832794 428.071198 -89.828003 5.000000 
-264.429199 425.673492 -87.109200 5.000000 
-263.772308 429.632690 -87.402397 5.000000 
-264.108093 427.449799 -89.056000 5.000000 
-264.996185 429.253510 -83.365196 5.000000 
-267.343109 427.565796 -83.043404 5.000000 
-265.163086 428.522614 -89.279900 5.000000 
-263.996002 424.336609 -87.434502 5.000000 
-262.912811 428.127808 -89.769302 5.000000 
-260.518005 426.576691 -86.629204 5.000000 
-262.904114 429.506409 -86.290398 5.000000 
-266.664001 425.105408 -86.175598 5.000000 
-264.225494 429.258789 -90.022102 5.000000 
-263.715607 425.729614 -91.128899 5.000000 
-265.799896 427.538391 -88.683098 5.000000 
-263.090515 425.526489 -86.301003 5.000000 
-267.088715 425.804108 -86.897797 5.000000 
-264.533600 425.923096 -90.106598 5.000000 
-266.302002 426.475189 -87.384903 5.000000 
-265.735291 427.631012 -88.951302 5.000000 
-262.792908 428.462494 -87.610497 5.000000 
-265.270996 429.310913 -89.406700 5.000000 
-264.142395 427.435913 -88.177399 5.000000 
-264.705902 430.017212 -86.873199 5.000000 
-268.704895 430.035797 -91.812401 5.000000 
-267.793396 426.450592 -88.716499 5.000000 
-264.036591 428.442596 -88.812798 5.000000 
-262.753906 426.757812 -90.316101 5.000000 
-266.449310 425.605011 -86.075104 5.000000 
-262.834412 426.582001 -90.351601 5.000000 
-266.431305 427.571808 -85.303703 5.000000 
-266.185699 426.313293 -85.658203 5.000000 
-262.832611 428.999695 -88.447601 5.000000 
-262.179413 429.080109 -87.362198 5.000000 
-262.653687 429.184906 -84.836998 5.000000 
-264.505707 427.185699 -86.984299 5.000000 
-266.249695 428.926697 -90.546097 5.000000 
-265.720612 427.946808 -90.831100 5.000000 
-263.429810 429.441315 -87.327599 5.000000 
-266.474091 428.572998 -91.662598 5.000000 
-264.763794 428.127106 -86.016701 5.000000 
-265.808899 428.751404 -90.746803 5.000000 
-265.900208 428.049988 -84.292397 5.000000 
-264.383911 426.767609 -87.905800 5.000000 
-263.751312 426.477814 -87.338203 5.000000 
-265.486206 428.187500 -88.698502 5.000000 
-266.344299 429.004089 -91.179604 5.000000 
-262.820190 428.049500 -88.480904 5.000000 
-265.631409 427.250885 -89.331497 5.000000 
-264.979797 429.082397 -87.067398 5.000000 
-264.418091 427.696503 -87.536797 5.000000 
-262.148407 430.210388 -88.120903 5.000000 
-265.670197 428.841095 -87.062500 5.000000 
-263.776886 428.909698 -85.483299 5.000000 
-265.489899 429.121887 -88.700897 5.000000 
-262.992615 424.660889 -86.020302 5.000000 
-267.050110 427.108185 -85.448097 5.000000 
-265.264404 428.141602 -86.411797 5.000000 
-263.502411 429.777710 -86.147499 5.000000 
-264.653992 429.206299 -87.517799 5.000000 
-265.957886 426.960693 -90.334503 5.000000 
-264.559906 426.026886 -88.221497 5.000000 
-264.943909 428.277588 -88.107101 5.000000 
-262.252991 429.139099 -89.064499 5.000000 
-266.501801 426.143311 -89.897301 5.000000 
-265.144196 428.146515 -90.964302 5.000000 
-265.265106 427.805389 -89.346603 5.000000 
-265.286285 430.411499 -88.650597 5.000000 
-266.278503 428.261993 -89.018303 5.000000 
-263.468201 427.514587 -85.930397 5.000000 
-266.043701 426.592010 -88.086700 5.000000 
-262.538300 429.185699 -86.969803 5.000000 
-263.358398 425.752686 -86.105003 5.000000 
-263.792603 428.953705 -89.223999 5.000000 
-268.077393 427.195496 -88.424301 5.000000 
-263.440308 428.901794 -86.546600 5.000000 
-262.484009 428.416595 -88.195000 5.000000 
-263.953308 425.864685 -90.001900 5.000000 
-266.405792 424.354004 -87.441299 5.000000 
-262.105499 425.726807 -86.488403 5.000000 
-266.884796 425.662201 -88.378098 5.000000 
-263.120300 429.090210 -86.190598 5.000000 
-265.541412 425.977203 -87.301804 5.000000 
-262.923187 429.390289 -85.294701 5.000000 
-264.566895 428.068695 -87.059998 5.000000 
-263.559906 426.960205 -83.050102 5.000000 
-262.199493 427.891205 -88.177200 5.000000 
-264.148712 425.081787 -85.592400 5.000000 
-265.100586 430.371704 -86.006401 5.000000 
-265.064087 427.894592 -88.163101 5.000000 
-263.954102 429.532013 -86.328102 5.000000 
-265.237915 427.202698 -91.285797 5.000000 
-263.885101 430.289703 -85.676201 5.000000 
-263.709595 429.367004 -86.519302 5.000000 
-264.759003 427.649292 -86.492798 5.000000 
-264.124512 429.266205 -87.906700 5.000000 
-265.562103 426.719788 -88.726402 5.000000 
-264.932892 429.542206 -83.282600 5.000000 
-265.755707 429.017303 -88.941002 5.000000 
-264.165009 427.030609 -89.370300 5.000000 
-265.827209 430.483398 -88.038803 5.000000 
-264.742798 427.401093 -88.897598 5.000000 
-262.423004 424.362793 -89.969498 5.000000 
-264.318298 426.324310 -87.722702 5.000000 
-264.584503 425.497498 -91.578598 5.000000 
-265.746307 427.011810 -85.994598 5.000000 
-264.556305 428.090698 -85.850700 5.000000 
-261.880493 427.216400 -89.404198 5.000000 
-263.266907 426.424408 -88.956200 5.000000 
-266.119293 429.120392 -85.859200 5.000000 
-264.080688 428.940704 -90.493797 5.000000 
-263.138397 426.450409 -86.917000 5.000000 
-265.736511 428.021790 -88.602203 5.000000 
-261.386505 424.794891 -85.110397 5.000000 
-266.901001 428.552612 -87.225899 5.000000 
-264.125610 425.785187 -90.036301 5.000000 
-264.961304 427.889496 -86.386002 5.000000 
-265.972504 427.383514 -84.228401 5.000000 
-264.428406 426.763489 -88.233704 5.000000 
-261.567993 426.908386 -87.375900 5.000000 
-261.705597 426.864288 -89.064697 5.000000 
-265.426086 430.065887 -88.097603 5.000000 
-264.193787 427.176697 -85.595100 5.000000 
-265.625305 426.886993 -90.133598 5.000000 
-264.272186 429.290314 -87.538300 5.000000 
-266.313995 427.823303 -93.080399 5.000000 
-264.794006 428.499786 -87.059799 5.000000 
-264.542786 428.366302 -88.306198 5.000000 
-261.217712 425.154510 -89.395500 5.000000 
-264.263794 430.843597 -88.200600 5.000000 
-263.634186 427.413300 -88.165398 5.000000 
-263.461914 428.850708 -84.139099 5.000000 
-263.972290 428.548401 -90.383797 5.000000 
-265.028992 426.949585 -88.871300 5.000000 
-263.244904 429.396301 -88.567596 5.000000 
-264.333893 429.869202 -87.578300 5.000000 
-262.539490 426.554993 -90.142403 5.000000 
-264.370514 425.970490 -85.018898 5.000000 
-264.024414 428.381012 -90.457199 5.000000 
-267.780609 428.331909 -89.869698 5.000000 
-263.226288 427.689301 -89.575699 5.000000 
-263.593109 429.648407 -86.010803 5.000000 
-267.213806 427.065796 -86.201500 5.000000 
-264.704987 430.740387 -85.563698 5.000000 
-264.648804 427.334686 -84.683701 5.000000 
-266.305298 427.508087 -86.531998 5.000000 
-263.666687 426.703491 -88.584000 5.000000 
-263.057495 428.627106 -90.912903 5.000000 
-264.439301 427.366486 -90.319801 5.000000 
-263.631592 428.328308 -89.419296 5.000000 
-263.069794 425.914886 -85.655701 5.000000 
-263.336212 428.339508 -83.844902 5.000000 
-264.709503 428.828613 -86.934402 5.000000 
-263.501312 427.742310 -91.323601 5.000000 
-261.877502 426.480499 -90.630302 5.000000 
-261.788910 428.829010 -93.276299 5.000000 
-263.846588 430.183502 -88.241798 5.000000 
-266.372803 426.129211 -90.349800 5.000000 
-263.113312 425.855804 -89.873901 5.000000 
-266.297485 428.279694 -87.787598 5.000000 
-265.756104 426.625610 -91.611900 5.000000 
-262.907013 425.859009 -91.892998 5.000000 
-264.550507 428.975891 -89.593597 5.000000 
-262.317505 427.509094 -86.449501 5.000000 
-262.964691 427.697205 -87.528397 5.000000 
-264.908386 429.141693 -89.300797 5.000000 
-266.639404 426.750702 -85.060204 5.000000 
-423.384399 481.053314 -118.244301 5.000000 
-423.809113 479.386993 -117.211304 5.000000 
-423.892487 478.313385 -121.570503 5.000000 
-419.267609 481.053894 -118.247101 5.000000 
-425.363708 478.658600 -116.085999 5.000000 
-423.555695 480.192688 -116.781097 5.000000 
-423.614197 479.139008 -116.171997 5.000000 
-424.610901 480.490692 -117.384903 5.000000 
-423.838409 479.953796 -116.659500 5.000000 
-425.147797 479.227997 -118.254303 5.000000 
-422.507599 480.081787 -117.593597 5.000000 
-424.684906 482.363312 -120.324799 5.000000 
-422.771088 481.466705 -118.708603 5.000000 
-423.044189 479.277588 -117.126404 5.000000 
-424.708588 480.899811 -119.863998 5.000000 
-424.806213 478.838196 -122.525200 5.000000 
-423.740997 481.904907 -118.467697 5.000000 
-425.218109 482.316010 -115.580200 5.000000 
-420.533295 479.395508 -122.809196 5.000000 
-424.164001 480.108795 -115.810501 5.000000 
-422.837891 480.296295 -120.355598 5.000000 
-423.022705 479.593597 -118.985603 5.000000 
-424.242615 478.912903 -120.635002 5.000000 
-423.357788 481.739197 -122.415398 5.000000 
-423.813110 479.174805 -122.661903 5.000000 
-423.277893 479.710114 -116.151703 5.000000 
-421.781708 482.163391 -118.678802 5.000000 
-425.734802 478.525604 -121.485603 5.000000 
-423.046509 479.597107 -114.918602 5.000000 
-424.024414 480.401306 -121.765602 5.000000 
-424.389496 481.778809 -120.204498 5.000000 
-420.252106 480.577515 -119.511398 5.000000 
-423.919586 480.449005 -118.834396 5.000000 
-424.042786 479.930695 -120.340599 5.000000 
-424.208496 479.004700 -122.539803 5.000000 
-421.066711 480.216095 -115.299400 5.000000 
-423.404510 481.489014 -118.870399 5.000000 
-421.636414 480.374786 -116.820396 5.000000 
-424.865509 478.454193 -117.231400 5.000000 
-423.363403 478.349609 -119.091003 5.000000 
-423.162415 479.383301 -119.146103 5.000000 
-422.489197 479.899109 -120.096001 5.000000 
-420.873688 475.745392 -117.544403 5.000000 
-423.467712 477.659393 -120.608002 5.000000 
-425.407806 480.156586 -115.381104 5.000000 
-419.504211 477.626587 -118.338799 5.000000 
-423.379211 481.138885 -116.502296 5.000000 
-423.276306 476.457214 -116.065399 5.000000 
-421.527405 477.989685 -118.667801 5.000000 
-421.915802 480.905090 -115.362801 5.000000 
-423.081604 477.786194 -115.788300 5.000000 
-422.050812 479.148102 -119.092300 5.000000 
-427.875702 479.441101 -116.146500 5.000000 
-421.670410 479.726715 -121.451698 5.000000 
-422.771790 479.268799 -116.950401 5.000000 
-424.621002 479.904785 -116.942398 5.000000 
-426.264099 478.822113 -117.794998 5.000000 
-426.126587 477.964813 -119.241898 5.000000 
-426.459503 478.326111 -118.834900 5.000000 
-421.661713 480.772797 -117.128304 5.000000 
-424.208405 477.924988 -115.646103 5.000000 
-424.227203 478.095093 -122.854401 5.000000 
-423.155609 479.559296 -115.435204 5.000000 
-423.930695 477.220306 -121.139000 5.000000 
-422.990112 477.996002 -122.320503 5.000000 
-423.408203 481.354889 -117.637497 5.000000 
-422.848999 480.173401 -119.068001 5.000000 
-422.313690 478.834412 -119.308296 5.000000 
-424.336487 480.294800 -120.236397 5.000000 
-423.489899 477.712006 -122.908699 5.000000 
-424.618011 479.142609 -116.644798 5.000000 
-422.042389 478.988403 -120.305397 5.000000 
-423.932587 480.139099 -115.595398 5.000000 
-427.063690 480.502411 -118.364403 5.000000 
-424.475006 481.814697 -116.123001 5.000000 
-424.103699 477.106903 -117.509201 5.000000 
-423.802002 478.786804 -117.111099 5.000000 
-423.383606 481.510986 -121.485298 5.000000 
-423.997406 479.600494 -118.256699 5.000000 
-423.467896 475.755188 -118.740700 5.000000 
-422.770111 478.401306 -116.258904 5.000000 
-422.365204 477.526306 -115.145103 5.000000 
-421.841614 480.143585 -117.268600 5.000000 
-423.052612 480.795685 -121.546898 5.000000 
-424.076508 478.399200 -114.406303 5.000000 
-420.970886 480.071198 -118.773300 5.000000 
-423.950104 479.252014 -117.766296 5.000000 
-422.657593 477.849091 -118.408798 5.000000 
-425.097595 478.315796 -118.565903 5.000000 
-423.666992 479.410706 -119.802101 5.000000 
-424.590515 475.667694 -121.291603 5.000000 
-423.575500 480.545807 -117.445503 5.000000 
-425.374207 480.792389 -119.040497 5.000000 
-426.824005 481.566589 -118.532097 5.000000 
-423.787109 477.581512 -116.019096 5.000000 
-419.753204 480.356506 -116.169403 5.000000 
-422.503693 479.036591 -120.269798 5.000000 
-423.919708 478.528015 -116.026802 5.000000 
-424.534912 479.285095 -121.196800 5.000000 
-421.044891 478.762695 -122.161797 5.000000 
-422.753906 480.694702 -121.064102 5.000000 
-425.955292 480.987091 -119.418503 5.000000 
-423.308502 476.600494 -116.785004 5.000000 
-424.105408 481.320892 -120.836197 5.000000 
-423.470703 477.527100 -115.003197 5.000000 
-423.548615 479.927307 -122.145599 5.000000 
-426.851898 481.105194 -117.713997 5.000000 
-424.681793 474.229706 -117.807800 5.000000 
-422.702789 479.309509 -117.666100 5.000000 
-422.636200 480.219910 -119.527496 5.000000 
-424.627808 481.399902 -119.095299 5.000000 
-423.589294 476.960907 -121.873299 5.000000 
-423.541901 479.469086 -120.616302 5.000000 
-426.131287 478.403198 -121.179901 5.000000 
-423.033295 479.248199 -116.738998 5.000000 
-424.592987 478.462311 -117.270500 5.000000 
-422.254700 479.661011 -118.394600 5.000000 
-423.776489 482.593597 -123.219597 5.000000 
-421.546509 481.175598 -118.153801 5.000000 
-422.041412 481.243805 -118.633202 5.000000 
-425.059113 479.642212 -122.775902 5.000000 
-422.903107 476.847504 -119.752800 5.000000 
-425.256897 480.352112 -120.451500 5.000000 
-423.063293 482.854797 -117.987198 5.000000 
-423.510315 480.507812 -119.878700 5.000000 
-422.650299 478.275787 -117.830299 5.000000 
-424.724701 479.785095 -118.024200 5.000000 
-424.086792 479.741394 -116.938499 5.000000 
-424.831696 477.523590 -116.653297 5.000000 
-423.074310 480.154205 -120.755898 5.000000 
-423.595093 478.243500 -118.583099 5.000000 
-424.775604 479.038086 -120.554802 5.000000 
-422.759888 478.993195 -117.829903 5.000000 
-423.394897 479.505096 -118.993797 5.000000 
-421.223694 480.582214 -117.135399 5.000000 
-422.576508 480.527496 -117.439598 5.000000 
-423.239685 479.156403 -123.812302 5.000000 
-424.345093 476.571899 -117.449600 5.000000 
-423.530212 479.417694 -120.929497 5.000000 
-423.490509 482.086090 -121.920303 5.000000 
-422.589203 480.037292 -121.192299 5.000000 
-426.476105 480.061493 -117.856598 5.000000 
-423.403687 479.187805 -122.916702 5.000000 
-423.714691 480.914612 -120.339104 5.000000 
-423.053101 477.735596 -119.553802 5.000000 
-423.870789 478.155090 -121.315002 5.000000 
-421.766602 479.363007 -117.573997 5.000000 
-423.432587 479.386292 -118.110497 5.000000 
-425.175201 481.051788 -121.621902 5.000000 
-422.549103 480.378906 -118.126404 5.000000 
-420.618805 477.666107 -119.299400 5.000000 
-424.282104 479.491791 -118.937302 5.000000 
-421.656097 479.630798 -119.178497 5.000000 
-423.536194 480.737091 -120.820503 5.000000 
-424.974915 478.026703 -121.565102 5.000000 
-425.891998 480.681610 -115.897301 5.000000 
-424.172607 476.464294 -118.955002 5.000000 
-423.098999 479.101501 -118.317101 5.000000 
-422.820312 477.647888 -119.217400 5.000000 
-423.612091 475.820007 -121.712700 5.000000 
-425.494385 479.363312 -116.359703 5.000000 
-422.431305 478.629486 -116.293098 5.000000 
-422.967896 480.056305 -116.180496 5.000000 
-423.790405 480.142487 -114.249603 5.000000 
-421.798889 479.944397 -117.889397 5.000000 
-422.636902 481.303894 -120.134102 5.000000 
-424.350006 478.172302 -119.570602 5.000000 
-421.936493 480.698914 -119.031898 5.000000 
-423.690094 477.663605 -118.516701 5.000000 
-423.198090 478.695709 -119.581001 5.000000 
-422.731995 480.145111 -118.342201 5.000000 
-423.090912 479.872894 -120.433296 5.000000 
-422.591797 481.759613 -118.762901 5.000000 
-423.949310 480.907288 -119.825996 5.000000 
-419.413208 476.091888 -116.585297 5.000000 
-425.751892 478.587891 -116.257500 5.000000 
-425.437500 480.546204 -117.718399 5.000000 
-422.170197 478.638000 -121.157402 5.000000 
-425.874908 476.416809 -121.988998 5.000000 
-424.476013 478.668213 -116.000900 5.000000 
-421.388214 479.143707 -122.346199 5.000000 
-423.844208 478.233490 -117.309998 5.000000 
-423.998108 479.222412 -117.756798 5.000000 
-422.708191 479.602997 -120.154503 5.000000 
-422.678101 479.694794 -119.600998 5.000000 
-425.016296 481.632294 -119.106499 5.000000 
-421.568512 479.693207 -120.636902 5.000000 
-421.735901 475.773499 -122.214798 5.000000 
-422.882111 481.244904 -118.327797 5.000000 
-421.796814 479.212097 -122.127602 5.000000 
-424.914215 480.461700 -119.285896 5.000000 
-419.557098 478.190796 -118.525002 5.000000 
-425.709900 480.484314 -113.981796 5.000000 
-422.188110 477.959015 -119.309700 5.000000 
-421.249786 479.631989 -123.672203 5.000000 
-425.686310 479.828491 -120.189903 5.000000 
-421.901093 479.994812 -118.498398 5.000000 
-423.123688 478.339508 -114.896301 5.000000 
-423.519012 476.873199 -119.039299 5.000000 
-421.823212 479.368591 -117.686203 5.000000 
-427.793396 481.204895 -121.110802 5.000000 
-423.869507 479.062714 -119.740501 5.000000 
-424.590607 480.852997 -119.420303 5.000000 
-423.718903 476.959991 -118.601501 5.000000 
-424.109009 478.997986 -118.844597 5.000000 
-423.185486 478.184814 -117.608902 5.000000 
-424.292694 479.412598 -117.058197 5.000000 
-421.835205 482.150513 -117.031700 5.000000 
-421.847809 479.521912 -115.528801 5.000000 
-423.153687 479.664398 -119.177803 5.000000 
-424.195496 480.947815 -122.593498 5.000000 
-422.001007 479.603485 -115.645599 5.000000 
-423.112305 480.527588 -118.387299 5.000000 
-422.712585 477.445190 -119.061897 5.000000 
-420.911804 479.722412 -119.279800 5.000000 
-426.632599 477.678589 -118.747704 5.000000 
-423.886414 481.317688 -117.732498 5.000000 
-359.223389 515.199219 -127.366501 5.000000 
-360.597198 509.206909 -125.065598 5.000000 
-361.698303 514.625977 -129.433502 5.000000 
-361.260712 511.790009 -126.804901 5.000000 
-360.715607 511.203094 -125.008499 5.000000 
-361.097290 513.746887 -125.831299 5.000000 
-360.453308 510.832397 -122.329102 5.000000 
-359.459106 510.601715 -124.297501 5.000000 
-360.544098 511.885315 -127.403801 5.000000 
-359.844391 513.869629 -124.976097 5.000000 
-358.541595 512.741394 -125.269897 5.000000 
-359.248291 510.035889 -126.330803 5.000000 
-362.139313 513.780884 -126.041397 5.000000 
-361.370392 514.668091 -122.423401 5.000000 
-362.612000 511.411713 -126.999802 5.000000 
-360.363892 513.294983 -124.659401 5.000000 
-363.513702 514.955811 -123.916901 5.000000 
-361.013306 513.511292 -127.533096 5.000000 
-360.313293 512.355225 -124.719803 5.000000 
-365.233398 511.505188 -123.990097 5.000000 
-361.005615 512.357788 -126.466202 5.000000 
-363.304108 510.630798 -126.973396 5.000000 
-358.855408 512.716797 -127.759697 5.000000 
-359.303406 511.283295 -125.450996 5.000000 
-360.295807 515.696228 -128.246307 5.000000 
-358.321594 514.365173 -126.957100 5.000000 
-358.198914 511.732910 -131.039001 5.000000 
-359.375488 513.988403 -127.196701 5.000000 
-360.441315 513.795105 -127.805901 5.000000 
-360.017792 511.925293 -128.494995 5.000000 
-361.531097 511.276398 -128.184097 5.000000 
-359.655304 511.058502 -124.473297 5.000000 
-360.876099 513.911499 -123.243797 5.000000 
-361.349915 514.737793 -124.035599 5.000000 
-358.514099 512.855103 -121.832802 5.000000 
-359.546204 513.021179 -119.104202 5.000000 
-362.560303 511.452789 -124.555099 5.000000 
-358.209991 515.272278 -122.332001 5.000000 
-360.769287 512.768494 -123.213699 5.000000 
-359.924713 512.507324 -121.843803 5.000000 
-359.418793 515.790100 -125.719002 5.000000 
-363.745087 512.152527 -123.346100 5.000000 
-359.237091 511.297791 -120.755898 5.000000 
-358.049591 512.843384 -128.693405 5.000000 
-360.089386 508.919098 -126.305298 5.000000 
-359.657593 511.174011 -125.116699 5.000000 
-360.464600 511.114197 -123.995300 5.000000 
-361.440094 511.934296 -125.103699 5.000000 
-362.765015 514.624695 -125.472099 5.000000 
-360.282501 512.514709 -125.138397 5.000000 
-359.239685 514.581604 -130.016205 5.000000 
-360.656586 515.698914 -124.546799 5.000000 
-360.856293 512.766479 -125.087097 5.000000 
-363.245209 511.289490 -126.207901 5.000000 
-360.960693 512.087830 -125.241600 5.000000 
-361.382690 509.548401 -130.483398 5.000000 
-361.783112 510.776398 -124.666702 5.000000 
-364.221100 515.827271 -124.425797 5.000000 
-361.063812 511.839111 -124.054497 5.000000 
-360.755707 513.611084 -126.894302 5.000000 
-357.220398 512.350220 -127.944099 5.000000 
-359.955414 513.911194 -127.481102 5.000000 
-360.235809 513.687317 -126.258301 5.000000 
-361.056000 511.138611 -127.304199 5.000000 
-361.196411 513.129883 -124.616798 5.000000 
-363.874390 512.024170 -124.010300 5.000000 
-359.393494 514.759277 -123.087898 5.000000 
-361.353485 510.727295 -125.541100 5.000000 
-360.670990 511.787292 -123.318298 5.000000 
-360.037109 513.750671 -126.474602 5.000000 
-361.959106 514.641113 -125.524101 5.000000 
-359.292511 511.339386 -124.408501 5.000000 
-361.037201 513.379028 -123.717796 5.000000 
-360.174896 512.642395 -128.219498 5.000000 
-358.870087 514.071594 -123.194603 5.000000 
-359.189697 511.456390 -125.488403 5.000000 
-359.369293 511.642914 -127.050003 5.000000 
-358.148804 513.832275 -128.029602 5.000000 
-359.865814 511.234100 -126.821999 5.000000 
-361.665497 512.815491 -124.454002 5.000000 
-363.380493 512.713318 -120.604698 5.000000 
-360.481598 511.803314 -127.249603 5.000000 
-360.020111 513.573486 -127.753304 5.000000 
-359.114685 512.962280 -122.752701 5.000000 
-360.029114 510.867615 -124.630997 5.000000 
-359.263885 514.057312 -126.563103 5.000000 
-362.495514 512.731201 -123.186798 5.000000 
-360.353790 512.633606 -124.360001 5.000000 
-361.845306 511.680603 -125.247597 5.000000 
-363.190887 514.742798 -125.833900 5.000000 
-360.045410 515.832886 -126.193604 5.000000 
-361.355011 512.359192 -124.601601 5.000000 
-360.964691 511.114410 -123.747498 5.000000 
-360.135986 514.576416 -122.449799 5.000000 
-361.495789 514.004517 -121.937302 5.000000 
-358.997986 514.948792 -125.654800 5.000000 
-357.644989 512.807373 -120.827797 5.000000 
-361.179993 513.063599 -121.325996 5.000000 
-359.683685 511.546204 -124.824097 5.000000 
-361.434113 511.348785 -124.226303 5.000000 
-358.902588 512.747925 -128.390396 5.000000 
-361.882111 513.618591 -126.624496 5.000000 
-359.057007 512.679993 -124.786400 5.000000 
-361.891602 513.700195 -128.126404 5.000000 
-361.556610 513.699707 -126.376503 5.000000 
-359.757904 513.475220 -126.534401 5.000000 
-359.528992 513.152893 -125.722603 5.000000 
-361.001190 511.458008 -128.578598 5.000000 
-361.522491 515.231689 -128.239105 5.000000 
-359.694092 512.391785 -124.612801 5.000000 
-358.481689 509.878113 -121.955299 5.000000 
-357.614105 512.956726 -121.479301 5.000000 
-360.174805 513.332092 -124.142799 5.000000 
-361.071106 511.629303 -128.643799 5.000000 
-361.286102 512.570312 -123.818001 5.000000 
-360.367096 512.188904 -130.878098 5.000000 
-359.228088 513.805176 -126.669701 5.000000 
-359.785614 512.612793 -123.954697 5.000000 
-363.416504 512.873596 -126.931503 5.000000 
-360.868011 513.236206 -127.996399 5.000000 
-358.304504 511.760193 -127.111900 5.000000 
-360.225006 512.585693 -124.120300 5.000000 
-360.905212 512.708313 -124.956802 5.000000 
-358.282501 512.063293 -126.051498 5.000000 
-360.453003 512.826721 -123.281403 5.000000 
-360.282410 511.276794 -121.761101 5.000000 
-357.686798 511.948608 -128.647507 5.000000 
-359.362488 512.655273 -124.936401 5.000000 
-360.025787 509.207001 -122.291397 5.000000 
-361.105804 510.562500 -126.221001 5.000000 
-360.258698 510.927612 -129.505203 5.000000 
-359.389587 513.226807 -123.327904 5.000000 
-362.024597 515.242676 -128.808395 5.000000 
-360.630310 512.641479 -124.945000 5.000000 
-358.776886 512.616089 -125.425102 5.000000 
-357.507812 511.799805 -127.138702 5.000000 
-363.119812 512.731506 -124.970596 5.000000 
-359.626312 510.010712 -126.007301 5.000000 
-360.631805 512.926025 -126.319901 5.000000 
-360.360291 513.960022 -125.836098 5.000000 
-360.404297 515.808899 -126.435699 5.000000 
-359.357086 512.492188 -127.060799 5.000000 
-361.048309 512.898682 -125.928703 5.000000 
-360.600708 514.007385 -124.628998 5.000000 
-362.219604 511.548096 -124.542801 5.000000 
-363.030701 512.884827 -125.843803 5.000000 
-359.795197 514.514893 -124.538498 5.000000 
-359.538788 510.892090 -123.593697 5.000000 
-360.611115 512.265930 -127.539497 5.000000 
-359.585785 510.973389 -123.493301 5.000000 
-361.713898 510.687195 -122.372498 5.000000 
-362.696106 510.325104 -121.224998 5.000000 
-363.138611 513.932495 -123.835197 5.000000 
-360.129211 512.990173 -124.222801 5.000000 
-358.804810 513.875671 -123.910698 5.000000 
-363.562286 511.785614 -124.749001 5.000000 
-360.587494 516.000977 -127.140297 5.000000 
-359.128906 514.044678 -126.518402 5.000000 
-357.788910 513.840698 -126.920998 5.000000 
-359.651703 512.049988 -122.125801 5.000000 
-360.859589 511.939209 -124.472702 5.000000 
-356.175995 510.806213 -128.884293 5.000000 
-363.263397 512.936584 -124.437401 5.000000 
-360.325104 510.722992 -121.691101 5.000000 
-362.048004 514.000488 -122.818001 5.000000 
-360.603210 512.054993 -127.674896 5.000000 
-359.040314 512.758484 -126.079300 5.000000 
-361.585907 512.469177 -128.618805 5.000000 
-359.245514 513.145996 -125.554703 5.000000 
-359.741211 512.005981 -126.366402 5.000000 
-361.437012 512.254578 -124.065002 5.000000 
-359.950592 514.080200 -127.341301 5.000000 
-360.624695 512.072693 -126.750298 5.000000 
-359.877808 513.593628 -125.301498 5.000000 
-361.788605 508.427307 -121.673500 5.000000 
-361.144104 511.448608 -127.357201 5.000000 
-360.647888 511.768585 -125.626297 5.000000 
-361.348907 510.945312 -125.626503 5.000000 
-363.264801 513.500000 -124.148804 5.000000 
-357.906799 510.054688 -124.472900 5.000000 
-359.048706 516.579773 -128.517395 5.000000 
-360.943115 513.190186 -129.485199 5.000000 
-361.435486 511.166687 -124.784897 5.000000 
-360.811401 512.824585 -124.511299 5.000000 
-362.334900 510.573914 -125.057999 5.000000 
-360.857300 510.097412 -127.398102 5.000000 
-359.929291 513.599976 -129.387299 5.000000 
-359.608093 512.645203 -127.151802 5.000000 
-359.180389 510.651306 -125.897202 5.000000 
-359.402100 511.293396 -125.768898 5.000000 
-358.708405 510.785004 -122.917503 5.000000 
-360.576599 511.519287 -131.942001 5.000000 
-361.033386 511.623993 -127.306801 5.000000 
-359.970398 514.880005 -125.292503 5.000000 
-363.862213 509.822388 -125.264702 5.000000 
-358.640289 514.235596 -126.641998 5.000000 
-362.534302 513.328491 -124.243202 5.000000 
-359.961609 510.405304 -119.416100 5.000000 
-359.765594 512.130676 -124.767799 5.000000 
-357.852509 514.915405 -126.986099 5.000000 
-362.046387 512.143494 -125.493896 5.000000 
-360.219208 512.299927 -126.023003 5.000000 
-359.670990 512.011475 -126.539398 5.000000 
-363.336792 510.887787 -126.042603 5.000000 
-359.858490 510.480011 -127.760399 5.000000 
-358.726501 512.417297 -122.816704 5.000000 
-361.274597 512.971008 -124.986702 5.000000 
-358.869995 513.990906 -123.948799 5.000000 
-360.153992 516.459595 -122.522202 5.000000 
-361.719788 513.447998 -123.045502 5.000000 
-359.401093 516.248596 -123.176598 5.000000 
-360.177490 514.981201 -126.931702 5.000000 
-363.451691 512.480408 -126.210800 5.000000 
-356.700287 511.513092 -124.592499 5.000000 
-358.965515 511.363312 -128.861298 5.000000 
-359.088104 513.387207 -131.768707 5.000000 
-358.881195 513.352417 -123.274803 5.000000 
-315.508698 496.896210 -121.116096 5.000000 
-317.619110 498.984711 -118.721901 5.000000 
-317.578094 497.290009 -119.074898 5.000000 
-319.627899 496.507599 -122.020798 5.000000 
-319.143494 495.689209 -119.303299 5.000000 
-319.389893 495.119904 -119.953003 5.000000 
-321.614899 497.605804 -117.268402 5.000000 
-319.622803 496.892395 -116.250801 5.000000 
-321.664001 495.053711 -115.440201 5.000000 
-317.908203 496.143005 -112.380402 5.000000 
-317.517487 497.499603 -116.248596 5.000000 
-319.150787 497.447601 -120.627602 5.000000 
-321.441315 497.123413 -115.143097 5.000000 
-319.368103 495.679504 -116.873802 5.000000 
-321.495605 500.735901 -115.054298 5.000000 
-317.272095 495.880615 -117.542397 5.000000 
-316.998291 495.767303 -118.546700 5.000000 
-319.305786 494.677185 -117.958397 5.000000 
-320.199493 495.817596 -116.847900 5.000000 
-319.685608 494.850098 -114.014900 5.000000 
-319.727997 496.978302 -116.410698 5.000000 
-319.286591 497.462006 -120.206100 5.000000 
-319.052399 498.493896 -118.981598 5.000000 
-317.627899 497.007812 -117.676003 5.000000 
-319.852997 498.667603 -112.991699 5.000000 
-320.277496 494.140289 -115.528503 5.000000 
-317.807098 498.011902 -114.771400 5.000000 
-318.128815 496.031006 -113.883598 5.000000 
-316.069000 495.686005 -118.484398 5.000000 
-319.827515 495.692200 -116.429901 5.000000 
-318.175110 496.419403 -117.219498 5.000000 
-318.757904 499.292511 -119.195999 5.000000 
-319.903107 495.765594 -112.804703 5.000000 
-319.533203 495.169403 -115.831802 5.000000 
-318.761505 497.448303 -119.279701 5.000000 
-319.749390 498.171600 -118.408501 5.000000 
-319.209503 497.897400 -112.821198 5.000000 
-319.230591 495.034393 -116.433197 5.000000 
-318.971985 497.240814 -115.338898 5.000000 
-317.975098 496.636993 -118.162697 5.000000 
-319.412506 497.822906 -119.678902 5.000000 
-319.280090 499.024994 -116.519203 5.000000 
-317.831787 498.384003 -116.110901 5.000000 
-318.914093 495.003113 -120.076202 5.000000 
-319.166901 497.698090 -114.173203 5.000000 
-319.682098 495.726013 -117.989700 5.000000 
-320.071198 494.655701 -115.093300 5.000000 
-319.789490 496.925110 -115.091698 5.000000 
-318.947113 494.045288 -118.088997 5.000000 
-320.745209 494.373901 -119.954597 5.000000 
-317.547394 496.541992 -115.165199 5.000000 
-318.383698 495.749695 -114.896103 5.000000 
-319.900909 498.294098 -117.119499 5.000000 
-319.249207 493.747406 -119.159798 5.000000 
-322.470490 497.412292 -117.129402 5.000000 
-321.334686 494.392090 -112.383400 5.000000 
-320.973602 494.334503 -116.136597 5.000000 
-318.049103 496.222504 -112.111000 5.000000 
-321.124512 496.335602 -118.170403 5.000000 
-319.713409 499.312103 -117.375504 5.000000 
-318.595703 498.669708 -118.540001 5.000000 
-316.930115 498.068512 -116.431503 5.000000 
-318.100189 495.248505 -116.312698 5.000000 
-315.781708 496.281494 -117.744499 5.000000 
-318.779999 496.684113 -112.266899 5.000000 
-316.964996 497.213501 -113.707497 5.000000 
-315.310211 496.890198 -117.104103 5.000000 
-318.608002 496.104492 -114.028000 5.000000 
-321.370697 497.122711 -120.783096 5.000000 
-320.151306 496.530090 -115.886497 5.000000 
-319.382690 499.592285 -122.257202 5.000000 
-316.496704 498.749390 -118.317101 5.000000 
-318.988007 494.006012 -117.555496 5.000000 
-319.190796 494.396515 -113.198097 5.000000 
-319.044891 497.604187 -112.762703 5.000000 
-318.484100 496.626801 -117.284698 5.000000 
-321.554108 494.519501 -114.935402 5.000000 
-318.029297 496.372314 -115.484299 5.000000 
-318.200592 494.506805 -117.253700 5.000000 
-318.094788 497.531097 -114.549500 5.000000 
-316.871490 496.332214 -118.396896 5.000000 
-319.458893 496.870087 -115.218201 5.000000 
-319.796692 495.041504 -118.364799 5.000000 
-318.147400 496.589508 -118.236298 5.000000 
-318.149689 497.459015 -116.858902 5.000000 
-319.037201 494.730713 -115.703499 5.000000 
-320.460602 498.003815 -117.946999 5.000000 
-321.561493 496.872101 -115.387703 5.000000 
-318.576996 495.280212 -116.870399 5.000000 
-321.364990 495.928711 -119.318497 5.000000 
-320.700897 496.728302 -118.467796 5.000000 
-315.321289 497.076904 -118.995697 5.000000 
-318.983612 499.097290 -119.853897 5.000000 
-320.809906 495.713013 -115.030403 5.000000 
-319.279999 494.022186 -118.596100 5.000000 
-318.143799 496.965210 -116.423302 5.000000 
-321.723206 496.862915 -110.377701 5.000000 
-317.029694 495.113586 -117.926598 5.000000 
-319.954193 495.076202 -114.899399 5.000000 
-318.976593 498.608612 -118.453796 5.000000 
-317.209686 496.953888 -115.307602 5.000000 
-319.848297 498.610687 -120.360497 5.000000 
-317.647095 497.158905 -115.966599 5.000000 
-319.115204 499.336792 -119.200401 5.000000 
-320.348511 497.563385 -112.417198 5.000000 
-319.333191 496.673798 -119.100998 5.000000 
-317.988708 496.969208 -119.110001 5.000000 
-317.874603 495.212494 -113.824600 5.000000 
-319.740387 493.646301 -118.769501 5.000000 
-317.021393 496.856598 -117.768799 5.000000 
-319.091797 495.738007 -119.186501 5.000000 
-317.714111 496.648590 -116.779198 5.000000 
-317.462311 498.087494 -114.530800 5.000000 
-322.758789 497.339508 -117.034103 5.000000 
-316.183197 496.750610 -116.533798 5.000000 
-318.684906 497.574310 -118.386101 5.000000 
-318.919312 498.135895 -117.252602 5.000000 
-317.865112 497.160309 -113.892601 5.000000 
-317.294403 497.459595 -120.972801 5.000000 
-319.142914 499.816101 -118.032501 5.000000 
-318.663788 497.301910 -116.005600 5.000000 
-317.294006 494.727600 -116.600899 5.000000 
-319.359192 495.525513 -117.462700 5.000000 
-318.204590 495.199097 -117.132401 5.000000 
-320.383789 495.413513 -114.589104 5.000000 
-320.364014 497.929413 -116.884499 5.000000 
-317.503296 497.950989 -117.908699 5.000000 
-317.159393 497.650604 -115.543503 5.000000 
-318.387390 496.554108 -116.807098 5.000000 
-318.743988 497.496002 -116.893600 5.000000 
-318.228790 497.644897 -119.835403 5.000000 
-315.997101 498.308899 -118.729103 5.000000 
-317.892090 495.552094 -118.855598 5.000000 
-316.024292 496.886108 -115.627701 5.000000 
-318.881500 494.411499 -115.967201 5.000000 
-314.671997 496.197388 -117.246803 5.000000 
-317.564911 496.576813 -120.295303 5.000000 
-319.719391 495.933990 -116.069199 5.000000 
-316.964996 495.603302 -120.376900 5.000000 
-317.846313 495.375397 -113.905899 5.000000 
-317.281494 496.941101 -116.237602 5.000000 
-318.864014 490.494202 -116.175400 5.000000 
-317.959198 495.597290 -117.791801 5.000000 
-317.548187 497.480499 -114.932899 5.000000 
-318.114410 496.651886 -116.437599 5.000000 
-318.878296 494.650909 -117.986801 5.000000 
-318.316803 495.259308 -117.407303 5.000000 
-318.463593 496.899811 -113.774498 5.000000 
-317.728394 494.911499 -121.692802 5.000000 
-318.775085 496.565491 -114.833801 5.000000 
-321.104004 496.139099 -117.512497 5.000000 
-318.693695 497.161499 -116.558296 5.000000 
-321.823486 495.751404 -112.225403 5.000000 
-315.695892 495.749786 -116.072403 5.000000 
-317.639801 497.008301 -117.212303 5.000000 
-319.721405 495.273407 -115.661499 5.000000 
-318.402710 497.925293 -114.058197 5.000000 
-320.381714 497.751709 -115.067497 5.000000 
-317.665588 497.202087 -117.725700 5.000000 
-317.255798 498.246796 -119.485397 5.000000 
-322.881012 494.419708 -115.536903 5.000000 
-319.709991 493.680603 -117.349403 5.000000 
-320.544586 496.137604 -115.626801 5.000000 
-318.253601 495.402313 -115.851898 5.000000 
-319.981812 499.552094 -113.771698 5.000000 
-321.259888 495.989502 -120.421600 5.000000 
-319.115814 496.510406 -116.208603 5.000000 
-319.790710 496.720215 -117.529800 5.000000 
-321.569092 497.970215 -115.584396 5.000000 
-317.516205 496.273193 -120.294800 5.000000 
-319.275391 494.570190 -116.284401 5.000000 
-319.807495 498.070709 -115.243698 5.000000 
-321.938293 497.830505 -119.676804 5.000000 
-318.565887 496.548004 -120.698997 5.000000 
-315.962708 496.167999 -118.405899 5.000000 
-318.285889 497.148407 -117.940201 5.000000 
-318.213715 495.924011 -113.537498 5.000000 
-321.076294 492.658600 -117.201698 5.000000 
-319.985992 496.826111 -114.263397 5.000000 
-319.518585 496.535309 -115.478897 5.000000 
-320.017395 495.875702 -117.558502 5.000000 
-318.502808 496.348511 -115.114998 5.000000 
-316.511200 496.242706 -114.267899 5.000000 
-319.303589 496.452698 -115.105698 5.000000 
-316.871094 498.218597 -115.867401 5.000000 
-318.082611 496.838196 -118.762001 5.000000 
-320.041199 495.041107 -117.771500 5.000000 
-316.266693 497.141388 -117.361702 5.000000 
-320.869507 496.961395 -118.254303 5.000000 
-318.524902 496.135498 -115.880699 5.000000 
-318.179413 494.916809 -117.777199 5.000000 
-318.032898 500.197205 -113.857498 5.000000 
-318.683990 497.489288 -119.053398 5.000000 
-319.744507 496.303711 -117.423401 5.000000 
-317.877411 495.380707 -116.269798 5.000000 
-322.107788 498.432190 -120.230698 5.000000 
-319.216705 498.845001 -118.021500 5.000000 
-320.499695 495.406708 -118.762398 5.000000 
-317.077515 496.610687 -119.339897 5.000000 
-320.117401 496.896515 -120.749199 5.000000 
-316.780090 495.053009 -117.268600 5.000000 
-318.661285 495.899200 -118.038597 5.000000 
-318.308197 496.597412 -114.486397 5.000000 
-321.234711 495.542999 -117.390999 5.000000 
-318.371887 497.502197 -117.862900 5.000000 
-318.283112 496.420685 -116.790001 5.000000 
-320.346100 497.978912 -117.931999 5.000000 
-315.168304 495.570099 -119.972702 5.000000 
-318.801208 494.323090 -114.133102 5.000000 
-318.872894 495.178802 -114.106796 5.000000 
-318.738495 498.301697 -117.240601 5.000000 
-317.584290 495.127014 -118.289597 5.000000 
-318.234009 496.813995 -115.735497 5.000000 
-319.602997 495.423401 -115.217796 5.000000 
-317.119202 495.510498 -116.807198 5.000000 
-319.161713 497.604797 -115.134598 5.000000 
-406.316589 449.622711 -110.674103 5.000000 
-405.453308 445.932800 -107.482300 5.000000 
-408.943695 446.157715 -107.506500 5.000000 
-407.462006 446.836914 -108.983398 5.000000 
-407.213013 448.589111 -104.610802 5.000000 
-408.093292 445.967102 -105.026703 5.000000 
-409.607910 447.975311 -103.195000 5.000000 
-409.873291 447.882812 -105.706902 5.000000 
-410.169189 445.775696 -105.125603 5.000000 
-410.362305 447.306610 -106.748901 5.000000 
-410.970795 448.932709 -108.808601 5.000000 
-405.550903 448.245605 -107.464302 5.000000 
-408.534912 445.135895 -107.694504 5.000000 
-407.764801 448.748993 -107.553497 5.000000 
-405.529114 450.210205 -106.447601 5.000000 
-407.720215 448.302612 -102.399696 5.000000 
-407.000305 448.589386 -105.420197 5.000000 
-408.598389 448.391693 -102.218697 5.000000 
-406.329712 448.846191 -107.146797 5.000000 
-410.345612 446.550812 -104.969002 5.000000 
-408.095612 446.115204 -104.542198 5.000000 
-407.921112 448.507111 -102.819603 5.000000 
-411.045105 447.585388 -104.245697 5.000000 
-407.211914 445.190308 -102.354797 5.000000 
-407.181000 446.227509 -102.727898 5.000000 
-409.135986 449.309204 -105.013100 5.000000 
-408.512085 449.512512 -106.347801 5.000000 
-408.252106 449.524597 -108.076897 5.000000 
-408.391205 446.187195 -105.914200 5.000000 
-408.585510 447.430389 -103.238800 5.000000 
-407.141113 448.058289 -104.522301 5.000000 
-410.597107 446.285187 -108.105003 5.000000 
-407.906311 448.227997 -105.529503 5.000000 
-405.885315 448.418304 -105.842300 5.000000 
-408.256714 447.487305 -107.433998 5.000000 
-405.605408 446.109100 -108.601303 5.000000 
-409.478607 445.367615 -103.273201 5.000000 
-407.876587 445.586792 -104.074303 5.000000 
-407.726196 447.208405 -103.550903 5.000000 
-407.741486 446.030701 -110.273201 5.000000 
-406.973694 444.530212 -105.178398 5.000000 
-405.545593 449.100494 -103.060204 5.000000 
-407.393097 447.398499 -106.384903 5.000000 
-407.301392 448.666992 -102.970100 5.000000 
-409.156799 448.309906 -105.791603 5.000000 
-407.926910 446.433289 -105.016197 5.000000 
-409.431000 448.607697 -106.279099 5.000000 
-409.033508 445.298401 -104.046303 5.000000 
-408.807587 448.767487 -107.792099 5.000000 
-406.130707 448.380310 -109.769501 5.000000 
-410.371796 448.343201 -106.721298 5.000000 
-405.794006 444.771301 -107.127998 5.000000 
-407.724792 445.461090 -104.940201 5.000000 
-408.326202 446.838196 -106.218903 5.000000 
-406.133698 445.589813 -109.742104 5.000000 
-407.528412 447.630310 -107.357903 5.000000 
-405.704193 447.045685 -103.696800 5.000000 
-408.628906 444.407013 -106.891296 5.000000 
-409.242493 446.006012 -105.017197 5.000000 
-408.974792 448.142792 -102.376503 5.000000 
-409.097504 450.859497 -106.879097 5.000000 
-407.703888 447.599304 -104.736900 5.000000 
-409.064209 445.740601 -103.713203 5.000000 
-408.642212 446.658508 -108.446701 5.000000 
-404.918091 446.651886 -104.969704 5.000000 
-405.774292 446.167908 -107.426697 5.000000 
-409.876709 447.284607 -105.668503 5.000000 
-407.444305 450.076385 -104.392601 5.000000 
-407.994598 447.271912 -103.900299 5.000000 
-406.800415 448.716187 -109.249496 5.000000 
-407.134888 446.744385 -103.622597 5.000000 
-410.390686 444.925415 -106.282204 5.000000 
-406.911896 448.154907 -104.279297 5.000000 
-408.969696 447.547607 -108.885399 5.000000 
-410.152008 446.615814 -106.557098 5.000000 
-408.789886 447.295898 -107.484200 5.000000 
-407.339111 446.215698 -104.463097 5.000000 
-409.829498 446.214294 -106.026802 5.000000 
-407.521912 447.669708 -105.696800 5.000000 
-406.908691 446.707489 -106.907303 5.000000 
-406.396790 447.105103 -108.276001 5.000000 
-408.694092 448.847900 -104.378799 5.000000 
-408.657104 447.286102 -104.964699 5.000000 
-405.819214 446.343414 -104.662697 5.000000 
-409.234009 447.869995 -103.751198 5.000000 
-407.665405 445.397705 -109.590599 5.000000 
-409.361298 447.019501 -103.255898 5.000000 
-405.919495 448.844696 -104.390999 5.000000 
-406.272491 449.393188 -107.765198 5.000000 
-411.489410 447.202911 -106.410004 5.000000 
-408.385315 449.344208 -103.322899 5.000000 
-411.353607 448.447601 -107.426003 5.000000 
-406.668396 444.344391 -104.051201 5.000000 
-408.153503 446.714294 -105.343498 5.000000 
-406.991913 446.725586 -105.645401 5.000000 
-408.182709 450.508087 -105.171997 5.000000 
-406.764587 446.739807 -110.066704 5.000000 
-405.516693 445.114105 -106.570602 5.000000 
-406.693604 445.602509 -107.242203 5.000000 
-406.660797 448.689789 -106.971497 5.000000 
-407.979614 443.649902 -104.323196 5.000000 
-406.759888 446.739807 -101.651100 5.000000 
-406.598785 447.284302 -106.412598 5.000000 
-408.010712 446.217499 -106.081596 5.000000 
-407.711304 446.898804 -105.211403 5.000000 
-407.125610 445.109711 -106.208702 5.000000 
-406.465393 448.490387 -102.601097 5.000000 
-407.863586 449.896393 -108.100304 5.000000 
-409.289001 448.498291 -105.773903 5.000000 
-405.630615 447.246613 -105.538200 5.000000 
-409.468109 445.726898 -107.209297 5.000000 
-405.912689 447.886292 -105.316399 5.000000 
-408.896301 448.340698 -109.577499 5.000000 
-410.066895 445.988892 -105.935699 5.000000 
-409.172485 444.767303 -108.208801 5.000000 
-407.483704 448.238403 -104.559402 5.000000 
-408.193604 447.498596 -103.639503 5.000000 
-406.348694 447.635590 -105.087303 5.000000 
-410.720093 443.853485 -102.540001 5.000000 
-408.627686 447.694397 -101.877701 5.000000 
-407.466187 446.291992 -108.090897 5.000000 
-407.245209 447.411591 -104.259804 5.000000 
-409.106689 447.792786 -108.421402 5.000000 
-406.121704 446.504395 -108.475998 5.000000 
-407.367188 447.863098 -104.666000 5.000000 
-406.724304 446.684814 -107.457397 5.000000 
-409.113586 448.132202 -106.483597 5.000000 
-405.620087 445.540588 -105.057999 5.000000 
-407.540802 448.467987 -105.427498 5.000000 
-408.362091 447.214813 -106.753899 5.000000 
-408.233185 448.307892 -103.815804 5.000000 
-409.592499 446.927002 -109.306503 5.000000 
-406.718994 448.873413 -104.495598 5.000000 
-409.358490 450.279785 -105.650497 5.000000 
-405.043091 444.384308 -108.210999 5.000000 
-407.399689 447.614502 -110.846100 5.000000 
-408.222900 447.139709 -103.826897 5.000000 
-406.955688 447.871613 -104.716103 5.000000 
-406.698700 446.392914 -103.101997 5.000000 
-408.922699 449.188110 -102.654602 5.000000 
-409.399200 448.358704 -107.361099 5.000000 
-405.888306 447.203888 -107.934097 5.000000 
-408.755188 445.160309 -105.005898 5.000000 
-409.596802 446.944305 -103.293800 5.000000 
-406.143799 450.614014 -106.166801 5.000000 
-408.013489 447.799591 -106.498100 5.000000 
-407.541290 449.858002 -106.014198 5.000000 
-410.127686 445.825195 -107.521500 5.000000 
-411.585114 448.567596 -104.877098 5.000000 
-406.562408 448.567200 -107.433403 5.000000 
-406.642792 447.436401 -105.767601 5.000000 
-407.203003 448.368011 -103.695000 5.000000 
-407.627197 447.808411 -107.540199 5.000000 
-409.089813 448.647797 -109.854599 5.000000 
-407.814392 447.716187 -107.071198 5.000000 
-409.176910 446.667786 -107.990196 5.000000 
-409.073212 446.169891 -105.816902 5.000000 
-408.525085 448.682495 -104.841400 5.000000 
-406.414001 446.304199 -108.685799 5.000000 
-404.979706 445.824799 -106.483597 5.000000 
-406.132111 447.779785 -104.315498 5.000000 
-406.568604 448.545807 -104.858704 5.000000 
-406.496307 447.532898 -105.257103 5.000000 
-407.441986 448.404785 -108.075798 5.000000 
-406.599609 447.208588 -103.829201 5.000000 
-409.373108 447.232788 -107.421402 5.000000 
-408.090912 450.324310 -106.700798 5.000000 
-407.042603 447.936096 -100.822998 5.000000 
-405.507507 446.878113 -104.574997 5.000000 
-408.346008 445.986115 -106.415604 5.000000 
-408.193298 447.886414 -107.703102 5.000000 
-407.737396 448.110901 -108.456802 5.000000 
-409.740509 446.295502 -107.450302 5.000000 
-407.505402 450.560089 -105.704903 5.000000 
-407.567413 443.203705 -104.982697 5.000000 
-406.457001 446.367401 -104.115501 5.000000 
-405.116394 449.216888 -106.167397 5.000000 
-410.293396 450.783813 -107.830002 5.000000 
-407.989899 448.167206 -108.789398 5.000000 
-409.899109 448.043396 -106.875397 5.000000 
-406.944885 446.985107 -108.256203 5.000000 
-409.974915 445.948303 -104.283897 5.000000 
-406.398193 447.864990 -105.640099 5.000000 
-405.690308 447.908295 -109.764503 5.000000 
-411.752594 446.973694 -109.284897 5.000000 
-409.764313 445.553314 -107.978302 5.000000 
-409.032593 448.185791 -105.637100 5.000000 
-409.479095 447.693604 -109.891800 5.000000 
-407.018494 447.317200 -109.877502 5.000000 
-408.151794 448.280487 -103.559998 5.000000 
-411.024811 446.247406 -107.516998 5.000000 
-408.380402 447.611694 -102.990799 5.000000 
-406.006287 448.708405 -104.813004 5.000000 
-407.792603 446.883606 -107.542603 5.000000 
-408.203186 445.900513 -106.070999 5.000000 
-406.730713 447.047913 -102.968102 5.000000 
-408.654602 448.218994 -103.345497 5.000000 
-410.610596 447.337402 -108.521004 5.000000 
-406.982513 446.675995 -105.112701 5.000000 
-406.273712 447.302795 -105.992798 5.000000 
-406.103790 446.562714 -105.881798 5.000000 
-408.239197 450.157593 -105.773102 5.000000 
-407.549103 447.855011 -105.747299 5.000000 
-406.989014 446.464996 -107.150902 5.000000 
-409.214203 445.107513 -110.593597 5.000000 
-409.846710 447.948700 -107.268997 5.000000 
-408.636810 447.173004 -103.969398 5.000000 
-408.103302 446.641998 -107.767700 5.000000 
-407.081604 446.925415 -111.384003 5.000000 
-409.313110 447.811096 -104.933701 5.000000 
-406.757996 448.263092 -110.046600 5.000000 
-406.000000 447.274292 -104.808701 5.000000 
-409.207611 446.990295 -106.184601 5.000000 
-407.029999 447.958588 -107.281998 5.000000 
-406.399414 446.870789 -104.184601 5.000000 
-410.249603 446.824188 -104.136703 5.000000 
-407.163696 447.834595 -108.885201 5.000000 
-408.267090 448.776215 -102.951599 5.000000 
-338.983002 523.375977 -128.188904 5.000000 
-341.505707 524.174988 -128.307205 5.000000 
-336.987915 522.785889 -127.120399 5.000000 
-337.882385 522.865417 -131.907593 5.000000 
-338.999298 521.257996 -126.784401 5.000000 
-335.754303 522.082825 -128.555893 5.000000 
-339.204712 525.056030 -124.441597 5.000000 
-338.637909 525.005127 -132.833206 5.000000 
-338.332306 523.525391 -123.744102 5.000000 
-341.257294 522.977722 -121.834900 5.000000 
-337.849213 523.656006 -129.008301 5.000000 
-337.048615 522.882690 -126.128601 5.000000 
-338.440186 521.395081 -127.267097 5.000000 
-337.067200 522.858826 -129.252197 5.000000 
-337.690308 524.120605 -128.450104 5.000000 
-339.428406 523.286987 -127.034203 5.000000 
-337.459106 524.085876 -129.399200 5.000000 
-337.988800 522.809326 -129.540497 5.000000 
-337.255310 523.914307 -127.561302 5.000000 
-336.590912 522.378479 -125.858704 5.000000 
-339.143005 524.808777 -124.475899 5.000000 
-340.110413 522.441284 -122.005997 5.000000 
-339.684814 524.406189 -127.615700 5.000000 
-334.522491 522.789917 -126.063400 5.000000 
-336.029205 522.587402 -127.411598 5.000000 
-341.171295 523.671570 -128.076508 5.000000 
-339.179108 522.682373 -130.871506 5.000000 
-338.532898 524.704224 -130.589798 5.000000 
-336.662994 524.568604 -127.767998 5.000000 
-335.922913 523.095825 -126.675301 5.000000 
-337.561188 523.441895 -124.455902 5.000000 
-339.942291 521.663208 -126.329399 5.000000 
-338.186493 523.887085 -127.754501 5.000000 
-335.277191 523.190002 -128.587494 5.000000 
-341.390411 522.713379 -127.074501 5.000000 
-337.269104 521.915710 -130.302994 5.000000 
-337.841797 523.516418 -126.355003 5.000000 
-339.564209 524.876709 -125.422699 5.000000 
-337.154694 522.100098 -128.024200 5.000000 
-338.243500 526.065491 -129.878403 5.000000 
-337.178406 522.390808 -127.600601 5.000000 
-336.478485 524.566223 -123.798103 5.000000 
-337.477509 522.119690 -127.552902 5.000000 
-340.640594 522.559692 -131.075699 5.000000 
-337.469086 521.619995 -124.994003 5.000000 
-337.956787 520.737610 -125.724098 5.000000 
-339.193695 519.418030 -125.982300 5.000000 
-336.313599 523.156128 -128.786499 5.000000 
-338.943115 522.590576 -127.912399 5.000000 
-340.077606 524.402893 -130.039200 5.000000 
-339.603912 521.717590 -128.792999 5.000000 
-335.409912 523.362122 -127.098297 5.000000 
-338.567200 523.023987 -130.150101 5.000000 
-339.153412 522.891602 -127.775803 5.000000 
-334.876007 521.297791 -129.198395 5.000000 
-337.571686 523.064819 -124.927299 5.000000 
-337.535492 524.196777 -122.708603 5.000000 
-336.690887 524.505798 -127.810699 5.000000 
-336.906403 523.862183 -124.861397 5.000000 
-338.874908 518.908081 -127.748497 5.000000 
-338.057800 522.789978 -127.362801 5.000000 
-338.410889 522.602112 -129.207794 5.000000 
-339.631989 524.016479 -126.552200 5.000000 
-340.158691 520.946289 -119.825401 5.000000 
-340.649689 525.694580 -128.262802 5.000000 
-340.333801 523.510620 -127.904503 5.000000 
-338.049500 523.085327 -126.373901 5.000000 
-337.775604 522.107483 -130.963196 5.000000 
-338.372894 521.672180 -127.508499 5.000000 
-338.084412 523.749084 -124.140602 5.000000 
-336.473999 523.265320 -128.975998 5.000000 
-336.518799 522.823120 -127.776497 5.000000 
-337.647308 523.610291 -128.051193 5.000000 
-339.284393 523.969482 -125.849297 5.000000 
-337.643005 521.407776 -125.169502 5.000000 
-335.095612 523.919189 -125.601997 5.000000 
-338.638489 524.143799 -125.666901 5.000000 
-338.625305 521.917786 -127.299797 5.000000 
-337.915588 522.405212 -131.618500 5.000000 
-338.128113 523.388672 -128.069702 5.000000 
-339.552795 523.305908 -126.927399 5.000000 
-339.272308 521.833496 -130.193497 5.000000 
-336.492401 524.009216 -128.653900 5.000000 
-337.479095 522.352417 -125.729599 5.000000 
-339.675995 524.931824 -128.317596 5.000000 
-336.707397 521.828674 -129.501297 5.000000 
-338.279388 523.394409 -125.966103 5.000000 
-335.927887 525.040771 -128.884903 5.000000 
-336.765198 524.173096 -123.354202 5.000000 
-338.875092 523.812805 -123.976196 5.000000 
-338.014709 523.481079 -126.932198 5.000000 
-336.534607 523.284180 -127.706398 5.000000 
-338.875214 523.356201 -129.230804 5.000000 
-341.354492 525.151489 -126.800797 5.000000 
-335.720398 524.697388 -128.913803 5.000000 
-335.132812 520.963684 -129.924896 5.000000 
-338.228912 523.165894 -129.628906 5.000000 
-337.831299 520.914124 -125.688698 5.000000 
-336.625885 525.320984 -128.404694 5.000000 
-338.262390 523.723206 -123.286201 5.000000 
-339.361694 523.109314 -129.781799 5.000000 
-337.950592 523.733887 -125.503799 5.000000 
-337.828003 523.506714 -123.949203 5.000000 
-335.849213 524.537781 -126.088501 5.000000 
-338.885803 520.106079 -126.068901 5.000000 
-337.050201 522.088928 -129.927795 5.000000 
-338.709686 520.365173 -127.714302 5.000000 
-335.917999 521.724792 -124.840103 5.000000 
-339.067810 523.989624 -130.288605 5.000000 
-338.652588 522.163879 -126.408600 5.000000 
-337.365906 520.904480 -127.606102 5.000000 
-337.504700 521.685120 -129.378006 5.000000 
-336.756012 520.902100 -127.464401 5.000000 
-339.652008 521.947876 -125.823898 5.000000 
-337.850494 523.006409 -128.089493 5.000000 
-338.063812 523.542786 -130.372101 5.000000 
-338.470093 525.358826 -124.227402 5.000000 
-337.256897 522.686218 -131.056107 5.000000 
-338.296906 524.118225 -124.293602 5.000000 
-339.362488 524.235413 -126.445900 5.000000 
-338.356812 521.908325 -127.415199 5.000000 
-339.211090 522.083130 -125.303596 5.000000 
-336.022308 524.879822 -125.954300 5.000000 
-338.601013 522.748779 -128.326004 5.000000 
-338.617188 523.799683 -127.844299 5.000000 
-339.703613 525.426392 -129.761002 5.000000 
-337.939911 523.797729 -126.182098 5.000000 
-339.429901 524.570679 -126.688499 5.000000 
-338.018494 522.423279 -130.649994 5.000000 
-341.419495 523.531494 -126.389702 5.000000 
-338.769592 521.155823 -129.839401 5.000000 
-336.017395 522.263672 -127.237503 5.000000 
-339.775299 521.538879 -130.137100 5.000000 
-340.107513 523.221680 -126.605400 5.000000 
-340.293701 523.865112 -131.972107 5.000000 
-338.694397 523.785522 -124.687798 5.000000 
-339.272491 521.345581 -130.931702 5.000000 
-336.506989 524.557129 -127.130501 5.000000 
-335.709198 524.757507 -126.329399 5.000000 
-337.998413 523.513184 -128.647995 5.000000 
-338.663086 523.797913 -126.180397 5.000000 
-337.799103 523.580994 -127.481499 5.000000 
-340.670502 521.427429 -123.663399 5.000000 
-336.776886 523.909424 -131.002808 5.000000 
-340.182587 522.201782 -126.230598 5.000000 
-338.105011 522.721802 -126.012199 5.000000 
-337.351105 524.283020 -127.018799 5.000000 
-340.512787 520.871887 -127.046898 5.000000 
-336.958313 523.915527 -126.397102 5.000000 
-339.229889 524.208923 -126.271797 5.000000 
-338.492889 525.236511 -128.227402 5.000000 
-337.923187 523.798584 -127.616501 5.000000 
-336.620789 524.785278 -127.135002 5.000000 
-338.038788 522.757019 -123.309998 5.000000 
-338.964813 523.738403 -125.175400 5.000000 
-337.689911 522.809387 -127.972801 5.000000 
-336.672699 525.411377 -128.108704 5.000000 
-336.066010 520.354187 -128.049500 5.000000 
-338.451508 523.452820 -125.628502 5.000000 
-338.266998 523.392700 -127.909500 5.000000 
-338.594696 518.563171 -127.829597 5.000000 
-337.677399 522.959229 -134.036102 5.000000 
-335.827789 521.747681 -128.613403 5.000000 
-338.269287 520.794312 -128.414993 5.000000 
-339.754700 523.425476 -123.265900 5.000000 
-335.601990 521.486206 -125.614304 5.000000 
-338.627594 522.021606 -127.420898 5.000000 
-336.873810 523.501770 -127.148300 5.000000 
-338.580688 521.793823 -127.868896 5.000000 
-340.771210 523.724182 -127.606201 5.000000 
-338.712891 522.507202 -130.312897 5.000000 
-339.458496 524.398621 -123.804703 5.000000 
-336.449707 521.157715 -129.140106 5.000000 
-335.602295 523.793030 -127.720901 5.000000 
-334.085205 524.331421 -129.087006 5.000000 
-337.575104 519.732300 -127.240799 5.000000 
-338.192902 522.187378 -125.976700 5.000000 
-337.834503 524.674377 -128.972504 5.000000 
-335.770294 524.162109 -124.068901 5.000000 
-340.842499 523.666809 -126.601196 5.000000 
-337.382294 519.437012 -128.760605 5.000000 
-339.730804 523.745178 -124.089897 5.000000 
-337.604614 523.370911 -125.205704 5.000000 
-341.119293 523.982971 -126.414497 5.000000 
-336.734009 520.341980 -128.151306 5.000000 
-335.462585 521.312927 -133.436905 5.000000 
-336.000610 521.840027 -124.162003 5.000000 
-341.975311 522.972595 -129.504898 5.000000 
-342.074585 523.896484 -130.748001 5.000000 
-336.587311 521.385376 -124.706596 5.000000 
-336.933899 519.905701 -127.284302 5.000000 
-339.248413 522.091125 -125.390297 5.000000 
-336.940887 523.264099 -124.318298 5.000000 
-341.643799 523.321777 -128.916794 5.000000 
-340.186707 518.962524 -129.924103 5.000000 
-336.699402 522.809387 -130.219604 5.000000 
-337.980591 523.891174 -128.486801 5.000000 
-337.920410 523.582825 -127.674301 5.000000 
-337.947998 522.923523 -128.274994 5.000000 
-337.387604 523.216003 -125.785698 5.000000 
-338.127899 521.055176 -128.931900 5.000000 
-336.710693 522.701294 -126.714897 5.000000 
-338.595306 523.355713 -126.698799 5.000000 
-338.467285 524.259521 -125.488701 5.000000 
-338.466492 521.135498 -123.278503 5.000000 
-338.865112 522.978882 -131.075500 5.000000 
-340.772888 522.359924 -127.346397 5.000000 
-335.022186 522.513672 -129.151794 5.000000 
-337.851593 522.181824 -124.045700 5.000000 
-339.115112 523.718079 -126.572998 5.000000 
-339.688812 522.643494 -127.431000 5.000000 
-338.469513 523.739502 -121.755203 5.000000 
-339.141907 524.426514 -125.284798 5.000000 
-339.165405 521.377808 -126.696404 5.000000 
-338.163910 520.687683 -125.511002 5.000000 
-336.163605 522.668518 -122.595802 5.000000 
-337.218903 521.403198 -127.636398 5.000000 
-340.276703 519.368225 -128.244507 5.000000 
-323.989807 454.057312 -103.410500 5.000000 
-321.082611 455.067413 -99.939598 5.000000 
-323.821991 450.409393 -99.778900 5.000000 
-322.451691 451.401794 -103.281303 5.000000 
-324.281799 456.286102 -101.508102 5.000000 
-323.900787 452.120392 -99.762199 5.000000 
-322.336212 450.153595 -100.501602 5.000000 
-321.963196 449.709503 -104.408997 5.000000 
-324.128815 452.464203 -101.697701 5.000000 
-323.748901 452.252014 -103.212700 5.000000 
-322.738312 453.964203 -102.079002 5.000000 
-322.107910 451.596405 -102.057800 5.000000 
-322.963104 453.115112 -104.314796 5.000000 
-323.904602 453.384491 -99.264801 5.000000 
-324.491394 454.084412 -100.675697 5.000000 
-322.041107 452.632202 -105.676300 5.000000 
-322.646210 454.256805 -99.044800 5.000000 
-322.542999 452.731506 -102.565498 5.000000 
-323.202911 452.582306 -103.089897 5.000000 
-320.567810 453.798187 -100.629097 5.000000 
-323.469910 450.125305 -102.263702 5.000000 
-323.465302 449.411987 -101.281601 5.000000 
-322.808197 452.351501 -99.760498 5.000000 
-322.106812 451.855103 -97.761299 5.000000 
-324.548004 451.046692 -104.845703 5.000000 
-325.276489 453.506592 -101.876404 5.000000 
-322.481201 451.995087 -102.202103 5.000000 
-322.489410 452.082092 -99.981300 5.000000 
-326.694794 453.712006 -100.373596 5.000000 
-324.080688 452.071808 -96.828300 5.000000 
-320.613800 454.816406 -101.812401 5.000000 
-324.406006 453.951294 -101.326500 5.000000 
-322.858093 453.792694 -100.861000 5.000000 
-322.635101 452.799591 -101.726601 5.000000 
-325.763397 453.231903 -100.678200 5.000000 
-325.178802 450.585388 -102.595001 5.000000 
-324.077087 451.463989 -104.403099 5.000000 
-324.161011 456.032715 -97.452301 5.000000 
-322.466400 455.138306 -101.444298 5.000000 
-325.442596 451.228790 -103.027901 5.000000 
-323.220398 452.387787 -101.869797 5.000000 
-321.226990 450.991394 -101.445702 5.000000 
-323.764801 452.764191 -103.537300 5.000000 
-323.909790 453.069489 -99.006104 5.000000 
-323.312500 452.575409 -100.834999 5.000000 
-323.240814 453.212585 -97.562698 5.000000 
-321.710693 453.220612 -103.188202 5.000000 
-322.073212 453.618591 -99.335098 5.000000 
-320.221497 451.519806 -98.518898 5.000000 
-321.064392 452.082001 -101.036400 5.000000 
-321.876892 451.744507 -102.959000 5.000000 
-321.206512 451.349487 -100.969299 5.000000 
-322.467407 452.837708 -99.756699 5.000000 
-324.474915 452.694092 -101.494904 5.000000 
-323.141815 453.372589 -105.068001 5.000000 
-324.049500 450.960388 -97.094299 5.000000 
-320.620514 451.698914 -99.944702 5.000000 
-322.084900 451.274597 -100.488297 5.000000 
-318.769501 453.548798 -103.315002 5.000000 
-324.121307 453.629700 -103.323898 5.000000 
-321.355286 451.621307 -101.741798 5.000000 
-322.645691 450.263000 -101.597397 5.000000 
-323.441315 452.463104 -101.856598 5.000000 
-322.036194 452.077301 -99.581001 5.000000 
-323.402588 450.444092 -99.811798 5.000000 
-322.948608 452.062988 -102.366600 5.000000 
-323.175812 450.974609 -102.249397 5.000000 
-322.400513 454.783386 -104.761497 5.000000 
-323.557404 452.542389 -100.135902 5.000000 
-322.735291 451.701202 -101.425499 5.000000 
-321.392487 452.023193 -105.435898 5.000000 
-321.197296 453.218597 -101.489700 5.000000 
-324.719513 452.761414 -100.035500 5.000000 
-323.718811 450.653595 -101.542099 5.000000 
-324.085602 452.961395 -100.988098 5.000000 
-322.734711 451.817108 -102.415298 5.000000 
-322.802490 454.407410 -105.339302 5.000000 
-323.356506 452.978790 -101.141899 5.000000 
-323.353394 452.667297 -100.225899 5.000000 
-324.699188 452.782410 -100.931999 5.000000 
-324.029114 453.329315 -99.162003 5.000000 
-322.461395 451.560394 -106.023399 5.000000 
-322.196106 452.401093 -100.092300 5.000000 
-324.215698 453.246704 -105.786797 5.000000 
-322.833405 451.551514 -100.928398 5.000000 
-322.853699 449.576385 -97.779099 5.000000 
-323.743988 451.349609 -105.077499 5.000000 
-322.711487 452.229309 -103.502998 5.000000 
-324.999512 455.264709 -100.511002 5.000000 
-323.992615 452.130096 -102.151703 5.000000 
-322.944397 453.963593 -102.138000 5.000000 
-321.789215 453.714203 -98.927002 5.000000 
-322.122406 453.566193 -101.082901 5.000000 
-326.228485 449.477997 -100.026604 5.000000 
-325.374695 451.109894 -98.617599 5.000000 
-322.123413 452.624390 -102.428596 5.000000 
-325.130493 454.862701 -102.363998 5.000000 
-323.618011 450.725098 -104.744400 5.000000 
-322.646210 450.855713 -102.554901 5.000000 
-322.104614 454.898102 -100.727097 5.000000 
-323.495087 452.366302 -97.931999 5.000000 
-324.834686 453.134705 -103.201500 5.000000 
-323.778595 454.345306 -98.535797 5.000000 
-322.649506 450.715515 -101.335999 5.000000 
-323.537506 455.115112 -98.694603 5.000000 
-323.002502 452.889801 -105.240501 5.000000 
-322.892303 451.931091 -100.129700 5.000000 
-323.239594 450.957001 -100.558800 5.000000 
-324.622192 451.964294 -100.267303 5.000000 
-321.814514 452.222900 -99.967903 5.000000 
-323.527008 453.928894 -103.607300 5.000000 
-323.923798 451.213989 -102.915497 5.000000 
-322.288910 453.127014 -99.479202 5.000000 
-323.101715 453.778412 -102.132401 5.000000 
-324.161102 452.924011 -100.456398 5.000000 
-323.111206 452.368011 -103.478104 5.000000 
-322.348297 451.883606 -100.896698 5.000000 
-324.788391 451.604309 -100.695000 5.000000 
-323.039398 452.647095 -99.637100 5.000000 
-322.810394 447.748596 -103.241798 5.000000 
-321.368195 451.343506 -99.955803 5.000000 
-324.435211 453.621307 -97.974899 5.000000 
-323.702301 456.110596 -100.109596 5.000000 
-323.060913 453.642090 -101.623596 5.000000 
-322.122406 453.930603 -101.996597 5.000000 
-322.259094 454.001404 -102.274300 5.000000 
-326.210114 452.947205 -104.591797 5.000000 
-323.131409 453.378387 -101.595901 5.000000 
-325.001099 450.137390 -98.654900 5.000000 
-321.781494 453.978302 -98.249802 5.000000 
-323.046509 451.208099 -99.362297 5.000000 
-322.241791 452.487701 -102.585602 5.000000 
-321.097412 452.927887 -97.187202 5.000000 
-323.608490 452.679199 -100.631104 5.000000 
-323.698212 453.660492 -102.157997 5.000000 
-323.305695 451.879486 -104.601501 5.000000 
-322.751190 454.415009 -103.399399 5.000000 
-325.223907 454.245087 -98.469101 5.000000 
-324.007507 452.527496 -99.025703 5.000000 
-322.424500 453.794006 -101.494904 5.000000 
-324.298615 453.751495 -99.633202 5.000000 
-324.785889 452.794403 -100.853302 5.000000 
-325.156189 450.149506 -100.370697 5.000000 
-323.640900 452.264008 -105.496498 5.000000 
-324.575104 454.361908 -101.191399 5.000000 
-323.600494 451.422089 -101.575500 5.000000 
-326.571014 453.142212 -101.336403 5.000000 
-324.561798 450.985107 -105.613899 5.000000 
-322.829193 452.456696 -104.088097 5.000000 
-323.442596 450.754913 -103.010902 5.000000 
-322.475403 450.280090 -96.531502 5.000000 
-323.992889 452.420807 -102.786797 5.000000 
-324.267303 452.837402 -103.344597 5.000000 
-324.256592 452.382294 -102.290001 5.000000 
-320.318604 449.719513 -103.121201 5.000000 
-321.509094 452.543488 -103.342598 5.000000 
-322.072388 451.440613 -100.166199 5.000000 
-323.810211 454.280396 -102.521301 5.000000 
-323.550903 451.383789 -98.954903 5.000000 
-323.291199 451.302002 -103.165497 5.000000 
-321.623199 453.150299 -101.394501 5.000000 
-322.886108 452.508087 -107.815300 5.000000 
-326.715210 454.093506 -103.383904 5.000000 
-326.019287 453.395813 -100.409798 5.000000 
-328.454498 452.216797 -101.763603 5.000000 
-324.188904 451.198608 -100.374298 5.000000 
-323.606689 452.155487 -103.203499 5.000000 
-325.242493 451.634308 -101.921204 5.000000 
-322.840698 452.325104 -102.146500 5.000000 
-321.076111 450.042206 -101.355003 5.000000 
-324.829712 452.652588 -100.858200 5.000000 
-319.940002 455.890198 -100.221100 5.000000 
-322.041595 452.001587 -100.847099 5.000000 
-322.341003 452.631409 -99.719398 5.000000 
-321.747192 448.735992 -102.318497 5.000000 
-323.704407 451.146210 -102.789101 5.000000 
-321.963409 455.177490 -102.229301 5.000000 
-321.633606 450.438507 -98.328102 5.000000 
-322.545013 454.413910 -96.881599 5.000000 
-321.842194 451.060394 -100.341301 5.000000 
-321.727905 452.954895 -104.163902 5.000000 
-323.772797 453.414886 -101.448303 5.000000 
-322.792114 454.437286 -102.264503 5.000000 
-323.831512 449.184387 -102.344597 5.000000 
-325.344299 452.804810 -100.561798 5.000000 
-324.170807 451.929901 -100.775803 5.000000 
-321.693512 451.685394 -100.825203 5.000000 
-324.435913 451.740295 -103.925003 5.000000 
-323.620087 449.473114 -101.575302 5.000000 
-325.054901 451.196503 -105.244003 5.000000 
-323.466614 454.783905 -100.297203 5.000000 
-322.423187 451.483185 -104.336403 5.000000 
-323.094696 452.327606 -97.372803 5.000000 
-322.536407 453.947205 -99.327103 5.000000 
-325.057587 453.253387 -100.318802 5.000000 
-322.436401 452.708801 -100.251900 5.000000 
-321.116486 452.061005 -105.270699 5.000000 
-322.614197 454.196808 -99.942001 5.000000 
-324.353485 453.950806 -105.863297 5.000000 
-325.517609 451.931091 -97.843903 5.000000 
-321.504089 449.769196 -101.291496 5.000000 
-323.166595 450.652313 -102.226601 5.000000 
-321.147400 450.164001 -100.790901 5.000000 
-323.530396 452.274414 -102.367203 5.000000 
-324.098206 454.246399 -102.127197 5.000000 
-321.917786 447.859589 -101.634201 5.000000 
-321.716797 453.716797 -104.723396 5.000000 
-323.513306 451.138885 -101.769203 5.000000 
-322.281403 451.126587 -98.431900 5.000000 
-322.381592 451.877411 -98.173203 5.000000 
-323.252289 455.011505 -101.677696 5.000000 
-323.466888 455.139893 -98.372902 5.000000 
-322.424408 453.193695 -99.403999 5.000000 
-324.037903 453.384613 -99.944504 5.000000 
-324.422485 448.836395 -102.646896 5.000000 
-323.075104 452.047302 -99.820702 5.000000 
-323.714508 454.954407 -99.444801 5.000000 
-322.028687 455.472412 -100.053299 5.000000 
-366.659912 454.480988 -107.165901 5.000000 
-367.215302 455.965698 -102.282303 5.000000 
-366.277588 454.053497 -100.890800 5.000000 
-364.267212 454.688507 -106.952003 5.000000 
-367.026398 454.143311 -103.612801 5.000000 
-364.231110 454.523010 -108.228600 5.000000 
-366.639587 456.319000 -103.939796 5.000000 
-367.456512 456.035889 -108.388496 5.000000 
-366.872589 453.639587 -107.440598 5.000000 
-369.324799 453.190704 -108.867500 5.000000 
-366.868896 454.130310 -106.437500 5.000000 
-368.244812 454.347290 -107.678902 5.000000 
-372.725403 452.689789 -103.573997 5.000000 
-368.761505 457.620697 -106.499001 5.000000 
-366.918488 452.710785 -108.250298 5.000000 
-367.190613 457.782593 -103.673698 5.000000 
-367.810089 456.077698 -108.266899 5.000000 
-368.364197 454.089905 -103.381897 5.000000 
-366.854889 452.366913 -103.705002 5.000000 
-367.468811 453.228302 -107.275101 5.000000 
-367.851410 455.806213 -104.512199 5.000000 
-367.759003 457.062103 -106.210098 5.000000 
-366.127899 455.655212 -107.828300 5.000000 
-368.848999 454.229004 -106.660400 5.000000 
-366.080597 453.820496 -103.692200 5.000000 
-365.918915 452.429199 -104.061798 5.000000 
-368.950897 453.938110 -105.975197 5.000000 
-368.138489 453.256104 -105.959099 5.000000 
-367.254303 452.963989 -109.210403 5.000000 
-368.362701 453.309692 -107.923203 5.000000 
-364.890503 453.003601 -106.464798 5.000000 
-369.713409 454.614990 -109.760002 5.000000 
-369.381989 454.018890 -106.876999 5.000000 
-368.546600 454.175903 -104.401199 5.000000 
-369.444489 453.798187 -107.036201 5.000000 
-369.662811 453.813690 -105.684502 5.000000 
-366.466797 456.347107 -103.436798 5.000000 
-368.328796 456.101501 -106.230103 5.000000 
-368.325592 454.873413 -107.268997 5.000000 
-365.346985 454.283997 -105.169197 5.000000 
-367.619598 452.995789 -105.137001 5.000000 
-366.257294 454.780609 -105.220001 5.000000 
-367.996185 456.081909 -106.528297 5.000000 
-368.238190 454.999908 -104.602600 5.000000 
-369.298309 454.823914 -106.849899 5.000000 
-368.203308 456.364685 -106.510803 5.000000 
-365.937286 451.961212 -107.020401 5.000000 
-366.562592 454.958191 -105.611298 5.000000 
-365.355896 455.522095 -101.911003 5.000000 
-364.936401 455.252991 -106.426003 5.000000 
-364.644714 455.901489 -103.436401 5.000000 
-364.521912 453.796906 -105.300400 5.000000 
-368.330505 457.567291 -105.376503 5.000000 
-368.372192 451.196991 -105.845596 5.000000 
-369.424408 455.021698 -104.779297 5.000000 
-366.267395 455.564087 -104.146599 5.000000 
-367.518402 454.707489 -104.879501 5.000000 
-369.205200 452.438904 -103.644600 5.000000 
-365.510803 455.481995 -104.672798 5.000000 
-367.121796 454.300201 -105.741997 5.000000 
-366.894409 455.475800 -109.074898 5.000000 
-366.458099 452.103088 -102.170799 5.000000 
-366.101013 452.471100 -107.632698 5.000000 
-366.039215 457.431488 -106.663002 5.000000 
-366.433594 453.291992 -102.882401 5.000000 
-366.444611 452.747894 -104.017998 5.000000 
-366.826508 453.148193 -99.927002 5.000000 
-368.767792 453.810913 -105.218597 5.000000 
-366.388000 455.040405 -105.784103 5.000000 
-366.780914 453.239899 -103.315102 5.000000 
-365.183411 454.430908 -105.637604 5.000000 
-368.187592 455.722992 -106.772102 5.000000 
-368.744293 452.614197 -101.333900 5.000000 
-366.497986 453.292206 -104.383400 5.000000 
-365.083588 454.716797 -105.143997 5.000000 
-368.186890 455.737091 -109.243698 5.000000 
-366.462097 454.996887 -105.687599 5.000000 
-368.911194 455.809906 -104.366898 5.000000 
-367.441895 453.028992 -104.242203 5.000000 
-367.188202 452.787109 -105.687500 5.000000 
-367.494110 454.453400 -104.824501 5.000000 
-363.593994 453.040405 -104.297600 5.000000 
-367.916199 456.167389 -104.346001 5.000000 
-366.869995 455.003815 -105.717003 5.000000 
-365.355286 455.407288 -107.327499 5.000000 
-369.285004 455.769714 -104.229500 5.000000 
-367.673309 453.703491 -108.788399 5.000000 
-367.559296 455.829193 -101.669403 5.000000 
-365.236389 455.002502 -106.341904 5.000000 
-368.647400 453.971100 -105.525597 5.000000 
-369.641693 452.552399 -109.209396 5.000000 
-367.554993 452.167389 -107.135101 5.000000 
-366.535492 453.297791 -102.677299 5.000000 
-367.724304 451.775208 -101.378304 5.000000 
-364.173798 453.345093 -106.757401 5.000000 
-368.019501 455.505096 -105.081902 5.000000 
-365.599304 452.285797 -105.052002 5.000000 
-366.731506 453.381500 -109.144096 5.000000 
-367.741608 456.178802 -105.895401 5.000000 
-367.857513 455.214386 -106.904404 5.000000 
-367.254913 453.143402 -106.017097 5.000000 
-366.795502 454.811493 -103.374298 5.000000 
-371.365692 453.005402 -106.273102 5.000000 
-365.705902 455.625397 -106.601196 5.000000 
-367.466095 454.996399 -107.021202 5.000000 
-366.815308 454.808411 -104.098900 5.000000 
-367.513702 453.723511 -106.366501 5.000000 
-367.494202 456.190491 -108.307899 5.000000 
-365.402313 454.367889 -103.554802 5.000000 
-367.669891 452.870087 -104.399200 5.000000 
-368.331696 455.072906 -104.150803 5.000000 
-367.849609 456.791809 -105.787598 5.000000 
-367.761505 456.058594 -101.935501 5.000000 
-367.617004 454.132904 -103.388802 5.000000 
-368.031097 456.194885 -107.681503 5.000000 
-370.240601 454.954590 -104.104401 5.000000 
-368.027100 454.928894 -107.623001 5.000000 
-365.550598 452.059814 -104.616600 5.000000 
-367.990112 453.885803 -106.148499 5.000000 
-364.588989 453.340210 -108.397499 5.000000 
-367.112701 454.496887 -101.654999 5.000000 
-366.120697 455.774292 -109.379204 5.000000 
-365.992615 453.994202 -99.548401 5.000000 
-366.953705 454.743988 -105.911499 5.000000 
-364.028687 453.192902 -105.717201 5.000000 
-367.088196 457.390991 -100.237503 5.000000 
-366.703796 456.749786 -108.955704 5.000000 
-366.965607 454.165710 -104.710503 5.000000 
-369.784790 452.760803 -103.527298 5.000000 
-368.181610 454.179199 -107.665604 5.000000 
-367.699097 456.358093 -107.874397 5.000000 
-367.057190 455.897491 -106.343002 5.000000 
-370.515198 455.112305 -105.933098 5.000000 
-366.791901 456.018585 -103.977097 5.000000 
-367.780914 453.417999 -103.447601 5.000000 
-369.751312 455.204315 -108.370796 5.000000 
-366.986115 453.537506 -107.907799 5.000000 
-367.025787 454.803314 -106.430496 5.000000 
-368.360901 454.263397 -103.004700 5.000000 
-368.103210 454.520691 -107.014801 5.000000 
-368.050690 454.238190 -105.758797 5.000000 
-370.031799 455.813385 -105.398903 5.000000 
-370.518402 453.080505 -107.871002 5.000000 
-366.362915 453.371307 -108.161400 5.000000 
-364.472992 455.384705 -106.028603 5.000000 
-367.001801 454.984192 -106.283897 5.000000 
-370.653198 453.417603 -103.820396 5.000000 
-365.992615 454.973907 -106.227097 5.000000 
-367.652008 456.845215 -104.241898 5.000000 
-368.159698 452.363892 -106.659302 5.000000 
-368.752289 454.368408 -102.021599 5.000000 
-370.160492 454.379089 -106.873199 5.000000 
-365.875793 455.076294 -105.728897 5.000000 
-367.327911 452.060608 -104.764603 5.000000 
-368.233002 452.884186 -106.131401 5.000000 
-364.772491 454.381989 -102.864098 5.000000 
-366.014496 453.032013 -101.843399 5.000000 
-368.158997 455.254089 -104.851501 5.000000 
-366.939789 454.589600 -106.873596 5.000000 
-368.422485 457.302094 -104.920197 5.000000 
-366.564392 454.458099 -105.177498 5.000000 
-367.029297 454.186615 -104.060501 5.000000 
-366.926605 454.747711 -99.622498 5.000000 
-368.290497 456.623993 -104.668503 5.000000 
-369.159912 454.487701 -103.538803 5.000000 
-368.360687 452.551392 -106.207199 5.000000 
-370.265808 455.317200 -103.816902 5.000000 
-368.665100 455.614014 -103.601799 5.000000 
-366.774506 453.869110 -105.148804 5.000000 
-366.306305 452.811493 -103.440201 5.000000 
-367.635101 454.149994 -107.086502 5.000000 
-366.519012 455.915314 -101.046097 5.000000 
-365.559296 452.433197 -105.378304 5.000000 
-366.241089 457.505005 -106.379303 5.000000 
-366.344208 455.835907 -105.197701 5.000000 
-366.286987 453.992798 -102.963997 5.000000 
-368.212402 451.679993 -103.483398 5.000000 
-367.891907 452.075806 -103.640800 5.000000 
-366.269012 454.102997 -105.353699 5.000000 
-369.275909 454.325806 -100.073502 5.000000 
-367.036987 454.382507 -108.517799 5.000000 
-368.913910 454.698303 -108.326500 5.000000 
-367.872498 453.208099 -105.562798 5.000000 
-367.675690 453.718292 -104.623199 5.000000 
-367.871094 452.897797 -107.906097 5.000000 
-366.447510 453.971191 -107.804497 5.000000 
-368.617706 455.092712 -107.364899 5.000000 
-367.705811 454.072388 -104.846703 5.000000 
-366.564087 456.715607 -102.134201 5.000000 
-369.447205 453.250610 -107.785004 5.000000 
-368.849915 454.444092 -105.970200 5.000000 
-367.729095 453.387512 -108.630997 5.000000 
-366.777313 455.842987 -102.489098 5.000000 
-369.672607 454.571289 -105.592300 5.000000 
-366.151794 451.942993 -104.136703 5.000000 
-367.445312 452.729889 -108.865303 5.000000 
-366.837097 454.292603 -105.923599 5.000000 
-369.431702 453.114197 -108.332497 5.000000 
-366.897308 454.336700 -103.981598 5.000000 
-368.492889 454.094788 -104.829300 5.000000 
-366.052094 456.264099 -104.603401 5.000000 
-363.652008 451.554108 -108.143700 5.000000 
-365.948395 454.467712 -101.502502 5.000000 
-366.656006 453.709290 -106.906601 5.000000 
-367.634613 455.872314 -107.127998 5.000000 
-368.790405 455.182709 -108.500504 5.000000 
-367.401398 457.334015 -106.143097 5.000000 
-368.577301 454.044586 -103.906197 5.000000 
-368.850891 454.567596 -104.388199 5.000000 
-367.489807 450.583099 -105.962196 5.000000 
-368.307495 452.094604 -107.061600 5.000000 
-368.163605 454.829407 -103.962303 5.000000 
-365.088593 453.877289 -101.843803 5.000000 
-366.831604 454.515106 -104.522697 5.000000 
-367.874786 453.208496 -104.886101 5.000000 
-368.283386 455.362000 -107.274101 5.000000 
-368.332214 456.466888 -104.157700 5.000000 
-366.680389 453.790314 -104.916901 5.000000 
-319.157104 473.042389 -110.535896 5.000000 
-319.598999 473.123108 -110.557098 5.000000 
-321.424713 477.105286 -109.784103 5.000000 
-318.879608 474.775208 -106.043800 5.000000 
-318.490814 476.770691 -105.617104 5.000000 
-319.643402 472.050903 -105.810997 5.000000 
-319.388000 471.863098 -110.159401 5.000000 
-319.895996 475.260803 -108.423698 5.000000 
-318.519104 472.881805 -109.544800 5.000000 
-317.749207 474.355408 -113.274399 5.000000 
-317.043701 472.920685 -110.441101 5.000000 
-315.920410 473.181885 -109.350998 5.000000 
-317.887512 470.294891 -110.730598 5.000000 
-317.563599 473.004791 -114.178299 5.000000 
-319.174286 474.186615 -105.782097 5.000000 
-316.812195 473.518402 -111.469200 5.000000 
-320.797699 472.976501 -107.474297 5.000000 
-317.306000 470.736786 -112.425797 5.000000 
-318.448608 473.254395 -111.020500 5.000000 
-319.899109 471.464294 -105.098396 5.000000 
-318.905701 474.765686 -107.259003 5.000000 
-317.880005 474.171387 -109.659897 5.000000 
-315.919098 471.285492 -111.407997 5.000000 
-319.348389 474.713409 -107.092201 5.000000 
-318.812195 473.089996 -108.750603 5.000000 
-317.756287 475.493591 -108.829597 5.000000 
-317.806000 473.195007 -107.112801 5.000000 
-318.385986 475.041687 -108.974602 5.000000 
-319.879211 473.144806 -110.228996 5.000000 
-318.916504 474.583710 -110.895897 5.000000 
-317.525513 473.288086 -110.574097 5.000000 
-318.668304 472.250397 -108.035599 5.000000 
-319.619507 471.883301 -108.533203 5.000000 
-317.550598 474.658600 -106.341904 5.000000 
-321.129700 474.428314 -108.108498 5.000000 
-316.234802 475.863190 -108.400398 5.000000 
-315.038086 472.751404 -109.466003 5.000000 
-318.702301 471.904785 -108.850197 5.000000 
-320.091095 474.303497 -106.306801 5.000000 
-318.046509 472.001190 -106.237602 5.000000 
-317.245087 475.313110 -106.648300 5.000000 
-317.608612 475.751801 -108.294197 5.000000 
-318.376892 474.921692 -109.040497 5.000000 
-317.711212 473.446899 -109.897903 5.000000 
-315.688293 474.705414 -105.407204 5.000000 
-317.950500 474.930603 -109.557198 5.000000 
-318.818390 472.884705 -108.488403 5.000000 
-315.987213 474.482605 -108.116997 5.000000 
-318.930389 472.174011 -108.834602 5.000000 
-320.553101 475.173492 -106.028603 5.000000 
-319.064789 473.401489 -106.436996 5.000000 
-317.431213 470.217896 -111.091301 5.000000 
-318.199890 473.974091 -107.533203 5.000000 
-319.733093 474.941193 -106.053200 5.000000 
-315.891815 471.741394 -108.271400 5.000000 
-317.777100 475.996307 -111.410400 5.000000 
-315.784210 472.002686 -108.178802 5.000000 
-318.005188 474.470398 -109.391098 5.000000 
-319.572601 476.221405 -108.611504 5.000000 
-316.335693 473.403198 -110.223503 5.000000 
-318.159790 472.607391 -107.979103 5.000000 
-320.637604 473.174591 -105.857399 5.000000 
-320.778198 473.537994 -108.296600 5.000000 
-318.722504 474.841003 -108.816002 5.000000 
-318.666595 473.014404 -108.623703 5.000000 
-315.885010 475.647614 -110.910103 5.000000 
-318.607697 476.131500 -113.039703 5.000000 
-317.244293 473.719696 -113.222298 5.000000 
-320.014893 475.826691 -108.860001 5.000000 
-318.329987 476.347900 -108.320702 5.000000 
-317.662292 473.415192 -107.318802 5.000000 
-318.654694 476.606293 -108.960701 5.000000 
-321.201385 473.957611 -109.751404 5.000000 
-318.774597 472.478485 -107.011703 5.000000 
-318.922913 476.450012 -111.990997 5.000000 
-317.219604 472.913788 -111.268402 5.000000 
-318.710785 474.648804 -106.660500 5.000000 
-317.650513 473.409698 -105.671700 5.000000 
-318.494812 476.473785 -109.289001 5.000000 
-319.509003 470.601593 -108.547699 5.000000 
-318.680511 474.845795 -112.093697 5.000000 
-317.365509 471.331207 -103.869598 5.000000 
-315.538513 474.340302 -110.204803 5.000000 
-320.201385 474.345886 -107.074997 5.000000 
-319.312500 472.695801 -111.899399 5.000000 
-316.919189 474.664886 -110.775101 5.000000 
-317.217896 473.950714 -109.584503 5.000000 
-318.452515 473.684692 -109.174698 5.000000 
-315.790588 474.811005 -109.257103 5.000000 
-319.447510 477.373810 -110.412598 5.000000 
-316.140198 476.860687 -113.263000 5.000000 
-320.216492 474.984314 -109.691002 5.000000 
-317.987091 472.780487 -110.326302 5.000000 
-319.922394 472.884186 -111.263100 5.000000 
-318.709503 473.322113 -111.374496 5.000000 
-316.724792 475.484985 -109.926201 5.000000 
-318.845490 474.712494 -107.307800 5.000000 
-318.070709 474.060913 -106.479301 5.000000 
-317.936707 473.703613 -107.995300 5.000000 
-316.903198 474.911987 -112.148201 5.000000 
-318.171692 473.121399 -111.279297 5.000000 
-321.630005 472.405487 -108.689796 5.000000 
-317.143188 475.038391 -108.677696 5.000000 
-316.708710 471.835388 -109.715897 5.000000 
-317.712891 475.354095 -104.244400 5.000000 
-321.227600 475.550690 -105.956200 5.000000 
-318.541199 472.674713 -108.528999 5.000000 
-317.780609 476.511688 -109.943001 5.000000 
-321.296295 474.397308 -110.156303 5.000000 
-315.926697 473.007996 -109.457298 5.000000 
-320.450409 475.094788 -107.927002 5.000000 
-318.439392 471.539001 -108.879799 5.000000 
-318.787415 473.799591 -105.524902 5.000000 
-320.593414 471.334106 -105.697502 5.000000 
-318.953400 471.069702 -109.070396 5.000000 
-316.487488 471.396698 -105.709396 5.000000 
-317.262604 474.659607 -105.942902 5.000000 
-316.718506 475.261597 -111.281303 5.000000 
-316.874603 470.548706 -106.345200 5.000000 
-319.330292 474.868286 -108.552803 5.000000 
-315.418701 474.262909 -107.921600 5.000000 
-318.376404 474.595490 -111.976601 5.000000 
-316.436615 473.195801 -109.241501 5.000000 
-317.818115 477.420593 -109.339203 5.000000 
-318.553101 472.915802 -111.363701 5.000000 
-317.190186 470.129303 -108.640198 5.000000 
-318.510406 472.622406 -111.212898 5.000000 
-319.088409 474.497406 -105.641197 5.000000 
-317.821014 474.296509 -112.044800 5.000000 
-318.677399 472.169403 -112.656700 5.000000 
-317.140991 473.269196 -107.613800 5.000000 
-319.324707 475.572906 -112.610100 5.000000 
-317.101288 475.489502 -107.816399 5.000000 
-319.335205 473.177612 -105.138397 5.000000 
-316.152008 474.160614 -107.755600 5.000000 
-319.393188 472.184998 -104.258598 5.000000 
-315.900208 471.696686 -109.618202 5.000000 
-318.248505 471.592712 -112.368401 5.000000 
-318.532410 473.103088 -104.061203 5.000000 
-317.246490 476.776306 -108.262001 5.000000 
-320.204712 474.038086 -107.888397 5.000000 
-318.479706 471.744293 -110.891602 5.000000 
-319.155914 472.954590 -110.903297 5.000000 
-318.809692 476.247894 -106.162300 5.000000 
-320.188202 474.950897 -109.393501 5.000000 
-319.991913 475.135803 -110.632401 5.000000 
-318.717194 472.680603 -111.416901 5.000000 
-318.202209 471.875793 -107.676697 5.000000 
-318.411713 473.988098 -110.398300 5.000000 
-318.455597 471.364685 -110.360497 5.000000 
-318.352692 476.397095 -107.305000 5.000000 
-316.950592 472.631500 -111.144402 5.000000 
-318.021301 474.677185 -107.611198 5.000000 
-318.659210 471.551514 -111.591301 5.000000 
-319.672913 472.630798 -112.963097 5.000000 
-319.302795 471.770386 -107.655602 5.000000 
-316.754913 473.876587 -109.326401 5.000000 
-317.760803 472.557800 -106.728699 5.000000 
-318.384186 471.997406 -108.822304 5.000000 
-318.884399 475.294098 -108.823799 5.000000 
-319.404388 474.256989 -108.921700 5.000000 
-316.141113 473.390411 -108.736298 5.000000 
-320.034210 471.095795 -108.358299 5.000000 
-318.688904 476.719299 -109.711998 5.000000 
-320.240906 476.818512 -104.206001 5.000000 
-317.353607 476.120300 -112.690498 5.000000 
-318.534607 471.635895 -107.508698 5.000000 
-319.848999 473.308105 -110.321602 5.000000 
-318.212189 472.812805 -107.342400 5.000000 
-318.114990 475.075592 -108.599197 5.000000 
-321.423889 475.081909 -104.401299 5.000000 
-318.840790 473.200500 -107.096497 5.000000 
-318.305908 474.113190 -108.454498 5.000000 
-315.104492 473.534210 -111.948601 5.000000 
-315.115387 475.053101 -111.821198 5.000000 
-320.201111 473.324890 -108.609703 5.000000 
-320.026215 473.804688 -110.457802 5.000000 
-316.515686 471.993591 -108.312897 5.000000 
-317.318787 474.638214 -111.424301 5.000000 
-315.730194 472.407104 -112.546600 5.000000 
-319.381012 475.552795 -107.873100 5.000000 
-315.557098 473.380890 -113.546303 5.000000 
-315.898804 472.823700 -107.130600 5.000000 
-316.863800 475.212494 -108.416603 5.000000 
-315.696686 476.216003 -110.557999 5.000000 
-317.068512 476.082001 -106.196297 5.000000 
-315.597992 473.532104 -110.964104 5.000000 
-317.326111 473.477509 -108.941704 5.000000 
-316.211700 475.301086 -110.373901 5.000000 
-319.256500 474.935394 -104.513901 5.000000 
-317.563995 474.123199 -112.378799 5.000000 
-319.508789 474.792206 -107.349998 5.000000 
-318.366486 474.656494 -111.948502 5.000000 
-316.773193 471.733398 -109.280701 5.000000 
-316.783203 474.441498 -110.990501 5.000000 
-317.990814 475.629700 -108.422997 5.000000 
-320.546997 477.210388 -107.215103 5.000000 
-317.618011 474.903015 -109.798599 5.000000 
-315.070404 474.813385 -110.643700 5.000000 
-321.186615 474.189514 -115.150398 5.000000 
-318.102112 475.971100 -110.366798 5.000000 
-317.478912 474.325714 -109.811302 5.000000 
-316.933990 475.837097 -113.896202 5.000000 
-320.726807 473.462799 -108.013397 5.000000 
-316.944489 473.919006 -111.218102 5.000000 
-315.729889 475.001495 -105.243103 5.000000 
-318.009613 471.583801 -112.174797 5.000000 
-322.139496 471.329407 -109.044998 5.000000 
-317.925598 473.167999 -108.981300 5.000000 
-318.252808 472.888306 -108.530800 5.000000 
-318.901886 473.925903 -112.517097 5.000000 
-317.864014 471.180511 -111.818703 5.000000 
-316.459900 472.075195 -109.732101 5.000000 
-319.856201 473.493195 -107.974899 5.000000 
-319.461700 475.779694 -104.277702 5.000000 
-317.539703 472.699310 -111.839302 5.000000 
-318.314911 473.735504 -109.376198 5.000000 
-316.960693 520.824402 -124.201103 5.000000 
-313.766998 522.617676 -126.856003 5.000000 
-316.104401 518.317322 -124.107803 5.000000 
-313.606598 519.905701 -123.316803 5.000000 
-314.658386 522.569214 -125.072899 5.000000 
-316.208710 519.673828 -123.093002 5.000000 
-312.429291 519.035889 -122.377502 5.000000 
-318.167206 519.840027 -124.717903 5.000000 
-315.523102 520.485229 -125.583199 5.000000 
-315.499207 517.916382 -128.055695 5.000000 
-314.371185 522.417297 -128.364899 5.000000 
-317.391296 518.110229 -126.318497 5.000000 
-317.220612 521.091919 -125.084999 5.000000 
-315.864288 520.282227 -125.495598 5.000000 
-316.799896 521.709290 -125.663803 5.000000 
-312.524506 526.049194 -124.489197 5.000000 
-315.257294 519.166321 -126.922203 5.000000 
-313.263885 521.444702 -125.229599 5.000000 
-316.255096 522.258484 -122.392502 5.000000 
-313.174896 521.202820 -124.454102 5.000000 
-315.378906 522.213684 -123.774399 5.000000 
-315.268585 520.929382 -124.719902 5.000000 
-315.138794 522.231506 -123.039803 5.000000 
-314.378387 519.661682 -124.985100 5.000000 
-315.217987 519.962891 -129.226593 5.000000 
-314.681702 520.424194 -124.114700 5.000000 
-316.096405 521.717102 -127.705902 5.000000 
-315.049988 520.665894 -124.235397 5.000000 
-315.318512 520.443970 -123.663597 5.000000 
-316.166687 519.765930 -125.346497 5.000000 
-315.171906 522.051880 -124.994202 5.000000 
-317.207611 524.272278 -127.140602 5.000000 
-315.710999 521.314880 -124.496201 5.000000 
-313.394806 522.937988 -123.603203 5.000000 
-314.884094 520.160217 -125.585297 5.000000 
-314.835785 521.596497 -123.392403 5.000000 
-315.951599 519.130920 -126.512901 5.000000 
-315.380890 520.419800 -125.232101 5.000000 
-316.905090 520.137512 -126.806999 5.000000 
-316.689697 518.989685 -125.629799 5.000000 
-313.588989 521.418396 -122.643097 5.000000 
-315.002991 521.116394 -123.328102 5.000000 
-315.758911 520.053589 -121.904198 5.000000 
-316.742615 520.791626 -127.250999 5.000000 
-314.681793 522.297607 -126.276100 5.000000 
-312.603790 521.038574 -122.284203 5.000000 
-315.961487 523.547729 -125.170502 5.000000 
-316.222412 519.412170 -125.837799 5.000000 
-315.530487 521.557129 -120.823502 5.000000 
-315.279388 521.875427 -122.417198 5.000000 
-314.938110 521.497192 -122.848396 5.000000 
-312.940002 523.220276 -125.549500 5.000000 
-313.480103 521.041626 -127.265701 5.000000 
-314.603485 519.399902 -124.139999 5.000000 
-312.894104 519.610718 -123.188301 5.000000 
-316.810608 519.876526 -124.116898 5.000000 
-313.440491 519.958496 -126.431900 5.000000 
-316.612091 520.385986 -124.636597 5.000000 
-311.446198 521.897888 -122.941002 5.000000 
-313.794312 520.698425 -123.963898 5.000000 
-317.356995 522.487183 -124.303299 5.000000 
-316.250000 519.341187 -127.854103 5.000000 
-315.531189 519.376404 -124.975899 5.000000 
-315.308014 521.220276 -123.392097 5.000000 
-312.976990 523.269226 -126.694298 5.000000 
-313.528015 521.257690 -127.159401 5.000000 
-313.195007 520.528870 -123.323997 5.000000 
-313.795197 521.625610 -128.246704 5.000000 
-313.849091 521.614685 -121.673500 5.000000 
-314.238190 523.111206 -124.998596 5.000000 
-315.706909 520.559509 -122.558502 5.000000 
-314.658295 519.130615 -126.999901 5.000000 
-316.605988 521.422974 -122.380600 5.000000 
-313.626801 521.454285 -123.558701 5.000000 
-314.023285 521.554504 -123.414703 5.000000 
-315.372986 522.013977 -124.633301 5.000000 
-316.537292 520.731873 -128.886993 5.000000 
-314.818390 522.585388 -125.043404 5.000000 
-317.034485 520.899719 -126.478699 5.000000 
-315.510406 521.039673 -122.573196 5.000000 
-317.688812 521.593689 -131.863800 5.000000 
-312.298706 520.526123 -124.713699 5.000000 
-316.343414 521.258484 -126.153503 5.000000 
-315.309906 521.937927 -125.168503 5.000000 
-317.724091 520.597778 -124.142303 5.000000 
-318.116913 520.549072 -124.527298 5.000000 
-315.063202 519.576416 -127.409500 5.000000 
-316.646088 521.211670 -123.454803 5.000000 
-314.202393 522.282104 -125.166801 5.000000 
-316.538605 520.119080 -123.865097 5.000000 
-313.433899 520.428223 -126.725899 5.000000 
-315.353394 521.067688 -120.745499 5.000000 
-316.503113 519.559998 -123.803398 5.000000 
-315.840912 523.182373 -124.907700 5.000000 
-316.566193 525.210327 -127.194603 5.000000 
-313.878998 519.904785 -126.246597 5.000000 
-314.556000 524.718018 -125.463501 5.000000 
-313.262512 522.528320 -125.041901 5.000000 
-318.325195 520.930176 -124.200996 5.000000 
-314.378601 520.393799 -125.642303 5.000000 
-314.281006 521.873291 -126.103500 5.000000 
-316.417511 520.725708 -127.172096 5.000000 
-317.541199 521.703125 -119.627197 5.000000 
-312.525513 521.423096 -123.000198 5.000000 
-311.010101 521.397827 -124.407402 5.000000 
-314.037506 523.983215 -126.204201 5.000000 
-314.322693 521.986389 -126.030998 5.000000 
-315.467987 522.609497 -122.135498 5.000000 
-314.731293 518.992004 -127.000298 5.000000 
-316.063599 518.954285 -130.143707 5.000000 
-313.437408 520.982483 -123.125999 5.000000 
-315.461090 523.705505 -125.643204 5.000000 
-315.717896 522.731628 -128.332001 5.000000 
-316.756287 521.937805 -124.600601 5.000000 
-313.727905 521.515076 -126.737701 5.000000 
-316.851105 519.684204 -125.115898 5.000000 
-318.723602 523.458679 -124.136902 5.000000 
-313.834595 522.435486 -126.501099 5.000000 
-317.156311 522.682983 -123.698898 5.000000 
-314.930695 524.267029 -124.691299 5.000000 
-312.775299 519.974426 -124.671799 5.000000 
-314.593506 521.048828 -126.137604 5.000000 
-314.761505 522.943420 -121.847801 5.000000 
-315.880096 521.156494 -128.569595 5.000000 
-311.921295 521.115173 -126.295601 5.000000 
-316.839905 521.325684 -123.879501 5.000000 
-314.587891 519.148071 -122.536003 5.000000 
-311.612488 520.995178 -126.758301 5.000000 
-316.492706 519.908386 -125.643097 5.000000 
-312.987488 520.941711 -125.715103 5.000000 
-315.765289 522.193298 -123.689697 5.000000 
-315.999298 523.547913 -127.885902 5.000000 
-314.537292 522.531189 -124.757202 5.000000 
-313.800690 522.826477 -127.420898 5.000000 
-316.321289 520.469727 -125.549698 5.000000 
-314.445496 520.195496 -123.715500 5.000000 
-316.474792 521.871216 -123.311897 5.000000 
-313.547394 520.419128 -124.045601 5.000000 
-315.446899 520.118530 -124.684700 5.000000 
-318.879211 520.422729 -125.692001 5.000000 
-317.127991 520.564392 -121.760498 5.000000 
-314.922211 522.434326 -124.050201 5.000000 
-313.417999 521.804504 -125.572502 5.000000 
-316.705414 519.684326 -127.474899 5.000000 
-312.530396 522.818115 -126.046898 5.000000 
-316.350311 520.808899 -126.389900 5.000000 
-317.592102 520.127197 -124.532303 5.000000 
-314.957397 523.862976 -124.160202 5.000000 
-315.996887 520.532104 -122.922699 5.000000 
-316.675201 523.712402 -126.939598 5.000000 
-315.485504 520.190308 -123.325600 5.000000 
-315.642395 521.516602 -124.920998 5.000000 
-316.056305 522.093018 -123.167099 5.000000 
-315.243988 521.315796 -123.946297 5.000000 
-315.254089 519.488708 -122.524101 5.000000 
-314.761108 523.138123 -123.078003 5.000000 
-314.492798 521.575073 -123.585297 5.000000 
-318.359192 520.058899 -129.884506 5.000000 
-315.242096 521.037415 -124.454597 5.000000 
-316.903198 526.921875 -125.737099 5.000000 
-314.031097 523.984924 -122.638000 5.000000 
-314.583313 521.860291 -123.418999 5.000000 
-314.482391 520.683899 -125.693604 5.000000 
-314.417603 520.388794 -124.739799 5.000000 
-317.074005 520.151001 -121.600800 5.000000 
-313.396301 521.981079 -128.098801 5.000000 
-315.419708 523.625000 -127.122803 5.000000 
-317.229492 518.514282 -123.145897 5.000000 
-315.614990 521.470215 -124.887299 5.000000 
-314.798309 519.557800 -125.410004 5.000000 
-316.258911 521.562012 -120.010902 5.000000 
-315.194305 523.511780 -124.993896 5.000000 
-314.320709 522.123108 -125.349503 5.000000 
-314.859100 525.813721 -126.466599 5.000000 
-316.614288 521.992920 -123.041199 5.000000 
-313.080994 521.398071 -125.826698 5.000000 
-316.336914 520.565002 -127.332497 5.000000 
-313.293793 520.990173 -122.730499 5.000000 
-314.681885 521.893494 -124.971603 5.000000 
-315.209686 519.010498 -122.900902 5.000000 
-314.398407 519.172607 -124.276100 5.000000 
-312.093903 521.811096 -124.813599 5.000000 
-313.513702 522.973083 -125.991203 5.000000 
-314.038910 519.895386 -123.238503 5.000000 
-315.471405 521.416199 -125.217300 5.000000 
-316.127686 518.812073 -121.767403 5.000000 
-312.675903 521.889221 -124.357300 5.000000 
-313.800110 522.629700 -125.632202 5.000000 
-314.284088 522.632629 -124.853897 5.000000 
-315.634888 523.013611 -125.827499 5.000000 
-316.298798 520.470703 -122.106796 5.000000 
-314.186188 520.322510 -127.174896 5.000000 
-313.125793 520.997498 -121.738602 5.000000 
-315.487091 520.510803 -121.202103 5.000000 
-316.416412 522.643921 -121.186203 5.000000 
-314.742310 519.168274 -124.006302 5.000000 
-314.435791 522.223572 -124.657097 5.000000 
-314.535004 522.384583 -129.279694 5.000000 
-316.164307 522.256226 -123.041199 5.000000 
-316.521912 522.291992 -121.523697 5.000000 
-315.621185 518.871216 -123.369797 5.000000 
-315.184692 521.305603 -126.288803 5.000000 
-315.555298 521.042786 -130.083603 5.000000 
-314.344696 520.512085 -122.082802 5.000000 
-316.182007 521.064392 -122.755600 5.000000 
-314.706512 522.902405 -125.169701 5.000000 
-314.197388 523.765991 -125.548302 5.000000 
-317.658905 519.815002 -128.199097 5.000000 
-317.103088 519.518982 -124.560303 5.000000 
-315.880096 521.418579 -124.784599 5.000000 
-315.997589 521.535400 -128.832993 5.000000 
-315.837097 520.781921 -125.736000 5.000000 
-316.308289 522.983521 -126.171600 5.000000 
-314.441895 519.391174 -126.876099 5.000000 
-314.630707 521.434509 -122.928200 5.000000 
-316.150513 518.521606 -123.495003 5.000000 
-314.351013 519.861023 -123.900497 5.000000 
-314.396912 520.678284 -127.268799 5.000000 
-321.602905 414.865112 -93.064201 5.000000 
-320.002411 416.294006 -86.635101 5.000000 
-320.922089 415.792694 -86.147102 5.000000 
-319.428711 413.759308 -87.720901 5.000000 
-321.508789 414.535797 -87.587097 5.000000 
-321.535400 414.375214 -89.029503 5.000000 
-320.876190 413.759094 -86.542801 5.000000 
-322.495300 413.558685 -87.295998 5.000000 
-319.956604 413.150787 -87.518097 5.000000 
-321.881897 414.884705 -85.438202 5.000000 
-320.786591 410.992615 -88.736397 5.000000 
-320.511597 414.585388 -87.370499 5.000000 
-321.535309 415.193787 -86.802902 5.000000 
-320.816406 418.004089 -87.411797 5.000000 
-320.767395 414.371002 -87.803703 5.000000 
-320.731812 412.472809 -86.792000 5.000000 
-317.199188 414.590607 -90.905403 5.000000 
-318.404694 413.974091 -85.176598 5.000000 
-319.317505 413.359894 -88.483704 5.000000 
-322.926300 413.370697 -88.311096 5.000000 
-319.367401 416.337494 -87.776100 5.000000 
-321.509796 414.680511 -88.397102 5.000000 
-319.155701 414.935608 -82.331902 5.000000 
-319.260193 415.673889 -88.079597 5.000000 
-317.314392 413.478699 -85.001999 5.000000 
-320.227509 412.633392 -89.023300 5.000000 
-321.153198 414.390594 -90.654099 5.000000 
-321.027588 415.394196 -87.249199 5.000000 
-320.708710 414.228302 -92.801903 5.000000 
-322.278503 411.274109 -83.653397 5.000000 
-318.888092 412.643311 -89.248299 5.000000 
-319.594208 415.296692 -85.442596 5.000000 
-320.428009 413.015991 -89.035400 5.000000 
-321.102905 416.555786 -87.761497 5.000000 
-321.142090 412.425110 -87.539803 5.000000 
-322.019592 414.466492 -87.563698 5.000000 
-321.939697 412.363403 -88.152000 5.000000 
-320.244110 415.010315 -87.604301 5.000000 
-319.140594 416.144409 -86.759003 5.000000 
-320.772003 412.240997 -86.452400 5.000000 
-318.425995 416.174011 -88.666496 5.000000 
-318.648804 415.112305 -89.129601 5.000000 
-320.926605 415.472290 -85.767097 5.000000 
-317.813110 413.542206 -85.345299 5.000000 
-319.091492 414.918701 -87.826897 5.000000 
-321.421387 414.124786 -88.117996 5.000000 
-319.921692 413.786987 -80.459702 5.000000 
-320.564209 415.528015 -87.122299 5.000000 
-320.748688 412.167694 -88.915001 5.000000 
-320.425201 414.477814 -88.006897 5.000000 
-320.073090 412.747498 -90.214996 5.000000 
-320.369812 412.736115 -86.477997 5.000000 
-321.452301 416.377899 -89.635902 5.000000 
-320.340515 411.681000 -86.910103 5.000000 
-320.724304 415.759888 -90.823700 5.000000 
-320.358490 414.253204 -88.147400 5.000000 
-319.160706 411.748688 -85.907600 5.000000 
-320.247101 415.416992 -91.699097 5.000000 
-320.705688 413.696503 -88.759399 5.000000 
-319.156708 413.552399 -84.350700 5.000000 
-320.283295 412.471497 -86.160103 5.000000 
-321.832703 417.152008 -87.856201 5.000000 
-320.159698 412.574097 -89.862801 5.000000 
-318.673004 413.601288 -88.823997 5.000000 
-318.368286 412.960785 -87.161903 5.000000 
-319.762604 410.780487 -87.885101 5.000000 
-320.574707 415.417114 -86.274002 5.000000 
-320.569305 414.256500 -83.498703 5.000000 
-322.229492 413.157715 -90.593903 5.000000 
-321.836212 412.985992 -89.287804 5.000000 
-320.366791 413.285889 -88.375801 5.000000 
-320.665894 413.699707 -88.016403 5.000000 
-321.700897 414.824005 -86.954903 5.000000 
-320.830414 416.672913 -90.569801 5.000000 
-321.475098 415.154297 -88.592796 5.000000 
-319.315491 413.895386 -89.932098 5.000000 
-318.670990 416.570404 -88.261597 5.000000 
-321.717102 417.720886 -85.578300 5.000000 
-317.222992 414.993896 -83.565903 5.000000 
-321.772308 413.771698 -86.763100 5.000000 
-320.527405 415.349792 -91.865402 5.000000 
-320.413696 413.833191 -89.817703 5.000000 
-320.587097 413.824585 -85.466797 5.000000 
-320.774506 415.584106 -84.987503 5.000000 
-319.239807 414.669586 -90.455200 5.000000 
-320.576385 415.463593 -85.901398 5.000000 
-319.589203 414.941986 -82.779800 5.000000 
-319.116791 414.071289 -88.022003 5.000000 
-321.410400 415.501801 -86.559303 5.000000 
-320.764709 416.794403 -89.587700 5.000000 
-321.119202 413.794891 -92.444901 5.000000 
-321.423004 416.434601 -84.468597 5.000000 
-318.666687 415.936890 -83.982903 5.000000 
-322.813385 414.824493 -85.039497 5.000000 
-320.845886 414.206207 -89.405602 5.000000 
-320.144501 413.034607 -85.329803 5.000000 
-317.895203 418.040894 -87.847702 5.000000 
-323.009888 415.021698 -88.341698 5.000000 
-319.532501 413.407593 -87.485397 5.000000 
-317.113098 413.348785 -86.663696 5.000000 
-320.450287 412.426300 -84.374001 5.000000 
-322.692108 415.816010 -84.853996 5.000000 
-320.212006 416.261414 -84.897202 5.000000 
-318.328186 413.782715 -85.032402 5.000000 
-321.462311 413.896301 -86.402199 5.000000 
-319.375305 413.822113 -90.840599 5.000000 
-321.139587 415.404999 -81.891098 5.000000 
-322.437012 416.809906 -87.599899 5.000000 
-322.636200 417.199493 -84.770897 5.000000 
-320.014099 412.919006 -88.008003 5.000000 
-320.839813 415.264099 -88.644402 5.000000 
-322.375488 413.315613 -87.343002 5.000000 
-320.193390 415.602386 -87.450996 5.000000 
-318.292694 415.751587 -87.099403 5.000000 
-318.344086 413.982086 -85.755501 5.000000 
-318.618988 412.381195 -87.612801 5.000000 
-320.680298 414.405792 -86.901802 5.000000 
-320.542694 414.715210 -85.940002 5.000000 
-320.017487 413.196014 -89.265297 5.000000 
-318.905792 411.529205 -87.581703 5.000000 
-321.331787 414.008606 -89.414398 5.000000 
-317.878296 413.297394 -88.004402 5.000000 
-321.569702 415.651215 -88.188400 5.000000 
-322.046814 414.121796 -86.045700 5.000000 
-319.949005 413.831909 -85.653099 5.000000 
-322.547302 416.711700 -85.719398 5.000000 
-322.661407 417.132202 -85.971397 5.000000 
-318.906586 415.131195 -90.471100 5.000000 
-318.234009 416.212494 -87.558502 5.000000 
-319.226593 414.283112 -87.241997 5.000000 
-321.184113 413.249695 -84.465103 5.000000 
-319.128510 417.797089 -86.704300 5.000000 
-320.788208 413.269897 -86.623398 5.000000 
-320.401093 415.823700 -83.337997 5.000000 
-320.487701 416.255402 -88.615402 5.000000 
-322.459595 417.257690 -86.275703 5.000000 
-321.044098 414.962097 -86.360603 5.000000 
-319.219696 414.306885 -88.779099 5.000000 
-322.480896 413.266602 -86.126297 5.000000 
-320.768097 413.942810 -86.490799 5.000000 
-322.898987 415.040985 -86.589897 5.000000 
-320.775696 415.818512 -88.176201 5.000000 
-321.731995 414.088013 -86.363197 5.000000 
-320.391602 414.400085 -88.053497 5.000000 
-322.310486 413.700012 -90.198799 5.000000 
-320.782288 414.554108 -85.641296 5.000000 
-318.601715 413.393188 -86.096001 5.000000 
-321.811493 416.327911 -90.275703 5.000000 
-320.549500 414.915985 -87.835701 5.000000 
-321.137085 413.105988 -81.958504 5.000000 
-317.639496 413.042999 -90.124702 5.000000 
-320.132812 412.263000 -85.139999 5.000000 
-320.043610 416.855804 -87.736198 5.000000 
-319.939789 415.634705 -85.565201 5.000000 
-320.313995 416.530090 -90.201698 5.000000 
-322.261505 413.322296 -88.282799 5.000000 
-319.430115 414.522705 -86.833801 5.000000 
-319.974792 415.910309 -86.983597 5.000000 
-320.271515 411.396606 -86.812401 5.000000 
-320.601501 415.490295 -88.879601 5.000000 
-321.499786 412.977814 -89.218597 5.000000 
-320.621399 415.326385 -84.126198 5.000000 
-319.204803 413.086212 -85.480598 5.000000 
-319.929993 413.569885 -84.250000 5.000000 
-321.281708 415.467804 -90.312401 5.000000 
-323.183594 412.693512 -87.985703 5.000000 
-322.410614 412.447296 -90.425903 5.000000 
-320.162811 414.098206 -86.353401 5.000000 
-320.375488 416.698090 -88.694901 5.000000 
-320.649902 416.071503 -90.964500 5.000000 
-320.847198 414.375092 -88.907898 5.000000 
-321.667908 412.310394 -88.654999 5.000000 
-322.950592 415.344086 -89.650002 5.000000 
-320.851013 412.334686 -85.619797 5.000000 
-321.004486 413.887695 -87.116898 5.000000 
-320.014496 415.711395 -87.362503 5.000000 
-323.273987 416.255798 -89.808296 5.000000 
-321.192993 412.546997 -88.337303 5.000000 
-318.765900 417.837402 -86.613701 5.000000 
-322.082092 414.826599 -83.001801 5.000000 
-320.632904 415.274994 -91.596703 5.000000 
-320.257599 412.721985 -88.497398 5.000000 
-318.818298 413.992004 -86.981903 5.000000 
-321.398590 414.543488 -89.004303 5.000000 
-321.473297 413.394714 -88.564499 5.000000 
-321.141510 414.359100 -86.139099 5.000000 
-320.799988 414.203003 -82.699097 5.000000 
-320.721497 416.065704 -89.219902 5.000000 
-322.261902 413.385406 -84.906700 5.000000 
-319.678497 415.500702 -85.532402 5.000000 
-323.724487 414.413788 -86.146599 5.000000 
-318.054504 412.838593 -87.161499 5.000000 
-318.341888 415.074097 -89.257797 5.000000 
-317.622314 415.296204 -85.826797 5.000000 
-322.726715 415.877686 -89.438301 5.000000 
-321.405212 414.310608 -85.540001 5.000000 
-321.116699 417.336395 -87.366997 5.000000 
-320.526306 414.501495 -85.436302 5.000000 
-321.912689 413.441010 -86.893204 5.000000 
-320.357605 412.918915 -86.137604 5.000000 
-323.300293 414.039703 -90.549004 5.000000 
-321.632812 415.197906 -89.283600 5.000000 
-321.149200 411.128204 -88.413597 5.000000 
-315.898193 411.694305 -88.340202 5.000000 
-317.872498 414.300995 -86.743599 5.000000 
-321.564697 414.704193 -86.293999 5.000000 
-320.450195 416.485901 -89.939301 5.000000 
-318.976196 413.836700 -87.987396 5.000000 
-318.305786 415.854401 -86.306900 5.000000 
-319.516998 413.298889 -85.965302 5.000000 
-320.025787 416.605286 -90.458397 5.000000 
-321.436310 413.226288 -88.443199 5.000000 
-321.851807 414.299713 -91.299103 5.000000 
-319.718597 413.303802 -84.224503 5.000000 
-323.635406 413.148590 -90.029297 5.000000 
-318.958801 416.116394 -85.073303 5.000000 
-319.010895 414.233185 -86.999298 5.000000 
-310.700806 546.773193 -134.363007 5.000000 
-312.950104 546.621704 -132.287704 5.000000 
-312.550110 547.625671 -133.611893 5.000000 
-311.326111 546.611084 -130.335999 5.000000 
-311.696808 547.579102 -132.048904 5.000000 
-311.838715 547.064087 -135.645401 5.000000 
-311.958313 547.992981 -132.537598 5.000000 
-310.806000 547.793274 -132.982605 5.000000 
-312.933594 548.884277 -133.996002 5.000000 
-312.659088 548.618530 -131.315094 5.000000 
-313.214111 548.913025 -128.812302 5.000000 
-312.749512 545.772095 -135.028793 5.000000 
-310.425507 548.069397 -133.417694 5.000000 
-310.957794 548.551819 -132.840897 5.000000 
-314.059204 548.266479 -132.247604 5.000000 
-308.671204 548.282715 -133.592194 5.000000 
-312.578400 547.664795 -130.352997 5.000000 
-314.285614 548.434998 -132.279602 5.000000 
-309.894409 549.077515 -133.160995 5.000000 
-313.096985 548.939880 -131.575394 5.000000 
-313.763214 544.956116 -130.209793 5.000000 
-312.557312 549.203003 -133.622101 5.000000 
-312.975708 546.907898 -136.395706 5.000000 
-315.555603 547.420593 -131.532700 5.000000 
-311.477295 548.726318 -133.475601 5.000000 
-314.165802 547.895081 -131.048203 5.000000 
-313.770905 547.726379 -134.977402 5.000000 
-311.833008 546.221924 -138.522903 5.000000 
-311.128998 546.964172 -130.461700 5.000000 
-312.342285 547.967407 -131.163498 5.000000 
-313.186401 546.433105 -132.857697 5.000000 
-312.856110 547.973816 -133.575195 5.000000 
-309.611389 545.943420 -136.249298 5.000000 
-313.775787 548.226196 -135.383301 5.000000 
-309.998199 548.480103 -130.590302 5.000000 
-311.209290 548.267517 -132.261902 5.000000 
-310.910095 544.723694 -132.371094 5.000000 
-312.893585 547.189392 -130.231201 5.000000 
-312.173706 547.793030 -135.691803 5.000000 
-313.107391 548.668884 -135.580307 5.000000 
-311.711609 546.358398 -132.464096 5.000000 
-311.392792 547.991028 -132.065399 5.000000 
-313.122009 547.781494 -133.005402 5.000000 
-311.816315 546.035889 -135.511703 5.000000 
-309.905304 545.268372 -134.007996 5.000000 
-311.822601 544.686890 -134.910004 5.000000 
-312.597198 546.643494 -131.610306 5.000000 
-309.373291 548.112427 -132.077103 5.000000 
-312.405396 546.586182 -129.692398 5.000000 
-311.913788 549.405029 -133.182495 5.000000 
-314.237091 547.932312 -131.293503 5.000000 
-312.521393 545.204590 -132.365601 5.000000 
-310.266693 548.186401 -132.770096 5.000000 
-309.801910 548.064392 -129.753601 5.000000 
-315.671509 549.170227 -132.848801 5.000000 
-309.083191 549.230896 -132.907806 5.000000 
-312.879486 548.469299 -129.709503 5.000000 
-311.801086 547.100281 -135.081100 5.000000 
-311.323303 548.070923 -136.028503 5.000000 
-313.148590 547.498230 -134.154404 5.000000 
-311.818390 547.179810 -134.195602 5.000000 
-313.352203 548.247070 -130.779099 5.000000 
-311.522095 548.686523 -136.955200 5.000000 
-310.222504 544.869324 -134.004898 5.000000 
-309.665497 547.938904 -133.222702 5.000000 
-312.181091 546.867126 -137.487793 5.000000 
-311.162689 547.241516 -134.452606 5.000000 
-310.029694 545.885498 -134.489105 5.000000 
-311.982697 547.985229 -132.779297 5.000000 
-312.717285 547.922974 -129.878403 5.000000 
-314.292786 548.393616 -135.722595 5.000000 
-310.924896 545.431702 -134.273605 5.000000 
-309.716309 549.234009 -132.524704 5.000000 
-313.478302 547.707703 -130.480606 5.000000 
-313.860291 546.590576 -136.087997 5.000000 
-310.527100 548.598511 -134.816101 5.000000 
-314.910004 545.740723 -136.858597 5.000000 
-311.234497 547.927917 -135.983200 5.000000 
-311.511902 547.380676 -134.872192 5.000000 
-311.847687 547.547424 -132.704803 5.000000 
-310.312988 546.755493 -133.722794 5.000000 
-311.980591 547.550903 -132.618896 5.000000 
-312.696686 546.044922 -129.149796 5.000000 
-311.044312 548.689087 -131.645493 5.000000 
-313.096893 548.388794 -132.813400 5.000000 
-313.418213 547.585999 -131.975998 5.000000 
-312.989899 548.628479 -130.678406 5.000000 
-311.503113 548.696411 -137.234207 5.000000 
-312.161194 546.162720 -136.437805 5.000000 
-311.425110 549.235901 -134.223206 5.000000 
-313.530090 547.304321 -134.986694 5.000000 
-313.668793 547.368774 -132.171799 5.000000 
-311.802704 547.153809 -134.848099 5.000000 
-311.532501 547.741211 -132.812195 5.000000 
-312.697205 548.478577 -136.138596 5.000000 
-316.670990 548.734802 -129.896393 5.000000 
-312.758606 549.194824 -129.227203 5.000000 
-310.475189 548.629089 -134.819305 5.000000 
-311.297485 548.575012 -132.174698 5.000000 
-311.952606 546.653198 -135.350006 5.000000 
-310.829895 547.622681 -130.893204 5.000000 
-310.386597 547.853577 -134.973999 5.000000 
-310.802094 548.546082 -133.781006 5.000000 
-312.009705 549.024414 -135.655701 5.000000 
-314.579498 547.199585 -131.903107 5.000000 
-311.999603 548.288330 -134.817795 5.000000 
-312.768188 547.747314 -134.328400 5.000000 
-313.461914 549.041504 -129.568298 5.000000 
-310.962097 548.352600 -135.121094 5.000000 
-314.891693 549.101013 -137.166702 5.000000 
-313.370392 548.833801 -134.652802 5.000000 
-309.929596 547.055725 -133.908798 5.000000 
-314.393585 549.043274 -132.138199 5.000000 
-309.609009 549.406982 -131.571198 5.000000 
-314.968811 548.270386 -133.159805 5.000000 
-314.992798 548.264221 -136.705093 5.000000 
-313.789703 548.583008 -131.115402 5.000000 
-313.199890 548.237000 -130.182404 5.000000 
-313.864410 547.963989 -129.944794 5.000000 
-311.554108 548.957703 -135.432098 5.000000 
-312.312103 547.381226 -133.320694 5.000000 
-311.031708 548.495972 -135.296600 5.000000 
-313.713898 547.607422 -128.684402 5.000000 
-311.919708 547.740601 -138.113907 5.000000 
-313.490295 548.284790 -130.948502 5.000000 
-311.553314 546.605286 -134.608994 5.000000 
-309.837097 548.538696 -136.972397 5.000000 
-311.503510 549.243774 -133.210602 5.000000 
-308.250885 548.830383 -133.897995 5.000000 
-311.156189 548.999695 -134.524506 5.000000 
-310.476593 548.163330 -132.990097 5.000000 
-314.154602 547.531921 -134.116104 5.000000 
-312.767792 548.473328 -133.911697 5.000000 
-309.938385 549.061890 -131.838196 5.000000 
-311.409698 547.859009 -137.854904 5.000000 
-314.286804 548.383301 -133.283798 5.000000 
-311.463501 548.325623 -130.643906 5.000000 
-312.507812 545.805176 -130.455902 5.000000 
-309.329407 546.577820 -134.050903 5.000000 
-313.275085 546.235229 -135.625595 5.000000 
-309.054108 547.577087 -133.050400 5.000000 
-309.853088 547.739075 -131.988297 5.000000 
-310.882385 547.480408 -134.454193 5.000000 
-309.453796 548.703918 -134.854706 5.000000 
-310.386108 549.076294 -134.640503 5.000000 
-315.264587 546.590576 -132.685593 5.000000 
-310.792511 548.281982 -131.694107 5.000000 
-311.611603 549.255798 -131.810501 5.000000 
-312.612396 547.467102 -131.376205 5.000000 
-313.091400 547.417297 -132.914993 5.000000 
-314.040710 547.761475 -132.271896 5.000000 
-311.930695 548.003906 -135.773804 5.000000 
-314.271210 548.470093 -131.971298 5.000000 
-311.374115 549.173218 -135.756104 5.000000 
-309.737396 547.737122 -133.417496 5.000000 
-310.465515 548.333923 -133.868698 5.000000 
-314.842285 545.996216 -132.584595 5.000000 
-312.702606 548.023682 -132.701599 5.000000 
-311.549805 545.975403 -132.307800 5.000000 
-310.939301 548.614075 -137.856003 5.000000 
-313.751404 547.514221 -137.420502 5.000000 
-312.750000 549.263794 -131.301697 5.000000 
-310.700409 548.476074 -135.854202 5.000000 
-312.759399 546.938171 -132.234207 5.000000 
-311.371307 545.780090 -133.378296 5.000000 
-311.503204 547.228699 -132.788193 5.000000 
-310.876587 547.886292 -132.429703 5.000000 
-323.382599 416.297302 -95.366402 4.000000 
-322.202393 418.036713 -95.629700 4.000000 
-332.994995 525.503784 -135.541702 3.000000 
