ply
format ascii 1.0
comment Created by CloudCompare v2.14.beta (Dec  7 2025)
comment Created 2025-12-11T01:00:47
obj_info Generated by CloudCompare!
element vertex 17668
property float x
property float y
property float z
end_header
-0.003250 0.034330 0.077604 
0.051500 0.110440 0.024569 
-0.002250 0.034411 0.078324 
-0.001750 0.034438 0.078564 
0.049250 0.101646 0.033071 
0.046750 0.125199 0.016331 
0.054750 0.105479 0.025703 
0.057750 0.103965 0.024429 
-0.047000 0.096768 0.056705 
0.001250 0.034438 0.078564 
0.001750 0.034452 0.078684 
0.002250 0.034438 0.078564 
-0.008500 0.147726 0.088739 
0.003250 0.034425 0.078444 
0.003750 0.034425 0.078444 
0.004250 0.034384 0.078084 
0.015500 0.097211 0.064489 
-0.004250 0.145660 0.088287 
-0.034500 0.099494 0.080656 
-0.010250 0.140194 0.095306 
-0.007500 0.034818 0.075801 
-0.002750 0.140174 0.092249 
-0.006500 0.034940 0.076882 
-0.022250 0.109820 0.082568 
-0.005500 0.035021 0.077602 
-0.049750 0.156446 0.047644 
0.052250 0.098827 0.033576 
-0.016250 0.111650 0.094518 
-0.003500 0.035129 0.078562 
0.038000 0.116859 0.037668 
-0.002500 0.035170 0.078922 
-0.004000 0.151761 0.077641 
-0.031500 0.153177 0.080756 
0.056500 0.100760 0.030400 
-0.054500 0.156951 0.037234 
-0.031250 0.112499 0.081490 
0.048500 0.117639 0.024837 
0.031250 0.110957 0.046304 
0.001500 0.035197 0.079162 
0.002000 0.035197 0.079162 
-0.042250 0.100888 0.068441 
-0.034500 0.144895 0.083035 
0.003500 0.035183 0.079042 
0.004000 0.035183 0.079042 
0.004500 0.035156 0.078802 
-0.027750 0.153874 0.081235 
0.036000 0.122384 0.034245 
0.008500 0.096346 0.073471 
-0.016500 0.167147 0.039496 
0.007000 0.035007 0.077482 
0.007500 0.034967 0.077122 
0.008000 0.034899 0.076522 
-0.014750 0.133378 0.097686 
-0.059750 0.151813 0.032292 
-0.010250 0.035308 0.073999 
-0.007000 0.144976 0.090890 
-0.000250 0.134706 0.094288 
0.038750 0.113425 0.039824 
-0.004250 0.166061 0.009801 
-0.007750 0.035550 0.076160 
-0.007250 0.035591 0.076520 
0.057500 0.091472 0.040182 
0.015000 0.097299 0.066046 
-0.005750 0.035739 0.077840 
-0.001000 0.159539 0.019966 
-0.004750 0.035793 0.078320 
0.046000 0.101164 0.036632 
-0.003750 0.035833 0.078680 
-0.003250 0.035847 0.078800 
-0.033250 0.148367 0.084113 
-0.005500 0.147710 0.086749 
-0.001750 0.035901 0.079281 
-0.001250 0.035914 0.079401 
-0.000750 0.035928 0.079521 
-0.000250 0.035928 0.079521 
0.000250 0.035928 0.079521 
0.017750 0.128550 0.026868 
0.017750 0.121975 0.040722 
-0.021000 0.161422 0.044840 
-0.015000 0.150473 0.087108 
0.051250 0.104256 0.029134 
0.003250 0.035914 0.079401 
-0.016750 0.138827 0.095533 
0.004250 0.035887 0.079161 
0.028750 0.128581 0.027630 
0.005250 0.035860 0.078920 
0.028500 0.123908 0.036148 
0.006250 0.035793 0.078320 
-0.008750 0.179477 0.021451 
0.007250 0.035712 0.077600 
-0.045000 0.165767 0.045210 
0.008250 0.035631 0.076880 
0.008750 0.035591 0.076520 
0.009250 0.035524 0.075920 
0.009750 0.035456 0.075319 
0.010250 0.035375 0.074599 
0.044500 0.105540 0.038417 
0.046250 0.096963 0.047821 
0.011750 0.035065 0.071838 
0.049250 0.096787 0.045276 
-0.022000 0.034592 0.061393 
-0.021500 0.034605 0.061513 
-0.021000 0.034619 0.061633 
-0.020500 0.034605 0.061513 
-0.013500 0.167150 0.039750 
-0.019500 0.034632 0.061753 
-0.019000 0.034645 0.061873 
0.012250 0.119625 0.051446 
-0.018000 0.034672 0.062113 
-0.009250 0.108491 0.083287 
-0.012500 0.035424 0.068835 
0.039500 0.119521 0.033987 
-0.011500 0.035746 0.071716 
-0.011000 0.035934 0.073397 
-0.020250 0.152520 0.084711 
0.006500 0.111157 0.066406 
-0.009500 0.036121 0.075077 
-0.009000 0.036162 0.075438 
0.026250 0.097487 0.057064 
0.042000 0.100087 0.041845 
-0.007500 0.036283 0.076518 
-0.007000 0.036350 0.077118 
-0.026750 0.125071 0.092138 
-0.001000 0.123124 0.096217 
-0.005500 0.036457 0.078079 
0.009750 0.096965 0.072274 
0.024750 0.109753 0.050364 
-0.004000 0.036524 0.078679 
-0.007000 0.172889 0.028824 
-0.003000 0.036551 0.078919 
-0.002500 0.036564 0.079039 
-0.002000 0.036578 0.079159 
-0.065750 0.172189 0.033393 
-0.001000 0.036618 0.079519 
-0.000500 0.036618 0.079519 
0.000000 0.036618 0.079519 
0.000500 0.036618 0.079519 
-0.000500 0.095434 0.081257 
0.001500 0.036618 0.079519 
0.005750 0.102594 0.074668 
-0.027500 0.106355 0.081372 
0.003000 0.036618 0.079519 
0.003500 0.036605 0.079399 
0.004000 0.036605 0.079399 
0.004500 0.036591 0.079279 
0.005000 0.036578 0.079159 
0.005500 0.036578 0.079159 
0.006000 0.036537 0.078799 
0.006500 0.036484 0.078319 
0.007000 0.036470 0.078198 
0.007500 0.036430 0.077838 
0.044000 0.101288 0.038539 
-0.018000 0.153201 0.083633 
-0.039250 0.145352 0.066982 
0.009500 0.036215 0.075918 
0.010000 0.036162 0.075438 
0.056750 0.114838 0.012381 
-0.041500 0.154374 0.055107 
-0.040250 0.117878 0.079453 
-0.043000 0.121125 0.074545 
-0.037000 0.111539 0.075145 
-0.031250 0.106933 0.079217 
0.047250 0.114357 0.030676 
0.064500 0.094453 0.021994 
-0.022000 0.124490 0.097350 
0.015000 0.035129 0.066195 
0.047000 0.117734 0.026743 
-0.028500 0.143592 0.088060 
0.051000 0.118834 0.019886 
0.017000 0.034686 0.062233 
0.017500 0.034686 0.062233 
-0.015750 0.140193 0.095193 
-0.029500 0.103657 0.081972 
-0.059750 0.163406 0.032016 
-0.046250 0.155050 0.050551 
-0.000750 0.145587 0.083035 
0.020500 0.034659 0.061993 
0.021000 0.034659 0.061993 
-0.013250 0.114460 0.098254 
0.030500 0.114380 0.044400 
0.022500 0.034686 0.062233 
0.021500 0.106470 0.055151 
0.023500 0.034713 0.062473 
0.024000 0.034699 0.062353 
0.024500 0.034713 0.062473 
0.025000 0.034726 0.062593 
0.025500 0.034713 0.062473 
-0.028000 0.136660 0.086031 
0.016000 0.127891 0.028393 
0.027000 0.034739 0.062713 
-0.042750 0.141015 0.059561 
0.028000 0.034726 0.062593 
-0.010750 0.115813 0.098707 
0.029000 0.034686 0.062233 
-0.053000 0.164308 0.044325 
-0.040750 0.123349 0.079570 
-0.019250 0.155249 0.079797 
0.031000 0.034686 0.062233 
0.023000 0.101002 0.057544 
-0.035750 0.152457 0.077761 
-0.000750 0.125151 0.096216 
0.033000 0.034511 0.060673 
-0.006000 0.136785 0.096779 
0.034000 0.034458 0.060193 
0.005250 0.116903 0.089989 
0.035000 0.034310 0.058872 
0.051000 0.099540 0.033577 
0.044000 0.096354 0.049399 
-0.020000 0.155932 0.077998 
-0.029750 0.035237 0.060911 
-0.029250 0.035264 0.061151 
-0.028750 0.035277 0.061271 
-0.028250 0.035290 0.061391 
0.025750 0.121886 0.038817 
-0.027250 0.035317 0.061631 
-0.026750 0.035304 0.061511 
-0.026250 0.035317 0.061631 
-0.025750 0.035331 0.061751 
-0.025250 0.035331 0.061751 
-0.006250 0.148396 0.086389 
-0.024250 0.035357 0.061991 
-0.009000 0.121858 0.099501 
-0.023250 0.035371 0.062111 
-0.007750 0.182432 0.016751 
-0.022250 0.035371 0.062111 
0.031250 0.093169 0.054907 
-0.021250 0.035384 0.062231 
-0.020750 0.035371 0.062111 
0.039000 0.116801 0.036524 
-0.026500 0.099693 0.084249 
-0.019250 0.035384 0.062231 
-0.018750 0.035384 0.062231 
-0.018250 0.035384 0.062231 
-0.017750 0.035411 0.062471 
-0.017250 0.035424 0.062591 
-0.017750 0.166422 0.039624 
-0.040000 0.157202 0.054863 
-0.008000 0.167096 0.035054 
-0.024000 0.127167 0.094177 
-0.039250 0.152278 0.057987 
-0.014250 0.035464 0.062951 
-0.013750 0.035945 0.067273 
-0.047500 0.094089 0.058620 
-0.012750 0.036172 0.069314 
-0.012250 0.036333 0.070754 
-0.011750 0.036466 0.071955 
0.052250 0.119360 0.015822 
-0.036750 0.102744 0.077542 
-0.010250 0.036747 0.074475 
-0.009750 0.036787 0.074836 
-0.009250 0.036827 0.075196 
-0.008750 0.036867 0.075556 
-0.008250 0.036921 0.076036 
-0.007750 0.036961 0.076396 
-0.041000 0.117140 0.078016 
-0.006750 0.037068 0.077357 
-0.014250 0.163575 0.043692 
-0.005750 0.037121 0.077837 
0.039500 0.115438 0.037666 
-0.011250 0.103069 0.083768 
-0.004250 0.037202 0.078557 
-0.003750 0.037202 0.078557 
0.036500 0.116924 0.038938 
-0.002750 0.037241 0.078917 
-0.017000 0.136779 0.096100 
0.016250 0.110019 0.056350 
-0.011500 0.154549 0.078838 
0.038750 0.106527 0.042995 
-0.072250 0.176544 0.026024 
0.000250 0.037308 0.079517 
0.004000 0.111252 0.068561 
-0.068500 0.160968 0.017044 
-0.009750 0.175084 0.027931 
-0.056500 0.154051 0.035842 
0.015500 0.123931 0.036656 
0.016250 0.105938 0.058623 
0.003750 0.037308 0.079517 
0.004250 0.037295 0.079397 
-0.005500 0.162517 0.021611 
-0.008750 0.133392 0.098818 
-0.015500 0.162868 0.044836 
0.006250 0.037228 0.078797 
0.006750 0.037188 0.078437 
-0.007750 0.156262 0.038631 
-0.012500 0.155912 0.074882 
0.029250 0.104188 0.051439 
-0.032250 0.119558 0.088063 
0.009500 0.121742 0.051806 
-0.018000 0.154565 0.080996 
0.010250 0.036841 0.075316 
0.010750 0.036774 0.074716 
0.011250 0.036680 0.073875 
-0.041750 0.094047 0.069519 
0.012000 0.116269 0.055395 
0.042750 0.109104 0.038675 
-0.013500 0.119206 0.100406 
0.048250 0.115622 0.027501 
0.014250 0.036119 0.068834 
0.014750 0.035972 0.067513 
0.015250 0.035892 0.066793 
-0.008750 0.126588 0.099954 
0.037250 0.116221 0.039065 
0.016750 0.035411 0.062471 
0.022000 0.126626 0.032587 
-0.070250 0.166090 0.012212 
0.040750 0.121523 0.031068 
-0.040000 0.139133 0.071420 
0.019250 0.035397 0.062351 
0.019750 0.035397 0.062351 
0.020250 0.035397 0.062351 
0.020750 0.035397 0.062351 
0.021250 0.035397 0.062351 
-0.004000 0.153124 0.074524 
-0.040750 0.149443 0.056912 
0.022750 0.035411 0.062471 
-0.016000 0.140876 0.094853 
0.040500 0.097713 0.048562 
0.024250 0.035437 0.062711 
-0.043000 0.125290 0.075381 
-0.008500 0.154522 0.075123 
0.037750 0.121654 0.033863 
0.003750 0.121042 0.093385 
0.026750 0.035464 0.062951 
-0.037750 0.126237 0.083638 
-0.018500 0.095704 0.085808 
0.028250 0.035451 0.062831 
0.028750 0.035437 0.062711 
0.030000 0.111683 0.046685 
-0.010500 0.155888 0.070927 
0.030250 0.035424 0.062591 
-0.066750 0.157345 0.020478 
0.031250 0.035411 0.062471 
0.031750 0.035397 0.062351 
0.015250 0.116800 0.050966 
0.032750 0.035344 0.061871 
0.037000 0.127667 0.023059 
0.038750 0.128272 0.020137 
0.034250 0.035224 0.060791 
0.034750 0.035170 0.060311 
0.035250 0.035117 0.059830 
0.035750 0.035077 0.059470 
0.036250 0.034996 0.058750 
-0.037000 0.158615 0.054261 
-0.005500 0.136783 0.096552 
0.054250 0.095160 0.042222 
0.025500 0.113142 0.047576 
0.038750 0.034368 0.053108 
-0.001000 0.103534 0.079577 
-0.031500 0.035923 0.060789 
-0.031000 0.035949 0.061029 
-0.030500 0.035989 0.061389 
-0.030000 0.036016 0.061629 
-0.023000 0.102414 0.084248 
-0.029000 0.036016 0.061629 
-0.028500 0.036016 0.061629 
-0.028000 0.036029 0.061749 
-0.062750 0.166384 0.036452 
-0.027000 0.036029 0.061749 
-0.026500 0.036042 0.061869 
0.015500 0.113393 0.053478 
0.010000 0.104293 0.067483 
-0.054250 0.157676 0.037613 
-0.024500 0.036069 0.062109 
-0.024000 0.036082 0.062229 
0.017750 0.108611 0.056110 
-0.014000 0.127264 0.099614 
-0.015000 0.167152 0.039876 
-0.019000 0.157184 0.051386 
0.028750 0.115106 0.044781 
-0.039250 0.153686 0.057505 
-0.059500 0.174371 0.031739 
-0.020000 0.036082 0.062229 
-0.043750 0.153646 0.052471 
-0.019000 0.036082 0.062229 
0.044500 0.109690 0.036515 
0.018250 0.114007 0.051324 
-0.017500 0.036122 0.062589 
-0.017000 0.036109 0.062469 
-0.016500 0.036109 0.062469 
-0.016000 0.036109 0.062469 
-0.034500 0.129763 0.086152 
-0.015000 0.036162 0.062950 
-0.048500 0.157173 0.049109 
-0.009250 0.097694 0.084968 
-0.005750 0.133388 0.098479 
-0.013000 0.036841 0.069072 
-0.066500 0.165452 0.020463 
-0.012000 0.037080 0.071232 
-0.048000 0.165765 0.045083 
-0.011000 0.037320 0.073393 
-0.000750 0.122453 0.096217 
-0.003250 0.123822 0.097463 
-0.009500 0.037480 0.074834 
-0.039250 0.143968 0.068062 
-0.038250 0.149661 0.076204 
-0.040500 0.109800 0.067005 
-0.007500 0.037679 0.076634 
-0.012500 0.171462 0.033776 
0.010250 0.100984 0.070238 
-0.006000 0.037786 0.077595 
-0.027750 0.134635 0.087947 
0.027250 0.097352 0.054669 
-0.004500 0.037866 0.078315 
-0.004000 0.037866 0.078315 
-0.003500 0.037892 0.078555 
0.024250 0.117910 0.044402 
-0.034000 0.136579 0.082319 
-0.002000 0.037932 0.078915 
0.034000 0.103316 0.048079 
-0.001000 0.037972 0.079275 
-0.000500 0.037985 0.079396 
0.000000 0.037985 0.079396 
0.000500 0.037999 0.079516 
-0.033250 0.146984 0.083993 
0.028000 0.102175 0.053234 
0.037750 0.100979 0.044643 
-0.070000 0.165360 0.013229 
-0.069000 0.174362 0.030089 
0.003500 0.037985 0.079396 
0.004000 0.037972 0.079275 
0.030750 0.108250 0.048209 
0.005000 0.037972 0.079275 
0.005500 0.037959 0.079155 
-0.016250 0.149793 0.087947 
0.006500 0.037905 0.078675 
0.007000 0.037879 0.078435 
0.007500 0.037852 0.078195 
0.017250 0.097789 0.062453 
-0.034000 0.120203 0.087112 
0.009000 0.037706 0.076875 
-0.020250 0.114392 0.096103 
0.010000 0.037600 0.075914 
0.030500 0.111662 0.046304 
0.011000 0.037413 0.074234 
0.011500 0.037347 0.073633 
-0.015750 0.126582 0.099614 
0.027500 0.123902 0.036021 
0.013000 0.037054 0.070992 
-0.011250 0.182439 0.010788 
0.014000 0.036894 0.069552 
0.014500 0.036748 0.068232 
0.028750 0.094498 0.053710 
0.015500 0.036495 0.065951 
0.016000 0.036455 0.065591 
-0.055500 0.155495 0.036221 
-0.023750 0.103076 0.083888 
-0.016750 0.136097 0.096326 
0.018000 0.036096 0.062349 
0.018500 0.036096 0.062349 
0.019000 0.036096 0.062349 
0.019500 0.036109 0.062469 
0.020000 0.036109 0.062469 
0.040000 0.127545 0.020138 
-0.068750 0.160217 0.016411 
-0.062000 0.168577 0.037208 
0.022000 0.036109 0.062469 
-0.061750 0.166399 0.037721 
-0.015250 0.097721 0.085448 
0.023500 0.036135 0.062710 
0.024000 0.036149 0.062830 
0.024500 0.036162 0.062950 
-0.029250 0.094917 0.084012 
0.068000 0.092162 0.010030 
0.026000 0.036189 0.063190 
-0.035750 0.129046 0.085194 
-0.010000 0.124538 0.099729 
0.027500 0.036189 0.063190 
-0.024250 0.125120 0.094631 
0.038750 0.097077 0.049759 
0.054250 0.100162 0.032179 
-0.044750 0.156478 0.051987 
-0.049750 0.163618 0.046611 
-0.041250 0.102407 0.071076 
-0.030250 0.105631 0.080534 
-0.007000 0.099673 0.083890 
0.032000 0.036109 0.062469 
0.032500 0.036096 0.062349 
-0.022750 0.122471 0.097009 
0.033500 0.036042 0.061869 
0.034000 0.036002 0.061509 
0.034500 0.035962 0.061149 
-0.024000 0.153197 0.083153 
0.035500 0.035856 0.060189 
0.062500 0.105389 0.012228 
-0.024000 0.117721 0.095084 
0.051000 0.111905 0.025080 
0.037500 0.035590 0.057788 
-0.007000 0.155506 0.036729 
0.038500 0.035324 0.055387 
0.039000 0.035164 0.053946 
0.039500 0.035071 0.053106 
-0.038250 0.102657 0.075865 
0.040500 0.034778 0.050465 
-0.018500 0.107805 0.083168 
0.041500 0.034578 0.048664 
0.042000 0.034399 0.047042 
-0.035750 0.036065 0.055745 
0.003250 0.121055 0.093951 
-0.030250 0.140088 0.084833 
-0.016750 0.157893 0.051145 
-0.033750 0.036330 0.058146 
-0.033250 0.036383 0.058626 
-0.032750 0.036463 0.059346 
-0.027750 0.120982 0.090894 
-0.031750 0.036635 0.060907 
0.046000 0.092354 0.052990 
-0.022250 0.144289 0.090777 
-0.009500 0.153174 0.080397 
0.038000 0.110026 0.042362 
-0.029250 0.036728 0.061747 
-0.028750 0.036728 0.061747 
-0.028250 0.036728 0.061747 
-0.045250 0.152200 0.049358 
0.004500 0.120337 0.092139 
-0.026750 0.036728 0.061747 
0.008250 0.097033 0.073471 
0.049750 0.122151 0.013413 
-0.033000 0.146294 0.084113 
-0.024750 0.036767 0.062107 
0.021250 0.120619 0.041991 
-0.023750 0.036781 0.062227 
-0.023250 0.036781 0.062227 
0.042750 0.104948 0.040323 
-0.052000 0.168618 0.041142 
0.027250 0.102876 0.053234 
-0.021250 0.036781 0.062227 
-0.020750 0.036767 0.062107 
-0.020250 0.036781 0.062227 
-0.019750 0.036781 0.062227 
-0.019250 0.036781 0.062227 
-0.014500 0.119206 0.100406 
-0.036500 0.139274 0.078606 
-0.017750 0.036781 0.062227 
0.007000 0.107177 0.069998 
-0.016750 0.036781 0.062227 
-0.014500 0.105105 0.083648 
0.048750 0.119696 0.022809 
-0.015250 0.036794 0.062347 
-0.026000 0.131233 0.091005 
-0.014250 0.036807 0.062467 
-0.013750 0.037350 0.067389 
-0.016250 0.169300 0.036699 
-0.012750 0.037549 0.069190 
-0.042500 0.104280 0.067244 
0.003500 0.111267 0.068920 
-0.011250 0.037934 0.072671 
-0.042000 0.164344 0.046864 
-0.010250 0.038079 0.073992 
-0.070500 0.160907 0.013364 
-0.009250 0.038146 0.074592 
-0.008750 0.038185 0.074952 
-0.008250 0.038252 0.075552 
-0.007750 0.038318 0.076153 
-0.007250 0.038371 0.076633 
-0.006750 0.038397 0.076873 
-0.006250 0.038437 0.077233 
-0.014250 0.162151 0.045219 
0.032250 0.109554 0.046430 
-0.029250 0.151136 0.084472 
-0.004250 0.038543 0.078193 
-0.023250 0.138796 0.091457 
-0.023500 0.155927 0.077279 
-0.008250 0.121175 0.098935 
-0.002250 0.038596 0.078673 
-0.058250 0.169319 0.038603 
-0.018750 0.125209 0.099162 
0.030750 0.104158 0.050840 
-0.000250 0.038663 0.079274 
0.000250 0.038676 0.079394 
-0.034250 0.142826 0.083395 
0.001250 0.038676 0.079394 
0.001750 0.038676 0.079394 
-0.035000 0.158615 0.054381 
0.002750 0.038663 0.079274 
-0.024000 0.121771 0.095763 
-0.009750 0.130675 0.099726 
0.004250 0.038649 0.079154 
0.004750 0.038649 0.079154 
0.008000 0.095043 0.074669 
0.005750 0.038636 0.079034 
-0.001000 0.128598 0.097801 
-0.007000 0.151792 0.080877 
-0.013500 0.136788 0.097118 
-0.034750 0.153816 0.073925 
0.008250 0.038477 0.077593 
0.008750 0.038437 0.077233 
-0.034500 0.116028 0.084481 
0.009750 0.038331 0.076273 
-0.007000 0.120480 0.097915 
0.010750 0.038172 0.074832 
0.011250 0.038053 0.073752 
0.011750 0.038000 0.073271 
0.012250 0.037814 0.071591 
0.012750 0.037748 0.070991 
0.013250 0.037655 0.070150 
0.037500 0.108678 0.043505 
0.014250 0.037496 0.068710 
0.032000 0.110245 0.046176 
-0.026000 0.136699 0.087827 
0.015000 0.127859 0.027631 
0.016250 0.036993 0.064148 
0.016750 0.036807 0.062467 
0.017250 0.036781 0.062227 
0.017750 0.036781 0.062227 
0.018250 0.036807 0.062467 
0.049000 0.121703 0.019511 
0.019250 0.036794 0.062347 
0.019750 0.036807 0.062467 
-0.005000 0.129990 0.099499 
0.020750 0.036820 0.062587 
0.021250 0.036820 0.062587 
0.021750 0.036820 0.062587 
0.011500 0.123971 0.037545 
0.022750 0.036834 0.062707 
-0.027500 0.103700 0.082810 
-0.061250 0.160419 0.028342 
0.024250 0.036873 0.063068 
0.024750 0.036887 0.063188 
0.012000 0.096214 0.071196 
-0.038500 0.143303 0.070219 
-0.004750 0.108294 0.079097 
-0.034000 0.132498 0.085193 
0.027250 0.036900 0.063308 
0.027750 0.036900 0.063308 
-0.007000 0.154514 0.074164 
-0.003500 0.146328 0.086509 
0.001750 0.102769 0.078021 
0.010000 0.108379 0.066166 
0.030250 0.036847 0.062827 
0.030750 0.036847 0.062827 
0.031250 0.036847 0.062827 
-0.029500 0.128466 0.089873 
-0.003500 0.150393 0.079679 
0.032750 0.036807 0.062467 
0.025750 0.094765 0.058261 
0.033750 0.036741 0.061867 
0.034250 0.036701 0.061507 
0.034750 0.036661 0.061147 
0.035250 0.036608 0.060667 
0.035750 0.036555 0.060187 
0.036250 0.036489 0.059586 
0.018250 0.112638 0.052161 
0.050750 0.098878 0.034339 
-0.067000 0.166922 0.019952 
0.038250 0.036158 0.056585 
0.038750 0.036052 0.055625 
0.039250 0.035853 0.053824 
0.051250 0.111166 0.024698 
0.040250 0.035628 0.051783 
-0.018250 0.118519 0.099726 
0.041250 0.035389 0.049623 
0.041750 0.035296 0.048782 
0.003000 0.129838 0.089646 
-0.018500 0.164283 0.042548 
0.043250 0.034938 0.045517 
0.043750 0.034799 0.044248 
-0.014000 0.136787 0.097005 
0.044750 0.034618 0.042599 
0.008750 0.114375 0.060421 
0.045750 0.034367 0.040314 
-0.036000 0.036779 0.055863 
-0.035500 0.036872 0.056703 
-0.035000 0.036925 0.057183 
-0.034500 0.036964 0.057544 
-0.034000 0.037030 0.058144 
-0.009250 0.104394 0.083049 
0.033750 0.117705 0.040337 
-0.032500 0.037255 0.060185 
-0.039250 0.139840 0.071898 
-0.003500 0.095583 0.083772 
0.000250 0.141493 0.086150 
0.042750 0.110480 0.037914 
-0.030000 0.037400 0.061505 
0.046500 0.092339 0.052751 
-0.029000 0.037413 0.061625 
-0.009750 0.166398 0.037594 
-0.028000 0.037413 0.061625 
-0.017750 0.111623 0.093726 
-0.027000 0.037413 0.061625 
0.033750 0.105325 0.046427 
-0.026000 0.037413 0.061625 
0.033750 0.116333 0.041225 
-0.004500 0.129988 0.099386 
-0.019750 0.153882 0.082314 
-0.024000 0.037466 0.062105 
-0.023500 0.037466 0.062105 
-0.023000 0.037479 0.062225 
-0.022500 0.037479 0.062225 
0.040000 0.118166 0.035383 
-0.027000 0.120329 0.091800 
-0.021000 0.037466 0.062105 
-0.007500 0.177272 0.023993 
-0.020000 0.037453 0.061985 
-0.019500 0.037453 0.061985 
0.054000 0.093176 0.044128 
-0.018500 0.037439 0.061865 
-0.018000 0.037439 0.061865 
-0.017500 0.037453 0.061985 
-0.017000 0.037453 0.061985 
-0.037250 0.152390 0.070330 
-0.036250 0.138595 0.079324 
-0.002000 0.100885 0.081135 
-0.015000 0.037466 0.062105 
-0.014500 0.037492 0.062345 
-0.014000 0.037453 0.061985 
-0.003750 0.126575 0.099274 
0.034750 0.097090 0.049999 
-0.005000 0.147704 0.086270 
-0.039750 0.141206 0.070220 
-0.067250 0.164692 0.018814 
-0.011000 0.038627 0.072669 
-0.010500 0.038693 0.073270 
0.016000 0.116098 0.050966 
-0.019000 0.143608 0.092588 
-0.009000 0.038812 0.074350 
0.008000 0.108434 0.067364 
0.051750 0.115292 0.021148 
-0.007500 0.039010 0.076151 
-0.007000 0.039063 0.076631 
-0.006500 0.039089 0.076871 
-0.006000 0.039115 0.077111 
0.038500 0.123587 0.029035 
-0.005000 0.039181 0.077711 
-0.004500 0.039195 0.077831 
0.013750 0.096682 0.067363 
-0.003500 0.039234 0.078192 
-0.003000 0.039247 0.078312 
-0.002500 0.039261 0.078432 
-0.064000 0.153830 0.025814 
0.052750 0.096584 0.042350 
-0.059250 0.160473 0.031515 
0.007500 0.121782 0.053003 
-0.054000 0.161415 0.044459 
0.000500 0.102155 0.079338 
0.001000 0.039353 0.079272 
0.023500 0.106401 0.053715 
0.002000 0.039340 0.079152 
0.002500 0.039327 0.079032 
-0.015000 0.175807 0.025518 
0.003500 0.039327 0.079032 
0.004000 0.039327 0.079032 
-0.016500 0.142242 0.094060 
0.005000 0.039327 0.079032 
-0.019750 0.137449 0.094514 
0.006000 0.039300 0.078792 
0.049500 0.102319 0.032437 
0.022250 0.117936 0.044911 
0.014000 0.101452 0.066046 
0.008000 0.039181 0.077711 
0.008500 0.039142 0.077351 
-0.052250 0.160718 0.045984 
-0.027750 0.115435 0.086636 
0.010000 0.038997 0.076031 
0.010500 0.038931 0.075430 
-0.008750 0.166378 0.035944 
0.011500 0.038667 0.073030 
0.012000 0.038574 0.072189 
-0.051750 0.167903 0.042159 
0.013000 0.038390 0.070509 
-0.015250 0.170741 0.034792 
0.031750 0.128518 0.026106 
0.014500 0.038060 0.067507 
0.015000 0.037954 0.066547 
0.039250 0.099558 0.044515 
0.016000 0.037717 0.064386 
0.025000 0.100920 0.055988 
-0.039250 0.123427 0.081964 
-0.021000 0.160011 0.046874 
0.037750 0.102399 0.044772 
-0.031250 0.142855 0.085072 
0.019000 0.037505 0.062465 
0.019500 0.037505 0.062465 
-0.004250 0.136099 0.096553 
0.020500 0.037519 0.062585 
0.043750 0.093105 0.053829 
-0.033500 0.124307 0.088287 
0.036000 0.123707 0.031702 
-0.052750 0.163590 0.044708 
-0.003000 0.149022 0.080997 
-0.037500 0.157208 0.055941 
0.024000 0.037571 0.063066 
0.024500 0.037584 0.063186 
-0.012750 0.169303 0.036953 
0.046500 0.108140 0.034352 
0.051000 0.100917 0.032816 
0.035500 0.099049 0.047440 
0.027000 0.037611 0.063426 
-0.042750 0.131490 0.072863 
-0.000750 0.114313 0.093613 
0.028500 0.037571 0.063066 
-0.036000 0.095313 0.079221 
0.029500 0.037545 0.062826 
0.030000 0.037545 0.062826 
-0.005750 0.173479 0.000579 
0.042000 0.092477 0.055027 
-0.006750 0.129313 0.099840 
-0.017750 0.136093 0.095987 
-0.063000 0.174369 0.031358 
-0.017000 0.099733 0.084968 
0.033500 0.037466 0.062105 
0.044250 0.110401 0.036516 
-0.015750 0.107135 0.083407 
0.035000 0.037334 0.060905 
0.006750 0.101208 0.074429 
0.036000 0.037228 0.059944 
0.036500 0.037162 0.059344 
-0.004000 0.103602 0.080894 
0.037500 0.037004 0.057904 
0.038000 0.036938 0.057303 
-0.026500 0.146348 0.088400 
-0.037000 0.146211 0.078243 
-0.030000 0.116114 0.086635 
-0.009250 0.182433 0.015863 
0.040500 0.036278 0.051301 
0.006250 0.113143 0.064251 
0.041500 0.036080 0.049500 
0.042000 0.035921 0.048053 
0.042500 0.035838 0.047292 
0.043000 0.035755 0.046530 
0.015000 0.126605 0.032079 
0.044000 0.035506 0.044246 
0.044500 0.035409 0.043358 
0.045000 0.035326 0.042597 
-0.039250 0.135750 0.076212 
-0.031250 0.130504 0.088174 
0.042750 0.111858 0.037153 
0.047000 0.034856 0.038282 
0.047500 0.034786 0.037648 
0.048000 0.034676 0.036633 
-0.008000 0.101015 0.083530 
0.049000 0.034523 0.035237 
0.049500 0.034413 0.034222 
0.040750 0.120167 0.032591 
-0.037250 0.037047 0.051899 
-0.015750 0.144294 0.092701 
-0.036250 0.037441 0.055501 
-0.035750 0.037533 0.056341 
-0.035250 0.037586 0.056821 
-0.034750 0.037625 0.057181 
-0.034250 0.037678 0.057661 
-0.033750 0.037744 0.058262 
-0.035500 0.158616 0.054501 
-0.032750 0.037914 0.059822 
-0.021000 0.106443 0.083168 
-0.031750 0.038033 0.060903 
-0.031250 0.038059 0.061143 
-0.024500 0.147726 0.088287 
-0.030250 0.038085 0.061383 
0.001500 0.116326 0.093386 
-0.004750 0.121118 0.096556 
-0.029250 0.097625 0.083771 
-0.006500 0.107668 0.080294 
-0.027750 0.038085 0.061383 
-0.018500 0.155928 0.077399 
-0.026750 0.038085 0.061383 
-0.026250 0.038072 0.061263 
-0.068500 0.168366 0.016777 
-0.025250 0.038098 0.061503 
-0.024750 0.038112 0.061623 
-0.024250 0.038138 0.061863 
-0.007000 0.162561 0.024530 
-0.023250 0.038151 0.061983 
0.043500 0.098921 0.045532 
-0.025500 0.123070 0.093725 
-0.021750 0.038151 0.061983 
-0.021250 0.038151 0.061983 
-0.019750 0.119848 0.099387 
-0.020250 0.038138 0.061863 
-0.019750 0.038125 0.061743 
-0.009000 0.142240 0.093721 
-0.022250 0.101747 0.084487 
-0.018250 0.038098 0.061503 
0.030250 0.102797 0.051678 
0.036500 0.103145 0.045408 
-0.016750 0.038112 0.061623 
-0.016250 0.038112 0.061623 
-0.015750 0.038125 0.061743 
-0.015250 0.038125 0.061743 
-0.014750 0.038138 0.061863 
-0.014250 0.038138 0.061863 
-0.037750 0.102675 0.076224 
-0.013250 0.038795 0.067866 
-0.012750 0.038953 0.069306 
0.025000 0.111795 0.048809 
-0.038250 0.145464 0.074649 
-0.024250 0.138785 0.090098 
0.004250 0.115564 0.090443 
-0.010250 0.039360 0.073028 
-0.044500 0.152913 0.049596 
-0.009250 0.039439 0.073748 
-0.008750 0.039505 0.074348 
-0.008250 0.039557 0.074828 
-0.007750 0.039649 0.075669 
-0.007250 0.039689 0.076029 
-0.006000 0.123169 0.098256 
-0.006250 0.039781 0.076869 
-0.005750 0.039807 0.077109 
0.049750 0.102977 0.031548 
-0.033000 0.142147 0.084114 
-0.004250 0.039873 0.077710 
-0.003750 0.039886 0.077830 
-0.002000 0.135406 0.095647 
-0.042250 0.135658 0.072141 
-0.012000 0.155906 0.073803 
-0.001750 0.039951 0.078430 
0.012750 0.100817 0.067124 
-0.000750 0.039991 0.078790 
-0.000250 0.040004 0.078910 
-0.051000 0.168618 0.041142 
0.000750 0.040017 0.079030 
0.001250 0.040017 0.079030 
0.001750 0.040030 0.079150 
-0.003000 0.162417 0.015011 
-0.021500 0.115053 0.095763 
0.003250 0.039991 0.078790 
0.003750 0.039991 0.078790 
0.004250 0.039991 0.078790 
0.004750 0.039991 0.078790 
0.005250 0.039991 0.078790 
0.005750 0.039978 0.078670 
0.006250 0.039965 0.078550 
0.017500 0.114699 0.051085 
0.013000 0.121478 0.045167 
-0.002500 0.151738 0.075244 
0.024250 0.108409 0.051681 
0.035750 0.110798 0.043507 
0.009250 0.039741 0.076509 
0.009750 0.039689 0.076029 
0.010250 0.039623 0.075429 
0.010750 0.039544 0.074708 
0.011250 0.039465 0.073988 
0.011750 0.039255 0.072067 
0.012250 0.039084 0.070507 
-0.007250 0.105673 0.081372 
0.013250 0.038953 0.069306 
-0.022250 0.156615 0.075960 
-0.025500 0.155923 0.076560 
-0.035750 0.156508 0.057261 
0.015250 0.038585 0.065945 
0.015750 0.038440 0.064624 
0.060250 0.109028 0.012365 
0.016750 0.038164 0.062103 
0.017250 0.038164 0.062103 
0.017750 0.038177 0.062223 
-0.026500 0.135326 0.088174 
-0.038750 0.126193 0.082202 
0.019250 0.038190 0.062343 
0.019750 0.038204 0.062463 
0.020250 0.038217 0.062583 
0.027750 0.112438 0.047575 
-0.008750 0.137469 0.096779 
0.021750 0.038217 0.062583 
-0.014000 0.165718 0.041403 
0.013000 0.101490 0.066765 
0.036500 0.092543 0.056104 
-0.002250 0.117065 0.095650 
0.024250 0.038282 0.063184 
0.024750 0.038295 0.063304 
-0.036250 0.134474 0.081122 
-0.006000 0.096986 0.084490 
0.026250 0.038322 0.063544 
0.033000 0.129112 0.022930 
-0.004750 0.138822 0.094967 
0.027750 0.038309 0.063424 
-0.021250 0.126538 0.097236 
0.023750 0.107068 0.052997 
0.029250 0.038256 0.062944 
0.029750 0.038243 0.062824 
0.030250 0.038243 0.062824 
0.030750 0.038243 0.062824 
0.031250 0.038243 0.062824 
-0.055750 0.162113 0.042807 
0.032250 0.038230 0.062703 
0.017250 0.108633 0.056589 
0.033250 0.038177 0.062223 
-0.047250 0.093558 0.061375 
0.034250 0.038098 0.061503 
0.034750 0.038046 0.061023 
0.035250 0.038006 0.060663 
-0.039500 0.095057 0.074909 
0.014500 0.127912 0.028901 
0.036750 0.037822 0.058982 
-0.051750 0.153480 0.042318 
0.037750 0.037652 0.057421 
0.038250 0.037560 0.056581 
0.038750 0.037494 0.055981 
0.039250 0.037323 0.054420 
0.040750 0.105026 0.041595 
-0.007250 0.104339 0.081972 
0.040750 0.036942 0.050939 
0.041250 0.036837 0.049978 
0.041750 0.036732 0.049018 
0.042250 0.036585 0.047670 
0.001000 0.120419 0.095424 
0.043250 0.036406 0.046021 
-0.069750 0.180952 0.022590 
0.029750 0.093155 0.054667 
0.044500 0.124678 0.021031 
0.045250 0.035993 0.042214 
-0.065500 0.161044 0.021740 
-0.013500 0.117860 0.100066 
0.046750 0.035690 0.039423 
-0.056000 0.158352 0.035454 
0.047750 0.035470 0.037393 
0.048250 0.035388 0.036631 
0.048750 0.035292 0.035743 
0.049250 0.035195 0.034855 
0.049750 0.035126 0.034221 
0.023750 0.097594 0.058980 
0.024250 0.096208 0.059100 
0.051250 0.034906 0.032191 
0.051750 0.034837 0.031556 
0.052250 0.034727 0.030541 
0.052750 0.034645 0.029780 
0.035250 0.098388 0.048076 
-0.015000 0.097049 0.085568 
-0.013250 0.145665 0.091569 
-0.023250 0.118421 0.096103 
-0.036000 0.038182 0.055859 
-0.041000 0.100431 0.072752 
-0.009000 0.170000 0.033525 
-0.005500 0.171235 0.002879 
-0.034000 0.038391 0.057779 
-0.022000 0.117781 0.097235 
0.011750 0.116913 0.053959 
-0.032500 0.038640 0.060060 
-0.032000 0.038692 0.060541 
-0.031500 0.038718 0.060781 
-0.031000 0.038745 0.061021 
-0.030500 0.038758 0.061141 
0.006250 0.098509 0.075268 
-0.027250 0.105696 0.081851 
-0.034000 0.142135 0.083395 
-0.028500 0.038758 0.061141 
-0.028000 0.038758 0.061141 
0.049000 0.102343 0.032818 
-0.027000 0.038745 0.061021 
0.039000 0.102991 0.042992 
-0.026000 0.038745 0.061021 
-0.025500 0.038745 0.061021 
0.001250 0.121085 0.095197 
-0.024500 0.038784 0.061381 
0.017500 0.095720 0.062693 
-0.023500 0.038823 0.061741 
-0.023000 0.038823 0.061741 
-0.022500 0.038823 0.061741 
-0.037000 0.150384 0.078840 
-0.021500 0.038823 0.061741 
-0.009250 0.096355 0.085328 
-0.020500 0.038810 0.061621 
0.055500 0.112932 0.017458 
-0.024500 0.114926 0.091688 
0.038000 0.120959 0.034243 
-0.012750 0.111670 0.095084 
-0.018000 0.038771 0.061261 
-0.017500 0.038784 0.061381 
-0.017000 0.038784 0.061381 
-0.018500 0.135407 0.095760 
-0.016000 0.038771 0.061261 
0.024000 0.115865 0.045799 
-0.038750 0.145365 0.067821 
0.012000 0.108290 0.064251 
-0.014000 0.038797 0.061501 
-0.013250 0.100400 0.084728 
0.026750 0.121886 0.038817 
0.022250 0.094899 0.060537 
-0.012000 0.039739 0.070145 
-0.028250 0.144282 0.088173 
-0.002250 0.126561 0.098481 
-0.043000 0.096110 0.069399 
-0.010000 0.040027 0.072786 
-0.009500 0.040080 0.073266 
-0.054750 0.163572 0.043439 
-0.008500 0.040171 0.074106 
0.065500 0.095701 0.019198 
0.007000 0.097789 0.074669 
-0.007000 0.040381 0.076027 
-0.006500 0.040420 0.076387 
-0.006000 0.040446 0.076627 
-0.005500 0.040472 0.076867 
-0.005000 0.040498 0.077108 
-0.004500 0.040525 0.077348 
-0.004000 0.040551 0.077588 
-0.005000 0.143603 0.091117 
-0.031750 0.144234 0.084952 
-0.002500 0.040590 0.077948 
-0.002000 0.040603 0.078068 
-0.001500 0.040616 0.078188 
-0.001000 0.040642 0.078428 
-0.070500 0.171291 0.012076 
0.000000 0.040668 0.078668 
0.000500 0.040695 0.078908 
0.001000 0.040695 0.078908 
0.001500 0.040695 0.078908 
0.002000 0.040695 0.078908 
0.002500 0.040681 0.078788 
0.065250 0.093634 0.020593 
0.003500 0.040655 0.078548 
0.004000 0.040655 0.078548 
0.048500 0.096206 0.047057 
0.005000 0.040655 0.078548 
0.005500 0.040642 0.078428 
0.006000 0.040642 0.078428 
-0.007000 0.165420 0.017925 
0.007000 0.040590 0.077948 
0.051750 0.109721 0.024568 
0.008000 0.040525 0.077348 
0.033500 0.097800 0.050119 
0.009000 0.040433 0.076507 
-0.038750 0.124812 0.082322 
-0.054250 0.154821 0.038253 
-0.010750 0.169293 0.035937 
0.011000 0.040171 0.074106 
0.011500 0.040053 0.073026 
0.012000 0.039779 0.070505 
-0.021750 0.112913 0.092028 
0.013000 0.039648 0.069304 
0.013500 0.039608 0.068944 
0.014000 0.039491 0.067864 
-0.012250 0.134748 0.098025 
-0.037250 0.146908 0.078362 
0.015500 0.039177 0.064983 
0.016000 0.039098 0.064262 
0.016500 0.038836 0.061861 
-0.031000 0.104948 0.080535 
0.017500 0.038849 0.061981 
0.018000 0.038876 0.062221 
0.018500 0.038889 0.062341 
0.019000 0.038889 0.062341 
0.019500 0.038889 0.062341 
0.046000 0.094996 0.050237 
-0.006000 0.135425 0.097459 
0.019750 0.096332 0.061255 
0.021500 0.038915 0.062582 
0.022000 0.038915 0.062582 
0.022500 0.038915 0.062582 
0.020250 0.112583 0.050845 
-0.056750 0.151915 0.036608 
0.003750 0.113258 0.067005 
0.024500 0.038980 0.063182 
-0.064500 0.153813 0.025053 
-0.031500 0.136615 0.083995 
0.020000 0.113280 0.050725 
0.026500 0.039019 0.063542 
0.037750 0.106581 0.043885 
0.027500 0.039006 0.063422 
0.015250 0.093802 0.065447 
-0.022750 0.109815 0.082448 
0.029000 0.038954 0.062942 
-0.018750 0.117162 0.099047 
0.030000 0.038941 0.062822 
-0.004500 0.163895 0.014628 
-0.023750 0.114262 0.092028 
-0.006000 0.158321 0.033804 
0.032000 0.038928 0.062702 
0.038250 0.105152 0.043630 
-0.038250 0.099953 0.076585 
-0.000250 0.096102 0.081017 
0.034000 0.038810 0.061621 
0.034500 0.038771 0.061261 
-0.004750 0.110111 0.089200 
0.035500 0.038666 0.060300 
-0.003250 0.108255 0.078259 
0.036500 0.038562 0.059340 
0.037000 0.038496 0.058740 
0.037500 0.038417 0.058020 
-0.005500 0.104961 0.080774 
0.038500 0.038195 0.055979 
-0.011750 0.097701 0.085088 
0.034000 0.126474 0.029030 
0.040000 0.037802 0.052377 
-0.042750 0.119096 0.075383 
-0.013250 0.173634 0.030725 
0.045500 0.095010 0.050476 
0.042000 0.037344 0.048175 
0.042500 0.037235 0.047160 
0.023000 0.107774 0.053117 
0.043500 0.037057 0.045511 
0.044000 0.036948 0.044496 
0.044500 0.036866 0.043735 
0.045000 0.036756 0.042720 
0.045500 0.036633 0.041578 
-0.017250 0.114445 0.097801 
0.046500 0.036442 0.039802 
0.047000 0.036332 0.038787 
0.038500 0.111383 0.041347 
-0.026500 0.153194 0.082794 
0.048500 0.036086 0.036503 
0.049000 0.035963 0.035361 
-0.031000 0.096910 0.083172 
-0.051750 0.149108 0.039025 
-0.020750 0.136074 0.094062 
0.016750 0.103229 0.060179 
0.051500 0.035580 0.031809 
0.052000 0.035512 0.031174 
0.043250 0.126673 0.016710 
-0.002250 0.098879 0.081854 
-0.025500 0.114752 0.086516 
-0.059250 0.164973 0.039882 
0.054500 0.035115 0.027495 
0.013750 0.112823 0.056590 
0.055500 0.034924 0.025719 
-0.014000 0.116506 0.099499 
-0.037750 0.038271 0.050214 
0.023250 0.104384 0.055390 
-0.036750 0.038453 0.051895 
-0.036250 0.038753 0.054656 
-0.035750 0.038883 0.055857 
-0.035250 0.038922 0.056217 
-0.034750 0.038961 0.056577 
-0.034250 0.039027 0.057177 
-0.033750 0.039079 0.057657 
-0.033250 0.039131 0.058137 
-0.037000 0.157209 0.056181 
-0.040750 0.124722 0.079450 
-0.031750 0.039378 0.060419 
-0.009000 0.124533 0.099502 
-0.030750 0.039418 0.060779 
-0.030250 0.039418 0.060779 
-0.029750 0.039430 0.060899 
-0.042750 0.163638 0.048007 
0.044000 0.109726 0.037151 
-0.028250 0.039418 0.060779 
0.043000 0.109777 0.038041 
0.031500 0.111626 0.045669 
-0.026750 0.039418 0.060779 
-0.026250 0.039405 0.060659 
0.020500 0.121291 0.041230 
-0.025250 0.039418 0.060779 
-0.034750 0.123603 0.087349 
-0.033500 0.104876 0.079098 
0.033500 0.126485 0.029284 
0.056500 0.116724 0.006542 
-0.022750 0.039496 0.061499 
-0.022250 0.039483 0.061379 
0.022250 0.123254 0.037546 
-0.027250 0.145660 0.088287 
-0.020750 0.039483 0.061379 
0.035250 0.105286 0.045791 
-0.019750 0.039470 0.061259 
-0.019250 0.039457 0.061139 
-0.018750 0.039444 0.061019 
0.039250 0.114775 0.038555 
-0.017750 0.039430 0.060899 
-0.017250 0.039444 0.061019 
-0.010500 0.149104 0.087947 
-0.016250 0.039418 0.060779 
0.047500 0.105252 0.033712 
0.045000 0.098886 0.045023 
-0.011250 0.153866 0.080277 
0.035250 0.113542 0.041984 
-0.030500 0.153183 0.081475 
-0.044500 0.160041 0.051141 
-0.012750 0.040252 0.068462 
-0.015000 0.146351 0.091003 
-0.051500 0.168619 0.041269 
-0.011250 0.040551 0.071223 
0.055000 0.106136 0.024688 
-0.010250 0.040668 0.072304 
-0.009750 0.040695 0.072544 
-0.045500 0.147169 0.046646 
-0.003750 0.136097 0.096326 
-0.036250 0.148323 0.080518 
-0.007750 0.040968 0.075065 
-0.009250 0.100360 0.084009 
-0.006750 0.041059 0.075905 
-0.045750 0.150785 0.049960 
-0.014000 0.124550 0.100295 
-0.005250 0.041151 0.076746 
-0.004750 0.041177 0.076986 
-0.004250 0.041190 0.077106 
-0.003750 0.041216 0.077346 
-0.003250 0.041229 0.077466 
-0.002750 0.041242 0.077586 
0.000500 0.147541 0.073689 
-0.002750 0.130659 0.098593 
-0.001250 0.041294 0.078066 
-0.000750 0.041320 0.078306 
-0.010500 0.140876 0.094853 
0.033500 0.129081 0.022168 
0.000750 0.041372 0.078787 
0.047500 0.096250 0.047693 
-0.009000 0.125904 0.099841 
0.002250 0.041359 0.078667 
-0.015000 0.102414 0.084248 
0.003250 0.041333 0.078426 
-0.015500 0.146351 0.091116 
0.004250 0.041307 0.078186 
0.004750 0.041307 0.078186 
0.005250 0.041307 0.078186 
-0.015500 0.107827 0.083646 
0.006250 0.041281 0.077946 
0.033750 0.127142 0.027759 
-0.014250 0.147038 0.090437 
0.007750 0.041216 0.077346 
-0.031250 0.113948 0.083524 
0.008750 0.041125 0.076506 
0.009250 0.041072 0.076025 
0.009750 0.041020 0.075545 
0.010250 0.040916 0.074585 
0.010750 0.040838 0.073864 
0.011250 0.040786 0.073384 
-0.032500 0.103583 0.080535 
-0.009750 0.122532 0.099728 
0.012750 0.040330 0.069182 
-0.047750 0.159316 0.049584 
0.033500 0.125125 0.031192 
0.014250 0.040082 0.066901 
0.014750 0.039978 0.065941 
0.015250 0.039913 0.065341 
0.015750 0.039808 0.064380 
-0.012750 0.175086 0.028438 
0.016750 0.039522 0.061739 
0.017250 0.039535 0.061859 
0.015750 0.127271 0.030808 
0.018250 0.039561 0.062099 
0.018750 0.039574 0.062219 
0.019250 0.039574 0.062219 
-0.037500 0.150369 0.077402 
0.020250 0.039600 0.062459 
0.020750 0.039600 0.062459 
0.055500 0.114338 0.016699 
-0.042500 0.096124 0.069639 
0.042250 0.121421 0.028909 
0.022750 0.039613 0.062579 
0.023250 0.039626 0.062699 
0.023750 0.039652 0.062940 
0.024250 0.039665 0.063060 
0.024750 0.039691 0.063300 
-0.001000 0.135395 0.094628 
0.025750 0.039704 0.063420 
0.030000 0.107596 0.049286 
0.026750 0.039704 0.063420 
-0.045750 0.166476 0.044066 
-0.020000 0.134030 0.095081 
0.028250 0.039678 0.063180 
-0.064500 0.175825 0.029706 
0.029250 0.039626 0.062699 
-0.069000 0.166873 0.015638 
0.030250 0.039613 0.062579 
-0.003750 0.170477 -0.000225 
0.031250 0.039613 0.062579 
0.031750 0.039613 0.062579 
-0.035500 0.160042 0.051500 
-0.018750 0.095025 0.085808 
0.033250 0.039548 0.061979 
-0.049000 0.151438 0.046511 
0.034250 0.039483 0.061379 
0.061500 0.104053 0.014132 
0.035250 0.039391 0.060539 
0.035750 0.039326 0.059938 
0.036250 0.039287 0.059578 
0.036750 0.039222 0.058978 
0.037250 0.039170 0.058498 
-0.002750 0.136090 0.095647 
0.038250 0.038948 0.056457 
0.038750 0.038831 0.055376 
0.039250 0.038740 0.054536 
-0.037250 0.157911 0.055221 
0.040250 0.038466 0.052015 
-0.062500 0.158183 0.026442 
-0.014750 0.165005 0.042293 
-0.058500 0.165706 0.040388 
0.042250 0.037995 0.047666 
-0.016000 0.105105 0.083648 
0.061500 0.106864 0.012614 
0.023250 0.116557 0.045545 
0.014000 0.098730 0.066885 
-0.057500 0.158314 0.033423 
0.045250 0.037410 0.042211 
-0.010000 0.155894 0.071885 
0.046250 0.037179 0.040054 
-0.012250 0.118531 0.100179 
-0.016250 0.096383 0.085808 
0.017500 0.118699 0.046055 
0.039750 0.113376 0.038934 
0.048750 0.036717 0.035741 
0.049250 0.036635 0.034979 
-0.025500 0.098367 0.084848 
0.050250 0.036486 0.033584 
0.050500 0.114718 0.023942 
0.051250 0.036336 0.032188 
0.054250 0.104201 0.028244 
0.052250 0.036173 0.030666 
-0.011500 0.120539 0.100293 
0.053250 0.036023 0.029270 
0.042500 0.104247 0.040450 
-0.063250 0.156008 0.026192 
0.054750 0.035819 0.027368 
0.055250 0.035738 0.026606 
0.055750 0.035656 0.025845 
0.056250 0.035561 0.024957 
0.041250 0.118777 0.033351 
-0.000500 0.139471 0.089759 
0.015000 0.112064 0.055154 
-0.036500 0.039117 0.051532 
-0.036000 0.039481 0.054894 
-0.035500 0.039559 0.055614 
-0.035000 0.039623 0.056215 
-0.034500 0.039662 0.056575 
-0.062250 0.175096 0.030468 
-0.033500 0.039766 0.057535 
-0.033000 0.039805 0.057895 
-0.032500 0.039805 0.057895 
-0.027250 0.120998 0.091573 
-0.031500 0.040052 0.060176 
0.000500 0.096743 0.080298 
-0.030500 0.040091 0.060537 
-0.030000 0.040091 0.060537 
-0.029500 0.040103 0.060657 
-0.048250 0.154969 0.045107 
-0.006000 0.144975 0.090211 
-0.028000 0.040091 0.060537 
-0.027500 0.040091 0.060537 
-0.004000 0.102269 0.081493 
-0.026500 0.040078 0.060417 
-0.026000 0.040078 0.060417 
-0.072000 0.181690 0.019924 
-0.025000 0.040091 0.060537 
0.011500 0.106972 0.065687 
0.042250 0.128104 0.016073 
-0.023500 0.040142 0.061017 
-0.021000 0.150473 0.087108 
-0.022500 0.040155 0.061137 
-0.022000 0.040155 0.061137 
0.035250 0.095816 0.052273 
-0.021000 0.040142 0.061017 
-0.042250 0.157902 0.053303 
-0.020000 0.040129 0.060897 
-0.015250 0.151155 0.086389 
-0.025750 0.123736 0.093385 
-0.025750 0.130553 0.091458 
-0.046000 0.150068 0.049362 
-0.017500 0.040091 0.060537 
0.034250 0.113570 0.042493 
-0.016500 0.040103 0.060657 
0.008250 0.099704 0.072034 
-0.015500 0.040078 0.060417 
-0.026750 0.130543 0.090778 
-0.014500 0.040091 0.060537 
0.038750 0.112056 0.040712 
-0.013500 0.040091 0.060537 
-0.013000 0.040052 0.060176 
-0.012500 0.040921 0.068220 
-0.012000 0.040986 0.068820 
-0.011500 0.041103 0.069901 
-0.028250 0.126421 0.090892 
-0.010500 0.041297 0.071702 
-0.010000 0.041336 0.072062 
-0.009500 0.041375 0.072422 
-0.009000 0.041414 0.072782 
0.062000 0.090788 0.030893 
-0.008000 0.041609 0.074583 
-0.007500 0.041661 0.075063 
0.001750 0.110694 0.071554 
-0.006500 0.041738 0.075783 
-0.006000 0.041764 0.076024 
-0.005000 0.103620 0.081253 
0.003000 0.106038 0.074907 
0.056250 0.093617 0.040439 
-0.004000 0.041868 0.076984 
-0.003500 0.041894 0.077224 
0.044250 0.101990 0.038413 
-0.002500 0.041920 0.077464 
-0.002000 0.041933 0.077584 
-0.048000 0.157174 0.049468 
-0.001000 0.041959 0.077824 
-0.000500 0.041985 0.078065 
0.000000 0.041998 0.078185 
-0.069750 0.164626 0.013865 
0.001000 0.042037 0.078545 
0.001500 0.042037 0.078545 
0.002000 0.042024 0.078425 
0.002500 0.042024 0.078425 
0.003000 0.042011 0.078305 
0.027250 0.127255 0.030427 
0.041750 0.098354 0.047567 
0.004500 0.041972 0.077945 
0.005000 0.041959 0.077824 
0.012250 0.102200 0.067124 
0.006000 0.041946 0.077704 
0.054750 0.116483 0.016196 
0.016750 0.107287 0.057666 
0.001750 0.101439 0.078740 
-0.054250 0.163577 0.043819 
0.008500 0.041803 0.076384 
0.009000 0.041738 0.075783 
0.012000 0.094858 0.071555 
0.014000 0.113438 0.054556 
0.010500 0.041479 0.073382 
0.011000 0.041453 0.073142 
0.017250 0.119360 0.045166 
0.059000 0.103222 0.024046 
-0.020000 0.110539 0.083406 
0.013000 0.040986 0.068820 
0.013500 0.040947 0.068460 
0.014000 0.040791 0.067019 
-0.012500 0.112377 0.096103 
0.015000 0.040610 0.065339 
0.015500 0.040558 0.064859 
0.016000 0.040415 0.063538 
-0.001250 0.129284 0.098027 
0.017000 0.040207 0.061617 
0.050250 0.100245 0.033451 
-0.013000 0.158590 0.048147 
-0.039750 0.101202 0.074309 
-0.059250 0.167870 0.039113 
0.019500 0.040272 0.062217 
-0.030000 0.117522 0.087951 
0.020500 0.040285 0.062337 
0.021000 0.040285 0.062337 
-0.034750 0.152470 0.079199 
0.022000 0.040285 0.062337 
-0.000250 0.129268 0.097008 
0.023000 0.040298 0.062457 
0.023500 0.040324 0.062698 
0.024000 0.040350 0.062938 
0.024500 0.040363 0.063058 
0.025000 0.040376 0.063178 
-0.038750 0.116568 0.080889 
0.026000 0.040389 0.063298 
0.056750 0.095923 0.032809 
0.027000 0.040389 0.063298 
0.027500 0.040376 0.063178 
0.028000 0.040376 0.063178 
-0.044250 0.156480 0.052347 
-0.018750 0.162157 0.045600 
-0.021250 0.114366 0.095311 
0.030000 0.040285 0.062337 
0.010000 0.098989 0.071555 
0.031000 0.040285 0.062337 
0.031500 0.040285 0.062337 
-0.035500 0.132462 0.083757 
-0.035250 0.098778 0.080058 
0.033000 0.040246 0.061977 
-0.028750 0.094932 0.084251 
-0.026250 0.133278 0.089646 
-0.064250 0.158872 0.023902 
0.035000 0.040103 0.060657 
0.048000 0.103770 0.032820 
0.036000 0.040013 0.059816 
0.054750 0.100137 0.031798 
-0.015250 0.156603 0.073923 
0.037000 0.118261 0.037288 
-0.022500 0.129911 0.094403 
-0.066000 0.171460 0.033522 
-0.038500 0.097911 0.076825 
-0.003750 0.167506 0.005451 
0.040000 0.039247 0.052733 
-0.046000 0.158601 0.050784 
-0.020000 0.112277 0.093160 
-0.067500 0.180212 0.018658 
0.060250 0.107671 0.014014 
-0.034250 0.149734 0.082675 
0.043000 0.038551 0.046268 
-0.029750 0.138713 0.085193 
0.044000 0.038362 0.044492 
0.044500 0.038240 0.043350 
0.045000 0.038159 0.042589 
0.000500 0.123114 0.095763 
0.045750 0.106134 0.036511 
0.046500 0.037848 0.039672 
-0.038000 0.160044 0.052340 
0.047500 0.037646 0.037769 
0.048000 0.037537 0.036754 
0.048500 0.037470 0.036120 
0.049000 0.037389 0.035359 
-0.010750 0.142925 0.093381 
0.050000 0.037227 0.033836 
0.050500 0.037159 0.033202 
-0.044000 0.121026 0.071672 
-0.032750 0.152488 0.081236 
-0.065750 0.158830 0.021618 
0.052500 0.036875 0.030538 
0.001500 0.110054 0.072631 
0.053500 0.036699 0.028889 
0.054000 0.036618 0.028128 
0.054500 0.036578 0.027747 
-0.009250 0.138831 0.096099 
-0.043250 0.135596 0.069387 
0.024500 0.127949 0.029790 
0.056500 0.036267 0.024830 
0.057000 0.036186 0.024069 
0.057500 0.036050 0.022800 
-0.037250 0.039691 0.050330 
-0.036750 0.039743 0.050810 
0.027500 0.093975 0.056704 
0.026000 0.102249 0.054671 
-0.044000 0.147219 0.048769 
0.002000 0.100749 0.078620 
-0.040250 0.159328 0.052941 
0.037000 0.097726 0.048801 
0.034500 0.123770 0.033099 
-0.032750 0.040467 0.057533 
-0.032250 0.040467 0.057533 
-0.043250 0.150809 0.052357 
-0.031250 0.040712 0.059814 
-0.015000 0.135421 0.097119 
-0.032500 0.125693 0.088740 
-0.029750 0.040764 0.060295 
0.026000 0.118547 0.043005 
-0.028750 0.040764 0.060295 
-0.028250 0.040764 0.060295 
-0.062500 0.168573 0.036828 
-0.035000 0.147648 0.081956 
-0.026750 0.040751 0.060174 
0.021250 0.104431 0.056348 
-0.025750 0.040751 0.060174 
0.027250 0.117853 0.043259 
-0.024750 0.040751 0.060174 
0.000250 0.134693 0.093156 
-0.023750 0.040790 0.060535 
-0.023250 0.040803 0.060655 
-0.022750 0.040815 0.060775 
0.061000 0.094765 0.026447 
-0.017500 0.120539 0.100293 
-0.021250 0.040815 0.060775 
-0.063500 0.175824 0.029579 
-0.045500 0.151496 0.050078 
-0.005000 0.117746 0.095990 
-0.019250 0.040764 0.060295 
-0.018750 0.040764 0.060295 
-0.024000 0.150468 0.086629 
0.050000 0.098638 0.041334 
0.054250 0.116515 0.016831 
-0.034250 0.126353 0.087468 
-0.033250 0.100209 0.081255 
0.054250 0.117881 0.015183 
-0.001500 0.123127 0.096330 
-0.014750 0.040712 0.059814 
-0.014250 0.040738 0.060054 
-0.014750 0.115827 0.099160 
-0.013250 0.040738 0.060054 
-0.028750 0.120963 0.090101 
0.026500 0.122560 0.038056 
-0.011750 0.041707 0.069059 
-0.011250 0.041772 0.069659 
-0.025500 0.106402 0.082330 
-0.010250 0.041965 0.071460 
-0.045750 0.125711 0.066285 
-0.009250 0.042043 0.072180 
-0.008750 0.042082 0.072540 
-0.041500 0.115676 0.075623 
-0.024000 0.135352 0.090551 
-0.007250 0.042353 0.075061 
-0.006750 0.042379 0.075301 
-0.061000 0.158219 0.028346 
-0.041250 0.131582 0.076454 
-0.005250 0.042469 0.076142 
-0.004750 0.042495 0.076382 
-0.017750 0.140190 0.094740 
-0.003750 0.042534 0.076742 
-0.003250 0.042560 0.076982 
-0.020250 0.108469 0.082808 
-0.002250 0.042586 0.077222 
-0.001750 0.042599 0.077342 
-0.013750 0.172185 0.032886 
-0.007750 0.115769 0.097235 
-0.020500 0.097049 0.085568 
0.003500 0.107343 0.073470 
0.002000 0.132600 0.090438 
0.046500 0.105361 0.035493 
0.001750 0.042689 0.078183 
-0.028000 0.111838 0.081969 
-0.028750 0.142899 0.087707 
0.003250 0.042676 0.078063 
0.003750 0.042650 0.077823 
-0.016250 0.138827 0.095646 
0.004750 0.042624 0.077583 
0.005250 0.042611 0.077463 
0.005750 0.042599 0.077342 
0.006250 0.042586 0.077222 
-0.049750 0.162185 0.047376 
0.035500 0.100449 0.047314 
0.046500 0.113697 0.031691 
-0.057250 0.154739 0.034445 
0.008750 0.042405 0.075542 
0.009250 0.042366 0.075181 
0.009750 0.042327 0.074821 
0.010250 0.042237 0.073981 
0.010750 0.042095 0.072660 
-0.025750 0.127821 0.092364 
-0.055750 0.166447 0.041655 
-0.009500 0.129995 0.099839 
-0.011500 0.159982 0.045224 
0.036500 0.101726 0.045280 
0.038500 0.107234 0.042996 
-0.029000 0.133940 0.087708 
-0.022750 0.147038 0.089305 
0.028500 0.104907 0.051799 
0.008750 0.094299 0.073711 
0.016250 0.040906 0.061615 
0.016750 0.040880 0.061375 
0.017250 0.040893 0.061495 
0.017750 0.040919 0.061735 
0.018250 0.040919 0.061735 
0.030000 0.095170 0.053231 
0.006500 0.121790 0.053243 
0.019750 0.040958 0.062095 
-0.005500 0.128631 0.099840 
0.038500 0.118210 0.036272 
0.027000 0.107674 0.050962 
-0.069750 0.161670 0.014631 
0.022250 0.040971 0.062215 
0.022750 0.040983 0.062335 
0.033500 0.115652 0.041732 
0.023750 0.041009 0.062575 
0.024250 0.041035 0.062816 
0.024750 0.041048 0.062936 
-0.068000 0.160978 0.017679 
0.001000 0.119069 0.095197 
0.026250 0.041061 0.063056 
0.026750 0.041061 0.063056 
-0.038000 0.139197 0.074653 
-0.035000 0.124269 0.086990 
-0.013500 0.140877 0.095079 
0.040000 0.107180 0.042106 
0.034500 0.111526 0.043889 
-0.024500 0.140848 0.089985 
-0.019250 0.095025 0.085808 
-0.000750 0.151019 0.072968 
-0.008000 0.162580 0.025799 
0.007500 0.099155 0.074549 
0.032250 0.040932 0.061855 
0.032750 0.040919 0.061735 
0.033250 0.040906 0.061615 
0.019000 0.114651 0.049888 
0.034250 0.040854 0.061135 
0.049500 0.120295 0.020270 
0.035250 0.040777 0.060415 
-0.008250 0.126588 0.099954 
-0.018250 0.133362 0.096440 
-0.015000 0.105105 0.083648 
0.037250 0.040557 0.058374 
0.010500 0.122954 0.046566 
0.038250 0.040363 0.056573 
-0.034250 0.133168 0.084355 
0.039250 0.040144 0.054532 
0.039750 0.040014 0.053331 
0.040250 0.039872 0.052011 
0.040750 0.039782 0.051170 
0.041250 0.039640 0.049850 
-0.002500 0.149015 0.080398 
-0.019000 0.151837 0.085550 
0.042750 0.039338 0.047027 
0.020750 0.125962 0.033858 
0.043750 0.039109 0.044871 
-0.013500 0.151830 0.084831 
-0.001500 0.099520 0.081135 
-0.021000 0.102420 0.084367 
0.045750 0.038720 0.041192 
0.037500 0.100281 0.044770 
0.046750 0.038505 0.039163 
-0.000250 0.122448 0.095990 
0.014500 0.104154 0.064729 
0.048250 0.038222 0.036499 
0.044500 0.115218 0.033473 
0.017000 0.117393 0.048087 
0.049750 0.037967 0.034089 
0.038500 0.122302 0.032467 
0.050750 0.037833 0.032820 
0.051250 0.037752 0.032059 
0.051750 0.037712 0.031679 
-0.042250 0.110322 0.063174 
0.052750 0.037551 0.030157 
-0.008750 0.105732 0.082570 
-0.049000 0.149972 0.044863 
-0.014500 0.098394 0.085327 
-0.067750 0.169131 0.019314 
0.028000 0.117159 0.043513 
0.058500 0.111207 0.012371 
-0.010000 0.177275 0.024881 
-0.006750 0.112962 0.093500 
0.057250 0.036892 0.023941 
0.057750 0.036731 0.022419 
0.040000 0.119503 0.033606 
-0.036500 0.040421 0.050568 
-0.036000 0.040434 0.050688 
-0.039750 0.162198 0.049697 
0.021000 0.121291 0.041230 
-0.035500 0.122897 0.086512 
0.002250 0.129186 0.091911 
-0.033500 0.041103 0.056931 
0.051500 0.093397 0.047182 
-0.069750 0.172051 0.014486 
-0.033250 0.123632 0.088400 
-0.004500 0.154493 0.071287 
-0.031000 0.041386 0.059572 
-0.030500 0.041412 0.059812 
-0.030000 0.041424 0.059932 
-0.029500 0.041424 0.059932 
-0.029000 0.041424 0.059932 
-0.036000 0.107445 0.075625 
0.038250 0.098354 0.047567 
-0.027500 0.041424 0.059932 
-0.028250 0.105673 0.081372 
-0.014750 0.156600 0.073323 
-0.026000 0.041412 0.059812 
-0.025500 0.041412 0.059812 
-0.025000 0.041412 0.059812 
-0.024500 0.041424 0.059932 
0.027250 0.123236 0.037165 
-0.023500 0.041450 0.060172 
-0.023000 0.041463 0.060292 
0.017750 0.099132 0.061615 
-0.022000 0.041463 0.060292 
-0.025500 0.135335 0.088966 
-0.021000 0.041463 0.060292 
-0.020500 0.041450 0.060172 
-0.020000 0.041450 0.060172 
0.052500 0.120006 0.014172 
-0.019000 0.041424 0.059932 
0.000000 0.127211 0.096669 
0.026500 0.129221 0.025597 
0.039750 0.121570 0.032085 
-0.022750 0.126511 0.095763 
0.042500 0.118051 0.033096 
-0.016000 0.041373 0.059452 
-0.015500 0.041373 0.059452 
-0.015000 0.041360 0.059332 
-0.014500 0.041360 0.059332 
-0.005750 0.157607 0.034059 
0.027500 0.110398 0.049048 
-0.005750 0.160404 0.027453 
0.052250 0.092674 0.046927 
-0.012000 0.041296 0.058732 
-0.004000 0.123146 0.097236 
-0.011000 0.042415 0.069177 
0.029750 0.104182 0.051319 
0.002750 0.104059 0.076464 
0.055750 0.092358 0.042601 
-0.009000 0.042724 0.072058 
-0.008500 0.042737 0.072178 
-0.008000 0.042891 0.073619 
-0.007500 0.042968 0.074339 
0.030250 0.093162 0.054787 
-0.006500 0.043045 0.075060 
-0.027250 0.133271 0.089079 
-0.005750 0.170494 0.005311 
-0.064250 0.166250 0.025411 
-0.004500 0.043161 0.076140 
-0.068500 0.174364 0.030470 
-0.003500 0.043200 0.076500 
0.017000 0.120023 0.044277 
-0.002500 0.043238 0.076860 
-0.052750 0.159261 0.045353 
0.025250 0.108392 0.051321 
-0.001000 0.043290 0.077341 
-0.000500 0.043303 0.077461 
-0.065000 0.161057 0.022502 
0.000500 0.043328 0.077701 
0.001000 0.043341 0.077821 
-0.001250 0.105524 0.078379 
-0.029000 0.135288 0.086390 
0.002500 0.043354 0.077941 
0.003000 0.043341 0.077821 
0.008500 0.101711 0.070956 
0.031750 0.105470 0.048925 
0.004500 0.043277 0.077221 
-0.027750 0.137348 0.085911 
0.005500 0.043264 0.077101 
-0.064000 0.155267 0.025304 
0.006500 0.043226 0.076740 
-0.009500 0.102370 0.083410 
-0.044000 0.104070 0.063053 
0.008000 0.043135 0.075900 
0.008500 0.043084 0.075420 
0.009000 0.043033 0.074939 
-0.053750 0.150556 0.039657 
-0.068750 0.180952 0.020941 
0.010500 0.042724 0.072058 
0.014750 0.115443 0.052162 
0.011500 0.042582 0.070738 
-0.031250 0.149758 0.084832 
-0.019250 0.122532 0.099728 
0.013000 0.042299 0.068096 
0.013500 0.042261 0.067736 
0.014000 0.042196 0.067136 
-0.045000 0.161478 0.050058 
0.004750 0.110561 0.068561 
0.015500 0.041887 0.064254 
-0.033750 0.098831 0.081016 
0.016500 0.041566 0.061253 
0.012000 0.109612 0.062814 
0.017500 0.041592 0.061493 
0.018000 0.041592 0.061493 
0.038500 0.103032 0.043628 
-0.013500 0.129981 0.098933 
0.026250 0.115167 0.045925 
0.054750 0.097384 0.033320 
0.060500 0.091051 0.034456 
0.012000 0.118962 0.052523 
0.021500 0.041643 0.061973 
0.022000 0.041643 0.061973 
0.022500 0.041643 0.061973 
0.023000 0.041656 0.062093 
-0.039750 0.160761 0.051379 
-0.043250 0.134243 0.071304 
0.024500 0.041707 0.062573 
0.025000 0.041720 0.062694 
0.025500 0.041733 0.062814 
0.026000 0.041733 0.062814 
0.026500 0.041733 0.062814 
-0.005000 0.136782 0.096439 
0.003500 0.123060 0.093272 
0.028000 0.041720 0.062694 
-0.019000 0.140871 0.093947 
-0.034250 0.144209 0.083395 
-0.017000 0.098401 0.085447 
-0.006250 0.134747 0.097912 
-0.029250 0.142891 0.087228 
0.031000 0.041605 0.061613 
-0.015500 0.142243 0.094173 
0.032000 0.041592 0.061493 
0.032500 0.041579 0.061373 
-0.022000 0.153199 0.083393 
0.010000 0.094907 0.072394 
0.034000 0.041540 0.061013 
0.034500 0.041502 0.060653 
0.035000 0.041476 0.060413 
0.035500 0.041437 0.060052 
-0.023750 0.145662 0.089532 
0.036500 0.041347 0.059212 
0.037000 0.041283 0.058612 
-0.048500 0.151453 0.047145 
0.000250 0.117045 0.094971 
0.038500 0.041000 0.055970 
-0.011750 0.113075 0.096895 
0.039500 0.040781 0.053929 
0.040000 0.040665 0.052849 
0.040500 0.040550 0.051768 
-0.003250 0.134735 0.096893 
0.033000 0.112925 0.043636 
-0.040000 0.104521 0.072033 
-0.055000 0.159846 0.037482 
0.043000 0.040003 0.046645 
-0.032000 0.114658 0.084242 
-0.063750 0.157431 0.024920 
-0.008250 0.148414 0.087827 
0.053500 0.117251 0.017087 
-0.018750 0.156613 0.075601 
0.046000 0.039375 0.040683 
-0.045250 0.165057 0.046227 
0.034250 0.125802 0.030175 
0.001750 0.098710 0.078860 
0.048000 0.038988 0.037005 
0.045750 0.093025 0.052512 
0.009750 0.118353 0.055036 
0.049500 0.038721 0.034468 
0.050000 0.038654 0.033834 
0.066250 0.092083 0.019063 
0.051000 0.038507 0.032439 
0.051500 0.038454 0.031931 
-0.013750 0.113079 0.097008 
0.001250 0.125129 0.095084 
0.053000 0.038240 0.029902 
-0.006500 0.149076 0.085551 
0.054000 0.038080 0.028380 
0.054500 0.037999 0.027619 
0.055000 0.037946 0.027111 
0.055500 0.037852 0.026223 
-0.062000 0.155322 0.027970 
0.056500 0.037719 0.024955 
-0.057250 0.156164 0.033808 
0.057500 0.037559 0.023433 
0.058000 0.037358 0.021530 
0.058500 0.037064 0.018740 
-0.036750 0.041073 0.050085 
-0.036250 0.041099 0.050326 
0.056750 0.116046 0.007556 
-0.035250 0.041522 0.054287 
0.054250 0.101507 0.030910 
-0.057000 0.170045 0.038474 
-0.033750 0.041727 0.056208 
-0.073500 0.178743 0.023482 
-0.032750 0.041778 0.056689 
-0.032250 0.041804 0.056929 
-0.014750 0.149792 0.087827 
-0.046750 0.094962 0.061615 
-0.019250 0.117156 0.098820 
0.025250 0.107028 0.052159 
-0.021500 0.154565 0.080996 
-0.029250 0.042085 0.059570 
-0.028750 0.042085 0.059570 
0.005500 0.104599 0.073590 
-0.009000 0.147726 0.088853 
-0.027250 0.042085 0.059570 
-0.027750 0.138730 0.086031 
-0.022500 0.142230 0.091343 
-0.040000 0.129582 0.079568 
-0.011500 0.099713 0.084608 
-0.003500 0.158202 0.027458 
0.006000 0.123141 0.051687 
-0.023750 0.042098 0.059690 
-0.023250 0.042111 0.059810 
0.021500 0.096959 0.060058 
-0.024250 0.119749 0.095537 
-0.021750 0.042111 0.059810 
-0.021250 0.042111 0.059810 
-0.020750 0.042098 0.059690 
-0.003750 0.109612 0.078019 
0.034000 0.095149 0.052872 
-0.043500 0.147234 0.049967 
-0.018750 0.042073 0.059450 
0.039500 0.108588 0.041980 
-0.017750 0.042034 0.059090 
-0.017250 0.042021 0.058970 
-0.002500 0.100898 0.081374 
-0.016250 0.042021 0.058970 
-0.015750 0.042021 0.058970 
-0.015250 0.041996 0.058730 
-0.014750 0.041983 0.058610 
-0.014250 0.041983 0.058610 
-0.013750 0.041983 0.058610 
-0.013250 0.041983 0.058610 
-0.012750 0.041983 0.058610 
-0.054000 0.156964 0.037868 
-0.011750 0.041932 0.058129 
-0.011250 0.041880 0.057649 
-0.010750 0.043046 0.068575 
-0.010250 0.043213 0.070135 
-0.041750 0.109065 0.066047 
-0.058750 0.156125 0.031904 
-0.053500 0.151293 0.040544 
-0.008250 0.043443 0.072296 
0.039250 0.094519 0.054069 
0.057750 0.106560 0.019731 
-0.006750 0.043674 0.074457 
-0.036500 0.124227 0.085673 
-0.005750 0.043738 0.075058 
-0.010250 0.134750 0.098252 
-0.008750 0.130677 0.099839 
-0.004250 0.043827 0.075898 
0.000000 0.135376 0.092816 
-0.067750 0.158775 0.018571 
-0.010000 0.103731 0.083409 
-0.002250 0.043904 0.076619 
-0.037250 0.112282 0.076462 
-0.001250 0.043930 0.076859 
-0.000750 0.043956 0.077099 
-0.000250 0.043968 0.077219 
-0.057750 0.157585 0.032917 
0.000750 0.043994 0.077459 
-0.029500 0.155905 0.073683 
0.005750 0.114515 0.063892 
-0.061500 0.165672 0.037722 
0.002750 0.044007 0.077579 
0.003250 0.043994 0.077459 
-0.025000 0.138086 0.088740 
-0.015750 0.119874 0.100406 
0.028250 0.113763 0.046051 
-0.003250 0.112943 0.092934 
0.005750 0.043904 0.076619 
0.006250 0.043879 0.076378 
-0.038750 0.109295 0.071075 
0.016250 0.111354 0.054914 
0.007750 0.043789 0.075538 
-0.068000 0.172906 0.031361 
0.008750 0.043699 0.074698 
-0.065000 0.156679 0.023525 
-0.018000 0.112334 0.094858 
-0.058250 0.159028 0.032533 
0.010750 0.043289 0.070856 
0.011250 0.043251 0.070496 
0.011750 0.043097 0.069055 
-0.005250 0.101631 0.082332 
-0.011500 0.180212 0.018658 
0.013250 0.042931 0.067494 
0.065000 0.091628 0.022751 
0.014250 0.042841 0.066654 
-0.023000 0.095683 0.085449 
0.015250 0.042559 0.064012 
-0.004000 0.099607 0.082692 
0.023000 0.122584 0.038564 
-0.037500 0.158614 0.054141 
-0.036750 0.110805 0.074068 
-0.007000 0.106337 0.081013 
0.018250 0.042265 0.061251 
-0.025250 0.133286 0.090325 
0.019250 0.042290 0.061491 
-0.033500 0.125680 0.088060 
0.020250 0.042316 0.061731 
-0.003750 0.151075 0.078480 
0.021250 0.042329 0.061851 
-0.062750 0.161854 0.026308 
-0.003500 0.104924 0.080056 
0.022750 0.042316 0.061731 
-0.018000 0.101073 0.084608 
0.023750 0.042342 0.061971 
0.024250 0.042354 0.062091 
-0.011500 0.139513 0.095872 
0.025250 0.042393 0.062452 
-0.021250 0.147038 0.089758 
0.048500 0.092230 0.050954 
0.026750 0.042393 0.062452 
0.027250 0.042393 0.062452 
0.027750 0.042380 0.062331 
-0.002000 0.166741 0.002482 
-0.009000 0.162784 0.039252 
0.006000 0.124493 0.049531 
0.029750 0.042303 0.061611 
0.030250 0.042278 0.061371 
-0.017750 0.097728 0.085567 
-0.012250 0.162127 0.043696 
-0.038000 0.140570 0.073575 
0.032250 0.042239 0.061011 
-0.032000 0.110340 0.078976 
0.033250 0.042213 0.060771 
-0.018250 0.141556 0.093947 
0.034250 0.042175 0.060410 
0.034750 0.042149 0.060170 
-0.028500 0.116147 0.087473 
0.023250 0.100324 0.057903 
-0.032500 0.157210 0.056421 
0.036750 0.041996 0.058730 
-0.063000 0.161109 0.025675 
0.062750 0.103029 0.009298 
-0.046500 0.150062 0.048763 
-0.007250 0.155196 0.071886 
0.039250 0.041534 0.054407 
0.039750 0.041445 0.053567 
-0.037500 0.155804 0.057502 
-0.055500 0.156926 0.035964 
0.041250 0.041060 0.049965 
0.041750 0.040958 0.049005 
0.042250 0.040855 0.048038 
-0.001500 0.147605 0.078602 
0.000750 0.114273 0.092368 
-0.010500 0.162809 0.040902 
-0.022250 0.159284 0.046622 
0.044750 0.040364 0.043345 
0.043750 0.122697 0.025353 
0.045750 0.040125 0.041062 
0.046250 0.040032 0.040174 
0.046750 0.039926 0.039159 
-0.046000 0.126398 0.065805 
-0.032750 0.130482 0.087229 
0.048250 0.039673 0.036750 
0.048750 0.039580 0.035862 
0.047750 0.094273 0.049877 
0.049750 0.039408 0.034213 
-0.048500 0.148496 0.042962 
-0.056750 0.170765 0.037711 
0.032500 0.111583 0.044906 
0.051750 0.039142 0.031677 
0.052250 0.039062 0.030916 
0.052500 0.106220 0.026086 
0.053250 0.038930 0.029647 
0.053750 0.038850 0.028886 
0.054250 0.038784 0.028252 
-0.003500 0.124511 0.098369 
-0.041000 0.104413 0.069878 
0.055750 0.038571 0.026223 
0.029250 0.119172 0.041355 
-0.004000 0.116393 0.095650 
0.057250 0.038345 0.024067 
0.057750 0.038252 0.023179 
0.025500 0.098205 0.057424 
-0.032750 0.097515 0.081855 
0.059250 0.037867 0.019501 
-0.036500 0.041752 0.049843 
-0.008500 0.146350 0.090211 
-0.035500 0.041777 0.050083 
-0.035000 0.042160 0.053685 
-0.068000 0.156588 0.018956 
-0.034000 0.042339 0.055366 
-0.033500 0.042390 0.055846 
0.002500 0.119039 0.094065 
-0.019750 0.163561 0.042677 
0.056250 0.104099 0.026591 
-0.031500 0.042479 0.056687 
-0.031000 0.042657 0.058367 
-0.030500 0.042696 0.058728 
0.048500 0.124074 0.007314 
-0.029500 0.042747 0.059208 
-0.029000 0.042747 0.059208 
-0.028500 0.042747 0.059208 
-0.028000 0.042759 0.059328 
-0.027500 0.042759 0.059328 
-0.027000 0.042747 0.059208 
-0.026500 0.042747 0.059208 
-0.026000 0.042747 0.059208 
-0.017500 0.162870 0.044963 
-0.025000 0.042747 0.059208 
-0.024500 0.042747 0.059208 
-0.024000 0.042747 0.059208 
-0.023500 0.042759 0.059328 
0.032250 0.121808 0.037166 
-0.022500 0.042759 0.059328 
0.058000 0.113978 0.009837 
-0.021500 0.042747 0.059208 
0.051750 0.116702 0.020516 
0.052250 0.111081 0.023172 
-0.012000 0.110929 0.093161 
-0.002000 0.115018 0.094631 
0.041250 0.120142 0.032083 
-0.018500 0.042696 0.058728 
-0.018000 0.042683 0.058608 
-0.017500 0.042670 0.058488 
-0.017000 0.042657 0.058367 
-0.016500 0.042657 0.058367 
-0.016000 0.042645 0.058247 
-0.022250 0.134687 0.092590 
-0.044500 0.106686 0.059701 
-0.014500 0.042632 0.058127 
0.005750 0.107900 0.070716 
-0.013500 0.042606 0.057887 
0.041500 0.116729 0.035126 
-0.012500 0.042606 0.057887 
0.047750 0.112948 0.031055 
-0.011500 0.042568 0.057527 
-0.003750 0.114341 0.094518 
0.017000 0.122642 0.039834 
-0.010000 0.043754 0.068693 
-0.009500 0.043945 0.070494 
-0.022750 0.153881 0.082194 
-0.030500 0.150447 0.084712 
-0.008000 0.044150 0.072415 
-0.020250 0.103088 0.084128 
-0.035750 0.106788 0.076224 
-0.006500 0.044315 0.073975 
-0.054500 0.165736 0.042799 
-0.005500 0.044379 0.074576 
-0.005000 0.044417 0.074936 
0.056250 0.114910 0.013778 
0.047500 0.093627 0.050835 
-0.003500 0.044507 0.075776 
-0.003000 0.044532 0.076017 
0.022750 0.096249 0.059818 
0.004500 0.101990 0.076225 
-0.026750 0.149777 0.086509 
-0.001000 0.044596 0.076617 
-0.000500 0.044609 0.076737 
0.008500 0.105681 0.067603 
0.000500 0.044634 0.076977 
0.049500 0.094860 0.047947 
0.001500 0.044647 0.077097 
0.063250 0.095244 0.023013 
-0.040500 0.125431 0.079929 
0.003000 0.044647 0.077097 
0.029250 0.116452 0.043512 
0.035250 0.114910 0.041096 
-0.028500 0.128475 0.090439 
0.005000 0.044583 0.076497 
0.054000 0.106167 0.025196 
0.006000 0.044545 0.076136 
0.006500 0.044519 0.075896 
0.007000 0.044481 0.075536 
0.007500 0.044443 0.075176 
0.008000 0.044392 0.074696 
0.008500 0.044341 0.074216 
-0.020750 0.111231 0.083645 
0.009500 0.044213 0.073015 
-0.054750 0.156231 0.037108 
0.010500 0.043945 0.070494 
0.011000 0.043882 0.069893 
-0.017500 0.139508 0.095080 
0.043000 0.112534 0.036519 
0.040000 0.093847 0.054548 
0.013000 0.043601 0.067252 
0.002000 0.096701 0.079580 
0.011250 0.119671 0.052763 
0.014500 0.043244 0.063890 
0.015000 0.043231 0.063770 
0.015500 0.043219 0.063650 
-0.059250 0.151831 0.033053 
0.050500 0.094788 0.046929 
-0.021250 0.149792 0.087827 
-0.042000 0.119851 0.077298 
-0.011000 0.165694 0.039499 
0.018500 0.042938 0.061009 
0.019000 0.042951 0.061129 
0.019500 0.042963 0.061249 
0.020000 0.042976 0.061369 
0.020500 0.042976 0.061369 
0.043500 0.113895 0.035377 
0.021500 0.042989 0.061489 
-0.024500 0.097028 0.085208 
-0.001500 0.115014 0.094518 
0.023000 0.042989 0.061489 
0.023500 0.042989 0.061489 
0.024000 0.043014 0.061729 
0.024500 0.043027 0.061849 
0.025000 0.043040 0.061969 
0.025500 0.043040 0.061969 
0.026000 0.043053 0.062089 
0.026500 0.043053 0.062089 
0.027000 0.043053 0.062089 
0.027500 0.043040 0.061969 
0.028000 0.043040 0.061969 
0.028500 0.043027 0.061849 
-0.009250 0.099026 0.084489 
0.034750 0.127120 0.027251 
0.030000 0.042963 0.061249 
0.030500 0.042925 0.060889 
0.031000 0.042900 0.060649 
0.031500 0.042874 0.060408 
0.010250 0.118331 0.054438 
0.032500 0.042861 0.060288 
0.039750 0.118853 0.034875 
-0.057500 0.154023 0.034573 
-0.009000 0.143608 0.092701 
-0.041500 0.151554 0.056070 
-0.016750 0.130649 0.097914 
-0.002500 0.112234 0.091915 
0.036000 0.042734 0.059088 
0.036500 0.042696 0.058728 
0.037000 0.042632 0.058127 
-0.030750 0.119576 0.088743 
0.038000 0.042491 0.056807 
0.028000 0.126583 0.031571 
-0.007500 0.124529 0.099275 
0.039500 0.042173 0.053805 
-0.055500 0.172925 0.034280 
-0.005000 0.113643 0.093726 
0.041000 0.041828 0.050563 
0.017500 0.099827 0.061616 
0.042000 0.041586 0.048282 
-0.005000 0.162500 0.020468 
0.043000 0.041402 0.046514 
0.004000 0.104678 0.075146 
0.044000 0.041177 0.044358 
-0.022250 0.151155 0.086389 
0.045000 0.041006 0.042709 
-0.016000 0.143610 0.093154 
-0.021000 0.129931 0.095649 
0.046500 0.040702 0.039792 
-0.018500 0.101073 0.084608 
0.047500 0.040478 0.037636 
0.046000 0.112387 0.033850 
-0.040000 0.137767 0.072858 
0.049000 0.040253 0.035480 
0.046250 0.106088 0.035748 
0.050000 0.040095 0.033958 
-0.020500 0.144977 0.091230 
-0.024000 0.124444 0.095084 
-0.014500 0.131338 0.098366 
-0.025000 0.107753 0.082090 
-0.041750 0.146561 0.052724 
0.053000 0.039672 0.029900 
0.053500 0.039606 0.029266 
0.054000 0.039567 0.028885 
0.054500 0.095734 0.040314 
0.055000 0.039422 0.027490 
0.055500 0.039342 0.026729 
-0.026250 0.152511 0.083753 
0.056500 0.039184 0.025208 
0.008750 0.101035 0.071195 
-0.038000 0.101996 0.076344 
-0.041500 0.147284 0.053801 
-0.017500 0.134049 0.096667 
0.059000 0.038550 0.019120 
0.025750 0.109743 0.050125 
-0.036250 0.042392 0.049241 
-0.035750 0.042443 0.049721 
-0.028500 0.153189 0.082194 
0.014000 0.121327 0.041992 
-0.014000 0.131340 0.098480 
-0.036250 0.108097 0.074906 
-0.033250 0.043078 0.055724 
-0.032750 0.043103 0.055964 
-0.013500 0.115147 0.098820 
-0.022750 0.112633 0.084602 
0.041000 0.093833 0.054309 
-0.030750 0.043205 0.056925 
-0.030250 0.043345 0.058245 
-0.029750 0.043370 0.058486 
-0.041250 0.143853 0.060755 
0.035500 0.103170 0.045790 
-0.028250 0.043408 0.058846 
-0.027750 0.043408 0.058846 
0.019750 0.093608 0.062213 
-0.005250 0.170488 0.003556 
-0.026250 0.043408 0.058846 
-0.024250 0.155244 0.078958 
-0.025250 0.043408 0.058846 
-0.024750 0.043396 0.058726 
-0.024250 0.043408 0.058846 
-0.023750 0.043408 0.058846 
-0.023250 0.043396 0.058726 
-0.052250 0.149095 0.038517 
-0.022250 0.043396 0.058726 
-0.021750 0.043383 0.058605 
0.020000 0.118648 0.045038 
-0.001000 0.095448 0.081496 
-0.005500 0.154503 0.072606 
0.059000 0.105679 0.017059 
-0.019250 0.043332 0.058125 
-0.018750 0.043332 0.058125 
-0.018250 0.043319 0.058005 
-0.017750 0.043307 0.057885 
-0.017250 0.043294 0.057765 
-0.016750 0.043269 0.057525 
-0.056500 0.164276 0.042041 
-0.015750 0.043269 0.057525 
-0.010000 0.180213 0.019800 
-0.014750 0.043269 0.057525 
-0.017000 0.157185 0.051626 
-0.013750 0.043256 0.057405 
-0.013250 0.043243 0.057285 
-0.012750 0.043230 0.057165 
-0.012250 0.043218 0.057045 
-0.059250 0.173647 0.033009 
-0.011250 0.043205 0.056925 
-0.010750 0.043192 0.056805 
-0.010250 0.043154 0.056444 
-0.009750 0.044361 0.067850 
-0.009250 0.044488 0.069051 
-0.008750 0.044589 0.070011 
-0.008250 0.044729 0.071332 
0.006000 0.104581 0.073231 
-0.007250 0.044881 0.072773 
-0.006750 0.044919 0.073133 
-0.019250 0.141554 0.093607 
-0.005750 0.044996 0.073854 
0.027750 0.115133 0.045290 
-0.036750 0.094594 0.078622 
-0.004250 0.045084 0.074694 
-0.003750 0.045123 0.075054 
0.060250 0.106312 0.015536 
-0.009750 0.105762 0.083168 
-0.002250 0.045199 0.075775 
-0.001750 0.045224 0.076015 
-0.001250 0.045237 0.076135 
-0.024250 0.111199 0.082927 
0.012500 0.125276 0.034621 
0.000250 0.045275 0.076495 
-0.009750 0.138831 0.096099 
0.001250 0.045288 0.076615 
0.001750 0.045300 0.076735 
0.002250 0.045300 0.076735 
0.002750 0.045288 0.076615 
-0.029750 0.125031 0.090099 
0.021000 0.117263 0.045545 
0.004250 0.045249 0.076255 
-0.013250 0.160720 0.046111 
0.005250 0.045211 0.075895 
0.005750 0.045199 0.075775 
-0.014250 0.134743 0.097572 
0.006750 0.045123 0.075054 
-0.023500 0.117740 0.095763 
-0.007000 0.147726 0.087947 
0.008250 0.044970 0.073613 
0.008750 0.044919 0.073133 
0.029000 0.104884 0.051320 
0.009750 0.044805 0.072053 
0.010250 0.044576 0.069891 
-0.021250 0.111225 0.083525 
-0.020750 0.137443 0.093835 
0.053250 0.112430 0.021523 
-0.006250 0.096320 0.084730 
-0.019250 0.134720 0.095534 
0.014250 0.119448 0.046945 
-0.005250 0.166090 0.012212 
0.014250 0.043891 0.063408 
-0.010000 0.115123 0.098027 
0.015250 0.043891 0.063408 
0.016750 0.097810 0.062813 
0.016250 0.043611 0.060767 
0.016750 0.043561 0.060286 
0.017250 0.043586 0.060527 
0.017750 0.043586 0.060527 
0.018250 0.043586 0.060527 
0.018750 0.043599 0.060647 
0.019250 0.043611 0.060767 
-0.009500 0.171452 0.032506 
0.020250 0.043637 0.061007 
-0.055250 0.170765 0.037711 
0.021250 0.043649 0.061127 
-0.028750 0.108345 0.080174 
0.022250 0.043662 0.061247 
-0.018750 0.153883 0.082434 
-0.061000 0.153920 0.029876 
-0.018250 0.129281 0.097801 
0.024250 0.043662 0.061247 
0.024750 0.043675 0.061367 
-0.009750 0.149778 0.086629 
0.025750 0.043700 0.061607 
0.026250 0.043700 0.061607 
0.026750 0.043700 0.061607 
-0.057750 0.170763 0.037457 
0.002250 0.110673 0.071075 
0.028250 0.043688 0.061487 
0.028750 0.043675 0.061367 
0.029250 0.043649 0.061127 
-0.008500 0.102357 0.083170 
0.030250 0.043611 0.060767 
-0.003250 0.148350 0.082675 
0.031250 0.043535 0.060046 
0.037750 0.124308 0.029034 
0.032250 0.043497 0.059686 
0.059250 0.102528 0.024426 
0.033250 0.043484 0.059566 
0.033750 0.043472 0.059446 
0.034250 0.043484 0.059566 
0.034750 0.043472 0.059446 
-0.033000 0.095484 0.082095 
0.038750 0.103723 0.043374 
0.036250 0.043383 0.058605 
-0.013000 0.168584 0.037843 
-0.013250 0.104430 0.083768 
0.037750 0.043205 0.056925 
-0.023250 0.136047 0.091344 
-0.045750 0.100574 0.062574 
-0.034500 0.125660 0.087349 
-0.009000 0.178741 0.022594 
0.040250 0.042672 0.051882 
0.002250 0.131908 0.090099 
-0.039500 0.114368 0.077179 
0.002750 0.129174 0.091118 
0.042250 0.042225 0.047653 
0.042750 0.042107 0.046511 
0.043250 0.042055 0.046004 
0.043750 0.041911 0.044609 
0.044250 0.041819 0.043722 
-0.002000 0.140852 0.090777 
0.045250 0.041648 0.042073 
0.045750 0.041517 0.040805 
0.046250 0.041425 0.039917 
0.005000 0.125830 0.047195 
0.047250 0.041215 0.037888 
-0.016750 0.119871 0.100293 
0.048250 0.041045 0.036240 
0.048750 0.040966 0.035479 
-0.066750 0.160277 0.019965 
0.049750 0.040822 0.034084 
0.007250 0.103802 0.071435 
0.050750 0.040677 0.032689 
0.051250 0.040625 0.032182 
-0.031750 0.141463 0.084474 
0.052250 0.040494 0.030913 
0.052750 0.040428 0.030279 
0.053250 0.040362 0.029645 
-0.040000 0.107200 0.070477 
0.054250 0.040244 0.028504 
0.054750 0.040179 0.027870 
0.055250 0.040100 0.027109 
0.006500 0.125651 0.043131 
0.056250 0.039956 0.025714 
0.056750 0.039890 0.025080 
-0.065750 0.160303 0.021488 
0.057750 0.039733 0.023558 
-0.009250 0.133393 0.098932 
0.058750 0.039221 0.018613 
-0.013000 0.129983 0.099046 
-0.034500 0.114614 0.083164 
-0.035500 0.043109 0.049358 
-0.035000 0.043134 0.049599 
-0.034500 0.043122 0.049479 
-0.014500 0.116506 0.099499 
-0.033500 0.043640 0.054401 
-0.025000 0.143597 0.089532 
-0.036500 0.153100 0.071648 
-0.044000 0.152918 0.050196 
-0.031500 0.043805 0.055962 
-0.031000 0.043817 0.056082 
0.043000 0.111155 0.037280 
-0.026250 0.151144 0.085311 
0.053750 0.115154 0.018480 
0.001250 0.112860 0.090444 
-0.028500 0.044045 0.058243 
0.037750 0.099618 0.045405 
0.050000 0.099566 0.033959 
-0.017250 0.148414 0.089418 
-0.008750 0.123857 0.099162 
-0.023000 0.116386 0.095424 
0.051000 0.093443 0.047819 
-0.025000 0.044045 0.058243 
-0.024500 0.044045 0.058243 
-0.024000 0.044045 0.058243 
-0.008000 0.117812 0.098367 
-0.023000 0.044032 0.058123 
-0.028500 0.129843 0.089986 
-0.022000 0.044020 0.058003 
-0.050000 0.160026 0.047763 
-0.015250 0.138829 0.095872 
-0.020500 0.043994 0.057763 
-0.016500 0.144979 0.092248 
-0.019500 0.043982 0.057643 
-0.022250 0.096369 0.085568 
-0.007000 0.138147 0.096099 
-0.018000 0.043944 0.057283 
0.059750 0.111753 0.009069 
-0.060750 0.150307 0.029628 
-0.016500 0.043906 0.056923 
-0.016000 0.113764 0.097461 
-0.013000 0.172908 0.031742 
-0.015000 0.043880 0.056682 
-0.014500 0.043880 0.056682 
-0.012750 0.127942 0.099387 
-0.019250 0.129272 0.097235 
-0.013000 0.043868 0.056562 
-0.012500 0.043843 0.056322 
0.026250 0.109737 0.050005 
-0.006500 0.169772 0.008526 
-0.036500 0.132423 0.082200 
0.057000 0.112720 0.013519 
-0.010000 0.043817 0.056082 
0.043500 0.120645 0.027638 
0.029000 0.106253 0.050602 
-0.008500 0.045069 0.067969 
0.005500 0.124504 0.049890 
-0.026500 0.103719 0.083169 
-0.022750 0.115704 0.095084 
-0.006500 0.045549 0.072531 
-0.006000 0.045600 0.073011 
-0.005500 0.045613 0.073131 
-0.005000 0.045651 0.073491 
-0.006250 0.166116 0.014370 
0.023250 0.124592 0.035384 
-0.003500 0.045726 0.074212 
-0.041000 0.143170 0.062073 
-0.030250 0.112509 0.081729 
0.049000 0.106494 0.030663 
0.053000 0.106197 0.025705 
-0.001000 0.045865 0.075533 
-0.004500 0.127262 0.099501 
0.000000 0.045891 0.075773 
0.000500 0.045903 0.075893 
0.001000 0.045916 0.076013 
0.001500 0.045916 0.076013 
0.024000 0.105030 0.054313 
0.002500 0.045916 0.076013 
0.003000 0.045903 0.075893 
0.003500 0.045891 0.075773 
0.004000 0.045878 0.075653 
-0.010000 0.119191 0.099840 
0.005000 0.045840 0.075292 
0.005500 0.045802 0.074932 
-0.020750 0.131973 0.094855 
0.006500 0.045739 0.074332 
-0.012500 0.150468 0.086629 
-0.068500 0.177285 0.028053 
0.065750 0.092165 0.020208 
0.002750 0.100052 0.078381 
0.009000 0.045448 0.071571 
0.009500 0.045195 0.069169 
0.010000 0.045183 0.069049 
-0.020750 0.149793 0.087947 
0.011000 0.044980 0.067128 
-0.039000 0.101933 0.075147 
0.045500 0.102627 0.037269 
0.012500 0.044905 0.066408 
-0.010250 0.107141 0.083527 
0.013500 0.044803 0.065447 
-0.008750 0.097687 0.084849 
0.014500 0.044576 0.063286 
0.012750 0.106250 0.065089 
0.015500 0.044538 0.062926 
0.016000 0.044487 0.062445 
0.016500 0.044272 0.060404 
0.017000 0.044234 0.060044 
0.046500 0.102570 0.036379 
0.034250 0.114937 0.041605 
0.025000 0.122566 0.038183 
0.019000 0.044260 0.060284 
0.019500 0.044272 0.060404 
-0.018250 0.153884 0.082554 
-0.034000 0.128407 0.086989 
0.021000 0.044310 0.060765 
0.021500 0.044323 0.060885 
0.053750 0.098793 0.033067 
-0.003250 0.094910 0.083892 
0.053250 0.104224 0.028625 
0.012250 0.108939 0.063293 
0.024000 0.044298 0.060645 
0.024500 0.044310 0.060765 
0.025000 0.044336 0.061005 
0.025500 0.044348 0.061125 
-0.032000 0.120247 0.088516 
0.026500 0.044336 0.061005 
0.027000 0.044348 0.061125 
0.027500 0.044336 0.061005 
0.028000 0.044336 0.061005 
0.028500 0.044336 0.061005 
0.029000 0.044323 0.060885 
-0.042750 0.121828 0.075023 
0.030000 0.044285 0.060525 
-0.006250 0.121126 0.096896 
0.031000 0.044222 0.059924 
0.031500 0.044184 0.059564 
0.032000 0.044146 0.059204 
0.059250 0.101237 0.026713 
0.033000 0.044121 0.058964 
0.033500 0.044133 0.059084 
0.034000 0.044121 0.058964 
-0.024500 0.101060 0.084368 
-0.031500 0.146316 0.085671 
0.033000 0.117042 0.041225 
0.050250 0.109888 0.027491 
0.036500 0.044020 0.058003 
0.033750 0.125807 0.030302 
-0.028000 0.128479 0.090665 
-0.009250 0.149777 0.086509 
-0.025750 0.109787 0.081850 
-0.038250 0.156503 0.056422 
-0.000500 0.163796 0.007520 
0.040000 0.043387 0.052000 
0.026500 0.125254 0.034113 
0.037250 0.121659 0.033990 
0.041500 0.043059 0.048878 
0.042000 0.042944 0.047777 
0.006000 0.095213 0.077544 
0.043000 0.042722 0.045622 
0.043500 0.042605 0.044480 
0.035500 0.114216 0.041350 
0.044500 0.042435 0.042832 
0.045000 0.042357 0.042071 
0.045000 0.120561 0.025859 
-0.017000 0.153200 0.083513 
0.046500 0.042044 0.039028 
0.047000 0.041926 0.037887 
0.047500 0.041835 0.036999 
-0.063000 0.172920 0.033519 
-0.039500 0.126846 0.080886 
-0.043000 0.100171 0.067962 
-0.045750 0.099159 0.062094 
0.034000 0.125114 0.030938 
0.050500 0.041405 0.032814 
0.024000 0.125276 0.034621 
-0.036500 0.158615 0.054381 
-0.011000 0.168574 0.036954 
-0.042750 0.124613 0.075980 
-0.038750 0.119341 0.082085 
0.053500 0.041040 0.029264 
-0.018500 0.149103 0.088739 
0.059500 0.093728 0.032042 
0.054500 0.098072 0.032939 
0.055500 0.040792 0.026855 
-0.010500 0.180213 0.019800 
0.056500 0.040661 0.025587 
-0.034500 0.121560 0.087111 
0.057500 0.040505 0.024065 
0.058000 0.040440 0.023431 
0.058500 0.040296 0.022036 
0.059000 0.039931 0.018485 
0.059500 0.039970 0.018866 
-0.001000 0.142214 0.087947 
-0.002750 0.112943 0.092934 
-0.034000 0.135203 0.082679 
-0.043250 0.125957 0.074423 
-0.020750 0.095018 0.085689 
-0.032250 0.044418 0.055119 
-0.031750 0.044443 0.055360 
-0.031250 0.044468 0.055600 
-0.037000 0.108695 0.072991 
0.018250 0.115344 0.049649 
-0.029750 0.044581 0.056680 
-0.057750 0.153308 0.034701 
-0.028750 0.044670 0.057521 
-0.028250 0.044670 0.057521 
-0.027750 0.044682 0.057641 
-0.027250 0.044695 0.057761 
-0.026750 0.044695 0.057761 
-0.026250 0.044682 0.057641 
0.039000 0.101627 0.043754 
-0.001250 0.121112 0.096330 
-0.055250 0.163568 0.043185 
-0.066250 0.169263 0.032892 
-0.030750 0.129139 0.088966 
-0.023250 0.044670 0.057521 
-0.059750 0.173646 0.032756 
0.011500 0.112262 0.059822 
-0.018000 0.162870 0.044963 
-0.012750 0.103082 0.084008 
-0.040250 0.097081 0.074310 
0.000000 0.131304 0.095988 
-0.043250 0.157900 0.052704 
-0.019250 0.044594 0.056800 
-0.018750 0.044581 0.056680 
0.061500 0.093556 0.029625 
-0.017750 0.044569 0.056560 
-0.017250 0.044556 0.056440 
-0.040250 0.145307 0.063867 
-0.016250 0.044518 0.056080 
-0.015750 0.044506 0.055960 
-0.015250 0.044506 0.055960 
-0.025000 0.135340 0.089419 
0.035250 0.125757 0.029159 
0.063500 0.102262 0.008660 
-0.013250 0.044493 0.055840 
-0.012750 0.044481 0.055720 
0.042000 0.093812 0.053949 
-0.011750 0.044455 0.055480 
-0.011250 0.044443 0.055360 
-0.010750 0.044455 0.055480 
-0.022500 0.139487 0.092136 
-0.009750 0.044468 0.055600 
0.043750 0.114580 0.034869 
-0.068250 0.157303 0.018320 
-0.008250 0.045689 0.067246 
-0.007750 0.045702 0.067366 
-0.000500 0.099494 0.080656 
-0.006750 0.045865 0.068927 
-0.006250 0.046142 0.071569 
-0.050250 0.160741 0.047380 
0.041250 0.116057 0.035888 
-0.034500 0.124285 0.087468 
-0.004250 0.046306 0.073129 
-0.003750 0.046344 0.073490 
-0.042000 0.155783 0.054266 
-0.002750 0.046369 0.073730 
0.012500 0.114904 0.056232 
-0.036750 0.105411 0.076104 
-0.001250 0.046469 0.074690 
-0.000750 0.046482 0.074810 
-0.000250 0.046507 0.075051 
0.026750 0.104259 0.052876 
-0.009250 0.103038 0.083170 
0.040000 0.112674 0.039061 
-0.016250 0.172177 0.031744 
-0.031750 0.153860 0.079438 
0.002750 0.046507 0.075051 
0.003250 0.046495 0.074930 
0.003500 0.128470 0.090099 
0.004250 0.046457 0.074570 
-0.042000 0.097530 0.070118 
0.005250 0.046381 0.073850 
-0.034500 0.117425 0.085437 
0.063250 0.102998 0.008789 
0.006750 0.046281 0.072889 
-0.008250 0.129317 0.100066 
0.007750 0.046180 0.071929 
-0.045750 0.165056 0.046100 
0.027750 0.121874 0.038563 
-0.004500 0.150408 0.080997 
0.045000 0.097649 0.047567 
-0.020250 0.141551 0.093041 
0.010750 0.045639 0.066766 
-0.035500 0.120156 0.085795 
-0.009250 0.101695 0.083530 
0.012250 0.045551 0.065926 
0.012750 0.045488 0.065325 
0.013250 0.045437 0.064845 
0.013750 0.045249 0.063044 
-0.033000 0.114643 0.083883 
0.014750 0.045249 0.063044 
-0.033750 0.100190 0.080896 
0.015750 0.045160 0.062203 
0.016250 0.044946 0.060162 
0.016750 0.044921 0.059922 
0.017250 0.044896 0.059682 
-0.062500 0.162598 0.026941 
0.018250 0.044896 0.059682 
0.018750 0.044896 0.059682 
0.019250 0.044921 0.059922 
0.019750 0.044934 0.060042 
0.020250 0.044946 0.060162 
0.018500 0.097061 0.061855 
0.053250 0.117956 0.016708 
0.021750 0.044972 0.060402 
0.047250 0.105972 0.033841 
0.022750 0.044959 0.060282 
0.023250 0.044946 0.060162 
-0.014500 0.175809 0.025899 
0.024250 0.044946 0.060162 
-0.028750 0.106991 0.080414 
-0.029750 0.152502 0.082794 
0.025750 0.044984 0.060523 
0.026250 0.044984 0.060523 
0.026750 0.044984 0.060523 
-0.002250 0.105560 0.079098 
0.022750 0.098981 0.058861 
-0.033750 0.127731 0.087468 
0.002750 0.122412 0.094404 
0.006500 0.105851 0.071075 
-0.013000 0.099726 0.084848 
-0.004250 0.148366 0.083993 
0.030750 0.044909 0.059802 
0.031250 0.044884 0.059562 
0.031750 0.044833 0.059082 
-0.003000 0.123136 0.096783 
0.043500 0.116644 0.033475 
-0.041000 0.109790 0.066765 
0.033750 0.044783 0.058601 
-0.024250 0.094996 0.085329 
0.034750 0.044770 0.058481 
0.035250 0.044758 0.058361 
0.035750 0.044720 0.058001 
0.036250 0.044695 0.057761 
0.036750 0.044657 0.057401 
0.037250 0.044606 0.056920 
0.005500 0.124334 0.089646 
-0.023000 0.110507 0.082687 
0.038750 0.044292 0.053919 
-0.023750 0.104424 0.083648 
0.039750 0.044065 0.051758 
0.040250 0.044015 0.051277 
0.040750 0.043814 0.049356 
-0.038250 0.109333 0.071913 
0.041750 0.043649 0.047775 
-0.020750 0.127901 0.097008 
0.042750 0.043403 0.045366 
0.043250 0.043325 0.044605 
0.043750 0.043208 0.043464 
0.044250 0.043130 0.042703 
0.044750 0.043052 0.041943 
0.045250 0.042936 0.040801 
-0.026250 0.130548 0.091118 
0.046250 0.042741 0.038899 
0.046750 0.042638 0.037885 
0.047250 0.042560 0.037124 
0.047750 0.042508 0.036617 
-0.045000 0.155768 0.051868 
0.043250 0.113218 0.036011 
-0.021000 0.146350 0.090324 
-0.036000 0.121510 0.085675 
0.050250 0.042171 0.033320 
0.050750 0.042106 0.032686 
-0.001250 0.115694 0.094745 
0.051750 0.041977 0.031418 
0.052250 0.041899 0.030658 
0.052750 0.041834 0.030024 
0.053000 0.104901 0.027991 
-0.007750 0.121164 0.098481 
0.054250 0.041653 0.028249 
-0.039500 0.150262 0.067456 
0.032250 0.124478 0.032844 
0.055750 0.041471 0.026473 
-0.035500 0.125634 0.086511 
-0.047500 0.157177 0.049948 
0.057250 0.041290 0.024698 
0.016750 0.114036 0.052042 
0.058250 0.041134 0.023177 
0.018250 0.119354 0.045039 
0.059250 0.040499 0.016964 
0.059750 0.040538 0.017344 
-0.033500 0.044430 0.048514 
-0.033000 0.044455 0.048754 
-0.032000 0.045044 0.054397 
-0.025000 0.154561 0.080516 
-0.040750 0.109125 0.067364 
0.060250 0.095552 0.027466 
-0.052000 0.148365 0.038010 
-0.029500 0.045194 0.055838 
-0.015250 0.115827 0.099160 
-0.064750 0.163278 0.023259 
-0.008250 0.114409 0.096669 
-0.027500 0.045307 0.056918 
-0.027000 0.045320 0.057039 
-0.026500 0.045307 0.056918 
-0.027500 0.107696 0.080893 
-0.026000 0.129870 0.091685 
-0.011500 0.113768 0.097574 
-0.024500 0.045307 0.056918 
-0.024000 0.045282 0.056678 
0.033000 0.092521 0.055745 
-0.023000 0.045282 0.056678 
-0.033000 0.132514 0.085792 
-0.027500 0.142216 0.088400 
0.036250 0.099711 0.046805 
-0.021000 0.045245 0.056318 
-0.020500 0.045245 0.056318 
-0.020000 0.045232 0.056198 
0.063500 0.098682 0.020604 
-0.019000 0.045207 0.055958 
0.048250 0.111512 0.030925 
0.013750 0.093968 0.068202 
0.002500 0.128502 0.092025 
-0.017000 0.045169 0.055598 
-0.016250 0.122547 0.100407 
0.045500 0.125928 0.016330 
0.000000 0.103503 0.078978 
-0.015000 0.045119 0.055117 
0.007750 0.103754 0.070477 
-0.039500 0.154388 0.057025 
-0.004250 0.144286 0.089758 
-0.013000 0.045094 0.054877 
-0.033000 0.125687 0.088400 
-0.012000 0.045094 0.054877 
-0.011500 0.045082 0.054757 
-0.014000 0.115147 0.098820 
-0.010500 0.045082 0.054757 
-0.010000 0.045069 0.054637 
0.020250 0.111236 0.052161 
0.033000 0.097826 0.050598 
-0.067250 0.170720 0.032381 
-0.008000 0.045746 0.061121 
-0.007500 0.045733 0.061001 
-0.007000 0.046310 0.066524 
0.060750 0.103619 0.018834 
-0.006000 0.046510 0.068445 
-0.005500 0.046548 0.068805 
-0.005000 0.046824 0.071447 
-0.049250 0.167903 0.042159 
-0.004000 0.046911 0.072287 
-0.029250 0.103001 0.082451 
-0.003000 0.046962 0.072768 
-0.038250 0.117973 0.081966 
-0.008500 0.112308 0.094066 
-0.071000 0.178748 0.026147 
-0.001000 0.047074 0.073848 
0.036500 0.096476 0.051555 
0.006250 0.122287 0.088854 
0.000500 0.047099 0.074088 
0.001000 0.047099 0.074088 
0.001500 0.047099 0.074088 
0.002000 0.047099 0.074088 
-0.039500 0.151574 0.058107 
0.003000 0.047087 0.073968 
0.003500 0.047049 0.073608 
0.004000 0.047024 0.073368 
-0.017750 0.133365 0.096667 
-0.036500 0.155807 0.057981 
0.005500 0.046962 0.072768 
-0.020000 0.132665 0.095421 
0.035750 0.101145 0.047187 
0.007000 0.046799 0.071207 
0.007500 0.046786 0.071087 
0.051500 0.113260 0.023558 
-0.002750 0.097563 0.082693 
-0.007000 0.110897 0.092255 
0.009500 0.046398 0.067364 
0.010000 0.046372 0.067124 
0.010500 0.046297 0.066404 
-0.002500 0.165291 0.007772 
0.011500 0.046222 0.065683 
-0.011750 0.159275 0.046114 
0.012500 0.046147 0.064963 
0.013000 0.046097 0.064483 
0.013500 0.045959 0.063162 
-0.015750 0.156605 0.074162 
-0.013000 0.115144 0.098706 
0.015000 0.045884 0.062442 
0.015500 0.045821 0.061841 
-0.043750 0.147947 0.050205 
0.007500 0.115080 0.060661 
0.017000 0.045571 0.059440 
0.006750 0.094507 0.077185 
0.018000 0.045533 0.059080 
-0.029500 0.114698 0.085199 
0.019000 0.045558 0.059320 
0.019500 0.045583 0.059560 
0.009000 0.108406 0.066765 
0.020500 0.045608 0.059800 
0.007750 0.107748 0.067483 
-0.018000 0.107805 0.083168 
0.022000 0.045621 0.059920 
0.022500 0.045621 0.059920 
0.023000 0.045596 0.059680 
0.023500 0.045596 0.059680 
0.024000 0.045583 0.059560 
0.016250 0.107298 0.057905 
-0.034750 0.094701 0.080418 
0.025500 0.045608 0.059800 
-0.010250 0.148414 0.088626 
0.026500 0.045608 0.059800 
0.027000 0.045633 0.060040 
0.024500 0.094104 0.058860 
-0.063250 0.151690 0.027087 
0.028500 0.045621 0.059920 
0.002250 0.126473 0.093724 
0.029500 0.045621 0.059920 
0.030000 0.045596 0.059680 
-0.034250 0.096074 0.080538 
-0.050250 0.147675 0.039027 
-0.069500 0.162413 0.014757 
0.032000 0.045508 0.058839 
0.032500 0.045470 0.058479 
0.033000 0.045458 0.058359 
0.033500 0.045445 0.058239 
0.034000 0.045445 0.058239 
-0.026500 0.121702 0.092819 
0.022500 0.107791 0.053476 
0.035500 0.045408 0.057879 
0.036000 0.045370 0.057519 
0.046500 0.110983 0.034229 
0.037000 0.045295 0.056798 
0.037500 0.045207 0.055958 
0.038000 0.045107 0.054997 
-0.001750 0.136082 0.094854 
0.039000 0.044818 0.052236 
0.039500 0.044743 0.051515 
0.040000 0.044656 0.050675 
-0.003250 0.106921 0.078977 
0.041000 0.044405 0.048274 
0.041500 0.044289 0.047139 
0.017750 0.116705 0.048453 
0.042500 0.044083 0.045111 
0.043000 0.043993 0.044223 
0.043500 0.043890 0.043209 
0.000500 0.113580 0.091802 
-0.006500 0.132711 0.098932 
0.045000 0.043619 0.040546 
-0.012750 0.172186 0.033012 
0.046000 0.043452 0.038898 
0.046500 0.043375 0.038137 
0.022750 0.105753 0.054792 
-0.051500 0.171482 0.036313 
0.048000 0.043156 0.035982 
0.048500 0.043104 0.035475 
0.049000 0.043066 0.035094 
-0.026250 0.114018 0.085200 
-0.012750 0.164995 0.041531 
-0.011750 0.103076 0.083888 
-0.043750 0.160760 0.051019 
-0.001500 0.150346 0.075245 
0.021500 0.110508 0.051562 
0.022250 0.125951 0.033604 
0.053000 0.042499 0.029516 
-0.060250 0.164957 0.038739 
-0.025500 0.143597 0.089305 
0.054500 0.042331 0.027867 
0.055000 0.042267 0.027233 
0.055500 0.042202 0.026600 
0.056000 0.042138 0.025966 
0.056500 0.042099 0.025585 
0.057000 0.042022 0.024824 
0.057500 0.041971 0.024317 
0.040500 0.119490 0.033352 
0.058500 0.041790 0.022542 
0.059000 0.041674 0.021401 
0.051500 0.096010 0.044258 
-0.025500 0.144972 0.089079 
-0.031750 0.045546 0.052474 
-0.031250 0.045671 0.053675 
0.002500 0.120396 0.094518 
-0.011000 0.140877 0.094966 
-0.029750 0.045808 0.054995 
-0.007750 0.133392 0.098818 
-0.024250 0.117029 0.094405 
-0.028250 0.045896 0.055836 
-0.027750 0.045896 0.055836 
-0.021500 0.107782 0.082689 
-0.026750 0.045908 0.055956 
-0.026250 0.045933 0.056196 
-0.025750 0.045921 0.056076 
-0.025250 0.045908 0.055956 
-0.024750 0.045921 0.056076 
-0.004250 0.119773 0.096443 
0.037750 0.122987 0.031703 
-0.023250 0.045896 0.055836 
-0.022750 0.045896 0.055836 
-0.022250 0.045883 0.055716 
-0.021750 0.045858 0.055475 
-0.008750 0.145664 0.090890 
-0.008750 0.108474 0.082928 
-0.020250 0.045833 0.055235 
0.008000 0.125215 0.033224 
-0.019250 0.045833 0.055235 
-0.018750 0.045821 0.055115 
-0.018250 0.045808 0.054995 
-0.051500 0.154180 0.041682 
-0.017250 0.045796 0.054875 
0.040750 0.100804 0.041972 
-0.002000 0.125872 0.098142 
-0.015750 0.045759 0.054515 
-0.018750 0.151156 0.086509 
0.011750 0.104942 0.066645 
0.043000 0.118032 0.032714 
-0.017500 0.103762 0.084008 
0.030250 0.112353 0.046050 
0.008000 0.111105 0.065209 
-0.012250 0.045684 0.053794 
0.014250 0.111447 0.057069 
-0.011250 0.045696 0.053915 
-0.002250 0.129293 0.098594 
-0.010250 0.045709 0.054035 
-0.011250 0.096355 0.085328 
-0.012250 0.107153 0.083766 
-0.008750 0.045783 0.054755 
-0.017000 0.119200 0.100180 
-0.065250 0.158844 0.022379 
0.023750 0.105713 0.053954 
-0.006750 0.046370 0.060398 
-0.067250 0.157330 0.019716 
-0.004750 0.047069 0.067122 
0.049750 0.116862 0.023692 
-0.003750 0.047480 0.071085 
-0.003250 0.047493 0.071205 
-0.002750 0.047530 0.071565 
-0.002250 0.047568 0.071925 
-0.001750 0.047580 0.072045 
-0.007250 0.100341 0.083650 
-0.000750 0.047618 0.072405 
-0.000250 0.047655 0.072766 
-0.027500 0.102370 0.083410 
0.000750 0.047667 0.072886 
0.045000 0.093698 0.052033 
0.001750 0.047655 0.072766 
0.002250 0.047630 0.072526 
-0.031750 0.118191 0.087711 
0.003250 0.047605 0.072285 
-0.009250 0.144293 0.092135 
-0.010500 0.128631 0.099840 
0.025250 0.125945 0.033477 
-0.032500 0.144917 0.084473 
0.005750 0.047468 0.070965 
-0.063750 0.163304 0.025036 
0.038000 0.122313 0.032721 
-0.065500 0.170005 0.034159 
0.007750 0.047206 0.068443 
0.008250 0.047081 0.067242 
0.029250 0.123213 0.036657 
-0.046500 0.147109 0.044488 
-0.049500 0.152839 0.045492 
0.010250 0.046956 0.066042 
0.011000 0.118996 0.053481 
0.011250 0.046857 0.065081 
-0.030500 0.114673 0.084601 
0.012500 0.122672 0.040469 
-0.030000 0.104967 0.080894 
0.013250 0.046657 0.063160 
0.013750 0.046632 0.062920 
0.014250 0.046595 0.062560 
0.014750 0.046557 0.062199 
0.045500 0.121932 0.024465 
-0.040750 0.148093 0.061947 
0.016250 0.046320 0.059918 
0.016750 0.046270 0.059438 
-0.043250 0.130021 0.070111 
0.014000 0.112130 0.056710 
-0.004000 0.139501 0.094061 
0.018750 0.046208 0.058837 
0.019250 0.046208 0.058837 
0.061250 0.099661 0.024548 
0.041250 0.099567 0.044642 
-0.000500 0.144899 0.083275 
-0.042750 0.108912 0.062695 
-0.036000 0.115985 0.083403 
-0.017500 0.129964 0.097801 
-0.027000 0.123033 0.092026 
-0.042250 0.139756 0.067467 
0.023750 0.046233 0.059078 
0.024250 0.046220 0.058957 
-0.043750 0.131391 0.069032 
0.025250 0.046220 0.058957 
-0.014000 0.095683 0.085449 
0.026250 0.046233 0.059078 
-0.016250 0.163581 0.044073 
0.027250 0.046258 0.059318 
0.004250 0.122371 0.092592 
0.028250 0.046258 0.059318 
-0.018000 0.106454 0.083408 
-0.030000 0.102313 0.082332 
-0.005250 0.161804 0.023135 
0.030250 0.046245 0.059198 
-0.039000 0.132359 0.079686 
0.031250 0.046208 0.058837 
0.031750 0.046195 0.058717 
-0.026250 0.121034 0.093045 
0.032750 0.046145 0.058237 
0.028000 0.093954 0.056345 
-0.042750 0.114496 0.063414 
0.048000 0.093591 0.050236 
0.034750 0.046083 0.057637 
-0.031500 0.106261 0.079457 
0.037000 0.103129 0.045154 
0.036250 0.045983 0.056676 
-0.063750 0.166259 0.026172 
0.037250 0.045846 0.055356 
0.037750 0.045734 0.054275 
0.038250 0.045609 0.053074 
0.038750 0.045459 0.051633 
0.049750 0.100262 0.033705 
0.039750 0.045259 0.049712 
0.040250 0.045097 0.048151 
-0.026500 0.144972 0.088739 
0.003750 0.128687 0.072386 
0.041750 0.044828 0.045489 
0.012000 0.117595 0.053480 
0.042750 0.044649 0.043714 
-0.026500 0.116190 0.088744 
0.043750 0.044496 0.042193 
0.044250 0.044432 0.041559 
-0.029500 0.144961 0.087348 
0.045250 0.044291 0.040164 
-0.007750 0.166158 0.017796 
-0.021500 0.121831 0.098368 
0.046750 0.044099 0.038262 
-0.028250 0.115430 0.086516 
0.043000 0.120705 0.028908 
0.048250 0.043907 0.036361 
0.048750 0.043894 0.036234 
0.049500 0.099582 0.034213 
0.037000 0.107302 0.044140 
-0.025500 0.097014 0.084969 
0.050750 0.043715 0.034459 
-0.004500 0.168257 0.006117 
0.017750 0.103193 0.059461 
0.052250 0.043638 0.033698 
0.052750 0.043190 0.029261 
0.053250 0.043151 0.028881 
0.053750 0.043100 0.028374 
0.046000 0.120531 0.025224 
0.054750 0.042972 0.027106 
0.055250 0.042921 0.026599 
-0.012750 0.121213 0.100520 
0.002750 0.105382 0.075506 
0.056750 0.042754 0.024951 
-0.032250 0.142846 0.084593 
-0.044000 0.125102 0.069277 
0.058250 0.042537 0.022795 
0.058750 0.042434 0.021781 
0.059250 0.042204 0.019499 
0.059750 0.041973 0.017217 
0.036000 0.115579 0.040335 
0.001750 0.123770 0.094971 
-0.022500 0.133999 0.092477 
-0.030000 0.046373 0.053672 
-0.029500 0.046386 0.053792 
-0.029000 0.046460 0.054513 
-0.028500 0.046460 0.054513 
0.004750 0.102650 0.075746 
-0.027500 0.046498 0.054873 
-0.054750 0.170765 0.037711 
0.051500 0.120054 0.015189 
0.028750 0.123225 0.036911 
-0.025500 0.046510 0.054993 
-0.018500 0.167131 0.038100 
-0.024500 0.046510 0.054993 
0.016000 0.125282 0.034748 
-0.033250 0.127742 0.087827 
0.024250 0.128602 0.028138 
-0.022500 0.046485 0.054753 
-0.022000 0.046485 0.054753 
-0.021500 0.046473 0.054633 
-0.021000 0.046460 0.054513 
-0.033250 0.119538 0.087471 
-0.020000 0.046436 0.054273 
0.059000 0.112502 0.009452 
-0.019000 0.046423 0.054153 
0.055750 0.113621 0.016824 
-0.018000 0.046398 0.053913 
0.008750 0.123745 0.048335 
-0.010000 0.184671 0.010658 
-0.055500 0.151235 0.038132 
-0.060750 0.158959 0.028726 
-0.015500 0.046373 0.053672 
-0.015000 0.046373 0.053672 
-0.014500 0.046361 0.053552 
-0.004750 0.169000 0.005449 
-0.038750 0.127567 0.081843 
-0.044250 0.166473 0.043812 
-0.009500 0.127270 0.099954 
-0.012000 0.046324 0.053192 
-0.049750 0.169333 0.040125 
-0.010500 0.121871 0.100067 
-0.006000 0.165381 0.014879 
-0.010000 0.046349 0.053432 
-0.009500 0.046349 0.053432 
-0.009000 0.046361 0.053552 
-0.008500 0.046411 0.054033 
-0.008000 0.046523 0.055113 
-0.007500 0.046622 0.056074 
-0.007000 0.046758 0.057395 
-0.006500 0.046771 0.057515 
-0.006000 0.046932 0.059076 
-0.005500 0.047119 0.060877 
-0.004000 0.047640 0.065920 
-0.006500 0.110889 0.092029 
-0.003000 0.047827 0.067721 
0.000500 0.144759 0.074051 
-0.002000 0.047963 0.069042 
-0.001500 0.048063 0.070002 
-0.001000 0.048088 0.070242 
-0.008000 0.156969 0.038122 
0.000000 0.048125 0.070602 
0.000500 0.048162 0.070963 
-0.023250 0.104424 0.083648 
0.001500 0.048187 0.071203 
-0.059000 0.164246 0.039883 
0.051250 0.108343 0.025582 
0.038500 0.108618 0.042488 
-0.010500 0.168571 0.036574 
0.004000 0.048162 0.070963 
-0.030250 0.152499 0.082434 
0.054250 0.106825 0.024181 
-0.000750 0.117055 0.095311 
-0.017250 0.109902 0.084364 
-0.012750 0.148414 0.089192 
0.007000 0.047839 0.067841 
0.007500 0.047752 0.067000 
0.008000 0.047740 0.066880 
0.000500 0.150311 0.072010 
0.009000 0.047678 0.066280 
-0.019000 0.138137 0.094854 
-0.060500 0.167137 0.038607 
0.010500 0.047529 0.064839 
0.011000 0.047504 0.064599 
-0.008500 0.116459 0.097914 
0.030750 0.093162 0.054787 
0.020500 0.105124 0.056229 
0.013000 0.047355 0.063158 
0.013500 0.047330 0.062918 
0.014000 0.047268 0.062318 
-0.051500 0.152786 0.043208 
0.015000 0.047156 0.061237 
0.015500 0.047069 0.060396 
0.016000 0.047032 0.060036 
-0.019000 0.164280 0.042295 
0.017000 0.046895 0.058715 
0.017500 0.046845 0.058235 
-0.032750 0.129116 0.087708 
0.018500 0.046845 0.058235 
0.019000 0.046845 0.058235 
-0.019500 0.136767 0.094854 
-0.008500 0.153166 0.079438 
0.020500 0.046883 0.058595 
-0.014750 0.160735 0.046999 
0.017750 0.109966 0.055153 
-0.034750 0.106829 0.077062 
-0.006250 0.152468 0.078959 
-0.056750 0.153336 0.035971 
-0.041500 0.121254 0.078255 
0.051500 0.099532 0.033450 
-0.045250 0.125747 0.067482 
0.025000 0.046833 0.058115 
0.025500 0.046845 0.058235 
-0.015500 0.128615 0.098821 
-0.022500 0.101073 0.084608 
0.042750 0.100679 0.040065 
0.015000 0.094516 0.065806 
-0.064250 0.161816 0.023897 
0.028500 0.046895 0.058715 
-0.003250 0.102926 0.081014 
-0.009250 0.114427 0.097235 
0.030000 0.046883 0.058595 
-0.042750 0.125997 0.075740 
-0.042000 0.128109 0.076576 
0.031500 0.046858 0.058355 
0.032000 0.046833 0.058115 
-0.007250 0.107020 0.081013 
0.033000 0.046796 0.057755 
0.033500 0.046783 0.057635 
0.034000 0.046758 0.057395 
0.003000 0.125779 0.093271 
0.035000 0.046709 0.056914 
0.033000 0.115659 0.041859 
-0.035000 0.139321 0.081001 
0.036500 0.046547 0.055353 
0.004750 0.118292 0.091348 
0.037500 0.046324 0.053192 
-0.005000 0.156787 0.028983 
-0.011500 0.115137 0.098480 
0.039000 0.046001 0.050070 
0.039500 0.045789 0.048022 
0.040000 0.045726 0.047388 
-0.004250 0.149724 0.081836 
0.041000 0.045560 0.045740 
-0.011250 0.107153 0.083766 
0.042000 0.045433 0.044473 
0.042500 0.045344 0.043585 
-0.059250 0.150370 0.032167 
0.043500 0.045255 0.042698 
0.044000 0.045191 0.042064 
0.043000 0.115292 0.034870 
0.045000 0.045115 0.041303 
0.045500 0.045051 0.040670 
-0.025000 0.111901 0.083405 
-0.017250 0.142925 0.093494 
0.016500 0.098504 0.062813 
-0.023750 0.108435 0.082090 
-0.015500 0.154559 0.080276 
0.044750 0.119904 0.027128 
0.049000 0.044695 0.037120 
-0.000250 0.125147 0.095990 
0.050000 0.044631 0.036486 
0.050500 0.044606 0.036233 
0.051000 0.044593 0.036106 
0.051500 0.044555 0.035726 
-0.048500 0.155747 0.048512 
0.052500 0.044491 0.035092 
0.053000 0.044453 0.034711 
0.053500 0.044402 0.034204 
0.000250 0.096088 0.080777 
0.054500 0.043665 0.026851 
0.032000 0.092514 0.055625 
0.055500 0.043563 0.025837 
0.056000 0.043525 0.025457 
0.067750 0.091489 0.010792 
0.052000 0.107611 0.025326 
0.057500 0.043346 0.023682 
0.058000 0.043270 0.022922 
0.033000 0.107485 0.047191 
0.059000 0.043054 0.020767 
-0.044250 0.128579 0.068556 
-0.001000 0.139478 0.090777 
0.060500 0.042558 0.015822 
0.061000 0.040626 -0.002317 
-0.060750 0.175097 0.030595 
-0.031250 0.043612 0.019118 
-0.030750 0.043624 0.019245 
0.043500 0.096374 0.049759 
-0.035500 0.106138 0.076942 
-0.063250 0.176552 0.028308 
-0.028250 0.047038 0.053310 
-0.011250 0.167856 0.037844 
0.001000 0.113569 0.091462 
-0.020000 0.128586 0.097121 
-0.026250 0.047088 0.053790 
-0.025750 0.047076 0.053670 
-0.041000 0.145976 0.061470 
-0.006250 0.102988 0.082212 
-0.024250 0.047076 0.053670 
-0.023750 0.047063 0.053550 
-0.023250 0.047076 0.053670 
-0.022750 0.047076 0.053670 
-0.003750 0.149719 0.081357 
-0.021750 0.047076 0.053670 
-0.036000 0.103453 0.078020 
-0.001500 0.129966 0.097914 
-0.020250 0.047038 0.053310 
-0.042250 0.124651 0.077176 
0.012250 0.110253 0.061617 
-0.018750 0.047026 0.053190 
-0.003250 0.129301 0.099047 
-0.008750 0.161909 0.029862 
-0.014500 0.121884 0.100634 
0.038500 0.120935 0.033735 
-0.016250 0.047001 0.052950 
-0.021250 0.095018 0.085689 
0.005750 0.099907 0.075746 
-0.006750 0.111595 0.092934 
-0.014250 0.047001 0.052950 
-0.013750 0.046989 0.052830 
-0.013250 0.046989 0.052830 
-0.012750 0.046977 0.052710 
-0.012250 0.046977 0.052710 
-0.005250 0.117071 0.095877 
0.003000 0.103386 0.076703 
-0.010750 0.046964 0.052589 
-0.006000 0.174229 0.000443 
0.007750 0.125851 0.031318 
-0.009250 0.047001 0.052950 
-0.008750 0.047026 0.053190 
-0.008250 0.047076 0.053670 
0.053500 0.110333 0.022662 
-0.014750 0.169304 0.037080 
-0.006750 0.047434 0.057152 
-0.006250 0.047558 0.058353 
-0.005750 0.047644 0.059194 
-0.005250 0.047768 0.060394 
-0.004500 0.096958 0.084011 
0.041500 0.118090 0.033858 
-0.003750 0.047867 0.061355 
-0.003250 0.048226 0.064837 
0.016750 0.112678 0.053119 
-0.010250 0.101715 0.083889 
-0.012000 0.159991 0.045732 
-0.001250 0.048424 0.066758 
-0.000750 0.048436 0.066878 
-0.000250 0.048424 0.066758 
-0.047000 0.164345 0.046990 
0.000750 0.048609 0.068559 
-0.015750 0.147038 0.090550 
-0.006500 0.123171 0.098369 
-0.033000 0.139364 0.083156 
0.002750 0.048597 0.068439 
0.003250 0.048597 0.068439 
-0.020250 0.138815 0.093948 
0.004250 0.048584 0.068319 
0.004750 0.048572 0.068199 
-0.055000 0.170048 0.038855 
0.005750 0.048473 0.067239 
-0.017250 0.163581 0.044073 
0.006750 0.048411 0.066638 
0.007250 0.048374 0.066278 
-0.043500 0.098823 0.068561 
0.008250 0.048349 0.066038 
0.008750 0.048325 0.065798 
-0.011750 0.138833 0.096325 
-0.022500 0.095690 0.085568 
-0.045000 0.157186 0.051746 
0.010750 0.048176 0.064357 
0.011250 0.048139 0.063997 
0.011750 0.048114 0.063756 
-0.051000 0.158571 0.047132 
-0.021500 0.143604 0.091456 
0.013250 0.048016 0.062796 
0.055500 0.093065 0.042601 
0.014250 0.047917 0.061835 
0.014750 0.047830 0.060995 
0.015250 0.047768 0.060394 
-0.009250 0.129317 0.100066 
0.016250 0.047669 0.059434 
0.016750 0.047620 0.058954 
0.017250 0.047521 0.057993 
0.024250 0.098942 0.058143 
0.018250 0.047471 0.057513 
0.018750 0.047484 0.057633 
-0.022000 0.138119 0.092702 
0.019750 0.047496 0.057753 
0.020250 0.047509 0.057873 
0.020750 0.047533 0.058113 
0.021250 0.047533 0.058113 
0.021750 0.047546 0.058233 
0.057000 0.100735 0.030018 
-0.012750 0.153874 0.081235 
0.023250 0.047533 0.058113 
0.023750 0.047496 0.057753 
-0.042250 0.159326 0.052461 
0.024750 0.047471 0.057513 
0.025250 0.047471 0.057513 
-0.022500 0.140858 0.091796 
0.026250 0.047484 0.057633 
0.026750 0.047484 0.057633 
-0.031500 0.120253 0.088742 
-0.038000 0.108662 0.072272 
0.047250 0.118414 0.025982 
0.026250 0.124592 0.035384 
0.054500 0.114405 0.017970 
0.029750 0.047521 0.057993 
0.030250 0.047533 0.058113 
0.030750 0.047521 0.057993 
-0.033750 0.097467 0.081016 
-0.027500 0.105027 0.082091 
0.032250 0.047471 0.057513 
0.019750 0.097709 0.061016 
0.033250 0.047422 0.057032 
0.033750 0.047410 0.056912 
-0.011000 0.119197 0.100066 
0.012500 0.109590 0.062336 
0.035250 0.047236 0.055231 
-0.034250 0.105518 0.078259 
0.036250 0.047150 0.054391 
-0.069250 0.164641 0.015007 
-0.033250 0.102894 0.080416 
0.037750 0.046742 0.050428 
-0.052750 0.152039 0.041812 
0.038750 0.046507 0.048147 
0.039250 0.046469 0.047766 
-0.025750 0.155244 0.078958 
0.040250 0.046393 0.047006 
0.040750 0.046305 0.046119 
0.041250 0.046267 0.045738 
0.041750 0.046203 0.045104 
0.042250 0.046153 0.044597 
0.054500 0.111626 0.019997 
-0.010250 0.175085 0.028184 
0.043750 0.046014 0.043203 
-0.040750 0.111885 0.067244 
0.044750 0.045938 0.042443 
0.045250 0.045925 0.042316 
-0.002750 0.160354 0.024534 
-0.037500 0.142005 0.075969 
-0.008750 0.144293 0.092135 
0.047250 0.045748 0.040541 
-0.015250 0.166435 0.040640 
0.002750 0.098684 0.078381 
0.048750 0.045647 0.039527 
0.049250 0.045596 0.039020 
0.049750 0.045546 0.038513 
0.050250 0.045521 0.038259 
-0.022500 0.105093 0.083408 
-0.000250 0.149628 0.073328 
0.051750 0.045356 0.036611 
0.010250 0.125918 0.032842 
-0.050000 0.158588 0.048020 
0.053250 0.045242 0.035471 
-0.026250 0.123724 0.092818 
0.054250 0.045103 0.034076 
0.054750 0.045065 0.033696 
0.001750 0.117016 0.093952 
0.026500 0.115832 0.045163 
0.056250 0.044168 0.024696 
0.056750 0.044105 0.024062 
0.057250 0.044054 0.023555 
0.038500 0.112751 0.040459 
0.058250 0.043915 0.022161 
0.058750 0.043776 0.020766 
0.059250 0.043637 0.019372 
-0.043500 0.162918 0.048976 
0.060250 0.043194 0.014935 
0.060750 0.041559 -0.000560 
0.061250 0.041529 -0.000830 
0.061750 0.041422 -0.001776 
-0.023750 0.125131 0.095197 
-0.042750 0.134262 0.072142 
-0.031000 0.044322 0.018991 
-0.018250 0.114435 0.097461 
-0.030000 0.044372 0.019498 
-0.029500 0.044372 0.019498 
-0.028500 0.047507 0.051026 
-0.028000 0.047532 0.051267 
-0.027500 0.047556 0.051507 
0.055750 0.116329 0.013147 
-0.026500 0.047606 0.051987 
-0.026000 0.047630 0.052227 
0.051750 0.113858 0.021272 
-0.025000 0.047667 0.052587 
-0.027750 0.148405 0.087108 
-0.008250 0.097687 0.084849 
-0.009500 0.186172 0.007611 
-0.023000 0.047655 0.052467 
-0.022500 0.047642 0.052347 
-0.007250 0.160455 0.030499 
-0.011500 0.121876 0.100294 
-0.021000 0.047630 0.052227 
0.051500 0.121397 0.012906 
0.047250 0.101810 0.035615 
-0.009500 0.183177 0.014339 
-0.018750 0.136088 0.095420 
-0.018500 0.047642 0.052347 
-0.018000 0.047642 0.052347 
-0.011750 0.132030 0.099046 
-0.051500 0.162884 0.045852 
-0.056500 0.167163 0.040892 
-0.019000 0.132675 0.096214 
-0.015500 0.047655 0.052467 
-0.015000 0.047642 0.052347 
-0.043750 0.108732 0.058744 
0.049750 0.111364 0.028256 
-0.013500 0.047630 0.052227 
-0.025750 0.097687 0.084849 
0.030500 0.100736 0.052515 
-0.012000 0.047618 0.052107 
-0.011500 0.047630 0.052227 
0.034000 0.117016 0.040717 
0.038000 0.092535 0.055985 
-0.010000 0.047630 0.052227 
-0.009500 0.047667 0.052587 
0.014000 0.117529 0.051685 
0.018750 0.125951 0.033604 
0.002250 0.102750 0.077661 
-0.007500 0.047926 0.055109 
-0.007500 0.161156 0.028594 
0.004250 0.095954 0.078502 
-0.036000 0.122881 0.086033 
0.002500 0.121742 0.094518 
0.015500 0.116107 0.051205 
-0.004500 0.048492 0.060633 
-0.004000 0.048554 0.061233 
-0.003500 0.048640 0.062073 
-0.011500 0.124543 0.099955 
0.030000 0.126555 0.030936 
-0.070000 0.181690 0.019924 
-0.029500 0.109011 0.079815 
-0.001000 0.048947 0.065075 
-0.000500 0.048960 0.065195 
-0.038250 0.120742 0.083162 
0.000500 0.048997 0.065556 
0.013750 0.120790 0.045548 
-0.022750 0.157871 0.047768 
-0.060000 0.167142 0.038988 
-0.001500 0.108861 0.076582 
0.003000 0.049083 0.066396 
-0.017500 0.171445 0.031618 
0.004000 0.049107 0.066636 
0.004500 0.049132 0.066876 
0.005000 0.049120 0.066756 
0.012500 0.116199 0.053599 
0.005500 0.118940 0.090328 
0.016250 0.123259 0.037673 
0.007000 0.049021 0.065796 
-0.043500 0.122411 0.071912 
0.008000 0.048997 0.065556 
-0.011250 0.100380 0.084368 
-0.017250 0.099067 0.085207 
0.009500 0.048923 0.064835 
0.010000 0.048886 0.064475 
0.010500 0.048849 0.064115 
0.011000 0.048824 0.063875 
0.011500 0.048800 0.063634 
-0.044500 0.161478 0.050178 
-0.002500 0.117746 0.095990 
0.027500 0.111769 0.048211 
-0.006500 0.131352 0.099386 
0.024500 0.129117 0.023057 
0.014500 0.048541 0.061113 
-0.000250 0.097446 0.080657 
0.015500 0.048430 0.060032 
0.030250 0.125868 0.031699 
0.016500 0.048320 0.058951 
-0.001750 0.101554 0.080895 
-0.042250 0.128760 0.075020 
0.018000 0.048123 0.057030 
-0.048000 0.168620 0.041396 
0.019000 0.048135 0.057150 
0.044500 0.093705 0.052153 
0.020000 0.048147 0.057270 
0.020500 0.048159 0.057390 
0.018500 0.121309 0.041611 
0.021500 0.048184 0.057631 
0.060250 0.091744 0.034202 
0.022500 0.048184 0.057631 
-0.053250 0.160703 0.045095 
0.042250 0.117364 0.033603 
0.026500 0.100863 0.054910 
0.024500 0.048123 0.057030 
-0.028500 0.111827 0.081729 
0.023500 0.121260 0.040594 
0.048500 0.097484 0.045150 
-0.037250 0.123521 0.084836 
0.027000 0.048135 0.057150 
-0.004000 0.147687 0.084952 
0.028000 0.048159 0.057390 
-0.009000 0.109464 0.089993 
0.034250 0.127136 0.027632 
0.029500 0.048159 0.057390 
0.030000 0.048159 0.057390 
0.000000 0.099481 0.080417 
0.037750 0.120271 0.034750 
0.031500 0.048123 0.057030 
-0.018000 0.110837 0.090558 
0.032500 0.048073 0.056550 
0.033000 0.048036 0.056190 
0.033500 0.048000 0.055829 
0.034000 0.047926 0.055109 
0.034500 0.047889 0.054749 
-0.004250 0.140183 0.093608 
0.010750 0.116990 0.055993 
0.028250 0.116478 0.044020 
-0.003000 0.124504 0.098029 
-0.034250 0.157914 0.055820 
0.055000 0.104831 0.026847 
0.010500 0.107017 0.066645 
0.038500 0.047249 0.048505 
-0.020750 0.153884 0.082554 
0.039500 0.047174 0.047764 
0.040000 0.047161 0.047638 
-0.039250 0.142594 0.069620 
0.041000 0.047048 0.046497 
-0.007750 0.136108 0.097458 
0.042000 0.046973 0.045736 
0.042500 0.046910 0.045102 
-0.034000 0.149047 0.083154 
-0.043000 0.132163 0.071905 
0.044000 0.046810 0.044089 
0.044500 0.046772 0.043708 
0.047000 0.124538 0.017856 
0.015750 0.104609 0.059940 
0.015750 0.097904 0.064489 
0.046500 0.046671 0.042694 
0.038500 0.101652 0.044135 
0.047500 0.046558 0.041553 
0.048000 0.046533 0.041300 
0.048500 0.046458 0.040539 
-0.047500 0.161477 0.048979 
0.049500 0.046395 0.039906 
0.050000 0.046357 0.039525 
-0.014500 0.124550 0.100295 
-0.029250 0.148399 0.086629 
-0.041250 0.119201 0.078255 
-0.044500 0.119602 0.070356 
-0.028750 0.101676 0.083170 
0.053000 0.046081 0.036737 
-0.038750 0.137123 0.075373 
0.054000 0.045980 0.035723 
0.054500 0.045892 0.034835 
0.055000 0.045817 0.034075 
0.019750 0.119310 0.044150 
0.056000 0.045578 0.031667 
0.056500 0.044812 0.023935 
0.057000 0.044774 0.023554 
0.057500 0.044686 0.022667 
-0.018250 0.103088 0.084128 
0.046750 0.121195 0.024082 
0.059000 0.044385 0.019625 
0.059500 0.044259 0.018357 
-0.038750 0.105281 0.073470 
0.060500 0.043756 0.013287 
0.045250 0.121249 0.025225 
0.036750 0.098362 0.047694 
-0.022000 0.131277 0.094063 
0.062500 0.042186 -0.001505 
0.063000 0.042125 -0.002046 
-0.031250 0.044496 0.013414 
0.018250 0.109955 0.054913 
0.029500 0.108976 0.048688 
-0.029750 0.045095 0.019498 
-0.029250 0.045107 0.019625 
-0.028750 0.047504 0.043960 
-0.028250 0.047492 0.043833 
0.003750 0.123727 0.092932 
-0.039250 0.160761 0.051499 
0.039000 0.107203 0.042487 
-0.025750 0.048125 0.050184 
-0.025250 0.048161 0.050544 
0.006000 0.099208 0.075507 
-0.046750 0.156469 0.050429 
-0.030750 0.102963 0.081733 
-0.011000 0.172906 0.031361 
-0.022750 0.048198 0.050904 
-0.022250 0.048211 0.051024 
-0.021750 0.048211 0.051024 
0.045250 0.122633 0.023955 
-0.020750 0.048247 0.051385 
-0.024500 0.153197 0.083153 
0.030000 0.123868 0.035259 
0.013000 0.106909 0.064370 
-0.009750 0.162071 0.040142 
-0.018250 0.048296 0.051865 
0.052750 0.104224 0.028625 
-0.017250 0.048296 0.051865 
-0.016500 0.125904 0.099841 
-0.016250 0.048309 0.051985 
-0.002500 0.136769 0.095080 
-0.015250 0.048309 0.051985 
-0.014750 0.048296 0.051865 
-0.014250 0.048296 0.051865 
-0.040250 0.103833 0.072033 
-0.013250 0.048284 0.051745 
-0.012750 0.048272 0.051625 
-0.012250 0.048284 0.051745 
-0.011750 0.048284 0.051745 
-0.011250 0.048296 0.051865 
-0.010750 0.048296 0.051865 
-0.010250 0.048296 0.051865 
-0.009750 0.048309 0.051985 
-0.008750 0.169273 0.033907 
0.047750 0.117017 0.026742 
-0.008250 0.048394 0.052825 
0.033750 0.112226 0.043763 
-0.011500 0.127264 0.099614 
-0.006750 0.048725 0.056068 
-0.024750 0.109798 0.082089 
0.004500 0.125738 0.091119 
-0.027000 0.102376 0.083529 
-0.041000 0.155788 0.054985 
-0.003000 0.100911 0.081614 
-0.003750 0.049228 0.060991 
-0.024250 0.145661 0.089192 
-0.002750 0.049350 0.062192 
-0.002250 0.049424 0.062912 
-0.001750 0.049461 0.063272 
-0.001250 0.049497 0.063632 
0.032250 0.127174 0.028521 
0.000500 0.142149 0.084234 
0.000250 0.049608 0.064713 
0.000750 0.049620 0.064833 
0.001250 0.049632 0.064953 
0.001750 0.049657 0.065193 
0.002250 0.049669 0.065314 
-0.044000 0.162918 0.048856 
0.003250 0.049706 0.065674 
0.003750 0.049706 0.065674 
0.004250 0.049730 0.065914 
0.004750 0.049730 0.065914 
0.061000 0.102937 0.019469 
0.005750 0.049706 0.065674 
-0.028250 0.141519 0.087588 
0.006750 0.049693 0.065554 
0.007250 0.049669 0.065314 
0.007750 0.049669 0.065314 
-0.003750 0.166046 0.008532 
-0.053250 0.169332 0.039998 
0.009250 0.049595 0.064593 
0.009750 0.049559 0.064233 
-0.019000 0.115109 0.097575 
0.010750 0.049510 0.063753 
0.023750 0.093450 0.059578 
-0.006750 0.117081 0.096216 
0.012250 0.049424 0.062912 
0.012750 0.049399 0.062672 
0.013250 0.049350 0.062192 
-0.040000 0.150155 0.057391 
-0.002000 0.120441 0.096330 
0.014750 0.049179 0.060510 
-0.023500 0.107765 0.082329 
0.061000 0.104084 0.014640 
-0.013750 0.103082 0.084008 
0.016750 0.048970 0.058469 
-0.059500 0.156817 0.030506 
0.017750 0.048799 0.056788 
-0.037750 0.115213 0.081129 
-0.008750 0.119848 0.099387 
0.019250 0.048774 0.056548 
0.019750 0.048774 0.056548 
0.020250 0.048786 0.056668 
0.020750 0.048799 0.056788 
-0.039250 0.094385 0.075149 
0.037500 0.125008 0.028525 
0.022250 0.048811 0.056908 
0.022750 0.048811 0.056908 
-0.034000 0.108867 0.076702 
-0.041250 0.142461 0.061715 
0.041250 0.125481 0.022808 
0.024750 0.048774 0.056548 
0.025250 0.048774 0.056548 
0.025750 0.048774 0.056548 
0.026250 0.048774 0.056548 
-0.034000 0.157212 0.056780 
-0.018250 0.108486 0.083167 
0.027750 0.048786 0.056668 
-0.042000 0.122598 0.077536 
0.028750 0.048786 0.056668 
0.029250 0.048786 0.056668 
0.029750 0.048762 0.056428 
0.014500 0.101426 0.065567 
-0.005500 0.099647 0.083411 
-0.012000 0.138151 0.096552 
-0.034750 0.142818 0.082916 
0.032250 0.048639 0.055227 
0.032750 0.048566 0.054506 
-0.007000 0.102332 0.082691 
0.033750 0.048480 0.053666 
0.034250 0.048345 0.052345 
0.001000 0.139434 0.086749 
0.035250 0.048174 0.050664 
-0.039500 0.111304 0.069758 
-0.029000 0.143586 0.087588 
0.036750 0.048064 0.049583 
-0.005000 0.100963 0.082572 
0.037750 0.048002 0.048983 
-0.070500 0.174354 0.028567 
0.038750 0.047965 0.048623 
-0.034500 0.098122 0.080537 
-0.035500 0.151781 0.079678 
0.040250 0.047916 0.048142 
0.040750 0.047916 0.048142 
0.041250 0.047854 0.047509 
0.029750 0.125879 0.031953 
0.042250 0.047792 0.046875 
0.042750 0.047754 0.046495 
0.043250 0.047717 0.046115 
-0.067250 0.155887 0.020226 
0.044250 0.047679 0.045734 
0.044750 0.047667 0.045607 
0.045250 0.047642 0.045354 
0.045750 0.047504 0.043960 
0.046250 0.047467 0.043580 
0.046750 0.047429 0.043199 
0.047250 0.047405 0.042946 
0.047750 0.047355 0.042439 
0.064000 0.093103 0.023263 
0.048750 0.047230 0.041171 
0.007250 0.102500 0.072872 
-0.014750 0.110033 0.087237 
0.050250 0.047130 0.040157 
0.045500 0.113786 0.033344 
-0.039500 0.105880 0.071674 
0.050250 0.118131 0.020265 
0.052250 0.046993 0.038763 
0.052750 0.046955 0.038383 
-0.044250 0.121694 0.071074 
0.037750 0.125663 0.026999 
-0.021000 0.112207 0.091123 
-0.009250 0.164942 0.037597 
0.055250 0.046606 0.034834 
0.021250 0.117943 0.045038 
0.056250 0.046418 0.032933 
0.056750 0.045494 0.023554 
-0.037250 0.148301 0.078721 
0.002000 0.127159 0.093724 
0.058250 0.045182 0.020385 
0.037000 0.105921 0.044647 
0.012250 0.100830 0.067364 
0.059750 0.044571 0.014174 
0.060250 0.044521 0.013668 
-0.018250 0.152519 0.084591 
0.061250 0.043103 0.000117 
-0.012000 0.165706 0.040388 
-0.047000 0.165768 0.045337 
0.006250 0.122475 0.052764 
-0.064000 0.162561 0.024530 
-0.041750 0.106360 0.067364 
-0.030500 0.045669 0.017977 
-0.011750 0.100387 0.084488 
0.017000 0.118712 0.046309 
-0.014750 0.113079 0.097008 
-0.028500 0.048175 0.043578 
-0.028000 0.048187 0.043704 
-0.017750 0.132004 0.097120 
-0.000250 0.123791 0.095990 
0.038500 0.115492 0.038683 
-0.026000 0.048497 0.046873 
-0.025500 0.048584 0.047760 
0.040250 0.102227 0.042101 
0.043750 0.095712 0.050477 
-0.024000 0.048743 0.049341 
-0.000750 0.123793 0.096103 
-0.057250 0.172202 0.035170 
0.048750 0.112858 0.029403 
-0.022000 0.048853 0.050422 
-0.014000 0.160019 0.047382 
-0.027500 0.123023 0.091573 
-0.008000 0.121842 0.098821 
0.038500 0.093862 0.054788 
-0.010750 0.172183 0.032505 
0.033500 0.093847 0.054548 
-0.018500 0.048951 0.051382 
-0.008250 0.103019 0.082810 
-0.017500 0.048963 0.051502 
0.031250 0.102766 0.051079 
-0.016500 0.048963 0.051502 
-0.016000 0.048963 0.051502 
-0.015500 0.048963 0.051502 
-0.027750 0.152508 0.083393 
-0.014500 0.048963 0.051502 
-0.023250 0.100400 0.084728 
-0.013500 0.048951 0.051382 
-0.013000 0.048951 0.051382 
-0.012500 0.048951 0.051382 
-0.007250 0.132033 0.099272 
-0.021500 0.103756 0.083888 
-0.030000 0.138018 0.084953 
-0.010500 0.048963 0.051502 
-0.010000 0.048975 0.051622 
-0.009500 0.048999 0.051863 
-0.009000 0.049024 0.052103 
-0.010250 0.147038 0.090098 
-0.008000 0.049121 0.053064 
-0.007500 0.049182 0.053664 
-0.007000 0.049329 0.055105 
0.005000 0.116226 0.089990 
0.044250 0.113176 0.035249 
-0.005500 0.049646 0.058227 
-0.005000 0.049744 0.059188 
0.062500 0.100025 0.019081 
-0.022000 0.129918 0.094856 
0.044250 0.119928 0.027636 
-0.030250 0.145643 0.086869 
-0.002500 0.050024 0.061949 
-0.002000 0.050073 0.062430 
-0.001500 0.050110 0.062790 
-0.011250 0.183935 0.007361 
-0.000500 0.050183 0.063510 
0.021750 0.109833 0.052160 
-0.029750 0.127780 0.089986 
-0.009000 0.101028 0.083769 
-0.003250 0.100249 0.081973 
-0.011750 0.099047 0.084848 
-0.039250 0.101240 0.075027 
0.003000 0.050317 0.064831 
0.012250 0.103565 0.066765 
0.004000 0.050341 0.065071 
-0.007250 0.099006 0.084129 
0.005000 0.050354 0.065191 
0.051500 0.103588 0.029896 
-0.018500 0.103756 0.083888 
-0.042000 0.157197 0.053784 
-0.002500 0.113639 0.093613 
0.014000 0.108157 0.061378 
-0.031000 0.133903 0.086151 
0.008500 0.050293 0.064591 
0.009000 0.050280 0.064471 
0.009500 0.050256 0.064231 
-0.012000 0.102401 0.084008 
-0.023250 0.097708 0.085208 
0.011000 0.050183 0.063510 
0.011500 0.050158 0.063270 
0.012000 0.050134 0.063030 
0.012500 0.050097 0.062670 
-0.045250 0.100599 0.063053 
0.013500 0.050000 0.061709 
-0.011250 0.151144 0.085311 
0.014500 0.049890 0.060628 
-0.008750 0.095004 0.085449 
-0.028000 0.147718 0.087348 
-0.050750 0.157859 0.047133 
0.044000 0.093734 0.052632 
-0.058000 0.172924 0.034026 
0.017500 0.049463 0.056426 
0.018000 0.049439 0.056185 
-0.015250 0.099067 0.085207 
0.019000 0.049390 0.055705 
-0.003000 0.125883 0.098708 
0.020000 0.049414 0.055945 
0.020500 0.049426 0.056065 
0.021000 0.049439 0.056185 
0.021500 0.049426 0.056065 
-0.056500 0.168606 0.040000 
0.022500 0.049439 0.056185 
0.023000 0.049439 0.056185 
0.023500 0.049426 0.056065 
-0.018000 0.140873 0.094400 
0.024500 0.049414 0.055945 
0.027500 0.126588 0.031698 
0.025500 0.049414 0.055945 
0.026000 0.049414 0.055945 
0.026500 0.049414 0.055945 
-0.024750 0.108429 0.081970 
0.027500 0.049402 0.055825 
0.028000 0.049402 0.055825 
0.002000 0.121747 0.094744 
0.029000 0.049390 0.055705 
0.029500 0.049365 0.055465 
0.030000 0.049329 0.055105 
0.030500 0.049292 0.054745 
0.031000 0.049256 0.054384 
-0.039250 0.150965 0.067695 
0.032000 0.049195 0.053784 
-0.039500 0.155795 0.056063 
0.033000 0.049036 0.052223 
0.033500 0.048938 0.051262 
0.034000 0.048926 0.051142 
0.034500 0.048890 0.050782 
-0.014500 0.135422 0.097232 
0.035500 0.048841 0.050302 
0.036000 0.048816 0.050062 
0.036500 0.048780 0.049701 
0.037000 0.048755 0.049461 
0.037500 0.048731 0.049221 
0.038000 0.048719 0.049101 
-0.016500 0.105105 0.083648 
0.039000 0.048707 0.048981 
0.039500 0.048694 0.048861 
0.040000 0.048694 0.048861 
-0.004000 0.107605 0.078977 
-0.013000 0.146351 0.091003 
-0.035000 0.149036 0.082196 
0.042000 0.048609 0.048014 
0.042500 0.048559 0.047507 
0.018250 0.107236 0.056589 
0.043500 0.048497 0.046873 
0.044000 0.048460 0.046493 
-0.067500 0.156601 0.019590 
-0.015750 0.153880 0.082074 
0.036000 0.101767 0.045916 
-0.040500 0.101813 0.072872 
0.046500 0.048249 0.044338 
0.039750 0.095816 0.052273 
-0.004250 0.137460 0.095760 
-0.070500 0.178748 0.026274 
0.048500 0.048100 0.042817 
0.049000 0.048026 0.042057 
-0.070250 0.167579 0.012463 
0.050000 0.047939 0.041170 
0.050500 0.047902 0.040789 
0.051000 0.047865 0.040409 
0.018000 0.101167 0.060658 
0.052000 0.047765 0.039395 
-0.016000 0.138146 0.095986 
0.053000 0.047728 0.039015 
0.038250 0.118909 0.036019 
-0.032000 0.143541 0.084833 
0.054500 0.047530 0.036987 
0.055000 0.047480 0.036480 
0.055500 0.047368 0.035340 
-0.053250 0.167900 0.041905 
0.034500 0.107402 0.045793 
-0.027250 0.138738 0.086390 
0.057500 0.045991 0.021272 
0.058000 0.045904 0.020385 
0.058500 0.045818 0.019498 
0.059000 0.045706 0.018357 
0.020500 0.106498 0.055750 
0.060000 0.045272 0.013921 
0.060500 0.045222 0.013414 
-0.037500 0.103367 0.076344 
-0.004250 0.094939 0.084371 
-0.010000 0.106449 0.083288 
0.062500 0.043791 -0.000288 
-0.066500 0.156634 0.021240 
0.063500 0.043715 -0.000963 
-0.034750 0.116722 0.084839 
0.064500 0.043594 -0.002044 
-0.017750 0.141557 0.094173 
-0.041750 0.138384 0.068906 
-0.030750 0.096243 0.083412 
-0.028750 0.046466 0.018737 
-0.030250 0.129145 0.089306 
-0.015750 0.114460 0.098254 
-0.038500 0.115876 0.080650 
0.024500 0.122566 0.038183 
-0.026250 0.049080 0.045603 
-0.020750 0.159312 0.048385 
-0.036500 0.098027 0.078860 
-0.024750 0.049314 0.048011 
-0.024250 0.049362 0.048498 
0.032000 0.106150 0.048447 
-0.066250 0.155918 0.021749 
-0.022750 0.049472 0.049579 
-0.011000 0.105099 0.083528 
-0.021750 0.049520 0.050059 
-0.021250 0.049545 0.050299 
-0.020750 0.049557 0.050420 
-0.018500 0.124536 0.099615 
0.021250 0.128576 0.027503 
-0.019250 0.049605 0.050900 
0.027000 0.103564 0.052995 
-0.040000 0.128205 0.079927 
-0.043000 0.119761 0.074784 
0.030750 0.112346 0.045923 
-0.016750 0.049630 0.051140 
-0.028250 0.147032 0.087588 
-0.002750 0.167495 0.003561 
-0.015250 0.049642 0.051260 
-0.014750 0.049642 0.051260 
-0.014250 0.049630 0.051140 
-0.013750 0.049630 0.051140 
-0.021000 0.098394 0.085327 
-0.023000 0.107770 0.082449 
-0.036750 0.149697 0.079439 
0.006250 0.094536 0.077664 
-0.011250 0.049630 0.051140 
-0.036250 0.102769 0.078021 
-0.010250 0.049642 0.051260 
0.025750 0.111112 0.049288 
-0.009250 0.049690 0.051740 
-0.011000 0.129992 0.099613 
-0.008250 0.049763 0.052461 
0.035500 0.122390 0.034372 
-0.007250 0.049909 0.053902 
0.063000 0.095990 0.023396 
-0.010250 0.180952 0.018530 
0.022000 0.121279 0.040976 
-0.005250 0.050346 0.058225 
-0.004750 0.050455 0.059306 
0.032500 0.127853 0.027504 
-0.012750 0.141560 0.094626 
-0.003250 0.050613 0.060867 
0.017500 0.107940 0.056708 
-0.002250 0.050710 0.061827 
-0.001750 0.050735 0.062067 
-0.001250 0.050771 0.062428 
-0.000750 0.050820 0.062908 
-0.006250 0.127950 0.099840 
-0.025750 0.114028 0.085439 
0.000750 0.050905 0.063749 
0.001250 0.050929 0.063989 
-0.012750 0.166430 0.040259 
0.002250 0.050953 0.064229 
0.002750 0.050965 0.064349 
0.001500 0.099394 0.078860 
0.049500 0.103675 0.031294 
0.029500 0.127922 0.029155 
0.004750 0.051002 0.064709 
0.009000 0.107052 0.067364 
0.005750 0.051014 0.064829 
0.006250 0.051014 0.064829 
0.038750 0.121618 0.033101 
0.007250 0.051002 0.064709 
0.023500 0.092761 0.059698 
-0.037750 0.107990 0.072632 
0.008750 0.050965 0.064349 
0.020000 0.115939 0.047196 
0.037750 0.094519 0.054069 
0.038500 0.119565 0.034876 
0.010750 0.050880 0.063508 
0.045750 0.122615 0.023574 
-0.021750 0.109820 0.082568 
0.012250 0.050808 0.062788 
0.012750 0.099448 0.067364 
0.013250 0.050735 0.062067 
0.045250 0.104790 0.037780 
0.014250 0.050613 0.060867 
0.014750 0.050565 0.060386 
0.015250 0.050516 0.059906 
0.015750 0.050455 0.059306 
0.031000 0.099334 0.052514 
0.056750 0.105364 0.023796 
0.017250 0.050188 0.056664 
0.017750 0.050103 0.055823 
0.018250 0.050091 0.055703 
0.018750 0.050042 0.055223 
0.019250 0.050018 0.054983 
0.019750 0.050030 0.055103 
-0.023000 0.127187 0.095310 
0.020750 0.050042 0.055223 
0.021250 0.050042 0.055223 
0.017250 0.093658 0.063052 
-0.070750 0.163122 0.012471 
0.049500 0.114812 0.025721 
0.023250 0.050055 0.055343 
0.051250 0.116721 0.020897 
-0.001000 0.098149 0.081016 
0.014500 0.113428 0.054316 
0.008750 0.099697 0.071914 
0.025750 0.050042 0.055223 
-0.027750 0.103032 0.083050 
-0.006250 0.130674 0.099612 
-0.055000 0.158378 0.036850 
0.027750 0.049982 0.054622 
0.034000 0.115632 0.041351 
0.008000 0.116398 0.058746 
0.011750 0.125940 0.033350 
0.029750 0.049872 0.053542 
0.030250 0.049787 0.052701 
-0.020500 0.153200 0.083513 
-0.007250 0.125216 0.099502 
-0.003750 0.098932 0.082812 
-0.037750 0.131706 0.081243 
-0.016000 0.098401 0.085447 
0.002000 0.119045 0.094291 
0.027750 0.113777 0.046305 
0.034250 0.049593 0.050780 
0.034750 0.049581 0.050660 
-0.053500 0.158414 0.038754 
-0.014250 0.138831 0.096099 
-0.039750 0.137097 0.074176 
0.021250 0.094934 0.061136 
0.025500 0.096850 0.058142 
-0.026000 0.150461 0.086030 
-0.026750 0.129177 0.091345 
0.038750 0.049447 0.049339 
0.039250 0.049435 0.049219 
-0.040250 0.111911 0.067843 
0.040250 0.049423 0.049099 
0.040750 0.049423 0.049099 
0.041250 0.049411 0.048979 
0.041750 0.049399 0.048859 
0.042250 0.049362 0.048498 
0.042750 0.049314 0.048011 
0.043250 0.049277 0.047631 
-0.015250 0.108519 0.083886 
-0.040500 0.146001 0.063267 
0.044750 0.049178 0.046617 
0.045250 0.049141 0.046237 
0.045750 0.049116 0.045984 
-0.018250 0.138822 0.094967 
0.046750 0.049018 0.044970 
-0.038250 0.128955 0.081962 
0.039250 0.121600 0.032720 
0.048250 0.048944 0.044209 
0.048750 0.048895 0.043703 
0.049250 0.048858 0.043322 
0.049750 0.048821 0.042942 
0.050250 0.048796 0.042689 
0.049000 0.118983 0.022935 
0.051250 0.048660 0.041295 
0.051750 0.048623 0.040914 
0.001750 0.130565 0.092251 
-0.021250 0.112943 0.092934 
0.053250 0.048476 0.039394 
-0.006750 0.163264 0.022244 
0.054250 0.048402 0.038633 
0.054750 0.048315 0.037746 
0.055250 0.048229 0.036859 
0.042500 0.092470 0.054907 
-0.007750 0.123855 0.099049 
0.056750 0.047958 0.034071 
-0.070500 0.180216 0.023987 
-0.025250 0.099040 0.084728 
0.058250 0.046528 0.019370 
0.040000 0.128807 0.015437 
0.050750 0.115404 0.023308 
-0.040000 0.115785 0.078376 
-0.026000 0.098360 0.084729 
0.060750 0.045801 0.011893 
0.061250 0.044645 0.000794 
-0.046250 0.159319 0.050543 
0.062250 0.044585 0.000254 
-0.002500 0.163849 0.011328 
-0.016000 0.171458 0.033268 
-0.008000 0.112300 0.093839 
0.032500 0.092521 0.055745 
0.064750 0.044358 -0.001773 
-0.067500 0.165426 0.018432 
0.065750 0.044237 -0.002854 
-0.028000 0.049333 0.040913 
0.023750 0.124586 0.035257 
-0.065500 0.158105 0.022254 
-0.015000 0.101073 0.084608 
-0.026000 0.049798 0.045728 
-0.057500 0.165714 0.041022 
-0.061500 0.174370 0.031485 
0.047000 0.102538 0.035870 
-0.024000 0.050043 0.048256 
-0.023500 0.050079 0.048616 
-0.023000 0.050115 0.048976 
0.018500 0.101154 0.060418 
0.065250 0.092274 0.021735 
-0.011250 0.172183 0.032505 
0.021250 0.124603 0.035639 
-0.020500 0.050236 0.050177 
-0.020000 0.050260 0.050417 
-0.019500 0.050273 0.050538 
-0.019000 0.050297 0.050778 
-0.018500 0.050297 0.050778 
-0.017250 0.149793 0.088060 
-0.017500 0.050309 0.050898 
0.039750 0.106481 0.042232 
-0.016500 0.050309 0.050898 
-0.016000 0.050309 0.050898 
-0.015500 0.050321 0.051018 
-0.015000 0.050321 0.051018 
-0.014500 0.050321 0.051018 
-0.025500 0.119030 0.093725 
-0.013250 0.123884 0.100408 
-0.013000 0.050309 0.050898 
0.044000 0.098903 0.045278 
0.052250 0.116657 0.019627 
-0.056500 0.172926 0.034407 
-0.006250 0.141554 0.093607 
-0.011750 0.134749 0.098138 
-0.008750 0.101689 0.083410 
-0.009500 0.050369 0.051498 
-0.009000 0.050381 0.051618 
-0.008500 0.050418 0.051978 
0.028500 0.118509 0.042243 
-0.007500 0.050575 0.053540 
-0.023250 0.141540 0.090890 
-0.006500 0.050829 0.056061 
-0.006000 0.050889 0.056662 
-0.014250 0.149792 0.087827 
-0.005000 0.051095 0.058703 
-0.004500 0.051155 0.059303 
-0.004000 0.051203 0.059784 
-0.031000 0.121620 0.089308 
-0.003000 0.051300 0.060745 
0.049500 0.118933 0.021918 
-0.002000 0.051397 0.061705 
-0.001500 0.051421 0.061945 
-0.037500 0.147599 0.078122 
-0.054500 0.172921 0.033645 
0.000000 0.051518 0.062906 
0.000500 0.051554 0.063266 
0.001000 0.051578 0.063506 
0.015750 0.095110 0.064130 
0.002000 0.051602 0.063747 
-0.007500 0.138148 0.096212 
0.032250 0.117750 0.041226 
0.003500 0.051639 0.064107 
-0.035000 0.150414 0.081596 
0.004500 0.051663 0.064347 
-0.046750 0.162198 0.048857 
-0.001000 0.117737 0.095650 
0.033500 0.127806 0.026361 
0.006500 0.051687 0.064587 
0.007000 0.051687 0.064587 
-0.015250 0.165007 0.042420 
0.008000 0.051675 0.064467 
0.031500 0.112974 0.044526 
0.041750 0.121451 0.029544 
0.009500 0.051615 0.063867 
-0.044250 0.129972 0.068315 
-0.007500 0.129995 0.099839 
0.011000 0.051554 0.063266 
0.011500 0.051530 0.063026 
0.038500 0.124974 0.027763 
0.012500 0.051482 0.062546 
0.013000 0.051445 0.062185 
-0.001000 0.104852 0.078619 
0.014000 0.051348 0.061225 
-0.021500 0.138123 0.093155 
0.022500 0.111835 0.049767 
-0.027250 0.100360 0.084009 
0.006500 0.104551 0.072632 
-0.063250 0.166273 0.027314 
0.017000 0.050950 0.057262 
0.051000 0.092106 0.048918 
-0.062500 0.171473 0.035171 
0.018500 0.050684 0.054620 
0.030500 0.093826 0.054189 
0.019500 0.050635 0.054140 
-0.011750 0.117178 0.099613 
0.020500 0.050647 0.054260 
-0.004750 0.100288 0.082692 
-0.066000 0.165463 0.021351 
0.022000 0.050659 0.054380 
-0.014250 0.097721 0.085448 
-0.028250 0.140120 0.086510 
0.023500 0.050635 0.054140 
0.024000 0.050611 0.053900 
0.024500 0.050599 0.053780 
0.019500 0.095664 0.061735 
0.012750 0.120927 0.048455 
0.026000 0.050551 0.053299 
0.021500 0.123925 0.036529 
0.048250 0.123787 0.017349 
0.027500 0.050454 0.052339 
-0.011750 0.179476 0.020436 
-0.066500 0.174369 0.031358 
0.029000 0.050381 0.051618 
0.047750 0.111554 0.031688 
0.030000 0.050369 0.051498 
0.052500 0.091978 0.047054 
-0.022000 0.146350 0.089871 
-0.008500 0.172898 0.030219 
-0.018500 0.140873 0.094287 
-0.041750 0.095581 0.072154 
0.033000 0.050333 0.051138 
0.033500 0.050333 0.051138 
0.034000 0.050321 0.051018 
0.034500 0.050309 0.050898 
0.035000 0.050297 0.050778 
-0.037000 0.151748 0.076323 
0.036000 0.050285 0.050658 
-0.031750 0.137307 0.083995 
0.037000 0.050248 0.050297 
0.037500 0.050224 0.050057 
0.007500 0.097768 0.074309 
0.038500 0.050188 0.049697 
0.039000 0.050176 0.049577 
0.039500 0.050164 0.049457 
0.045000 0.104088 0.037907 
0.040500 0.050152 0.049337 
-0.006750 0.142922 0.092702 
0.041500 0.050140 0.049217 
-0.030250 0.142873 0.086150 
0.048500 0.116293 0.026613 
0.060500 0.110997 0.008558 
0.043500 0.050006 0.047882 
0.044000 0.049982 0.047629 
0.044500 0.049945 0.047249 
-0.011500 0.167139 0.038734 
0.045500 0.049896 0.046742 
0.046000 0.049847 0.046235 
-0.018250 0.132001 0.096894 
0.047000 0.049786 0.045601 
-0.049250 0.147720 0.040678 
-0.019750 0.141553 0.093381 
0.048500 0.049725 0.044968 
0.025500 0.123925 0.036529 
-0.013000 0.170021 0.035936 
0.012000 0.098896 0.069878 
0.053750 0.102856 0.029640 
0.051000 0.049590 0.043574 
-0.011250 0.130672 0.099499 
-0.009500 0.125904 0.099841 
0.052500 0.049468 0.042307 
-0.069250 0.170575 0.015377 
0.053500 0.049210 0.039646 
0.054000 0.049186 0.039392 
0.054500 0.049161 0.039139 
-0.005500 0.140869 0.093721 
0.055500 0.049039 0.037871 
-0.006000 0.142237 0.092928 
-0.006000 0.104973 0.081014 
0.036750 0.110762 0.042872 
-0.052000 0.167185 0.042795 
-0.034500 0.122928 0.087469 
-0.026500 0.131229 0.090665 
0.005250 0.095905 0.077663 
-0.031000 0.132547 0.087109 
-0.007000 0.117790 0.097575 
0.053000 0.100884 0.032307 
-0.005500 0.149060 0.084233 
0.002250 0.097350 0.078980 
-0.028500 0.120287 0.090101 
-0.005500 0.108994 0.079456 
0.063000 0.045318 0.000254 
0.063500 0.045273 -0.000151 
0.064000 0.045228 -0.000557 
0.064500 0.045183 -0.000962 
0.065000 0.045137 -0.001367 
0.039500 0.114079 0.038808 
0.066000 0.045017 -0.002448 
0.041250 0.105010 0.041341 
-0.027750 0.050054 0.041038 
-0.020750 0.147038 0.089871 
-0.004500 0.156762 0.027714 
-0.057000 0.152621 0.036099 
0.033250 0.125813 0.030429 
-0.025250 0.050565 0.046360 
-0.024750 0.050626 0.046993 
-0.061500 0.167128 0.037846 
-0.023750 0.050723 0.048007 
-0.023250 0.050760 0.048374 
0.048500 0.106563 0.031808 
-0.022250 0.050832 0.049094 
0.058750 0.105210 0.021254 
-0.021250 0.050880 0.049575 
0.029000 0.095184 0.053471 
-0.027750 0.130535 0.090212 
-0.068750 0.161694 0.016154 
-0.019250 0.050964 0.050415 
-0.018750 0.050976 0.050535 
0.015250 0.118130 0.048932 
-0.017750 0.050988 0.050655 
-0.017250 0.051000 0.050775 
-0.016750 0.051000 0.050775 
-0.016250 0.050988 0.050655 
0.061750 0.099611 0.023785 
-0.015250 0.051000 0.050775 
-0.014750 0.051000 0.050775 
0.030250 0.104170 0.051080 
-0.021000 0.115067 0.096216 
-0.013250 0.051000 0.050775 
-0.012750 0.051000 0.050775 
-0.007250 0.097673 0.084609 
-0.011750 0.051000 0.050775 
-0.011250 0.051012 0.050896 
-0.010750 0.051012 0.050896 
-0.015750 0.111654 0.094632 
-0.000500 0.120433 0.095990 
-0.009250 0.051061 0.051376 
-0.035750 0.112375 0.078616 
-0.008250 0.051157 0.052337 
-0.062250 0.166392 0.037086 
-0.029750 0.101651 0.082691 
-0.032750 0.113928 0.083045 
-0.006250 0.051554 0.056299 
-0.005750 0.051626 0.057020 
-0.005250 0.051746 0.058221 
-0.004750 0.051807 0.058821 
-0.010000 0.151814 0.083154 
0.029750 0.120497 0.039451 
-0.003250 0.051951 0.060262 
-0.002750 0.052011 0.060863 
-0.007000 0.109044 0.080533 
-0.001750 0.052095 0.061703 
-0.001250 0.052120 0.061943 
-0.000750 0.052156 0.062304 
0.018750 0.113987 0.050845 
0.000250 0.052216 0.062904 
0.053500 0.115863 0.018227 
0.001250 0.052252 0.063264 
0.001750 0.052276 0.063505 
0.000250 0.112879 0.091010 
-0.037000 0.132408 0.081602 
0.003250 0.052312 0.063865 
0.003750 0.052324 0.063985 
-0.011750 0.145664 0.091343 
-0.011000 0.177275 0.024881 
0.005250 0.052348 0.064225 
0.005750 0.052360 0.064345 
0.006250 0.052360 0.064345 
0.025250 0.128597 0.028011 
0.007250 0.052360 0.064345 
0.031500 0.126528 0.030301 
0.008250 0.052336 0.064105 
0.014750 0.114099 0.053598 
0.008250 0.109104 0.066885 
0.016000 0.103931 0.060299 
-0.000750 0.160247 0.018188 
0.010750 0.052264 0.063384 
0.009750 0.121065 0.052524 
-0.046250 0.152195 0.048759 
0.012250 0.052204 0.062784 
0.012750 0.052156 0.062304 
-0.022500 0.119125 0.097349 
-0.002750 0.127936 0.099047 
-0.022250 0.141545 0.091796 
0.014750 0.051975 0.060502 
0.015250 0.051915 0.059902 
0.015750 0.051843 0.059181 
0.016250 0.051759 0.058341 
0.006750 0.102538 0.073590 
0.017250 0.051554 0.056299 
0.014500 0.125282 0.034748 
0.018250 0.051337 0.054138 
0.018750 0.051277 0.053537 
0.006750 0.114423 0.061618 
0.019750 0.051253 0.053297 
0.014250 0.093953 0.067962 
0.020750 0.051241 0.053177 
0.021250 0.051229 0.053057 
0.051250 0.118125 0.020138 
-0.043000 0.098883 0.069639 
-0.036250 0.119446 0.084958 
-0.028500 0.133946 0.087947 
0.023750 0.051133 0.052096 
0.006000 0.097823 0.075268 
-0.010500 0.142241 0.093834 
-0.011000 0.175813 0.027041 
-0.018750 0.121202 0.100067 
-0.071250 0.175081 0.027423 
0.026750 0.051061 0.051376 
0.040250 0.117473 0.035763 
0.027750 0.051048 0.051256 
0.028250 0.051048 0.051256 
-0.061500 0.158207 0.027712 
0.042500 0.113943 0.036266 
-0.029500 0.133929 0.087229 
0.030250 0.051048 0.051256 
0.030750 0.051048 0.051256 
-0.000250 0.144209 0.083395 
0.031750 0.051048 0.051256 
0.032250 0.051048 0.051256 
0.032750 0.051048 0.051256 
-0.024750 0.094989 0.085209 
0.033750 0.051048 0.051256 
0.034250 0.051048 0.051256 
-0.018750 0.164988 0.041024 
0.022500 0.125276 0.034621 
0.035750 0.051036 0.051136 
0.036250 0.051036 0.051136 
0.036750 0.051024 0.051016 
0.037250 0.051024 0.051016 
0.037750 0.050988 0.050655 
0.038250 0.050976 0.050535 
0.038750 0.050940 0.050175 
0.039250 0.050904 0.049815 
0.026750 0.119216 0.042244 
0.040250 0.050880 0.049575 
-0.035000 0.100820 0.079937 
-0.025250 0.127829 0.092818 
-0.036000 0.113115 0.079933 
-0.033750 0.142832 0.083755 
0.042750 0.050832 0.049094 
0.043250 0.050796 0.048734 
0.043750 0.050748 0.048254 
0.044250 0.050699 0.047754 
0.044750 0.050687 0.047627 
0.045250 0.050663 0.047373 
0.045750 0.050638 0.047120 
-0.013750 0.136106 0.097232 
-0.053000 0.155562 0.039394 
0.047250 0.050529 0.045979 
0.042500 0.115312 0.035252 
0.048250 0.050492 0.045599 
0.017500 0.113339 0.052162 
0.049250 0.050444 0.045093 
-0.062000 0.172922 0.033772 
0.050250 0.050383 0.044459 
0.062000 0.103952 0.012479 
0.051250 0.050346 0.044079 
0.051750 0.050322 0.043825 
0.052250 0.050285 0.043445 
0.052750 0.050237 0.042938 
0.008000 0.121774 0.052764 
0.053750 0.049945 0.039897 
0.036500 0.095177 0.053351 
0.054750 0.049908 0.039517 
0.029000 0.114421 0.045162 
0.055750 0.049823 0.038630 
0.056250 0.049714 0.037490 
0.025500 0.111795 0.048809 
0.057250 0.049446 0.034702 
0.057750 0.049434 0.034575 
0.058250 0.049203 0.032168 
0.058750 0.048327 0.023045 
0.059250 0.047694 0.016456 
0.059750 0.047463 0.014048 
-0.004500 0.121792 0.096670 
0.060750 0.047366 0.013034 
-0.054750 0.150524 0.038387 
-0.041750 0.098334 0.072154 
0.062250 0.046126 0.000930 
0.062750 0.046096 0.000660 
0.063250 0.046066 0.000390 
0.063750 0.046036 0.000120 
-0.043750 0.120354 0.072151 
0.064750 0.045946 -0.000691 
-0.017500 0.132686 0.097007 
-0.001250 0.152395 0.070929 
-0.037250 0.106707 0.074547 
-0.070000 0.180216 0.023987 
0.067250 0.045691 -0.002988 
-0.027500 0.050751 0.040909 
-0.023750 0.141539 0.090551 
-0.026500 0.051041 0.043950 
-0.026000 0.051114 0.044710 
-0.043000 0.106909 0.064370 
0.015750 0.119404 0.046055 
-0.024500 0.051344 0.047118 
-0.024000 0.051392 0.047625 
-0.023500 0.051428 0.048005 
0.032750 0.119091 0.039703 
0.049500 0.113465 0.027371 
-0.022000 0.051524 0.048972 
-0.021500 0.051548 0.049212 
-0.009500 0.121863 0.099727 
-0.020500 0.051596 0.049693 
-0.020000 0.051620 0.049933 
-0.019500 0.051644 0.050173 
-0.068250 0.178016 0.027163 
0.013250 0.106233 0.064730 
-0.018000 0.051668 0.050413 
-0.017500 0.051680 0.050533 
-0.017000 0.051680 0.050533 
-0.016500 0.051692 0.050653 
-0.016000 0.051692 0.050653 
-0.029500 0.095598 0.084011 
-0.015000 0.051692 0.050653 
-0.014500 0.051692 0.050653 
-0.014000 0.051692 0.050653 
-0.013500 0.051692 0.050653 
-0.010000 0.186177 0.006215 
-0.012500 0.051692 0.050653 
-0.031500 0.095541 0.083053 
-0.002250 0.140172 0.091796 
0.052750 0.120683 0.013158 
-0.004000 0.115025 0.094858 
0.020000 0.127933 0.029409 
-0.009500 0.051740 0.051134 
-0.011250 0.113071 0.096782 
-0.012250 0.123879 0.100181 
0.039750 0.107881 0.041979 
-0.064500 0.152363 0.024928 
-0.001750 0.148295 0.078242 
0.021750 0.127298 0.031443 
0.022500 0.127944 0.029663 
0.028250 0.121868 0.038436 
0.028250 0.098745 0.054550 
-0.041750 0.103668 0.068800 
-0.033500 0.135211 0.083038 
-0.003500 0.052626 0.060020 
-0.003000 0.052662 0.060380 
-0.016500 0.103756 0.083888 
-0.006750 0.140190 0.094740 
-0.028500 0.117541 0.088630 
-0.001000 0.052818 0.061941 
-0.000500 0.052854 0.062302 
0.000000 0.052878 0.062542 
0.000500 0.052902 0.062782 
0.047000 0.092310 0.052272 
-0.031500 0.140769 0.084354 
0.002000 0.052962 0.063382 
-0.025500 0.095662 0.085089 
0.003000 0.052986 0.063623 
-0.019000 0.103762 0.084008 
0.004000 0.053010 0.063863 
0.004500 0.053010 0.063863 
-0.015000 0.120548 0.100633 
0.045250 0.117203 0.030426 
0.006000 0.053034 0.064103 
0.016500 0.099866 0.062334 
0.036250 0.106665 0.045284 
0.060750 0.101058 0.023915 
0.065250 0.095032 0.019960 
0.008500 0.053022 0.063983 
-0.066500 0.178747 0.025639 
0.009500 0.052998 0.063743 
-0.006750 0.185415 0.010657 
0.010500 0.052974 0.063502 
0.011000 0.052950 0.063262 
0.039500 0.112702 0.039569 
0.058250 0.107886 0.017700 
0.026000 0.122566 0.038183 
0.013000 0.052854 0.062302 
0.013500 0.052806 0.061821 
-0.033000 0.111733 0.079574 
0.014500 0.052710 0.060861 
-0.012500 0.147726 0.089758 
-0.012000 0.132708 0.098706 
-0.017500 0.128607 0.098367 
-0.002000 0.132690 0.097346 
0.017000 0.052339 0.057138 
0.052750 0.106885 0.025198 
-0.052500 0.162872 0.045090 
0.012250 0.099566 0.069519 
0.019000 0.051920 0.052935 
0.019500 0.051896 0.052695 
0.020000 0.051848 0.052214 
0.020500 0.051824 0.051974 
0.021000 0.051788 0.051614 
0.007500 0.101832 0.073231 
0.022000 0.051740 0.051134 
0.022500 0.051740 0.051134 
0.023000 0.051728 0.051013 
0.023500 0.051716 0.050893 
-0.036000 0.139291 0.079444 
0.024500 0.051716 0.050893 
0.043500 0.115272 0.034489 
0.010750 0.104966 0.067124 
0.026000 0.051716 0.050893 
0.026500 0.051728 0.051013 
0.027000 0.051728 0.051013 
0.027500 0.051728 0.051013 
-0.011750 0.144294 0.092475 
0.028250 0.117820 0.042624 
0.003000 0.128485 0.091005 
0.029500 0.051740 0.051134 
0.030000 0.051740 0.051134 
-0.028750 0.104339 0.081972 
0.031000 0.051752 0.051254 
0.043250 0.099541 0.044261 
0.032000 0.051764 0.051374 
0.010000 0.100321 0.070717 
0.050750 0.113999 0.023941 
0.033500 0.051776 0.051494 
-0.016750 0.153881 0.082194 
0.034500 0.051776 0.051494 
0.020750 0.096311 0.060896 
0.048500 0.109427 0.031939 
0.036000 0.051776 0.051494 
0.036500 0.051776 0.051494 
-0.007000 0.101002 0.083290 
0.009750 0.117022 0.056831 
-0.003250 0.140177 0.092702 
0.032000 0.104772 0.049045 
-0.043000 0.116946 0.072989 
0.011750 0.102206 0.067244 
0.005500 0.095242 0.078023 
0.053250 0.097653 0.037263 
0.041000 0.051596 0.049693 
0.041500 0.051584 0.049572 
0.056500 0.114198 0.014031 
0.054000 0.100851 0.031799 
0.043000 0.051548 0.049212 
0.043500 0.051512 0.048852 
0.044000 0.051464 0.048372 
-0.058500 0.152571 0.033941 
-0.042750 0.150813 0.052716 
-0.029250 0.152503 0.082914 
-0.014500 0.136785 0.096779 
0.046500 0.051332 0.046991 
-0.019750 0.156612 0.075481 
0.047500 0.051271 0.046358 
0.015750 0.120692 0.043516 
0.048500 0.051235 0.045977 
0.049000 0.051211 0.045724 
0.046750 0.101843 0.036124 
0.047500 0.115012 0.029533 
0.050500 0.051126 0.044837 
0.051000 0.051102 0.044584 
0.051500 0.051090 0.044457 
0.052000 0.051066 0.044204 
0.052500 0.051029 0.043823 
0.053000 0.050993 0.043443 
0.026000 0.092608 0.057182 
-0.048750 0.160755 0.048501 
0.054500 0.050655 0.039896 
-0.004750 0.098966 0.083411 
-0.010500 0.103738 0.083529 
-0.010000 0.116486 0.098820 
-0.008750 0.183921 0.013196 
0.057000 0.050159 0.034701 
0.057500 0.050171 0.034828 
0.058000 0.050159 0.034701 
0.058500 0.049978 0.032800 
0.059000 0.049144 0.024058 
0.059500 0.049084 0.023424 
0.024000 0.099620 0.057783 
0.060500 0.048117 0.013288 
0.061000 0.048080 0.012908 
0.035750 0.127039 0.025346 
-0.005250 0.102963 0.081733 
0.062500 0.046875 0.001066 
0.063000 0.046845 0.000796 
-0.006250 0.147037 0.088287 
0.064000 0.046770 0.000120 
-0.007000 0.124529 0.099275 
-0.062500 0.174369 0.031358 
-0.061000 0.175819 0.028437 
0.008500 0.126512 0.029920 
0.066500 0.046546 -0.001906 
0.067000 0.046501 -0.002312 
-0.036750 0.144160 0.080280 
-0.027750 0.051401 0.040274 
-0.027250 0.051485 0.041161 
-0.040250 0.123380 0.080528 
-0.026250 0.051785 0.044328 
-0.025750 0.051833 0.044835 
-0.025250 0.051917 0.045722 
-0.024750 0.051989 0.046482 
-0.024250 0.052049 0.047116 
0.031000 0.117068 0.041734 
0.003250 0.102707 0.076823 
0.004500 0.107291 0.072392 
-0.022250 0.052181 0.048489 
-0.021750 0.052217 0.048850 
-0.030250 0.155223 0.075961 
-0.021000 0.151838 0.085670 
-0.057750 0.164988 0.041024 
0.045750 0.104767 0.037399 
-0.019250 0.052336 0.050051 
-0.018750 0.052348 0.050171 
-0.007500 0.123176 0.098595 
-0.017750 0.052372 0.050411 
-0.017250 0.052372 0.050411 
-0.016750 0.052372 0.050411 
-0.023500 0.119092 0.096103 
-0.015750 0.052384 0.050531 
0.012500 0.126577 0.031444 
-0.014750 0.052396 0.050651 
-0.014250 0.052384 0.050531 
0.036500 0.097726 0.048801 
0.008500 0.119069 0.055515 
-0.041500 0.117098 0.076939 
-0.039500 0.119993 0.081247 
-0.011750 0.052396 0.050651 
0.007500 0.124447 0.048087 
-0.010750 0.052396 0.050651 
-0.010250 0.052407 0.050771 
-0.009750 0.052419 0.050891 
-0.009250 0.052455 0.051252 
-0.001500 0.117740 0.095763 
-0.026500 0.120351 0.092706 
0.012500 0.113566 0.057668 
-0.038750 0.102619 0.075147 
-0.006750 0.052837 0.055094 
-0.006250 0.052932 0.056055 
-0.005750 0.053016 0.056896 
-0.038250 0.152375 0.068653 
-0.004750 0.053183 0.058577 
-0.004250 0.053230 0.059057 
-0.003750 0.053290 0.059658 
0.045750 0.117190 0.030172 
0.028000 0.123908 0.036148 
0.018250 0.093637 0.062692 
-0.012250 0.104424 0.083648 
0.026000 0.113135 0.047449 
-0.036000 0.120139 0.085316 
-0.000250 0.053552 0.062300 
-0.027000 0.136676 0.086750 
0.045000 0.109653 0.035880 
-0.034250 0.094737 0.081017 
0.001750 0.053636 0.063140 
0.002250 0.053659 0.063380 
0.002750 0.053671 0.063501 
0.003250 0.053683 0.063621 
0.028500 0.111733 0.047575 
0.044750 0.095685 0.049998 
-0.050500 0.152818 0.044604 
0.005250 0.053707 0.063861 
0.039000 0.127577 0.020900 
-0.013000 0.138151 0.096552 
-0.062000 0.174370 0.031485 
-0.058250 0.161971 0.033796 
0.007750 0.053731 0.064101 
0.008250 0.053719 0.063981 
0.008750 0.053719 0.063981 
0.009250 0.053707 0.063861 
0.009750 0.053695 0.063741 
0.010250 0.053671 0.063501 
0.010750 0.053659 0.063380 
0.011250 0.053647 0.063260 
0.018750 0.116663 0.047578 
-0.036000 0.111608 0.076701 
0.012750 0.053576 0.062540 
0.023250 0.109796 0.051322 
0.013750 0.053493 0.061699 
-0.004750 0.101625 0.082212 
-0.015250 0.141559 0.094513 
0.060250 0.104863 0.015532 
0.050000 0.113417 0.026481 
0.016250 0.053183 0.058577 
0.033250 0.114971 0.042240 
0.012250 0.111566 0.059822 
0.017750 0.052873 0.055455 
0.018250 0.052765 0.054374 
0.018750 0.052658 0.053293 
0.019250 0.052586 0.052572 
0.019750 0.052503 0.051732 
0.020250 0.052443 0.051131 
-0.042500 0.119799 0.075861 
-0.007500 0.181691 0.017641 
0.014500 0.094630 0.067723 
0.022250 0.052384 0.050531 
-0.071500 0.172760 0.009536 
0.023250 0.052384 0.050531 
-0.015000 0.117860 0.100066 
0.020750 0.120625 0.042118 
0.047750 0.123838 0.018492 
0.019500 0.126621 0.032460 
0.025750 0.052396 0.050651 
0.016250 0.125956 0.033731 
-0.029500 0.106314 0.080534 
-0.020500 0.132658 0.094855 
0.027750 0.052419 0.050891 
-0.030000 0.109000 0.079575 
0.028750 0.052443 0.051131 
0.029250 0.052443 0.051131 
0.029750 0.052455 0.051252 
-0.033750 0.156510 0.057501 
-0.056500 0.149731 0.035342 
0.031250 0.052479 0.051492 
0.031750 0.052479 0.051492 
-0.022000 0.139490 0.092476 
0.009500 0.097646 0.072154 
0.033250 0.052503 0.051732 
-0.036250 0.142788 0.081119 
-0.018000 0.149103 0.088739 
0.034750 0.052503 0.051732 
-0.038250 0.103985 0.075027 
0.035750 0.052503 0.051732 
0.036250 0.052503 0.051732 
0.036750 0.052503 0.051732 
0.037250 0.052503 0.051732 
0.037750 0.052503 0.051732 
0.038250 0.052491 0.051612 
0.038750 0.052479 0.051492 
0.039250 0.052455 0.051252 
0.039750 0.052396 0.050651 
0.040250 0.052336 0.050051 
-0.005750 0.153824 0.075003 
-0.014000 0.107839 0.083886 
0.062250 0.091512 0.031021 
0.042250 0.052288 0.049570 
-0.046750 0.096270 0.060178 
0.043250 0.052253 0.049210 
0.043750 0.052229 0.048970 
-0.006250 0.159033 0.032787 
0.061500 0.108272 0.011855 
0.045250 0.052133 0.048003 
0.045750 0.052109 0.047749 
0.046250 0.052085 0.047496 
-0.061750 0.154614 0.028606 
0.021000 0.125276 0.034621 
-0.032250 0.101586 0.081494 
-0.008750 0.163492 0.037981 
-0.032500 0.120242 0.088289 
0.049250 0.051941 0.045975 
0.049750 0.051917 0.045722 
-0.067750 0.173637 0.031233 
0.050750 0.051857 0.045088 
-0.034500 0.142128 0.083036 
0.051750 0.051809 0.044582 
-0.038750 0.103955 0.074428 
-0.012500 0.103750 0.083768 
0.053250 0.051713 0.043568 
0.053750 0.051701 0.043442 
-0.025000 0.123085 0.094404 
0.054750 0.051389 0.040147 
0.055250 0.051341 0.039641 
0.055750 0.051317 0.039387 
0.056250 0.051245 0.038627 
0.006250 0.109175 0.068441 
-0.017500 0.123210 0.100181 
0.057750 0.050884 0.034826 
0.058250 0.050872 0.034699 
-0.038500 0.155799 0.056783 
0.022000 0.094224 0.060896 
-0.070250 0.160182 0.014380 
0.060250 0.049828 0.023677 
0.024750 0.111117 0.049407 
0.040500 0.111290 0.039695 
-0.033500 0.106208 0.078379 
0.062250 0.048531 0.009994 
0.062750 0.047593 0.000932 
-0.004750 0.115711 0.095311 
-0.055000 0.164291 0.043056 
-0.033750 0.116746 0.085438 
0.056250 0.116033 0.007302 
0.065250 0.047414 -0.000690 
-0.007250 0.157646 0.036090 
0.066250 0.047339 -0.001365 
0.066750 0.047295 -0.001771 
0.067250 0.047235 -0.002311 
0.067750 0.047146 -0.003122 
-0.027500 0.052122 0.040399 
0.008500 0.099022 0.072154 
-0.026500 0.052373 0.043060 
-0.026000 0.052504 0.044453 
0.007250 0.111772 0.064610 
-0.025000 0.052623 0.045720 
-0.039000 0.160044 0.052220 
-0.024000 0.052755 0.047114 
-0.023500 0.052790 0.047494 
-0.023000 0.052814 0.047747 
-0.022500 0.052850 0.048127 
-0.022000 0.052874 0.048367 
-0.027750 0.122341 0.091233 
-0.021000 0.052933 0.048968 
-0.033000 0.098190 0.081735 
-0.020000 0.052981 0.049448 
-0.019500 0.053016 0.049808 
-0.019000 0.053028 0.049928 
-0.018500 0.053052 0.050169 
-0.005000 0.134065 0.098025 
-0.025750 0.156602 0.073683 
-0.038750 0.133050 0.079566 
-0.028750 0.097639 0.084010 
-0.016000 0.053075 0.050409 
-0.027250 0.137358 0.086390 
-0.041500 0.160043 0.051980 
-0.014500 0.053087 0.050529 
-0.014000 0.053087 0.050529 
-0.013500 0.053087 0.050529 
-0.013000 0.053087 0.050529 
-0.040500 0.139119 0.070701 
-0.012000 0.053087 0.050529 
-0.011500 0.053099 0.050649 
-0.011000 0.053099 0.050649 
-0.010500 0.053099 0.050649 
0.057000 0.107282 0.019733 
-0.009500 0.053135 0.051009 
0.037750 0.095830 0.052513 
-0.030750 0.131876 0.087827 
0.017500 0.098464 0.062094 
-0.007500 0.053408 0.053771 
0.045250 0.113121 0.034232 
-0.054250 0.160685 0.044080 
-0.028500 0.139416 0.085791 
-0.005500 0.053740 0.057134 
-0.051000 0.170052 0.039235 
-0.063250 0.161842 0.025547 
-0.004000 0.053954 0.059295 
-0.003500 0.054013 0.059896 
-0.039750 0.139831 0.071419 
0.053500 0.091885 0.045782 
-0.002000 0.054120 0.060977 
-0.013500 0.171463 0.033902 
-0.001000 0.054191 0.061697 
0.061750 0.091512 0.031021 
-0.013500 0.155918 0.075841 
0.000500 0.054274 0.062538 
0.031250 0.117763 0.041480 
0.001500 0.054322 0.063018 
-0.004000 0.150402 0.080518 
0.002500 0.054357 0.063378 
0.003000 0.054369 0.063499 
0.003500 0.054381 0.063619 
0.004000 0.054393 0.063739 
0.004500 0.054393 0.063739 
0.005000 0.054405 0.063859 
0.005500 0.054405 0.063859 
0.006000 0.054417 0.063979 
0.006500 0.054417 0.063979 
0.029000 0.096598 0.053711 
-0.036500 0.142085 0.080521 
0.008000 0.054417 0.063979 
-0.018750 0.144293 0.092248 
0.009000 0.054405 0.063859 
0.009500 0.054405 0.063859 
-0.042250 0.099625 0.070597 
0.030250 0.121844 0.037928 
-0.023250 0.129221 0.094063 
0.011500 0.054345 0.063258 
0.012000 0.054322 0.063018 
0.012500 0.054298 0.062778 
0.013000 0.054262 0.062418 
0.013500 0.054227 0.062057 
0.014000 0.054179 0.061577 
0.012750 0.122136 0.044152 
0.015000 0.054072 0.060496 
0.015500 0.054025 0.060016 
0.016000 0.053954 0.059295 
0.016500 0.053882 0.058575 
-0.012500 0.153189 0.082194 
0.017500 0.053621 0.055933 
0.018000 0.053550 0.055212 
-0.014000 0.117860 0.100066 
-0.036500 0.143473 0.080640 
0.019500 0.053242 0.052090 
0.020000 0.053111 0.050769 
-0.062500 0.175823 0.029325 
0.021000 0.053087 0.050529 
-0.028500 0.098319 0.084010 
0.022000 0.053064 0.050289 
-0.022500 0.109128 0.082329 
0.023000 0.053064 0.050289 
0.013000 0.120240 0.048933 
0.024000 0.053075 0.050409 
0.027250 0.094688 0.056944 
-0.037500 0.106032 0.074787 
-0.010750 0.182437 0.012438 
-0.004500 0.135421 0.097119 
0.026500 0.053111 0.050769 
0.027000 0.053123 0.050889 
0.027500 0.053135 0.051009 
0.028000 0.053135 0.051009 
0.028500 0.053147 0.051129 
0.051000 0.107655 0.026089 
0.010250 0.123358 0.039832 
0.030000 0.053170 0.051369 
0.030500 0.053182 0.051490 
-0.054250 0.166456 0.042416 
0.031500 0.053194 0.051610 
0.032000 0.053206 0.051730 
0.004750 0.111890 0.067364 
-0.018000 0.139506 0.094853 
0.054500 0.102173 0.030148 
0.034000 0.053218 0.051850 
0.034500 0.053218 0.051850 
0.035000 0.053218 0.051850 
-0.017250 0.103088 0.084128 
-0.069750 0.169076 0.013603 
0.036500 0.053230 0.051970 
0.010250 0.104972 0.067244 
0.037500 0.053230 0.051970 
0.038000 0.053218 0.051850 
0.038500 0.053206 0.051730 
0.039000 0.053194 0.051610 
-0.018250 0.119865 0.100067 
0.040000 0.053135 0.051009 
0.040500 0.053075 0.050409 
0.041000 0.053028 0.049928 
-0.021000 0.099740 0.085087 
0.046750 0.103265 0.036126 
0.042500 0.052992 0.049568 
0.043000 0.052981 0.049448 
0.043500 0.052957 0.049208 
-0.031500 0.131184 0.087708 
0.044500 0.052898 0.048607 
0.045000 0.052874 0.048367 
0.045500 0.052850 0.048127 
-0.040000 0.155792 0.055704 
-0.034500 0.104846 0.078499 
0.047000 0.052766 0.047240 
0.047500 0.052743 0.046987 
-0.041000 0.152968 0.056068 
0.048500 0.052695 0.046480 
0.053250 0.106870 0.024944 
-0.003000 0.136772 0.095420 
0.052750 0.100195 0.032688 
0.050500 0.052600 0.045467 
0.051000 0.052564 0.045086 
0.034000 0.127790 0.025980 
-0.009000 0.171450 0.032253 
0.037750 0.105168 0.043884 
0.053000 0.052468 0.044073 
0.053500 0.052421 0.043566 
0.054000 0.052421 0.043566 
0.054500 0.052122 0.040399 
0.055000 0.052099 0.040146 
-0.021250 0.101747 0.084487 
0.059250 0.103847 0.022522 
-0.024250 0.131931 0.091798 
0.057000 0.051884 0.037865 
0.060500 0.106984 0.014648 
-0.029000 0.138025 0.085312 
0.058500 0.051586 0.034698 
0.059000 0.051550 0.034318 
-0.056000 0.172926 0.034407 
-0.003750 0.115711 0.095311 
0.060500 0.050608 0.024310 
0.049000 0.117607 0.024202 
0.026750 0.096091 0.057064 
0.062000 0.049284 0.010248 
0.062500 0.049260 0.009994 
0.063000 0.048311 0.000797 
-0.039500 0.107223 0.070955 
0.002750 0.106707 0.074547 
0.064500 0.048222 -0.000013 
0.065000 0.048192 -0.000284 
0.040500 0.115378 0.036522 
0.066000 0.048103 -0.001094 
0.066500 0.048073 -0.001365 
-0.010250 0.096355 0.085328 
0.067500 0.047940 -0.002581 
0.068000 0.047880 -0.003121 
0.068500 0.047791 -0.003932 
-0.027250 0.052860 0.040780 
0.050750 0.104272 0.029388 
0.010500 0.096263 0.072034 
-0.025750 0.053217 0.044581 
-0.025250 0.053288 0.045341 
0.008750 0.109093 0.066645 
0.049750 0.097999 0.042351 
-0.023750 0.053455 0.047115 
-0.023250 0.053490 0.047495 
-0.067250 0.172181 0.032251 
-0.044000 0.102824 0.065807 
-0.021750 0.053573 0.048369 
-0.021250 0.053597 0.048609 
0.040750 0.109222 0.040709 
0.024750 0.105678 0.053236 
0.046000 0.115112 0.031440 
-0.019250 0.053703 0.049690 
-0.018750 0.053727 0.049930 
-0.018250 0.053738 0.050050 
0.027500 0.104930 0.052278 
0.023750 0.113825 0.047195 
-0.014750 0.134740 0.097346 
-0.004000 0.161057 0.022502 
-0.015750 0.053774 0.050410 
0.063500 0.094533 0.023139 
0.053500 0.100867 0.032053 
-0.014250 0.053774 0.050410 
-0.013750 0.053785 0.050530 
0.001250 0.117026 0.094292 
-0.019000 0.161449 0.046490 
-0.026000 0.113313 0.084602 
-0.011750 0.053797 0.050650 
-0.011250 0.053797 0.050650 
-0.010750 0.053797 0.050650 
-0.010250 0.053809 0.050770 
-0.009750 0.053833 0.051010 
-0.009250 0.053856 0.051251 
0.019250 0.100452 0.060298 
-0.054000 0.170049 0.038982 
-0.007750 0.054092 0.053652 
-0.007250 0.054163 0.054373 
0.000750 0.108103 0.075026 
-0.007250 0.183920 0.013831 
0.006500 0.108517 0.069160 
-0.005250 0.054481 0.057615 
-0.005000 0.139505 0.094627 
-0.008250 0.157666 0.037106 
-0.011250 0.164979 0.040389 
-0.003250 0.054717 0.060017 
0.019500 0.127912 0.028901 
-0.002250 0.054787 0.060737 
-0.001750 0.054834 0.061218 
-0.001250 0.054870 0.061578 
-0.025500 0.139463 0.088626 
-0.000250 0.054929 0.062178 
0.000250 0.054952 0.062418 
0.000750 0.054964 0.062538 
0.001250 0.054999 0.062899 
0.001750 0.055011 0.063019 
-0.014250 0.111678 0.095311 
0.002750 0.055046 0.063379 
0.003250 0.055058 0.063499 
-0.039000 0.122757 0.082323 
0.004250 0.055082 0.063739 
-0.051500 0.157029 0.041169 
0.005000 0.121676 0.091686 
0.005750 0.055094 0.063859 
0.009750 0.099671 0.071435 
0.006750 0.055105 0.063979 
0.007250 0.055105 0.063979 
0.007750 0.055105 0.063979 
0.008250 0.055105 0.063979 
-0.043500 0.132142 0.071067 
0.009250 0.055094 0.063859 
0.009750 0.055094 0.063859 
-0.022250 0.104424 0.083648 
0.010750 0.055058 0.063499 
-0.020000 0.139500 0.093947 
0.063750 0.092411 0.023643 
0.021250 0.127298 0.031443 
0.012750 0.054988 0.062779 
0.013250 0.054940 0.062298 
0.043750 0.107669 0.038419 
0.014250 0.054858 0.061458 
0.014750 0.054811 0.060977 
0.015250 0.054764 0.060497 
0.015750 0.054705 0.059897 
0.046750 0.095644 0.049279 
-0.045000 0.123661 0.067962 
0.034250 0.102612 0.048078 
-0.045750 0.155054 0.051031 
0.018250 0.054163 0.054373 
-0.036000 0.096680 0.079220 
0.013250 0.112838 0.056949 
-0.041250 0.149434 0.056074 
-0.012250 0.100393 0.084608 
0.020750 0.053762 0.050290 
-0.002750 0.096215 0.082933 
0.021750 0.053762 0.050290 
0.022250 0.053750 0.050170 
0.022750 0.053750 0.050170 
0.023250 0.053750 0.050170 
0.021750 0.101706 0.057664 
0.024250 0.053774 0.050410 
-0.033000 0.107559 0.078019 
0.025250 0.053785 0.050530 
-0.051750 0.157832 0.045737 
0.026250 0.053809 0.050770 
0.036000 0.097726 0.048801 
0.025000 0.117217 0.044656 
0.027750 0.053833 0.051010 
0.028250 0.053844 0.051130 
0.001500 0.106091 0.075984 
0.029250 0.053868 0.051371 
0.017250 0.121993 0.041103 
0.021250 0.109860 0.052759 
-0.008750 0.148415 0.088060 
0.066500 0.092506 0.014865 
0.008750 0.118392 0.056114 
-0.040250 0.116479 0.078615 
-0.035500 0.099447 0.079818 
-0.070500 0.169802 0.011825 
0.033750 0.053927 0.051971 
-0.021000 0.123176 0.098595 
0.034750 0.053927 0.051971 
0.035250 0.053939 0.052091 
0.056250 0.098691 0.031541 
0.036250 0.053939 0.052091 
0.049750 0.115457 0.024325 
0.037250 0.053939 0.052091 
0.037750 0.053939 0.052091 
-0.049500 0.170052 0.039235 
-0.004500 0.128628 0.099613 
0.007250 0.095743 0.074909 
-0.025000 0.120399 0.094631 
0.040250 0.053844 0.051130 
0.040750 0.053785 0.050530 
0.041250 0.053738 0.050050 
-0.010750 0.110206 0.091803 
0.042250 0.053715 0.049810 
0.042750 0.053703 0.049690 
-0.011750 0.110210 0.091916 
0.043750 0.053668 0.049329 
-0.010250 0.130675 0.099726 
-0.011500 0.136789 0.097232 
0.045250 0.053585 0.048489 
0.045750 0.053562 0.048248 
0.046250 0.053526 0.047875 
-0.029000 0.144966 0.087707 
-0.055250 0.169330 0.039745 
0.035000 0.093862 0.054788 
0.048250 0.053431 0.046861 
0.048750 0.053407 0.046608 
0.041500 0.100121 0.042353 
0.049750 0.053348 0.045975 
0.013250 0.116868 0.052762 
0.050750 0.053288 0.045341 
0.051250 0.053264 0.045088 
0.030000 0.103486 0.051439 
0.052250 0.053217 0.044581 
0.052750 0.053193 0.044328 
-0.031250 0.111055 0.079694 
0.016250 0.100555 0.062214 
0.054250 0.053122 0.043567 
0.054750 0.052837 0.040527 
0.055250 0.052789 0.040020 
-0.001000 0.102205 0.080296 
-0.045000 0.167182 0.042542 
-0.066500 0.168420 0.021980 
-0.039750 0.102557 0.073949 
0.057750 0.052337 0.035205 
0.058250 0.052325 0.035078 
-0.044500 0.129266 0.068076 
0.059250 0.052242 0.034192 
0.059750 0.052195 0.033685 
0.060250 0.051422 0.025449 
-0.022250 0.108452 0.082449 
0.039750 0.103675 0.042611 
0.061750 0.051280 0.023929 
0.019250 0.121963 0.040468 
0.030500 0.099360 0.052993 
-0.015250 0.111662 0.094858 
0.045500 0.112422 0.034485 
-0.041250 0.095631 0.072993 
-0.045750 0.096449 0.063291 
0.019500 0.103811 0.057904 
0.065750 0.048852 -0.000826 
-0.007250 0.148406 0.087228 
-0.021750 0.133324 0.093383 
0.067250 0.048719 -0.002042 
0.067750 0.048675 -0.002448 
0.068250 0.048587 -0.003258 
-0.007000 0.161138 0.027452 
-0.017000 0.113757 0.097235 
-0.025250 0.142909 0.089532 
-0.026500 0.053717 0.042428 
-0.004250 0.168994 0.004099 
-0.019500 0.161445 0.046236 
0.064250 0.101477 0.007768 
-0.024500 0.054072 0.046229 
-0.024000 0.054119 0.046736 
0.051000 0.104940 0.028627 
-0.023000 0.054190 0.047496 
-0.022500 0.054214 0.047750 
-0.022000 0.054250 0.048130 
-0.021000 0.105099 0.083528 
-0.021000 0.054308 0.048730 
-0.031750 0.105595 0.079816 
0.040250 0.093184 0.055147 
-0.019500 0.054390 0.049571 
0.000250 0.144064 0.074171 
-0.018500 0.054425 0.049931 
-0.030750 0.098946 0.083052 
-0.017500 0.054449 0.050171 
-0.010250 0.104412 0.083408 
-0.016500 0.054472 0.050411 
-0.016000 0.054472 0.050411 
-0.015500 0.054472 0.050411 
-0.018750 0.104430 0.083768 
-0.008000 0.099680 0.084009 
-0.014000 0.054484 0.050531 
-0.013500 0.054484 0.050531 
-0.013000 0.054484 0.050531 
-0.012500 0.054484 0.050531 
-0.012000 0.054495 0.050651 
-0.011500 0.054495 0.050651 
-0.011000 0.054507 0.050772 
0.020000 0.095650 0.061495 
-0.010000 0.054531 0.051012 
-0.000750 0.101529 0.080416 
-0.009000 0.054589 0.051612 
-0.028250 0.097653 0.084250 
-0.066250 0.176554 0.028689 
-0.002000 0.139487 0.092136 
-0.007000 0.054928 0.055094 
-0.006500 0.054999 0.055815 
-0.006000 0.055092 0.056775 
-0.001250 0.144236 0.085072 
-0.015250 0.127938 0.099160 
0.026250 0.117865 0.043513 
-0.004000 0.055326 0.059177 
-0.003500 0.055385 0.059777 
-0.003000 0.055432 0.060258 
-0.006250 0.183921 0.013069 
-0.002000 0.055502 0.060978 
-0.061250 0.164842 0.030109 
-0.001000 0.055572 0.061699 
-0.000500 0.055595 0.061939 
0.026750 0.115153 0.045671 
0.000500 0.055642 0.062419 
0.001000 0.055677 0.062779 
-0.021250 0.105774 0.083408 
-0.004250 0.147014 0.086270 
0.002500 0.055724 0.063260 
0.003000 0.055736 0.063380 
0.003500 0.055748 0.063500 
0.004000 0.055759 0.063620 
-0.005750 0.169020 0.007893 
0.005000 0.055771 0.063740 
0.005500 0.055783 0.063860 
0.040250 0.128214 0.018740 
0.006500 0.055783 0.063860 
0.007000 0.055794 0.063980 
0.007500 0.055794 0.063980 
0.018250 0.101838 0.060179 
0.008500 0.055794 0.063980 
-0.063500 0.153847 0.026576 
0.009500 0.055783 0.063860 
0.010000 0.055783 0.063860 
-0.032250 0.122290 0.088968 
0.011000 0.055759 0.063620 
0.011500 0.055736 0.063380 
0.012000 0.055724 0.063260 
-0.010000 0.142241 0.093834 
0.013000 0.055666 0.062659 
-0.021750 0.099067 0.085207 
0.038000 0.111398 0.041601 
0.014500 0.055560 0.061579 
-0.007000 0.178740 0.021579 
0.015500 0.055455 0.060498 
-0.019750 0.115786 0.097801 
0.016500 0.055326 0.059177 
0.024000 0.102330 0.056228 
-0.001500 0.138119 0.092702 
0.018000 0.054928 0.055094 
0.018500 0.054846 0.054254 
0.015500 0.103949 0.060658 
-0.001250 0.098838 0.081136 
-0.033250 0.097494 0.081495 
0.020500 0.054472 0.050411 
0.021000 0.054449 0.050171 
0.021500 0.054449 0.050171 
0.022000 0.054460 0.050291 
0.025750 0.097514 0.057543 
0.023000 0.054449 0.050171 
0.023500 0.054460 0.050291 
0.024000 0.054472 0.050411 
0.024500 0.054484 0.050531 
0.057250 0.111995 0.013517 
0.025500 0.054495 0.050651 
0.019000 0.110587 0.053357 
-0.006750 0.155194 0.071646 
0.027000 0.054531 0.051012 
0.027500 0.054531 0.051012 
0.028000 0.054542 0.051132 
0.028500 0.054554 0.051252 
-0.019250 0.131991 0.096214 
-0.035250 0.119477 0.085795 
0.030000 0.054589 0.051612 
-0.011000 0.115133 0.098367 
0.031000 0.054601 0.051732 
-0.001750 0.134724 0.095874 
0.032000 0.054624 0.051972 
-0.042500 0.140308 0.059442 
0.043000 0.104215 0.039941 
-0.014250 0.144295 0.092814 
-0.016500 0.174339 0.025902 
-0.042250 0.141021 0.059920 
0.035000 0.054648 0.052212 
-0.011000 0.162822 0.041790 
0.036000 0.054636 0.052092 
0.002250 0.106725 0.074907 
0.037000 0.054636 0.052092 
0.037500 0.054648 0.052212 
0.038000 0.054636 0.052092 
0.039750 0.094505 0.053830 
-0.019750 0.145664 0.091116 
0.048000 0.102433 0.034217 
0.040000 0.054589 0.051612 
-0.036250 0.149708 0.080398 
0.026500 0.096789 0.057064 
0.041500 0.054449 0.050171 
-0.062750 0.157458 0.026316 
0.042500 0.054413 0.049811 
0.044500 0.092390 0.053589 
-0.023500 0.110501 0.082568 
0.044000 0.054378 0.049451 
0.044500 0.054343 0.049090 
0.045000 0.054320 0.048850 
0.045500 0.054296 0.048610 
0.021500 0.099685 0.058981 
0.046500 0.054238 0.048003 
0.047000 0.054202 0.047623 
0.047500 0.054167 0.047243 
0.048000 0.054155 0.047116 
0.048500 0.054131 0.046863 
-0.020000 0.106449 0.083288 
-0.024000 0.111922 0.083884 
0.022500 0.099665 0.058622 
-0.025750 0.115547 0.089877 
0.051000 0.053977 0.045215 
0.051500 0.053953 0.044962 
-0.044250 0.127186 0.068797 
0.014000 0.118867 0.049890 
-0.013250 0.155232 0.077280 
0.018000 0.097075 0.062094 
0.054000 0.053811 0.043442 
-0.053750 0.156254 0.038250 
-0.030500 0.102300 0.082092 
0.055500 0.053444 0.039513 
0.056000 0.053385 0.038880 
-0.019000 0.131314 0.096667 
0.057000 0.053266 0.037613 
-0.045500 0.158602 0.051144 
-0.028750 0.116844 0.087951 
0.058500 0.053041 0.035205 
0.059000 0.053006 0.034825 
-0.014250 0.136105 0.097119 
0.060000 0.052899 0.033685 
0.046000 0.097615 0.047058 
0.061000 0.052129 0.025449 
0.061500 0.052035 0.024435 
0.062000 0.052011 0.024182 
0.062500 0.051975 0.023801 
-0.058250 0.150414 0.033944 
0.063500 0.049703 0.000388 
0.062750 0.102078 0.017305 
0.064500 0.049644 -0.000153 
0.065000 0.049615 -0.000423 
-0.012500 0.129985 0.099160 
-0.067750 0.157315 0.018955 
0.028250 0.123225 0.036911 
-0.040000 0.122705 0.080767 
-0.017250 0.145665 0.091569 
0.068000 0.049381 -0.002585 
0.068500 0.049293 -0.003395 
0.069000 0.049206 -0.004206 
0.069500 0.049089 -0.005287 
-0.027250 0.054182 0.039894 
-0.026750 0.054371 0.041922 
-0.026250 0.054465 0.042936 
-0.025750 0.054584 0.044203 
0.023750 0.119248 0.042879 
-0.022000 0.099733 0.084968 
-0.024250 0.054784 0.046357 
-0.005500 0.134065 0.098025 
0.021000 0.094253 0.061375 
-0.022750 0.054890 0.047498 
-0.022250 0.054926 0.047878 
-0.021750 0.054961 0.048251 
-0.002000 0.150359 0.076443 
-0.020750 0.055019 0.048852 
-0.020250 0.055042 0.049092 
-0.044250 0.097984 0.065926 
-0.019250 0.055101 0.049692 
-0.018750 0.055112 0.049812 
-0.018250 0.055135 0.050052 
-0.017750 0.055147 0.050172 
-0.017250 0.055159 0.050292 
-0.016750 0.055170 0.050413 
0.002500 0.103404 0.077063 
-0.054500 0.170048 0.038855 
-0.015250 0.055182 0.050533 
0.011750 0.119646 0.052045 
-0.047500 0.168618 0.041142 
-0.013750 0.055193 0.050653 
-0.013250 0.055193 0.050653 
-0.012750 0.055193 0.050653 
-0.012250 0.055205 0.050773 
-0.031250 0.155214 0.074643 
-0.011250 0.055217 0.050893 
-0.052750 0.170766 0.037838 
-0.010250 0.055240 0.051133 
-0.009750 0.145664 0.091116 
-0.009250 0.055344 0.052214 
-0.008750 0.055437 0.053174 
0.011250 0.123370 0.040087 
0.017250 0.120656 0.042753 
-0.007250 0.055647 0.055336 
-0.016500 0.151837 0.085550 
-0.006250 0.055774 0.056656 
-0.005750 0.055833 0.057257 
0.010500 0.121706 0.050729 
0.015250 0.107332 0.058624 
-0.004250 0.056007 0.059058 
-0.003750 0.056053 0.059538 
-0.068250 0.175095 0.030215 
-0.039250 0.102582 0.074428 
0.045750 0.094350 0.051195 
-0.001750 0.056216 0.061219 
-0.001250 0.056251 0.061579 
-0.023000 0.123127 0.096330 
0.028000 0.103552 0.052756 
0.000250 0.056320 0.062300 
0.000750 0.056344 0.062540 
0.001250 0.056367 0.062780 
0.001750 0.056390 0.063020 
-0.023000 0.155929 0.077519 
0.002750 0.056414 0.063260 
0.028250 0.097332 0.054310 
0.003750 0.056437 0.063501 
0.004250 0.056448 0.063621 
0.004750 0.056460 0.063741 
0.028500 0.096619 0.054070 
0.005750 0.056472 0.063861 
0.006250 0.056472 0.063861 
-0.040000 0.099162 0.074668 
0.056250 0.096196 0.036752 
-0.030250 0.109683 0.079575 
0.008250 0.056483 0.063981 
-0.026750 0.118298 0.091574 
0.007000 0.112450 0.064251 
-0.067250 0.179478 0.022593 
0.010250 0.056472 0.063861 
0.010750 0.056460 0.063741 
-0.072500 0.178746 0.025132 
0.011750 0.056425 0.063380 
-0.009750 0.167839 0.036321 
0.012750 0.056379 0.062900 
0.013250 0.056355 0.062660 
-0.040250 0.142574 0.068422 
-0.065250 0.176554 0.028816 
0.014750 0.056251 0.061579 
-0.022500 0.124479 0.096783 
-0.005500 0.168280 0.008401 
-0.033000 0.137983 0.083277 
-0.013750 0.145665 0.091569 
0.049750 0.104319 0.030151 
-0.032750 0.153852 0.078479 
0.004750 0.103979 0.074907 
0.018750 0.055565 0.054495 
0.019250 0.055356 0.052334 
0.043750 0.111809 0.036264 
0.061750 0.095376 0.024921 
-0.070250 0.179481 0.025130 
0.021250 0.055135 0.050052 
-0.011750 0.133389 0.098592 
0.057500 0.096549 0.031538 
0.022750 0.055147 0.050172 
-0.010250 0.157820 0.045102 
0.023750 0.055159 0.050292 
0.024250 0.055170 0.050413 
0.024750 0.055182 0.050533 
0.025250 0.055193 0.050653 
-0.064000 0.177282 0.027038 
0.026250 0.055217 0.050893 
0.026750 0.055217 0.050893 
-0.039250 0.131666 0.079687 
0.027750 0.055240 0.051133 
-0.035000 0.103497 0.078859 
0.028750 0.055252 0.051253 
0.029250 0.055263 0.051373 
0.029750 0.055275 0.051493 
-0.013500 0.127264 0.099614 
0.050250 0.108462 0.027616 
0.031250 0.055298 0.051733 
0.031750 0.055310 0.051854 
0.032250 0.055321 0.051973 
0.032750 0.055333 0.052094 
0.033250 0.055333 0.052094 
0.033750 0.055344 0.052214 
-0.027000 0.155915 0.075361 
0.034750 0.055356 0.052334 
0.035250 0.055356 0.052334 
-0.003000 0.144963 0.087468 
-0.024500 0.129885 0.092704 
0.036750 0.055356 0.052334 
0.028500 0.107635 0.050124 
-0.009500 0.149098 0.087468 
0.038250 0.055344 0.052214 
0.038750 0.055344 0.052214 
0.039250 0.055344 0.052214 
0.001000 0.104798 0.077541 
0.040250 0.055298 0.051733 
0.043000 0.123415 0.025225 
0.041250 0.055205 0.050773 
0.045750 0.101892 0.036887 
0.004250 0.111911 0.067843 
0.042750 0.055124 0.049932 
0.043250 0.055112 0.049812 
-0.025000 0.147726 0.088173 
0.044250 0.055077 0.049452 
0.044750 0.055066 0.049332 
0.045250 0.055031 0.048972 
0.045750 0.055007 0.048732 
0.046250 0.054973 0.048371 
0.046750 0.054949 0.048131 
0.047250 0.054914 0.047751 
-0.002250 0.166014 0.005859 
-0.014750 0.137467 0.096552 
0.048750 0.054831 0.046864 
0.049250 0.054808 0.046611 
0.063750 0.102896 0.007136 
0.054750 0.112313 0.019363 
-0.026000 0.149095 0.087228 
0.055750 0.114923 0.014032 
0.051750 0.054631 0.044710 
0.052250 0.054607 0.044456 
-0.026000 0.146348 0.088400 
-0.041500 0.148718 0.055356 
-0.008250 0.136108 0.097458 
0.054250 0.054489 0.043189 
-0.018000 0.143609 0.092928 
0.055250 0.054170 0.039768 
-0.032250 0.145612 0.084712 
-0.004000 0.165328 0.010691 
0.055000 0.108857 0.022024 
0.057250 0.053934 0.037233 
0.057750 0.053793 0.035712 
-0.001250 0.122455 0.096330 
0.058750 0.053734 0.035079 
0.032500 0.125153 0.031827 
0.033250 0.093191 0.055266 
0.060250 0.053580 0.033431 
0.033500 0.103330 0.048326 
-0.026750 0.104382 0.082810 
-0.010000 0.098367 0.084848 
-0.060750 0.164949 0.038105 
0.062750 0.052719 0.024181 
0.063250 0.051444 0.010495 
0.040500 0.126190 0.022426 
0.046500 0.120512 0.024843 
0.064750 0.050349 -0.000290 
0.065250 0.050305 -0.000695 
0.018500 0.116015 0.048811 
0.021250 0.101731 0.058143 
-0.012500 0.139513 0.095872 
0.032500 0.121122 0.037673 
0.067750 0.050116 -0.002451 
0.068250 0.050058 -0.002992 
0.068750 0.049986 -0.003667 
0.069250 0.049942 -0.004073 
-0.014750 0.130657 0.098480 
-0.027500 0.054861 0.039641 
-0.040750 0.155084 0.055465 
-0.026500 0.055085 0.042049 
-0.026000 0.055202 0.043317 
-0.037500 0.108678 0.072631 
0.036250 0.127023 0.024965 
-0.036500 0.103429 0.077542 
-0.024000 0.055508 0.046612 
-0.023500 0.055543 0.046992 
0.031000 0.125181 0.032462 
-0.007000 0.149081 0.086030 
-0.008750 0.134750 0.098252 
-0.021500 0.055672 0.048373 
-0.054500 0.154107 0.038381 
-0.032500 0.136602 0.083397 
-0.020000 0.055765 0.049333 
0.001500 0.104774 0.077062 
-0.011500 0.125902 0.099728 
-0.018500 0.055834 0.050054 
-0.018000 0.055845 0.050174 
-0.044000 0.151506 0.051037 
-0.017000 0.055868 0.050414 
0.049500 0.105018 0.029898 
-0.016000 0.055880 0.050534 
0.041000 0.096435 0.050836 
-0.024500 0.146349 0.088966 
-0.014500 0.055903 0.050774 
0.046250 0.107481 0.035241 
-0.013500 0.055903 0.050774 
0.000750 0.129246 0.095649 
-0.001500 0.134041 0.095987 
-0.026250 0.109771 0.081491 
-0.011500 0.055938 0.051134 
-0.036750 0.152436 0.075484 
-0.010500 0.055961 0.051374 
0.007750 0.123794 0.049891 
-0.032250 0.111039 0.079335 
-0.009000 0.056203 0.053896 
-0.045000 0.098597 0.064489 
-0.008000 0.056330 0.055216 
0.035500 0.118331 0.038686 
-0.007000 0.056422 0.056177 
-0.036500 0.114550 0.081608 
0.043250 0.110458 0.037533 
-0.005500 0.056584 0.057858 
-0.005000 0.056641 0.058458 
-0.004500 0.056688 0.058939 
-0.004000 0.056734 0.059419 
0.059500 0.112461 0.008689 
-0.003000 0.056826 0.060379 
0.054500 0.106159 0.025069 
0.017000 0.106589 0.057666 
-0.001500 0.056930 0.061460 
-0.001000 0.056953 0.061700 
-0.000500 0.056976 0.061940 
-0.039250 0.115125 0.078975 
0.013250 0.127244 0.030173 
-0.044250 0.124410 0.069517 
0.044000 0.111105 0.036390 
0.002000 0.057080 0.063021 
0.002500 0.057103 0.063261 
0.003000 0.057114 0.063381 
0.003500 0.057126 0.063501 
-0.024750 0.123760 0.094517 
-0.002250 0.096208 0.082813 
0.005000 0.057149 0.063741 
0.005500 0.057161 0.063861 
0.002000 0.095384 0.080418 
0.042250 0.093141 0.054428 
0.007000 0.057172 0.063981 
-0.038500 0.147575 0.076325 
0.008000 0.057172 0.063981 
0.008500 0.057172 0.063981 
0.009000 0.057172 0.063981 
-0.020250 0.109842 0.083047 
0.003750 0.125078 0.092478 
0.010500 0.057161 0.063861 
-0.043500 0.129309 0.069633 
0.011500 0.057126 0.063501 
-0.003750 0.140181 0.093268 
0.012500 0.057091 0.063141 
0.013000 0.057068 0.062901 
0.013500 0.057057 0.062781 
0.014000 0.057022 0.062420 
0.014500 0.056988 0.062060 
0.015000 0.056930 0.061460 
0.015500 0.056872 0.060860 
-0.027500 0.155918 0.075841 
0.016500 0.056745 0.059539 
-0.067000 0.169984 0.031875 
-0.015500 0.151836 0.085430 
0.037250 0.114850 0.039953 
0.018500 0.056295 0.054856 
0.019000 0.056261 0.054496 
0.019500 0.056065 0.052455 
0.020000 0.055949 0.051254 
0.050750 0.118125 0.020138 
-0.068750 0.167616 0.015890 
0.011250 0.118300 0.053600 
0.022000 0.055857 0.050294 
-0.062250 0.151726 0.028610 
0.023000 0.055845 0.050174 
-0.004750 0.163203 0.018056 
0.024000 0.055868 0.050414 
0.040500 0.105750 0.041850 
0.003250 0.105364 0.075146 
0.052000 0.095974 0.043749 
-0.028250 0.131897 0.089306 
-0.046250 0.147867 0.046137 
-0.002250 0.106892 0.078379 
0.027500 0.055926 0.051014 
-0.011750 0.180951 0.016246 
0.028500 0.055949 0.051254 
0.013250 0.114205 0.056232 
0.029500 0.055972 0.051495 
0.030000 0.055984 0.051615 
0.000750 0.115663 0.093726 
-0.021500 0.106437 0.083048 
0.031500 0.056007 0.051855 
-0.016250 0.117182 0.099726 
-0.043000 0.094715 0.069160 
0.033000 0.056030 0.052095 
-0.002500 0.121789 0.096556 
0.034000 0.056053 0.052335 
-0.022500 0.144975 0.090324 
0.035000 0.056065 0.052455 
-0.029000 0.131208 0.089193 
0.036000 0.056065 0.052455 
0.036500 0.056065 0.052455 
0.037000 0.056065 0.052455 
-0.028000 0.107685 0.080653 
-0.011750 0.151145 0.085431 
0.003250 0.114212 0.090443 
0.039000 0.056065 0.052455 
0.039500 0.056053 0.052335 
-0.043750 0.127291 0.072387 
0.040500 0.055995 0.051735 
-0.016750 0.117178 0.099613 
-0.043000 0.148691 0.053079 
0.042000 0.055868 0.050414 
0.042500 0.055857 0.050294 
0.043000 0.055845 0.050174 
0.015500 0.118775 0.047579 
0.044000 0.055822 0.049934 
0.023500 0.114509 0.046814 
0.045000 0.055788 0.049573 
0.045500 0.055753 0.049213 
0.046000 0.055730 0.048973 
0.053500 0.093240 0.045019 
0.047000 0.055661 0.048253 
-0.008250 0.151121 0.083034 
-0.044750 0.153633 0.050913 
0.048500 0.055567 0.047245 
0.049000 0.055543 0.046992 
0.049500 0.055496 0.046485 
0.050000 0.055402 0.045471 
0.050500 0.055390 0.045344 
-0.042250 0.117742 0.075862 
0.001500 0.096715 0.079819 
-0.035250 0.155107 0.058941 
-0.023750 0.100400 0.084728 
0.060500 0.109618 0.009952 
0.053500 0.055226 0.043570 
0.036750 0.114863 0.040207 
0.024250 0.093428 0.059219 
-0.034750 0.156509 0.057381 
0.061250 0.104801 0.014515 
0.041750 0.120130 0.031828 
0.000250 0.115673 0.094065 
0.030250 0.123201 0.036403 
0.057500 0.054591 0.036727 
0.058000 0.054508 0.035839 
0.058500 0.054461 0.035332 
-0.014250 0.160731 0.046746 
0.059500 0.054391 0.034572 
0.060000 0.054332 0.033938 
0.060500 0.054261 0.033178 
0.021750 0.115207 0.046688 
0.061500 0.053591 0.025954 
-0.018500 0.116483 0.098707 
0.062500 0.053462 0.024560 
-0.001000 0.144908 0.083874 
0.063500 0.052180 0.010746 
0.046000 0.123283 0.022303 
0.064500 0.051067 -0.000292 
-0.021750 0.145663 0.090324 
-0.019250 0.125207 0.099049 
0.066000 0.050967 -0.001238 
0.066500 0.050938 -0.001508 
0.001500 0.103447 0.077901 
0.067500 0.050866 -0.002183 
-0.011250 0.170738 0.034538 
0.068500 0.050750 -0.003264 
-0.044500 0.105399 0.061856 
-0.004250 0.102938 0.081254 
-0.014250 0.152515 0.084232 
0.070500 0.050376 -0.006776 
-0.027750 0.055552 0.039515 
0.047250 0.119788 0.024714 
-0.026750 0.055740 0.041543 
0.004750 0.116916 0.090442 
-0.025750 0.055951 0.043825 
-0.045250 0.147912 0.047787 
-0.024750 0.056103 0.045472 
-0.013250 0.138832 0.096212 
-0.024500 0.127159 0.093724 
0.000750 0.134681 0.092024 
-0.022750 0.056302 0.047627 
-0.039500 0.099195 0.075267 
-0.006750 0.121142 0.097576 
-0.004250 0.157497 0.028347 
-0.035250 0.156509 0.057381 
-0.017500 0.153201 0.083633 
-0.019750 0.056486 0.049575 
0.042250 0.124138 0.025223 
-0.037500 0.144781 0.075488 
-0.018250 0.056544 0.050175 
-0.017750 0.056555 0.050295 
-0.017250 0.056578 0.050535 
0.023500 0.098285 0.058861 
-0.016250 0.056578 0.050535 
-0.015750 0.056590 0.050655 
0.054000 0.110304 0.022154 
-0.010500 0.153179 0.080996 
0.048000 0.097501 0.045404 
-0.005000 0.140869 0.093608 
-0.007000 0.146350 0.089532 
-0.012750 0.057117 0.056178 
0.003500 0.109968 0.070716 
-0.011750 0.057094 0.055938 
-0.059000 0.153979 0.032542 
-0.018250 0.113045 0.095990 
-0.010250 0.057151 0.056538 
-0.009750 0.057139 0.056418 
0.053250 0.092581 0.045655 
-0.008750 0.057128 0.056298 
-0.008250 0.057139 0.056418 
-0.047750 0.166478 0.044193 
-0.007250 0.057151 0.056538 
-0.018750 0.100406 0.084847 
-0.023250 0.103082 0.084008 
-0.005750 0.057288 0.057979 
-0.005250 0.057334 0.058459 
-0.004750 0.057368 0.058819 
-0.004250 0.057414 0.059300 
-0.003750 0.057472 0.059900 
-0.010250 0.137471 0.097005 
0.050500 0.120253 0.019381 
-0.002250 0.057575 0.060980 
-0.001750 0.057609 0.061341 
0.019000 0.126621 0.032460 
-0.000750 0.057666 0.061941 
0.031250 0.121826 0.037547 
0.030250 0.098686 0.053472 
0.000750 0.057735 0.062661 
0.001250 0.057746 0.062781 
0.001750 0.057769 0.063022 
0.002250 0.057781 0.063142 
-0.007000 0.177271 0.023612 
-0.038250 0.095842 0.076586 
-0.022750 0.155246 0.079317 
0.013750 0.108841 0.061138 
-0.035250 0.145571 0.081957 
0.005250 0.057838 0.063742 
0.005750 0.057850 0.063862 
0.006250 0.057850 0.063862 
0.006750 0.057850 0.063862 
0.007250 0.057861 0.063982 
0.007750 0.057861 0.063982 
-0.015250 0.175079 0.026916 
0.056500 0.103421 0.027225 
0.009250 0.057861 0.063982 
-0.045750 0.160758 0.050180 
0.004750 0.121009 0.092026 
0.010750 0.057850 0.063862 
-0.042000 0.111042 0.063772 
0.017500 0.106572 0.057307 
0.012250 0.057815 0.063502 
-0.044500 0.165767 0.045210 
0.013250 0.057758 0.062901 
0.060750 0.096908 0.026323 
0.014250 0.057701 0.062301 
-0.044250 0.100760 0.066046 
-0.064000 0.166993 0.026044 
0.015750 0.057563 0.060860 
-0.040750 0.160761 0.051499 
0.016750 0.057449 0.059660 
0.038750 0.116162 0.037921 
-0.025250 0.116993 0.093159 
0.002000 0.106068 0.075505 
0.018750 0.056991 0.054857 
0.019250 0.056887 0.053777 
0.037750 0.103787 0.044391 
-0.041000 0.099082 0.073232 
0.020750 0.056555 0.050295 
-0.020250 0.149793 0.087947 
0.021750 0.056544 0.050175 
0.052000 0.097274 0.042096 
0.022750 0.056555 0.050295 
0.023250 0.056555 0.050295 
0.023750 0.056555 0.050295 
0.024250 0.056567 0.050415 
-0.050500 0.167188 0.043049 
0.025250 0.056590 0.050655 
-0.037000 0.136495 0.078487 
-0.023500 0.146349 0.089305 
-0.034000 0.122944 0.087948 
0.027250 0.056624 0.051015 
0.048000 0.123128 0.018874 
-0.032000 0.137998 0.083995 
-0.016500 0.121881 0.100520 
0.029250 0.056658 0.051376 
0.029750 0.056670 0.051496 
-0.014500 0.160024 0.047636 
0.057000 0.094117 0.037513 
0.016250 0.115410 0.051325 
0.031750 0.056704 0.051856 
-0.054250 0.169332 0.039998 
0.032750 0.056738 0.052216 
0.033250 0.056738 0.052216 
0.000500 0.112161 0.089765 
-0.016250 0.132011 0.097686 
0.034750 0.056761 0.052456 
0.035250 0.056773 0.052576 
0.035750 0.056784 0.052696 
0.036250 0.056784 0.052696 
-0.018000 0.109189 0.083646 
0.037250 0.056784 0.052696 
-0.014500 0.138149 0.096326 
0.038250 0.056784 0.052696 
-0.020250 0.105774 0.083408 
-0.021000 0.135388 0.093948 
-0.008750 0.107095 0.082569 
0.040250 0.056716 0.051976 
-0.039750 0.142586 0.069141 
-0.013250 0.103088 0.084128 
-0.054000 0.168615 0.040888 
-0.031250 0.131867 0.087468 
0.042750 0.056567 0.050415 
-0.007250 0.096341 0.085089 
0.043750 0.056567 0.050415 
0.044250 0.056544 0.050175 
-0.006500 0.116396 0.095763 
0.045250 0.056498 0.049695 
0.045750 0.056475 0.049455 
-0.018750 0.103088 0.084128 
0.046750 0.056429 0.048974 
0.047250 0.056418 0.048854 
-0.009500 0.136789 0.097232 
0.048250 0.056361 0.048254 
0.016750 0.124603 0.035639 
-0.007250 0.134748 0.098025 
0.049750 0.056150 0.045979 
0.050250 0.056091 0.045346 
-0.011500 0.153186 0.081835 
-0.008750 0.164930 0.036709 
-0.015250 0.125227 0.100068 
-0.003250 0.097577 0.082933 
-0.049500 0.158591 0.048387 
0.053250 0.055915 0.043444 
-0.031000 0.106279 0.079816 
0.054250 0.055845 0.042684 
0.054750 0.055763 0.041797 
0.055250 0.055552 0.039515 
0.006750 0.110487 0.066885 
0.056250 0.055458 0.038501 
-0.015500 0.105105 0.083648 
0.057250 0.055329 0.037107 
0.057750 0.055271 0.036473 
0.043000 0.127391 0.016455 
0.058750 0.055154 0.035206 
0.059250 0.055118 0.034826 
0.059750 0.055071 0.034319 
0.063000 0.097394 0.022890 
0.036750 0.105254 0.045283 
-0.032750 0.122282 0.088628 
0.048000 0.094913 0.048800 
0.062250 0.054263 0.025573 
0.058750 0.111843 0.010721 
-0.060250 0.156084 0.029873 
-0.011250 0.179476 0.020563 
-0.021750 0.129243 0.095422 
-0.022500 0.153200 0.083513 
-0.072000 0.177279 0.026277 
0.065750 0.051686 -0.001240 
0.000500 0.108773 0.074667 
-0.066750 0.166185 0.020081 
-0.062000 0.165660 0.036834 
0.067750 0.051543 -0.002590 
0.068250 0.051500 -0.002996 
0.068750 0.051443 -0.003536 
0.069250 0.051400 -0.003941 
-0.029500 0.117525 0.088064 
-0.006750 0.125216 0.099502 
0.070750 0.051143 -0.006372 
-0.028000 0.056220 0.039136 
-0.034000 0.095420 0.081017 
0.044750 0.094357 0.051315 
-0.026500 0.056477 0.041924 
-0.026000 0.056570 0.042938 
0.008250 0.103735 0.070118 
-0.025000 0.056768 0.045093 
-0.045500 0.126433 0.067002 
-0.024000 0.056897 0.046487 
-0.023500 0.056955 0.047121 
-0.022500 0.157170 0.048629 
-0.022500 0.057025 0.047882 
-0.004000 0.131344 0.098819 
-0.007000 0.186165 0.009260 
0.041000 0.122155 0.029291 
-0.013250 0.125227 0.100068 
0.013500 0.120227 0.048574 
-0.045500 0.129210 0.066041 
0.024750 0.098922 0.057783 
-0.018500 0.057253 0.050296 
-0.013750 0.160726 0.046492 
-0.017500 0.057276 0.050536 
-0.017000 0.057925 0.057380 
-0.016500 0.057879 0.056899 
-0.016000 0.057959 0.057740 
0.054750 0.110911 0.020122 
-0.021500 0.139492 0.092815 
-0.019750 0.134716 0.095194 
-0.020750 0.099067 0.085207 
0.034500 0.101899 0.047951 
-0.013000 0.057959 0.057740 
-0.012500 0.057925 0.057380 
-0.012000 0.057947 0.057620 
-0.011500 0.057947 0.057620 
-0.031000 0.107611 0.079097 
-0.010500 0.057936 0.057500 
-0.010000 0.057959 0.057740 
-0.009500 0.057970 0.057860 
-0.027500 0.111843 0.082088 
-0.008500 0.057959 0.057740 
-0.008000 0.057947 0.057620 
-0.007500 0.057959 0.057740 
0.014000 0.110812 0.058505 
-0.006500 0.057959 0.057740 
-0.006000 0.057993 0.058100 
-0.005500 0.058038 0.058580 
-0.005000 0.058072 0.058940 
-0.029500 0.149083 0.086150 
-0.023750 0.134669 0.091004 
-0.003500 0.058197 0.060261 
-0.003000 0.058231 0.060621 
-0.027250 0.119634 0.091007 
-0.002000 0.058300 0.061341 
0.056500 0.108703 0.019354 
-0.047750 0.160756 0.049101 
-0.000500 0.058379 0.062182 
-0.031000 0.153180 0.081116 
-0.005250 0.118424 0.096216 
0.001000 0.058436 0.062782 
0.001500 0.058448 0.062902 
0.002000 0.058470 0.063142 
-0.070750 0.166081 0.011451 
0.029750 0.116412 0.042750 
-0.012500 0.140877 0.095079 
0.004000 0.058516 0.063622 
0.004500 0.058527 0.063743 
0.005000 0.058527 0.063743 
0.005500 0.058539 0.063863 
-0.022750 0.118433 0.096556 
0.006500 0.058550 0.063983 
0.002750 0.121066 0.094404 
-0.006750 0.115711 0.095311 
0.008000 0.058561 0.064103 
0.008500 0.058561 0.064103 
0.009000 0.058550 0.063983 
-0.011750 0.125224 0.099955 
0.010000 0.058550 0.063983 
0.010500 0.058539 0.063863 
0.011000 0.058539 0.063863 
0.039000 0.123581 0.028908 
-0.008500 0.123183 0.098935 
0.012500 0.058493 0.063382 
0.013000 0.058470 0.063142 
-0.034250 0.141437 0.083036 
0.000500 0.140803 0.086150 
0.014500 0.058379 0.062182 
-0.031750 0.127759 0.088740 
0.015500 0.058288 0.061221 
0.016000 0.058243 0.060741 
0.016500 0.058197 0.060261 
-0.044000 0.105464 0.063173 
0.020500 0.110550 0.052519 
0.018000 0.057936 0.057500 
0.018500 0.057856 0.056659 
-0.035000 0.144888 0.082556 
0.019500 0.057538 0.053298 
-0.009250 0.115793 0.098027 
-0.029250 0.104327 0.081732 
0.028000 0.109013 0.049526 
-0.041750 0.153667 0.055108 
-0.035000 0.143506 0.082676 
0.022500 0.057265 0.050416 
-0.005000 0.151775 0.079079 
-0.023000 0.132625 0.092364 
0.024000 0.057265 0.050416 
0.024500 0.057276 0.050536 
-0.036750 0.115251 0.082087 
-0.022500 0.158576 0.047385 
0.005500 0.105921 0.072512 
0.043750 0.118671 0.031191 
0.020750 0.109870 0.052998 
-0.042000 0.102978 0.068801 
0.028000 0.057333 0.051137 
0.028500 0.057344 0.051257 
-0.055000 0.154093 0.037746 
0.029500 0.057367 0.051497 
0.030000 0.057379 0.051617 
-0.016500 0.138145 0.095873 
0.031000 0.057390 0.051737 
0.031500 0.057413 0.051977 
0.032000 0.057413 0.051977 
-0.016250 0.145665 0.091682 
0.033000 0.057436 0.052217 
0.033500 0.057447 0.052337 
0.034000 0.057447 0.052337 
-0.018500 0.119191 0.099840 
0.059500 0.091126 0.035474 
0.035500 0.057481 0.052697 
-0.024500 0.128522 0.093271 
0.036500 0.057492 0.052818 
0.037000 0.057492 0.052818 
-0.002250 0.123805 0.096670 
0.018000 0.107924 0.056349 
0.037750 0.107979 0.043632 
-0.023250 0.099060 0.085088 
-0.020250 0.111236 0.083765 
0.047000 0.105298 0.034475 
0.040500 0.057413 0.051977 
0.041000 0.057379 0.051617 
0.041500 0.057333 0.051137 
0.042000 0.057322 0.051017 
0.051500 0.116013 0.021150 
0.021500 0.121285 0.041103 
-0.044750 0.128559 0.067838 
0.044000 0.057299 0.050777 
0.044500 0.057276 0.050536 
-0.014500 0.117860 0.100066 
0.045500 0.057219 0.049936 
0.046000 0.057208 0.049816 
-0.024750 0.119732 0.094857 
-0.010250 0.099033 0.084609 
0.047500 0.057163 0.049336 
0.048000 0.057140 0.049096 
0.048500 0.057083 0.048496 
0.049000 0.057014 0.047755 
-0.026500 0.118997 0.092480 
0.020500 0.119967 0.043134 
-0.035750 0.137222 0.080044 
0.051000 0.056722 0.044586 
-0.049250 0.157880 0.048508 
0.015250 0.124603 0.035639 
0.052500 0.056640 0.043699 
0.050750 0.120737 0.014301 
-0.001000 0.134037 0.095647 
0.054000 0.056558 0.042812 
-0.020500 0.129938 0.096102 
0.029750 0.105545 0.050482 
0.055500 0.056325 0.040276 
0.056000 0.056243 0.039389 
0.056500 0.056161 0.038502 
0.048000 0.116319 0.027122 
0.016000 0.106624 0.058384 
-0.035250 0.153810 0.073206 
-0.003750 0.163157 0.014883 
0.059000 0.055834 0.034952 
0.059500 0.055799 0.034572 
0.060000 0.055753 0.034065 
-0.012500 0.154550 0.078958 
-0.007000 0.121818 0.097802 
0.061500 0.055064 0.026586 
0.062000 0.055028 0.026206 
-0.043000 0.161479 0.050418 
0.063000 0.054900 0.024812 
-0.035500 0.113135 0.080412 
-0.042500 0.123952 0.077057 
0.064500 0.052448 -0.000837 
0.065000 0.052448 -0.000837 
0.025250 0.093356 0.058021 
0.047750 0.105926 0.033078 
0.066500 0.052349 -0.001782 
-0.037500 0.122825 0.084358 
0.067500 0.052278 -0.002457 
0.068000 0.052235 -0.002862 
0.036500 0.128967 0.019374 
-0.041500 0.101711 0.070956 
0.069500 0.052108 -0.004078 
0.070000 0.052023 -0.004888 
0.034750 0.113563 0.042366 
-0.003000 0.158183 0.026442 
-0.006750 0.099000 0.084010 
-0.062000 0.164085 0.028334 
-0.026750 0.057120 0.041291 
-0.056250 0.162105 0.042300 
-0.016000 0.142242 0.094060 
-0.025250 0.057446 0.044841 
-0.071000 0.181689 0.021193 
-0.024250 0.057586 0.046362 
-0.023750 0.057655 0.047123 
-0.023250 0.057690 0.047503 
-0.022750 0.057725 0.047883 
-0.022250 0.057805 0.048737 
-0.021750 0.057884 0.049577 
-0.021250 0.057895 0.049697 
-0.000500 0.115000 0.094065 
-0.020250 0.057918 0.049938 
0.060000 0.096287 0.027721 
-0.019250 0.057952 0.050298 
0.018000 0.125287 0.034875 
-0.018250 0.058652 0.057741 
-0.000250 0.146859 0.074768 
-0.017250 0.058832 0.059661 
-0.016750 0.058799 0.059301 
0.027750 0.106972 0.050961 
-0.015750 0.058832 0.059661 
-0.015250 0.058810 0.059421 
-0.014750 0.058855 0.059901 
0.058000 0.093955 0.035223 
-0.013750 0.058821 0.059541 
-0.013250 0.058866 0.060022 
0.008250 0.117054 0.057669 
0.052500 0.107581 0.024818 
-0.011750 0.058821 0.059541 
0.042750 0.113245 0.036520 
-0.043500 0.125253 0.074184 
-0.047750 0.167906 0.042413 
-0.009750 0.058776 0.059061 
-0.009250 0.058765 0.058941 
-0.008750 0.058765 0.058941 
-0.008250 0.058753 0.058821 
-0.007750 0.058753 0.058821 
-0.007250 0.058753 0.058821 
-0.006750 0.058742 0.058701 
-0.006250 0.058742 0.058701 
-0.005750 0.058765 0.058941 
0.059250 0.109129 0.014145 
-0.030000 0.144955 0.086989 
-0.011500 0.105099 0.083528 
-0.003750 0.058900 0.060382 
-0.051500 0.155599 0.041171 
-0.002750 0.058957 0.060982 
-0.009750 0.179476 0.021197 
-0.001750 0.059013 0.061582 
-0.001250 0.059036 0.061822 
0.001000 0.103460 0.078140 
-0.000250 0.059081 0.062303 
0.000250 0.059103 0.062543 
0.000750 0.059115 0.062663 
0.001250 0.059137 0.062903 
-0.010250 0.108531 0.084125 
0.024750 0.113825 0.047195 
0.057750 0.100011 0.029890 
0.021000 0.110534 0.052160 
-0.030000 0.136634 0.084834 
0.041500 0.127487 0.018741 
0.004750 0.059216 0.063743 
-0.024750 0.115625 0.092480 
0.005750 0.059228 0.063863 
-0.045750 0.121544 0.066646 
0.006750 0.059239 0.063983 
-0.027000 0.111848 0.082208 
0.007750 0.059250 0.064103 
0.008250 0.059250 0.064103 
0.037500 0.114154 0.040206 
0.009250 0.059250 0.064103 
0.009750 0.059250 0.064103 
0.010250 0.059239 0.063983 
0.038250 0.112077 0.041093 
0.009250 0.099684 0.071675 
0.011750 0.059205 0.063623 
0.012250 0.059194 0.063503 
0.012750 0.059182 0.063383 
0.016000 0.110697 0.055871 
0.035250 0.108077 0.045285 
0.014250 0.059092 0.062422 
0.014750 0.059058 0.062062 
0.015250 0.059024 0.061702 
0.015750 0.058979 0.061222 
0.016250 0.058945 0.060862 
0.016750 0.058889 0.060262 
0.036500 0.093869 0.054907 
-0.030000 0.131200 0.088626 
0.018250 0.058652 0.057741 
0.018750 0.058528 0.056420 
0.019250 0.058369 0.054740 
-0.061000 0.155349 0.029239 
0.042500 0.097700 0.048322 
0.027500 0.129226 0.025724 
0.021250 0.057963 0.050418 
0.008500 0.120409 0.053840 
0.022250 0.057952 0.050298 
-0.029500 0.116124 0.086874 
0.023250 0.057963 0.050418 
0.023750 0.057963 0.050418 
0.024250 0.057963 0.050418 
0.030000 0.129211 0.025343 
0.025250 0.057997 0.050778 
-0.040750 0.128858 0.078491 
0.026250 0.058008 0.050898 
0.026750 0.058020 0.051018 
-0.006500 0.112281 0.093273 
0.027750 0.058031 0.051138 
0.028250 0.058042 0.051258 
0.042250 0.120106 0.031320 
0.029250 0.058065 0.051498 
0.029750 0.058076 0.051618 
0.038750 0.098362 0.047694 
0.037250 0.107994 0.043886 
0.031250 0.058099 0.051858 
0.031750 0.058110 0.051978 
-0.040000 0.158612 0.053661 
-0.047500 0.151478 0.048161 
0.033250 0.058144 0.052338 
0.033750 0.058144 0.052338 
-0.012000 0.143609 0.093041 
-0.051250 0.159288 0.046876 
0.035250 0.058178 0.052699 
-0.047500 0.148549 0.044993 
0.032000 0.118439 0.040846 
-0.012250 0.113079 0.097008 
0.037250 0.058200 0.052939 
0.037750 0.058212 0.053059 
0.038250 0.058212 0.053059 
0.038750 0.058200 0.052939 
0.032000 0.127848 0.027377 
0.039750 0.058178 0.052699 
0.040250 0.058155 0.052458 
0.001000 0.129924 0.095196 
0.041250 0.058087 0.051738 
-0.016000 0.144979 0.092248 
0.034000 0.100521 0.048444 
0.042750 0.058042 0.051258 
0.043250 0.058042 0.051258 
-0.016500 0.107816 0.083407 
0.026750 0.105620 0.052038 
0.048250 0.107307 0.032317 
0.046750 0.110263 0.034101 
0.045750 0.057963 0.050418 
0.046250 0.057952 0.050298 
0.046750 0.057929 0.050058 
0.002750 0.126465 0.093271 
0.047750 0.057895 0.049697 
-0.000500 0.147560 0.075127 
0.048750 0.057783 0.048497 
-0.011000 0.125902 0.099728 
0.049750 0.057702 0.047630 
0.050250 0.057655 0.047123 
0.050750 0.057423 0.044587 
0.051250 0.057423 0.044587 
0.025000 0.102274 0.055150 
0.018500 0.098417 0.061256 
-0.013000 0.135427 0.097685 
0.053250 0.057306 0.043320 
0.029000 0.117120 0.042750 
-0.069000 0.163909 0.015643 
0.037250 0.106596 0.044139 
-0.036250 0.160759 0.050300 
-0.025250 0.119718 0.094291 
0.025000 0.099574 0.056945 
0.056750 0.056887 0.038756 
0.031000 0.118458 0.041227 
-0.041250 0.159327 0.052701 
0.039250 0.118871 0.035256 
-0.020250 0.104430 0.083768 
0.059250 0.056504 0.034572 
-0.034750 0.141428 0.082557 
0.060250 0.056434 0.033812 
0.025250 0.101581 0.055269 
0.061250 0.055805 0.026966 
0.017750 0.123265 0.037800 
0.056250 0.100078 0.030907 
0.062750 0.055666 0.025445 
0.056000 0.100776 0.030654 
0.063750 0.055538 0.024050 
-0.040250 0.139818 0.070701 
-0.043000 0.136217 0.065794 
0.065250 0.053125 -0.001244 
0.065750 0.053097 -0.001514 
0.066250 0.053083 -0.001649 
0.066750 0.053041 -0.002054 
0.056000 0.106083 0.023798 
-0.011250 0.148414 0.088852 
0.068250 0.052928 -0.003135 
-0.008250 0.112988 0.094292 
-0.024750 0.101727 0.084128 
0.069750 0.052802 -0.004350 
-0.027500 0.135313 0.087468 
0.070750 0.052619 -0.006106 
0.071250 0.051971 -0.012318 
0.071750 0.051971 -0.012318 
-0.014500 0.151832 0.085071 
-0.028750 0.105655 0.081013 
0.038250 0.103739 0.043628 
-0.026500 0.057880 0.041926 
-0.013500 0.113771 0.097687 
-0.058750 0.172204 0.035423 
-0.025000 0.058205 0.045476 
0.004500 0.095278 0.078622 
-0.024000 0.058356 0.047124 
0.001250 0.118378 0.094518 
-0.047500 0.164344 0.046864 
-0.022500 0.058482 0.048498 
-0.026000 0.102389 0.083769 
-0.002250 0.138808 0.093042 
-0.021000 0.059704 0.061583 
-0.050000 0.167190 0.043176 
-0.054250 0.165017 0.043181 
-0.039500 0.109919 0.069638 
-0.020000 0.136765 0.094627 
-0.020250 0.131981 0.095422 
0.064750 0.090927 0.023004 
-0.017500 0.059760 0.062183 
-0.012000 0.120542 0.100407 
-0.016500 0.059771 0.062303 
-0.016000 0.059804 0.062663 
-0.015500 0.059760 0.062183 
-0.015000 0.059771 0.062303 
-0.014500 0.059748 0.062063 
-0.016250 0.100406 0.084847 
0.003000 0.114909 0.091122 
-0.013000 0.059760 0.062183 
-0.012500 0.059748 0.062063 
-0.012000 0.059737 0.061943 
-0.033750 0.124989 0.087947 
-0.011000 0.059715 0.061703 
0.047500 0.109507 0.033337 
-0.052500 0.152756 0.041938 
-0.040750 0.132973 0.076454 
-0.015000 0.099733 0.084968 
0.056750 0.097280 0.031793 
-0.008000 0.059591 0.060383 
-0.007500 0.059569 0.060142 
-0.007000 0.059558 0.060022 
-0.006500 0.059558 0.060022 
-0.006000 0.059524 0.059662 
-0.026000 0.143596 0.089079 
-0.005000 0.059558 0.060022 
-0.004500 0.059580 0.060263 
-0.004000 0.059603 0.060503 
-0.008750 0.167827 0.035179 
-0.003000 0.059670 0.061223 
-0.038500 0.140556 0.072856 
-0.002000 0.059704 0.061583 
-0.001500 0.059737 0.061943 
-0.001000 0.059748 0.062063 
-0.000500 0.059771 0.062303 
0.000000 0.059793 0.062543 
0.000500 0.059804 0.062663 
0.001000 0.059827 0.062903 
0.025000 0.115859 0.045672 
-0.010750 0.144293 0.092362 
0.009000 0.097666 0.072513 
-0.011000 0.101047 0.084129 
0.003500 0.059894 0.063624 
-0.018500 0.123205 0.099955 
0.047750 0.096875 0.046548 
0.001250 0.126494 0.094857 
-0.053500 0.167180 0.042288 
0.039500 0.101577 0.042991 
0.006500 0.059928 0.063984 
-0.008500 0.131356 0.099612 
0.007500 0.059939 0.064104 
0.047500 0.102489 0.035107 
0.008500 0.059939 0.064104 
0.009000 0.059939 0.064104 
-0.024750 0.147037 0.088513 
0.010000 0.059939 0.064104 
0.010500 0.059917 0.063864 
-0.025250 0.115591 0.091348 
0.011500 0.059905 0.063744 
0.012000 0.059905 0.063744 
0.012500 0.059883 0.063504 
-0.001500 0.159572 0.021870 
0.013500 0.059849 0.063143 
0.014000 0.059827 0.062903 
0.014500 0.059793 0.062543 
0.042250 0.116011 0.034998 
0.015500 0.059715 0.061703 
0.016000 0.059681 0.061343 
-0.033500 0.149053 0.083633 
0.013000 0.109558 0.061617 
-0.043000 0.155778 0.053427 
-0.003000 0.143596 0.089192 
0.018500 0.059334 0.057622 
-0.030250 0.094903 0.083772 
0.019500 0.059031 0.054380 
0.036000 0.107363 0.045157 
-0.027500 0.132587 0.089419 
-0.006750 0.178003 0.022088 
-0.060750 0.156071 0.029238 
0.022000 0.058650 0.050299 
-0.010500 0.154539 0.077520 
0.023000 0.058672 0.050539 
-0.005750 0.134745 0.097799 
0.024000 0.058672 0.050539 
-0.043000 0.147246 0.050925 
-0.025500 0.111890 0.083166 
0.031000 0.095156 0.052992 
0.026000 0.058706 0.050899 
0.026500 0.058717 0.051019 
0.024250 0.107045 0.052518 
0.027500 0.058729 0.051139 
-0.035000 0.137938 0.081121 
-0.003250 0.164589 0.011073 
0.060250 0.103705 0.020233 
-0.071500 0.166810 0.010181 
-0.034500 0.150419 0.082075 
-0.071250 0.179482 0.025257 
0.031000 0.058796 0.051860 
0.031500 0.058807 0.051980 
-0.055250 0.156213 0.036220 
0.032500 0.058829 0.052220 
0.033000 0.058829 0.052220 
-0.044250 0.165056 0.046100 
-0.051000 0.149882 0.041308 
-0.009250 0.118513 0.099500 
0.035000 0.058874 0.052700 
0.035500 0.058874 0.052700 
0.046500 0.099751 0.036757 
0.036500 0.058897 0.052940 
-0.022000 0.128560 0.095536 
0.046750 0.100428 0.036249 
-0.006500 0.103657 0.081972 
-0.045750 0.167885 0.040509 
0.039000 0.058919 0.053180 
0.039500 0.058908 0.053060 
-0.020500 0.124515 0.098596 
-0.040000 0.147425 0.064704 
0.000750 0.123781 0.095537 
-0.016000 0.109216 0.084244 
-0.032500 0.099560 0.081854 
-0.023500 0.144974 0.089758 
0.043000 0.058785 0.051739 
0.043500 0.058773 0.051619 
0.044000 0.058773 0.051619 
0.044500 0.058751 0.051379 
0.045000 0.058717 0.051019 
-0.008500 0.138149 0.096326 
0.046000 0.058684 0.050659 
0.046500 0.058672 0.050539 
0.047000 0.058661 0.050419 
-0.015250 0.136102 0.096892 
-0.017250 0.133368 0.096893 
0.048500 0.058561 0.049339 
-0.052750 0.153451 0.041048 
-0.027750 0.155238 0.078119 
0.050000 0.058448 0.048138 
-0.015750 0.169303 0.036953 
0.051000 0.058147 0.044842 
0.041750 0.103554 0.040704 
-0.034000 0.107519 0.077181 
-0.032750 0.133195 0.085433 
0.053000 0.058066 0.043954 
-0.011750 0.141559 0.094513 
0.054000 0.058019 0.043447 
-0.067500 0.168391 0.019188 
0.055000 0.057927 0.042433 
0.055500 0.057903 0.042179 
0.056000 0.057857 0.041672 
0.056500 0.057834 0.041419 
0.062000 0.092199 0.030640 
0.011250 0.099612 0.070357 
0.058000 0.057648 0.039390 
0.049000 0.114885 0.027119 
0.059000 0.057196 0.034446 
-0.032500 0.122964 0.088854 
0.034250 0.093198 0.055386 
0.050500 0.098612 0.040953 
-0.048250 0.149252 0.044611 
-0.015000 0.098394 0.085327 
0.062000 0.056454 0.026331 
-0.030750 0.142859 0.085312 
-0.017000 0.116499 0.099273 
0.063500 0.056315 0.024810 
0.064000 0.056245 0.024049 
0.006750 0.125113 0.047070 
0.065000 0.054866 0.008962 
-0.009250 0.136109 0.097572 
-0.017750 0.109897 0.084244 
0.066500 0.053761 -0.002056 
0.067000 0.053719 -0.002461 
0.067500 0.053691 -0.002731 
0.018250 0.118013 0.046435 
-0.050250 0.150666 0.044100 
-0.026500 0.102382 0.083649 
0.069500 0.053524 -0.004352 
0.070000 0.053468 -0.004892 
0.070500 0.053398 -0.005567 
0.071000 0.053286 -0.006647 
-0.021750 0.118467 0.097801 
-0.023750 0.127854 0.094290 
-0.030000 0.147709 0.086629 
-0.027750 0.058443 0.040405 
0.020500 0.115912 0.046688 
0.008000 0.109790 0.066765 
-0.026250 0.058721 0.043448 
-0.025750 0.058755 0.043829 
-0.009250 0.121194 0.099727 
-0.024750 0.058940 0.045857 
-0.037750 0.101324 0.076584 
-0.023750 0.060394 0.061584 
-0.023250 0.060472 0.062424 
-0.022750 0.060494 0.062664 
-0.022250 0.060494 0.062664 
-0.021750 0.060505 0.062784 
-0.021250 0.060539 0.063144 
-0.017000 0.095704 0.085808 
0.053000 0.119982 0.013664 
-0.019750 0.060605 0.063864 
0.048000 0.105197 0.032823 
-0.018750 0.060583 0.063624 
-0.018250 0.060583 0.063624 
-0.000750 0.144226 0.084473 
-0.017250 0.060628 0.064104 
-0.045250 0.103309 0.061736 
-0.006500 0.158333 0.034439 
-0.015750 0.060628 0.064104 
-0.004250 0.115711 0.095311 
-0.014750 0.060628 0.064104 
-0.016500 0.123215 0.100408 
0.021000 0.127922 0.029155 
0.045500 0.109617 0.035244 
-0.012750 0.060594 0.063744 
-0.000750 0.141527 0.088287 
-0.011750 0.060572 0.063504 
-0.011250 0.060550 0.063264 
-0.010750 0.060550 0.063264 
-0.006500 0.165405 0.016782 
-0.010500 0.117847 0.099613 
-0.009250 0.060494 0.062664 
-0.008750 0.060483 0.062544 
-0.008250 0.060472 0.062424 
-0.041250 0.110455 0.066167 
0.036250 0.125730 0.028524 
-0.006750 0.060383 0.061464 
-0.006250 0.060383 0.061464 
-0.048000 0.151466 0.047653 
0.017750 0.105886 0.057546 
-0.022250 0.100406 0.084847 
-0.004250 0.060339 0.060984 
-0.003750 0.060361 0.061223 
0.047000 0.096292 0.048322 
-0.001750 0.142904 0.088287 
-0.002250 0.060416 0.061824 
-0.001750 0.060439 0.062064 
-0.001250 0.060450 0.062184 
0.037500 0.123650 0.030432 
0.049750 0.105703 0.029391 
0.053000 0.111745 0.022157 
0.000750 0.060516 0.062904 
0.001250 0.060528 0.063024 
0.022500 0.095574 0.060178 
0.002250 0.060561 0.063384 
0.002750 0.060572 0.063504 
0.003250 0.060583 0.063624 
0.003750 0.060583 0.063624 
-0.060500 0.171479 0.035933 
0.004750 0.060605 0.063864 
0.005250 0.060617 0.063984 
0.005750 0.060617 0.063984 
-0.009500 0.147726 0.089079 
0.024250 0.121927 0.039706 
0.007250 0.060628 0.064104 
0.028250 0.100131 0.054311 
-0.056000 0.149747 0.035977 
0.008750 0.060639 0.064224 
0.048000 0.101049 0.034851 
-0.030000 0.127090 0.089873 
0.010250 0.060617 0.063984 
0.010750 0.060617 0.063984 
0.019000 0.122607 0.039072 
0.011750 0.060605 0.063864 
0.012250 0.060594 0.063744 
-0.035750 0.118082 0.084839 
0.013250 0.060561 0.063384 
0.013750 0.060539 0.063144 
0.014250 0.060516 0.062904 
0.014750 0.060483 0.062544 
-0.049000 0.161474 0.048013 
-0.007000 0.097000 0.084729 
-0.052750 0.154859 0.040030 
0.016750 0.060350 0.061104 
-0.012500 0.105099 0.083528 
0.017750 0.060249 0.060023 
0.018250 0.060172 0.059183 
0.044500 0.098895 0.045151 
0.019250 0.059760 0.054742 
0.019750 0.059704 0.054141 
0.020250 0.059582 0.052821 
0.020750 0.059460 0.051501 
0.021250 0.059404 0.050901 
0.021750 0.059360 0.050420 
-0.017500 0.155926 0.077040 
0.022750 0.059371 0.050540 
0.065000 0.099603 0.012594 
0.023750 0.059382 0.050660 
0.024250 0.059382 0.050660 
0.024750 0.059393 0.050780 
0.025250 0.059393 0.050780 
0.025750 0.059404 0.050901 
0.026250 0.059415 0.051020 
-0.027750 0.100347 0.083770 
-0.000500 0.096777 0.080897 
-0.058250 0.173647 0.032882 
-0.054500 0.161409 0.044078 
0.028750 0.059449 0.051381 
0.029250 0.059460 0.051501 
0.029750 0.059471 0.051621 
-0.031500 0.154538 0.077400 
0.004750 0.097233 0.076944 
0.010750 0.096937 0.071795 
0.031750 0.059515 0.052101 
0.032250 0.059515 0.052101 
0.032750 0.059526 0.052221 
-0.010250 0.105768 0.083288 
0.033750 0.059549 0.052461 
-0.017000 0.154564 0.080876 
-0.002750 0.118421 0.096103 
-0.020500 0.103762 0.084008 
-0.041750 0.160761 0.051259 
0.036250 0.059593 0.052941 
0.000750 0.145456 0.074050 
0.037250 0.059615 0.053181 
0.037750 0.059615 0.053181 
0.038250 0.059627 0.053301 
0.036500 0.112820 0.041730 
0.044000 0.095038 0.050956 
-0.055250 0.172206 0.035677 
0.002250 0.117003 0.093499 
0.040750 0.059604 0.053061 
0.041250 0.059582 0.052821 
0.025250 0.105661 0.052876 
0.042250 0.059504 0.051981 
0.042750 0.059515 0.052101 
0.043250 0.059504 0.051981 
-0.015000 0.124550 0.100295 
0.029250 0.102833 0.052396 
0.044750 0.059471 0.051621 
0.056500 0.094190 0.038531 
0.049000 0.105073 0.030788 
0.046250 0.059404 0.050901 
0.046750 0.059393 0.050780 
0.047250 0.059382 0.050660 
-0.013500 0.146351 0.091003 
0.048250 0.059326 0.050060 
-0.064500 0.161069 0.023263 
0.049250 0.059237 0.049100 
-0.005500 0.096979 0.084370 
0.050250 0.059170 0.048380 
-0.031500 0.122976 0.089420 
-0.016000 0.167149 0.039623 
0.051750 0.058894 0.045350 
-0.049500 0.162903 0.047121 
0.052750 0.058871 0.045097 
0.053250 0.058848 0.044843 
0.053750 0.058825 0.044589 
0.054250 0.058778 0.044082 
-0.001250 0.132002 0.097007 
0.001500 0.095391 0.080538 
-0.063000 0.155296 0.026701 
0.056250 0.058605 0.042180 
0.042250 0.104971 0.040705 
0.057250 0.058397 0.039898 
0.057750 0.058409 0.040025 
0.058250 0.058397 0.039898 
-0.014500 0.101073 0.084608 
0.005250 0.109229 0.069638 
0.059750 0.057854 0.033939 
0.060250 0.057854 0.033939 
0.060750 0.057369 0.028613 
0.061250 0.057265 0.027472 
0.061750 0.057196 0.026711 
0.062250 0.057138 0.026077 
0.062750 0.057092 0.025570 
-0.002000 0.142221 0.089419 
-0.056000 0.170047 0.038728 
0.064250 0.056283 0.016694 
0.064750 0.056260 0.016441 
0.065250 0.055601 0.009213 
0.065750 0.055578 0.008960 
0.066250 0.054481 -0.002058 
0.066750 0.054454 -0.002328 
0.067250 0.054412 -0.002733 
0.067750 0.054371 -0.003138 
0.007250 0.117085 0.058507 
-0.050500 0.164328 0.045721 
-0.038750 0.149643 0.074647 
0.069750 0.054190 -0.004894 
-0.010000 0.158509 0.043832 
-0.030000 0.142181 0.086031 
0.071250 0.053955 -0.007189 
-0.040750 0.117851 0.078735 
0.072250 0.053498 -0.011645 
-0.000500 0.107497 0.076702 
0.045750 0.098250 0.046041 
-0.027500 0.059226 0.041293 
-0.027000 0.059284 0.041927 
-0.026500 0.059342 0.042562 
-0.026000 0.059434 0.043576 
-0.025500 0.059445 0.043703 
-0.025000 0.061140 0.062185 
-0.024500 0.061195 0.062785 
-0.024000 0.061228 0.063145 
-0.023500 0.061261 0.063505 
0.051500 0.117410 0.020264 
-0.022500 0.061294 0.063865 
-0.022000 0.061317 0.064105 
-0.005000 0.169742 0.004232 
-0.021000 0.061339 0.064345 
-0.034500 0.111681 0.078377 
-0.017500 0.110861 0.091237 
-0.019500 0.061405 0.065065 
-0.019000 0.061427 0.065305 
-0.030250 0.127774 0.089646 
0.025000 0.129169 0.024327 
-0.017500 0.061460 0.065665 
-0.017000 0.061460 0.065665 
-0.016500 0.061482 0.065905 
-0.016000 0.061460 0.065665 
-0.001000 0.100859 0.080656 
0.046000 0.116495 0.030552 
-0.014500 0.061482 0.065905 
-0.001250 0.094788 0.081856 
-0.013500 0.061438 0.065425 
-0.013000 0.061427 0.065305 
-0.012500 0.061416 0.065185 
-0.012000 0.061394 0.064945 
-0.019500 0.157184 0.051386 
-0.050500 0.170053 0.039362 
-0.033750 0.149739 0.083154 
-0.010000 0.061361 0.064585 
-0.002750 0.108244 0.078019 
-0.009000 0.061328 0.064225 
-0.008500 0.061317 0.064105 
0.002250 0.109361 0.072512 
-0.007500 0.061306 0.063985 
-0.007000 0.061261 0.063505 
-0.006500 0.061250 0.063385 
-0.037500 0.148989 0.078241 
-0.022250 0.129237 0.095082 
-0.005000 0.061151 0.062305 
-0.004500 0.061173 0.062545 
-0.004000 0.061140 0.062185 
-0.003500 0.061129 0.062064 
0.045500 0.106845 0.036512 
-0.065000 0.172918 0.033138 
-0.040250 0.146715 0.064105 
-0.001500 0.061162 0.062425 
-0.001000 0.061173 0.062545 
-0.000500 0.061184 0.062665 
-0.020000 0.143607 0.092249 
0.000500 0.061217 0.063025 
-0.063250 0.153138 0.027212 
-0.019500 0.123196 0.099501 
0.002000 0.061261 0.063505 
0.002500 0.061272 0.063625 
0.003000 0.061272 0.063625 
0.003500 0.061283 0.063745 
-0.036500 0.117356 0.083642 
-0.039500 0.146048 0.066622 
0.004250 0.125067 0.091912 
0.005500 0.061306 0.063985 
0.064000 0.097274 0.021109 
0.006500 0.061317 0.064105 
0.007000 0.061317 0.064105 
0.007500 0.061317 0.064105 
0.008000 0.061317 0.064105 
-0.023750 0.099053 0.084968 
0.009000 0.061328 0.064225 
-0.053750 0.170767 0.037965 
0.010000 0.061317 0.064105 
-0.001500 0.095470 0.081855 
0.011000 0.061317 0.064105 
0.011500 0.061294 0.063865 
0.012000 0.061294 0.063865 
0.012500 0.061283 0.063745 
-0.039500 0.147440 0.065902 
0.026000 0.126605 0.032079 
-0.039000 0.100580 0.075507 
-0.027500 0.118943 0.090441 
0.015000 0.061184 0.062665 
0.015500 0.061151 0.062305 
-0.029750 0.135954 0.085313 
0.016500 0.061074 0.061464 
0.017000 0.061030 0.060984 
0.052250 0.102897 0.030276 
0.018000 0.060930 0.059904 
-0.032250 0.116779 0.086276 
0.019000 0.060764 0.058104 
0.002500 0.096687 0.079340 
0.023000 0.127960 0.030044 
0.026000 0.123919 0.036402 
0.055000 0.091725 0.043618 
0.010750 0.110327 0.063293 
-0.024750 0.096348 0.085209 
0.022500 0.060069 0.050542 
-0.017250 0.111627 0.093839 
0.023500 0.060091 0.050782 
0.012000 0.125271 0.034494 
-0.039500 0.135062 0.076572 
-0.024750 0.145661 0.089079 
0.025500 0.060102 0.050902 
0.026000 0.060113 0.051022 
0.026500 0.060124 0.051142 
0.060500 0.108316 0.012617 
0.027500 0.060135 0.051262 
0.028000 0.060135 0.051262 
-0.008750 0.173625 0.029329 
0.029000 0.060157 0.051502 
-0.059000 0.159743 0.031643 
-0.017000 0.117850 0.099726 
0.030500 0.060179 0.051742 
0.031000 0.060190 0.051862 
0.031500 0.060212 0.052102 
0.032000 0.060212 0.052102 
0.041250 0.111915 0.038170 
0.033000 0.060234 0.052342 
-0.025000 0.109105 0.081850 
-0.026500 0.109078 0.081251 
0.044250 0.099516 0.043879 
0.035000 0.060268 0.052702 
-0.004000 0.158233 0.029108 
0.036000 0.060301 0.053062 
0.036500 0.060301 0.053062 
-0.019000 0.147726 0.089871 
0.037500 0.060323 0.053302 
0.005000 0.111220 0.067843 
0.034000 0.114257 0.042112 
0.039000 0.060323 0.053302 
0.039500 0.060323 0.053302 
0.027000 0.099464 0.054909 
0.040500 0.060312 0.053182 
-0.060500 0.158233 0.029108 
0.041500 0.060301 0.053062 
0.017750 0.101850 0.060418 
0.042500 0.060234 0.052342 
0.004000 0.125756 0.092025 
0.043500 0.060223 0.052222 
0.044000 0.060223 0.052222 
0.027750 0.105608 0.051799 
0.018750 0.101812 0.059700 
0.034500 0.114250 0.041985 
-0.042250 0.095434 0.069639 
0.011000 0.121638 0.048695 
0.047000 0.060102 0.050902 
0.047500 0.060102 0.050902 
0.048000 0.060069 0.050542 
-0.006000 0.140871 0.094060 
0.049000 0.059981 0.049581 
0.049500 0.059947 0.049221 
0.020250 0.109886 0.053357 
0.027750 0.102864 0.052995 
-0.036000 0.104786 0.077302 
0.051500 0.059641 0.045858 
-0.012500 0.113771 0.097687 
0.052500 0.059629 0.045732 
0.053000 0.059606 0.045478 
0.053500 0.059595 0.045351 
0.054000 0.059572 0.045098 
0.003250 0.115595 0.091462 
-0.020250 0.140183 0.093608 
0.055500 0.059411 0.043322 
0.039250 0.117493 0.036144 
-0.011750 0.114453 0.098027 
-0.010250 0.141558 0.094400 
0.057500 0.059157 0.040533 
0.058000 0.059146 0.040406 
0.058500 0.059123 0.040152 
0.059000 0.058858 0.037236 
-0.012000 0.147726 0.089758 
0.060000 0.058547 0.033812 
0.060500 0.058156 0.029500 
0.061000 0.058075 0.028613 
-0.027000 0.103707 0.082930 
0.062000 0.057879 0.026457 
0.062500 0.057833 0.025950 
0.063000 0.057776 0.025316 
0.063500 0.057730 0.024808 
0.064000 0.057684 0.024301 
-0.021000 0.107787 0.082808 
0.029250 0.106927 0.050004 
-0.018500 0.117841 0.099386 
0.066000 0.056348 0.009592 
-0.026250 0.094975 0.084970 
0.067000 0.055133 -0.002735 
0.067500 0.055078 -0.003275 
0.068000 0.055064 -0.003410 
0.068500 0.055009 -0.003950 
0.069000 0.054968 -0.004355 
-0.039000 0.124116 0.082203 
-0.044500 0.157188 0.052106 
0.070500 0.054844 -0.005571 
0.071000 0.054748 -0.006516 
0.003000 0.104714 0.075865 
0.072000 0.054308 -0.010836 
-0.045250 0.150790 0.050439 
0.029500 0.102144 0.052635 
-0.027750 0.059791 0.039772 
-0.010250 0.172180 0.032124 
-0.026750 0.061775 0.061585 
-0.026250 0.061819 0.062065 
-0.025750 0.061874 0.062665 
-0.009750 0.173628 0.029837 
-0.032250 0.137299 0.083636 
-0.024250 0.061973 0.063745 
0.065750 0.097485 0.013479 
-0.023250 0.062027 0.064346 
0.011750 0.111581 0.060181 
-0.010500 0.110933 0.093274 
0.006000 0.103244 0.073949 
-0.019000 0.169968 0.030099 
-0.028750 0.155233 0.077399 
0.039250 0.106488 0.042359 
-0.023500 0.154561 0.080516 
-0.019250 0.062214 0.066386 
-0.018750 0.062225 0.066506 
-0.018250 0.062247 0.066746 
-0.017750 0.062257 0.066866 
-0.058500 0.162699 0.033668 
-0.029250 0.101663 0.082931 
-0.056750 0.156174 0.034316 
-0.015750 0.062247 0.066746 
0.019250 0.108567 0.055152 
-0.014750 0.062247 0.066746 
-0.023250 0.145662 0.089645 
-0.013750 0.062257 0.066866 
-0.027250 0.118270 0.090555 
-0.057500 0.168601 0.039492 
-0.012250 0.062236 0.066626 
-0.011750 0.062236 0.066626 
-0.011250 0.062214 0.066386 
-0.007750 0.126586 0.099841 
-0.010250 0.062192 0.066146 
-0.009750 0.062159 0.065786 
-0.009250 0.062170 0.065906 
-0.008750 0.062137 0.065546 
-0.008250 0.062126 0.065426 
-0.007750 0.062126 0.065426 
-0.007250 0.062115 0.065306 
-0.006750 0.062104 0.065186 
-0.006250 0.062060 0.064706 
-0.005750 0.062060 0.064706 
-0.023000 0.109128 0.082329 
-0.005000 0.099633 0.083171 
-0.004250 0.061983 0.063866 
-0.045500 0.162918 0.048736 
0.045250 0.098276 0.046422 
-0.002750 0.061918 0.063145 
-0.002250 0.061907 0.063025 
-0.001750 0.061907 0.063025 
-0.001250 0.061907 0.063025 
-0.000750 0.061907 0.063025 
-0.000250 0.061918 0.063145 
0.000250 0.061929 0.063265 
-0.030750 0.112504 0.081609 
0.001250 0.061951 0.063506 
0.001750 0.061962 0.063625 
0.002250 0.061973 0.063745 
0.002750 0.061973 0.063745 
0.003250 0.061983 0.063866 
0.023250 0.094864 0.059938 
-0.054000 0.162859 0.044202 
0.026000 0.110419 0.049527 
0.044000 0.116618 0.032966 
0.014000 0.125287 0.034875 
0.006250 0.062005 0.064106 
-0.067750 0.163203 0.018056 
-0.034000 0.098142 0.080896 
0.007750 0.062016 0.064226 
0.008250 0.062016 0.064226 
-0.023250 0.147037 0.089079 
-0.031750 0.130498 0.087827 
0.009750 0.062016 0.064226 
0.010250 0.062005 0.064106 
0.019250 0.125956 0.033731 
0.011250 0.062005 0.064106 
0.011750 0.061995 0.063986 
-0.018000 0.135409 0.095987 
0.012750 0.061973 0.063745 
0.009500 0.107034 0.067005 
0.013750 0.061951 0.063506 
0.014250 0.061929 0.063265 
0.014750 0.061907 0.063025 
0.015250 0.061874 0.062665 
0.015750 0.061841 0.062305 
0.016250 0.061808 0.061945 
0.016750 0.061764 0.061465 
-0.001750 0.164538 0.007265 
0.017750 0.061666 0.060385 
-0.025750 0.148412 0.087707 
-0.061000 0.156782 0.028729 
0.019250 0.061457 0.058104 
0.019750 0.061074 0.053904 
-0.044000 0.098697 0.066286 
-0.018500 0.131317 0.096894 
0.021250 0.060899 0.051983 
-0.037250 0.110774 0.073349 
-0.003500 0.169730 0.000721 
0.022750 0.060767 0.050543 
-0.013500 0.121881 0.100520 
-0.008000 0.113665 0.094405 
0.024250 0.060789 0.050783 
-0.035250 0.134497 0.082080 
-0.022750 0.114313 0.093613 
-0.037750 0.156505 0.056662 
-0.039000 0.096499 0.076106 
-0.016000 0.164294 0.043310 
0.027250 0.060833 0.051263 
-0.018250 0.169282 0.034796 
0.028250 0.060844 0.051383 
0.028750 0.060855 0.051503 
-0.066500 0.177284 0.027799 
0.029750 0.060877 0.051743 
0.004000 0.109946 0.070237 
0.030750 0.060888 0.051863 
0.031250 0.060899 0.051983 
0.001000 0.117708 0.094631 
0.032250 0.060920 0.052223 
0.032750 0.060931 0.052343 
0.033250 0.060942 0.052463 
0.033750 0.060942 0.052463 
0.034250 0.060964 0.052703 
0.034750 0.060975 0.052823 
-0.041000 0.151560 0.056669 
0.035750 0.060997 0.053063 
0.036250 0.061008 0.053183 
0.036750 0.061019 0.053303 
-0.061500 0.171476 0.035552 
0.037750 0.061019 0.053303 
0.038250 0.061019 0.053303 
0.038750 0.061030 0.053424 
0.039250 0.061030 0.053424 
0.039750 0.061019 0.053303 
0.040250 0.061019 0.053303 
0.029750 0.128560 0.027122 
0.041250 0.061008 0.053183 
0.041750 0.061008 0.053183 
0.042250 0.060975 0.052823 
-0.030750 0.133227 0.086750 
-0.022750 0.134681 0.092024 
0.026500 0.123913 0.036275 
0.044250 0.060931 0.052343 
0.044750 0.060920 0.052223 
-0.015000 0.121884 0.100634 
0.045750 0.060855 0.051503 
0.028500 0.126566 0.031190 
0.046750 0.060833 0.051263 
0.047250 0.060811 0.051023 
-0.043250 0.127319 0.073345 
0.048250 0.060767 0.050543 
0.048750 0.060734 0.050183 
-0.025250 0.140154 0.089079 
0.049750 0.060657 0.049343 
0.050250 0.060614 0.048863 
0.050750 0.060581 0.048503 
0.051250 0.060491 0.047508 
0.051750 0.060399 0.046494 
0.052250 0.060376 0.046240 
0.052750 0.060341 0.045860 
-0.015750 0.155244 0.078958 
0.053750 0.060307 0.045479 
0.054250 0.060272 0.045099 
-0.051500 0.148375 0.038391 
0.040750 0.114681 0.036776 
0.055750 0.060146 0.043704 
-0.040750 0.103784 0.071075 
0.056750 0.060066 0.042816 
0.057250 0.060009 0.042182 
0.057750 0.059905 0.041040 
-0.014250 0.101740 0.084368 
0.058750 0.059825 0.040153 
-0.022750 0.149788 0.087468 
0.059750 0.059596 0.037616 
-0.019500 0.129948 0.096781 
0.003500 0.102022 0.076824 
0.034750 0.094519 0.054069 
-0.042250 0.096827 0.069878 
0.054500 0.117181 0.015690 
0.062750 0.058506 0.025569 
0.063250 0.058449 0.024935 
0.063750 0.058403 0.024427 
-0.011250 0.173632 0.030472 
0.064750 0.057726 0.016945 
0.065250 0.057703 0.016691 
-0.017000 0.112361 0.095650 
0.066250 0.057084 0.009843 
0.066750 0.055840 -0.002872 
0.067250 0.055799 -0.003277 
0.067750 0.055772 -0.003547 
0.027250 0.100151 0.054670 
0.068750 0.055704 -0.004222 
0.069250 0.055663 -0.004627 
-0.056000 0.159819 0.035959 
0.070250 0.055595 -0.005302 
-0.044000 0.119649 0.071672 
0.047750 0.114316 0.029913 
0.022250 0.121951 0.040214 
0.072250 0.055009 -0.011108 
-0.053750 0.154832 0.038761 
0.059750 0.107738 0.015158 
-0.028500 0.062390 0.060746 
0.041500 0.104287 0.041086 
-0.044000 0.118237 0.070715 
-0.027000 0.062553 0.062546 
0.028750 0.116472 0.043893 
0.042750 0.093133 0.054308 
0.029250 0.097305 0.053831 
-0.025000 0.062694 0.064106 
-0.024500 0.062716 0.064346 
0.002500 0.116300 0.092480 
-0.041750 0.139774 0.068425 
0.042750 0.118721 0.032207 
-0.043500 0.165760 0.044702 
-0.022000 0.062955 0.066987 
-0.015000 0.168585 0.037970 
-0.021000 0.062988 0.067347 
-0.020500 0.063010 0.067587 
-0.034000 0.116038 0.084720 
-0.019500 0.063031 0.067827 
-0.053000 0.152742 0.041303 
-0.018500 0.063031 0.067827 
-0.024500 0.109117 0.082089 
0.056750 0.100061 0.030653 
-0.017000 0.063053 0.068067 
-0.038250 0.150976 0.068774 
-0.050000 0.162899 0.046867 
-0.015500 0.063042 0.067947 
-0.015000 0.063053 0.068067 
-0.014500 0.063053 0.068067 
-0.014000 0.063042 0.067947 
-0.013500 0.063042 0.067947 
0.010250 0.109032 0.065329 
-0.012500 0.063042 0.067947 
-0.040500 0.141880 0.068783 
0.051250 0.094074 0.046801 
-0.011000 0.063021 0.067707 
-0.023250 0.148415 0.088286 
0.028750 0.127260 0.030553 
-0.040250 0.131626 0.078130 
-0.009500 0.142240 0.093721 
-0.008500 0.062966 0.067107 
-0.018500 0.136772 0.095420 
-0.007500 0.062944 0.066867 
0.035750 0.112162 0.042619 
0.049250 0.094202 0.048680 
-0.068250 0.173635 0.030979 
-0.005500 0.062901 0.066386 
-0.005000 0.062890 0.066266 
-0.004500 0.062879 0.066147 
0.019500 0.119980 0.043388 
-0.003500 0.062825 0.065546 
-0.003000 0.062781 0.065066 
0.009750 0.113003 0.060900 
0.057250 0.109274 0.016687 
-0.001500 0.062694 0.064106 
-0.001000 0.062683 0.063986 
-0.043250 0.117629 0.072870 
0.000000 0.119080 0.095650 
0.000500 0.062662 0.063746 
0.001000 0.062662 0.063746 
0.001500 0.062673 0.063866 
0.002000 0.062683 0.063986 
-0.001000 0.147569 0.075846 
-0.030000 0.140783 0.085073 
-0.038250 0.146880 0.076326 
0.004000 0.062694 0.064106 
0.036000 0.099032 0.047186 
0.005000 0.062694 0.064106 
0.023250 0.117923 0.044657 
0.006000 0.062705 0.064226 
-0.052750 0.157720 0.039898 
0.043750 0.126673 0.016710 
0.007500 0.062716 0.064346 
-0.006000 0.100982 0.082931 
0.008500 0.062705 0.064226 
0.009000 0.062716 0.064346 
0.009500 0.062705 0.064226 
0.010000 0.062705 0.064226 
0.010500 0.062705 0.064226 
0.011000 0.062705 0.064226 
0.011500 0.062694 0.064106 
0.012000 0.062683 0.063986 
-0.025750 0.103057 0.083529 
0.055250 0.115062 0.016701 
-0.019250 0.119854 0.099614 
0.014000 0.062640 0.063506 
0.014500 0.062618 0.063266 
-0.068250 0.179481 0.024750 
0.015500 0.062564 0.062666 
0.032750 0.101268 0.049282 
-0.002500 0.129976 0.098593 
-0.040000 0.133683 0.077052 
0.036750 0.094526 0.054189 
0.061000 0.098993 0.025310 
0.018500 0.062292 0.059666 
0.019000 0.062227 0.058945 
0.019500 0.062129 0.057865 
0.035000 0.111512 0.043635 
0.025750 0.117878 0.043767 
0.027500 0.095365 0.056585 
0.000750 0.122440 0.095650 
0.022000 0.061476 0.050664 
0.022500 0.061476 0.050664 
0.023000 0.061476 0.050664 
0.023500 0.061487 0.050784 
0.024000 0.061498 0.050904 
-0.010250 0.151137 0.084592 
-0.007750 0.141557 0.094060 
-0.009000 0.132714 0.099159 
0.017250 0.128518 0.026106 
-0.014750 0.155241 0.078478 
0.027000 0.061530 0.051264 
0.027500 0.061541 0.051384 
0.014250 0.100753 0.065926 
0.028500 0.061552 0.051504 
-0.041000 0.124021 0.079211 
0.029500 0.061563 0.051624 
-0.011000 0.131352 0.099386 
0.030500 0.061585 0.051864 
0.053750 0.119256 0.013663 
0.031500 0.061607 0.052104 
0.032000 0.061617 0.052224 
0.039750 0.122871 0.029163 
-0.027000 0.128489 0.091232 
0.033500 0.061650 0.052584 
0.034000 0.061661 0.052704 
0.034500 0.061672 0.052825 
-0.022000 0.147726 0.089192 
0.035500 0.061694 0.053064 
0.036000 0.061704 0.053185 
-0.015500 0.097056 0.085688 
-0.035250 0.120852 0.086273 
0.037500 0.061715 0.053305 
-0.030250 0.101638 0.082452 
-0.044250 0.131341 0.067117 
0.039000 0.061726 0.053425 
0.057000 0.115356 0.008317 
0.040000 0.061726 0.053425 
0.040500 0.061715 0.053305 
0.041000 0.061715 0.053305 
0.041500 0.061715 0.053305 
0.042000 0.061694 0.053064 
0.042500 0.061672 0.052825 
0.005500 0.097857 0.075866 
0.012750 0.103546 0.066406 
-0.057000 0.172925 0.034280 
-0.044000 0.165767 0.045210 
-0.027250 0.126432 0.091458 
0.045500 0.061585 0.051864 
-0.002750 0.142910 0.089645 
0.046500 0.061552 0.051504 
-0.029000 0.106320 0.080654 
0.047500 0.061509 0.051024 
0.048000 0.061487 0.050784 
0.048500 0.061454 0.050424 
0.013500 0.123965 0.037418 
0.049500 0.061400 0.049824 
-0.036000 0.131086 0.083996 
0.045250 0.099473 0.043243 
0.051000 0.061236 0.048017 
0.051500 0.061179 0.047383 
-0.020750 0.157888 0.050186 
-0.027250 0.129172 0.091005 
-0.009000 0.153170 0.079917 
0.053500 0.061042 0.045861 
-0.013500 0.149103 0.088513 
-0.051250 0.162167 0.046234 
0.055000 0.060939 0.044719 
0.055500 0.060893 0.044212 
0.052750 0.116612 0.018737 
0.056500 0.060825 0.043451 
0.057000 0.060756 0.042690 
0.018250 0.096380 0.062094 
0.057250 0.104012 0.025192 
0.058500 0.060539 0.040280 
0.059000 0.060345 0.038124 
0.059500 0.060322 0.037871 
0.060000 0.060299 0.037617 
0.060500 0.059636 0.030261 
0.061000 0.059545 0.029246 
0.061500 0.059476 0.028485 
0.023500 0.122584 0.038564 
0.062500 0.059236 0.025821 
0.052750 0.119323 0.015060 
0.063500 0.059122 0.024553 
0.064000 0.059053 0.023792 
0.011500 0.101540 0.067723 
-0.011750 0.140195 0.095419 
0.065500 0.058425 0.016817 
0.032250 0.110914 0.045541 
0.066500 0.057773 0.009587 
0.067000 0.056507 -0.003414 
0.067500 0.056480 -0.003684 
-0.004750 0.144287 0.090211 
0.068500 0.056426 -0.004224 
-0.011750 0.176544 0.026024 
0.069500 0.056358 -0.004899 
-0.023500 0.135359 0.091231 
-0.069500 0.169823 0.014109 
0.071000 0.056196 -0.006519 
0.071500 0.055939 -0.009084 
0.072000 0.055831 -0.010164 
0.072500 0.055709 -0.011379 
0.073000 0.055615 -0.012324 
0.019250 0.117988 0.045927 
-0.021750 0.115738 0.096216 
-0.037250 0.102713 0.076943 
-0.028750 0.063167 0.061707 
-0.028250 0.063232 0.062427 
-0.027750 0.063275 0.062907 
-0.012250 0.173634 0.030725 
0.013750 0.095321 0.067723 
-0.026250 0.063372 0.063987 
-0.005250 0.096306 0.084490 
-0.012000 0.139513 0.095872 
-0.024750 0.063448 0.064827 
-0.024250 0.063610 0.066627 
-0.023750 0.063653 0.067107 
-0.070000 0.159447 0.014762 
-0.022750 0.063728 0.067947 
-0.022250 0.063750 0.068187 
-0.021750 0.063750 0.068187 
-0.021250 0.063772 0.068427 
-0.020750 0.063782 0.068547 
-0.020250 0.063793 0.068667 
-0.034000 0.146281 0.083155 
0.028500 0.117133 0.043004 
-0.013500 0.158592 0.048627 
-0.054250 0.170767 0.037965 
-0.006750 0.170514 0.008144 
-0.005750 0.100314 0.083171 
-0.016750 0.063847 0.069267 
0.027500 0.106293 0.051440 
-0.067500 0.174367 0.030978 
-0.064250 0.164771 0.024779 
-0.014750 0.063837 0.069147 
-0.008500 0.103700 0.082810 
0.042000 0.126114 0.020648 
0.023500 0.129211 0.025343 
-0.012750 0.063826 0.069027 
-0.012250 0.063826 0.069027 
-0.001250 0.142897 0.087588 
0.016500 0.112018 0.054076 
-0.054000 0.165738 0.042926 
0.014500 0.095970 0.067004 
-0.037750 0.145482 0.075847 
-0.007000 0.140873 0.094400 
-0.046500 0.167190 0.043176 
-0.008250 0.063793 0.068667 
0.014750 0.096614 0.066166 
-0.019000 0.105105 0.083648 
-0.027250 0.096313 0.084610 
-0.006250 0.063728 0.067947 
-0.039750 0.117896 0.079931 
-0.049750 0.154933 0.043457 
-0.004750 0.063707 0.067707 
-0.004250 0.063675 0.067347 
0.036750 0.106627 0.044648 
-0.009500 0.139512 0.095646 
-0.002750 0.063642 0.066987 
-0.002250 0.063621 0.066747 
-0.001750 0.063567 0.066147 
0.000250 0.125140 0.095650 
-0.071000 0.169787 0.010176 
-0.000250 0.063448 0.064827 
0.044250 0.126673 0.016710 
-0.031000 0.111780 0.080652 
0.001250 0.063405 0.064347 
0.001750 0.063415 0.064467 
0.002250 0.063415 0.064467 
-0.008500 0.142240 0.093607 
0.012750 0.102181 0.066765 
-0.008000 0.180213 0.020181 
0.017250 0.111313 0.053956 
0.004750 0.063405 0.064347 
0.005250 0.063405 0.064347 
0.005750 0.063405 0.064347 
-0.027250 0.112561 0.082926 
-0.029750 0.145648 0.087228 
0.016250 0.114050 0.052401 
0.034750 0.119034 0.038560 
-0.003750 0.158957 0.028599 
-0.029750 0.151134 0.084352 
0.009250 0.063405 0.064347 
-0.005750 0.102969 0.081853 
0.010250 0.063405 0.064347 
0.010750 0.063394 0.064227 
-0.000750 0.105512 0.078140 
0.011750 0.063383 0.064107 
0.012250 0.063383 0.064107 
0.012750 0.063372 0.063987 
0.001250 0.136030 0.089645 
-0.034500 0.120190 0.086753 
0.014250 0.063329 0.063507 
-0.007250 0.114338 0.094405 
-0.042000 0.108356 0.065688 
0.015750 0.063243 0.062547 
-0.001750 0.117062 0.095537 
0.016750 0.063167 0.061707 
0.017250 0.063124 0.061226 
0.017750 0.063081 0.060746 
-0.060250 0.161917 0.030369 
-0.019750 0.097728 0.085567 
0.019250 0.062919 0.058946 
0.052500 0.094624 0.044638 
-0.020500 0.147726 0.089532 
0.020750 0.062358 0.052706 
0.021250 0.062304 0.052106 
0.021750 0.062206 0.051025 
0.022250 0.062185 0.050786 
-0.008500 0.183175 0.014974 
0.023250 0.062174 0.050666 
0.062000 0.097488 0.024289 
0.028250 0.124575 0.035003 
0.024750 0.062206 0.051025 
-0.004500 0.136781 0.096326 
-0.033250 0.116760 0.085797 
0.026250 0.062228 0.051266 
0.026750 0.062239 0.051385 
0.042500 0.112562 0.037027 
0.021000 0.102410 0.057784 
0.028250 0.062260 0.051626 
-0.019250 0.118510 0.099387 
0.029250 0.062271 0.051746 
-0.037250 0.159329 0.053300 
-0.045750 0.128499 0.065683 
0.030750 0.062304 0.052106 
-0.027000 0.154558 0.080037 
-0.020500 0.142236 0.092702 
0.032250 0.062325 0.052346 
-0.015250 0.122550 0.100521 
0.033250 0.062358 0.052706 
0.033750 0.062368 0.052826 
0.034250 0.062379 0.052946 
0.034750 0.062390 0.053066 
0.035250 0.062401 0.053186 
0.035750 0.062412 0.053306 
0.036250 0.062412 0.053306 
-0.009500 0.162790 0.039633 
0.044750 0.126630 0.015694 
0.037750 0.062433 0.053546 
-0.007500 0.134069 0.098365 
-0.031750 0.133213 0.086151 
0.040750 0.125525 0.023824 
-0.001250 0.149654 0.075605 
0.040250 0.062433 0.053546 
-0.044500 0.125087 0.068799 
0.041250 0.062422 0.053426 
-0.003250 0.153801 0.072007 
0.042250 0.062390 0.053066 
0.042750 0.062368 0.052826 
-0.044250 0.132787 0.068911 
0.059000 0.099204 0.028490 
0.044250 0.062336 0.052466 
-0.015750 0.097728 0.085567 
0.045250 0.062304 0.052106 
0.045750 0.062282 0.051866 
0.046250 0.062260 0.051626 
0.046750 0.062239 0.051385 
0.057000 0.096584 0.032047 
0.047750 0.062185 0.050786 
-0.002750 0.157413 0.024032 
0.048750 0.062142 0.050305 
0.002250 0.096032 0.079819 
-0.025750 0.116967 0.092254 
0.050250 0.062034 0.049105 
0.050750 0.061991 0.048625 
-0.033500 0.139354 0.082677 
-0.011000 0.103744 0.083648 
0.052250 0.061834 0.046877 
0.052750 0.061799 0.046496 
0.053250 0.061777 0.046243 
-0.006000 0.151785 0.080158 
0.030000 0.115759 0.043766 
-0.002000 0.143590 0.087827 
-0.006750 0.122491 0.097916 
0.055750 0.061594 0.044213 
0.056250 0.061549 0.043706 
-0.025000 0.133971 0.090099 
0.039250 0.126905 0.022171 
0.064250 0.097833 0.018694 
-0.014000 0.155921 0.076201 
0.000000 0.104828 0.078140 
0.059250 0.061082 0.038505 
0.013750 0.116850 0.052283 
-0.049000 0.164336 0.046356 
-0.039250 0.117923 0.080650 
-0.031250 0.127764 0.089080 
0.045500 0.098861 0.044642 
0.063000 0.099983 0.018445 
0.062750 0.059886 0.025187 
0.063250 0.059829 0.024552 
0.063750 0.059761 0.023791 
0.064250 0.059704 0.023157 
0.001000 0.116350 0.094178 
-0.070750 0.169050 0.010938 
0.065750 0.059112 0.016561 
-0.027250 0.103038 0.083170 
0.066750 0.058508 0.009839 
-0.020750 0.104430 0.083768 
0.036250 0.114877 0.040461 
0.068250 0.057121 -0.004496 
0.042000 0.102821 0.040321 
0.069250 0.057067 -0.005036 
0.032000 0.093840 0.054428 
0.033750 0.110870 0.044778 
0.001750 0.119732 0.094857 
0.071250 0.056812 -0.007601 
0.071750 0.056652 -0.009220 
0.072250 0.056518 -0.010570 
0.072750 0.056397 -0.011785 
-0.040500 0.119933 0.079572 
-0.031000 0.063590 0.058707 
0.051750 0.097921 0.041207 
-0.008250 0.173623 0.028949 
-0.025250 0.145661 0.088966 
-0.029000 0.063933 0.062547 
0.018750 0.099100 0.061017 
-0.043750 0.163640 0.048134 
0.046500 0.109565 0.034354 
-0.014750 0.132016 0.098026 
-0.026500 0.064093 0.064347 
-0.058000 0.167155 0.040130 
0.007250 0.109131 0.067483 
-0.025000 0.064350 0.067228 
-0.024500 0.064393 0.067708 
-0.024000 0.064415 0.067948 
-0.023500 0.064447 0.068308 
0.046500 0.098792 0.043624 
-0.022500 0.064490 0.068788 
0.046500 0.096313 0.048681 
-0.021500 0.064511 0.069028 
-0.021000 0.064533 0.069268 
-0.020500 0.064543 0.069388 
-0.006500 0.162544 0.023387 
-0.013250 0.118531 0.100179 
-0.019000 0.064565 0.069628 
-0.018500 0.064575 0.069748 
-0.066250 0.164719 0.020845 
-0.017500 0.064586 0.069868 
-0.017000 0.064597 0.069988 
0.031500 0.129169 0.024327 
-0.016000 0.064608 0.070108 
-0.015500 0.064597 0.069988 
0.057750 0.114653 0.008823 
0.040250 0.105042 0.041849 
-0.014000 0.064618 0.070228 
0.057500 0.109976 0.016307 
-0.013000 0.064608 0.070108 
-0.012500 0.064618 0.070228 
-0.012000 0.064608 0.070108 
-0.011500 0.064608 0.070108 
0.022000 0.118610 0.044276 
-0.010500 0.064608 0.070108 
0.048500 0.105143 0.031932 
-0.009500 0.064608 0.070108 
-0.009000 0.064597 0.069988 
-0.018250 0.167850 0.037337 
-0.008000 0.064597 0.069988 
-0.007500 0.064586 0.069868 
-0.007000 0.064575 0.069748 
-0.006500 0.064575 0.069748 
-0.006000 0.064543 0.069388 
-0.005500 0.064522 0.069148 
-0.005000 0.064533 0.069268 
-0.004500 0.064522 0.069148 
0.033000 0.127827 0.026869 
-0.003500 0.064479 0.068668 
-0.003000 0.064468 0.068548 
-0.041000 0.119898 0.078614 
-0.051500 0.151355 0.043083 
-0.001500 0.064404 0.067828 
-0.001000 0.064372 0.067468 
-0.015250 0.169303 0.036953 
0.024250 0.115187 0.046306 
-0.033250 0.109579 0.077300 
0.001000 0.064233 0.065908 
0.041750 0.093148 0.054548 
0.002000 0.064168 0.065187 
0.002500 0.064158 0.065067 
-0.032250 0.135916 0.083636 
-0.010250 0.178008 0.023738 
0.004000 0.064147 0.064948 
0.041750 0.097057 0.049400 
-0.015500 0.132695 0.097686 
0.025500 0.118553 0.043133 
-0.027000 0.106372 0.081731 
0.006500 0.064115 0.064587 
0.020750 0.111199 0.051323 
-0.033500 0.132505 0.085433 
0.008000 0.064104 0.064467 
-0.002750 0.146985 0.084113 
0.046250 0.108868 0.034607 
0.009500 0.064104 0.064467 
0.022000 0.109153 0.052639 
0.010500 0.064093 0.064347 
-0.016750 0.166429 0.040132 
0.011500 0.064083 0.064227 
-0.010750 0.121205 0.100180 
0.032250 0.113632 0.043637 
0.013000 0.064061 0.063987 
0.031750 0.095823 0.052393 
-0.015250 0.126584 0.099727 
0.014500 0.064008 0.063387 
-0.037500 0.100671 0.077183 
-0.002500 0.102237 0.080895 
-0.005250 0.133386 0.098365 
0.059750 0.104902 0.016168 
-0.000500 0.102193 0.080057 
0.017500 0.063815 0.061227 
0.005750 0.123820 0.050729 
0.018500 0.063708 0.060027 
0.019000 0.063654 0.059427 
-0.027500 0.098333 0.084250 
0.020000 0.063247 0.054867 
0.050750 0.111236 0.025969 
0.021000 0.063054 0.052707 
-0.059250 0.159003 0.031137 
0.036250 0.109414 0.044014 
0.022500 0.062894 0.050907 
0.023000 0.062883 0.050787 
0.003500 0.103367 0.076344 
0.029000 0.113065 0.046178 
0.024500 0.062904 0.051027 
-0.040250 0.098462 0.074429 
0.025500 0.062915 0.051147 
0.026000 0.062926 0.051267 
0.026500 0.062936 0.051387 
0.027000 0.062947 0.051507 
-0.034500 0.133833 0.083278 
-0.035000 0.108828 0.075864 
0.026500 0.110414 0.049407 
-0.015750 0.127936 0.099047 
0.048750 0.092889 0.050236 
0.057750 0.107922 0.018336 
-0.028750 0.141510 0.087109 
0.031000 0.063011 0.052227 
0.031500 0.063033 0.052467 
0.032000 0.063043 0.052587 
0.032500 0.063054 0.052707 
0.038250 0.100945 0.044135 
-0.041250 0.107760 0.067723 
-0.036750 0.156507 0.057021 
-0.012500 0.146351 0.090890 
0.035000 0.063108 0.053307 
0.020750 0.103089 0.057425 
0.036000 0.063119 0.053427 
0.036500 0.063129 0.053547 
0.063750 0.097986 0.020984 
-0.050750 0.165042 0.045085 
0.047000 0.098766 0.043242 
0.052000 0.106243 0.026468 
-0.010000 0.097028 0.085208 
0.025750 0.115173 0.046052 
0.040000 0.063129 0.053547 
0.040500 0.063129 0.053547 
0.039750 0.110639 0.040711 
-0.004000 0.134061 0.097686 
-0.004250 0.161780 0.021612 
-0.018250 0.121205 0.100180 
0.043000 0.063043 0.052587 
0.043500 0.063033 0.052467 
-0.034000 0.121576 0.087590 
0.044500 0.063011 0.052227 
0.045000 0.062990 0.051987 
0.045500 0.062979 0.051867 
0.046000 0.062969 0.051747 
0.046500 0.062947 0.051507 
0.047000 0.062926 0.051267 
0.047500 0.062894 0.050907 
0.029000 0.093826 0.054189 
0.048500 0.062840 0.050307 
0.049000 0.062819 0.050067 
-0.010750 0.155221 0.075602 
0.007750 0.102394 0.070836 
-0.006000 0.103639 0.081613 
-0.009500 0.110929 0.093161 
0.051500 0.062613 0.047766 
0.052000 0.062579 0.047385 
-0.040250 0.102500 0.072872 
0.053000 0.062511 0.046624 
0.053500 0.062477 0.046244 
-0.033750 0.144215 0.083754 
0.054500 0.062409 0.045483 
0.043000 0.100020 0.040827 
0.007250 0.114404 0.061139 
-0.019000 0.168554 0.034924 
0.056500 0.062227 0.043453 
0.057000 0.062193 0.043072 
-0.022750 0.156614 0.075841 
0.050500 0.121432 0.013668 
0.058500 0.062000 0.040916 
0.048750 0.115589 0.026866 
0.059500 0.061785 0.038506 
0.060000 0.061728 0.037871 
-0.015500 0.153197 0.083153 
0.061000 0.061581 0.036222 
-0.016750 0.173614 0.027553 
0.008000 0.124441 0.047960 
-0.035500 0.098081 0.079819 
-0.046750 0.093608 0.062213 
0.051750 0.102921 0.030658 
0.064000 0.060401 0.023029 
0.064500 0.060344 0.022395 
0.065000 0.059879 0.017194 
-0.032750 0.151119 0.082794 
-0.054750 0.149025 0.035851 
0.066500 0.059255 0.010217 
0.022000 0.119955 0.042880 
0.067500 0.057857 -0.004363 
0.068000 0.057817 -0.004768 
0.068500 0.057803 -0.004903 
0.069000 0.057777 -0.005172 
-0.069750 0.176553 0.028435 
-0.011500 0.119200 0.100180 
-0.064750 0.172192 0.033774 
0.058250 0.101319 0.027984 
0.071500 0.057431 -0.008682 
0.072000 0.057325 -0.009762 
0.045750 0.119837 0.025731 
0.073000 0.057072 -0.012326 
0.073500 0.056979 -0.013271 
0.009500 0.096290 0.072513 
-0.031750 0.064272 0.058588 
-0.031250 0.064410 0.060148 
-0.030750 0.064431 0.060388 
-0.030250 0.064516 0.061348 
-0.067000 0.175825 0.029832 
-0.011750 0.130670 0.099386 
-0.012750 0.099053 0.084968 
-0.040500 0.107160 0.069638 
-0.027750 0.064793 0.064468 
-0.027250 0.064814 0.064708 
-0.026750 0.064814 0.064708 
-0.026250 0.064814 0.064708 
-0.041500 0.128129 0.077294 
-0.058000 0.159766 0.032913 
0.016250 0.093702 0.063770 
-0.024250 0.065165 0.068668 
-0.023750 0.065186 0.068908 
-0.023250 0.065207 0.069148 
-0.022750 0.065228 0.069388 
-0.022250 0.065250 0.069628 
-0.013500 0.138150 0.096439 
0.047500 0.117715 0.026362 
-0.020750 0.065282 0.069988 
-0.020250 0.065292 0.070108 
-0.050250 0.153517 0.043968 
-0.019250 0.065314 0.070348 
-0.018750 0.065324 0.070468 
-0.017000 0.160034 0.048623 
-0.016500 0.154562 0.080636 
-0.070000 0.174357 0.029201 
0.047000 0.097562 0.046294 
0.015500 0.094481 0.065207 
-0.020250 0.159313 0.048745 
-0.015250 0.065367 0.070948 
-0.014750 0.065377 0.071068 
-0.030500 0.140776 0.084713 
-0.033500 0.120220 0.087590 
0.038500 0.092528 0.055865 
0.048750 0.114222 0.028134 
-0.012250 0.065398 0.071308 
-0.011750 0.065398 0.071308 
-0.065250 0.169278 0.034415 
0.068750 0.090007 0.010406 
-0.010250 0.065388 0.071188 
-0.009750 0.065398 0.071308 
-0.009250 0.065398 0.071308 
0.048750 0.103041 0.032565 
0.014750 0.110067 0.057427 
-0.007750 0.065388 0.071188 
-0.007250 0.065388 0.071188 
-0.006750 0.065356 0.070828 
-0.018000 0.158599 0.050305 
0.005500 0.123008 0.090893 
-0.005250 0.065324 0.070468 
-0.004750 0.065314 0.070348 
-0.004250 0.065303 0.070228 
-0.003750 0.065292 0.070108 
-0.032750 0.112468 0.080771 
-0.002750 0.065250 0.069628 
-0.039750 0.149497 0.061705 
-0.004500 0.147695 0.085551 
-0.001250 0.065196 0.069028 
-0.014000 0.135425 0.097459 
-0.000250 0.065122 0.068188 
0.065750 0.090824 0.021604 
0.000750 0.065090 0.067828 
-0.014000 0.172908 0.031742 
-0.037000 0.142005 0.075969 
0.002250 0.064995 0.066748 
0.002750 0.064952 0.066268 
-0.058500 0.167150 0.039750 
-0.015750 0.166435 0.040640 
-0.059250 0.154682 0.031779 
0.004750 0.064867 0.065308 
-0.017750 0.142925 0.093381 
0.005750 0.064856 0.065188 
0.006250 0.064835 0.064948 
-0.039500 0.162918 0.048496 
-0.010500 0.139513 0.095759 
0.007750 0.064824 0.064828 
0.008250 0.064814 0.064708 
0.008750 0.064814 0.064708 
0.009250 0.064803 0.064588 
-0.062750 0.170748 0.035680 
0.010250 0.064793 0.064468 
0.010750 0.064793 0.064468 
0.011250 0.064782 0.064348 
0.005750 0.125171 0.048452 
-0.045500 0.150076 0.050081 
-0.007000 0.127270 0.099954 
-0.015000 0.158595 0.049466 
0.052000 0.103572 0.029641 
0.014250 0.064708 0.063508 
0.019500 0.113290 0.050965 
0.015250 0.064665 0.063028 
0.015750 0.064633 0.062668 
0.016250 0.064601 0.062308 
0.058000 0.097900 0.030395 
-0.026750 0.116906 0.090103 
-0.028750 0.098986 0.083770 
0.018250 0.064442 0.060508 
0.018750 0.064389 0.059908 
-0.030750 0.118200 0.087951 
0.019750 0.064123 0.056908 
0.020250 0.064006 0.055588 
-0.005750 0.141553 0.093381 
0.021250 0.063751 0.052708 
0.021750 0.063655 0.051628 
-0.010500 0.170012 0.034921 
-0.027500 0.133953 0.088513 
-0.017750 0.129283 0.097914 
0.020500 0.125276 0.034621 
-0.002250 0.167487 0.001941 
-0.025500 0.132602 0.090552 
-0.007250 0.123853 0.098935 
0.025750 0.063634 0.051388 
0.026250 0.063645 0.051508 
0.032000 0.108887 0.047065 
0.027250 0.063666 0.051748 
0.027750 0.063666 0.051748 
0.028250 0.063676 0.051868 
-0.003000 0.095569 0.083532 
0.029250 0.063698 0.052108 
-0.012750 0.159293 0.047130 
0.030250 0.063719 0.052348 
0.052000 0.118685 0.016837 
-0.015500 0.175801 0.024250 
0.031750 0.063751 0.052708 
-0.037500 0.097972 0.077902 
-0.020750 0.109831 0.082808 
-0.034250 0.145587 0.083035 
-0.062500 0.156744 0.026825 
0.034250 0.063804 0.053308 
-0.015750 0.129293 0.098594 
-0.019750 0.151155 0.086389 
-0.063000 0.152424 0.027594 
0.036250 0.063847 0.053788 
0.036750 0.063857 0.053908 
-0.007000 0.159746 0.031770 
0.037750 0.063868 0.054028 
0.038250 0.063868 0.054028 
0.015250 0.102069 0.064609 
-0.033250 0.120914 0.088062 
-0.034000 0.111707 0.078976 
0.040250 0.063847 0.053788 
0.057500 0.094054 0.036623 
0.024500 0.111795 0.048809 
-0.059750 0.170759 0.036950 
0.028250 0.109695 0.049047 
0.042750 0.063751 0.052708 
0.043250 0.063719 0.052348 
0.043750 0.063708 0.052228 
0.044250 0.063698 0.052108 
0.044500 0.101255 0.038031 
0.045250 0.063676 0.051868 
0.033500 0.122449 0.035642 
0.046250 0.063645 0.051508 
0.061000 0.105542 0.014771 
0.047250 0.063602 0.051028 
-0.007500 0.143607 0.092362 
0.048250 0.063538 0.050308 
0.048750 0.063517 0.050068 
-0.017250 0.107129 0.083288 
0.049750 0.063464 0.049468 
0.050250 0.063432 0.049108 
-0.070750 0.167564 0.011068 
0.047000 0.121873 0.023194 
0.003500 0.129368 0.071787 
0.052250 0.063279 0.047387 
0.052750 0.063245 0.047006 
0.053250 0.063211 0.046626 
0.053750 0.063177 0.046245 
0.054250 0.063143 0.045864 
0.057500 0.099330 0.030397 
-0.021750 0.123831 0.097916 
-0.011000 0.113760 0.097348 
-0.039750 0.112086 0.071913 
0.056750 0.062906 0.043200 
0.036000 0.100424 0.046932 
0.057750 0.062804 0.042058 
-0.008000 0.158354 0.035581 
-0.012500 0.110941 0.093500 
0.059250 0.062556 0.039267 
0.059750 0.062477 0.038379 
0.060250 0.062409 0.037618 
0.036000 0.095170 0.053231 
0.057250 0.095879 0.032173 
0.061750 0.061889 0.031782 
-0.014500 0.103756 0.083888 
0.022500 0.101015 0.057784 
-0.043500 0.116914 0.072152 
0.063750 0.061086 0.022775 
0.064250 0.061018 0.022013 
-0.031250 0.151127 0.083633 
-0.029750 0.105637 0.080654 
0.065750 0.060510 0.016304 
-0.013250 0.148414 0.089192 
0.066750 0.059956 0.010088 
-0.017000 0.101073 0.084608 
-0.003750 0.102932 0.081134 
0.068250 0.058500 -0.005174 
-0.035750 0.113848 0.081130 
-0.010500 0.125902 0.099728 
-0.003750 0.112947 0.093047 
0.070250 0.058354 -0.006659 
-0.032000 0.150438 0.083873 
-0.023000 0.131264 0.093157 
-0.037750 0.134429 0.079207 
0.072250 0.058012 -0.010168 
0.072750 0.057840 -0.011923 
0.015500 0.109369 0.057427 
-0.001000 0.119086 0.095877 
-0.011750 0.163549 0.041916 
-0.053250 0.154843 0.039268 
-0.031500 0.065112 0.060269 
0.034250 0.119047 0.038814 
-0.041500 0.108384 0.066286 
-0.030000 0.065397 0.063509 
-0.040500 0.136393 0.073817 
-0.007750 0.134749 0.098138 
-0.032250 0.102926 0.081014 
0.011500 0.109639 0.063413 
-0.027500 0.065555 0.065308 
-0.027000 0.065566 0.065429 
-0.026500 0.065576 0.065549 
-0.026000 0.065776 0.067828 
-0.025500 0.065819 0.068308 
-0.072500 0.180216 0.023733 
-0.012000 0.180212 0.017897 
-0.024000 0.065914 0.069388 
-0.003000 0.146311 0.085311 
-0.043750 0.125834 0.070354 
-0.022500 0.065977 0.070108 
0.013500 0.108212 0.062575 
-0.063250 0.170746 0.035427 
-0.021000 0.066019 0.070588 
-0.020500 0.066030 0.070708 
-0.013500 0.162857 0.044075 
0.000500 0.125820 0.095423 
-0.019000 0.066061 0.071068 
-0.035000 0.142120 0.082557 
-0.060000 0.171480 0.036060 
-0.047000 0.162918 0.048376 
-0.017000 0.066104 0.071548 
-0.005000 0.116393 0.095650 
-0.016000 0.066114 0.071668 
-0.015500 0.066125 0.071788 
-0.015000 0.066125 0.071788 
-0.014500 0.066146 0.072028 
0.001250 0.100085 0.078979 
-0.013500 0.066156 0.072148 
-0.013000 0.066167 0.072268 
-0.012500 0.066177 0.072388 
-0.012000 0.066177 0.072388 
0.010500 0.109687 0.064490 
-0.011000 0.066177 0.072388 
-0.010500 0.066188 0.072508 
-0.037750 0.099993 0.077303 
-0.009500 0.066188 0.072508 
0.037250 0.103835 0.045154 
-0.061000 0.152489 0.030386 
-0.008000 0.066177 0.072388 
-0.021250 0.104430 0.083768 
-0.044500 0.162918 0.048856 
-0.006500 0.066135 0.071908 
-0.010500 0.131354 0.099499 
-0.009000 0.135430 0.097912 
-0.005000 0.066104 0.071548 
-0.004500 0.066082 0.071308 
-0.004000 0.066072 0.071188 
-0.013000 0.132705 0.098479 
0.018000 0.095706 0.062453 
-0.021250 0.145663 0.090550 
-0.002000 0.065998 0.070348 
0.011000 0.122666 0.040342 
-0.001000 0.065945 0.069748 
-0.000500 0.065924 0.069508 
0.000000 0.065914 0.069388 
-0.029750 0.142879 0.086510 
-0.026500 0.095647 0.084850 
-0.022000 0.159986 0.045478 
-0.020250 0.157889 0.050426 
0.040250 0.111978 0.039314 
0.003000 0.065734 0.067348 
-0.009750 0.151134 0.084352 
-0.005000 0.096972 0.084250 
0.004500 0.065608 0.065908 
-0.034000 0.117439 0.085796 
0.005500 0.065587 0.065669 
0.006000 0.065576 0.065549 
0.006500 0.065566 0.065429 
-0.008250 0.141557 0.094060 
0.007500 0.065545 0.065188 
0.008000 0.065534 0.065069 
0.008500 0.065523 0.064949 
0.009000 0.065523 0.064949 
-0.061000 0.167133 0.038227 
0.018250 0.123254 0.037546 
-0.054250 0.156241 0.037616 
0.011000 0.065481 0.064469 
-0.045500 0.154343 0.050912 
0.012000 0.065471 0.064349 
-0.014750 0.175081 0.027423 
0.013000 0.065439 0.063989 
-0.004000 0.162469 0.018438 
0.000000 0.136736 0.091570 
0.014500 0.065397 0.063509 
0.015000 0.065365 0.063149 
0.015500 0.065344 0.062909 
0.055750 0.094972 0.039550 
0.016500 0.065291 0.062309 
0.031250 0.109591 0.047065 
0.064250 0.096562 0.021235 
-0.011250 0.134749 0.098138 
0.018500 0.065123 0.060389 
0.010500 0.100308 0.070477 
-0.038000 0.121432 0.083401 
0.028250 0.101487 0.053473 
0.015750 0.128487 0.025344 
0.021000 0.064479 0.053069 
0.021500 0.064426 0.052469 
0.054750 0.109570 0.021898 
0.035500 0.112848 0.042238 
-0.011250 0.126584 0.099727 
-0.018000 0.150474 0.087228 
0.024000 0.064321 0.051269 
0.024500 0.064321 0.051269 
0.025000 0.064332 0.051389 
0.025500 0.064342 0.051509 
-0.014750 0.101747 0.084487 
-0.014250 0.159312 0.048265 
0.027000 0.064374 0.051869 
0.029000 0.100787 0.053473 
0.001250 0.106759 0.075625 
0.028500 0.064395 0.052109 
0.029000 0.064416 0.052349 
0.029500 0.064416 0.052349 
0.030000 0.064426 0.052469 
-0.027750 0.125056 0.091345 
0.031000 0.064448 0.052709 
0.031500 0.064458 0.052829 
0.032000 0.064479 0.053069 
0.032500 0.064490 0.053189 
-0.056000 0.152651 0.037368 
0.033500 0.064511 0.053429 
-0.003500 0.110808 0.089766 
0.034500 0.064532 0.053669 
0.024750 0.124597 0.035512 
-0.014250 0.119877 0.100520 
-0.031250 0.101612 0.081973 
-0.020000 0.101080 0.084727 
0.037000 0.064585 0.054269 
-0.008250 0.149766 0.085551 
0.038000 0.064595 0.054389 
0.038500 0.064585 0.054269 
0.039000 0.064574 0.054149 
0.039500 0.064574 0.054149 
0.040000 0.064564 0.054029 
-0.013750 0.122550 0.100521 
0.041000 0.064553 0.053909 
-0.006000 0.149070 0.085071 
0.042000 0.064521 0.053549 
-0.041250 0.117819 0.077897 
0.043000 0.064426 0.052469 
0.043500 0.064405 0.052229 
0.044000 0.064384 0.051989 
0.044500 0.064374 0.051869 
-0.002500 0.132695 0.097686 
0.012500 0.100139 0.067364 
0.046000 0.064342 0.051509 
0.002500 0.102066 0.077662 
0.047000 0.064300 0.051029 
0.047500 0.064279 0.050789 
0.034750 0.108084 0.045412 
0.036500 0.127689 0.023567 
0.024250 0.127282 0.031062 
-0.032000 0.149067 0.084832 
-0.065000 0.166969 0.024013 
0.050500 0.064110 0.048869 
0.051000 0.064068 0.048389 
0.051500 0.064035 0.048023 
-0.019250 0.136085 0.095194 
0.052500 0.063968 0.047261 
0.045250 0.094350 0.051195 
0.019250 0.104497 0.057665 
0.054000 0.063867 0.046119 
-0.022000 0.097042 0.085448 
-0.031250 0.125018 0.089420 
0.055500 0.063698 0.044216 
0.015250 0.125940 0.033350 
0.056500 0.063619 0.043328 
-0.054000 0.154118 0.038889 
0.057500 0.063529 0.042313 
0.001250 0.134662 0.090325 
0.058500 0.063371 0.040537 
0.059000 0.063292 0.039648 
0.059500 0.063213 0.038760 
0.060000 0.063134 0.037872 
0.060500 0.063067 0.037111 
0.017750 0.112658 0.052640 
0.061500 0.062628 0.032163 
0.062000 0.062639 0.032290 
0.062500 0.062166 0.026960 
-0.023500 0.136730 0.090891 
0.063500 0.061806 0.022900 
-0.023500 0.133986 0.091344 
0.064500 0.061682 0.021505 
0.065000 0.061310 0.017318 
0.056000 0.096645 0.032937 
0.066000 0.061186 0.015922 
0.022750 0.109801 0.051442 
0.067000 0.060634 0.009705 
-0.043250 0.102188 0.066885 
-0.026250 0.144284 0.088966 
0.068500 0.059157 -0.005851 
-0.007750 0.173620 0.028441 
0.069500 0.059105 -0.006391 
-0.026250 0.134644 0.088740 
0.070500 0.059013 -0.007335 
0.055250 0.101475 0.030401 
0.071500 0.058882 -0.008685 
0.004750 0.099953 0.076585 
0.063250 0.098046 0.021874 
0.073000 0.058516 -0.012464 
0.073500 0.058425 -0.013408 
-0.033250 0.065720 0.059310 
-0.032750 0.065772 0.059910 
0.062500 0.097454 0.023781 
-0.031750 0.065866 0.060989 
-0.031250 0.066086 0.063509 
-0.017500 0.119197 0.100066 
-0.030250 0.066170 0.064469 
-0.029750 0.066191 0.064709 
-0.045500 0.155766 0.051509 
-0.028750 0.066274 0.065669 
-0.018750 0.109869 0.083646 
-0.027750 0.066337 0.066389 
-0.035250 0.142810 0.082437 
-0.027000 0.099693 0.084249 
-0.044750 0.125776 0.068439 
-0.025750 0.066546 0.068789 
-0.070000 0.166845 0.013226 
-0.024750 0.066609 0.069509 
-0.024250 0.066630 0.069749 
0.056000 0.104754 0.025575 
-0.023250 0.066683 0.070349 
-0.022750 0.066693 0.070469 
-0.007500 0.186165 0.009260 
-0.021750 0.066724 0.070828 
-0.021250 0.066745 0.071069 
-0.035500 0.131102 0.084595 
-0.020250 0.066777 0.071429 
-0.005750 0.137464 0.096212 
-0.009750 0.127952 0.099953 
-0.003500 0.102256 0.081254 
-0.018750 0.105774 0.083408 
-0.017750 0.066840 0.072148 
-0.017500 0.117847 0.099613 
-0.000500 0.104846 0.078499 
-0.016250 0.066860 0.072388 
-0.015750 0.066871 0.072508 
-0.059250 0.166422 0.039624 
-0.014750 0.066902 0.072868 
-0.070250 0.161656 0.013743 
-0.013750 0.066944 0.073348 
-0.013250 0.066934 0.073228 
-0.004000 0.120444 0.096443 
-0.012250 0.066944 0.073348 
-0.011750 0.066955 0.073468 
-0.011250 0.066955 0.073468 
-0.010750 0.066965 0.073588 
-0.010250 0.066965 0.073588 
-0.040500 0.160044 0.052100 
-0.009250 0.066955 0.073468 
0.004000 0.095313 0.079221 
-0.033000 0.149059 0.084113 
-0.007750 0.066955 0.073468 
-0.007250 0.066944 0.073348 
-0.042000 0.141742 0.060877 
0.054000 0.102182 0.030275 
-0.005750 0.066892 0.072748 
0.051250 0.098853 0.033958 
-0.004750 0.066871 0.072508 
-0.049500 0.149937 0.043467 
-0.063500 0.165528 0.026427 
-0.003250 0.066819 0.071908 
-0.002750 0.066798 0.071668 
-0.002250 0.066766 0.071309 
-0.001750 0.066756 0.071189 
-0.010250 0.132033 0.099272 
-0.000750 0.066703 0.070589 
0.012500 0.097530 0.070118 
-0.028500 0.121647 0.090440 
0.000750 0.066630 0.069749 
-0.019000 0.120528 0.099840 
0.001750 0.066588 0.069269 
-0.010500 0.119194 0.099953 
0.042500 0.127407 0.016836 
-0.036750 0.116657 0.083164 
-0.018000 0.097056 0.085688 
-0.067750 0.179481 0.024369 
0.004750 0.066337 0.066389 
0.016750 0.120668 0.043007 
0.005750 0.066316 0.066149 
0.029500 0.129185 0.024708 
0.049000 0.113526 0.028514 
0.034500 0.119719 0.038052 
0.007750 0.066274 0.065669 
0.028000 0.095337 0.056105 
0.008750 0.066243 0.065309 
-0.030000 0.133923 0.086989 
0.009750 0.066222 0.065069 
0.010250 0.066212 0.064949 
0.010750 0.066201 0.064829 
0.011250 0.066191 0.064709 
-0.002250 0.118421 0.096103 
0.015500 0.102638 0.062215 
0.012750 0.066149 0.064229 
-0.066500 0.158076 0.020731 
-0.035000 0.155811 0.058700 
0.006500 0.116439 0.059823 
0.014750 0.066076 0.063389 
0.058500 0.109890 0.014782 
-0.021500 0.158592 0.048627 
0.036000 0.114202 0.041095 
0.016750 0.065971 0.062189 
0.017250 0.065929 0.061709 
-0.063250 0.172196 0.034281 
0.018250 0.065835 0.060630 
0.018750 0.065783 0.060030 
0.019250 0.065688 0.058950 
-0.072750 0.182430 0.018147 
0.020250 0.065563 0.057510 
0.020750 0.065280 0.054270 
0.021250 0.065176 0.053070 
0.048750 0.107239 0.031173 
0.026000 0.121218 0.039705 
-0.036000 0.155808 0.058221 
0.001750 0.096046 0.080059 
-0.020500 0.134025 0.094628 
0.024250 0.065040 0.051511 
-0.054000 0.164298 0.043564 
0.025250 0.065040 0.051511 
0.050000 0.094833 0.047565 
0.026250 0.065071 0.051870 
0.026750 0.065081 0.051990 
-0.046500 0.098371 0.060418 
0.027750 0.065092 0.052110 
-0.005750 0.147035 0.087827 
0.039500 0.095170 0.053231 
0.029250 0.065134 0.052590 
0.029750 0.065144 0.052710 
0.030250 0.065155 0.052830 
0.030750 0.065165 0.052950 
-0.040000 0.141886 0.069142 
0.003750 0.094658 0.079700 
0.032250 0.065207 0.053430 
0.032750 0.065207 0.053430 
-0.013250 0.166433 0.040513 
0.033750 0.065238 0.053790 
0.034250 0.065249 0.053910 
0.034750 0.065259 0.054030 
-0.003500 0.149035 0.082076 
0.035750 0.065280 0.054270 
0.036250 0.065291 0.054390 
0.036750 0.065301 0.054510 
0.037250 0.065312 0.054630 
-0.019250 0.133354 0.095761 
-0.050000 0.161463 0.047378 
-0.071500 0.169782 0.009668 
0.039250 0.065301 0.054510 
-0.014000 0.168588 0.038223 
0.055750 0.106749 0.022909 
-0.038000 0.118682 0.082684 
-0.013500 0.165717 0.041276 
-0.037000 0.133778 0.081003 
0.013000 0.097510 0.069759 
0.021750 0.107141 0.054553 
0.043250 0.065113 0.052350 
0.043750 0.065081 0.051990 
-0.004250 0.101612 0.081973 
0.063250 0.100649 0.017556 
0.045250 0.065040 0.051511 
0.045750 0.065029 0.051390 
0.015750 0.100670 0.064370 
-0.009000 0.186167 0.008752 
0.049250 0.099303 0.040699 
0.047750 0.064956 0.050551 
-0.060250 0.160447 0.029992 
0.048750 0.064904 0.049951 
0.022250 0.093529 0.060896 
-0.007250 0.129315 0.099953 
0.044750 0.111766 0.035501 
0.050750 0.064778 0.048511 
-0.026000 0.109094 0.081611 
-0.022500 0.098387 0.085208 
0.052250 0.064679 0.047389 
0.036500 0.126359 0.026363 
0.053250 0.064612 0.046628 
0.053750 0.064590 0.046374 
-0.034750 0.159327 0.052821 
0.054750 0.064489 0.045232 
0.055250 0.064421 0.044471 
-0.008000 0.131356 0.099612 
0.056250 0.064331 0.043456 
0.056750 0.064275 0.042821 
0.057250 0.064230 0.042314 
-0.015250 0.172183 0.032505 
0.036000 0.121019 0.035513 
-0.061250 0.169306 0.037333 
0.059250 0.063928 0.038888 
0.059750 0.063849 0.037999 
0.060250 0.063793 0.037365 
0.060750 0.063748 0.036858 
-0.065750 0.167694 0.022997 
0.061750 0.063366 0.032543 
-0.015750 0.142926 0.093720 
0.062750 0.063254 0.031274 
-0.044750 0.093774 0.064968 
0.063750 0.062435 0.022011 
-0.033500 0.113191 0.081729 
0.064750 0.062054 0.017697 
0.065250 0.061975 0.016809 
0.065750 0.061874 0.015667 
-0.008500 0.113709 0.095763 
-0.019750 0.117149 0.098594 
0.067250 0.061324 0.009449 
-0.044000 0.123738 0.070356 
0.068250 0.059854 -0.006122 
0.068750 0.059828 -0.006392 
0.069250 0.059790 -0.006797 
-0.027750 0.118249 0.089762 
0.070250 0.059712 -0.007607 
0.006000 0.108545 0.069758 
-0.007500 0.113654 0.094066 
0.047500 0.120470 0.023954 
0.063000 0.098749 0.021621 
0.072750 0.059310 -0.011790 
0.073250 0.059141 -0.013544 
-0.034500 0.066308 0.058111 
-0.034000 0.066298 0.057991 
-0.033500 0.066464 0.059910 
0.035750 0.095816 0.052273 
-0.032500 0.066754 0.063270 
-0.032000 0.066806 0.063870 
-0.031500 0.066848 0.064350 
-0.051500 0.165756 0.044322 
-0.030500 0.066900 0.064950 
0.013250 0.103534 0.066166 
-0.019500 0.119179 0.099387 
-0.029000 0.067014 0.066270 
-0.028500 0.067066 0.066869 
0.007000 0.096423 0.074789 
0.018000 0.116029 0.049171 
-0.027000 0.067201 0.068429 
0.037000 0.095170 0.053231 
-0.005250 0.130670 0.099386 
-0.066000 0.159559 0.021109 
0.033500 0.121098 0.037165 
-0.024500 0.067357 0.070229 
-0.024000 0.067377 0.070469 
-0.010750 0.156415 0.046120 
-0.023000 0.067419 0.070949 
-0.038250 0.107974 0.072272 
-0.000750 0.149642 0.074527 
-0.021500 0.067471 0.071549 
-0.021000 0.067492 0.071789 
-0.020500 0.067512 0.072029 
0.015750 0.114060 0.052641 
-0.019250 0.153883 0.082434 
-0.016250 0.121213 0.100520 
-0.044750 0.122994 0.068680 
0.027000 0.110409 0.049287 
-0.017500 0.067616 0.073228 
-0.035250 0.122222 0.086632 
-0.016500 0.067647 0.073588 
0.063750 0.096605 0.021871 
-0.065750 0.155933 0.022511 
-0.008000 0.129997 0.099952 
-0.014500 0.067699 0.074188 
-0.020250 0.148414 0.089192 
-0.017750 0.155245 0.079197 
-0.013000 0.067710 0.074308 
0.028000 0.127922 0.029155 
0.006500 0.119104 0.056473 
-0.002500 0.139491 0.092702 
-0.011000 0.067720 0.074428 
-0.010500 0.067730 0.074548 
-0.002500 0.147652 0.082196 
0.002250 0.125111 0.094177 
-0.009000 0.067710 0.074308 
-0.008500 0.067720 0.074428 
0.041250 0.128125 0.016581 
-0.007500 0.067699 0.074188 
-0.007000 0.067699 0.074188 
0.020250 0.123259 0.037673 
-0.006000 0.067668 0.073828 
0.046750 0.106042 0.034985 
-0.005000 0.067647 0.073588 
-0.004500 0.067616 0.073228 
0.053000 0.091932 0.046418 
0.043250 0.122714 0.025734 
0.029500 0.123879 0.035513 
-0.002500 0.067544 0.072388 
0.019500 0.098404 0.061016 
-0.001500 0.067492 0.071789 
-0.001000 0.067481 0.071669 
-0.017750 0.159316 0.049584 
0.000000 0.067440 0.071189 
0.000500 0.067419 0.070949 
0.005250 0.107929 0.071315 
0.001500 0.067367 0.070349 
0.002000 0.067336 0.069989 
-0.065000 0.162534 0.022753 
-0.023250 0.119778 0.096669 
0.031250 0.123172 0.035768 
-0.006750 0.171989 0.005849 
-0.013000 0.161426 0.045094 
0.005000 0.067066 0.066869 
0.005500 0.067045 0.066629 
-0.016750 0.100406 0.084847 
-0.058500 0.171483 0.036440 
-0.053500 0.159970 0.044590 
-0.035500 0.129733 0.085074 
0.008000 0.066993 0.066029 
-0.067250 0.161740 0.019074 
0.011250 0.096923 0.071555 
0.009500 0.066952 0.065550 
-0.010000 0.113749 0.097008 
0.010500 0.066910 0.065070 
0.002750 0.101388 0.077782 
0.011500 0.066890 0.064830 
0.012000 0.066869 0.064590 
0.012500 0.066858 0.064470 
0.013000 0.066838 0.064230 
0.013500 0.066827 0.064110 
0.014000 0.066796 0.063750 
0.066500 0.089973 0.019821 
0.015000 0.066765 0.063390 
0.015500 0.066734 0.063030 
0.019500 0.118667 0.045419 
-0.012250 0.159284 0.046622 
-0.033250 0.151115 0.082435 
0.032750 0.128466 0.024836 
-0.043000 0.137635 0.066511 
0.018500 0.066505 0.060390 
0.019000 0.066433 0.059551 
0.019500 0.066360 0.058711 
-0.001000 0.113621 0.093047 
0.020500 0.066235 0.057271 
0.017750 0.125967 0.033985 
0.026500 0.106316 0.051919 
0.022250 0.124592 0.035384 
0.038750 0.099567 0.044642 
0.023000 0.065747 0.051632 
0.023500 0.065747 0.051632 
0.024000 0.065747 0.051632 
0.024500 0.065747 0.051632 
0.025000 0.065747 0.051632 
0.025500 0.065758 0.051752 
-0.008750 0.117146 0.098481 
0.026500 0.065789 0.052112 
-0.039000 0.112912 0.075145 
0.027500 0.065810 0.052352 
0.028000 0.065820 0.052472 
0.028500 0.065830 0.052591 
-0.019750 0.108474 0.082928 
-0.011250 0.137471 0.097005 
0.030000 0.065872 0.053071 
-0.010000 0.125902 0.099728 
0.031000 0.065893 0.053311 
-0.007250 0.145663 0.090211 
-0.043500 0.155776 0.053067 
-0.012750 0.117182 0.099726 
0.018750 0.104509 0.057905 
-0.039500 0.132341 0.078968 
0.034000 0.065966 0.054151 
0.034500 0.065976 0.054271 
-0.010000 0.159933 0.042432 
0.035500 0.065997 0.054511 
0.036000 0.066007 0.054631 
0.036500 0.066017 0.054751 
0.037000 0.066028 0.054871 
0.037500 0.066028 0.054871 
-0.031250 0.123655 0.089533 
-0.043000 0.162918 0.048856 
0.052500 0.103556 0.029387 
0.024250 0.116544 0.045291 
0.040000 0.066007 0.054631 
0.025250 0.109748 0.050245 
0.045000 0.115192 0.032964 
0.041500 0.065976 0.054271 
0.042000 0.065966 0.054151 
0.042500 0.065945 0.053911 
0.043000 0.065924 0.053671 
0.043500 0.065799 0.052232 
-0.004750 0.122471 0.097009 
-0.043500 0.121059 0.072630 
0.045000 0.065737 0.051512 
0.045500 0.065727 0.051392 
0.046000 0.065706 0.051152 
0.028500 0.113086 0.046559 
0.047000 0.065675 0.050792 
-0.007750 0.161859 0.026689 
-0.041000 0.148727 0.056075 
-0.041750 0.149424 0.055235 
-0.012500 0.095683 0.085449 
0.049500 0.065550 0.049352 
0.000750 0.125133 0.095310 
0.050500 0.065498 0.048752 
0.051000 0.065457 0.048272 
0.051500 0.065424 0.047898 
-0.022250 0.133317 0.092817 
0.032750 0.123143 0.035133 
-0.003500 0.108939 0.078258 
0.053500 0.065301 0.046503 
0.054000 0.065268 0.046122 
-0.040000 0.162918 0.048736 
0.023250 0.096235 0.059579 
-0.054750 0.165013 0.042927 
0.056000 0.065033 0.043457 
-0.002500 0.107565 0.078139 
-0.009500 0.165672 0.037722 
-0.039250 0.128918 0.080645 
-0.060750 0.166409 0.038482 
0.058500 0.064731 0.040030 
0.059000 0.064664 0.039269 
0.031750 0.110935 0.045922 
0.060000 0.064518 0.037619 
-0.008750 0.151126 0.083513 
0.061000 0.064396 0.036223 
-0.023250 0.123793 0.096103 
0.062000 0.064094 0.032797 
0.035000 0.104588 0.045918 
0.063000 0.063982 0.031528 
-0.013250 0.136107 0.097345 
-0.033750 0.104211 0.079457 
0.021500 0.113221 0.049289 
0.015000 0.120066 0.045166 
0.065500 0.062618 0.016046 
-0.008500 0.171445 0.031618 
-0.052000 0.171485 0.036694 
-0.006000 0.098326 0.084130 
0.067500 0.062003 0.009066 
-0.007750 0.099020 0.084369 
0.068500 0.060527 -0.006664 
0.069000 0.060475 -0.007204 
0.069500 0.060462 -0.007338 
0.070000 0.060424 -0.007743 
0.070500 0.060372 -0.008283 
0.071000 0.060308 -0.008958 
-0.003250 0.160350 0.024280 
-0.061250 0.173646 0.032756 
-0.040750 0.159327 0.052821 
0.073000 0.059910 -0.013141 
0.073500 0.059832 -0.013950 
-0.035250 0.067032 0.058472 
-0.034750 0.067053 0.058711 
-0.034250 0.067063 0.058832 
-0.013250 0.105780 0.083528 
-0.033250 0.067454 0.063391 
-0.044250 0.147934 0.049126 
-0.032250 0.067526 0.064230 
-0.031750 0.067557 0.064590 
-0.031250 0.067588 0.064950 
-0.030750 0.067619 0.065310 
-0.015750 0.130652 0.098140 
-0.035500 0.118784 0.085437 
0.037250 0.125697 0.027762 
-0.038250 0.122108 0.083281 
-0.015250 0.123884 0.100408 
-0.027750 0.067897 0.068549 
0.000750 0.138771 0.088174 
0.049750 0.101630 0.032817 
-0.026250 0.068000 0.069749 
-0.025750 0.068031 0.070109 
-0.025250 0.068052 0.070349 
-0.047000 0.158598 0.050185 
0.033500 0.095156 0.052992 
-0.023750 0.068134 0.071309 
0.045500 0.120543 0.025478 
-0.028500 0.142210 0.087707 
-0.022250 0.068206 0.072149 
-0.021750 0.068216 0.072269 
-0.021250 0.068247 0.072629 
-0.016000 0.174347 0.027425 
-0.063500 0.156719 0.025556 
-0.022750 0.140171 0.091683 
-0.043750 0.162198 0.049577 
-0.018750 0.068371 0.074068 
-0.039250 0.097171 0.075867 
0.006250 0.102563 0.074069 
0.019250 0.101787 0.059221 
0.020750 0.112568 0.050485 
-0.016250 0.068443 0.074908 
0.005500 0.120306 0.090894 
-0.015250 0.068464 0.075148 
0.051750 0.119366 0.015949 
-0.014250 0.068474 0.075268 
-0.013750 0.068474 0.075268 
-0.013250 0.068474 0.075268 
-0.028500 0.136655 0.085792 
-0.012250 0.068484 0.075388 
-0.028000 0.143593 0.088173 
-0.011250 0.068484 0.075388 
-0.010750 0.068474 0.075268 
-0.010250 0.068484 0.075388 
-0.009750 0.068474 0.075268 
-0.009250 0.068474 0.075268 
-0.008750 0.068464 0.075148 
-0.014750 0.172185 0.032759 
0.023750 0.120589 0.041356 
-0.007250 0.068443 0.074908 
-0.006750 0.068443 0.074908 
-0.043750 0.102150 0.066166 
-0.052500 0.151321 0.041687 
-0.005250 0.068402 0.074428 
-0.004750 0.068381 0.074188 
-0.004250 0.068371 0.074068 
-0.003750 0.068350 0.073828 
-0.003250 0.068330 0.073588 
0.046750 0.115767 0.030297 
-0.002250 0.068278 0.072989 
0.046500 0.116462 0.029917 
-0.001250 0.068237 0.072509 
-0.000750 0.068227 0.072389 
0.005750 0.105251 0.072871 
0.038000 0.118223 0.036526 
0.000750 0.068155 0.071549 
0.022500 0.114516 0.046941 
-0.072250 0.182430 0.018908 
-0.016000 0.151837 0.085550 
-0.041750 0.107692 0.066286 
-0.062000 0.156759 0.027587 
0.003750 0.067979 0.069509 
-0.045000 0.099912 0.063172 
0.023000 0.102361 0.056826 
0.044250 0.117280 0.031951 
0.005750 0.067753 0.066870 
0.041750 0.110516 0.038550 
0.006750 0.067732 0.066630 
0.007250 0.067732 0.066630 
0.007750 0.067722 0.066510 
-0.001750 0.130649 0.097914 
-0.017750 0.107129 0.083288 
0.009250 0.067681 0.066030 
0.009750 0.067671 0.065910 
0.057250 0.094702 0.035733 
-0.017500 0.150474 0.087228 
-0.053750 0.157690 0.038375 
0.054500 0.113021 0.019110 
0.012250 0.067578 0.064830 
-0.009500 0.123196 0.099501 
0.013250 0.067537 0.064350 
-0.056750 0.164998 0.041785 
-0.036000 0.137908 0.079684 
-0.065000 0.155237 0.023908 
-0.030250 0.133239 0.087229 
-0.039000 0.152984 0.057986 
0.016250 0.067392 0.062671 
0.016750 0.067351 0.062191 
-0.020750 0.155248 0.079557 
0.017750 0.067269 0.061231 
0.018250 0.067217 0.060631 
-0.012250 0.176543 0.025898 
0.019250 0.067114 0.059431 
0.019750 0.067042 0.058591 
-0.005500 0.110865 0.091350 
-0.011500 0.151824 0.084232 
0.021250 0.066620 0.053672 
-0.027250 0.109754 0.081131 
0.022250 0.066507 0.052353 
0.022750 0.066465 0.051873 
0.026000 0.109062 0.050603 
0.005250 0.111870 0.066885 
0.024250 0.066465 0.051873 
0.053500 0.119939 0.012775 
-0.069250 0.176554 0.028689 
0.025750 0.066476 0.051993 
-0.011750 0.101727 0.084128 
0.026750 0.066507 0.052353 
-0.009000 0.099693 0.084249 
0.027750 0.066527 0.052593 
-0.068000 0.158033 0.018446 
0.028750 0.066558 0.052953 
-0.011250 0.099040 0.084728 
0.004500 0.097911 0.076825 
0.011750 0.115602 0.056232 
0.030750 0.066610 0.053553 
0.031250 0.066620 0.053672 
0.031750 0.066630 0.053792 
-0.034000 0.153161 0.078839 
-0.004250 0.152445 0.076442 
0.033250 0.066661 0.054152 
-0.044500 0.154350 0.051871 
0.034250 0.066692 0.054512 
0.034750 0.066702 0.054632 
0.035250 0.066713 0.054752 
0.005750 0.115790 0.061020 
0.036250 0.066733 0.054992 
0.036750 0.066744 0.055112 
0.037250 0.066754 0.055232 
-0.005750 0.127950 0.099840 
-0.049750 0.150688 0.044989 
0.038750 0.066754 0.055232 
0.039250 0.066733 0.054992 
-0.031500 0.139385 0.084234 
0.040250 0.066723 0.054872 
-0.001500 0.113632 0.093386 
-0.029750 0.131885 0.088400 
0.041750 0.066692 0.054512 
0.042250 0.066671 0.054272 
0.042750 0.066651 0.054032 
-0.064750 0.175097 0.030595 
0.043750 0.066435 0.051513 
0.044250 0.066445 0.051633 
-0.003750 0.119773 0.096443 
0.057000 0.106007 0.022527 
0.045750 0.066404 0.051153 
-0.033000 0.122959 0.088627 
-0.042750 0.116268 0.073229 
-0.055500 0.167169 0.041399 
0.047750 0.066342 0.050433 
0.059250 0.099886 0.027982 
-0.035250 0.126324 0.086511 
0.044250 0.124048 0.023191 
0.049750 0.066229 0.049113 
0.001500 0.120410 0.095084 
0.050750 0.066177 0.048514 
0.051250 0.066146 0.048154 
-0.006500 0.125900 0.099615 
0.052250 0.066068 0.047265 
0.052750 0.066046 0.047011 
0.053250 0.066013 0.046631 
0.053750 0.065979 0.046250 
0.054250 0.065946 0.045869 
-0.037500 0.146198 0.077285 
0.055250 0.065823 0.044473 
0.055750 0.065723 0.043331 
0.056250 0.065689 0.042950 
0.056750 0.065623 0.042189 
0.029500 0.119831 0.040339 
0.062750 0.096718 0.023525 
-0.043500 0.108162 0.061497 
0.025750 0.124592 0.035384 
0.056500 0.111458 0.016946 
0.059750 0.065233 0.037747 
0.060250 0.065188 0.037239 
-0.062750 0.156019 0.026700 
0.061250 0.064910 0.034066 
0.061750 0.064843 0.033305 
-0.042250 0.104978 0.067364 
0.050000 0.109237 0.028634 
0.063250 0.064253 0.026578 
0.027000 0.102219 0.054072 
-0.060250 0.175094 0.030088 
0.064750 0.063451 0.017440 
0.065250 0.063384 0.016679 
0.027750 0.117840 0.043005 
0.066250 0.062816 0.010206 
0.066750 0.062760 0.009571 
-0.055500 0.164287 0.042802 
0.043750 0.109045 0.037658 
-0.010250 0.142925 0.093381 
-0.003000 0.127254 0.099048 
0.069250 0.061149 -0.007745 
-0.012000 0.124543 0.099955 
-0.044750 0.131301 0.065560 
-0.019500 0.098401 0.085447 
0.071250 0.060957 -0.009769 
0.071750 0.060906 -0.010308 
0.072250 0.060792 -0.011523 
0.072750 0.060715 -0.012332 
0.073250 0.060575 -0.013817 
-0.013750 0.137469 0.096779 
-0.035500 0.067796 0.059312 
-0.035000 0.067827 0.059672 
-0.034500 0.068031 0.062071 
-0.034000 0.068113 0.063031 
0.020250 0.127292 0.031316 
0.031500 0.095149 0.052872 
-0.028250 0.108356 0.080414 
-0.032000 0.068256 0.064711 
-0.031500 0.068287 0.065071 
-0.039000 0.103268 0.074428 
-0.016250 0.129292 0.098480 
-0.005000 0.107633 0.079576 
-0.019500 0.117831 0.099047 
-0.013000 0.124550 0.100295 
-0.028500 0.068532 0.067950 
-0.028000 0.068634 0.069150 
-0.027500 0.068665 0.069510 
-0.027000 0.068705 0.069990 
-0.026500 0.068746 0.070469 
-0.026000 0.068767 0.070709 
-0.025500 0.068787 0.070949 
-0.025000 0.068828 0.071429 
-0.024500 0.068859 0.071789 
-0.034000 0.131133 0.085792 
-0.023500 0.068910 0.072389 
0.044750 0.103394 0.038160 
-0.011500 0.110929 0.093161 
-0.007500 0.163999 0.022115 
-0.021500 0.069012 0.073589 
-0.021000 0.069053 0.074069 
-0.020500 0.069073 0.074308 
-0.020000 0.069094 0.074548 
-0.070250 0.175088 0.028819 
-0.019000 0.069135 0.075028 
-0.033000 0.120233 0.087949 
-0.018000 0.069155 0.075268 
-0.017500 0.069186 0.075628 
0.024500 0.123908 0.036148 
-0.016500 0.069196 0.075748 
0.054250 0.105502 0.026085 
-0.015500 0.069216 0.075988 
0.016250 0.118078 0.047706 
0.038750 0.110682 0.041473 
0.024000 0.117230 0.044910 
-0.013500 0.069227 0.076108 
-0.013000 0.069237 0.076228 
-0.012500 0.069237 0.076228 
-0.012000 0.167143 0.039115 
-0.039250 0.155092 0.056664 
-0.011000 0.069237 0.076228 
-0.041750 0.152246 0.054391 
-0.010000 0.069227 0.076108 
0.004000 0.120343 0.092366 
-0.030250 0.153864 0.080037 
-0.071500 0.183173 0.016369 
-0.008000 0.069206 0.075868 
-0.007500 0.069206 0.075868 
-0.007000 0.069186 0.075628 
-0.006500 0.069175 0.075508 
-0.006000 0.069175 0.075508 
-0.005500 0.069155 0.075268 
-0.005000 0.069135 0.075028 
0.050000 0.120271 0.019762 
-0.004000 0.069104 0.074668 
-0.003500 0.069083 0.074428 
-0.003000 0.069063 0.074189 
-0.002500 0.069032 0.073829 
0.006500 0.100561 0.075147 
-0.001500 0.068991 0.073349 
-0.028250 0.123686 0.091006 
0.006750 0.106522 0.070716 
0.000000 0.068940 0.072749 
0.024750 0.100266 0.056826 
0.001000 0.068889 0.072149 
0.001500 0.068859 0.071789 
0.002000 0.068838 0.071549 
0.002500 0.068808 0.071189 
0.003000 0.068757 0.070589 
0.023500 0.115879 0.046053 
-0.035750 0.105459 0.077062 
0.004500 0.068634 0.069150 
0.005000 0.068573 0.068430 
0.048250 0.119745 0.023825 
0.002000 0.108723 0.073589 
0.009000 0.100359 0.071435 
0.007000 0.068440 0.066870 
0.007500 0.068440 0.066870 
0.008000 0.068430 0.066750 
-0.050500 0.157145 0.047007 
0.009000 0.068399 0.066390 
0.009500 0.068399 0.066390 
-0.046000 0.152900 0.048158 
-0.035250 0.118100 0.085317 
0.011000 0.068338 0.065671 
0.011500 0.068327 0.065551 
0.012000 0.068297 0.065191 
0.012500 0.068276 0.064951 
0.013000 0.068256 0.064711 
0.030750 0.109613 0.047447 
0.026250 0.104265 0.052996 
0.014500 0.068184 0.063871 
-0.003000 0.156669 0.023017 
-0.051250 0.154892 0.041553 
0.016000 0.068093 0.062791 
0.016500 0.068052 0.062312 
0.017000 0.068011 0.061832 
0.043250 0.103482 0.039559 
0.045000 0.112450 0.034994 
0.018500 0.067898 0.060512 
0.019000 0.067847 0.059912 
-0.055500 0.154079 0.037112 
-0.040750 0.107810 0.068800 
-0.012250 0.153869 0.080636 
0.021000 0.067418 0.054873 
0.021500 0.067336 0.053914 
0.022000 0.067224 0.052594 
0.022500 0.067204 0.052354 
0.023000 0.067183 0.052114 
0.023500 0.067173 0.051994 
0.024000 0.067183 0.052114 
0.024500 0.067173 0.051994 
0.004000 0.097938 0.077304 
-0.008250 0.178007 0.023484 
0.051750 0.108314 0.025073 
-0.004250 0.130667 0.099159 
0.042250 0.098336 0.047313 
-0.002000 0.165276 0.006630 
-0.044750 0.157896 0.051865 
0.028500 0.067265 0.053074 
-0.035250 0.131789 0.084475 
0.029500 0.067295 0.053434 
0.030000 0.067306 0.053554 
-0.034250 0.112437 0.080053 
-0.020250 0.147038 0.090098 
0.009750 0.110375 0.064371 
0.032000 0.067347 0.054033 
-0.037500 0.115928 0.081967 
-0.033250 0.140056 0.083156 
0.033500 0.067387 0.054513 
-0.042500 0.100217 0.068801 
0.045250 0.095671 0.049758 
0.035000 0.067418 0.054873 
0.020250 0.128586 0.027757 
0.036250 0.112148 0.042364 
-0.017250 0.101747 0.084487 
0.037000 0.067469 0.055473 
0.037500 0.067469 0.055473 
0.038000 0.067469 0.055473 
0.038500 0.067469 0.055473 
0.038750 0.094519 0.054069 
-0.002000 0.096868 0.082454 
0.003500 0.114898 0.090783 
0.016000 0.109353 0.057068 
0.041000 0.067418 0.054873 
0.041500 0.067408 0.054753 
-0.006250 0.118430 0.096443 
0.042500 0.067367 0.054274 
-0.040500 0.128181 0.079090 
0.028750 0.106944 0.050363 
-0.058500 0.172923 0.033899 
0.044500 0.067142 0.051634 
-0.027250 0.101702 0.083649 
0.021000 0.126621 0.032460 
0.025250 0.116538 0.045164 
0.046500 0.067091 0.051034 
0.047000 0.067061 0.050674 
0.047500 0.067040 0.050434 
-0.043500 0.158607 0.052343 
0.011250 0.102219 0.067483 
-0.044500 0.151502 0.050678 
0.049500 0.066938 0.049235 
0.050000 0.066918 0.048995 
-0.040500 0.103145 0.072034 
0.051000 0.066856 0.048275 
-0.032750 0.106898 0.078498 
-0.013000 0.101067 0.084488 
0.052500 0.066757 0.047140 
0.055250 0.098742 0.032304 
-0.026000 0.117648 0.092480 
0.029250 0.108299 0.049286 
0.054500 0.066624 0.045617 
0.055000 0.066546 0.044728 
0.034250 0.106712 0.046046 
0.056000 0.066391 0.042951 
0.007500 0.111126 0.065688 
-0.034500 0.136566 0.081720 
0.057500 0.066236 0.041174 
0.058000 0.066180 0.040539 
0.058500 0.066125 0.039905 
0.059000 0.066014 0.038635 
0.059500 0.065969 0.038128 
0.060000 0.065925 0.037620 
0.060500 0.065858 0.036858 
-0.019250 0.167828 0.035306 
0.061500 0.065625 0.034193 
-0.022250 0.105768 0.083288 
0.062500 0.065492 0.032670 
0.063000 0.065403 0.031654 
0.063500 0.064993 0.026958 
0.064000 0.064871 0.025562 
0.064500 0.064172 0.017565 
0.055000 0.094425 0.041839 
0.026250 0.108376 0.050962 
0.048250 0.099295 0.040572 
0.008500 0.104395 0.069519 
-0.020250 0.095025 0.085808 
0.067500 0.063395 0.008681 
0.065000 0.094355 0.020594 
-0.028500 0.123004 0.090666 
0.069000 0.061836 -0.008151 
-0.028250 0.152506 0.083153 
0.025000 0.095490 0.058740 
0.048000 0.109470 0.032702 
0.071000 0.061659 -0.010040 
-0.031750 0.123651 0.089307 
-0.036250 0.152445 0.076442 
0.072500 0.061431 -0.012468 
0.073000 0.061330 -0.013548 
0.009750 0.103620 0.067842 
-0.036750 0.068407 0.058353 
-0.036000 0.153121 0.074165 
-0.035750 0.068539 0.059913 
-0.036250 0.157912 0.055341 
-0.013750 0.163572 0.043439 
-0.016000 0.120545 0.100520 
-0.033750 0.068863 0.063752 
-0.033250 0.068894 0.064112 
-0.009000 0.116466 0.098141 
-0.013000 0.095676 0.085329 
-0.060500 0.153934 0.030511 
-0.062250 0.176549 0.027420 
-0.042500 0.130830 0.074300 
-0.046000 0.147141 0.045630 
-0.064750 0.161802 0.023008 
-0.072500 0.181690 0.019924 
0.060000 0.111039 0.009321 
-0.028250 0.069461 0.070830 
0.064250 0.099011 0.014628 
-0.027250 0.069522 0.071549 
-0.026750 0.069542 0.071789 
-0.026250 0.069552 0.071909 
-0.025750 0.069603 0.072509 
-0.025250 0.069623 0.072749 
-0.042000 0.160043 0.051980 
-0.024250 0.069674 0.073349 
0.047500 0.113649 0.030802 
-0.023250 0.069704 0.073709 
-0.022750 0.069735 0.074069 
-0.022250 0.069765 0.074428 
0.015500 0.127885 0.028266 
-0.021250 0.069796 0.074788 
-0.020750 0.069816 0.075028 
0.006000 0.121607 0.088741 
-0.019750 0.069867 0.075628 
-0.001000 0.106185 0.077900 
0.055250 0.102816 0.029004 
-0.018250 0.069917 0.076228 
-0.008500 0.120509 0.099048 
-0.014500 0.140877 0.094966 
-0.046750 0.160757 0.049700 
-0.016250 0.069948 0.076588 
0.050000 0.116163 0.024072 
-0.015250 0.069968 0.076828 
-0.038000 0.129647 0.081962 
-0.017500 0.142241 0.093834 
-0.013750 0.069988 0.077068 
-0.013250 0.069988 0.077068 
-0.012750 0.069978 0.076948 
-0.071250 0.170528 0.009794 
-0.041000 0.150144 0.056432 
-0.011250 0.069988 0.077068 
-0.010750 0.069978 0.076948 
-0.027000 0.142217 0.088626 
0.043250 0.107707 0.039055 
-0.009250 0.069968 0.076828 
-0.008750 0.069958 0.076708 
0.061500 0.097531 0.024925 
-0.029250 0.105649 0.080894 
-0.010750 0.162099 0.041919 
-0.006750 0.069927 0.076348 
-0.006250 0.069907 0.076108 
-0.005750 0.069897 0.075988 
-0.005250 0.069887 0.075868 
-0.004750 0.069867 0.075628 
-0.016250 0.167864 0.038606 
-0.003750 0.069826 0.075148 
-0.028000 0.129849 0.090325 
0.005750 0.126321 0.042114 
0.048000 0.114965 0.028644 
0.048000 0.113615 0.030166 
-0.001250 0.069725 0.073949 
-0.000750 0.069704 0.073709 
-0.000250 0.069684 0.073469 
0.000250 0.069674 0.073349 
0.023500 0.119930 0.042372 
-0.031000 0.098265 0.083052 
-0.010750 0.159247 0.044591 
-0.018000 0.105099 0.083528 
-0.027750 0.119619 0.090441 
0.003250 0.069461 0.070830 
0.003750 0.069431 0.070470 
-0.019750 0.099067 0.085207 
-0.038250 0.124831 0.082921 
-0.042750 0.138345 0.066989 
0.005750 0.069228 0.068070 
0.006250 0.069157 0.067231 
0.026000 0.103606 0.053833 
0.007250 0.069137 0.066991 
0.012500 0.120256 0.049412 
-0.035500 0.116004 0.083882 
0.008750 0.069117 0.066751 
-0.040500 0.155790 0.055344 
0.000750 0.097405 0.079939 
0.010250 0.069076 0.066271 
0.010750 0.069066 0.066151 
-0.009000 0.110929 0.093161 
-0.008500 0.132714 0.099159 
0.046500 0.112366 0.033468 
0.012750 0.068985 0.065191 
0.013250 0.068975 0.065071 
0.013750 0.068954 0.064831 
0.014250 0.068924 0.064471 
-0.044000 0.154354 0.052350 
-0.019000 0.153201 0.083633 
0.015750 0.068813 0.063152 
0.016250 0.068762 0.062552 
0.039750 0.124229 0.027256 
0.053250 0.116567 0.017848 
0.017750 0.068650 0.061232 
0.018250 0.068610 0.060753 
0.056750 0.110735 0.016945 
0.019250 0.068529 0.059793 
0.014500 0.102793 0.065208 
0.020250 0.068428 0.058593 
-0.022750 0.108446 0.082329 
-0.047000 0.148573 0.045881 
-0.037500 0.114511 0.080651 
-0.044750 0.146453 0.046520 
0.022750 0.067901 0.052355 
0.023250 0.067890 0.052235 
0.021250 0.115227 0.047069 
0.032750 0.120442 0.038307 
-0.002250 0.144272 0.087348 
-0.067500 0.158043 0.018954 
0.044000 0.108342 0.037785 
-0.054750 0.151979 0.039274 
-0.030000 0.100976 0.082811 
0.005000 0.117595 0.090555 
0.027750 0.067961 0.053075 
0.028250 0.067971 0.053195 
0.036750 0.093205 0.055506 
0.029250 0.068002 0.053555 
-0.066750 0.176554 0.028816 
0.031250 0.101394 0.051677 
-0.052750 0.160709 0.045476 
0.014750 0.116818 0.051445 
-0.008000 0.120500 0.098708 
0.032250 0.068073 0.054394 
0.032750 0.068093 0.054635 
0.022000 0.113206 0.048930 
0.033750 0.068103 0.054754 
0.034250 0.068123 0.054994 
0.034750 0.068134 0.055114 
0.035250 0.068144 0.055234 
0.035750 0.068154 0.055354 
-0.047000 0.152886 0.047523 
0.036750 0.068174 0.055594 
0.030000 0.113044 0.045797 
0.037750 0.068184 0.055714 
0.013500 0.094794 0.070477 
0.038750 0.068184 0.055714 
0.016750 0.108644 0.056828 
-0.012250 0.101734 0.084248 
0.011750 0.106291 0.065927 
0.040750 0.068144 0.055234 
0.041250 0.068123 0.054994 
0.041750 0.068113 0.054874 
0.042250 0.068093 0.054635 
0.042750 0.068083 0.054515 
0.043250 0.068063 0.054275 
0.005000 0.105956 0.073230 
0.042500 0.101379 0.039938 
0.044750 0.067860 0.051875 
0.045250 0.067850 0.051755 
0.045750 0.067830 0.051515 
0.046250 0.067819 0.051395 
0.041000 0.116755 0.035635 
-0.011500 0.161403 0.043698 
-0.053500 0.165741 0.043180 
-0.024750 0.138779 0.089306 
0.048750 0.067698 0.049956 
0.049250 0.067667 0.049596 
-0.026250 0.116942 0.091348 
0.050250 0.067617 0.048996 
0.050750 0.067586 0.048636 
0.051250 0.067546 0.048156 
-0.029500 0.140787 0.085312 
0.048500 0.102384 0.033454 
0.052750 0.067457 0.047141 
-0.001000 0.136754 0.093495 
0.053750 0.067380 0.046252 
0.054250 0.067336 0.045745 
0.054750 0.067291 0.045237 
0.055250 0.067236 0.044602 
0.055750 0.067126 0.043333 
0.056250 0.067059 0.042571 
0.056750 0.067004 0.041936 
0.041750 0.126792 0.019504 
-0.017250 0.108502 0.083526 
-0.057750 0.156151 0.033173 
-0.008750 0.172173 0.031109 
-0.031000 0.144941 0.086030 
0.059750 0.066672 0.038128 
-0.026750 0.138750 0.086989 
0.060750 0.066551 0.036732 
0.061250 0.066407 0.035082 
0.054500 0.108886 0.022532 
0.062250 0.066241 0.033177 
0.055500 0.107454 0.022657 
0.063250 0.065733 0.027338 
0.063750 0.065733 0.027338 
-0.042500 0.133579 0.072742 
-0.016250 0.156607 0.074642 
0.001750 0.097364 0.079220 
0.065750 0.064649 0.014898 
0.066250 0.064240 0.010201 
-0.041000 0.137742 0.071661 
0.067250 0.064119 0.008805 
-0.003750 0.121118 0.096556 
0.031000 0.113002 0.045034 
0.068750 0.062536 -0.008422 
-0.013000 0.167149 0.039623 
0.069750 0.062461 -0.009232 
0.070250 0.062436 -0.009502 
0.070750 0.062360 -0.010311 
-0.017500 0.121876 0.100294 
-0.005250 0.145661 0.089079 
0.072250 0.062148 -0.012605 
0.072750 0.062047 -0.013684 
0.073250 0.061922 -0.015033 
-0.066750 0.154453 0.021117 
-0.036500 0.069180 0.059314 
-0.036000 0.069301 0.060753 
-0.035500 0.069361 0.061473 
-0.035000 0.069412 0.062073 
-0.022500 0.116403 0.095990 
0.056000 0.111479 0.017328 
0.002750 0.123748 0.093951 
-0.033000 0.069623 0.064592 
-0.016750 0.105780 0.083528 
-0.015500 0.158597 0.049825 
-0.031500 0.069944 0.068431 
-0.031000 0.070035 0.069510 
-0.030500 0.070085 0.070110 
0.035750 0.123068 0.033482 
-0.029500 0.070166 0.071070 
-0.029000 0.070206 0.071550 
-0.028500 0.070226 0.071790 
-0.028000 0.070266 0.072269 
-0.027500 0.070296 0.072629 
-0.010500 0.102389 0.083769 
-0.026500 0.070336 0.073109 
-0.045000 0.129246 0.067358 
0.007750 0.099717 0.072273 
-0.025000 0.070407 0.073949 
-0.025750 0.107066 0.081971 
-0.013250 0.121213 0.100520 
-0.023500 0.070467 0.074668 
-0.071250 0.164594 0.011453 
-0.022500 0.070497 0.075028 
0.060750 0.104840 0.015151 
-0.021500 0.070547 0.075628 
0.064500 0.098278 0.014498 
-0.007250 0.178005 0.022723 
-0.029750 0.098966 0.083411 
-0.017750 0.121208 0.100294 
0.006250 0.120936 0.088968 
-0.018500 0.070658 0.076948 
-0.045500 0.164347 0.047117 
-0.017500 0.070678 0.077188 
-0.017000 0.070688 0.077308 
0.000250 0.110774 0.073349 
-0.016000 0.070708 0.077547 
-0.038250 0.115183 0.080411 
-0.013250 0.097714 0.085328 
-0.014500 0.070718 0.077667 
-0.014000 0.070718 0.077667 
-0.028500 0.124360 0.090892 
-0.037000 0.139258 0.077767 
0.047000 0.106700 0.034096 
-0.012000 0.070738 0.077907 
-0.006500 0.154506 0.072965 
-0.001750 0.119761 0.095990 
-0.010500 0.070728 0.077787 
-0.010000 0.070718 0.077667 
-0.009500 0.070718 0.077667 
-0.002250 0.149673 0.077283 
-0.008500 0.070698 0.077427 
-0.039750 0.155090 0.056304 
-0.007500 0.070688 0.077308 
0.013000 0.100132 0.067244 
-0.006500 0.070658 0.076948 
0.016000 0.114737 0.052042 
-0.005500 0.070628 0.076588 
-0.005000 0.070608 0.076348 
-0.004500 0.070598 0.076228 
0.032500 0.115665 0.041986 
-0.045750 0.159321 0.050903 
-0.003000 0.070537 0.075508 
-0.007000 0.142239 0.093381 
-0.021750 0.095018 0.085689 
0.000250 0.097432 0.080418 
-0.038750 0.130308 0.080765 
-0.013000 0.155912 0.074882 
-0.042000 0.151522 0.052715 
0.007750 0.118414 0.056712 
0.001000 0.070367 0.073469 
-0.016750 0.167863 0.038479 
0.002000 0.070296 0.072629 
0.002500 0.070266 0.072269 
-0.019750 0.101747 0.084487 
0.003500 0.070186 0.071310 
-0.005750 0.161816 0.023897 
-0.037500 0.139223 0.075971 
0.017750 0.127276 0.030934 
0.041500 0.113977 0.036902 
-0.031750 0.131857 0.087109 
0.006500 0.069884 0.067711 
0.007000 0.069854 0.067351 
0.028250 0.115119 0.045036 
0.008000 0.069834 0.067111 
-0.038500 0.161479 0.050658 
0.009000 0.069814 0.066871 
0.009500 0.069814 0.066871 
0.010000 0.069794 0.066631 
-0.011250 0.119868 0.100180 
0.011000 0.069774 0.066391 
0.011500 0.069763 0.066271 
0.012000 0.069733 0.065912 
0.012500 0.069723 0.065792 
0.043500 0.092441 0.054428 
-0.018250 0.149793 0.088060 
-0.043250 0.116235 0.072391 
0.014500 0.069633 0.064712 
0.015000 0.069582 0.064112 
0.005000 0.107274 0.072033 
-0.035000 0.117411 0.085078 
-0.029500 0.143580 0.087228 
0.017000 0.069412 0.062073 
-0.023500 0.139480 0.091117 
0.007750 0.121097 0.053482 
0.018500 0.069291 0.060633 
0.003500 0.119021 0.093386 
0.019500 0.069191 0.059434 
-0.018000 0.160034 0.048743 
0.026000 0.106327 0.052158 
-0.006500 0.147721 0.087588 
-0.045250 0.104604 0.059820 
0.022000 0.068688 0.053436 
0.022500 0.068648 0.052956 
-0.012750 0.167864 0.038606 
-0.036250 0.116675 0.083642 
0.036750 0.103843 0.045281 
-0.018750 0.157891 0.050905 
-0.009500 0.116473 0.098367 
-0.051750 0.165035 0.044577 
-0.022750 0.144288 0.090550 
0.026500 0.068638 0.052836 
0.027000 0.068658 0.053076 
0.027500 0.068668 0.053196 
0.028000 0.068678 0.053316 
-0.002500 0.134052 0.096893 
0.029000 0.068708 0.053676 
0.029500 0.068718 0.053796 
0.030000 0.068728 0.053916 
-0.040000 0.096402 0.074429 
0.031000 0.068748 0.054156 
0.003750 0.104022 0.075745 
-0.008500 0.175810 0.026280 
-0.015500 0.095697 0.085688 
0.033000 0.068798 0.054756 
0.039250 0.120216 0.033607 
0.034000 0.068829 0.055115 
-0.028750 0.119596 0.089535 
-0.014750 0.096369 0.085568 
0.030250 0.109636 0.047828 
-0.023250 0.130580 0.093270 
-0.044750 0.147926 0.048528 
-0.006000 0.132709 0.098819 
0.017000 0.101211 0.061496 
0.024000 0.094139 0.059459 
0.038500 0.068889 0.055835 
0.039000 0.068889 0.055835 
0.039500 0.068879 0.055715 
0.040000 0.068869 0.055595 
0.040500 0.068849 0.055355 
0.041000 0.068839 0.055235 
0.041500 0.068829 0.055115 
0.042000 0.068819 0.054995 
-0.027000 0.146348 0.088173 
0.043000 0.068778 0.054516 
0.043500 0.068748 0.054156 
0.049750 0.094181 0.048320 
0.044500 0.068577 0.052116 
0.057500 0.105961 0.021764 
0.045500 0.068567 0.051996 
0.046000 0.068547 0.051757 
0.012500 0.112216 0.058745 
0.037750 0.109348 0.042870 
0.047500 0.068477 0.050917 
-0.006500 0.120461 0.097122 
-0.053000 0.168616 0.041015 
0.049000 0.068406 0.050077 
0.049500 0.068376 0.049717 
-0.006250 0.106991 0.080414 
-0.002750 0.125191 0.098256 
-0.041500 0.134999 0.073818 
-0.027500 0.099680 0.084009 
0.015000 0.116121 0.051564 
0.052500 0.068201 0.047650 
0.025000 0.106344 0.052518 
-0.010000 0.120534 0.100067 
-0.020500 0.116453 0.097688 
-0.032500 0.151805 0.082195 
0.030000 0.093826 0.054189 
0.055500 0.067893 0.044095 
0.056000 0.067816 0.043207 
-0.012750 0.097701 0.085088 
-0.033000 0.154519 0.074763 
0.057500 0.067629 0.041049 
0.040750 0.124195 0.026494 
-0.006500 0.102325 0.082571 
0.059000 0.067464 0.039144 
0.059500 0.067420 0.038636 
0.060000 0.067364 0.038002 
0.022250 0.127298 0.031443 
0.055500 0.117042 0.012895 
0.061500 0.067111 0.035082 
0.062000 0.067001 0.033812 
-0.030750 0.108294 0.079097 
-0.006750 0.097666 0.084490 
-0.001000 0.140845 0.089419 
0.064000 0.066406 0.026957 
-0.004000 0.098271 0.083172 
0.012500 0.102873 0.066765 
0.065500 0.065349 0.014770 
-0.010750 0.123874 0.099955 
0.066500 0.064887 0.009438 
-0.052000 0.149853 0.040166 
-0.006500 0.095655 0.084970 
0.068000 0.063236 -0.008694 
-0.033750 0.148362 0.083634 
0.049500 0.109324 0.030159 
-0.018750 0.130635 0.097007 
0.070000 0.063125 -0.009908 
0.000250 0.145459 0.074290 
0.071000 0.063013 -0.011122 
0.071500 0.062939 -0.011931 
-0.009750 0.148415 0.088400 
-0.002750 0.129299 0.098933 
-0.015750 0.118531 0.100179 
0.073500 0.062579 -0.015843 
-0.037750 0.069763 0.057995 
-0.020000 0.103756 0.083888 
-0.036750 0.069902 0.059675 
-0.036250 0.070022 0.061114 
-0.000750 0.100176 0.080656 
-0.035250 0.070092 0.061954 
-0.034750 0.070221 0.063513 
-0.030750 0.127770 0.089419 
-0.033750 0.070321 0.064713 
-0.033250 0.070520 0.067112 
-0.032750 0.070530 0.067231 
0.005250 0.101285 0.075866 
-0.031750 0.070750 0.069871 
-0.010500 0.144978 0.091796 
-0.030750 0.070850 0.071070 
0.005750 0.095877 0.077184 
-0.029750 0.070919 0.071910 
0.060000 0.099094 0.026836 
-0.028750 0.070979 0.072629 
-0.017500 0.107810 0.083287 
-0.027750 0.071029 0.073229 
-0.019250 0.097728 0.085567 
-0.023000 0.111932 0.084123 
-0.029750 0.147024 0.086989 
-0.025750 0.071119 0.074309 
-0.025250 0.071139 0.074549 
-0.020500 0.121850 0.099161 
-0.024250 0.071168 0.074909 
-0.023750 0.071189 0.075148 
-0.023250 0.071208 0.075388 
-0.022750 0.071238 0.075748 
-0.022250 0.071258 0.075988 
-0.007750 0.132035 0.099385 
0.018000 0.103847 0.058623 
-0.020750 0.071328 0.076828 
-0.043250 0.160760 0.051139 
-0.019750 0.071368 0.077307 
-0.002000 0.131330 0.097800 
-0.018750 0.071388 0.077547 
-0.018250 0.071398 0.077667 
-0.029500 0.104979 0.081133 
-0.027000 0.149091 0.086869 
-0.045000 0.101300 0.063172 
-0.020250 0.099067 0.085207 
-0.011250 0.159265 0.045607 
-0.009500 0.135430 0.097912 
-0.014750 0.071458 0.078387 
-0.031500 0.135244 0.084475 
-0.013750 0.071468 0.078507 
-0.014000 0.140877 0.095079 
0.001500 0.127171 0.094403 
-0.012250 0.071478 0.078627 
-0.011750 0.071478 0.078627 
-0.011250 0.071468 0.078507 
0.010500 0.120368 0.052644 
-0.010250 0.071468 0.078507 
-0.009750 0.071468 0.078507 
-0.014000 0.158593 0.048986 
-0.008750 0.071448 0.078267 
-0.008250 0.071438 0.078147 
-0.007750 0.071428 0.078027 
-0.007250 0.071418 0.077907 
-0.029250 0.126413 0.090439 
-0.006250 0.071388 0.077547 
-0.005750 0.071368 0.077307 
-0.005250 0.071358 0.077188 
-0.004750 0.071338 0.076948 
-0.004250 0.071328 0.076828 
0.021750 0.113881 0.048212 
0.030500 0.106207 0.049644 
-0.034000 0.158615 0.054381 
-0.002250 0.071248 0.075868 
-0.001750 0.144262 0.086749 
-0.001250 0.071199 0.075268 
-0.038250 0.106626 0.072871 
-0.000250 0.071159 0.074789 
0.000250 0.071149 0.074668 
0.000750 0.071119 0.074309 
0.001250 0.071089 0.073949 
-0.008250 0.140193 0.095079 
0.002250 0.071029 0.073229 
0.002750 0.070979 0.072629 
0.003250 0.070959 0.072389 
-0.001000 0.121784 0.096330 
-0.017750 0.096383 0.085808 
0.004750 0.070820 0.070710 
0.005250 0.070800 0.070470 
-0.040750 0.116446 0.077777 
0.006250 0.070720 0.069511 
0.023500 0.100990 0.057305 
-0.044250 0.093853 0.066285 
-0.049750 0.147692 0.039662 
0.008250 0.070530 0.067231 
0.008750 0.070520 0.067112 
0.009250 0.070511 0.066992 
-0.041500 0.137714 0.070343 
-0.031750 0.134564 0.084954 
0.021500 0.109175 0.053117 
0.011250 0.070481 0.066632 
-0.015750 0.141559 0.094513 
0.012250 0.070451 0.066272 
0.060250 0.092996 0.031787 
0.001500 0.108734 0.073829 
0.000500 0.117718 0.094971 
0.024750 0.121921 0.039579 
0.014750 0.070331 0.064833 
0.015250 0.070271 0.064113 
0.029750 0.097299 0.053711 
0.052750 0.115213 0.019623 
-0.028250 0.094939 0.084371 
-0.036000 0.157210 0.056421 
0.017750 0.070042 0.061354 
0.018250 0.070012 0.060994 
0.044000 0.119292 0.029287 
-0.036250 0.101420 0.078380 
0.019750 0.069863 0.059195 
0.020250 0.069813 0.058595 
0.045500 0.105477 0.037400 
0.021250 0.069554 0.055476 
0.014750 0.121999 0.041230 
0.022250 0.069394 0.053557 
0.015000 0.104094 0.063532 
-0.054250 0.149048 0.036740 
0.023750 0.069324 0.052717 
0.024250 0.069314 0.052597 
0.024750 0.069314 0.052597 
-0.002750 0.152427 0.074405 
-0.038500 0.107285 0.072272 
-0.004500 0.099620 0.082932 
0.026750 0.069354 0.053077 
-0.007250 0.182432 0.016497 
0.027750 0.069384 0.053437 
-0.049750 0.167904 0.042286 
-0.014000 0.149103 0.088626 
-0.005750 0.119773 0.096443 
0.029750 0.069434 0.054037 
0.030250 0.069444 0.054157 
0.030750 0.069454 0.054277 
0.027750 0.093241 0.056105 
0.016000 0.123925 0.036529 
0.057250 0.100036 0.030271 
0.032750 0.069514 0.054997 
-0.022750 0.096362 0.085448 
0.033750 0.069534 0.055236 
0.034250 0.069544 0.055356 
0.034750 0.069554 0.055476 
0.035250 0.069564 0.055596 
-0.041250 0.127452 0.077893 
-0.021750 0.152519 0.084591 
0.028000 0.118515 0.042370 
-0.012250 0.169300 0.036699 
0.037750 0.069603 0.056076 
-0.031500 0.108967 0.078857 
0.014250 0.116836 0.051924 
-0.037250 0.113793 0.079813 
0.039750 0.069583 0.055836 
0.040250 0.069573 0.055716 
-0.032750 0.146993 0.084712 
-0.014500 0.110921 0.092934 
0.041750 0.069534 0.055236 
-0.003750 0.094924 0.084132 
-0.068750 0.172170 0.030728 
-0.002750 0.102913 0.080775 
0.043750 0.069444 0.054157 
-0.044750 0.124376 0.068440 
0.044750 0.069294 0.052357 
0.045250 0.069284 0.052238 
0.016000 0.095789 0.063890 
0.009250 0.124637 0.036401 
-0.036000 0.133799 0.081841 
0.047250 0.069224 0.051518 
0.047750 0.069205 0.051278 
0.048250 0.069195 0.051158 
0.048750 0.069165 0.050798 
0.049250 0.069155 0.050678 
0.049750 0.069125 0.050318 
-0.003250 0.105584 0.079576 
0.013500 0.122642 0.039834 
0.046750 0.119806 0.025096 
-0.022000 0.157174 0.049348 
0.052250 0.068965 0.048399 
0.007250 0.122459 0.052285 
0.053250 0.068902 0.047651 
0.053750 0.068847 0.047017 
0.054250 0.068770 0.046128 
0.010500 0.117667 0.055395 
0.055750 0.104138 0.027227 
0.029500 0.099399 0.053712 
0.056250 0.068507 0.043081 
0.000000 0.114989 0.093726 
-0.001250 0.164533 0.006885 
0.057750 0.068309 0.040795 
0.058250 0.068276 0.040414 
0.058750 0.068210 0.039653 
0.059250 0.068177 0.039272 
0.059750 0.068134 0.038764 
0.060250 0.068068 0.038002 
0.060750 0.067991 0.037113 
0.061250 0.067892 0.035971 
-0.032000 0.157209 0.056181 
0.062250 0.067640 0.033050 
0.062750 0.067464 0.031019 
0.063250 0.067376 0.030003 
0.063750 0.067234 0.028353 
0.064250 0.067113 0.026956 
0.064750 0.066872 0.024163 
0.036250 0.123056 0.033228 
-0.011000 0.109397 0.088182 
0.066250 0.065797 0.011721 
0.066750 0.065522 0.008546 
-0.029000 0.146341 0.087468 
-0.070500 0.168314 0.011701 
-0.035750 0.109481 0.075145 
0.026250 0.119223 0.042371 
-0.020000 0.102420 0.084367 
-0.003750 0.145654 0.087588 
0.070250 0.063765 -0.010853 
0.070750 0.063704 -0.011528 
0.034250 0.128424 0.023820 
0.071750 0.063593 -0.012742 
-0.037750 0.124857 0.083759 
0.017750 0.107253 0.056948 
0.065500 0.098185 0.013099 
-0.038500 0.070011 0.052599 
-0.038000 0.070496 0.058476 
-0.037500 0.070535 0.058956 
-0.037000 0.070604 0.059795 
-0.014250 0.121216 0.100633 
-0.036000 0.070743 0.061475 
-0.040000 0.143258 0.067464 
-0.010500 0.124540 0.099842 
0.046750 0.117042 0.027250 
0.000250 0.131979 0.095308 
-0.033500 0.071316 0.068431 
-0.033000 0.071395 0.069391 
-0.032500 0.071455 0.070111 
-0.009250 0.162067 0.039888 
-0.031500 0.071534 0.071070 
-0.031000 0.071583 0.071670 
-0.030500 0.071623 0.072150 
-0.003250 0.096250 0.083532 
-0.065250 0.170736 0.034285 
-0.033750 0.134528 0.083397 
0.013500 0.102842 0.066166 
-0.028000 0.071761 0.073829 
-0.027500 0.071781 0.074069 
0.052500 0.098149 0.034084 
-0.013000 0.120545 0.100520 
-0.026000 0.071830 0.074669 
-0.025500 0.071850 0.074909 
-0.025000 0.071870 0.075148 
-0.024500 0.071889 0.075388 
-0.024000 0.071909 0.075628 
-0.023500 0.071929 0.075868 
-0.023000 0.071969 0.076348 
-0.022500 0.071979 0.076468 
-0.010000 0.136790 0.097345 
0.039000 0.112723 0.039950 
-0.021000 0.072048 0.077307 
-0.016750 0.095025 0.085808 
0.004500 0.118979 0.091800 
-0.019500 0.072107 0.078027 
0.053000 0.099498 0.032941 
-0.018500 0.072127 0.078267 
-0.018000 0.072146 0.078507 
0.050500 0.109127 0.026727 
-0.017000 0.072166 0.078747 
-0.016500 0.072166 0.078747 
-0.022000 0.144976 0.090550 
-0.015500 0.072196 0.079107 
0.057750 0.098615 0.030396 
-0.014500 0.072196 0.079107 
-0.021250 0.142919 0.091909 
-0.013500 0.072206 0.079227 
-0.004750 0.106956 0.079696 
-0.000250 0.126530 0.096782 
-0.023750 0.140165 0.090777 
-0.011500 0.072206 0.079227 
-0.011000 0.072206 0.079227 
-0.020000 0.117822 0.098707 
-0.010000 0.072206 0.079227 
-0.009500 0.072196 0.079107 
-0.009000 0.072186 0.078987 
-0.036000 0.160043 0.051980 
0.063250 0.093859 0.023773 
-0.007500 0.072156 0.078627 
0.023750 0.111127 0.049647 
0.013250 0.124614 0.035893 
-0.006000 0.072107 0.078027 
-0.005500 0.072097 0.077907 
-0.005000 0.072077 0.077667 
-0.067750 0.175095 0.030342 
-0.015250 0.144295 0.092814 
-0.003500 0.072028 0.077068 
-0.061500 0.153906 0.029242 
-0.002500 0.071988 0.076588 
-0.042750 0.153656 0.053790 
-0.014250 0.096362 0.085448 
0.024500 0.109083 0.051082 
-0.041250 0.120582 0.078614 
0.000000 0.071880 0.075268 
0.000500 0.071870 0.075148 
-0.032750 0.135908 0.083277 
0.057000 0.114111 0.012379 
-0.062000 0.151001 0.028484 
0.002500 0.071761 0.073829 
0.010250 0.098307 0.071675 
0.003500 0.071692 0.072989 
0.004000 0.071652 0.072510 
0.004500 0.071593 0.071790 
0.005000 0.071553 0.071310 
0.005500 0.071514 0.070830 
0.006000 0.071484 0.070470 
-0.012000 0.113771 0.097687 
-0.039000 0.109935 0.069997 
-0.041000 0.096346 0.073471 
-0.016250 0.115823 0.099046 
0.052500 0.118667 0.016455 
0.009000 0.071227 0.067352 
0.009500 0.071217 0.067232 
0.010000 0.071207 0.067112 
0.058500 0.112557 0.010468 
-0.021500 0.140863 0.092589 
-0.052000 0.161440 0.045982 
-0.009000 0.112311 0.094179 
-0.008250 0.152485 0.080876 
0.004750 0.125049 0.091006 
0.013500 0.071108 0.065913 
0.014000 0.071079 0.065553 
0.014500 0.071049 0.065193 
0.015000 0.071010 0.064713 
0.015500 0.070950 0.063993 
-0.013500 0.101073 0.084608 
-0.042250 0.162198 0.049817 
-0.050750 0.150647 0.043338 
-0.009000 0.146350 0.090324 
0.018000 0.070733 0.061355 
0.018500 0.070693 0.060875 
-0.013250 0.127942 0.099387 
0.019500 0.070604 0.059795 
0.020000 0.070535 0.058956 
-0.001500 0.140848 0.089985 
0.021000 0.070337 0.056557 
0.021500 0.070179 0.054638 
0.022000 0.070130 0.054038 
0.003250 0.096004 0.079340 
0.023000 0.070031 0.052839 
0.023500 0.070041 0.052958 
0.000000 0.124460 0.095877 
-0.056250 0.169327 0.039491 
-0.048750 0.166478 0.044193 
0.005500 0.109865 0.068441 
0.026000 0.070051 0.053078 
0.053750 0.097419 0.033829 
-0.025750 0.137388 0.087827 
0.027500 0.070090 0.053558 
0.028000 0.070100 0.053678 
-0.039000 0.120023 0.082085 
-0.035750 0.146940 0.080758 
0.029500 0.070130 0.054038 
0.042500 0.107066 0.040199 
-0.012000 0.171462 0.033776 
-0.019000 0.162863 0.044456 
0.055250 0.116393 0.014417 
-0.041750 0.110343 0.063653 
0.037000 0.096476 0.051555 
0.033000 0.070229 0.055237 
-0.007750 0.114395 0.096216 
0.034000 0.070248 0.055477 
0.034500 0.070258 0.055597 
0.035000 0.070268 0.055717 
0.000500 0.139451 0.087588 
-0.016750 0.118528 0.100066 
0.036500 0.070298 0.056077 
0.037000 0.070298 0.056077 
0.037500 0.070308 0.056197 
-0.049000 0.165765 0.045083 
-0.035500 0.100794 0.079458 
-0.069250 0.173630 0.030091 
0.021500 0.101047 0.058383 
-0.032500 0.107576 0.078378 
0.040500 0.070268 0.055717 
0.041000 0.070258 0.055597 
-0.023500 0.140852 0.090777 
-0.030000 0.143569 0.086510 
0.042500 0.070219 0.055117 
-0.009000 0.127270 0.099954 
0.043500 0.070159 0.054398 
-0.067000 0.168404 0.020457 
-0.037250 0.142693 0.075490 
-0.025000 0.113323 0.084841 
0.007250 0.113113 0.063533 
0.046000 0.069972 0.052119 
0.046500 0.069972 0.052119 
0.047000 0.069952 0.051879 
-0.058500 0.156845 0.031903 
0.048000 0.069912 0.051399 
0.048500 0.069902 0.051279 
0.042500 0.100062 0.041463 
0.049500 0.069873 0.050919 
0.050000 0.069863 0.050799 
0.013250 0.111514 0.058625 
0.014000 0.106863 0.063413 
0.051500 0.069784 0.049840 
0.052000 0.069754 0.049480 
0.017750 0.097769 0.062094 
0.053000 0.069675 0.048521 
-0.043750 0.134209 0.069867 
0.054000 0.069591 0.047526 
0.054500 0.069492 0.046383 
0.040500 0.102919 0.041847 
-0.007500 0.112296 0.093726 
0.054500 0.096942 0.037262 
0.051750 0.094028 0.046165 
-0.011000 0.127266 0.099727 
-0.014750 0.140194 0.095306 
0.058000 0.069000 0.040669 
0.058500 0.068967 0.040288 
0.059000 0.068924 0.039780 
-0.024000 0.143599 0.089985 
-0.052000 0.165751 0.043941 
0.060500 0.068760 0.037876 
0.013000 0.102861 0.066525 
0.061500 0.068563 0.035590 
-0.036750 0.135819 0.079326 
-0.006000 0.138146 0.095986 
0.063000 0.068181 0.031146 
-0.012250 0.151148 0.085670 
0.046250 0.118439 0.026490 
-0.038000 0.115904 0.081368 
0.001000 0.125816 0.095197 
0.044000 0.099894 0.038919 
0.034500 0.126452 0.028523 
0.066500 0.066508 0.011719 
0.067000 0.066126 0.007274 
0.000750 0.136044 0.091004 
-0.011750 0.108547 0.084484 
0.068500 0.064566 -0.010045 
0.069000 0.064541 -0.010315 
0.041250 0.100779 0.041591 
0.070000 0.064456 -0.011259 
0.070500 0.064395 -0.011934 
-0.042250 0.120510 0.076579 
-0.007250 0.147037 0.088966 
0.072000 0.064212 -0.013957 
-0.014250 0.117185 0.099839 
0.073000 0.064017 -0.016115 
-0.039750 0.070835 0.054159 
-0.016750 0.125224 0.099955 
-0.006750 0.110177 0.091011 
-0.038250 0.071208 0.058717 
-0.070500 0.177284 0.027672 
-0.061500 0.159677 0.027836 
0.038750 0.107911 0.042488 
-0.036250 0.071718 0.064954 
0.026250 0.101556 0.054791 
-0.046250 0.101819 0.059820 
-0.034750 0.071963 0.067952 
-0.013250 0.159302 0.047637 
0.020500 0.114603 0.048691 
-0.003250 0.151064 0.077402 
-0.032750 0.072188 0.070711 
-0.032250 0.072227 0.071190 
-0.031750 0.072267 0.071670 
-0.031250 0.072306 0.072150 
-0.030750 0.072345 0.072630 
-0.030250 0.072365 0.072870 
-0.029750 0.072404 0.073349 
-0.006000 0.116393 0.095650 
0.044250 0.098293 0.046677 
-0.028250 0.072472 0.074189 
-0.027750 0.072492 0.074429 
-0.027250 0.072512 0.074669 
0.067000 0.089560 0.014222 
-0.026250 0.072541 0.075029 
-0.025750 0.072561 0.075268 
-0.025250 0.072580 0.075508 
-0.057500 0.159777 0.033547 
-0.024250 0.072629 0.076108 
-0.023750 0.072649 0.076348 
-0.014750 0.141560 0.094626 
-0.007750 0.130675 0.099726 
-0.022250 0.072737 0.077427 
-0.017250 0.165001 0.042039 
-0.021250 0.072776 0.077907 
-0.017500 0.115130 0.098254 
0.011500 0.097585 0.071076 
0.027750 0.094660 0.056465 
0.034500 0.129040 0.021152 
-0.024250 0.133295 0.091005 
0.043750 0.103442 0.038923 
-0.008000 0.178741 0.022341 
-0.017250 0.072894 0.079346 
-0.016750 0.072894 0.079346 
-0.011500 0.095683 0.085449 
-0.010000 0.123203 0.099841 
-0.036250 0.146927 0.079800 
-0.031000 0.139392 0.084594 
-0.014250 0.072933 0.079826 
0.051750 0.120701 0.013539 
0.023250 0.119254 0.043006 
-0.013750 0.117185 0.099839 
-0.012250 0.072943 0.079946 
-0.011750 0.072933 0.079826 
-0.030500 0.136629 0.084594 
-0.010750 0.072933 0.079826 
0.050000 0.100941 0.033198 
-0.009750 0.072923 0.079706 
-0.009250 0.072914 0.079586 
-0.008750 0.072914 0.079586 
-0.008250 0.072904 0.079466 
-0.027750 0.141525 0.087947 
0.023250 0.121933 0.039833 
-0.027000 0.133955 0.088740 
-0.006250 0.072845 0.078747 
-0.005750 0.072835 0.078627 
-0.026250 0.105720 0.082330 
-0.004750 0.072796 0.078147 
-0.043250 0.121755 0.072869 
-0.003750 0.072776 0.077907 
-0.021750 0.096369 0.085568 
0.045000 0.096340 0.049160 
-0.002250 0.072718 0.077187 
0.035000 0.121049 0.036148 
-0.001250 0.072678 0.076708 
-0.000750 0.072659 0.076468 
-0.000250 0.072629 0.076108 
-0.025500 0.154559 0.080276 
0.000750 0.072590 0.075628 
0.001250 0.072580 0.075508 
0.001750 0.072551 0.075149 
0.002250 0.072531 0.074909 
0.002750 0.072512 0.074669 
-0.024750 0.130565 0.092251 
0.003750 0.072414 0.073469 
0.004250 0.072375 0.072990 
0.044000 0.124706 0.021666 
0.005250 0.072267 0.071670 
-0.060250 0.157516 0.029363 
0.011750 0.096896 0.071076 
0.001500 0.135346 0.089985 
0.007250 0.072159 0.070351 
-0.012000 0.162840 0.042933 
0.043750 0.104869 0.039052 
0.008750 0.072002 0.068432 
0.009250 0.071953 0.067832 
0.007500 0.123129 0.051328 
0.010250 0.071914 0.067352 
0.060000 0.094951 0.029118 
0.030250 0.119154 0.040973 
0.011750 0.071874 0.066873 
0.012250 0.071855 0.066633 
0.012750 0.071835 0.066393 
0.013250 0.071816 0.066153 
0.013750 0.071796 0.065913 
-0.064750 0.176554 0.028689 
0.014750 0.071737 0.065193 
0.015250 0.071688 0.064594 
0.015750 0.071629 0.063874 
-0.024750 0.105744 0.082809 
0.016750 0.071512 0.062435 
0.017250 0.071473 0.061955 
0.017750 0.071443 0.061595 
0.018250 0.071404 0.061115 
0.018750 0.071365 0.060636 
0.019250 0.071325 0.060156 
0.019750 0.071276 0.059556 
0.020250 0.071227 0.058957 
-0.013750 0.127942 0.099387 
0.021250 0.070982 0.055958 
-0.038500 0.135090 0.077769 
0.022250 0.070806 0.053799 
0.022750 0.070776 0.053439 
0.032500 0.106139 0.048207 
-0.010750 0.104418 0.083528 
0.024250 0.070737 0.052960 
-0.054500 0.149782 0.037373 
0.056250 0.113486 0.014283 
0.025750 0.070757 0.053199 
0.026250 0.070776 0.053439 
-0.045250 0.149361 0.049603 
0.044000 0.102716 0.038668 
0.027750 0.070816 0.053919 
0.028250 0.070825 0.054039 
-0.055750 0.153365 0.037240 
0.029250 0.070845 0.054279 
0.029750 0.070855 0.054399 
0.030250 0.070865 0.054519 
-0.009750 0.136109 0.097572 
-0.011000 0.170016 0.035301 
-0.025000 0.128517 0.092931 
0.032250 0.070923 0.055238 
0.000250 0.142838 0.084114 
-0.021000 0.155933 0.078118 
-0.011250 0.118528 0.100066 
-0.000500 0.125839 0.096443 
-0.032750 0.104241 0.080056 
0.035250 0.070992 0.056078 
0.035750 0.070992 0.056078 
-0.034750 0.101497 0.079817 
0.019750 0.113953 0.050007 
0.037250 0.071012 0.056318 
-0.005000 0.135422 0.097232 
0.038250 0.071012 0.056318 
0.056750 0.101426 0.029638 
0.006000 0.112495 0.065329 
0.021250 0.113895 0.048571 
-0.011500 0.155895 0.072125 
0.021000 0.129205 0.025216 
0.041250 0.070963 0.055718 
0.041750 0.070953 0.055598 
0.039750 0.126888 0.021790 
-0.042000 0.096116 0.069519 
0.043250 0.070874 0.054639 
0.043750 0.070835 0.054159 
0.044250 0.070757 0.053199 
0.044750 0.070747 0.053080 
0.045250 0.070718 0.052720 
0.045750 0.070698 0.052480 
0.046250 0.070688 0.052360 
0.046750 0.070678 0.052240 
0.041000 0.113984 0.037029 
0.047750 0.070649 0.051880 
0.048250 0.070620 0.051520 
0.043250 0.121320 0.026750 
0.062000 0.098900 0.023911 
-0.035250 0.124951 0.086750 
-0.040000 0.125445 0.080407 
0.050750 0.070551 0.050681 
-0.032250 0.105578 0.079457 
0.051750 0.070502 0.050081 
-0.036250 0.139971 0.078725 
0.052750 0.070443 0.049361 
-0.067500 0.177284 0.027926 
0.053750 0.070374 0.048522 
-0.052750 0.156280 0.039520 
-0.044250 0.125787 0.068798 
-0.032500 0.153172 0.080157 
0.055750 0.069986 0.043971 
0.034000 0.104612 0.046299 
0.056750 0.069844 0.042321 
0.055750 0.110876 0.019486 
-0.012500 0.109355 0.087237 
-0.010000 0.121868 0.099954 
0.058750 0.069670 0.040289 
-0.029500 0.102325 0.082571 
0.040500 0.100155 0.042862 
0.060250 0.069518 0.038511 
-0.013750 0.114460 0.098254 
0.061250 0.069354 0.036606 
-0.035750 0.119464 0.085436 
0.062250 0.068995 0.032416 
-0.015000 0.113771 0.097687 
-0.008250 0.122514 0.098935 
0.063750 0.068668 0.028606 
0.064250 0.068352 0.024923 
0.000000 0.098115 0.080417 
0.065250 0.068298 0.024288 
0.065750 0.067285 0.012478 
0.066250 0.067242 0.011970 
0.066750 0.067176 0.011208 
0.067250 0.066795 0.006764 
0.060750 0.094289 0.029880 
-0.014250 0.125229 0.100181 
-0.046250 0.163636 0.047881 
0.069250 0.065184 -0.011261 
-0.065000 0.171465 0.034156 
0.022500 0.123919 0.036402 
-0.036250 0.097357 0.079100 
-0.009250 0.141558 0.094287 
0.008750 0.102375 0.070477 
0.072250 0.064810 -0.015441 
0.013250 0.096820 0.069759 
-0.040500 0.071580 0.054760 
-0.041500 0.122626 0.078374 
-0.039500 0.071861 0.058238 
-0.012750 0.140195 0.095419 
-0.038500 0.071861 0.058238 
-0.012750 0.163562 0.042804 
0.005250 0.097199 0.076346 
-0.037000 0.072484 0.065914 
0.000000 0.140818 0.086989 
-0.036000 0.072610 0.067473 
0.023500 0.113170 0.048084 
0.052750 0.098819 0.033449 
-0.037250 0.100019 0.077782 
-0.024750 0.111193 0.082807 
-0.039500 0.115823 0.079334 
-0.033000 0.072892 0.070951 
-0.032500 0.072931 0.071431 
-0.067250 0.173639 0.031613 
-0.031500 0.073009 0.072390 
-0.031000 0.073038 0.072750 
0.023750 0.101662 0.056826 
-0.032250 0.149751 0.084232 
-0.029500 0.073135 0.073949 
-0.039750 0.094342 0.074430 
-0.048500 0.160035 0.048863 
-0.028000 0.073193 0.074669 
-0.027500 0.073213 0.074909 
-0.004250 0.098946 0.083052 
-0.030750 0.137317 0.084474 
-0.026000 0.073261 0.075508 
-0.025500 0.073281 0.075748 
-0.025000 0.073310 0.076108 
-0.045500 0.152905 0.048757 
-0.044000 0.157190 0.052465 
-0.023500 0.073407 0.077307 
-0.023000 0.073427 0.077547 
-0.022500 0.073456 0.077907 
-0.022000 0.073465 0.078027 
-0.003000 0.108922 0.077899 
-0.064250 0.154543 0.025305 
-0.070250 0.164611 0.012722 
-0.020000 0.073533 0.078866 
-0.019500 0.073563 0.079226 
0.033000 0.126501 0.029666 
-0.018500 0.073582 0.079466 
0.058000 0.096505 0.030902 
-0.019750 0.107118 0.083048 
-0.017000 0.073611 0.079826 
-0.043000 0.164347 0.047117 
0.033500 0.119744 0.038560 
-0.013000 0.150469 0.086749 
-0.015000 0.073641 0.080186 
-0.014500 0.073650 0.080306 
-0.001250 0.106858 0.077660 
-0.013500 0.073660 0.080426 
-0.013000 0.073660 0.080426 
-0.012500 0.073660 0.080426 
-0.012000 0.073660 0.080426 
-0.010250 0.170733 0.033904 
-0.011000 0.073660 0.080426 
-0.007500 0.175807 0.025645 
0.032000 0.103384 0.049403 
-0.009500 0.073650 0.080306 
0.009000 0.125265 0.034367 
-0.008500 0.073631 0.080066 
-0.003750 0.130664 0.098933 
-0.007500 0.073611 0.079826 
0.018250 0.120644 0.042499 
0.045500 0.097623 0.047185 
-0.006000 0.073563 0.079226 
-0.005500 0.073543 0.078986 
-0.005000 0.073524 0.078746 
-0.004500 0.073514 0.078627 
-0.004000 0.073495 0.078387 
-0.003500 0.073485 0.078267 
-0.008500 0.177274 0.024500 
0.038250 0.116182 0.038302 
-0.024250 0.149784 0.087108 
0.050250 0.102969 0.031420 
-0.001000 0.073407 0.077307 
-0.039000 0.107263 0.071793 
0.000000 0.073359 0.076708 
0.000500 0.073339 0.076468 
0.001000 0.073329 0.076348 
-0.037750 0.097267 0.077543 
0.002000 0.073281 0.075748 
-0.049500 0.154230 0.043966 
0.003000 0.073242 0.075268 
0.027250 0.115140 0.045417 
-0.001500 0.104876 0.079098 
0.046500 0.094989 0.050117 
0.001500 0.107411 0.074906 
0.005500 0.072979 0.072030 
0.006000 0.072950 0.071670 
0.006500 0.072921 0.071311 
0.051250 0.096663 0.043495 
0.007500 0.072892 0.070951 
-0.029250 0.118218 0.088630 
0.008500 0.072824 0.070111 
0.009000 0.072804 0.069871 
0.034000 0.093855 0.054668 
0.010000 0.072629 0.067713 
0.043000 0.093791 0.053590 
0.011000 0.072610 0.067473 
0.011500 0.072581 0.067113 
-0.013750 0.134744 0.097686 
0.012500 0.072542 0.066633 
-0.007750 0.185414 0.010910 
0.013500 0.072503 0.066153 
-0.031500 0.132541 0.086870 
0.007750 0.101151 0.073351 
0.015000 0.072416 0.065074 
-0.020500 0.125872 0.098142 
0.045500 0.099801 0.037520 
0.016500 0.072231 0.062795 
0.024750 0.128592 0.027884 
-0.014250 0.166438 0.040893 
-0.037000 0.118726 0.083881 
0.018500 0.072085 0.060996 
0.019000 0.072046 0.060517 
0.030500 0.102107 0.051917 
0.053000 0.097186 0.040824 
0.020500 0.071891 0.058598 
0.021000 0.071813 0.057638 
0.021500 0.071667 0.055839 
0.022000 0.071560 0.054520 
0.046000 0.093684 0.051793 
-0.069000 0.178748 0.026020 
0.023500 0.071463 0.053321 
0.029000 0.129216 0.025470 
0.024500 0.071453 0.053201 
0.000000 0.148934 0.073569 
-0.057250 0.173645 0.032629 
0.033250 0.123138 0.035006 
0.026500 0.071492 0.053680 
-0.010000 0.157115 0.045484 
0.027500 0.071521 0.054040 
0.028000 0.071531 0.054160 
-0.003000 0.110792 0.089313 
0.029000 0.071550 0.054400 
-0.040250 0.134356 0.076094 
0.030000 0.071570 0.054640 
0.030500 0.071589 0.054880 
0.031000 0.071599 0.055000 
0.031500 0.071609 0.055120 
0.042500 0.119416 0.031827 
0.032500 0.071638 0.055479 
0.033000 0.071648 0.055599 
-0.032000 0.095527 0.082814 
-0.023500 0.124458 0.095763 
0.034500 0.071686 0.056079 
0.035000 0.071696 0.056199 
-0.006500 0.180213 0.019166 
-0.042250 0.106308 0.066286 
0.036500 0.071716 0.056439 
0.055250 0.112223 0.017711 
-0.021750 0.136064 0.093042 
0.038000 0.071725 0.056559 
-0.017500 0.170009 0.034540 
0.039000 0.071716 0.056439 
0.039500 0.071706 0.056319 
0.040000 0.071696 0.056199 
0.013500 0.100113 0.066885 
-0.002250 0.097543 0.082334 
0.047750 0.115668 0.028391 
0.042000 0.071657 0.055719 
0.042500 0.071638 0.055479 
0.043000 0.071599 0.055000 
-0.010750 0.103063 0.083649 
0.014000 0.102817 0.065687 
-0.002750 0.121118 0.096556 
-0.043250 0.103546 0.066406 
0.045500 0.071434 0.052961 
0.046000 0.071405 0.052601 
0.046500 0.071395 0.052481 
0.016250 0.097837 0.063292 
-0.050000 0.157158 0.047642 
0.042750 0.107737 0.039564 
0.048500 0.071327 0.051642 
0.049000 0.071317 0.051522 
-0.049000 0.148482 0.042454 
0.050000 0.071288 0.051162 
-0.012250 0.163557 0.042423 
0.051000 0.071259 0.050802 
0.044000 0.104144 0.038797 
0.052000 0.071210 0.050202 
0.052500 0.071191 0.049962 
-0.005000 0.128630 0.099727 
0.053500 0.071113 0.049003 
0.054000 0.071084 0.048643 
-0.011000 0.106460 0.083527 
0.055000 0.070969 0.047274 
0.055500 0.070915 0.046639 
0.056000 0.070698 0.044099 
-0.018000 0.102414 0.084248 
-0.034500 0.135192 0.082200 
0.057500 0.070459 0.041305 
0.058000 0.070437 0.041051 
0.004000 0.105997 0.074069 
-0.023750 0.149785 0.087228 
0.059500 0.070340 0.039908 
0.060000 0.070275 0.039146 
0.060500 0.070210 0.038384 
-0.038500 0.139178 0.073695 
0.065000 0.093022 0.022118 
0.010250 0.116999 0.056233 
0.062500 0.069721 0.032669 
0.063000 0.069678 0.032161 
-0.059750 0.157531 0.030124 
0.064000 0.069168 0.026192 
0.002500 0.131221 0.090099 
0.065000 0.069082 0.025176 
0.065500 0.069038 0.024668 
-0.005500 0.106302 0.080295 
-0.008500 0.156979 0.038630 
0.067000 0.067856 0.010825 
-0.039750 0.103882 0.072991 
-0.012500 0.172908 0.031615 
-0.035250 0.104150 0.078260 
0.069000 0.065864 -0.011801 
-0.012000 0.105099 0.083528 
-0.034000 0.133848 0.083876 
0.070500 0.065732 -0.013285 
0.000250 0.094745 0.081137 
-0.015000 0.132696 0.097800 
-0.036250 0.151085 0.079439 
0.015000 0.122648 0.039961 
-0.041250 0.072275 0.054761 
-0.026250 0.122381 0.093045 
0.030750 0.095843 0.052752 
-0.027250 0.104369 0.082570 
-0.039250 0.072593 0.058718 
-0.009000 0.175811 0.026533 
-0.038250 0.072805 0.061357 
-0.052000 0.152771 0.042573 
-0.037250 0.073239 0.066754 
-0.036750 0.073287 0.067353 
-0.036250 0.073345 0.068073 
-0.035750 0.073383 0.068553 
-0.032500 0.146302 0.084712 
-0.034750 0.073470 0.069632 
-0.034250 0.073518 0.070231 
0.009000 0.124160 0.041736 
-0.031500 0.143545 0.085072 
-0.007000 0.181691 0.017387 
-0.032250 0.073663 0.072030 
0.027750 0.101512 0.053952 
-0.065750 0.161776 0.021358 
-0.030750 0.073769 0.073350 
0.030000 0.092484 0.055146 
-0.009500 0.109464 0.089993 
-0.015000 0.123218 0.100521 
0.061500 0.096112 0.025177 
0.012000 0.102885 0.067004 
-0.027750 0.073904 0.075029 
-0.011000 0.120537 0.100180 
-0.026750 0.073933 0.075388 
0.035500 0.125080 0.030176 
-0.025750 0.073991 0.076108 
-0.025250 0.074019 0.076468 
-0.024750 0.074058 0.076948 
0.001250 0.137392 0.088060 
-0.007500 0.097007 0.084849 
-0.023250 0.074145 0.078027 
-0.022750 0.074164 0.078267 
-0.047500 0.147064 0.042837 
-0.018250 0.151156 0.086509 
-0.005500 0.127266 0.099727 
0.000500 0.138085 0.088513 
0.035750 0.120350 0.036402 
-0.006750 0.096327 0.084849 
-0.019250 0.074280 0.079706 
-0.032250 0.151122 0.083154 
-0.018250 0.074309 0.080066 
-0.019500 0.127238 0.098141 
-0.017250 0.074328 0.080305 
-0.016750 0.074328 0.080305 
-0.016250 0.074337 0.080425 
0.031500 0.108902 0.047319 
-0.015250 0.074357 0.080665 
-0.014750 0.074357 0.080665 
0.040750 0.126835 0.020520 
-0.013750 0.074367 0.080785 
-0.013250 0.074376 0.080905 
-0.050750 0.159295 0.047257 
-0.012250 0.074376 0.080905 
-0.011750 0.074376 0.080905 
0.012750 0.125940 0.033350 
-0.010750 0.074376 0.080905 
-0.010250 0.074367 0.080785 
-0.009750 0.074367 0.080785 
-0.030500 0.100963 0.082572 
-0.008750 0.074357 0.080665 
-0.008250 0.074337 0.080425 
-0.007500 0.151798 0.081476 
-0.007250 0.074309 0.080066 
-0.006750 0.074299 0.079946 
-0.027000 0.121684 0.092026 
0.049750 0.107134 0.029393 
-0.005250 0.074241 0.079226 
-0.004750 0.074231 0.079106 
-0.003000 0.121789 0.096556 
-0.014750 0.095011 0.085569 
-0.003250 0.074183 0.078506 
-0.027500 0.136668 0.086390 
0.043250 0.104900 0.039561 
-0.001750 0.074154 0.078147 
0.029250 0.120503 0.039577 
-0.012750 0.129304 0.099273 
0.014250 0.124603 0.035639 
-0.011250 0.104424 0.083648 
-0.014750 0.105780 0.083528 
-0.015500 0.101073 0.084608 
0.013250 0.102169 0.066525 
0.016500 0.109337 0.056709 
0.002750 0.073971 0.075868 
0.003250 0.073952 0.075628 
0.003750 0.073933 0.075388 
0.032250 0.105452 0.048566 
0.004750 0.073827 0.074069 
0.018000 0.111972 0.052999 
0.005750 0.073711 0.072630 
0.006250 0.073663 0.072030 
0.006750 0.073653 0.071911 
0.007250 0.073634 0.071671 
0.007750 0.073605 0.071311 
-0.003250 0.166036 0.007771 
0.046000 0.117810 0.028268 
0.009250 0.073537 0.070471 
0.052750 0.092618 0.046164 
0.010250 0.073422 0.069032 
0.010750 0.073325 0.067833 
-0.042500 0.150113 0.053556 
0.011750 0.073268 0.067113 
0.012250 0.073248 0.066873 
0.012750 0.073229 0.066634 
0.013250 0.073200 0.066274 
-0.014000 0.151832 0.085071 
0.014250 0.073162 0.065794 
-0.014000 0.105105 0.083648 
-0.008500 0.134070 0.098478 
0.024250 0.125956 0.033731 
0.016250 0.072998 0.063755 
0.016750 0.072930 0.062916 
0.020250 0.117968 0.045546 
0.017750 0.072834 0.061717 
-0.019500 0.140869 0.093721 
0.011250 0.112938 0.059344 
0.011000 0.097605 0.071435 
0.019750 0.072680 0.059798 
0.020250 0.072631 0.059198 
-0.010250 0.126586 0.099841 
-0.062000 0.161136 0.027325 
0.021750 0.072313 0.055241 
0.022250 0.072227 0.054161 
-0.062500 0.150976 0.027469 
0.023250 0.072188 0.053682 
-0.016000 0.162870 0.044963 
0.046750 0.111653 0.033468 
0.024750 0.072178 0.053562 
-0.020750 0.097721 0.085448 
0.013750 0.115476 0.053000 
0.026250 0.072207 0.053921 
0.026750 0.072217 0.054041 
0.027250 0.072236 0.054281 
0.041250 0.102162 0.041084 
0.017750 0.114016 0.051563 
0.014000 0.123948 0.037037 
0.029250 0.072265 0.054641 
-0.041000 0.135015 0.074537 
0.030250 0.072294 0.055001 
0.030750 0.072304 0.055121 
0.000750 0.100137 0.079938 
0.031750 0.072333 0.055480 
-0.056000 0.171484 0.036567 
-0.003250 0.145647 0.087108 
-0.038250 0.134418 0.078728 
0.033750 0.072390 0.056200 
0.034250 0.072400 0.056320 
0.034750 0.072410 0.056440 
0.035250 0.072419 0.056560 
0.035750 0.072419 0.056560 
0.043000 0.105625 0.039816 
0.036750 0.072429 0.056680 
0.023250 0.120601 0.041610 
-0.023750 0.151152 0.086030 
0.038250 0.072429 0.056680 
0.038750 0.072429 0.056680 
0.035750 0.098371 0.047821 
0.039750 0.072419 0.056560 
0.040250 0.072400 0.056320 
0.004250 0.099973 0.076944 
0.041250 0.072381 0.056080 
0.041750 0.072371 0.055960 
0.042250 0.072361 0.055840 
0.042750 0.072333 0.055480 
0.021750 0.094913 0.060776 
0.043750 0.072255 0.054521 
0.044250 0.072227 0.054161 
0.044750 0.072207 0.053921 
0.045250 0.072178 0.053562 
0.045750 0.072159 0.053322 
-0.008750 0.104382 0.082810 
0.046750 0.072101 0.052602 
0.047250 0.072072 0.052242 
-0.027750 0.112551 0.082687 
0.048250 0.072043 0.051883 
-0.037750 0.142646 0.072735 
0.049250 0.072015 0.051523 
0.049750 0.071995 0.051283 
0.057000 0.099355 0.030779 
0.050750 0.071976 0.051043 
0.051250 0.071957 0.050803 
-0.032500 0.139371 0.083516 
0.052250 0.071918 0.050324 
-0.057000 0.155455 0.034317 
0.027000 0.118534 0.042751 
-0.016000 0.147726 0.089984 
0.054250 0.071793 0.048764 
-0.026250 0.125080 0.092592 
-0.068750 0.163171 0.015898 
0.055750 0.071636 0.046895 
0.056250 0.071431 0.044481 
0.030750 0.128529 0.026360 
0.037250 0.123004 0.032085 
0.057750 0.071161 0.041306 
-0.026250 0.142908 0.089079 
0.058750 0.071118 0.040798 
0.059250 0.071075 0.040290 
0.059750 0.071042 0.039909 
0.060250 0.070977 0.039147 
0.060750 0.070902 0.038258 
0.061000 0.108294 0.012236 
-0.033000 0.106220 0.078618 
-0.040000 0.136408 0.074536 
0.062750 0.070459 0.033050 
0.063250 0.070372 0.032034 
0.063750 0.070329 0.031526 
0.064250 0.069918 0.026700 
0.064750 0.069864 0.026065 
0.065250 0.069821 0.025557 
-0.014250 0.165003 0.042166 
-0.034750 0.157914 0.055820 
0.066750 0.068579 0.010950 
-0.014250 0.122550 0.100521 
-0.008000 0.154523 0.075362 
0.068250 0.066580 -0.011937 
-0.023750 0.138790 0.090778 
0.069250 0.066509 -0.012746 
0.069750 0.066462 -0.013286 
-0.024000 0.119080 0.095650 
0.070750 0.066343 -0.014634 
-0.062500 0.152439 0.028228 
0.071750 0.066225 -0.015983 
0.072250 0.066142 -0.016927 
-0.041500 0.073285 0.058719 
-0.041000 0.073304 0.058959 
0.022250 0.115200 0.046561 
-0.025000 0.144973 0.089192 
-0.045750 0.097830 0.063172 
-0.039000 0.073668 0.063516 
0.051500 0.097291 0.042351 
-0.038000 0.073907 0.066514 
-0.037500 0.073964 0.067234 
-0.036000 0.128355 0.085194 
-0.036500 0.074050 0.068313 
-0.058750 0.163516 0.039631 
0.001250 0.097384 0.079579 
0.060000 0.100479 0.026076 
0.017000 0.110660 0.055033 
-0.008000 0.124529 0.099275 
-0.012250 0.121211 0.100407 
-0.001250 0.109519 0.075984 
-0.032500 0.074356 0.072151 
-0.032000 0.074384 0.072510 
-0.031500 0.074423 0.072990 
-0.013500 0.128622 0.099274 
-0.030500 0.074489 0.073829 
0.046500 0.123260 0.021795 
-0.029500 0.074547 0.074549 
-0.014000 0.170023 0.036063 
0.033250 0.099856 0.049162 
-0.028000 0.074604 0.075268 
-0.027500 0.074623 0.075508 
0.023500 0.095539 0.059579 
0.058750 0.093197 0.034586 
-0.026000 0.074700 0.076468 
-0.007250 0.172163 0.029840 
-0.025000 0.074786 0.077547 
-0.068500 0.175824 0.029579 
-0.024000 0.074834 0.078147 
-0.027250 0.094960 0.084730 
-0.005500 0.129992 0.099613 
-0.022500 0.074881 0.078746 
-0.014250 0.115827 0.099160 
-0.005500 0.142236 0.092702 
-0.021000 0.074939 0.079466 
-0.013750 0.156599 0.073203 
0.009500 0.112348 0.061857 
-0.042500 0.139051 0.067228 
0.052500 0.102238 0.031165 
0.053500 0.114478 0.019368 
0.014250 0.106187 0.063772 
-0.042750 0.157901 0.052943 
-0.017000 0.075034 0.080665 
-0.039500 0.137781 0.073577 
-0.016000 0.075053 0.080905 
0.010750 0.112968 0.060062 
-0.004250 0.129308 0.099500 
-0.014500 0.075072 0.081145 
-0.026750 0.144283 0.088739 
-0.013500 0.075082 0.081265 
0.007750 0.105120 0.070237 
-0.012500 0.075082 0.081265 
-0.012500 0.149103 0.088400 
-0.011500 0.075082 0.081265 
-0.000250 0.131988 0.095988 
-0.006500 0.151789 0.080517 
-0.010000 0.075082 0.081265 
-0.031250 0.141467 0.084713 
-0.009000 0.075072 0.081145 
-0.008500 0.075063 0.081025 
-0.008000 0.075044 0.080785 
-0.057500 0.152604 0.035337 
0.060000 0.091069 0.034710 
0.066750 0.094591 0.013599 
-0.006000 0.074977 0.079945 
0.016250 0.112698 0.053598 
-0.005000 0.074948 0.079586 
-0.004500 0.074929 0.079346 
-0.004000 0.074920 0.079226 
-0.031750 0.138694 0.084234 
-0.030500 0.142166 0.085192 
0.010500 0.104286 0.067364 
-0.014000 0.174358 0.029328 
-0.001500 0.074853 0.078387 
-0.043250 0.132849 0.071425 
-0.000500 0.074824 0.078027 
0.000000 0.074814 0.077907 
-0.006000 0.161109 0.025675 
-0.009250 0.105744 0.082809 
-0.001000 0.129959 0.097461 
0.002000 0.074728 0.076827 
-0.013750 0.123881 0.100295 
0.016750 0.116741 0.049410 
0.067250 0.092943 0.010796 
0.004000 0.074633 0.075628 
-0.010000 0.146351 0.090664 
0.005000 0.074556 0.074669 
-0.035750 0.145561 0.081238 
-0.025000 0.116310 0.092820 
0.006500 0.074375 0.072390 
-0.024250 0.112633 0.084602 
0.044750 0.101957 0.037904 
0.029250 0.109668 0.048449 
0.008500 0.074298 0.071431 
0.019250 0.113973 0.050486 
0.009500 0.074241 0.070712 
-0.033250 0.135900 0.082918 
0.002250 0.130541 0.090665 
0.011000 0.074060 0.068433 
-0.007000 0.166867 0.015130 
-0.069000 0.180216 0.024114 
0.012500 0.073926 0.066754 
-0.032250 0.144230 0.084713 
0.013500 0.073887 0.066274 
-0.045500 0.120856 0.066766 
0.014500 0.073840 0.065675 
-0.038000 0.147585 0.077044 
0.015500 0.073782 0.064955 
0.016000 0.073744 0.064476 
0.038000 0.098972 0.046295 
0.017000 0.073610 0.062797 
0.017500 0.073553 0.062077 
-0.046000 0.165767 0.045210 
0.018500 0.073448 0.060758 
0.019000 0.073419 0.060398 
-0.035000 0.120173 0.086274 
0.020000 0.073352 0.059559 
-0.008250 0.159063 0.034437 
-0.057500 0.167158 0.040384 
-0.003250 0.167500 0.004506 
-0.050000 0.155639 0.043075 
0.055750 0.109454 0.019865 
0.023000 0.072913 0.054042 
-0.025750 0.144284 0.089079 
0.020250 0.104449 0.056707 
-0.003500 0.156694 0.024287 
-0.036250 0.105435 0.076583 
0.025500 0.072903 0.053923 
0.026000 0.072922 0.054162 
0.026500 0.072932 0.054282 
0.034500 0.104596 0.046045 
0.027500 0.072951 0.054522 
0.030250 0.113715 0.045162 
-0.066250 0.163240 0.020594 
-0.037000 0.099368 0.078381 
0.029500 0.072989 0.055002 
0.030000 0.072999 0.055122 
-0.055750 0.150496 0.037245 
-0.047000 0.151483 0.048640 
-0.031750 0.108272 0.078618 
0.032000 0.073056 0.055841 
-0.003250 0.149709 0.080518 
0.033000 0.073085 0.056201 
-0.014000 0.121881 0.100520 
-0.015250 0.117185 0.099839 
0.034500 0.073123 0.056681 
0.035000 0.073133 0.056801 
0.035500 0.073142 0.056920 
-0.006000 0.129993 0.099726 
-0.023000 0.124465 0.096103 
0.046000 0.111005 0.034610 
0.037500 0.073142 0.056920 
0.038000 0.073142 0.056920 
-0.010500 0.129993 0.099726 
0.039000 0.073123 0.056681 
-0.005250 0.097646 0.084130 
0.040000 0.073113 0.056561 
-0.029000 0.127100 0.090439 
0.041000 0.073094 0.056321 
0.051500 0.111849 0.024064 
0.042000 0.073066 0.055961 
0.042500 0.073056 0.055841 
-0.017750 0.126573 0.099161 
-0.031500 0.124327 0.089306 
-0.014000 0.154555 0.079677 
0.044500 0.072941 0.054402 
-0.008000 0.138149 0.096326 
-0.054000 0.155538 0.038252 
0.046000 0.072874 0.053563 
-0.029000 0.104991 0.081373 
-0.016500 0.102414 0.084248 
0.047500 0.072769 0.052244 
0.048000 0.072750 0.052004 
0.048500 0.072722 0.051644 
0.049000 0.072712 0.051524 
0.049500 0.072702 0.051404 
0.050000 0.072693 0.051284 
-0.013000 0.134066 0.098139 
0.038000 0.101676 0.044517 
0.051500 0.072645 0.050685 
0.052000 0.072626 0.050445 
0.052500 0.072607 0.050205 
0.002500 0.108695 0.072991 
-0.064000 0.175824 0.029579 
-0.009750 0.176544 0.026024 
-0.003750 0.123831 0.097916 
0.010250 0.114321 0.059104 
0.055500 0.072380 0.047404 
0.056000 0.072315 0.046642 
-0.069250 0.172066 0.016516 
0.005750 0.103924 0.073829 
-0.045500 0.123642 0.067364 
0.058000 0.071885 0.041561 
0.004500 0.124378 0.091799 
0.059000 0.071809 0.040672 
0.059500 0.071777 0.040291 
0.060000 0.071723 0.039656 
0.060500 0.071669 0.039021 
-0.043250 0.120409 0.073707 
-0.002250 0.122460 0.096556 
0.062000 0.071217 0.033686 
-0.000750 0.140159 0.089758 
0.063000 0.071174 0.033177 
0.063500 0.071088 0.032161 
0.064000 0.070690 0.027461 
-0.064250 0.155980 0.024796 
-0.013250 0.172185 0.032886 
0.057000 0.104684 0.024431 
-0.003000 0.116383 0.095311 
-0.029250 0.112530 0.082208 
0.067000 0.069237 0.010313 
0.067500 0.069205 0.009932 
0.068000 0.067250 -0.012613 
-0.067000 0.178747 0.025766 
0.023500 0.118591 0.043895 
0.008500 0.094993 0.073831 
0.070000 0.067097 -0.014366 
0.070500 0.067015 -0.015309 
0.071000 0.066968 -0.015849 
0.015250 0.104740 0.062574 
0.072000 0.066839 -0.017332 
-0.042250 0.073968 0.058600 
-0.005000 0.153135 0.075843 
-0.000500 0.113610 0.092707 
0.036000 0.118312 0.038305 
0.052500 0.099507 0.033068 
-0.039750 0.074433 0.064476 
-0.038250 0.144008 0.070577 
0.011500 0.104262 0.066885 
-0.038250 0.074594 0.066515 
0.019750 0.120644 0.042499 
-0.037250 0.074726 0.068194 
0.013500 0.113516 0.056471 
-0.001250 0.146953 0.081717 
-0.012250 0.122547 0.100407 
-0.033250 0.152484 0.080757 
-0.034750 0.074897 0.070352 
-0.034250 0.074935 0.070832 
-0.033750 0.074963 0.071191 
-0.065500 0.171462 0.033776 
-0.032750 0.075048 0.072271 
-0.044500 0.130644 0.067237 
-0.031750 0.075105 0.072990 
-0.025500 0.107742 0.081851 
-0.030750 0.075172 0.073830 
-0.030250 0.075210 0.074309 
-0.029750 0.075238 0.074669 
-0.038750 0.153690 0.058104 
0.049000 0.120307 0.020524 
-0.028250 0.075304 0.075508 
-0.027750 0.075333 0.075868 
-0.027250 0.075361 0.076228 
-0.032250 0.156507 0.057021 
-0.002500 0.135409 0.095987 
-0.070000 0.160926 0.014506 
-0.025250 0.075494 0.077907 
-0.024750 0.075513 0.078147 
-0.034750 0.131799 0.084834 
-0.023750 0.075560 0.078746 
0.046000 0.106807 0.035876 
-0.022750 0.075589 0.079106 
-0.022250 0.075608 0.079346 
-0.021750 0.075617 0.079466 
-0.031000 0.138008 0.084474 
-0.020750 0.075645 0.079825 
0.050000 0.102303 0.032182 
-0.019750 0.075683 0.080305 
0.034250 0.120405 0.037545 
-0.011250 0.105780 0.083528 
0.057750 0.092060 0.038529 
0.002750 0.096018 0.079580 
-0.017250 0.075740 0.081024 
-0.016750 0.075750 0.081144 
-0.056750 0.167882 0.040256 
-0.015750 0.075769 0.081384 
-0.012250 0.132027 0.098819 
-0.014750 0.075769 0.081384 
-0.057750 0.161981 0.034431 
0.005250 0.125018 0.089420 
0.029500 0.096585 0.053471 
-0.023000 0.136738 0.091797 
-0.012250 0.075797 0.081744 
0.045250 0.125288 0.018363 
-0.011250 0.075787 0.081624 
-0.010750 0.075787 0.081624 
-0.010250 0.075787 0.081624 
-0.009750 0.075787 0.081624 
0.060250 0.111712 0.008306 
-0.018500 0.157185 0.051506 
-0.008250 0.075759 0.081264 
-0.007750 0.075750 0.081144 
-0.038500 0.141932 0.071777 
-0.053000 0.148321 0.036360 
-0.002000 0.095519 0.082694 
0.015750 0.112708 0.053837 
-0.042500 0.101566 0.068202 
-0.066250 0.172186 0.033012 
0.056250 0.092293 0.041710 
-0.003750 0.075626 0.079586 
0.015000 0.108029 0.058624 
-0.002750 0.075598 0.079226 
-0.002250 0.075589 0.079106 
-0.001750 0.075570 0.078866 
-0.013500 0.157177 0.049948 
-0.008500 0.165652 0.036199 
-0.041500 0.112440 0.064012 
-0.011500 0.116499 0.099273 
-0.052000 0.170050 0.039108 
0.001250 0.075475 0.077667 
-0.042000 0.143137 0.060037 
-0.029750 0.141484 0.085671 
0.002750 0.075409 0.076827 
0.039750 0.099541 0.044261 
0.045500 0.124583 0.018872 
0.004250 0.075333 0.075868 
0.004750 0.075304 0.075508 
-0.010500 0.099700 0.084369 
0.005750 0.075219 0.074429 
0.006250 0.075143 0.073470 
0.006750 0.075077 0.072630 
0.007250 0.075058 0.072391 
0.007750 0.075029 0.072031 
0.008250 0.075011 0.071791 
-0.034500 0.110232 0.076582 
-0.051750 0.169333 0.040125 
-0.059500 0.171482 0.036313 
0.010250 0.102306 0.069160 
0.010750 0.074878 0.070112 
-0.019500 0.167114 0.036577 
-0.028000 0.135305 0.087109 
0.012250 0.074641 0.067114 
0.012750 0.074613 0.066754 
-0.019000 0.102420 0.084367 
-0.012500 0.159999 0.046240 
0.012500 0.106932 0.064849 
0.014750 0.074527 0.065675 
0.015250 0.074489 0.065196 
-0.022750 0.138799 0.091910 
0.016250 0.074423 0.064356 
0.059750 0.099811 0.026837 
0.017250 0.074319 0.063037 
0.017750 0.074215 0.061718 
0.018250 0.074148 0.060879 
0.043500 0.106998 0.039054 
-0.007000 0.123173 0.098482 
-0.001250 0.148269 0.076205 
-0.060750 0.160430 0.028976 
-0.036500 0.120126 0.084957 
0.006250 0.117104 0.058986 
-0.017000 0.135414 0.096440 
0.022250 0.073684 0.055003 
0.022750 0.073637 0.054403 
0.023250 0.073627 0.054283 
-0.019500 0.109161 0.083047 
0.024250 0.073608 0.054044 
0.034250 0.099811 0.048324 
0.041750 0.107798 0.040581 
-0.002500 0.110796 0.089426 
0.059250 0.111815 0.010212 
0.026750 0.073656 0.054643 
-0.062250 0.158922 0.026695 
-0.006250 0.100327 0.083410 
0.028250 0.073684 0.055003 
0.018000 0.098437 0.061615 
0.029250 0.073703 0.055243 
-0.069000 0.165387 0.015386 
0.040000 0.124907 0.026238 
-0.031000 0.102288 0.081853 
0.031250 0.105487 0.049285 
0.031750 0.073770 0.056082 
0.012000 0.112241 0.059343 
0.032750 0.073798 0.056442 
0.033250 0.073817 0.056682 
0.033750 0.073826 0.056802 
-0.035750 0.100104 0.079339 
0.034750 0.073855 0.057161 
0.035250 0.073855 0.057161 
0.035750 0.073864 0.057281 
0.036250 0.073864 0.057281 
-0.027250 0.152510 0.083633 
0.037250 0.073874 0.057401 
0.037750 0.073855 0.057161 
0.034250 0.123114 0.034498 
0.038750 0.073836 0.056921 
0.039250 0.073836 0.056921 
-0.009500 0.124536 0.099615 
-0.069250 0.158731 0.016160 
0.040750 0.073807 0.056562 
0.019250 0.103132 0.058263 
0.041750 0.073779 0.056202 
0.042250 0.073770 0.056082 
0.042750 0.073751 0.055842 
0.043250 0.073722 0.055482 
0.043750 0.073694 0.055123 
0.055000 0.098054 0.032685 
0.044750 0.073656 0.054643 
-0.025500 0.131238 0.091345 
0.045750 0.073608 0.054044 
0.046250 0.073589 0.053804 
0.046750 0.073552 0.053324 
-0.066500 0.161019 0.020217 
0.047750 0.073476 0.052365 
0.050750 0.122105 0.012397 
0.048750 0.073409 0.051525 
-0.023000 0.121800 0.097009 
0.049750 0.073390 0.051285 
0.050250 0.073381 0.051165 
0.038250 0.125636 0.026364 
-0.043000 0.152940 0.052832 
0.018500 0.123925 0.036529 
0.052250 0.073305 0.050206 
0.052750 0.073296 0.050086 
0.053250 0.073267 0.049727 
0.053750 0.073239 0.049367 
0.054250 0.073211 0.049007 
0.054750 0.073173 0.048527 
-0.014250 0.123884 0.100408 
-0.048750 0.156459 0.048631 
0.056250 0.073005 0.046516 
0.056750 0.072908 0.045373 
0.057250 0.072597 0.041689 
-0.042000 0.107006 0.066406 
0.058250 0.072587 0.041562 
0.058750 0.072544 0.041054 
0.059250 0.072501 0.040545 
0.059750 0.072458 0.040037 
0.060250 0.072426 0.039656 
0.037250 0.128319 0.021280 
0.061250 0.072286 0.038005 
0.061750 0.072179 0.036734 
0.062250 0.071943 0.033940 
-0.046500 0.157181 0.050667 
-0.000750 0.126540 0.097349 
0.063750 0.071836 0.032669 
-0.024500 0.150467 0.086509 
-0.040750 0.121986 0.079691 
-0.008000 0.128635 0.100066 
-0.007250 0.156244 0.037743 
0.066250 0.069981 0.010692 
0.066750 0.069960 0.010438 
-0.015500 0.139512 0.095646 
-0.037500 0.095206 0.077424 
0.001500 0.128536 0.094063 
0.004500 0.116233 0.090216 
0.069250 0.067804 -0.014636 
-0.044500 0.120989 0.070595 
-0.036500 0.095285 0.078741 
0.000250 0.104156 0.078379 
-0.037250 0.135803 0.078607 
0.071750 0.067502 -0.018142 
0.065750 0.096068 0.013984 
-0.025750 0.153879 0.081835 
-0.012750 0.147038 0.090324 
-0.009500 0.181691 0.017260 
-0.064250 0.175097 0.030595 
-0.040500 0.075065 0.063757 
-0.040000 0.075159 0.064956 
0.036500 0.122372 0.033991 
-0.039000 0.075272 0.066395 
-0.023500 0.149103 0.087827 
-0.038000 0.075384 0.067834 
0.031250 0.094484 0.053470 
0.040250 0.120185 0.032972 
-0.036500 0.075478 0.069033 
0.002250 0.118366 0.094065 
0.013250 0.119562 0.049651 
-0.035000 0.075572 0.070232 
-0.034500 0.075610 0.070712 
-0.006500 0.142238 0.093154 
-0.033500 0.075685 0.071671 
-0.020500 0.131296 0.095422 
-0.032500 0.075769 0.072751 
-0.004500 0.149047 0.083154 
-0.031500 0.075826 0.073470 
-0.031000 0.075863 0.073950 
-0.030500 0.075901 0.074429 
0.003250 0.130053 0.071308 
0.011000 0.098949 0.070836 
-0.029000 0.076004 0.075748 
0.000250 0.102832 0.079218 
-0.055500 0.158364 0.036089 
-0.040750 0.126099 0.079091 
-0.027000 0.076126 0.077307 
-0.010250 0.153858 0.079198 
-0.055250 0.154794 0.036984 
-0.025500 0.076201 0.078266 
-0.025000 0.076220 0.078506 
-0.012750 0.162135 0.044204 
-0.004000 0.143600 0.090211 
0.007000 0.100528 0.074548 
-0.023000 0.076286 0.079346 
0.002000 0.129875 0.092024 
-0.022000 0.076323 0.079825 
0.040750 0.110603 0.040075 
-0.021000 0.076361 0.080305 
0.011000 0.120356 0.052285 
-0.046000 0.123600 0.066048 
-0.024500 0.135347 0.090099 
-0.019000 0.076417 0.081024 
-0.018500 0.076427 0.081144 
0.039000 0.109989 0.041727 
-0.017500 0.076436 0.081264 
-0.017000 0.076445 0.081384 
0.027500 0.109024 0.049765 
-0.016000 0.076464 0.081624 
-0.023000 0.120461 0.097122 
-0.040000 0.154384 0.056425 
-0.008750 0.122519 0.099161 
-0.014000 0.076483 0.081864 
-0.013500 0.076483 0.081864 
0.039750 0.098354 0.047567 
-0.012500 0.076492 0.081983 
-0.044250 0.118926 0.070715 
-0.011500 0.076492 0.081983 
-0.011000 0.076492 0.081983 
-0.010500 0.076492 0.081983 
-0.010000 0.076492 0.081983 
-0.009500 0.076483 0.081864 
-0.039000 0.137799 0.074415 
0.016000 0.122636 0.039707 
-0.020000 0.109155 0.082928 
-0.034750 0.134508 0.082559 
-0.007000 0.076436 0.081264 
-0.006500 0.076417 0.081024 
-0.006000 0.076398 0.080784 
-0.034500 0.158616 0.054501 
0.018250 0.103168 0.058982 
0.010000 0.123007 0.047709 
-0.004000 0.076342 0.080065 
-0.003500 0.076323 0.079825 
-0.060250 0.154652 0.030383 
-0.009500 0.158502 0.043451 
-0.002000 0.076286 0.079346 
-0.003500 0.161046 0.021867 
0.002250 0.123762 0.094631 
-0.000500 0.076239 0.078746 
0.025750 0.107017 0.051919 
0.000500 0.076201 0.078266 
0.001000 0.076182 0.078027 
-0.006500 0.113639 0.093613 
0.002000 0.076136 0.077427 
-0.039000 0.157205 0.055462 
-0.029750 0.122310 0.089874 
0.028250 0.095905 0.053830 
0.004000 0.076051 0.076348 
-0.030500 0.133911 0.086510 
-0.011000 0.159968 0.044463 
0.005500 0.075957 0.075149 
-0.009000 0.103707 0.082930 
0.006500 0.075873 0.074069 
-0.067500 0.163949 0.018562 
-0.008000 0.172894 0.029585 
0.064000 0.091683 0.023514 
-0.015250 0.107141 0.083527 
0.009000 0.075685 0.071671 
0.009500 0.075657 0.071312 
0.014750 0.119448 0.046945 
0.007500 0.096395 0.074310 
0.066250 0.096042 0.013602 
-0.049500 0.168618 0.041142 
0.012000 0.075450 0.068674 
-0.057500 0.155445 0.033809 
0.013000 0.075281 0.066515 
-0.009500 0.113738 0.096669 
-0.029500 0.131204 0.088966 
0.014500 0.075225 0.065796 
0.050250 0.119549 0.019760 
0.015500 0.075168 0.065076 
0.016000 0.075140 0.064717 
0.016500 0.075112 0.064357 
0.017000 0.075074 0.063877 
0.017500 0.075018 0.063158 
0.018000 0.074858 0.061119 
-0.036750 0.098704 0.078740 
0.019000 0.074821 0.060640 
-0.028500 0.113257 0.083285 
0.020000 0.074727 0.059441 
0.020500 0.074680 0.058841 
0.021000 0.074633 0.058241 
0.021500 0.074539 0.057042 
0.022000 0.074408 0.055364 
0.022500 0.074370 0.054884 
-0.041000 0.115718 0.076700 
0.040250 0.097077 0.049759 
-0.039000 0.117250 0.080889 
-0.030750 0.104290 0.081014 
-0.038250 0.141254 0.072856 
-0.030250 0.125027 0.089873 
0.026000 0.074360 0.054764 
0.011250 0.094184 0.071795 
0.022000 0.106458 0.054912 
0.026750 0.127271 0.030808 
0.016500 0.114727 0.051803 
0.028500 0.074417 0.055484 
-0.016750 0.133371 0.097120 
0.029500 0.074426 0.055603 
0.023500 0.109110 0.051681 
0.025250 0.104313 0.053953 
0.028750 0.125890 0.032207 
0.031500 0.074483 0.056323 
-0.007000 0.156946 0.036980 
-0.014500 0.123218 0.100521 
0.033000 0.074530 0.056922 
-0.039000 0.154391 0.057384 
0.050500 0.104972 0.029135 
0.034500 0.074567 0.057402 
0.035000 0.074576 0.057522 
0.035500 0.074586 0.057642 
0.004250 0.104004 0.075386 
0.036500 0.074586 0.057642 
0.037000 0.074586 0.057642 
0.037500 0.074586 0.057642 
-0.014000 0.099733 0.084968 
0.029000 0.119843 0.040593 
0.039000 0.074548 0.057162 
0.039500 0.074539 0.057042 
0.040000 0.074530 0.056922 
-0.014750 0.142926 0.093720 
0.041000 0.074511 0.056683 
0.041500 0.074501 0.056563 
-0.030000 0.139401 0.085073 
0.033750 0.094512 0.053949 
-0.032500 0.106238 0.078978 
0.038500 0.095170 0.053231 
0.044000 0.074398 0.055244 
0.021000 0.115905 0.046561 
0.045000 0.074360 0.054764 
0.022500 0.113187 0.048451 
0.046000 0.074314 0.054164 
-0.065000 0.170010 0.034667 
0.047000 0.074257 0.053445 
-0.038750 0.148262 0.075606 
0.048000 0.074182 0.052486 
-0.057500 0.171484 0.036567 
0.050000 0.092150 0.049637 
0.049500 0.074098 0.051407 
0.063500 0.093130 0.023645 
0.050500 0.074060 0.050927 
0.032250 0.125835 0.030937 
0.051500 0.074041 0.050687 
-0.000250 0.119758 0.095877 
0.032500 0.108864 0.046684 
0.053000 0.073985 0.049968 
-0.028750 0.133261 0.088287 
-0.019500 0.103762 0.084008 
0.054500 0.073900 0.048889 
0.007000 0.116416 0.059225 
-0.046000 0.154339 0.050313 
0.056000 0.073737 0.046898 
-0.060500 0.161175 0.029736 
-0.011000 0.180213 0.019166 
0.057500 0.073310 0.041817 
-0.028000 0.140825 0.087348 
0.058500 0.073278 0.041435 
0.059000 0.073224 0.040800 
-0.028500 0.127104 0.090665 
0.060000 0.073160 0.040038 
0.060500 0.073096 0.039276 
-0.029500 0.139406 0.085312 
0.061500 0.072958 0.037624 
-0.012000 0.127262 0.099501 
0.062500 0.072669 0.034194 
0.063000 0.072637 0.033813 
-0.035500 0.121531 0.086273 
0.064000 0.072552 0.032796 
0.040250 0.118821 0.034240 
0.065000 0.072146 0.027968 
0.065500 0.072060 0.026952 
-0.012500 0.115140 0.098593 
0.066500 0.071014 0.014501 
0.067000 0.070597 0.009546 
-0.011500 0.123210 0.100181 
0.045000 0.111055 0.035500 
0.068500 0.068512 -0.014907 
0.069000 0.068477 -0.015312 
0.069500 0.068420 -0.015986 
0.050250 0.114033 0.024576 
0.070500 0.068281 -0.017603 
-0.001500 0.142218 0.088739 
-0.043250 0.075372 0.058842 
-0.042750 0.075410 0.059322 
-0.022500 0.128552 0.095083 
0.050500 0.102287 0.031928 
-0.045750 0.146378 0.043854 
-0.008500 0.180214 0.020308 
-0.021750 0.156613 0.075601 
-0.064500 0.166984 0.025282 
-0.039250 0.075987 0.066756 
-0.038750 0.075996 0.066875 
0.052250 0.093992 0.045656 
-0.030750 0.140083 0.084594 
-0.037250 0.076154 0.068914 
-0.036750 0.076182 0.069273 
-0.023500 0.151834 0.085191 
-0.042000 0.161479 0.050538 
-0.035250 0.076266 0.070353 
-0.034750 0.076303 0.070832 
-0.034250 0.076340 0.071312 
-0.033750 0.076368 0.071672 
-0.005250 0.157570 0.032155 
-0.032750 0.076452 0.072751 
-0.032250 0.076489 0.073230 
0.020500 0.126632 0.032714 
-0.031250 0.076582 0.074429 
-0.043000 0.151513 0.051756 
-0.030250 0.076676 0.075628 
0.029000 0.123890 0.035767 
-0.014500 0.134061 0.097686 
-0.056750 0.160537 0.035322 
-0.064750 0.164755 0.023510 
-0.027500 0.151824 0.084232 
0.001000 0.131285 0.094629 
-0.026750 0.076880 0.078266 
-0.026250 0.076899 0.078506 
0.009000 0.119043 0.054797 
-0.025250 0.076936 0.078986 
-0.024750 0.076945 0.079105 
-0.024250 0.076964 0.079345 
-0.018500 0.106449 0.083288 
-0.023250 0.076992 0.079705 
0.044500 0.123352 0.023827 
-0.022250 0.077048 0.080425 
-0.021750 0.077067 0.080664 
-0.017250 0.156609 0.074882 
-0.020750 0.077104 0.081144 
-0.020250 0.077113 0.081264 
-0.014750 0.173630 0.030218 
-0.019250 0.077132 0.081504 
-0.038000 0.125530 0.083160 
0.005250 0.098556 0.076106 
-0.061750 0.153184 0.029243 
-0.017250 0.077150 0.081743 
-0.016750 0.077169 0.081983 
0.028500 0.100800 0.053712 
0.021750 0.104419 0.056109 
-0.015250 0.077178 0.082103 
-0.014750 0.077178 0.082103 
-0.014250 0.077188 0.082223 
-0.041500 0.133625 0.074657 
-0.036000 0.102104 0.078380 
0.056250 0.102768 0.028241 
-0.012250 0.077197 0.082343 
0.029500 0.114421 0.045162 
-0.011250 0.077197 0.082343 
-0.010750 0.077197 0.082343 
-0.053750 0.149055 0.036993 
-0.009750 0.077188 0.082223 
-0.009000 0.128635 0.100066 
-0.008750 0.077178 0.082103 
-0.008250 0.077169 0.081983 
-0.007750 0.077160 0.081863 
0.037500 0.092543 0.056104 
-0.006750 0.077132 0.081504 
-0.044000 0.160042 0.051380 
-0.007000 0.174346 0.027171 
-0.005250 0.077095 0.081024 
-0.016500 0.146351 0.091116 
0.044500 0.112478 0.035502 
0.027000 0.111779 0.048450 
-0.004750 0.170483 0.001935 
0.020250 0.096318 0.061016 
0.019000 0.115997 0.048333 
-0.032250 0.098892 0.082094 
-0.001250 0.076964 0.079345 
-0.041750 0.117788 0.077059 
-0.000250 0.076936 0.078986 
0.000250 0.076918 0.078746 
0.000750 0.076890 0.078386 
0.001250 0.076871 0.078146 
-0.012750 0.095004 0.085449 
-0.010000 0.149101 0.087707 
0.002750 0.076806 0.077307 
-0.054000 0.167177 0.042034 
0.003750 0.076769 0.076827 
0.004250 0.076750 0.076588 
-0.023000 0.099733 0.084968 
-0.016750 0.127932 0.098821 
0.005750 0.076648 0.075269 
0.006250 0.076610 0.074789 
0.006750 0.076573 0.074309 
0.007250 0.076489 0.073230 
0.007750 0.076452 0.072751 
0.008250 0.076415 0.072271 
0.057000 0.103381 0.026590 
-0.043500 0.145781 0.047918 
0.009750 0.076350 0.071432 
0.019500 0.117295 0.046181 
-0.031750 0.140072 0.083995 
-0.066250 0.157362 0.021366 
0.027250 0.120534 0.040213 
-0.045750 0.127117 0.066403 
0.012750 0.075949 0.066276 
0.013250 0.075959 0.066396 
-0.035750 0.133124 0.082560 
-0.016000 0.115144 0.098706 
-0.038500 0.124136 0.082801 
0.004000 0.127992 0.072507 
0.004500 0.117617 0.091348 
0.021750 0.121951 0.040214 
0.016750 0.075791 0.064237 
0.017250 0.075754 0.063758 
0.039500 0.111340 0.040584 
-0.011500 0.143609 0.092928 
0.018750 0.075549 0.061120 
0.019250 0.075493 0.060401 
0.019750 0.075438 0.059681 
-0.002500 0.162417 0.015011 
0.020750 0.075354 0.058602 
0.029000 0.108986 0.048927 
0.021750 0.075195 0.056564 
0.022250 0.075102 0.055365 
-0.016500 0.132690 0.097346 
0.023250 0.075056 0.054765 
0.030250 0.110993 0.046939 
-0.009750 0.182433 0.015736 
0.024750 0.075047 0.054645 
0.025250 0.075056 0.054765 
0.025750 0.075074 0.055005 
0.026250 0.075084 0.055125 
0.019500 0.121309 0.041611 
0.027250 0.075102 0.055365 
0.027750 0.075121 0.055604 
0.001500 0.132614 0.091458 
0.028750 0.075140 0.055844 
0.029250 0.075149 0.055964 
-0.015500 0.168585 0.037970 
-0.031750 0.125013 0.089193 
-0.045000 0.151499 0.050318 
0.031250 0.075195 0.056564 
-0.027500 0.110442 0.081251 
0.035500 0.127726 0.024456 
0.032750 0.075242 0.057163 
0.040000 0.120880 0.032592 
0.000000 0.102180 0.079817 
-0.004750 0.147024 0.086989 
0.034750 0.075298 0.057883 
0.035250 0.075298 0.057883 
0.019250 0.094990 0.062094 
0.036250 0.075307 0.058003 
0.041250 0.094491 0.053590 
0.037250 0.075298 0.057883 
0.012500 0.110890 0.060301 
-0.005250 0.106968 0.079935 
0.038750 0.075270 0.057523 
0.039250 0.075251 0.057283 
0.025250 0.120576 0.041102 
-0.023500 0.121784 0.096330 
-0.039500 0.118602 0.080530 
0.041250 0.075214 0.056803 
0.041750 0.075205 0.056684 
0.015250 0.127260 0.030553 
-0.004000 0.106267 0.079576 
0.043250 0.075130 0.055724 
0.043750 0.075102 0.055365 
-0.036500 0.102079 0.077901 
0.044750 0.075074 0.055005 
-0.015750 0.096377 0.085688 
0.045750 0.075028 0.054405 
0.003000 0.112617 0.068202 
0.046750 0.074991 0.053926 
0.047250 0.074963 0.053566 
0.047750 0.074916 0.052967 
-0.041500 0.114053 0.069518 
-0.044500 0.164347 0.047117 
0.016750 0.118065 0.047452 
0.040500 0.118147 0.035001 
-0.013500 0.177272 0.023993 
0.050750 0.074749 0.050808 
0.051250 0.074739 0.050688 
-0.030750 0.120941 0.089195 
0.052250 0.074702 0.050209 
0.015750 0.110030 0.056589 
0.053250 0.074665 0.049729 
-0.041750 0.120548 0.077657 
0.054250 0.074609 0.049010 
0.054750 0.074572 0.048530 
0.055250 0.074533 0.048043 
0.037000 0.104541 0.045155 
-0.014500 0.174356 0.029074 
0.056750 0.074352 0.045883 
0.003250 0.110630 0.070117 
0.045250 0.103370 0.037779 
-0.003750 0.160382 0.026184 
0.058750 0.073948 0.041055 
-0.010750 0.100373 0.084249 
-0.011000 0.128630 0.099727 
0.060250 0.073831 0.039657 
0.060750 0.073757 0.038768 
0.061250 0.073693 0.038006 
-0.013500 0.131341 0.098593 
0.058250 0.109223 0.015797 
0.062750 0.073384 0.034321 
-0.050250 0.166476 0.044066 
0.006750 0.109142 0.067723 
0.016250 0.116768 0.050129 
-0.021250 0.151155 0.086389 
0.065250 0.072884 0.028349 
0.065750 0.072724 0.026443 
0.053750 0.108225 0.023548 
-0.009500 0.107816 0.083407 
0.067250 0.071682 0.013991 
0.067750 0.071224 0.008528 
0.068250 0.069128 -0.016256 
-0.023000 0.105093 0.083408 
0.052500 0.097230 0.041460 
0.069750 0.068957 -0.018278 
0.070250 0.068946 -0.018413 
0.044500 0.117944 0.030936 
-0.028250 0.111119 0.081131 
-0.042500 0.076157 0.060042 
-0.042000 0.076166 0.060162 
-0.041500 0.076480 0.064238 
0.062500 0.101396 0.017939 
0.025750 0.108381 0.051082 
-0.040000 0.076692 0.066996 
0.045750 0.096972 0.047948 
-0.041500 0.123994 0.078373 
0.025750 0.128602 0.028138 
-0.038000 0.076867 0.069274 
-0.035000 0.153149 0.077401 
-0.044750 0.095173 0.065208 
-0.063500 0.155283 0.026066 
-0.036000 0.076950 0.070353 
-0.035500 0.076978 0.070712 
0.044250 0.094371 0.051554 
-0.034500 0.077052 0.071672 
0.019500 0.097027 0.061256 
-0.033000 0.147679 0.084353 
-0.033000 0.077153 0.072991 
-0.032500 0.077218 0.073830 
-0.008250 0.145663 0.090777 
-0.000500 0.140839 0.088513 
-0.031000 0.077403 0.076228 
-0.030500 0.077430 0.076587 
-0.030000 0.077458 0.076947 
-0.029500 0.077476 0.077187 
-0.029000 0.077495 0.077427 
-0.028500 0.077523 0.077786 
-0.022000 0.140860 0.092136 
-0.027500 0.077569 0.078386 
-0.008000 0.097014 0.084969 
-0.026500 0.077606 0.078866 
-0.068000 0.159503 0.017935 
-0.051250 0.157847 0.046498 
-0.025000 0.077652 0.079465 
-0.024500 0.077670 0.079705 
0.050000 0.104995 0.029517 
-0.023500 0.077725 0.080424 
-0.023000 0.077753 0.080784 
-0.022500 0.077772 0.081024 
0.059000 0.091172 0.036110 
-0.021500 0.077809 0.081503 
0.008500 0.108417 0.067005 
-0.020500 0.077827 0.081743 
-0.020000 0.077845 0.081983 
-0.032250 0.138684 0.083756 
-0.007250 0.175076 0.026281 
-0.012250 0.142926 0.093607 
-0.018000 0.077864 0.082223 
-0.008250 0.172170 0.030728 
0.042500 0.123438 0.025733 
0.026500 0.109051 0.050364 
0.001250 0.102782 0.078260 
-0.015500 0.077882 0.082462 
-0.021000 0.101080 0.084727 
-0.014500 0.077892 0.082582 
-0.014000 0.077892 0.082582 
0.008000 0.100379 0.071794 
-0.013000 0.077892 0.082582 
-0.012500 0.077892 0.082582 
-0.039000 0.141914 0.070699 
-0.011500 0.077901 0.082702 
-0.018500 0.132680 0.096554 
0.020250 0.121963 0.040468 
-0.010000 0.077892 0.082582 
-0.009500 0.077892 0.082582 
-0.009000 0.077882 0.082462 
-0.040250 0.095701 0.074190 
-0.008000 0.077864 0.082223 
-0.007500 0.077855 0.082103 
0.027750 0.100144 0.054550 
-0.006500 0.077836 0.081863 
-0.018500 0.142240 0.093607 
-0.005500 0.077809 0.081503 
-0.027000 0.117588 0.090329 
-0.004500 0.077772 0.081024 
-0.007750 0.104351 0.082211 
0.058500 0.091219 0.036746 
-0.003000 0.077735 0.080544 
-0.002500 0.077716 0.080304 
-0.002000 0.077698 0.080065 
-0.013750 0.167870 0.039113 
0.029750 0.117788 0.041988 
0.018500 0.119980 0.043388 
0.000000 0.077624 0.079105 
0.000500 0.077606 0.078866 
0.001000 0.077578 0.078506 
-0.024250 0.105756 0.083049 
0.002000 0.077523 0.077786 
-0.042500 0.125320 0.076338 
-0.036000 0.108784 0.074906 
0.003500 0.077467 0.077067 
0.004000 0.077449 0.076827 
0.004500 0.077430 0.076587 
0.005000 0.077403 0.076228 
0.005500 0.077384 0.075988 
-0.016500 0.140875 0.094740 
-0.033000 0.117462 0.086395 
0.007000 0.077273 0.074549 
0.007500 0.077209 0.073710 
0.008000 0.077135 0.072751 
0.008500 0.077098 0.072271 
-0.033750 0.140049 0.082797 
0.009500 0.077061 0.071792 
0.007500 0.103108 0.071315 
0.049250 0.115477 0.024706 
-0.003750 0.101599 0.081733 
0.011500 0.076960 0.070473 
0.012000 0.076923 0.069993 
-0.004250 0.127944 0.099500 
-0.041750 0.145110 0.050450 
0.004000 0.112582 0.067364 
-0.006750 0.136106 0.097232 
0.030750 0.106888 0.049166 
0.015000 0.076581 0.065557 
0.056000 0.098012 0.032049 
-0.020500 0.120509 0.099048 
0.016500 0.076508 0.064598 
0.004000 0.103349 0.075985 
0.017500 0.076434 0.063639 
0.018000 0.076369 0.062799 
-0.067000 0.174368 0.031231 
-0.017750 0.123876 0.100068 
0.019500 0.076157 0.060042 
-0.002000 0.158112 0.022635 
-0.014750 0.148414 0.089305 
0.021000 0.076019 0.058243 
0.021500 0.075936 0.057164 
0.026250 0.116518 0.044783 
0.022500 0.075797 0.055366 
0.023000 0.075779 0.055126 
0.051000 0.110476 0.025205 
0.024000 0.075751 0.054766 
-0.000500 0.148947 0.074647 
-0.011500 0.150464 0.086269 
0.012750 0.094140 0.071076 
-0.007750 0.096341 0.085089 
-0.015250 0.173628 0.029837 
0.027000 0.075816 0.055605 
-0.010250 0.129313 0.099840 
-0.003500 0.128622 0.099274 
0.028500 0.075843 0.055965 
-0.042000 0.105675 0.067483 
0.029500 0.075871 0.056325 
0.000500 0.095413 0.080897 
-0.049500 0.160033 0.048143 
0.031000 0.075908 0.056804 
0.029000 0.092484 0.055146 
0.032000 0.075945 0.057284 
-0.002500 0.098224 0.082333 
-0.037000 0.129687 0.083398 
-0.017250 0.115817 0.098820 
0.034000 0.076000 0.058003 
0.034500 0.076009 0.058123 
0.033750 0.093191 0.055266 
-0.042750 0.123240 0.076220 
-0.010750 0.134749 0.098138 
0.036500 0.076028 0.058363 
-0.008500 0.186166 0.009006 
0.003750 0.127790 0.090552 
0.038000 0.076000 0.058003 
0.015750 0.096504 0.064250 
-0.024250 0.122435 0.095424 
0.022000 0.107807 0.053835 
-0.015250 0.133376 0.097573 
-0.011250 0.178007 0.023357 
0.041000 0.075945 0.057284 
0.041500 0.075917 0.056924 
0.063750 0.090982 0.023768 
-0.026750 0.121017 0.092366 
0.043000 0.075853 0.056085 
0.043500 0.075825 0.055725 
0.037500 0.127630 0.022170 
0.044500 0.075788 0.055246 
0.030000 0.106224 0.050003 
0.045500 0.075733 0.054526 
0.046000 0.075714 0.054287 
0.046500 0.075705 0.054167 
0.047000 0.075686 0.053927 
0.047500 0.075650 0.053447 
-0.020000 0.115095 0.097122 
0.048500 0.075603 0.052848 
0.003500 0.124401 0.092932 
0.049500 0.075511 0.051649 
0.012250 0.116900 0.053599 
-0.016250 0.136099 0.096553 
0.036500 0.119658 0.036782 
-0.031000 0.116100 0.086276 
0.052000 0.075400 0.050210 
0.052500 0.075382 0.049970 
0.053000 0.075364 0.049730 
0.043500 0.109748 0.037532 
-0.001500 0.146277 0.082915 
0.054500 0.075281 0.048651 
0.001750 0.122425 0.094971 
0.055500 0.075201 0.047663 
0.056000 0.075159 0.047155 
-0.019750 0.121191 0.099614 
0.006250 0.099887 0.075387 
-0.038250 0.116591 0.081488 
0.002750 0.097336 0.078741 
0.058500 0.074661 0.041183 
0.059000 0.074618 0.040675 
0.059500 0.074587 0.040293 
-0.029750 0.149767 0.085670 
0.060500 0.074491 0.039150 
0.061000 0.074438 0.038514 
0.061500 0.074364 0.037625 
0.062000 0.074332 0.037244 
0.062500 0.074110 0.034575 
0.061750 0.107546 0.011853 
-0.030000 0.118895 0.088630 
-0.046250 0.124282 0.065449 
0.064500 0.073686 0.029492 
0.020000 0.110566 0.052879 
-0.004500 0.095619 0.084371 
-0.018000 0.128603 0.098141 
0.010500 0.114985 0.058267 
-0.009000 0.167105 0.035815 
0.007250 0.123805 0.050250 
0.068000 0.071884 0.007890 
0.068500 0.069736 -0.017740 
0.069000 0.069702 -0.018144 
0.069500 0.069646 -0.018818 
-0.039500 0.148822 0.064103 
-0.040500 0.114289 0.075264 
-0.043250 0.159325 0.052101 
0.038250 0.117518 0.036652 
-0.042250 0.076885 0.060522 
-0.041750 0.077187 0.064479 
-0.030750 0.153863 0.079917 
-0.040750 0.077288 0.065797 
-0.040250 0.077406 0.067356 
0.011250 0.122308 0.047835 
0.030750 0.124535 0.034114 
-0.038750 0.077553 0.069274 
0.025000 0.110435 0.049886 
-0.037750 0.077617 0.070113 
-0.016250 0.142926 0.093607 
-0.012500 0.124545 0.100068 
-0.013000 0.110933 0.093274 
-0.035750 0.077717 0.071432 
-0.035250 0.077754 0.071912 
-0.034000 0.129773 0.086511 
-0.034250 0.077809 0.072631 
-0.017500 0.158599 0.050305 
-0.033250 0.077900 0.073830 
0.039250 0.110668 0.041219 
-0.032250 0.078074 0.076108 
0.011750 0.095553 0.071675 
-0.026000 0.095655 0.084970 
-0.010250 0.114442 0.097688 
-0.030250 0.078184 0.077547 
-0.029750 0.078202 0.077786 
-0.032500 0.150436 0.083633 
0.013500 0.112181 0.057907 
-0.028250 0.078257 0.078506 
-0.027750 0.078284 0.078865 
-0.027250 0.078293 0.078985 
0.015750 0.111370 0.055273 
-0.026250 0.078321 0.079345 
-0.025750 0.078330 0.079465 
-0.025250 0.078357 0.079825 
-0.024750 0.078376 0.080064 
-0.024250 0.078412 0.080544 
-0.023750 0.078449 0.081023 
-0.023250 0.078476 0.081383 
-0.022750 0.078495 0.081623 
-0.005500 0.117746 0.095990 
-0.032500 0.140763 0.083995 
-0.021250 0.078540 0.082222 
-0.020750 0.078549 0.082342 
-0.020250 0.078559 0.082462 
-0.019750 0.078577 0.082702 
-0.019250 0.078577 0.082702 
-0.018750 0.078586 0.082822 
-0.048750 0.153551 0.045491 
-0.017750 0.078595 0.082942 
-0.015500 0.165720 0.041530 
-0.016750 0.078586 0.082822 
-0.008500 0.124531 0.099389 
-0.055750 0.163562 0.042804 
-0.008250 0.170718 0.032127 
-0.014750 0.078595 0.082942 
-0.014250 0.078595 0.082942 
0.000750 0.140122 0.086630 
-0.006000 0.166835 0.012338 
-0.045000 0.095866 0.065208 
-0.012250 0.078595 0.082942 
-0.011750 0.078595 0.082942 
-0.026750 0.115460 0.087234 
0.046500 0.115092 0.031058 
-0.010250 0.078595 0.082942 
-0.031000 0.150445 0.084472 
-0.009250 0.078586 0.082822 
-0.025500 0.113318 0.084721 
-0.043750 0.129982 0.068674 
-0.007750 0.078559 0.082462 
0.048750 0.095555 0.047820 
-0.006750 0.078540 0.082222 
-0.006250 0.078531 0.082102 
-0.038000 0.105997 0.074069 
-0.005250 0.078513 0.081863 
-0.056250 0.156190 0.035077 
-0.060000 0.170035 0.037459 
-0.042750 0.107597 0.064251 
-0.003250 0.078449 0.081023 
-0.002750 0.078440 0.080904 
-0.002250 0.078421 0.080664 
-0.001750 0.078412 0.080544 
-0.001250 0.078394 0.080304 
-0.000750 0.078376 0.080064 
-0.000250 0.078348 0.079705 
-0.032750 0.125002 0.088627 
0.000750 0.078293 0.078985 
0.001250 0.078257 0.078506 
0.032500 0.100660 0.051078 
-0.003250 0.117071 0.095877 
-0.059500 0.152542 0.032671 
-0.000500 0.143541 0.084833 
0.003750 0.078156 0.077187 
0.032250 0.098561 0.051197 
-0.040250 0.130256 0.078849 
0.030500 0.129205 0.025216 
0.005750 0.078065 0.075988 
0.006250 0.078047 0.075748 
0.030500 0.097979 0.053352 
-0.020750 0.115762 0.097009 
0.057500 0.113978 0.009837 
0.026500 0.098079 0.055148 
0.008750 0.077790 0.072391 
0.009250 0.077763 0.072032 
-0.029250 0.153869 0.080636 
0.010250 0.077726 0.071552 
0.026750 0.128602 0.028138 
0.011250 0.077681 0.070953 
0.011750 0.077644 0.070473 
-0.057000 0.168603 0.039746 
-0.040750 0.134336 0.075255 
0.013250 0.077297 0.065917 
-0.013500 0.132703 0.098366 
0.014250 0.077297 0.065917 
0.036250 0.105262 0.045410 
0.015250 0.077260 0.065438 
-0.026250 0.103057 0.083529 
0.016250 0.077214 0.064838 
0.016750 0.077187 0.064479 
0.017250 0.077150 0.063999 
0.017750 0.077114 0.063519 
0.018250 0.077059 0.062800 
0.064000 0.094498 0.022630 
0.000500 0.146152 0.074050 
0.019750 0.076839 0.059923 
0.020250 0.076775 0.059083 
0.020750 0.076721 0.058364 
0.024000 0.118579 0.043641 
0.021750 0.076593 0.056685 
0.022250 0.076538 0.055966 
0.022750 0.076492 0.055367 
0.023250 0.076474 0.055127 
-0.008750 0.099026 0.084489 
-0.030000 0.125717 0.089986 
0.024750 0.076474 0.055127 
0.025250 0.076483 0.055247 
0.025750 0.076501 0.055487 
-0.009750 0.152495 0.081955 
0.026750 0.076519 0.055726 
0.013250 0.107568 0.063652 
-0.002250 0.127930 0.098707 
0.028250 0.076556 0.056206 
0.028750 0.076565 0.056326 
-0.020750 0.126546 0.097689 
0.029750 0.076593 0.056685 
0.030750 0.120479 0.039069 
0.030750 0.076620 0.057045 
0.031250 0.076638 0.057285 
0.031750 0.076657 0.057525 
0.032250 0.076666 0.057645 
-0.021250 0.107112 0.082928 
0.033250 0.076693 0.058004 
-0.024500 0.121760 0.095310 
0.034250 0.076721 0.058364 
-0.006000 0.095647 0.084850 
-0.017750 0.152519 0.084591 
0.059500 0.099153 0.027726 
-0.014750 0.147038 0.090550 
0.006500 0.103213 0.073351 
-0.014750 0.126584 0.099727 
0.037750 0.076739 0.058604 
-0.009000 0.098360 0.084729 
-0.014250 0.141560 0.094626 
0.013000 0.118919 0.051326 
-0.026750 0.126440 0.091912 
-0.001250 0.136078 0.094401 
-0.015750 0.145665 0.091682 
-0.044500 0.122351 0.070116 
-0.042750 0.104918 0.066166 
0.042250 0.076602 0.056805 
-0.054750 0.157663 0.036979 
-0.044750 0.162198 0.049577 
-0.049000 0.162907 0.047375 
0.044250 0.076501 0.055487 
0.044750 0.076492 0.055367 
-0.013000 0.131344 0.098819 
0.045750 0.076428 0.054527 
0.046250 0.076410 0.054288 
-0.018750 0.133360 0.096214 
-0.050250 0.149170 0.041437 
0.047750 0.076346 0.053448 
0.048250 0.076327 0.053209 
0.048750 0.076300 0.052849 
-0.039250 0.134389 0.077530 
0.049750 0.076227 0.051890 
-0.020500 0.113691 0.095197 
-0.008750 0.129315 0.099953 
0.058500 0.092549 0.035476 
0.051750 0.076099 0.050211 
0.052250 0.076081 0.049972 
0.052750 0.076071 0.049852 
-0.037750 0.105352 0.074907 
-0.013000 0.102414 0.084248 
-0.005000 0.142234 0.092362 
0.054750 0.075953 0.048293 
-0.019000 0.113727 0.096329 
0.055750 0.075870 0.047284 
0.056250 0.075806 0.046521 
0.056750 0.075743 0.045759 
0.009750 0.100997 0.070477 
0.057750 0.075394 0.041565 
0.058250 0.075373 0.041311 
0.031250 0.113673 0.044399 
0.059250 0.075289 0.040294 
-0.067250 0.158789 0.019333 
0.060250 0.075204 0.039277 
0.060750 0.075162 0.038769 
-0.011750 0.136109 0.097572 
-0.003500 0.153121 0.074165 
0.062250 0.074814 0.034575 
0.033750 0.113584 0.042747 
-0.025250 0.149781 0.086869 
-0.012000 0.151827 0.084472 
0.027500 0.102194 0.053593 
0.040750 0.106450 0.041724 
0.065250 0.074392 0.029492 
0.050750 0.108380 0.026217 
-0.015750 0.104430 0.083768 
-0.032500 0.135228 0.083756 
0.041000 0.112618 0.038044 
0.012000 0.101521 0.067364 
0.028750 0.117814 0.042497 
0.068750 0.070324 -0.019493 
0.033750 0.108122 0.046047 
-0.044000 0.077468 0.059084 
-0.017500 0.143609 0.093041 
-0.043000 0.077568 0.060403 
-0.042500 0.077649 0.061482 
-0.042000 0.077694 0.062081 
-0.021000 0.140865 0.092928 
-0.014750 0.167867 0.038860 
-0.040500 0.078102 0.067476 
-0.040000 0.078111 0.067596 
-0.039500 0.078111 0.067596 
-0.039000 0.078265 0.069634 
0.038000 0.115512 0.039064 
-0.008000 0.134070 0.098478 
-0.037500 0.078347 0.070713 
-0.010000 0.105087 0.083288 
-0.067500 0.159518 0.018824 
-0.036000 0.078437 0.071912 
-0.035500 0.078519 0.072991 
-0.013750 0.155236 0.077759 
0.002750 0.127821 0.092364 
-0.034000 0.078609 0.074190 
-0.032000 0.151808 0.082554 
-0.025500 0.117670 0.093272 
-0.010500 0.181692 0.016626 
-0.032000 0.078827 0.077067 
-0.031500 0.078845 0.077307 
0.027250 0.096077 0.056824 
-0.030500 0.078890 0.077906 
-0.030000 0.078909 0.078146 
-0.028250 0.125049 0.091006 
-0.029000 0.078945 0.078626 
-0.027500 0.131221 0.090099 
-0.028000 0.078990 0.079225 
-0.027500 0.078990 0.079225 
-0.027000 0.078999 0.079345 
-0.026500 0.079017 0.079585 
0.029750 0.098706 0.053831 
-0.025500 0.079063 0.080184 
-0.025000 0.079090 0.080544 
-0.002000 0.144945 0.086270 
-0.024000 0.079162 0.081503 
-0.023500 0.079190 0.081862 
-0.023000 0.079217 0.082222 
-0.022500 0.079235 0.082462 
-0.048000 0.162916 0.048009 
0.006000 0.096499 0.076106 
-0.021000 0.079271 0.082941 
-0.020500 0.079280 0.083061 
-0.020000 0.079289 0.083181 
-0.019500 0.079298 0.083301 
-0.000750 0.130637 0.097121 
-0.070000 0.163880 0.013612 
-0.018000 0.079298 0.083301 
-0.040500 0.130928 0.078011 
-0.017000 0.079307 0.083421 
0.025250 0.121898 0.039071 
-0.025250 0.105738 0.082690 
-0.015500 0.079307 0.083421 
0.008250 0.123749 0.048455 
-0.004750 0.153817 0.074044 
-0.014000 0.079298 0.083301 
-0.010000 0.107833 0.083766 
-0.013000 0.079298 0.083301 
-0.012500 0.079307 0.083421 
-0.004000 0.138138 0.095080 
-0.011500 0.079298 0.083301 
0.054500 0.091791 0.044509 
-0.010500 0.079298 0.083301 
-0.013000 0.143610 0.093154 
-0.001750 0.100203 0.081135 
0.034750 0.109466 0.044904 
0.024500 0.115865 0.045799 
-0.008000 0.079271 0.082941 
-0.007500 0.079253 0.082702 
-0.069750 0.167591 0.013606 
0.019250 0.116636 0.047070 
-0.006000 0.079226 0.082342 
-0.005500 0.079226 0.082342 
-0.029500 0.129835 0.089419 
-0.004500 0.079199 0.081982 
-0.033500 0.110275 0.077540 
0.027250 0.098765 0.054909 
-0.014750 0.170742 0.034919 
0.041750 0.118752 0.032842 
0.022750 0.115194 0.046434 
0.026000 0.100882 0.055269 
-0.001000 0.079099 0.080664 
-0.057750 0.159037 0.033041 
0.014250 0.112798 0.055992 
0.025750 0.100189 0.055389 
-0.014750 0.118534 0.100293 
-0.031750 0.094852 0.082934 
-0.010750 0.117175 0.099500 
-0.053750 0.165020 0.043435 
0.003000 0.078872 0.077666 
-0.028000 0.099673 0.083890 
0.004000 0.078836 0.077187 
-0.025500 0.140843 0.089079 
0.005000 0.078800 0.076707 
0.029500 0.121176 0.038816 
-0.007250 0.112973 0.093839 
0.006500 0.078736 0.075868 
-0.066000 0.166946 0.021983 
-0.005000 0.159719 0.030247 
-0.026250 0.107054 0.081731 
0.008500 0.078564 0.073590 
0.009000 0.078474 0.072392 
0.009500 0.078446 0.072032 
0.013000 0.098756 0.067364 
-0.050250 0.165045 0.045339 
0.052500 0.113151 0.021525 
-0.027250 0.142906 0.088626 
0.043250 0.106311 0.039435 
0.046000 0.119137 0.026111 
0.013000 0.078229 0.069155 
0.013500 0.077975 0.065798 
0.014000 0.077975 0.065798 
0.014500 0.077966 0.065678 
-0.052500 0.148321 0.036360 
0.015500 0.077930 0.065198 
0.016000 0.077912 0.064959 
-0.010250 0.182434 0.015229 
-0.050250 0.163614 0.046358 
0.017500 0.077830 0.063880 
0.018000 0.077785 0.063280 
0.018500 0.077721 0.062441 
0.006250 0.106551 0.071315 
-0.066000 0.175825 0.029706 
0.003500 0.120374 0.093612 
0.038250 0.106558 0.043504 
-0.029750 0.153867 0.080397 
0.021500 0.077314 0.057046 
0.022000 0.077241 0.056087 
0.022500 0.077214 0.055727 
0.015500 0.098617 0.064849 
-0.036750 0.113813 0.080292 
-0.020250 0.121183 0.099274 
0.024500 0.077187 0.055368 
-0.033250 0.108221 0.077540 
-0.033250 0.142838 0.084114 
-0.005250 0.108311 0.079456 
-0.032250 0.113933 0.083165 
0.052750 0.113824 0.020637 
-0.042500 0.155781 0.053906 
0.034250 0.124422 0.031574 
0.010000 0.121738 0.051687 
0.053500 0.113089 0.020381 
0.029500 0.077296 0.056806 
0.009500 0.102997 0.069160 
0.016500 0.094374 0.063411 
-0.057500 0.164266 0.041279 
0.015250 0.119442 0.046818 
-0.027000 0.153193 0.082674 
-0.024250 0.127844 0.093724 
0.033000 0.077404 0.058245 
-0.008250 0.133392 0.098818 
-0.017000 0.150476 0.087348 
0.034500 0.077450 0.058844 
-0.009500 0.184669 0.011292 
0.027500 0.121200 0.039324 
-0.023500 0.131259 0.092817 
-0.037250 0.119411 0.084000 
0.037000 0.077468 0.059084 
0.049500 0.110704 0.029272 
-0.041500 0.157198 0.054024 
0.038500 0.077459 0.058964 
0.039000 0.077450 0.058844 
0.039500 0.077431 0.058605 
-0.038250 0.153694 0.058584 
0.040500 0.077395 0.058125 
-0.028000 0.098326 0.084130 
0.041500 0.077359 0.057646 
0.042000 0.077341 0.057406 
0.052000 0.117372 0.019501 
0.043000 0.077296 0.056806 
0.029750 0.095871 0.053231 
-0.008500 0.098360 0.084729 
0.044500 0.077205 0.055608 
0.045000 0.077169 0.055128 
-0.040500 0.162918 0.048616 
-0.026000 0.135330 0.088513 
0.046500 0.077096 0.054169 
0.047000 0.077078 0.053929 
0.047500 0.077060 0.053689 
-0.048250 0.169330 0.039745 
0.050750 0.097973 0.041970 
-0.009250 0.185416 0.010276 
-0.022750 0.095004 0.085449 
0.050000 0.076933 0.052011 
0.050500 0.076879 0.051292 
-0.037750 0.138522 0.075732 
-0.006500 0.178739 0.021326 
0.052000 0.076779 0.049973 
0.059750 0.093096 0.033186 
-0.044250 0.153640 0.051752 
-0.041250 0.132950 0.075496 
0.054000 0.076688 0.048774 
0.034500 0.110157 0.044651 
0.055000 0.076633 0.048048 
0.028250 0.104235 0.052397 
-0.003000 0.168235 0.001804 
0.045000 0.113813 0.033852 
0.057000 0.076401 0.045251 
-0.016500 0.128613 0.098707 
-0.032750 0.137291 0.083277 
0.058500 0.076023 0.040676 
0.012250 0.118274 0.052882 
-0.035000 0.140727 0.082078 
0.060000 0.075918 0.039405 
-0.011750 0.123876 0.100068 
-0.017250 0.097735 0.085687 
-0.046750 0.157889 0.050426 
-0.003250 0.101586 0.081494 
0.062500 0.075497 0.034321 
-0.016000 0.158597 0.049945 
0.020500 0.109207 0.053836 
-0.038750 0.146862 0.075008 
0.064500 0.075213 0.030889 
0.065000 0.075150 0.030127 
-0.022000 0.132637 0.093270 
0.066000 0.075003 0.028348 
0.001750 0.106742 0.075266 
0.046250 0.110285 0.034482 
-0.039750 0.128901 0.080047 
0.068000 0.073668 0.012206 
-0.044750 0.078052 0.057647 
-0.044250 0.078052 0.057647 
-0.043750 0.078268 0.060524 
-0.043250 0.078286 0.060763 
-0.042750 0.078358 0.061722 
-0.042250 0.078447 0.062921 
0.049000 0.093549 0.049518 
-0.019000 0.142239 0.093381 
-0.040750 0.078807 0.067716 
-0.040250 0.078815 0.067836 
-0.039750 0.078914 0.069155 
-0.002750 0.094874 0.083293 
-0.038750 0.079004 0.070354 
-0.011000 0.155893 0.071766 
-0.065500 0.174370 0.031485 
-0.037250 0.079103 0.071672 
-0.036750 0.079148 0.072272 
-0.036250 0.079184 0.072751 
-0.011500 0.158554 0.046243 
-0.043750 0.123084 0.071433 
-0.030500 0.144946 0.086390 
0.027500 0.099451 0.054670 
-0.010750 0.097701 0.085088 
-0.052500 0.167184 0.042668 
-0.032750 0.079507 0.077067 
-0.032250 0.079534 0.077427 
-0.039000 0.155797 0.056423 
-0.063000 0.164062 0.026684 
-0.026750 0.127809 0.091685 
-0.030250 0.079615 0.078506 
-0.029750 0.079633 0.078745 
0.042250 0.122749 0.026496 
-0.030750 0.106950 0.079576 
0.037750 0.098362 0.047694 
-0.027750 0.079687 0.079465 
-0.027250 0.079696 0.079584 
-0.071250 0.176549 0.027420 
-0.031000 0.151814 0.083154 
-0.025750 0.079767 0.080544 
-0.053000 0.156991 0.039265 
-0.024750 0.079857 0.081742 
-0.024250 0.079875 0.081982 
0.039750 0.112007 0.039823 
-0.062000 0.152457 0.028990 
0.034000 0.111541 0.044143 
-0.040250 0.122015 0.080528 
0.004250 0.127288 0.072268 
-0.006500 0.174229 0.002064 
0.009250 0.109076 0.066286 
-0.038000 0.122801 0.083640 
-0.019750 0.080001 0.083660 
-0.059250 0.172202 0.035170 
-0.018750 0.080010 0.083780 
-0.021000 0.164220 0.037980 
-0.071000 0.165336 0.011325 
0.063500 0.097334 0.022000 
-0.016750 0.080019 0.083900 
-0.016250 0.080019 0.083900 
-0.015750 0.080019 0.083900 
-0.015250 0.080010 0.083780 
-0.014750 0.080010 0.083780 
-0.068500 0.162444 0.016788 
-0.038000 0.137826 0.075732 
-0.013250 0.080001 0.083660 
-0.010750 0.170736 0.034285 
0.048250 0.096857 0.046294 
0.047500 0.101090 0.035487 
-0.011250 0.080001 0.083660 
-0.010750 0.080001 0.083660 
-0.010250 0.079992 0.083540 
-0.009750 0.079992 0.083540 
-0.009250 0.079983 0.083421 
-0.067000 0.165438 0.019320 
-0.008250 0.079974 0.083301 
-0.016000 0.121881 0.100520 
0.042750 0.120063 0.030431 
-0.006750 0.079947 0.082941 
0.033500 0.099198 0.050000 
-0.005750 0.079929 0.082701 
-0.006250 0.174979 0.000441 
-0.013000 0.164278 0.042168 
-0.052750 0.149081 0.038009 
-0.029250 0.140097 0.085312 
-0.003250 0.079866 0.081862 
-0.007250 0.119816 0.098141 
0.035250 0.101171 0.047569 
0.023250 0.128586 0.027757 
-0.001250 0.079812 0.081143 
-0.000750 0.079794 0.080903 
0.044750 0.099507 0.043752 
0.032250 0.128503 0.025725 
0.007750 0.124909 0.042497 
0.001250 0.079705 0.079704 
0.001750 0.079660 0.079105 
0.002250 0.079597 0.078266 
0.002750 0.079570 0.077906 
0.003250 0.079552 0.077666 
-0.018500 0.147726 0.089984 
-0.040750 0.150856 0.056910 
0.004750 0.079498 0.076947 
0.005250 0.079480 0.076707 
0.005750 0.079462 0.076468 
0.006250 0.079444 0.076228 
0.006750 0.079426 0.075988 
0.007250 0.079408 0.075748 
-0.005750 0.130672 0.099499 
0.000500 0.098095 0.080058 
-0.038000 0.151683 0.069492 
-0.039750 0.153682 0.057026 
-0.013250 0.149789 0.087587 
0.010250 0.079121 0.071912 
0.010750 0.079094 0.071553 
0.011250 0.079067 0.071193 
0.011750 0.079031 0.070713 
-0.017500 0.140874 0.094513 
-0.013500 0.105105 0.083648 
-0.053250 0.156265 0.038758 
0.036250 0.095823 0.052393 
-0.036250 0.123556 0.085913 
-0.017500 0.144979 0.092022 
0.015250 0.078627 0.065319 
-0.061500 0.162623 0.028591 
-0.044750 0.129947 0.067358 
-0.071250 0.172016 0.009664 
0.017500 0.101186 0.061017 
0.017750 0.078492 0.063521 
-0.064500 0.172919 0.033265 
0.018750 0.078358 0.061722 
-0.006750 0.182433 0.015736 
-0.034500 0.146272 0.082556 
0.020250 0.078250 0.060284 
-0.029250 0.120955 0.089761 
0.037500 0.104485 0.044265 
0.021750 0.077972 0.056568 
0.022750 0.119266 0.043260 
0.022750 0.077918 0.055848 
0.023250 0.077900 0.055608 
0.023750 0.077891 0.055489 
0.061250 0.103580 0.018199 
-0.042000 0.104311 0.067842 
0.025250 0.077909 0.055728 
0.025750 0.077918 0.055848 
0.026250 0.077927 0.055968 
0.026750 0.077945 0.056208 
0.027250 0.077954 0.056328 
-0.064500 0.156691 0.024160 
0.042500 0.102797 0.039940 
-0.033750 0.123625 0.088061 
0.029250 0.078007 0.057047 
0.002750 0.116987 0.092933 
0.033250 0.121773 0.036403 
0.047000 0.108118 0.033971 
0.020750 0.108524 0.054195 
0.031750 0.078088 0.058126 
0.032250 0.078097 0.058246 
0.032750 0.078106 0.058366 
0.033250 0.078124 0.058605 
0.033750 0.078142 0.058845 
-0.048750 0.165050 0.045720 
-0.028500 0.149087 0.086509 
0.035250 0.078178 0.059325 
0.041000 0.101487 0.041592 
0.036250 0.078187 0.059445 
0.036750 0.078187 0.059445 
-0.003000 0.132698 0.097913 
0.037750 0.078178 0.059325 
-0.025250 0.138774 0.088626 
0.042250 0.107767 0.040072 
0.039250 0.078151 0.058965 
0.039750 0.078142 0.058845 
0.021750 0.119279 0.043514 
0.040750 0.078115 0.058486 
-0.017000 0.138143 0.095646 
-0.030000 0.113237 0.082806 
-0.007750 0.129317 0.100066 
0.042750 0.078043 0.057527 
0.021500 0.125276 0.034621 
-0.003000 0.161024 0.020471 
0.045000 0.121949 0.024846 
-0.015250 0.159314 0.048864 
0.045250 0.077846 0.054889 
0.045750 0.077828 0.054649 
0.046250 0.077801 0.054290 
0.046750 0.077783 0.054050 
0.067750 0.092818 0.009015 
0.047750 0.077756 0.053691 
0.048250 0.077738 0.053451 
0.048750 0.077711 0.053091 
0.049250 0.077693 0.052851 
-0.012750 0.107153 0.083766 
0.050250 0.077630 0.052012 
0.050750 0.077568 0.051173 
0.037000 0.101710 0.045026 
0.051750 0.077478 0.049974 
-0.045250 0.157894 0.051505 
0.052750 0.077442 0.049495 
-0.039750 0.107872 0.070117 
-0.039500 0.125475 0.081365 
0.054250 0.077352 0.048296 
0.054750 0.077322 0.047922 
0.055250 0.077270 0.047286 
-0.045000 0.162918 0.048736 
0.056250 0.077165 0.046015 
0.056750 0.077092 0.045125 
0.032000 0.096510 0.052154 
-0.025500 0.136705 0.088287 
0.058250 0.076736 0.040804 
0.058750 0.076694 0.040295 
0.059250 0.076652 0.039787 
-0.008750 0.141557 0.094173 
0.059000 0.111123 0.010846 
0.060750 0.076526 0.038261 
-0.021250 0.099067 0.085207 
0.003750 0.118335 0.092933 
0.062250 0.076201 0.034321 
-0.032750 0.098879 0.081854 
-0.026750 0.114013 0.085080 
-0.007500 0.146350 0.089758 
0.064250 0.076023 0.032160 
-0.069500 0.175822 0.029071 
0.065250 0.075835 0.029872 
0.065750 0.075762 0.028983 
0.055000 0.114378 0.017461 
0.066750 0.075248 0.022754 
0.003500 0.104690 0.075386 
0.067750 0.074536 0.014111 
-0.040750 0.146702 0.063147 
-0.030750 0.148390 0.085910 
-0.027000 0.138050 0.086510 
-0.044000 0.078968 0.060644 
-0.043500 0.079004 0.061124 
-0.043000 0.079075 0.062083 
-0.029250 0.122315 0.090100 
0.031000 0.122507 0.036912 
-0.038500 0.105956 0.073230 
-0.041000 0.079502 0.067837 
-0.031000 0.129822 0.088627 
-0.040000 0.079635 0.069635 
0.035750 0.108062 0.045030 
-0.039000 0.079706 0.070594 
-0.006000 0.106314 0.080534 
-0.038000 0.079787 0.071673 
0.049250 0.119617 0.021157 
0.042500 0.111176 0.037661 
-0.036500 0.079929 0.073591 
-0.036000 0.079991 0.074430 
-0.035500 0.080027 0.074909 
-0.035000 0.080053 0.075269 
0.048000 0.121820 0.022051 
-0.004500 0.113643 0.093726 
-0.033500 0.080187 0.077067 
-0.033000 0.080205 0.077307 
-0.032500 0.080240 0.077786 
-0.032000 0.080258 0.078026 
-0.031500 0.080276 0.078266 
-0.058750 0.166425 0.039878 
-0.005500 0.143603 0.091343 
-0.012250 0.111670 0.095084 
-0.029500 0.080356 0.079345 
-0.010000 0.101041 0.084009 
-0.063750 0.164782 0.025541 
-0.028000 0.080383 0.079704 
-0.027500 0.080391 0.079824 
-0.031250 0.140078 0.084354 
-0.013000 0.117860 0.100066 
0.003250 0.126450 0.092478 
-0.042500 0.148701 0.053918 
0.040500 0.122196 0.030181 
-0.042250 0.111313 0.053956 
-0.024000 0.080605 0.082701 
-0.023500 0.080623 0.082941 
-0.023000 0.080641 0.083180 
-0.026500 0.143595 0.088966 
-0.007500 0.178741 0.022087 
-0.021500 0.080676 0.083660 
-0.021000 0.080685 0.083780 
-0.020500 0.080694 0.083900 
-0.020000 0.080703 0.084020 
-0.019500 0.080703 0.084020 
-0.019000 0.080703 0.084020 
-0.018500 0.080712 0.084139 
0.032000 0.122484 0.036404 
-0.017500 0.080721 0.084259 
-0.017000 0.080729 0.084379 
-0.014250 0.140195 0.095419 
0.016000 0.094395 0.063770 
-0.015500 0.080721 0.084259 
-0.015000 0.080721 0.084259 
0.024500 0.105013 0.053954 
-0.010750 0.153862 0.079797 
-0.013500 0.080712 0.084139 
-0.012750 0.176543 0.025898 
-0.033750 0.108199 0.077061 
-0.012000 0.080703 0.084020 
-0.011750 0.149786 0.087348 
-0.011000 0.080703 0.084020 
0.036000 0.127715 0.024202 
-0.010000 0.080694 0.083900 
-0.024500 0.124433 0.094517 
-0.009000 0.080676 0.083660 
-0.008500 0.080676 0.083660 
-0.010000 0.132714 0.099159 
0.012750 0.095497 0.070717 
-0.021000 0.121842 0.098821 
-0.006500 0.080641 0.083180 
-0.006000 0.080632 0.083061 
0.019000 0.105165 0.057067 
-0.005000 0.080614 0.082821 
0.022750 0.093507 0.060536 
-0.023000 0.125827 0.095763 
-0.020500 0.150476 0.087348 
-0.003000 0.080560 0.082102 
0.027750 0.098752 0.054670 
-0.002000 0.080534 0.081742 
-0.042000 0.115633 0.074546 
0.027500 0.096633 0.054310 
-0.037250 0.095912 0.077783 
-0.003000 0.163854 0.011708 
-0.024750 0.121080 0.094971 
0.044750 0.093040 0.052751 
0.001500 0.080409 0.080064 
-0.005500 0.107645 0.079815 
0.057000 0.110004 0.016816 
0.003000 0.080258 0.078026 
0.024250 0.097581 0.058741 
0.004000 0.080205 0.077307 
0.004500 0.080187 0.077067 
0.039750 0.117480 0.035890 
-0.035750 0.131774 0.083877 
0.006000 0.080142 0.076468 
0.006500 0.080133 0.076348 
0.007000 0.080116 0.076108 
0.007500 0.080098 0.075868 
0.008000 0.080062 0.075389 
0.043250 0.109067 0.038040 
0.009000 0.080000 0.074550 
0.009500 0.079867 0.072751 
0.010000 0.079831 0.072272 
0.010500 0.079787 0.071673 
0.011000 0.079778 0.071553 
-0.009250 0.155208 0.073684 
0.012000 0.079697 0.070474 
0.012500 0.079653 0.069875 
0.013000 0.079609 0.069275 
-0.036500 0.126971 0.085075 
0.014000 0.079333 0.065559 
0.014500 0.079315 0.065319 
0.015000 0.079306 0.065199 
0.015500 0.079288 0.064960 
0.016000 0.079262 0.064600 
0.016500 0.079235 0.064240 
0.017000 0.079217 0.064001 
0.017500 0.079173 0.063401 
0.008250 0.095687 0.073951 
-0.006000 0.112269 0.092934 
0.019000 0.079048 0.061723 
0.019500 0.079030 0.061483 
0.012750 0.123294 0.038435 
0.020500 0.078950 0.060405 
0.021000 0.078781 0.058127 
0.021500 0.078710 0.057168 
0.022000 0.078639 0.056209 
-0.016000 0.157183 0.051147 
0.023000 0.078621 0.055969 
0.035750 0.124382 0.030685 
-0.064500 0.168556 0.035178 
0.000750 0.121093 0.095537 
-0.002250 0.132011 0.097686 
0.042000 0.105695 0.040960 
0.026000 0.078630 0.056089 
0.026500 0.078648 0.056329 
0.034500 0.112883 0.042874 
0.027500 0.078674 0.056688 
0.018750 0.107220 0.056229 
-0.038000 0.143336 0.072255 
0.029000 0.078710 0.057168 
0.039000 0.095170 0.053231 
0.041750 0.117409 0.034492 
-0.041000 0.157200 0.054383 
-0.024500 0.105081 0.083169 
0.015250 0.108699 0.058026 
0.032000 0.078799 0.058367 
0.055000 0.103500 0.028497 
0.048250 0.114269 0.029024 
0.033500 0.078852 0.059086 
-0.001500 0.162398 0.013742 
0.066000 0.090085 0.021348 
-0.029250 0.125038 0.090439 
0.047750 0.122412 0.019129 
0.036000 0.078897 0.059685 
0.036500 0.078897 0.059685 
0.037000 0.078897 0.059685 
0.037500 0.078897 0.059685 
0.038000 0.078888 0.059565 
-0.026000 0.140841 0.088853 
0.003250 0.111947 0.068681 
0.039500 0.078861 0.059206 
-0.008500 0.117825 0.098820 
0.040500 0.078835 0.058846 
0.041000 0.078817 0.058606 
-0.007500 0.184665 0.012561 
0.042000 0.078790 0.058247 
0.049500 0.122824 0.012142 
-0.060750 0.167860 0.038225 
0.043500 0.078728 0.057408 
0.044000 0.078701 0.057048 
0.044500 0.078657 0.056449 
0.045000 0.078568 0.055250 
0.045500 0.078541 0.054890 
-0.032750 0.116769 0.086036 
0.000250 0.122445 0.095877 
-0.011250 0.108542 0.084365 
0.047500 0.078461 0.053812 
-0.023750 0.130575 0.092930 
-0.055500 0.149760 0.036484 
0.049000 0.078408 0.053092 
0.049500 0.078381 0.052733 
-0.038250 0.105322 0.074308 
0.050500 0.078310 0.051774 
0.045250 0.101925 0.037395 
-0.021000 0.132652 0.094402 
0.052000 0.078150 0.049616 
0.032250 0.119097 0.039830 
0.026250 0.121886 0.038817 
0.053500 0.078087 0.048777 
0.054000 0.078052 0.048297 
0.054500 0.078022 0.047923 
0.055000 0.077970 0.047288 
0.055500 0.077928 0.046779 
0.056000 0.077865 0.046016 
-0.019500 0.162857 0.044075 
0.035750 0.116268 0.039954 
0.057500 0.077459 0.041059 
-0.014500 0.146351 0.091116 
0.058500 0.077407 0.040423 
0.059000 0.077354 0.039788 
0.033250 0.102644 0.048684 
0.060000 0.077271 0.038771 
-0.062000 0.175823 0.029325 
0.047250 0.110227 0.033465 
-0.039000 0.151671 0.068294 
-0.014750 0.100400 0.084728 
0.062500 0.076885 0.034067 
0.063000 0.076875 0.033940 
-0.021750 0.101747 0.084487 
-0.033750 0.129096 0.086989 
0.064500 0.076687 0.031652 
-0.011000 0.174358 0.029328 
-0.038000 0.126917 0.083279 
0.066000 0.076457 0.028855 
0.066500 0.075967 0.022880 
0.015000 0.118788 0.047833 
-0.005500 0.113643 0.093726 
-0.016250 0.170736 0.034285 
0.027000 0.115825 0.045036 
-0.013250 0.130662 0.098820 
-0.010750 0.138832 0.096212 
-0.017500 0.099740 0.085087 
-0.043250 0.079783 0.062323 
-0.042750 0.079835 0.063042 
-0.042250 0.079897 0.063881 
-0.041750 0.080047 0.065919 
-0.041250 0.080047 0.065919 
-0.040750 0.080241 0.068556 
-0.040250 0.080276 0.069036 
-0.039750 0.080373 0.070354 
0.022500 0.129190 0.024835 
-0.038750 0.080470 0.071673 
-0.038250 0.080497 0.072032 
-0.037750 0.080523 0.072392 
-0.037250 0.080585 0.073231 
-0.036750 0.080638 0.073950 
-0.041500 0.136364 0.072500 
0.029250 0.093155 0.054667 
-0.020250 0.123853 0.098935 
-0.034750 0.080796 0.076108 
-0.034250 0.080840 0.076707 
-0.033750 0.080876 0.077187 
-0.024000 0.099726 0.084848 
-0.032750 0.080928 0.077906 
-0.032250 0.080955 0.078266 
-0.028000 0.105015 0.081852 
-0.061250 0.172199 0.034789 
-0.030750 0.081017 0.079105 
-0.030250 0.081025 0.079224 
-0.015250 0.101747 0.084487 
-0.029250 0.081052 0.079584 
-0.028750 0.081069 0.079824 
-0.017250 0.172168 0.030475 
-0.027750 0.081087 0.080064 
-0.032750 0.096165 0.082095 
0.010750 0.106331 0.066765 
0.004750 0.107945 0.071674 
-0.025750 0.081219 0.081862 
-0.025250 0.081254 0.082341 
-0.024500 0.098374 0.084968 
-0.011250 0.149784 0.087108 
-0.023750 0.081316 0.083180 
-0.023250 0.081334 0.083420 
-0.007500 0.149084 0.086269 
-0.007000 0.180213 0.019546 
-0.021750 0.081378 0.084019 
0.043250 0.114593 0.035124 
-0.023000 0.098387 0.085208 
-0.020250 0.081396 0.084259 
-0.040750 0.102463 0.072153 
-0.016750 0.122547 0.100407 
-0.007250 0.126586 0.099841 
-0.018250 0.081413 0.084499 
-0.017750 0.081422 0.084619 
-0.017250 0.081422 0.084619 
-0.003500 0.138135 0.094627 
-0.021750 0.155247 0.079437 
0.055500 0.103477 0.028115 
-0.015250 0.081431 0.084738 
-0.014750 0.081422 0.084619 
-0.048250 0.165054 0.045973 
-0.016250 0.095025 0.085808 
-0.013250 0.081413 0.084499 
0.054500 0.094480 0.042603 
-0.012250 0.081404 0.084379 
-0.011750 0.081404 0.084379 
-0.065000 0.158119 0.023015 
-0.010750 0.081396 0.084259 
0.050750 0.119543 0.019633 
0.032000 0.117061 0.041607 
-0.009250 0.081378 0.084019 
-0.002750 0.145633 0.086150 
-0.008250 0.081360 0.083779 
-0.007750 0.081351 0.083660 
-0.040250 0.156497 0.055223 
-0.006750 0.081334 0.083420 
-0.006500 0.172734 0.004092 
0.018000 0.121315 0.041738 
0.055750 0.096214 0.037007 
-0.013750 0.144294 0.092701 
-0.004250 0.081290 0.082820 
0.061500 0.100314 0.023532 
-0.069750 0.160195 0.015142 
-0.002750 0.081254 0.082341 
-0.002250 0.081246 0.082221 
-0.001750 0.081228 0.081981 
-0.001250 0.081211 0.081742 
-0.000750 0.081202 0.081622 
-0.015000 0.154558 0.080037 
0.025000 0.094082 0.058500 
0.000750 0.081149 0.080903 
0.049500 0.121679 0.019003 
0.001750 0.081096 0.080183 
0.002250 0.081069 0.079824 
0.039750 0.114755 0.038174 
-0.008000 0.139511 0.095532 
-0.042000 0.154370 0.054628 
-0.001500 0.131325 0.097460 
0.004750 0.080867 0.077067 
0.005250 0.080849 0.076827 
0.005750 0.080831 0.076587 
0.006250 0.080823 0.076467 
0.005500 0.096541 0.076825 
0.013500 0.126577 0.031444 
0.032250 0.120454 0.038561 
0.008250 0.080752 0.075509 
-0.016750 0.149793 0.088060 
0.009250 0.080682 0.074550 
0.009750 0.080646 0.074070 
-0.034000 0.143522 0.083635 
-0.020500 0.139497 0.093495 
0.011250 0.080444 0.071313 
0.059250 0.097072 0.028740 
0.060250 0.101123 0.024932 
0.012750 0.080329 0.069755 
0.014500 0.118837 0.049052 
0.035000 0.125092 0.030430 
0.014250 0.079994 0.065200 
0.055750 0.108100 0.021387 
-0.019250 0.126563 0.098595 
0.015750 0.079941 0.064481 
0.016250 0.079915 0.064121 
-0.010500 0.136790 0.097345 
0.017250 0.079853 0.063282 
0.017750 0.079827 0.062923 
0.018250 0.079800 0.062563 
0.026000 0.094047 0.057902 
0.019250 0.079747 0.061844 
0.019750 0.079730 0.061604 
0.020250 0.079703 0.061244 
0.018000 0.113329 0.051922 
0.021250 0.079430 0.057528 
0.021750 0.079360 0.056570 
0.022250 0.079333 0.056210 
0.022750 0.079324 0.056090 
0.023250 0.079315 0.055970 
0.023750 0.079307 0.055850 
0.024250 0.079307 0.055850 
0.039000 0.115472 0.038301 
0.034250 0.112212 0.043508 
0.034750 0.101187 0.047823 
-0.072250 0.179481 0.024750 
0.026750 0.079360 0.056570 
0.027250 0.079377 0.056809 
0.027750 0.079386 0.056929 
-0.015500 0.125904 0.099841 
0.028750 0.079412 0.057289 
0.029250 0.079421 0.057409 
0.035000 0.127736 0.024710 
-0.040750 0.145296 0.063148 
0.022250 0.111169 0.050604 
-0.028500 0.154553 0.079437 
0.031750 0.079501 0.058487 
-0.029000 0.107662 0.080174 
0.032750 0.079536 0.058967 
0.025250 0.124586 0.035257 
0.033750 0.079562 0.059326 
-0.025750 0.094982 0.085090 
0.034750 0.079589 0.059686 
0.035250 0.079589 0.059686 
0.035750 0.079598 0.059806 
0.049000 0.098638 0.041334 
0.036750 0.079606 0.059926 
0.033500 0.114277 0.042493 
0.037750 0.079598 0.059806 
0.036500 0.104557 0.045409 
0.031500 0.127869 0.027885 
-0.008500 0.136789 0.097232 
0.039750 0.079553 0.059207 
0.040250 0.079545 0.059087 
0.040750 0.079536 0.058967 
0.041250 0.079527 0.058847 
-0.065000 0.174370 0.031612 
0.042250 0.079501 0.058487 
0.042750 0.079483 0.058248 
0.062750 0.104509 0.009684 
-0.018000 0.098401 0.085447 
0.044250 0.079404 0.057169 
-0.032750 0.102907 0.080655 
-0.066500 0.163971 0.020085 
0.045750 0.079236 0.054891 
0.047250 0.111611 0.032705 
0.046750 0.079192 0.054292 
0.047250 0.079183 0.054172 
0.040250 0.109244 0.041091 
-0.019000 0.129953 0.097121 
-0.012250 0.166427 0.040005 
0.049250 0.079095 0.052974 
0.049750 0.079060 0.052494 
-0.024500 0.095676 0.085329 
0.044250 0.118602 0.029794 
0.051250 0.078919 0.050576 
0.051750 0.078857 0.049737 
-0.046500 0.152892 0.047777 
0.052750 0.078804 0.049018 
0.053250 0.078787 0.048778 
0.053750 0.078751 0.048299 
0.054250 0.078711 0.047797 
-0.065500 0.155221 0.023146 
0.061750 0.106146 0.012739 
0.006000 0.109844 0.067962 
-0.059500 0.161202 0.031386 
-0.052750 0.169333 0.040125 
0.057250 0.078379 0.043729 
-0.030000 0.124343 0.090099 
0.058250 0.078119 0.040551 
0.058750 0.078067 0.039915 
0.059250 0.078015 0.039279 
0.059750 0.077974 0.038771 
0.014000 0.120116 0.046183 
-0.030250 0.115397 0.085678 
0.061250 0.077818 0.036864 
0.061750 0.077745 0.035974 
0.062250 0.077600 0.034194 
0.062750 0.077569 0.033813 
-0.010250 0.110202 0.091690 
0.063750 0.077485 0.032796 
-0.023750 0.097708 0.085208 
0.064750 0.077340 0.031016 
-0.005750 0.156094 0.030381 
0.065750 0.077194 0.029236 
0.022750 0.108453 0.052638 
0.066750 0.076665 0.022752 
0.067250 0.076623 0.022244 
-0.063750 0.153118 0.026323 
0.068250 0.075875 0.013090 
-0.039250 0.157908 0.054502 
-0.045000 0.080202 0.058608 
-0.044500 0.080237 0.059088 
-0.013750 0.108531 0.084125 
-0.043500 0.080438 0.061844 
-0.011000 0.102389 0.083769 
-0.042500 0.080569 0.063642 
-0.011750 0.157862 0.047260 
-0.039250 0.124797 0.081844 
-0.041000 0.080927 0.068557 
-0.040500 0.080962 0.069036 
-0.018500 0.165702 0.040134 
-0.039500 0.081110 0.071074 
-0.039000 0.081154 0.071673 
-0.036500 0.118748 0.084479 
-0.038000 0.081224 0.072632 
-0.022250 0.103088 0.084128 
-0.037000 0.081328 0.074070 
-0.036500 0.081390 0.074909 
-0.014000 0.119206 0.100406 
-0.030750 0.125022 0.089646 
0.065500 0.090160 0.022366 
-0.004250 0.117071 0.095877 
-0.034000 0.081555 0.077187 
-0.033500 0.081590 0.077666 
-0.022250 0.152519 0.084591 
-0.032500 0.081634 0.078265 
-0.032000 0.081660 0.078625 
-0.031500 0.081678 0.078865 
-0.009750 0.129315 0.099953 
-0.063500 0.164048 0.025669 
-0.030000 0.081730 0.079584 
-0.029500 0.081748 0.079824 
-0.034250 0.129083 0.086511 
-0.051750 0.150613 0.041942 
-0.028000 0.081774 0.080183 
-0.027500 0.081782 0.080303 
0.014750 0.102088 0.064969 
-0.054250 0.150543 0.039149 
-0.026000 0.081905 0.081981 
0.057500 0.108652 0.018465 
0.026750 0.097352 0.054669 
0.025750 0.104283 0.053355 
-0.024000 0.082001 0.083300 
-0.011000 0.139513 0.095759 
-0.023000 0.082036 0.083779 
-0.028000 0.139425 0.086270 
0.005250 0.103955 0.074428 
-0.021500 0.082070 0.084258 
-0.031250 0.152496 0.082075 
-0.020500 0.082088 0.084498 
-0.020000 0.082088 0.084498 
-0.012250 0.167863 0.038479 
-0.020000 0.095697 0.085688 
-0.012500 0.162845 0.043313 
-0.014000 0.143610 0.093267 
-0.017500 0.082114 0.084858 
-0.026000 0.123060 0.093272 
0.029750 0.108283 0.048927 
0.051750 0.096637 0.043113 
-0.015500 0.082123 0.084978 
-0.016250 0.153881 0.082194 
-0.014500 0.082123 0.084978 
0.054500 0.100834 0.031544 
-0.013500 0.082114 0.084858 
-0.013000 0.082106 0.084738 
-0.012500 0.082106 0.084738 
0.004500 0.099275 0.076704 
0.000250 0.136053 0.091910 
-0.016750 0.162163 0.045980 
-0.010500 0.082079 0.084378 
0.051750 0.101581 0.032054 
-0.009500 0.082070 0.084258 
0.028500 0.106264 0.050841 
0.027250 0.108349 0.050363 
-0.008000 0.082053 0.084019 
-0.007500 0.082044 0.083899 
-0.007000 0.082036 0.083779 
-0.034750 0.109525 0.076103 
0.023500 0.107752 0.052638 
-0.063250 0.158897 0.025299 
-0.060250 0.172202 0.035170 
-0.004500 0.081992 0.083180 
-0.004000 0.081983 0.083060 
-0.003500 0.081966 0.082820 
-0.003000 0.081957 0.082700 
-0.002500 0.081948 0.082580 
0.008250 0.118401 0.056353 
-0.001500 0.081922 0.082221 
-0.001000 0.081913 0.082101 
-0.000500 0.081896 0.081861 
0.017750 0.115363 0.050128 
0.000500 0.081861 0.081382 
0.001000 0.081844 0.081142 
-0.016000 0.149103 0.088739 
0.002000 0.081782 0.080303 
-0.040250 0.148115 0.063744 
0.003000 0.081704 0.079224 
0.003500 0.081608 0.077906 
-0.013750 0.170743 0.035046 
-0.016750 0.163583 0.044200 
-0.018000 0.147726 0.089984 
-0.009750 0.111627 0.093839 
0.027500 0.098059 0.054789 
-0.052750 0.162151 0.045219 
0.007000 0.081486 0.076228 
0.007500 0.081477 0.076108 
-0.006500 0.175730 0.000170 
-0.011500 0.174359 0.029582 
0.009000 0.081407 0.075149 
0.009500 0.081372 0.074670 
0.027250 0.106983 0.051201 
0.010500 0.081162 0.071793 
0.011000 0.081136 0.071433 
0.011500 0.081110 0.071074 
0.012000 0.081066 0.070474 
0.000000 0.106156 0.077301 
-0.027000 0.096993 0.084610 
0.013500 0.080900 0.068197 
-0.020250 0.162139 0.044457 
0.014500 0.080674 0.065081 
0.015000 0.080647 0.064721 
0.015500 0.080612 0.064242 
-0.020000 0.135397 0.094854 
0.016500 0.080578 0.063762 
0.017000 0.080560 0.063523 
0.017500 0.080534 0.063163 
-0.063500 0.170019 0.035682 
-0.020000 0.098401 0.085447 
0.019000 0.080481 0.062444 
0.019500 0.080455 0.062084 
-0.021250 0.129248 0.095762 
-0.012000 0.175814 0.027295 
0.021000 0.080316 0.060166 
-0.038750 0.157909 0.054742 
0.022000 0.080045 0.056451 
-0.011750 0.173632 0.030472 
0.023000 0.080019 0.056091 
0.056750 0.113453 0.013648 
0.024000 0.080010 0.055971 
0.024500 0.080010 0.055971 
-0.040500 0.140496 0.069622 
0.025500 0.080036 0.056331 
0.026000 0.080045 0.056451 
-0.032500 0.129802 0.087588 
0.027000 0.080071 0.056810 
0.027500 0.080089 0.057050 
-0.052250 0.162157 0.045600 
0.016500 0.106612 0.058145 
-0.020750 0.112969 0.093726 
0.018500 0.095685 0.062094 
-0.041750 0.101029 0.071076 
0.030500 0.080167 0.058129 
0.031000 0.080185 0.058368 
0.031500 0.080202 0.058608 
0.032000 0.080211 0.058728 
-0.057500 0.149686 0.033565 
0.033000 0.080237 0.059088 
0.033500 0.080254 0.059327 
0.034000 0.080272 0.059567 
0.034500 0.080281 0.059687 
0.035000 0.080289 0.059807 
0.049250 0.111420 0.029273 
0.023750 0.100305 0.057544 
0.036500 0.080307 0.060047 
0.037000 0.080307 0.060047 
0.025000 0.092666 0.058141 
-0.045500 0.122267 0.067603 
0.038500 0.080289 0.059807 
0.039000 0.080281 0.059687 
-0.021000 0.120503 0.098821 
-0.041250 0.105067 0.069160 
-0.015000 0.139512 0.095646 
-0.052250 0.169333 0.040125 
0.041500 0.080219 0.058848 
0.042000 0.080219 0.058848 
0.042500 0.080202 0.058608 
0.043000 0.080185 0.058368 
-0.025250 0.122407 0.094178 
-0.023750 0.118412 0.095763 
0.044500 0.080097 0.057170 
0.045000 0.079949 0.055132 
0.045500 0.079940 0.055012 
0.046000 0.079931 0.054892 
-0.035250 0.130424 0.085074 
0.047000 0.079896 0.054413 
0.016750 0.125956 0.033731 
0.048000 0.079853 0.053814 
0.048500 0.079835 0.053574 
-0.046250 0.149346 0.048285 
0.036000 0.104572 0.045663 
-0.010750 0.180952 0.018023 
-0.012500 0.168582 0.037716 
0.051000 0.079652 0.051057 
-0.016500 0.116503 0.099386 
0.052000 0.079521 0.049259 
0.052500 0.079503 0.049019 
0.003000 0.100703 0.077782 
0.053500 0.079442 0.048180 
0.054000 0.079401 0.047672 
-0.023000 0.097035 0.085328 
0.055000 0.079318 0.046655 
0.055500 0.079267 0.046019 
0.056000 0.079225 0.045510 
0.056500 0.079153 0.044620 
-0.009750 0.119860 0.099840 
0.026750 0.098771 0.055029 
-0.056750 0.172204 0.035423 
0.058500 0.078842 0.040806 
0.059000 0.078749 0.039662 
0.059500 0.078708 0.039153 
0.060000 0.078635 0.038263 
0.036750 0.108009 0.044140 
0.061000 0.078532 0.036991 
0.061500 0.078480 0.036356 
0.062000 0.078304 0.034194 
0.062500 0.078273 0.033813 
0.053500 0.102198 0.030529 
-0.038250 0.097240 0.077064 
0.064000 0.078139 0.032160 
-0.011500 0.164262 0.041026 
0.056750 0.106659 0.021384 
0.065500 0.077911 0.029363 
0.066000 0.077828 0.028346 
0.066500 0.077404 0.023133 
0.067000 0.077373 0.022751 
0.067500 0.077311 0.021988 
0.051000 0.120054 0.015189 
0.068500 0.076566 0.012834 
-0.045750 0.080168 0.048541 
-0.008000 0.175809 0.026026 
-0.007250 0.159051 0.033803 
-0.044250 0.080998 0.060047 
-0.043750 0.081102 0.061486 
-0.043250 0.081215 0.063044 
-0.042750 0.081275 0.063883 
-0.042250 0.081310 0.064362 
-0.002250 0.119767 0.096216 
-0.041250 0.081509 0.067119 
-0.040750 0.081647 0.069036 
-0.023000 0.151835 0.085311 
-0.010000 0.112346 0.095197 
0.050250 0.101614 0.032563 
-0.038750 0.081881 0.072273 
-0.003500 0.096924 0.083412 
-0.037750 0.081959 0.073351 
-0.036500 0.106091 0.075984 
-0.036750 0.082071 0.074909 
-0.036250 0.082097 0.075269 
-0.010000 0.171455 0.032887 
0.028000 0.096633 0.054310 
-0.016000 0.161453 0.046744 
-0.034250 0.082227 0.077067 
-0.033750 0.082261 0.077546 
-0.002250 0.158883 0.024537 
-0.042250 0.165049 0.045593 
-0.009500 0.143608 0.092815 
-0.048500 0.167191 0.043303 
-0.031250 0.082382 0.079224 
0.015000 0.123954 0.037164 
-0.030250 0.082425 0.079823 
-0.031000 0.127082 0.089419 
-0.047250 0.097440 0.056226 
-0.028750 0.082443 0.080063 
-0.028250 0.082460 0.080303 
-0.027750 0.082469 0.080423 
-0.027250 0.082512 0.081022 
-0.024250 0.103076 0.083888 
-0.026250 0.082581 0.081981 
-0.025750 0.082607 0.082340 
0.043750 0.125382 0.020522 
-0.024750 0.082668 0.083179 
-0.024250 0.082685 0.083419 
-0.023750 0.082702 0.083659 
-0.023250 0.082719 0.083898 
-0.016500 0.170016 0.035301 
-0.022250 0.082745 0.084258 
-0.001250 0.126546 0.097689 
0.053000 0.114505 0.019876 
-0.036000 0.143487 0.081478 
-0.020250 0.082780 0.084738 
-0.019750 0.082789 0.084857 
-0.022500 0.155929 0.077519 
-0.018750 0.082797 0.084977 
-0.018250 0.082806 0.085097 
-0.017750 0.082806 0.085097 
-0.017250 0.082806 0.085097 
-0.016750 0.082815 0.085217 
-0.016250 0.082823 0.085337 
-0.061500 0.151025 0.029500 
-0.015250 0.082815 0.085217 
0.015500 0.106641 0.058743 
-0.014250 0.082823 0.085337 
0.018000 0.094331 0.062692 
-0.042250 0.153661 0.054389 
-0.012750 0.082806 0.085097 
-0.015500 0.119206 0.100406 
-0.029250 0.155231 0.077040 
-0.011250 0.082789 0.084857 
-0.010750 0.082780 0.084738 
-0.010250 0.082771 0.084618 
0.000250 0.123786 0.095763 
-0.009250 0.082763 0.084498 
-0.001750 0.102888 0.080296 
0.046250 0.093011 0.052272 
0.036250 0.101112 0.046678 
-0.007250 0.082728 0.084018 
0.024750 0.127276 0.030934 
-0.029750 0.118212 0.088404 
-0.026250 0.119683 0.092932 
0.024250 0.104342 0.054552 
-0.043750 0.121718 0.071792 
-0.037500 0.129667 0.082680 
-0.019000 0.149103 0.088739 
-0.003250 0.082650 0.082940 
0.010000 0.117689 0.055994 
-0.002250 0.082642 0.082820 
-0.023250 0.151153 0.086149 
-0.056500 0.156898 0.034568 
-0.028000 0.109044 0.080533 
0.060000 0.105618 0.016043 
0.027500 0.122554 0.037929 
0.000750 0.082547 0.081501 
0.001250 0.082529 0.081262 
-0.020000 0.105099 0.083528 
0.007250 0.097088 0.074429 
0.020750 0.124603 0.035639 
0.003250 0.082374 0.079104 
0.003750 0.082287 0.077906 
0.002750 0.109344 0.072153 
-0.003000 0.117746 0.095990 
0.005250 0.082209 0.076827 
-0.041750 0.121921 0.077776 
0.006250 0.082183 0.076467 
0.056750 0.093517 0.039039 
-0.008250 0.161889 0.028593 
0.047000 0.123128 0.018874 
0.008250 0.082131 0.075748 
-0.003250 0.115704 0.095084 
0.009250 0.082079 0.075029 
0.009750 0.082054 0.074670 
0.059250 0.106387 0.016807 
-0.005000 0.163928 0.017039 
0.011250 0.081811 0.071314 
0.023250 0.127292 0.031316 
-0.026250 0.136013 0.087947 
0.012750 0.081708 0.069875 
0.013250 0.081638 0.068917 
-0.038500 0.157206 0.055582 
-0.007750 0.142923 0.092928 
0.014750 0.081370 0.065201 
0.015250 0.081301 0.064242 
0.047500 0.124504 0.017094 
0.016250 0.081284 0.064002 
0.016750 0.081267 0.063763 
-0.021000 0.097049 0.085568 
-0.002250 0.151049 0.075964 
0.018250 0.081223 0.063163 
0.003000 0.130742 0.070948 
-0.036250 0.115275 0.082685 
0.019750 0.081146 0.062085 
-0.006250 0.126584 0.099727 
0.020750 0.081068 0.061006 
0.021250 0.081024 0.060407 
-0.025250 0.153879 0.081835 
0.022250 0.080739 0.056452 
-0.023250 0.101740 0.084368 
0.023250 0.080722 0.056212 
0.023750 0.080722 0.056212 
0.024250 0.080713 0.056092 
0.052000 0.102254 0.031419 
0.025250 0.080730 0.056332 
0.032750 0.114985 0.042494 
-0.011250 0.136109 0.097572 
0.026750 0.080765 0.056811 
-0.034000 0.147667 0.083394 
0.027750 0.080799 0.057291 
-0.014000 0.177271 0.023485 
0.028750 0.080817 0.057530 
0.029250 0.080834 0.057770 
0.029750 0.080851 0.058010 
-0.031250 0.102951 0.081493 
0.030750 0.080877 0.058369 
0.031250 0.080895 0.058609 
-0.061250 0.154627 0.029240 
-0.029000 0.139409 0.085432 
0.032750 0.080938 0.059208 
-0.070500 0.163866 0.012597 
0.051250 0.106960 0.026469 
0.019250 0.097715 0.061136 
0.034750 0.080981 0.059808 
-0.017500 0.146351 0.091003 
0.035750 0.080998 0.060047 
-0.040000 0.111278 0.069159 
0.036750 0.080998 0.060047 
-0.036250 0.109448 0.074427 
0.056500 0.110018 0.017070 
0.038250 0.080990 0.059927 
0.050500 0.100925 0.032943 
0.012250 0.115593 0.055993 
0.039750 0.080964 0.059568 
0.033750 0.098489 0.049880 
0.040750 0.080938 0.059208 
-0.007750 0.170714 0.031620 
0.041750 0.080921 0.058969 
0.042250 0.080912 0.058849 
-0.042000 0.109623 0.063054 
0.043250 0.080869 0.058249 
0.043750 0.080843 0.057890 
-0.031500 0.116090 0.086037 
0.040000 0.092514 0.055625 
0.045250 0.080635 0.055013 
0.045750 0.080635 0.055013 
0.046250 0.080618 0.054774 
0.046750 0.080601 0.054534 
-0.042250 0.134285 0.073100 
0.007000 0.120430 0.054439 
0.062000 0.101477 0.019211 
0.046000 0.109595 0.034863 
0.033250 0.120430 0.038053 
0.049750 0.080454 0.052496 
0.050250 0.080419 0.052017 
-0.014250 0.129299 0.098933 
0.051250 0.080324 0.050699 
0.051750 0.080211 0.049140 
-0.019750 0.103088 0.084128 
0.023000 0.105065 0.055031 
0.053250 0.080151 0.048301 
0.059000 0.101922 0.026205 
0.054250 0.080070 0.047291 
0.054750 0.080018 0.046656 
-0.035250 0.141419 0.082078 
0.055750 0.079936 0.045639 
0.056250 0.079884 0.045003 
0.056750 0.079833 0.044367 
0.057250 0.079771 0.043604 
-0.031500 0.142160 0.084833 
-0.008500 0.106402 0.082330 
-0.019000 0.154566 0.081115 
0.011750 0.098247 0.070597 
0.059750 0.079390 0.038899 
-0.022500 0.102414 0.084248 
0.028250 0.106961 0.050722 
-0.042750 0.147977 0.052601 
0.061750 0.079039 0.034576 
0.062250 0.078978 0.033813 
0.062750 0.078936 0.033304 
-0.004750 0.164626 0.013865 
0.063750 0.078844 0.032160 
-0.036750 0.122173 0.085196 
0.064750 0.078710 0.030507 
0.016250 0.099192 0.062693 
0.009750 0.111674 0.062336 
0.066250 0.078225 0.024531 
0.066750 0.078122 0.023259 
0.005250 0.105275 0.073350 
-0.049250 0.163621 0.046865 
0.011000 0.108334 0.065209 
-0.046000 0.081339 0.055134 
-0.030000 0.107639 0.079696 
-0.045000 0.081613 0.058969 
-0.044500 0.081776 0.061247 
-0.044000 0.081810 0.061726 
0.004500 0.111236 0.068202 
-0.043000 0.081964 0.063883 
-0.023250 0.114284 0.092707 
-0.042000 0.082084 0.065561 
-0.041500 0.082213 0.067359 
-0.061500 0.175823 0.029198 
-0.040500 0.082350 0.069276 
-0.040000 0.082444 0.070595 
-0.039500 0.082504 0.071434 
-0.039000 0.082538 0.071913 
-0.023250 0.107095 0.082569 
-0.062000 0.171475 0.035425 
-0.037500 0.082675 0.073831 
-0.037000 0.082735 0.074670 
-0.004500 0.151769 0.078480 
0.018500 0.106544 0.056708 
-0.035500 0.082838 0.076108 
-0.006500 0.129993 0.099726 
-0.017750 0.148414 0.089418 
-0.034000 0.082932 0.077426 
-0.026750 0.153877 0.081595 
-0.001750 0.118418 0.095990 
-0.032500 0.083009 0.078505 
-0.032000 0.083035 0.078864 
-0.005250 0.132028 0.098932 
-0.015000 0.136784 0.096666 
-0.030500 0.083104 0.079823 
-0.002250 0.141539 0.090551 
-0.048750 0.154960 0.044727 
-0.029000 0.083129 0.080183 
-0.028500 0.083146 0.080422 
-0.028000 0.083163 0.080662 
0.039000 0.096449 0.051076 
-0.027000 0.083223 0.081501 
-0.007250 0.101670 0.083050 
-0.035250 0.144192 0.082317 
0.014750 0.098005 0.066286 
-0.025000 0.083352 0.083299 
-0.024500 0.083369 0.083539 
-0.024000 0.083386 0.083778 
-0.045500 0.127831 0.066881 
-0.023000 0.083412 0.084138 
-0.022500 0.083429 0.084377 
-0.032000 0.108956 0.078617 
-0.016500 0.153199 0.083393 
0.060750 0.092941 0.031023 
-0.020500 0.083463 0.084857 
-0.020000 0.083472 0.084977 
-0.012750 0.108542 0.084365 
-0.019000 0.083480 0.085097 
-0.018500 0.083489 0.085216 
-0.018000 0.083489 0.085216 
-0.024500 0.103744 0.083648 
-0.036500 0.107417 0.075026 
-0.016500 0.083515 0.085576 
-0.053750 0.169333 0.040125 
-0.015500 0.083506 0.085456 
-0.015000 0.083506 0.085456 
0.032750 0.110899 0.045287 
0.058500 0.105801 0.019094 
-0.069000 0.157998 0.016542 
-0.013000 0.083506 0.085456 
-0.012500 0.083489 0.085216 
0.058250 0.113270 0.010216 
-0.001000 0.125855 0.097236 
-0.011000 0.083472 0.084977 
-0.036500 0.128338 0.084596 
-0.010000 0.083463 0.084857 
-0.037750 0.112241 0.075504 
-0.009000 0.083446 0.084617 
-0.006250 0.105649 0.080894 
0.053000 0.107566 0.024564 
-0.007500 0.083420 0.084258 
-0.007000 0.083412 0.084138 
-0.006500 0.083403 0.084018 
-0.006000 0.083395 0.083898 
0.000000 0.095427 0.081137 
-0.005000 0.083378 0.083658 
-0.029000 0.102338 0.082811 
-0.004000 0.083352 0.083299 
0.063250 0.096674 0.022889 
-0.003000 0.083335 0.083059 
-0.002500 0.083335 0.083059 
0.033750 0.120417 0.037799 
-0.010750 0.127950 0.099840 
-0.001000 0.083301 0.082580 
-0.000500 0.083283 0.082340 
0.021000 0.119967 0.043134 
0.000500 0.083258 0.081980 
-0.005250 0.094960 0.084730 
0.001500 0.083206 0.081261 
-0.001250 0.125164 0.096896 
-0.010500 0.112358 0.095537 
0.003000 0.083095 0.079703 
-0.062500 0.167120 0.037085 
-0.010250 0.111630 0.093952 
-0.026000 0.133963 0.089419 
0.005000 0.082906 0.077067 
0.052250 0.101573 0.031927 
0.006000 0.082872 0.076587 
0.055250 0.110883 0.019614 
0.011750 0.122148 0.044406 
-0.043500 0.126611 0.072986 
-0.016000 0.129973 0.098367 
-0.030750 0.097591 0.083172 
-0.017750 0.119868 0.100180 
0.011750 0.100907 0.068801 
0.010000 0.082641 0.073351 
0.010500 0.082598 0.072752 
0.011000 0.082547 0.072033 
0.011500 0.082512 0.071554 
0.012000 0.082478 0.071074 
0.012500 0.082427 0.070355 
0.010000 0.109709 0.064969 
-0.010500 0.177275 0.025008 
0.014000 0.082298 0.068557 
0.014500 0.082290 0.068438 
0.015000 0.082075 0.065441 
0.015500 0.081964 0.063883 
0.016000 0.081973 0.064003 
-0.064750 0.160329 0.023011 
-0.007250 0.138828 0.095759 
-0.042250 0.107658 0.065568 
0.018000 0.081930 0.063404 
0.013250 0.095476 0.070358 
0.019000 0.081896 0.062924 
-0.037750 0.135793 0.078128 
-0.002000 0.146279 0.083035 
0.020500 0.081801 0.061606 
0.021000 0.081759 0.061007 
-0.001500 0.135401 0.095194 
0.022000 0.081476 0.057052 
-0.005500 0.151781 0.079678 
0.023000 0.081416 0.056213 
0.023500 0.081416 0.056213 
0.029500 0.104872 0.051080 
0.024500 0.081416 0.056213 
-0.048250 0.159315 0.049224 
0.025500 0.081433 0.056453 
0.026000 0.081450 0.056692 
0.026500 0.081459 0.056812 
0.063500 0.090282 0.024021 
0.027500 0.081493 0.057292 
0.028000 0.081502 0.057411 
0.028500 0.081519 0.057651 
0.029000 0.081527 0.057771 
0.000250 0.109448 0.074427 
-0.043750 0.096758 0.068681 
0.030500 0.081570 0.058370 
0.031000 0.081587 0.058610 
-0.010750 0.132033 0.099272 
0.005000 0.103299 0.075027 
-0.013750 0.129301 0.099047 
-0.004750 0.148375 0.084712 
-0.006500 0.100989 0.083051 
0.034000 0.081656 0.059569 
0.028000 0.113100 0.046813 
0.035000 0.081673 0.059808 
0.035500 0.081681 0.059928 
0.036000 0.081690 0.060048 
0.036500 0.081699 0.060168 
-0.015250 0.160739 0.047253 
0.037500 0.081690 0.060048 
-0.003250 0.119773 0.096443 
0.038500 0.081681 0.059928 
0.039000 0.081681 0.059928 
0.030750 0.127217 0.029537 
-0.072250 0.180952 0.022336 
0.026000 0.117204 0.044402 
-0.037250 0.160760 0.051139 
0.041500 0.081621 0.059089 
0.042000 0.081613 0.058969 
0.024000 0.110456 0.050365 
0.043000 0.081579 0.058490 
0.050250 0.107081 0.028503 
0.044000 0.081536 0.057891 
0.044500 0.081510 0.057531 
0.045000 0.081493 0.057292 
0.045500 0.081339 0.055134 
-0.007500 0.171438 0.030730 
0.046500 0.081313 0.054775 
0.003000 0.127135 0.092365 
0.067500 0.090881 0.012444 
0.048000 0.081245 0.053816 
0.019000 0.099782 0.060777 
-0.052250 0.150591 0.041053 
-0.020500 0.127227 0.097575 
0.050000 0.081125 0.052138 
-0.006000 0.134066 0.098139 
0.051000 0.081048 0.051059 
0.051500 0.080902 0.049022 
0.052000 0.080885 0.048782 
-0.019500 0.115102 0.097348 
0.053000 0.080859 0.048423 
0.053500 0.080821 0.047929 
-0.030500 0.117513 0.087712 
-0.043500 0.160042 0.051500 
0.055000 0.080698 0.046403 
0.055500 0.080647 0.045767 
-0.017750 0.172156 0.028825 
0.056500 0.080575 0.044877 
0.057000 0.080513 0.044114 
-0.036750 0.100052 0.078381 
0.058000 0.080390 0.042588 
0.001000 0.135346 0.089985 
0.059000 0.080267 0.041062 
0.006500 0.120438 0.054678 
0.060000 0.080082 0.038773 
-0.039750 0.119284 0.080529 
0.062250 0.096761 0.024161 
0.061500 0.079857 0.035975 
0.038000 0.128905 0.017850 
0.023000 0.096925 0.059459 
0.063000 0.079590 0.032668 
0.020750 0.104437 0.056468 
0.048500 0.114925 0.027881 
0.051500 0.100900 0.032562 
0.065000 0.079323 0.029362 
0.011750 0.123312 0.038816 
-0.004000 0.144972 0.088739 
0.066500 0.078892 0.024021 
0.022250 0.128586 0.027757 
0.067500 0.078789 0.022749 
0.034750 0.093198 0.055386 
-0.010750 0.167852 0.037464 
0.035250 0.093198 0.055386 
-0.045750 0.082322 0.059210 
-0.045250 0.082322 0.059210 
-0.044750 0.082517 0.061966 
-0.044250 0.082543 0.062326 
-0.006750 0.183920 0.013450 
-0.008250 0.127954 0.100067 
-0.042750 0.082721 0.064843 
-0.012250 0.117182 0.099726 
0.049000 0.116189 0.024580 
0.028000 0.100825 0.054191 
-0.040750 0.082993 0.068678 
-0.047250 0.149302 0.046515 
0.035750 0.121701 0.034879 
-0.039250 0.083205 0.071674 
-0.038750 0.083255 0.072393 
-0.038250 0.083306 0.073112 
-0.037750 0.083340 0.073591 
-0.037250 0.083391 0.074310 
0.045750 0.107526 0.036004 
-0.036250 0.083468 0.075389 
-0.006750 0.175074 0.025900 
0.049250 0.098007 0.042479 
-0.034750 0.083569 0.076827 
-0.034250 0.083595 0.077187 
-0.012500 0.164275 0.041914 
-0.033250 0.083654 0.078025 
-0.032750 0.083688 0.078505 
0.018750 0.128555 0.026995 
-0.025750 0.134648 0.089079 
0.047250 0.103209 0.035235 
-0.030750 0.083773 0.079703 
-0.073000 0.180215 0.022972 
-0.029500 0.127096 0.090212 
-0.044250 0.104770 0.063173 
-0.028750 0.083832 0.080542 
-0.006250 0.115711 0.095311 
-0.027750 0.083875 0.081141 
0.019750 0.125956 0.033731 
-0.026750 0.083934 0.081980 
0.020750 0.123254 0.037546 
-0.041500 0.145839 0.051766 
-0.025250 0.084019 0.083179 
0.001250 0.101458 0.079099 
-0.024250 0.084062 0.083778 
-0.028000 0.151823 0.084112 
-0.043250 0.098179 0.069399 
0.044500 0.120573 0.026113 
-0.022250 0.084121 0.084617 
-0.031250 0.134573 0.085313 
-0.021250 0.084138 0.084857 
-0.053750 0.162139 0.044457 
-0.065250 0.167705 0.024012 
-0.036250 0.130398 0.084116 
0.005750 0.113158 0.064611 
-0.015250 0.132015 0.097913 
-0.018250 0.084180 0.085456 
-0.017750 0.084180 0.085456 
-0.033250 0.137284 0.082918 
-0.016750 0.084189 0.085575 
-0.009250 0.186924 0.006214 
-0.015750 0.084197 0.085695 
-0.015250 0.084206 0.085815 
-0.014750 0.084206 0.085815 
-0.014250 0.084197 0.085695 
0.063500 0.095937 0.022633 
-0.041750 0.142451 0.061116 
-0.044750 0.099323 0.065088 
-0.012250 0.084180 0.085456 
-0.011750 0.084172 0.085336 
-0.011250 0.084172 0.085336 
0.031250 0.119128 0.040465 
-0.010250 0.084155 0.085096 
-0.063500 0.174369 0.031358 
-0.009250 0.084138 0.084857 
-0.008750 0.084129 0.084737 
-0.008250 0.084129 0.084737 
-0.007750 0.084112 0.084497 
-0.007250 0.084104 0.084377 
-0.006000 0.159743 0.031643 
-0.052000 0.151343 0.042575 
-0.018500 0.143608 0.092701 
0.023250 0.101675 0.057066 
-0.004750 0.084053 0.083658 
-0.004250 0.084045 0.083538 
-0.003750 0.084045 0.083538 
-0.003250 0.084036 0.083418 
-0.027750 0.101695 0.083530 
0.003250 0.108007 0.072991 
-0.001750 0.084011 0.083059 
0.058750 0.103894 0.023285 
0.000250 0.149623 0.072849 
-0.000250 0.083968 0.082460 
0.036250 0.118978 0.037416 
0.048000 0.098749 0.042988 
0.053250 0.096540 0.041714 
-0.043500 0.123772 0.071433 
-0.029500 0.147712 0.086869 
0.002750 0.083815 0.080302 
-0.020750 0.148414 0.088966 
0.003750 0.083705 0.078745 
0.019750 0.103120 0.058024 
0.004750 0.083612 0.077426 
0.005250 0.083578 0.076947 
-0.042750 0.149408 0.053797 
-0.032000 0.147690 0.085191 
-0.016750 0.103088 0.084128 
0.007250 0.083518 0.076108 
-0.006250 0.137466 0.096439 
0.008250 0.083493 0.075748 
-0.036500 0.133790 0.081482 
0.021000 0.118629 0.044657 
-0.018500 0.109178 0.083406 
-0.018250 0.117165 0.099160 
0.038250 0.126937 0.022933 
0.011250 0.083264 0.072513 
-0.009500 0.155885 0.070447 
-0.001500 0.148969 0.076564 
0.021000 0.105118 0.056109 
-0.018750 0.099067 0.085207 
0.009250 0.110396 0.064850 
0.064000 0.102190 0.007516 
-0.013750 0.101740 0.084368 
0.065000 0.090207 0.023003 
-0.034250 0.115329 0.084002 
0.016250 0.082662 0.064004 
0.016750 0.082653 0.063884 
0.035000 0.122407 0.034753 
-0.001750 0.129288 0.098254 
-0.022000 0.134005 0.092930 
0.018750 0.082602 0.063165 
0.019250 0.082577 0.062805 
0.019750 0.082543 0.062326 
-0.030250 0.108311 0.079456 
-0.013250 0.170743 0.035046 
-0.017000 0.158598 0.050185 
0.021750 0.082416 0.060528 
0.022250 0.082136 0.056573 
-0.044750 0.150795 0.050919 
0.047250 0.104562 0.034093 
0.023750 0.082119 0.056334 
0.038250 0.093205 0.055506 
0.024750 0.082119 0.056334 
0.017500 0.122631 0.039580 
-0.001750 0.141534 0.089645 
-0.033250 0.104223 0.079697 
0.009500 0.100346 0.071195 
-0.071250 0.182430 0.018654 
0.027750 0.082195 0.057412 
-0.067250 0.166172 0.018938 
0.028750 0.082221 0.057772 
-0.044750 0.166475 0.043939 
-0.058750 0.164978 0.040262 
-0.010750 0.157832 0.045737 
-0.005750 0.118424 0.096216 
0.031250 0.082288 0.058731 
0.010750 0.121036 0.051686 
-0.014000 0.128620 0.099160 
0.032750 0.082314 0.059090 
0.017000 0.098484 0.062454 
0.033750 0.082339 0.059450 
0.034250 0.082348 0.059570 
0.034750 0.082365 0.059809 
0.035250 0.082365 0.059809 
0.035750 0.082382 0.060049 
-0.003000 0.128618 0.099047 
0.022500 0.105089 0.055510 
-0.018500 0.115116 0.097801 
0.037750 0.082382 0.060049 
0.038250 0.082382 0.060049 
0.038750 0.082373 0.059929 
0.033500 0.108820 0.045921 
0.039750 0.082348 0.059570 
0.040250 0.082339 0.059450 
-0.025000 0.139467 0.089192 
0.023250 0.103034 0.056348 
-0.021500 0.120492 0.098368 
-0.007500 0.139510 0.095419 
0.042750 0.082280 0.058611 
0.002750 0.130531 0.089986 
-0.061500 0.161150 0.028213 
0.045250 0.093040 0.052751 
0.044750 0.082203 0.057532 
0.045250 0.082034 0.055135 
-0.025250 0.109793 0.081969 
0.046250 0.082017 0.054896 
0.046750 0.081991 0.054536 
0.047250 0.081966 0.054177 
0.047750 0.081949 0.053937 
-0.009250 0.123862 0.099388 
0.048750 0.081890 0.053098 
0.034250 0.108099 0.045666 
-0.046000 0.164345 0.046990 
-0.006500 0.099667 0.083770 
0.050750 0.081754 0.051181 
0.023500 0.117237 0.045037 
0.051750 0.081584 0.048784 
0.052250 0.081584 0.048784 
-0.029250 0.109705 0.080054 
0.053250 0.081532 0.048057 
0.053750 0.081501 0.047676 
-0.026000 0.119015 0.093159 
0.054750 0.081440 0.046913 
0.055250 0.081378 0.046149 
0.057250 0.116020 0.007048 
0.056250 0.081286 0.045005 
0.056750 0.081266 0.044751 
0.057250 0.081204 0.043988 
-0.017250 0.122544 0.100294 
0.058250 0.081092 0.042588 
-0.021500 0.105099 0.083528 
0.059250 0.080969 0.041062 
0.059750 0.080847 0.039536 
-0.049250 0.166478 0.044193 
-0.034000 0.151794 0.081116 
0.061250 0.080571 0.036102 
0.061750 0.080530 0.035593 
-0.014250 0.100400 0.084728 
0.062750 0.080284 0.032541 
0.005250 0.113193 0.065449 
0.063750 0.080162 0.031015 
0.064250 0.080100 0.030252 
-0.003000 0.153112 0.073086 
0.058000 0.100685 0.029255 
0.021000 0.099691 0.059101 
0.066250 0.079661 0.024783 
-0.023500 0.150469 0.086749 
-0.009000 0.159779 0.033674 
0.067750 0.079395 0.021476 
0.013750 0.118217 0.051326 
-0.045750 0.124320 0.066645 
-0.046500 0.082721 0.055016 
-0.046000 0.083048 0.059690 
-0.045500 0.083040 0.059570 
0.049500 0.106433 0.029646 
-0.044500 0.083275 0.062926 
-0.044000 0.083292 0.063166 
-0.016750 0.137462 0.095986 
0.050750 0.116727 0.021024 
-0.022500 0.146350 0.089645 
-0.044500 0.094488 0.065327 
-0.041500 0.083636 0.068079 
0.041250 0.117428 0.034873 
-0.056500 0.151204 0.036863 
0.020750 0.128581 0.027630 
-0.039500 0.083880 0.071554 
-0.039000 0.083913 0.072033 
0.032000 0.100673 0.051318 
-0.027500 0.138040 0.086031 
-0.007000 0.153154 0.078000 
0.025250 0.111112 0.049288 
0.037000 0.092543 0.056104 
0.018250 0.121969 0.040595 
0.023250 0.105736 0.054433 
0.008250 0.114394 0.060900 
-0.034500 0.084266 0.077067 
-0.034000 0.084283 0.077306 
-0.033500 0.084325 0.077905 
-0.033000 0.084350 0.078265 
-0.032500 0.084384 0.078744 
-0.032000 0.084409 0.079104 
0.045000 0.101222 0.037522 
-0.031000 0.084451 0.079703 
-0.037250 0.145498 0.076926 
-0.037500 0.136479 0.077769 
-0.029500 0.084510 0.080542 
-0.029000 0.084543 0.081021 
-0.028500 0.084560 0.081261 
-0.001250 0.166002 0.004104 
-0.072750 0.179480 0.024242 
-0.027000 0.084611 0.081980 
0.030500 0.118471 0.041481 
-0.026000 0.084661 0.082699 
0.009750 0.125907 0.032588 
-0.025000 0.084720 0.083538 
-0.024500 0.084737 0.083778 
-0.037250 0.097295 0.078022 
-0.023500 0.084770 0.084257 
-0.006750 0.164694 0.018941 
-0.004750 0.142918 0.091683 
-0.025750 0.141531 0.089079 
0.041750 0.124150 0.025478 
-0.021000 0.084821 0.084976 
-0.020500 0.084829 0.085096 
-0.020000 0.084838 0.085216 
0.004750 0.123703 0.091799 
-0.021000 0.103762 0.084008 
-0.067000 0.155171 0.020735 
-0.018000 0.084863 0.085575 
-0.017500 0.084871 0.085695 
0.016500 0.095769 0.063531 
0.041500 0.126141 0.021283 
-0.013250 0.152512 0.083872 
-0.024500 0.149100 0.087587 
-0.015000 0.084888 0.085935 
0.012000 0.097564 0.070717 
-0.066000 0.177284 0.027926 
-0.013500 0.084880 0.085815 
0.009750 0.107715 0.066765 
-0.010250 0.169289 0.035557 
0.037000 0.125025 0.028906 
0.001000 0.147537 0.073330 
-0.011000 0.084854 0.085455 
-0.019500 0.143607 0.092362 
-0.010000 0.084838 0.085216 
-0.009500 0.084829 0.085096 
0.042000 0.124834 0.024587 
-0.008500 0.084812 0.084856 
-0.008000 0.084804 0.084736 
-0.007500 0.084796 0.084616 
-0.007000 0.084796 0.084616 
-0.020250 0.134711 0.094741 
-0.006000 0.084770 0.084257 
-0.005500 0.084762 0.084137 
-0.005000 0.084754 0.084017 
-0.004500 0.084737 0.083778 
-0.036500 0.135145 0.080164 
-0.003500 0.084728 0.083658 
-0.003000 0.084720 0.083538 
-0.002500 0.084712 0.083418 
0.012000 0.110922 0.061019 
-0.001500 0.084695 0.083178 
-0.001000 0.084678 0.082939 
0.029750 0.127238 0.030045 
-0.037750 0.160761 0.051259 
-0.043250 0.099494 0.068202 
0.001000 0.084619 0.082100 
0.001500 0.084586 0.081620 
-0.036250 0.094629 0.079221 
0.002500 0.084518 0.080662 
-0.006500 0.144976 0.090664 
-0.053250 0.149058 0.037120 
0.004000 0.084376 0.078625 
-0.017250 0.104430 0.083768 
0.005000 0.084275 0.077186 
0.005500 0.084249 0.076827 
-0.001000 0.160955 0.016283 
0.006500 0.084216 0.076348 
-0.029500 0.118901 0.088856 
0.031500 0.102077 0.051318 
0.035500 0.095170 0.053231 
0.008500 0.084165 0.075629 
0.009000 0.084140 0.075269 
0.009500 0.084107 0.074790 
-0.038250 0.133065 0.080165 
-0.044000 0.132090 0.069031 
-0.070750 0.175085 0.028184 
-0.022750 0.119793 0.097236 
0.049750 0.108565 0.029396 
0.012500 0.083880 0.071554 
0.024500 0.110445 0.050125 
0.013500 0.083771 0.069996 
0.014000 0.083737 0.069517 
-0.033000 0.118855 0.087352 
-0.037000 0.153085 0.069970 
-0.039750 0.157907 0.054382 
0.016000 0.083334 0.063765 
0.016500 0.083342 0.063884 
0.017000 0.083334 0.063765 
-0.065250 0.178014 0.026275 
0.001750 0.108064 0.074188 
0.018500 0.083300 0.063285 
0.019000 0.083283 0.063046 
0.019500 0.083258 0.062686 
0.018750 0.100471 0.060658 
0.020500 0.083199 0.061847 
-0.026750 0.142907 0.088853 
0.021500 0.083124 0.060769 
0.022000 0.082846 0.056814 
0.022500 0.082830 0.056574 
0.023000 0.082821 0.056455 
0.023500 0.082813 0.056335 
0.044500 0.095024 0.050716 
0.019500 0.094296 0.062094 
0.025000 0.082821 0.056455 
0.025500 0.082830 0.056574 
0.026000 0.082846 0.056814 
0.026500 0.082855 0.056934 
0.027000 0.082872 0.057174 
0.006500 0.095178 0.076945 
-0.070750 0.161634 0.012347 
0.028500 0.082905 0.057653 
-0.017750 0.115810 0.098594 
0.000000 0.123119 0.095990 
-0.040750 0.119219 0.078734 
0.025000 0.127954 0.029917 
0.031000 0.082972 0.058612 
0.031500 0.082981 0.058732 
0.032000 0.082998 0.058971 
0.032500 0.083006 0.059091 
0.061500 0.101525 0.019974 
0.033500 0.083015 0.059211 
-0.021750 0.104430 0.083768 
-0.034750 0.104174 0.078739 
-0.050500 0.158578 0.047512 
0.002250 0.133272 0.089193 
0.010750 0.100965 0.069878 
0.050500 0.096063 0.045021 
0.006500 0.107200 0.070477 
0.037500 0.083073 0.060050 
-0.007500 0.135428 0.097798 
0.038250 0.114816 0.039317 
0.039000 0.083057 0.059810 
0.039500 0.083048 0.059690 
-0.003500 0.143598 0.089758 
0.040500 0.083023 0.059331 
0.041000 0.083015 0.059211 
0.014750 0.100728 0.065448 
0.042000 0.082989 0.058851 
0.042500 0.082981 0.058732 
0.053500 0.107543 0.024182 
0.043500 0.082930 0.058013 
0.044000 0.082914 0.057773 
-0.021250 0.160711 0.045603 
0.045000 0.082737 0.055256 
-0.037750 0.106678 0.073949 
0.046000 0.082721 0.055016 
0.046500 0.082695 0.054657 
0.042500 0.108439 0.039437 
-0.011500 0.112373 0.095990 
-0.008250 0.169268 0.033399 
0.020500 0.122607 0.039072 
-0.033750 0.137276 0.082558 
0.049500 0.082536 0.052380 
0.050000 0.082502 0.051901 
0.050500 0.082468 0.051421 
0.051000 0.082426 0.050822 
0.051500 0.082275 0.048665 
0.025500 0.100888 0.055389 
0.052500 0.082275 0.048665 
0.053000 0.082250 0.048306 
-0.024500 0.119066 0.095084 
0.054000 0.082191 0.047550 
-0.053000 0.170049 0.038982 
0.055000 0.082119 0.046659 
-0.056000 0.151216 0.037371 
0.056000 0.082007 0.045260 
0.030750 0.125862 0.031572 
0.028000 0.122548 0.037802 
0.057500 0.081885 0.043734 
0.033000 0.106123 0.047953 
0.058500 0.081783 0.042462 
0.059000 0.081732 0.041826 
0.059500 0.081661 0.040936 
0.060000 0.081539 0.039409 
0.064250 0.093787 0.022755 
0.039000 0.104422 0.043247 
0.061500 0.081244 0.035721 
0.035250 0.117660 0.039447 
0.032000 0.114332 0.043510 
0.063000 0.080928 0.031778 
-0.006750 0.167585 0.012971 
0.064000 0.080796 0.030124 
-0.047500 0.165767 0.045210 
0.065000 0.080663 0.028471 
0.065500 0.080480 0.026182 
0.066000 0.080419 0.025418 
0.066500 0.080348 0.024528 
-0.041250 0.155081 0.055106 
-0.043750 0.103504 0.065568 
0.013750 0.125945 0.033477 
0.068500 0.079350 0.012063 
-0.046750 0.083416 0.055018 
-0.046250 0.083407 0.054898 
-0.045750 0.083931 0.062447 
-0.045250 0.083956 0.062807 
-0.044750 0.083981 0.063166 
-0.044250 0.084006 0.063526 
-0.059500 0.162675 0.032018 
-0.067750 0.160249 0.018315 
0.052750 0.112444 0.021777 
0.019750 0.107197 0.055750 
-0.031250 0.137312 0.084235 
-0.041250 0.084447 0.069877 
-0.040750 0.084489 0.070476 
-0.040250 0.084522 0.070955 
-0.039750 0.084555 0.071434 
-0.039250 0.084588 0.071914 
-0.006000 0.099660 0.083650 
-0.038250 0.084680 0.073232 
-0.037750 0.084722 0.073831 
-0.009000 0.144978 0.091569 
-0.036750 0.084797 0.074910 
-0.036250 0.084838 0.075509 
-0.035750 0.084871 0.075988 
-0.055000 0.168611 0.040508 
-0.034750 0.084930 0.076827 
-0.034250 0.084955 0.077186 
-0.033750 0.084988 0.077666 
-0.005750 0.110148 0.090219 
0.026750 0.113805 0.046814 
0.020000 0.106510 0.055990 
-0.032500 0.104912 0.079816 
-0.039250 0.098536 0.075746 
-0.020750 0.163537 0.041027 
-0.029750 0.137327 0.084953 
0.020750 0.101744 0.058383 
-0.007750 0.117126 0.097801 
0.056500 0.102109 0.029130 
-0.042250 0.131533 0.074539 
-0.017500 0.131325 0.097460 
-0.006250 0.161828 0.024658 
-0.024000 0.154563 0.080756 
0.027750 0.097346 0.054549 
-0.034250 0.120886 0.087231 
-0.025250 0.085387 0.083418 
0.066000 0.092841 0.019573 
-0.024250 0.085429 0.084017 
-0.023750 0.085445 0.084256 
-0.023250 0.085454 0.084376 
-0.022750 0.085470 0.084616 
-0.022250 0.085479 0.084736 
-0.036500 0.122865 0.085554 
-0.021250 0.085504 0.085095 
-0.020750 0.085504 0.085095 
-0.020250 0.085520 0.085335 
-0.018750 0.167844 0.036702 
0.000250 0.118402 0.095424 
0.039250 0.097084 0.049879 
-0.018250 0.085537 0.085575 
-0.019750 0.114406 0.096556 
-0.009500 0.103719 0.083169 
-0.016750 0.085553 0.085814 
0.062750 0.098105 0.022764 
-0.015750 0.085562 0.085934 
-0.015250 0.085570 0.086054 
0.030250 0.116393 0.042368 
0.012000 0.114918 0.056591 
0.031500 0.118445 0.040973 
-0.024250 0.099053 0.084968 
-0.012750 0.085562 0.085934 
-0.012250 0.085553 0.085814 
-0.011750 0.085553 0.085814 
-0.011250 0.085545 0.085694 
-0.010750 0.085537 0.085575 
-0.025250 0.151148 0.085670 
0.036750 0.099677 0.046296 
-0.009250 0.085520 0.085335 
-0.008750 0.085512 0.085215 
-0.003750 0.097598 0.083292 
-0.007750 0.085487 0.084856 
-0.007250 0.085479 0.084736 
0.029250 0.101462 0.052994 
-0.006250 0.085454 0.084376 
-0.005750 0.085454 0.084376 
-0.017000 0.143609 0.093041 
-0.004750 0.085429 0.084017 
0.007750 0.113093 0.063054 
-0.047000 0.161477 0.049219 
-0.003250 0.085412 0.083777 
-0.016750 0.152518 0.084472 
-0.002250 0.085395 0.083537 
-0.001750 0.085387 0.083418 
-0.001250 0.085371 0.083178 
0.021250 0.116584 0.046053 
-0.000250 0.085345 0.082819 
0.000250 0.085329 0.082579 
0.000750 0.085312 0.082339 
-0.035750 0.127679 0.085673 
0.001750 0.085262 0.081620 
0.002250 0.085229 0.081141 
-0.015000 0.112377 0.096103 
-0.050750 0.166475 0.043939 
0.003750 0.085113 0.079463 
0.043750 0.098319 0.047058 
0.002000 0.104744 0.076463 
-0.031750 0.106921 0.078977 
-0.043250 0.131453 0.071426 
0.006250 0.084905 0.076467 
0.010500 0.126572 0.031317 
0.007250 0.084880 0.076108 
0.007750 0.084863 0.075868 
0.008250 0.084855 0.075748 
0.008750 0.084830 0.075389 
-0.017250 0.127930 0.098707 
-0.024750 0.133291 0.090665 
0.053000 0.094606 0.044384 
0.010750 0.084713 0.073711 
-0.014500 0.128618 0.099047 
0.011750 0.084647 0.072753 
0.012250 0.084605 0.072154 
0.023500 0.094160 0.059818 
0.013250 0.084514 0.070835 
-0.049250 0.169335 0.040252 
-0.041250 0.145238 0.059195 
0.014750 0.084397 0.069158 
-0.043250 0.095399 0.069040 
0.015750 0.084164 0.065802 
0.016250 0.084014 0.063645 
0.016750 0.084023 0.063765 
0.017250 0.084023 0.063765 
0.017750 0.084023 0.063765 
-0.022000 0.142231 0.091683 
0.036250 0.098371 0.047821 
0.019250 0.083965 0.062926 
0.019750 0.083940 0.062567 
0.020250 0.083906 0.062088 
0.020750 0.083881 0.061728 
0.016750 0.109998 0.055871 
0.021750 0.083557 0.057055 
-0.016000 0.124547 0.100182 
0.022750 0.083532 0.056695 
0.023250 0.083515 0.056456 
0.023750 0.083515 0.056456 
0.024250 0.083515 0.056456 
0.024750 0.083515 0.056456 
0.025250 0.083524 0.056575 
-0.042500 0.097544 0.070357 
-0.007750 0.157661 0.036852 
-0.041000 0.164333 0.046102 
-0.056000 0.161374 0.041921 
0.027750 0.083582 0.057414 
0.028250 0.083590 0.057534 
0.028750 0.083599 0.057654 
-0.023750 0.129215 0.093723 
-0.000500 0.146171 0.075368 
0.030250 0.083649 0.058373 
-0.025500 0.099707 0.084489 
0.031250 0.083673 0.058732 
-0.040250 0.107838 0.069399 
-0.009500 0.134072 0.098592 
0.032750 0.083690 0.058972 
0.033250 0.083698 0.059092 
0.046250 0.104720 0.036636 
0.014750 0.108721 0.058504 
0.034750 0.083732 0.059571 
-0.029500 0.153187 0.081955 
0.035750 0.083748 0.059811 
-0.035250 0.096025 0.079699 
0.036750 0.083757 0.059931 
0.037250 0.083757 0.059931 
0.041750 0.125470 0.022554 
0.038250 0.083748 0.059811 
0.038750 0.083740 0.059691 
0.038500 0.104437 0.043502 
0.039750 0.083723 0.059451 
0.008500 0.103052 0.070237 
-0.009000 0.105063 0.082810 
-0.046750 0.097474 0.056825 
0.041750 0.083682 0.058852 
0.042250 0.083665 0.058612 
-0.034500 0.155808 0.058221 
0.043250 0.083632 0.058133 
-0.002750 0.161722 0.017931 
0.044250 0.083590 0.057534 
0.044750 0.083424 0.055137 
-0.018750 0.131996 0.096554 
0.033250 0.116347 0.041479 
0.046250 0.083407 0.054898 
-0.032000 0.153174 0.080397 
0.028250 0.112424 0.047321 
0.047750 0.083324 0.053700 
0.048250 0.083299 0.053340 
0.048750 0.083274 0.052981 
-0.026250 0.156597 0.072844 
0.049750 0.083199 0.051902 
-0.037500 0.121460 0.084239 
0.050750 0.083133 0.050943 
-0.039000 0.129615 0.080765 
0.051750 0.082983 0.048786 
0.021750 0.120619 0.041991 
0.031000 0.127875 0.028012 
0.053250 0.082931 0.048060 
0.053750 0.082901 0.047678 
0.054250 0.082870 0.047297 
0.054750 0.082840 0.046915 
0.055250 0.082799 0.046406 
-0.015750 0.117182 0.099726 
-0.041500 0.100372 0.071675 
-0.005000 0.108983 0.079216 
0.057250 0.082627 0.044244 
-0.012750 0.173634 0.030725 
-0.018000 0.119194 0.099953 
0.058750 0.082475 0.042336 
0.059250 0.082424 0.041700 
-0.061750 0.158934 0.027329 
-0.029750 0.102988 0.082212 
-0.055750 0.170766 0.037838 
-0.037000 0.124208 0.085075 
-0.066500 0.175825 0.029706 
0.062250 0.081643 0.031905 
0.062750 0.081603 0.031396 
-0.050000 0.152827 0.044985 
0.045250 0.110336 0.035372 
0.064250 0.081400 0.028852 
0.064750 0.081349 0.028216 
0.065250 0.081207 0.026435 
0.003500 0.117655 0.092706 
0.066250 0.081086 0.024909 
0.066750 0.081005 0.023891 
0.067250 0.080842 0.021856 
0.067750 0.080163 0.013333 
0.068250 0.080112 0.012697 
-0.022250 0.117091 0.096556 
-0.016000 0.153199 0.083393 
-0.047500 0.096728 0.055986 
-0.013750 0.111666 0.094971 
-0.045500 0.084654 0.062927 
-0.045000 0.084679 0.063287 
-0.044500 0.084737 0.064125 
-0.037750 0.153695 0.058704 
-0.031500 0.125702 0.089193 
0.047500 0.099927 0.039428 
-0.042500 0.085058 0.068799 
-0.042000 0.085124 0.069757 
0.024250 0.100292 0.057305 
0.025500 0.126599 0.031952 
-0.040500 0.085231 0.071315 
-0.040000 0.085247 0.071554 
-0.039500 0.085280 0.072034 
-0.039000 0.085297 0.072274 
-0.039750 0.135733 0.075494 
-0.038000 0.085420 0.074071 
0.049500 0.107894 0.030157 
-0.037000 0.085494 0.075149 
-0.036500 0.085519 0.075509 
-0.012750 0.160713 0.045730 
-0.035500 0.085577 0.076348 
-0.035000 0.085601 0.076707 
-0.034500 0.085634 0.077186 
-0.055250 0.157653 0.036471 
-0.029000 0.118910 0.089196 
-0.001500 0.124474 0.096556 
-0.032500 0.085783 0.079343 
-0.032000 0.085815 0.079823 
-0.040000 0.146036 0.065783 
-0.031000 0.085873 0.080661 
-0.030500 0.085898 0.081021 
-0.018250 0.099067 0.085207 
-0.029500 0.085956 0.081859 
0.032500 0.114311 0.043129 
-0.028500 0.085988 0.082339 
0.019000 0.106532 0.056469 
-0.009500 0.170004 0.034032 
-0.025500 0.138082 0.088174 
-0.061500 0.155338 0.028732 
-0.026000 0.086046 0.083178 
0.020500 0.101066 0.058742 
-0.017000 0.168578 0.037335 
-0.024500 0.086096 0.083897 
-0.024000 0.086112 0.084136 
-0.014250 0.114463 0.098367 
-0.023000 0.086137 0.084496 
-0.022500 0.086153 0.084735 
-0.025250 0.118359 0.093838 
-0.021500 0.086178 0.085095 
-0.042250 0.121889 0.076818 
-0.020500 0.086194 0.085334 
0.023000 0.129200 0.025089 
-0.019500 0.086203 0.085454 
-0.019000 0.086211 0.085574 
0.056250 0.112188 0.017075 
-0.017750 0.157892 0.051025 
-0.005750 0.138826 0.095419 
0.043250 0.124093 0.024207 
-0.016500 0.086236 0.085934 
-0.016000 0.086244 0.086053 
-0.015500 0.086244 0.086053 
-0.020250 0.130620 0.095988 
0.010750 0.103595 0.067364 
-0.014000 0.086252 0.086173 
-0.013500 0.086252 0.086173 
-0.013000 0.086252 0.086173 
-0.012500 0.086244 0.086053 
-0.012000 0.086244 0.086053 
-0.011500 0.086236 0.085934 
-0.011000 0.086227 0.085814 
-0.010500 0.086227 0.085814 
-0.010000 0.086211 0.085574 
-0.005250 0.159019 0.032026 
-0.036750 0.123536 0.085315 
0.000000 0.151692 0.070451 
-0.012500 0.116506 0.099499 
-0.007500 0.086170 0.084975 
-0.007000 0.086162 0.084855 
-0.006500 0.086153 0.084735 
-0.037000 0.110075 0.073110 
-0.005500 0.086137 0.084496 
-0.005000 0.086120 0.084256 
-0.004500 0.086112 0.084136 
-0.004000 0.086104 0.084016 
-0.055500 0.152668 0.038130 
-0.003000 0.086087 0.083777 
-0.011750 0.156457 0.048271 
-0.002000 0.086071 0.083537 
-0.001500 0.086063 0.083417 
-0.024000 0.155926 0.077040 
-0.020500 0.164250 0.040137 
0.045250 0.111745 0.035120 
-0.026250 0.153878 0.081715 
0.001000 0.085988 0.082339 
0.062500 0.093185 0.024408 
0.002000 0.085931 0.081500 
0.002500 0.085898 0.081021 
0.037250 0.109377 0.043379 
0.036250 0.128350 0.022042 
-0.013500 0.161432 0.045474 
0.044750 0.104814 0.038162 
0.024500 0.095511 0.059100 
0.013000 0.094808 0.070717 
0.016000 0.118750 0.047071 
-0.042250 0.163640 0.048134 
0.005000 0.123021 0.091459 
0.007500 0.085552 0.075988 
0.008000 0.085535 0.075748 
-0.021250 0.096377 0.085688 
0.009000 0.085503 0.075269 
-0.007000 0.119137 0.097802 
-0.031250 0.108283 0.078857 
0.010500 0.085428 0.074191 
0.011000 0.085396 0.073711 
0.011500 0.085354 0.073112 
0.012000 0.085330 0.072753 
-0.028750 0.152506 0.083153 
-0.009750 0.142924 0.093268 
0.013500 0.085198 0.070836 
0.014000 0.085148 0.070117 
0.014500 0.085115 0.069637 
-0.012000 0.140877 0.094966 
0.059500 0.103183 0.023411 
0.016000 0.084687 0.063406 
-0.010750 0.164971 0.039755 
0.017000 0.084712 0.063766 
0.021500 0.105112 0.055989 
0.018000 0.084704 0.063646 
0.018500 0.084679 0.063287 
0.019000 0.084662 0.063047 
0.019500 0.084638 0.062688 
0.020000 0.084621 0.062448 
-0.039750 0.130275 0.079568 
0.021000 0.084555 0.061489 
0.021500 0.084415 0.059452 
-0.065000 0.175824 0.029579 
-0.030500 0.110372 0.079695 
0.023000 0.084226 0.056696 
0.023500 0.084218 0.056576 
-0.007750 0.164726 0.021352 
0.024500 0.084210 0.056456 
0.025000 0.084218 0.056576 
-0.008750 0.153846 0.077760 
-0.045250 0.155058 0.051630 
0.026500 0.084242 0.056936 
0.011000 0.117636 0.054557 
0.016750 0.096435 0.063052 
-0.040750 0.120612 0.079452 
-0.002750 0.122460 0.096556 
-0.032250 0.115368 0.084960 
0.048500 0.099624 0.034849 
-0.066000 0.158090 0.021492 
-0.010250 0.118519 0.099726 
0.031000 0.084358 0.058613 
0.029250 0.125884 0.032080 
0.032000 0.084366 0.058733 
-0.068500 0.180215 0.023226 
0.033000 0.084382 0.058973 
-0.005250 0.114334 0.094292 
-0.059000 0.151118 0.033308 
0.015500 0.114742 0.052162 
0.035000 0.084415 0.059452 
0.035500 0.084432 0.059692 
0.036000 0.084432 0.059692 
0.036500 0.084432 0.059692 
0.037000 0.084440 0.059812 
0.037500 0.084432 0.059692 
-0.019000 0.128596 0.097688 
0.038500 0.084432 0.059692 
-0.013750 0.105780 0.083528 
-0.019750 0.159315 0.049104 
0.040000 0.084399 0.059212 
0.040500 0.084391 0.059093 
-0.006500 0.184666 0.012180 
0.016000 0.120029 0.044404 
0.042000 0.084358 0.058613 
0.057500 0.111283 0.013769 
0.043000 0.084325 0.058134 
0.030500 0.107580 0.048926 
-0.068000 0.166895 0.017541 
-0.002500 0.161011 0.019710 
-0.063250 0.175097 0.030595 
0.045500 0.084135 0.055378 
-0.010000 0.140876 0.094853 
-0.028750 0.144281 0.087947 
0.047000 0.084061 0.054300 
0.047500 0.084028 0.053820 
0.048000 0.084004 0.053461 
0.048500 0.083971 0.052982 
0.049000 0.083930 0.052382 
0.009500 0.126523 0.030174 
-0.027500 0.114717 0.085678 
0.050500 0.083847 0.051184 
0.051000 0.083789 0.050345 
0.051500 0.083691 0.048908 
0.000000 0.112180 0.090331 
-0.035750 0.141409 0.081479 
0.053000 0.083649 0.048308 
0.058500 0.097857 0.029759 
-0.067500 0.178748 0.026147 
0.054500 0.083550 0.047044 
0.055000 0.083510 0.046535 
-0.016750 0.156610 0.075121 
-0.021000 0.134018 0.094062 
0.056500 0.083389 0.045008 
0.057000 0.083358 0.044627 
0.020250 0.107186 0.055511 
0.058000 0.083257 0.043354 
0.035250 0.124399 0.031066 
0.000750 0.101471 0.079338 
0.017500 0.117361 0.047451 
0.035250 0.119022 0.038305 
0.060500 0.082934 0.039283 
0.061000 0.082843 0.038139 
-0.032500 0.100911 0.081614 
0.062000 0.082601 0.035085 
0.062500 0.082601 0.035085 
-0.033000 0.150432 0.083274 
-0.032750 0.100229 0.081614 
-0.001500 0.158081 0.020985 
0.064500 0.082035 0.027961 
0.065000 0.081945 0.026816 
0.039750 0.100879 0.043117 
0.066000 0.081823 0.025290 
0.066500 0.081732 0.024145 
0.067000 0.081611 0.022618 
0.042250 0.125459 0.022300 
-0.006250 0.160415 0.028088 
-0.033250 0.131830 0.086032 
-0.047250 0.084806 0.055020 
-0.046750 0.084830 0.055379 
-0.009750 0.157810 0.044594 
-0.015000 0.155923 0.076560 
0.028250 0.094646 0.056225 
-0.012000 0.146351 0.090890 
-0.002750 0.149700 0.079679 
0.011000 0.105640 0.066765 
0.060250 0.110318 0.009446 
-0.042750 0.085792 0.069518 
-0.004000 0.113646 0.093839 
-0.041750 0.085882 0.070836 
-0.041250 0.085906 0.071195 
-0.014500 0.143610 0.093267 
-0.038250 0.110710 0.071913 
-0.039750 0.085972 0.072154 
-0.019750 0.130625 0.096328 
-0.071000 0.174260 0.011437 
-0.038250 0.086143 0.074670 
-0.037750 0.086176 0.075149 
-0.038500 0.111430 0.072631 
-0.036750 0.086224 0.075868 
-0.022250 0.126523 0.096443 
-0.035750 0.086257 0.076348 
-0.035250 0.086290 0.076827 
-0.026500 0.129863 0.091232 
-0.034250 0.086355 0.077785 
-0.033750 0.086437 0.078984 
-0.033250 0.086469 0.079463 
-0.060250 0.169310 0.037714 
-0.032250 0.086518 0.080182 
-0.038500 0.122785 0.083161 
-0.031250 0.086583 0.081140 
-0.030750 0.086608 0.081500 
-0.030250 0.086624 0.081739 
0.041000 0.123501 0.027130 
-0.057500 0.156875 0.033426 
0.039750 0.116090 0.036523 
-0.028250 0.086689 0.082698 
-0.027750 0.086706 0.082938 
-0.027250 0.086714 0.083057 
-0.026750 0.086722 0.083177 
-0.058250 0.154709 0.033048 
-0.058500 0.168597 0.039112 
0.028500 0.127917 0.029028 
-0.024750 0.086779 0.084016 
-0.010500 0.151819 0.083633 
-0.023750 0.086795 0.084256 
0.014250 0.114113 0.053957 
-0.022750 0.086828 0.084735 
-0.022250 0.086836 0.084855 
-0.045000 0.158604 0.051504 
-0.021250 0.086852 0.085094 
-0.037000 0.096624 0.078262 
-0.029750 0.120949 0.089535 
-0.051250 0.169333 0.040125 
-0.019250 0.086885 0.085574 
-0.059000 0.161216 0.032275 
-0.018250 0.086893 0.085694 
-0.017750 0.086901 0.085813 
0.001500 0.129891 0.093044 
-0.016750 0.086909 0.085933 
-0.047500 0.158597 0.049825 
-0.015750 0.086917 0.086053 
-0.015250 0.086926 0.086173 
-0.030500 0.120261 0.089082 
-0.014250 0.086926 0.086173 
-0.013750 0.086934 0.086292 
0.024500 0.102293 0.055509 
-0.032750 0.134545 0.084116 
-0.037000 0.114530 0.081130 
-0.011750 0.086926 0.086173 
-0.011250 0.086917 0.086053 
-0.010750 0.086909 0.085933 
0.020000 0.102441 0.058383 
-0.009750 0.086893 0.085694 
0.043750 0.106288 0.039053 
0.035000 0.107386 0.045538 
-0.008250 0.086877 0.085454 
-0.007750 0.086861 0.085214 
-0.001000 0.138113 0.092023 
-0.006750 0.086844 0.084974 
-0.006250 0.086836 0.084855 
-0.005750 0.086820 0.084615 
-0.005250 0.086811 0.084495 
0.048000 0.117689 0.025854 
-0.020500 0.128581 0.096782 
-0.003750 0.086779 0.084016 
-0.021000 0.144977 0.091003 
-0.021500 0.142233 0.092022 
-0.009500 0.105075 0.083049 
-0.006750 0.114334 0.094292 
0.036250 0.117621 0.038685 
-0.000750 0.086730 0.083297 
-0.018500 0.112327 0.094632 
-0.004750 0.119773 0.096443 
0.000750 0.086681 0.082578 
0.030750 0.121838 0.037801 
0.001750 0.086640 0.081979 
0.002250 0.086608 0.081500 
-0.004750 0.111544 0.091463 
0.003250 0.086551 0.080661 
-0.030250 0.098953 0.083172 
-0.020250 0.112992 0.094405 
0.004750 0.086445 0.079103 
-0.014500 0.142243 0.094173 
0.005750 0.086331 0.077426 
0.006250 0.086290 0.076827 
0.006750 0.086265 0.076467 
0.007250 0.086241 0.076108 
-0.035250 0.101471 0.079338 
-0.035000 0.128383 0.086152 
-0.015250 0.134740 0.097346 
0.009250 0.086167 0.075029 
0.009750 0.086143 0.074670 
0.010250 0.086127 0.074430 
0.010750 0.086094 0.073951 
0.011250 0.086061 0.073472 
-0.006750 0.151113 0.082195 
-0.027750 0.149773 0.086150 
0.012750 0.085964 0.072034 
0.031250 0.106865 0.048687 
-0.016250 0.113071 0.096782 
0.014250 0.085817 0.069877 
-0.008500 0.184667 0.012053 
-0.005250 0.122478 0.097349 
0.015750 0.085540 0.065803 
0.017000 0.123925 0.036529 
0.016750 0.085401 0.063767 
-0.009500 0.180213 0.020054 
0.017750 0.085393 0.063647 
0.018250 0.085385 0.063527 
-0.027750 0.126427 0.091232 
0.019250 0.085336 0.062808 
-0.037500 0.118704 0.083282 
0.020250 0.085295 0.062209 
0.020750 0.085271 0.061849 
0.021250 0.085091 0.059213 
0.047750 0.103145 0.034218 
0.022250 0.084977 0.057536 
0.022750 0.084944 0.057057 
-0.064750 0.166235 0.024142 
0.003000 0.119030 0.093725 
0.024250 0.084912 0.056577 
-0.055750 0.159093 0.036087 
0.025250 0.084912 0.056577 
0.025750 0.084920 0.056697 
-0.017000 0.103756 0.083888 
0.026750 0.084936 0.056937 
0.027250 0.084944 0.057057 
-0.062750 0.151708 0.027849 
0.028250 0.084969 0.057416 
-0.022250 0.125164 0.096896 
-0.001250 0.112920 0.092255 
0.029750 0.085010 0.058015 
0.030250 0.085018 0.058135 
0.030750 0.085034 0.058375 
0.031250 0.085042 0.058495 
0.000500 0.110102 0.073709 
-0.007250 0.115759 0.096895 
0.032750 0.085067 0.058854 
-0.027000 0.114727 0.085918 
0.033750 0.085083 0.059094 
0.034250 0.085091 0.059213 
-0.029750 0.112520 0.081968 
0.018750 0.108584 0.055512 
0.035750 0.085116 0.059573 
0.036250 0.085116 0.059573 
0.036750 0.085116 0.059573 
-0.019250 0.121197 0.099841 
-0.006250 0.094982 0.085090 
0.051250 0.097930 0.041334 
-0.013500 0.154554 0.079557 
0.039250 0.085099 0.059333 
-0.030500 0.131196 0.088400 
0.024000 0.127949 0.029790 
0.040750 0.085067 0.058854 
-0.065500 0.159570 0.021743 
-0.026000 0.127133 0.092251 
0.042250 0.085026 0.058255 
0.042750 0.085018 0.058135 
-0.019000 0.117838 0.099273 
-0.002750 0.137451 0.094741 
0.003750 0.126440 0.091912 
-0.023750 0.121107 0.096103 
0.045250 0.084846 0.055619 
0.046500 0.124555 0.018237 
-0.028000 0.142215 0.088060 
0.046750 0.084765 0.054421 
-0.019000 0.167125 0.037592 
0.047750 0.084700 0.053462 
-0.044500 0.101306 0.063292 
0.048750 0.084626 0.052384 
-0.028000 0.138035 0.085791 
-0.038250 0.101304 0.076225 
0.057250 0.093407 0.037512 
-0.043500 0.104196 0.065568 
0.051250 0.084406 0.049149 
-0.011000 0.121874 0.100181 
-0.017500 0.095704 0.085808 
-0.027500 0.113277 0.083764 
0.053250 0.084331 0.048063 
0.053750 0.084291 0.047554 
0.054250 0.084251 0.047045 
-0.061250 0.153199 0.029877 
0.055250 0.084180 0.046154 
-0.026500 0.133959 0.089079 
0.017750 0.104532 0.058384 
-0.023500 0.128537 0.094177 
0.038750 0.105128 0.043248 
0.057750 0.083979 0.043610 
-0.004250 0.100282 0.082572 
-0.038000 0.113003 0.077299 
0.030250 0.124535 0.034114 
0.059750 0.083778 0.041065 
0.031500 0.121146 0.038181 
0.060750 0.083597 0.038775 
-0.020750 0.162129 0.043823 
0.061750 0.083486 0.037375 
0.062250 0.083305 0.035085 
0.062750 0.082933 0.030378 
0.063250 0.082893 0.029869 
0.063750 0.082812 0.028851 
-0.040000 0.100515 0.074309 
0.041000 0.102886 0.041339 
-0.037000 0.154403 0.059062 
-0.004250 0.170481 0.001260 
-0.066000 0.163986 0.021227 
0.047750 0.108779 0.033082 
-0.009500 0.112319 0.094405 
0.067750 0.082048 0.019182 
-0.001250 0.118415 0.095877 
0.059000 0.100586 0.027729 
-0.036500 0.125600 0.085434 
-0.046500 0.085953 0.061730 
-0.046000 0.086034 0.062928 
0.055250 0.113655 0.017460 
-0.045000 0.086147 0.064606 
0.042750 0.125431 0.021665 
0.004250 0.102669 0.076105 
-0.014250 0.103082 0.084008 
-0.040500 0.108517 0.069160 
-0.042500 0.086542 0.070477 
-0.006500 0.138147 0.096099 
-0.041500 0.086615 0.071555 
-0.010750 0.148414 0.088739 
0.023500 0.096918 0.059340 
-0.040000 0.086679 0.072513 
-0.008000 0.186164 0.009513 
-0.039000 0.086808 0.074431 
0.055250 0.097358 0.032938 
-0.054500 0.155522 0.037490 
-0.037500 0.086921 0.076108 
-0.039500 0.133700 0.077770 
-0.025000 0.151831 0.084951 
-0.036000 0.086962 0.076707 
-0.035500 0.086970 0.076827 
-0.035000 0.087034 0.077785 
0.034000 0.112897 0.043128 
-0.024750 0.142910 0.089758 
-0.033500 0.087172 0.079822 
-0.034750 0.127710 0.086750 
-0.032500 0.087228 0.080661 
-0.032000 0.087252 0.081020 
-0.011500 0.149104 0.088173 
-0.031000 0.087301 0.081739 
-0.030500 0.087317 0.081979 
-0.020000 0.161438 0.045855 
-0.029500 0.087349 0.082458 
-0.039250 0.162198 0.049457 
-0.039750 0.134375 0.076932 
-0.028000 0.087398 0.083177 
0.030000 0.096571 0.053232 
-0.027000 0.087414 0.083416 
0.041500 0.101445 0.040956 
-0.061250 0.158948 0.028091 
-0.025500 0.087446 0.083896 
-0.008750 0.156280 0.039520 
-0.024500 0.087470 0.084255 
-0.028500 0.105003 0.081612 
-0.023500 0.087486 0.084495 
-0.006500 0.128631 0.099840 
-0.022500 0.087511 0.084854 
-0.022000 0.087519 0.084974 
-0.021500 0.087527 0.085094 
-0.021000 0.087535 0.085214 
0.029500 0.115772 0.044020 
-0.020000 0.087551 0.085453 
-0.036750 0.159329 0.053300 
-0.019000 0.087559 0.085573 
-0.018500 0.087567 0.085693 
-0.018000 0.087567 0.085693 
-0.017500 0.087575 0.085813 
-0.017000 0.087583 0.085933 
0.016250 0.120668 0.043007 
-0.016000 0.087591 0.086052 
-0.015500 0.087599 0.086172 
-0.015000 0.087599 0.086172 
-0.014500 0.087599 0.086172 
-0.014000 0.087607 0.086292 
-0.013500 0.087607 0.086292 
-0.019250 0.100406 0.084847 
-0.012500 0.087607 0.086292 
-0.012000 0.087607 0.086292 
0.008500 0.117720 0.056831 
-0.028500 0.110415 0.080652 
-0.010500 0.087591 0.086052 
-0.010000 0.087583 0.085933 
-0.020500 0.115081 0.096669 
-0.009000 0.087567 0.085693 
-0.020000 0.129943 0.096441 
-0.008000 0.087551 0.085453 
-0.007500 0.087543 0.085333 
0.039000 0.124946 0.027128 
-0.006500 0.087519 0.084974 
-0.009250 0.122527 0.099501 
-0.001000 0.150336 0.074286 
-0.005000 0.087486 0.084495 
-0.004500 0.087470 0.084255 
-0.056250 0.166444 0.041401 
-0.045500 0.161478 0.049938 
-0.003000 0.087446 0.083896 
-0.002500 0.087446 0.083896 
-0.051500 0.167187 0.042922 
-0.001500 0.087422 0.083536 
-0.001000 0.087414 0.083416 
-0.000500 0.087406 0.083297 
-0.047000 0.155758 0.050190 
-0.001750 0.151037 0.074765 
0.001000 0.087357 0.082578 
-0.027250 0.135991 0.086989 
0.002000 0.087317 0.081979 
0.002500 0.087285 0.081500 
-0.045000 0.103998 0.061616 
0.003500 0.087236 0.080781 
-0.046000 0.124991 0.065687 
0.004500 0.087172 0.079822 
0.005000 0.087139 0.079343 
0.013750 0.099421 0.066885 
-0.007750 0.110185 0.091237 
-0.002500 0.095534 0.082934 
0.062250 0.104663 0.012226 
0.007500 0.086913 0.075988 
0.001250 0.130597 0.094403 
-0.001000 0.115007 0.094292 
0.009000 0.086857 0.075149 
0.009500 0.086833 0.074790 
0.010000 0.086808 0.074431 
-0.032250 0.108260 0.078378 
0.011000 0.086752 0.073592 
-0.039500 0.101895 0.074428 
0.026500 0.117191 0.044148 
0.012500 0.086663 0.072274 
-0.035750 0.115290 0.083044 
0.013500 0.086582 0.071076 
0.014000 0.086542 0.070477 
0.014500 0.086421 0.068679 
-0.068750 0.176554 0.028816 
0.047500 0.106655 0.033333 
0.016000 0.086082 0.063647 
0.016500 0.086098 0.063887 
0.017000 0.086098 0.063887 
-0.009750 0.156402 0.045486 
0.002250 0.122417 0.094631 
0.018500 0.086050 0.063168 
-0.014750 0.129297 0.098820 
0.019500 0.086017 0.062689 
0.020000 0.086001 0.062449 
0.020500 0.085969 0.061970 
-0.009250 0.127954 0.100067 
0.000500 0.136731 0.091004 
0.022000 0.085735 0.058495 
0.058750 0.099928 0.028618 
0.023000 0.085670 0.057537 
0.021750 0.103071 0.057066 
0.024000 0.085630 0.056938 
0.024500 0.085614 0.056698 
0.025000 0.085606 0.056578 
-0.011000 0.143609 0.092928 
0.026500 0.111784 0.048570 
0.026500 0.085622 0.056818 
0.027000 0.085630 0.056938 
-0.024000 0.123109 0.095537 
-0.015750 0.115823 0.099046 
-0.028000 0.117547 0.088857 
0.029000 0.085670 0.057537 
0.029500 0.085686 0.057776 
0.030000 0.085703 0.058016 
0.016750 0.127292 0.031316 
0.031000 0.085727 0.058376 
0.002000 0.099388 0.078740 
0.024500 0.113149 0.047703 
0.032500 0.085743 0.058615 
-0.007750 0.153841 0.077160 
0.033500 0.085759 0.058855 
0.034000 0.085775 0.059094 
-0.055750 0.165005 0.042293 
0.035000 0.085783 0.059214 
0.041000 0.104310 0.041467 
0.007250 0.106493 0.070117 
-0.031000 0.120258 0.088969 
0.037000 0.085800 0.059454 
0.037500 0.085791 0.059334 
0.038000 0.085791 0.059334 
0.038500 0.085791 0.059334 
0.051250 0.105610 0.027865 
0.039500 0.085775 0.059094 
-0.030250 0.102976 0.081972 
-0.003250 0.133378 0.097686 
0.041000 0.085743 0.058615 
-0.022500 0.099733 0.084968 
0.017500 0.127917 0.029028 
0.000250 0.126513 0.095876 
0.043000 0.085670 0.057537 
0.044000 0.125966 0.017219 
0.044000 0.085622 0.056818 
-0.003500 0.100930 0.081973 
-0.035500 0.102136 0.078979 
0.038000 0.093869 0.054907 
0.005000 0.124362 0.091006 
0.046500 0.085477 0.054661 
0.047000 0.085444 0.054182 
-0.035750 0.157913 0.055581 
0.048000 0.085348 0.052744 
-0.055000 0.172925 0.034280 
-0.006500 0.109033 0.080294 
-0.018750 0.166415 0.038990 
-0.039250 0.156500 0.055823 
0.058500 0.093891 0.034332 
-0.053000 0.154146 0.040158 
-0.064000 0.159610 0.024028 
0.016000 0.126610 0.032206 
0.000500 0.119074 0.095424 
-0.062250 0.160393 0.026819 
0.053500 0.085001 0.047682 
-0.037250 0.130356 0.082560 
0.054500 0.084921 0.046664 
0.055000 0.084881 0.046156 
0.055500 0.084840 0.045647 
0.056000 0.084800 0.045138 
0.056500 0.084770 0.044756 
0.057000 0.084730 0.044247 
0.057500 0.084680 0.043611 
0.058000 0.084650 0.043229 
-0.013250 0.107153 0.083766 
0.059000 0.084550 0.041957 
-0.018750 0.148414 0.089418 
-0.016000 0.146351 0.091229 
-0.011250 0.095011 0.085569 
0.061000 0.084270 0.038394 
-0.010500 0.184676 0.009009 
0.020250 0.124603 0.035639 
-0.008250 0.111615 0.093500 
-0.043750 0.132817 0.070108 
0.063500 0.083498 0.028596 
-0.010750 0.141558 0.094400 
0.064500 0.083338 0.026560 
0.065000 0.083298 0.026052 
0.065500 0.083228 0.025161 
0.066000 0.083178 0.024525 
0.066500 0.083128 0.023888 
0.067000 0.082767 0.019308 
0.067500 0.082767 0.019308 
-0.022250 0.157882 0.048868 
0.068500 0.082196 0.012055 
-0.012750 0.142926 0.093720 
-0.047250 0.086228 0.055501 
-0.058250 0.157573 0.032282 
-0.046250 0.086699 0.062570 
-0.009250 0.156283 0.039647 
-0.045250 0.086827 0.064487 
0.020000 0.126626 0.032587 
-0.002000 0.098197 0.081854 
-0.043750 0.087091 0.068440 
-0.043250 0.087178 0.069758 
-0.038500 0.133729 0.078967 
-0.052500 0.165747 0.043687 
-0.005500 0.155325 0.028097 
0.003250 0.097315 0.078382 
-0.040750 0.087370 0.072633 
-0.056250 0.167886 0.040636 
-0.039750 0.087442 0.073712 
-0.039250 0.087522 0.074910 
0.001750 0.115625 0.092480 
-0.038250 0.087594 0.075988 
-0.037750 0.087618 0.076348 
0.062250 0.095341 0.024412 
-0.039750 0.131650 0.079088 
-0.033750 0.115338 0.084242 
-0.035750 0.087674 0.077186 
-0.044750 0.097964 0.065567 
-0.042000 0.129480 0.075857 
0.012250 0.120939 0.048814 
-0.014500 0.147726 0.089871 
0.057500 0.115343 0.008062 
-0.032750 0.087922 0.080900 
0.027250 0.112452 0.047830 
-0.031750 0.087961 0.081499 
-0.031250 0.087985 0.081859 
-0.030750 0.088001 0.082098 
-0.030250 0.088025 0.082458 
-0.016250 0.147038 0.090663 
-0.029250 0.088057 0.082937 
-0.026250 0.100373 0.084249 
-0.028250 0.088081 0.083296 
-0.027750 0.088097 0.083536 
0.026250 0.128597 0.028011 
-0.026750 0.088113 0.083775 
-0.026250 0.088129 0.084015 
-0.025750 0.088137 0.084135 
-0.002750 0.106910 0.078738 
-0.024750 0.088153 0.084375 
-0.015250 0.113075 0.096895 
0.001000 0.096729 0.080059 
-0.048250 0.147775 0.042709 
-0.022750 0.088177 0.084734 
-0.033000 0.140756 0.083635 
-0.040750 0.135709 0.074416 
-0.021250 0.088209 0.085213 
-0.020750 0.088217 0.085333 
-0.020250 0.088225 0.085453 
-0.019750 0.088233 0.085573 
-0.019250 0.088233 0.085573 
-0.018000 0.171437 0.030603 
-0.018250 0.088241 0.085693 
-0.018250 0.163577 0.043819 
-0.004250 0.138821 0.094740 
0.029000 0.126572 0.031317 
-0.016250 0.088265 0.086052 
0.001750 0.131930 0.091684 
0.011500 0.108312 0.064730 
-0.000750 0.119758 0.095877 
0.009000 0.096318 0.072992 
-0.007750 0.145663 0.090437 
0.023750 0.104354 0.054792 
-0.007000 0.129995 0.099839 
-0.012250 0.088281 0.086291 
-0.011750 0.088281 0.086291 
0.016000 0.102589 0.061257 
-0.010750 0.088273 0.086172 
-0.011750 0.142925 0.093494 
-0.024750 0.153879 0.081955 
-0.061750 0.164829 0.029094 
-0.008750 0.088241 0.085693 
-0.008250 0.088233 0.085573 
-0.007750 0.088225 0.085453 
-0.007250 0.088225 0.085453 
-0.006750 0.088209 0.085213 
-0.006250 0.088201 0.085093 
-0.005750 0.088185 0.084854 
-0.043000 0.104232 0.066286 
0.026500 0.095421 0.057543 
-0.004250 0.088137 0.084135 
-0.019000 0.150476 0.087348 
-0.003250 0.088129 0.084015 
-0.017750 0.147038 0.090550 
-0.044500 0.126483 0.068678 
-0.021250 0.109826 0.082688 
-0.041500 0.107057 0.067483 
-0.000750 0.088089 0.083416 
-0.020250 0.163551 0.042043 
0.000250 0.088065 0.083057 
0.000750 0.088041 0.082697 
-0.029250 0.096278 0.084011 
0.001750 0.088009 0.082218 
0.002250 0.087985 0.081859 
-0.016000 0.128615 0.098821 
0.003250 0.087937 0.081140 
0.003750 0.087913 0.080780 
0.004250 0.087881 0.080301 
0.004750 0.087850 0.079822 
-0.025000 0.102395 0.083889 
-0.025250 0.125098 0.093498 
0.006250 0.087634 0.076587 
-0.063250 0.169295 0.036191 
0.007250 0.087610 0.076228 
-0.020500 0.151837 0.085550 
0.016750 0.128492 0.025471 
0.008750 0.087538 0.075149 
-0.053250 0.165023 0.043689 
0.009750 0.087498 0.074550 
0.010250 0.087474 0.074191 
0.019500 0.109240 0.054554 
-0.003750 0.148356 0.083154 
0.011750 0.087394 0.072993 
0.012250 0.087362 0.072514 
0.012750 0.087322 0.071915 
-0.010500 0.116493 0.099046 
-0.023750 0.112633 0.084602 
0.014250 0.087187 0.069878 
-0.034750 0.146959 0.082196 
0.018250 0.128544 0.026741 
0.015750 0.086779 0.063768 
0.016250 0.086795 0.064007 
0.016750 0.086795 0.064007 
0.055750 0.105433 0.024941 
0.052750 0.105572 0.027229 
-0.025000 0.095669 0.085209 
0.010750 0.122320 0.048090 
-0.030000 0.098285 0.083411 
-0.008000 0.105033 0.082211 
-0.065750 0.175097 0.030722 
-0.022750 0.131947 0.092930 
0.021250 0.086499 0.059574 
0.027250 0.101537 0.054431 
-0.071500 0.174248 0.009407 
-0.043500 0.118286 0.072032 
0.023250 0.086388 0.057897 
-0.066750 0.161748 0.019581 
0.024250 0.086340 0.057178 
0.024750 0.086316 0.056819 
0.050250 0.092817 0.049038 
0.025750 0.086308 0.056699 
0.026250 0.086308 0.056699 
0.026750 0.086316 0.056819 
-0.016750 0.114449 0.097914 
-0.035500 0.150408 0.080997 
0.046250 0.103306 0.036761 
-0.017750 0.100406 0.084847 
0.029250 0.086364 0.057538 
0.027500 0.119880 0.041355 
0.030250 0.086388 0.057897 
0.030750 0.086404 0.058137 
0.031250 0.086412 0.058257 
0.031750 0.086420 0.058376 
-0.030750 0.116807 0.086994 
0.032750 0.086428 0.058496 
0.033250 0.086444 0.058736 
0.033750 0.086452 0.058856 
0.034250 0.086460 0.058975 
0.034750 0.086468 0.059095 
-0.024250 0.140161 0.090098 
-0.027750 0.105685 0.081612 
0.036250 0.086475 0.059215 
0.036750 0.086475 0.059215 
0.037250 0.086475 0.059215 
-0.003750 0.141546 0.091909 
0.038250 0.086468 0.059095 
-0.007500 0.132712 0.099045 
-0.051250 0.156322 0.041551 
0.054250 0.109599 0.022407 
0.040250 0.086428 0.058496 
-0.039000 0.125493 0.081963 
-0.021500 0.128568 0.095989 
0.041750 0.086396 0.058017 
0.042250 0.086380 0.057777 
0.042750 0.086356 0.057418 
-0.004500 0.104942 0.080415 
0.043750 0.086308 0.056699 
0.012000 0.122678 0.040596 
0.044750 0.086252 0.055861 
0.045250 0.086228 0.055501 
0.045750 0.086204 0.055142 
0.041500 0.124846 0.024841 
-0.016750 0.141558 0.094400 
0.041000 0.108521 0.040836 
0.047750 0.086036 0.052626 
0.048250 0.086020 0.052386 
0.034750 0.121737 0.035641 
-0.070750 0.182430 0.018781 
0.049750 0.085972 0.051667 
0.050250 0.085940 0.051188 
0.050750 0.085868 0.050110 
0.022250 0.107124 0.054194 
0.044500 0.113861 0.034741 
-0.009750 0.104400 0.083169 
0.046750 0.123850 0.018746 
-0.064500 0.155253 0.024670 
0.013500 0.097367 0.067244 
0.049250 0.100287 0.034087 
0.054750 0.085581 0.046157 
0.055250 0.085541 0.045648 
-0.014750 0.111670 0.095084 
-0.008500 0.159768 0.033039 
-0.046250 0.167900 0.041905 
-0.056750 0.162091 0.041411 
0.057750 0.085352 0.043230 
0.058250 0.085302 0.042594 
0.058750 0.085272 0.042212 
0.059250 0.085202 0.041321 
0.036750 0.121677 0.034371 
0.025000 0.118560 0.043260 
0.060750 0.085002 0.038776 
0.061250 0.084923 0.037758 
0.061750 0.084833 0.036613 
0.062250 0.084723 0.035213 
0.053750 0.112389 0.020761 
-0.019750 0.142922 0.092702 
0.063750 0.084095 0.027196 
0.017000 0.114708 0.051324 
0.064750 0.083985 0.025796 
0.065250 0.083945 0.025287 
-0.007500 0.162569 0.025037 
0.049500 0.100958 0.033452 
0.066750 0.083546 0.020197 
-0.001250 0.130642 0.097461 
0.022500 0.098305 0.059220 
0.068250 0.082928 0.012307 
0.068750 0.082908 0.012053 
-0.047500 0.086883 0.054903 
0.022500 0.115879 0.046053 
-0.046500 0.087350 0.061971 
-0.046000 0.087452 0.063529 
0.023500 0.103703 0.055749 
-0.045000 0.087579 0.065446 
-0.044500 0.087674 0.066883 
-0.044000 0.087761 0.068201 
-0.043500 0.087856 0.069639 
-0.043000 0.087903 0.070357 
-0.022250 0.095011 0.085569 
-0.042000 0.087990 0.071675 
-0.041500 0.088022 0.072154 
0.001500 0.117699 0.094292 
-0.040500 0.088077 0.072993 
-0.040000 0.088148 0.074071 
-0.039500 0.088211 0.075030 
-0.039000 0.088243 0.075509 
-0.063000 0.162584 0.026053 
-0.038000 0.088306 0.076467 
-0.037500 0.088338 0.076946 
-0.037000 0.088354 0.077186 
-0.000250 0.115683 0.094405 
-0.036000 0.088385 0.077665 
-0.035500 0.088456 0.078744 
-0.035000 0.088496 0.079342 
-0.027250 0.099013 0.084249 
-0.034000 0.088567 0.080421 
-0.033500 0.088583 0.080660 
0.022250 0.109812 0.051681 
0.048250 0.116991 0.026233 
-0.042500 0.152948 0.053791 
-0.031500 0.088678 0.082098 
-0.031000 0.088694 0.082338 
0.030500 0.113030 0.045542 
-0.003750 0.168987 0.002478 
-0.029500 0.088741 0.083056 
-0.029000 0.088757 0.083296 
-0.042750 0.156487 0.053545 
0.051250 0.100228 0.033197 
-0.027500 0.088789 0.083775 
-0.006000 0.127268 0.099840 
-0.007250 0.176539 0.024629 
-0.026000 0.088820 0.084254 
-0.041750 0.143840 0.059916 
-0.061750 0.172199 0.034789 
0.002250 0.121072 0.094631 
-0.024000 0.088844 0.084614 
-0.023500 0.088844 0.084614 
0.061250 0.107583 0.012488 
-0.022500 0.088868 0.084973 
-0.022000 0.088876 0.085093 
-0.021500 0.088883 0.085213 
-0.021000 0.088883 0.085213 
-0.059750 0.164966 0.039374 
-0.020000 0.088899 0.085452 
-0.048500 0.158594 0.049106 
-0.019000 0.088915 0.085692 
-0.018500 0.088915 0.085692 
0.042000 0.123455 0.026114 
-0.017500 0.088931 0.085932 
-0.017000 0.088931 0.085932 
0.004500 0.109908 0.069399 
-0.035250 0.105483 0.077541 
-0.015500 0.088939 0.086051 
-0.015000 0.088947 0.086171 
0.011250 0.110301 0.062695 
-0.014000 0.088955 0.086291 
-0.013500 0.088955 0.086291 
0.027500 0.103558 0.052876 
-0.006500 0.181692 0.016753 
-0.012000 0.088955 0.086291 
0.025750 0.093342 0.057782 
-0.012750 0.136108 0.097458 
0.015000 0.113418 0.054077 
-0.031750 0.115372 0.085079 
-0.009500 0.088931 0.085932 
-0.023750 0.142912 0.090324 
-0.008500 0.088915 0.085692 
-0.033500 0.099527 0.081255 
-0.007500 0.088899 0.085452 
0.029000 0.099419 0.054071 
-0.018000 0.132683 0.096780 
-0.054750 0.160675 0.043446 
0.047000 0.112296 0.032198 
-0.005000 0.088844 0.084614 
-0.013750 0.166435 0.040640 
0.046250 0.121213 0.024463 
-0.003500 0.088796 0.083895 
0.032500 0.107508 0.047573 
-0.002500 0.088789 0.083775 
-0.016500 0.120542 0.100407 
-0.059250 0.153259 0.032543 
-0.001000 0.088765 0.083416 
-0.000500 0.088749 0.083176 
-0.002500 0.128616 0.098934 
-0.015250 0.137466 0.096439 
0.001000 0.088709 0.082577 
0.001500 0.088694 0.082338 
0.002000 0.088670 0.081978 
-0.006500 0.135426 0.097572 
0.003000 0.088630 0.081379 
0.003500 0.088615 0.081139 
-0.035250 0.152467 0.078839 
-0.031250 0.097577 0.082933 
0.005000 0.088528 0.079822 
0.005500 0.088472 0.078983 
0.006000 0.088338 0.076946 
0.006500 0.088322 0.076707 
0.019000 0.118680 0.045674 
-0.013250 0.095004 0.085449 
-0.047000 0.095497 0.058860 
0.005500 0.103274 0.074548 
0.009000 0.088203 0.074910 
0.009500 0.088180 0.074551 
0.051250 0.092757 0.048073 
0.031250 0.124518 0.033733 
0.011000 0.088101 0.073353 
0.011500 0.088085 0.073113 
-0.040750 0.139797 0.069623 
-0.040500 0.132302 0.077412 
-0.025000 0.117686 0.093839 
0.008750 0.104996 0.067723 
0.014000 0.087895 0.070238 
0.014500 0.087800 0.068800 
0.015000 0.087689 0.067123 
-0.012250 0.160705 0.045222 
-0.025000 0.153197 0.083153 
0.001750 0.127846 0.093837 
0.017000 0.087476 0.063888 
-0.036250 0.124921 0.085793 
0.018000 0.087437 0.063289 
0.015250 0.096593 0.065807 
0.019000 0.087405 0.062810 
0.019500 0.087397 0.062690 
0.020000 0.087381 0.062450 
-0.046250 0.127082 0.065206 
0.021000 0.087223 0.060054 
0.021500 0.087191 0.059575 
-0.004500 0.169737 0.002612 
0.022500 0.087144 0.058856 
0.065500 0.091545 0.021606 
-0.012000 0.097028 0.085208 
-0.071750 0.178014 0.026275 
0.024500 0.087073 0.057778 
0.025000 0.087017 0.056940 
0.025500 0.087010 0.056820 
0.007000 0.099168 0.074788 
0.026500 0.087002 0.056700 
-0.005250 0.171980 0.001122 
-0.042750 0.152220 0.051515 
-0.034250 0.131811 0.085313 
0.028500 0.087033 0.057179 
-0.043250 0.128697 0.072745 
-0.022000 0.155929 0.077519 
-0.040750 0.141180 0.068783 
0.030500 0.087073 0.057778 
-0.014000 0.157178 0.050188 
0.031500 0.087097 0.058138 
-0.013500 0.175813 0.026914 
-0.038500 0.120049 0.082803 
0.033000 0.087120 0.058497 
0.033500 0.087128 0.058617 
-0.027000 0.125751 0.091798 
0.029250 0.111029 0.047575 
-0.061000 0.164110 0.030111 
0.035500 0.087152 0.058976 
0.036000 0.087152 0.058976 
0.036500 0.087152 0.058976 
0.037000 0.087144 0.058856 
-0.056250 0.151930 0.037242 
0.038000 0.087144 0.058856 
-0.012500 0.177273 0.024373 
-0.071000 0.171277 0.010427 
0.039500 0.087120 0.058497 
-0.003750 0.157475 0.027205 
-0.069500 0.159461 0.015524 
0.041000 0.087089 0.058018 
0.040250 0.098354 0.047567 
0.025000 0.114502 0.046687 
0.028000 0.111755 0.047956 
0.043000 0.087017 0.056940 
0.038750 0.125619 0.025983 
0.044000 0.086978 0.056341 
0.044500 0.086954 0.055981 
0.045000 0.086923 0.055502 
-0.015750 0.170737 0.034412 
-0.044750 0.155060 0.051989 
0.027000 0.126588 0.031698 
-0.036750 0.130382 0.083518 
0.047500 0.086717 0.052387 
-0.023250 0.140168 0.091230 
-0.006500 0.143605 0.091909 
0.049000 0.086693 0.052028 
0.010750 0.125923 0.032969 
0.050000 0.086654 0.051429 
0.050500 0.086614 0.050830 
0.051000 0.086567 0.050111 
0.062750 0.100698 0.018319 
0.054000 0.103524 0.028878 
0.029750 0.112367 0.046305 
0.022250 0.096263 0.060058 
0.053500 0.086371 0.047303 
-0.026750 0.141529 0.088626 
0.030000 0.117087 0.042115 
-0.061000 0.162638 0.029606 
0.055500 0.086202 0.045140 
-0.027500 0.150458 0.085670 
-0.006000 0.169763 0.007511 
0.057000 0.086083 0.043613 
0.057500 0.086043 0.043104 
0.058000 0.086003 0.042594 
0.058500 0.085964 0.042085 
-0.067250 0.167657 0.019570 
0.038250 0.122975 0.031450 
0.007750 0.115733 0.059584 
-0.013500 0.150470 0.086869 
-0.015750 0.113071 0.096782 
0.061500 0.085566 0.036995 
0.062000 0.085437 0.035340 
0.062500 0.085388 0.034704 
-0.065750 0.173642 0.032121 
0.063500 0.084762 0.026686 
-0.025750 0.122394 0.093612 
0.020750 0.093579 0.061734 
0.065000 0.084643 0.025159 
0.065500 0.084563 0.024141 
0.066000 0.084474 0.022996 
0.066500 0.084315 0.020960 
-0.022250 0.142916 0.091230 
0.067500 0.084235 0.019941 
-0.054750 0.167893 0.041271 
-0.021750 0.147038 0.089645 
0.069000 0.083620 0.012051 
-0.047250 0.087610 0.055383 
-0.046750 0.088024 0.061733 
-0.046250 0.088087 0.062691 
-0.029500 0.142189 0.086510 
-0.026500 0.097000 0.084729 
-0.044750 0.088368 0.067004 
0.006250 0.103894 0.073231 
0.014500 0.098697 0.066286 
0.038000 0.112765 0.040713 
-0.028500 0.144970 0.087947 
-0.042250 0.088681 0.071795 
-0.018750 0.137455 0.095193 
-0.068750 0.166133 0.015766 
-0.036500 0.146220 0.078842 
-0.020750 0.134706 0.094288 
-0.039750 0.088893 0.075030 
-0.024250 0.141536 0.090098 
-0.038750 0.088963 0.076108 
-0.010750 0.096355 0.085328 
-0.037750 0.089026 0.077066 
-0.019750 0.152519 0.084591 
-0.036750 0.089065 0.077665 
-0.036250 0.089088 0.078025 
-0.035750 0.089143 0.078863 
-0.008250 0.123855 0.099049 
-0.034750 0.089221 0.080061 
-0.034000 0.125671 0.087708 
-0.033750 0.089276 0.080900 
0.033750 0.121761 0.036149 
-0.032750 0.089323 0.081619 
-0.032250 0.089346 0.081978 
-0.031750 0.089354 0.082098 
-0.041750 0.137033 0.071182 
-0.030750 0.089393 0.082697 
-0.011250 0.115820 0.098933 
-0.029750 0.089433 0.083296 
-0.003250 0.146990 0.084473 
-0.028750 0.089456 0.083655 
-0.028250 0.089464 0.083775 
-0.007250 0.161858 0.026562 
0.016250 0.121981 0.040849 
-0.026750 0.089495 0.084254 
-0.027750 0.104357 0.082331 
-0.012250 0.097701 0.085088 
-0.010750 0.113067 0.096669 
-0.033250 0.156510 0.057501 
0.008500 0.100366 0.071555 
-0.018000 0.127248 0.098708 
-0.058750 0.159012 0.031645 
0.019750 0.101769 0.058862 
-0.022250 0.089550 0.085092 
0.041750 0.111894 0.037789 
0.038250 0.109318 0.042362 
-0.020750 0.089566 0.085332 
-0.039250 0.109235 0.069758 
-0.019750 0.089573 0.085452 
-0.019250 0.089581 0.085572 
-0.018750 0.089589 0.085691 
-0.043000 0.122522 0.075262 
0.020000 0.114627 0.049289 
-0.017250 0.089605 0.085931 
-0.016750 0.089605 0.085931 
-0.016250 0.089612 0.086051 
-0.015750 0.089612 0.086051 
-0.042500 0.157195 0.053424 
-0.024250 0.101734 0.084248 
-0.014250 0.089620 0.086171 
-0.013750 0.089620 0.086171 
-0.013250 0.089628 0.086291 
-0.012750 0.089628 0.086291 
-0.054000 0.151287 0.040290 
0.018250 0.099113 0.061256 
-0.011250 0.089628 0.086291 
-0.010750 0.089620 0.086171 
-0.021250 0.133331 0.093949 
-0.029500 0.110394 0.080173 
0.039000 0.108603 0.042234 
-0.008750 0.089597 0.085811 
-0.008250 0.089589 0.085691 
-0.007750 0.089581 0.085572 
-0.007250 0.089581 0.085572 
-0.019750 0.133350 0.095421 
-0.006500 0.161119 0.026309 
-0.064750 0.153084 0.024800 
-0.007000 0.107685 0.080653 
0.047000 0.116352 0.027757 
0.046250 0.125238 0.017220 
-0.003750 0.089479 0.084014 
0.049000 0.100991 0.033961 
-0.002750 0.089456 0.083655 
0.014750 0.118165 0.049890 
-0.001750 0.089448 0.083535 
-0.001250 0.089433 0.083296 
-0.000750 0.089425 0.083176 
-0.000250 0.089417 0.083056 
0.000250 0.089409 0.082936 
0.000750 0.089393 0.082697 
0.022250 0.105770 0.055151 
0.001750 0.089362 0.082217 
-0.055000 0.155511 0.036982 
0.002750 0.089315 0.081499 
0.022250 0.101694 0.057425 
0.003750 0.089284 0.081019 
0.004250 0.089253 0.080540 
0.004750 0.089221 0.080061 
0.030500 0.126555 0.030936 
0.005750 0.089080 0.077905 
0.006250 0.089049 0.077426 
-0.025750 0.149779 0.086749 
0.007250 0.089002 0.076707 
0.024250 0.105695 0.053595 
0.008250 0.088916 0.075389 
-0.030250 0.137322 0.084714 
0.011000 0.126561 0.031063 
-0.045250 0.101981 0.062933 
0.010250 0.088814 0.073832 
-0.042000 0.134985 0.073220 
0.052250 0.104240 0.028880 
0.011750 0.088728 0.072514 
-0.007000 0.116429 0.096896 
0.012750 0.088666 0.071556 
-0.029500 0.135283 0.086151 
-0.018250 0.130640 0.097347 
0.017750 0.096400 0.062453 
0.014750 0.088415 0.067722 
0.015250 0.088220 0.064727 
0.015750 0.088212 0.064608 
-0.060750 0.163380 0.030239 
-0.032250 0.106915 0.078858 
0.017250 0.088134 0.063410 
0.017750 0.088126 0.063290 
0.028750 0.093184 0.055147 
0.018750 0.088095 0.062811 
0.019250 0.088087 0.062691 
0.019750 0.088071 0.062451 
0.020250 0.087969 0.060894 
-0.067750 0.155866 0.019211 
0.058750 0.113203 0.008946 
0.021750 0.087891 0.059696 
-0.041500 0.141851 0.067106 
0.022750 0.087860 0.059217 
0.023250 0.087844 0.058977 
-0.034500 0.157211 0.056661 
-0.039750 0.095715 0.074430 
-0.018250 0.136090 0.095647 
-0.054000 0.158404 0.038247 
-0.020750 0.101747 0.084487 
0.026250 0.087696 0.056701 
0.026750 0.087688 0.056581 
-0.033250 0.101554 0.080895 
0.041500 0.109865 0.039566 
0.028250 0.087711 0.056941 
0.028750 0.087727 0.057180 
0.029250 0.087735 0.057300 
0.029750 0.087743 0.057420 
0.013000 0.116181 0.053120 
0.030750 0.087758 0.057659 
0.056000 0.099397 0.031415 
-0.021750 0.103088 0.084128 
0.032250 0.087782 0.058019 
-0.030750 0.101625 0.082212 
0.033250 0.087797 0.058258 
0.033750 0.087805 0.058378 
-0.021750 0.157884 0.049347 
0.034750 0.087821 0.058618 
0.035250 0.087821 0.058618 
-0.040500 0.151565 0.057269 
0.036250 0.087829 0.058738 
-0.012000 0.153188 0.082075 
-0.070000 0.172792 0.014358 
0.059250 0.094379 0.031153 
-0.054250 0.151997 0.040035 
0.038750 0.087805 0.058378 
0.039250 0.087797 0.058258 
0.039750 0.087789 0.058139 
0.040250 0.087774 0.057899 
0.028500 0.122543 0.037675 
0.041250 0.087750 0.057540 
-0.025750 0.131918 0.090778 
0.057750 0.097220 0.030903 
-0.021500 0.135383 0.093496 
0.047000 0.110947 0.033594 
0.043750 0.087664 0.056222 
-0.042750 0.135637 0.071183 
-0.035000 0.096722 0.079939 
0.019000 0.107896 0.055751 
0.025500 0.115852 0.045545 
0.046250 0.087563 0.054665 
-0.027750 0.145659 0.088173 
0.047250 0.087523 0.054066 
0.047750 0.087414 0.052388 
-0.027500 0.127117 0.091345 
0.007000 0.121782 0.053003 
0.016500 0.117408 0.048453 
0.049750 0.087359 0.051550 
0.050250 0.087328 0.051071 
0.050750 0.087289 0.050472 
0.051250 0.087257 0.049993 
0.036500 0.099006 0.046804 
0.052250 0.087179 0.048795 
0.052750 0.087140 0.048196 
0.043000 0.108409 0.038929 
0.053750 0.087041 0.046923 
0.054250 0.086992 0.046287 
0.054750 0.086952 0.045777 
0.055250 0.086903 0.045141 
0.055750 0.086853 0.044505 
0.056250 0.086804 0.043868 
-0.006500 0.121808 0.097349 
0.057250 0.086735 0.042977 
-0.032750 0.126377 0.088513 
0.058250 0.086665 0.042086 
0.058750 0.086606 0.041323 
0.059250 0.086547 0.040559 
-0.029750 0.096271 0.083891 
0.019250 0.096352 0.061615 
0.060750 0.086379 0.038395 
0.061250 0.086260 0.036868 
0.061750 0.086171 0.035723 
0.062250 0.086121 0.035086 
0.062750 0.086032 0.033941 
0.063250 0.085973 0.033177 
0.063750 0.085409 0.025922 
0.064250 0.085380 0.025540 
0.064750 0.085340 0.025031 
0.052000 0.108996 0.024439 
0.028500 0.098032 0.054310 
-0.039500 0.122737 0.081725 
0.066750 0.085033 0.021086 
0.067250 0.084994 0.020576 
-0.033750 0.109558 0.076821 
-0.013250 0.137469 0.096779 
0.068750 0.084341 0.012176 
0.069250 0.084302 0.011667 
0.033750 0.119066 0.039195 
-0.047000 0.088274 0.054905 
-0.046500 0.088753 0.062332 
-0.028500 0.118916 0.089422 
-0.019750 0.118504 0.099160 
-0.020500 0.112250 0.092368 
-0.024250 0.151152 0.086030 
-0.002250 0.125184 0.097916 
0.051000 0.117429 0.020645 
0.047750 0.107353 0.033080 
-0.069750 0.173627 0.029583 
0.060500 0.104108 0.015022 
-0.041500 0.089427 0.072754 
-0.068750 0.173633 0.030598 
-0.040500 0.089520 0.074191 
-0.040000 0.089558 0.074790 
-0.039500 0.089605 0.075509 
-0.039000 0.089644 0.076108 
0.041750 0.113273 0.037028 
-0.038000 0.089706 0.077066 
-0.037500 0.089729 0.077426 
-0.037000 0.089760 0.077905 
-0.048500 0.165765 0.045083 
-0.038000 0.103336 0.075745 
-0.035500 0.089876 0.079702 
-0.035000 0.089907 0.080181 
0.002750 0.125100 0.093611 
0.058250 0.106485 0.018460 
-0.033500 0.089984 0.081379 
0.018000 0.102515 0.059820 
-0.032500 0.090031 0.082097 
-0.014250 0.173633 0.030598 
-0.031500 0.090062 0.082576 
-0.031000 0.090077 0.082816 
-0.028250 0.119605 0.089875 
-0.062000 0.167124 0.037465 
-0.029500 0.090124 0.083535 
0.007000 0.108456 0.067843 
0.016000 0.112028 0.054316 
-0.065750 0.163254 0.021609 
-0.024500 0.133977 0.090552 
-0.052250 0.153465 0.041683 
-0.026500 0.090186 0.084493 
-0.026000 0.090193 0.084613 
-0.025500 0.090201 0.084733 
-0.045500 0.101287 0.062933 
-0.024500 0.090209 0.084853 
-0.024000 0.090217 0.084972 
-0.027500 0.121668 0.091346 
-0.023000 0.090224 0.085092 
0.057500 0.104652 0.023922 
-0.005750 0.142920 0.092249 
-0.021500 0.090232 0.085212 
-0.016250 0.160746 0.047634 
-0.045750 0.163638 0.048007 
-0.006750 0.133389 0.098592 
-0.019500 0.090247 0.085451 
-0.019000 0.090255 0.085571 
-0.018500 0.090263 0.085691 
-0.018000 0.090271 0.085811 
-0.017500 0.090271 0.085811 
0.048250 0.105864 0.032061 
-0.016500 0.090278 0.085931 
-0.016000 0.090278 0.085931 
-0.015500 0.090278 0.085931 
-0.015000 0.090286 0.086050 
0.055500 0.111493 0.017582 
-0.014000 0.090294 0.086170 
-0.044000 0.150097 0.051998 
0.041250 0.126813 0.020012 
0.063250 0.092430 0.023898 
-0.017750 0.163581 0.044073 
0.027750 0.108338 0.050124 
0.027500 0.127928 0.029282 
0.054500 0.115798 0.016957 
-0.010000 0.090286 0.086050 
0.041000 0.100138 0.042608 
-0.009000 0.090278 0.085931 
-0.008500 0.090271 0.085811 
-0.069250 0.169088 0.014872 
-0.007500 0.090255 0.085571 
-0.007000 0.090255 0.085571 
-0.023500 0.123122 0.096103 
0.010250 0.094219 0.072394 
0.011500 0.110953 0.061737 
-0.005000 0.090201 0.084733 
0.049000 0.109375 0.031049 
-0.004000 0.090155 0.084014 
-0.003500 0.090139 0.083774 
-0.003000 0.090124 0.083535 
-0.002500 0.090124 0.083535 
0.051000 0.098586 0.040571 
0.055500 0.104785 0.026084 
0.032500 0.096483 0.051675 
-0.000500 0.090093 0.083056 
0.000000 0.090085 0.082936 
-0.027750 0.133268 0.088853 
0.005000 0.112541 0.066406 
0.001500 0.090031 0.082097 
0.042500 0.093805 0.053829 
0.002500 0.090007 0.081738 
0.003000 0.089984 0.081379 
0.003500 0.089969 0.081139 
0.031000 0.121158 0.038435 
0.033500 0.111555 0.044397 
0.009250 0.123701 0.047327 
-0.036000 0.129720 0.084595 
0.006000 0.089783 0.078264 
0.006500 0.089744 0.077665 
0.051000 0.116020 0.021277 
0.007500 0.089682 0.076707 
-0.017500 0.157185 0.051506 
0.008500 0.089613 0.075629 
-0.009500 0.119185 0.099613 
0.009500 0.089520 0.074191 
0.010000 0.089497 0.073832 
0.010500 0.089466 0.073353 
0.011000 0.089435 0.072874 
0.056250 0.110749 0.017199 
0.012000 0.089373 0.071915 
0.042000 0.127455 0.017979 
0.023000 0.115879 0.046053 
0.000750 0.133317 0.092817 
-0.019250 0.142923 0.092928 
0.014500 0.089133 0.068202 
0.015000 0.088932 0.065087 
0.058500 0.113898 0.008312 
0.016000 0.088900 0.064608 
0.016500 0.088877 0.064249 
0.011250 0.115621 0.056711 
0.017500 0.088815 0.063290 
0.018000 0.088808 0.063171 
-0.033250 0.113918 0.082806 
-0.008500 0.129997 0.099952 
-0.031500 0.113222 0.082447 
0.020000 0.088699 0.061494 
0.020500 0.088676 0.061134 
-0.004750 0.137462 0.095986 
0.021500 0.088606 0.060056 
0.022000 0.088591 0.059816 
0.009250 0.118379 0.055754 
0.023000 0.088575 0.059577 
-0.012750 0.123881 0.100295 
-0.013750 0.104430 0.083768 
0.024500 0.088467 0.057900 
-0.007000 0.128635 0.100066 
-0.037250 0.098677 0.078261 
-0.012500 0.170020 0.035809 
0.026500 0.088382 0.056582 
-0.013250 0.162141 0.044584 
0.027500 0.088390 0.056702 
0.028000 0.088397 0.056822 
0.048000 0.092252 0.051314 
0.009750 0.122404 0.050610 
0.030000 0.108959 0.048329 
0.030000 0.088428 0.057301 
0.037250 0.095823 0.052393 
0.034250 0.101212 0.048205 
-0.004250 0.108283 0.078857 
-0.037000 0.140636 0.077168 
-0.008500 0.101021 0.083650 
0.033000 0.088467 0.057900 
-0.071250 0.167554 0.010179 
-0.024250 0.130568 0.092477 
-0.038500 0.144675 0.068540 
0.035000 0.088490 0.058259 
0.054250 0.112347 0.019998 
0.036000 0.088498 0.058379 
0.036500 0.088498 0.058379 
0.037000 0.088490 0.058259 
-0.034750 0.135871 0.081601 
0.016250 0.127282 0.031062 
0.038500 0.088482 0.058139 
0.046000 0.125846 0.014425 
0.039500 0.088467 0.057900 
-0.029500 0.136642 0.085193 
0.040500 0.088444 0.057541 
0.041000 0.088436 0.057421 
0.036500 0.120995 0.035005 
0.042000 0.088405 0.056942 
-0.000500 0.135389 0.094062 
0.043000 0.088374 0.056462 
0.043500 0.088359 0.056223 
-0.029000 0.154552 0.079198 
0.051250 0.115299 0.021275 
0.045000 0.088304 0.055384 
-0.035500 0.107468 0.076104 
-0.009500 0.101034 0.083889 
-0.059500 0.170036 0.037586 
0.047000 0.088219 0.054067 
0.032750 0.113618 0.043382 
0.048000 0.088111 0.052390 
-0.041250 0.114966 0.075025 
0.049000 0.088080 0.051911 
0.048500 0.113567 0.029277 
-0.004250 0.104272 0.080655 
0.050500 0.088003 0.050713 
0.051000 0.087964 0.050114 
0.051500 0.087925 0.049515 
0.052000 0.087894 0.049036 
0.052500 0.087856 0.048437 
0.053000 0.087791 0.047561 
0.053500 0.087751 0.047051 
0.054000 0.087702 0.046415 
-0.005750 0.112951 0.093160 
0.022750 0.125951 0.033604 
-0.061250 0.157494 0.028221 
0.056000 0.087515 0.043997 
0.056500 0.087476 0.043487 
0.057000 0.087426 0.042851 
0.057500 0.087387 0.042342 
0.058000 0.087338 0.041705 
0.058500 0.087288 0.041069 
0.059000 0.087229 0.040305 
-0.014000 0.097042 0.085448 
0.060000 0.087121 0.038905 
0.060500 0.087072 0.038268 
0.061000 0.086993 0.037250 
0.006000 0.125629 0.042623 
-0.003750 0.152441 0.075963 
-0.011250 0.145664 0.091343 
0.063000 0.086707 0.033559 
-0.015750 0.152518 0.084472 
-0.069000 0.175823 0.029325 
-0.017750 0.153884 0.082554 
-0.008500 0.097021 0.085089 
-0.001750 0.112928 0.092481 
0.066000 0.085880 0.022867 
-0.009500 0.106437 0.083048 
0.067000 0.085732 0.020957 
-0.032500 0.149063 0.084472 
0.068000 0.085092 0.012683 
0.068500 0.085072 0.012429 
-0.064500 0.164024 0.023892 
-0.047750 0.088827 0.052630 
-0.047250 0.088866 0.053228 
-0.046750 0.089402 0.061614 
-0.046250 0.089471 0.062692 
-0.045750 0.089548 0.063890 
-0.024250 0.100393 0.084608 
-0.008750 0.110181 0.091124 
-0.044250 0.089785 0.067603 
-0.043750 0.089885 0.069160 
-0.021500 0.123166 0.098142 
0.003500 0.100677 0.077303 
-0.053500 0.156976 0.038503 
-0.041750 0.090099 0.072514 
-0.041250 0.090145 0.073233 
-0.040750 0.090176 0.073712 
-0.040250 0.090237 0.074670 
-0.036750 0.118041 0.083761 
-0.039250 0.090322 0.075988 
-0.038750 0.090360 0.076587 
-0.038250 0.090391 0.077066 
-0.037750 0.090414 0.077425 
-0.037250 0.090452 0.078024 
-0.038000 0.141951 0.072855 
-0.033750 0.112442 0.080173 
-0.007500 0.169987 0.032129 
-0.035250 0.090597 0.080300 
-0.009000 0.115112 0.097688 
-0.029750 0.106973 0.080055 
-0.002250 0.148327 0.080878 
-0.033250 0.090689 0.081738 
-0.009500 0.144978 0.091682 
0.042000 0.107097 0.040707 
-0.031750 0.090743 0.082576 
0.012750 0.115504 0.053719 
-0.030750 0.090781 0.083175 
-0.030250 0.090797 0.083415 
-0.031250 0.120938 0.089082 
-0.037750 0.130340 0.081962 
-0.028000 0.155913 0.075002 
-0.028250 0.090843 0.084133 
-0.062500 0.165552 0.028331 
-0.027250 0.090858 0.084373 
0.009250 0.104990 0.067603 
0.003000 0.107360 0.073829 
-0.023750 0.136041 0.090778 
-0.025250 0.090889 0.084852 
-0.024750 0.090896 0.084972 
-0.004000 0.156742 0.026698 
-0.038000 0.117292 0.081966 
-0.013500 0.106460 0.083527 
0.013000 0.112201 0.058386 
-0.022250 0.090912 0.085212 
-0.021750 0.090912 0.085212 
-0.021250 0.090919 0.085331 
0.019250 0.099093 0.060897 
0.029000 0.103522 0.052157 
0.016500 0.118737 0.046817 
-0.020250 0.156613 0.075721 
0.020500 0.099717 0.059580 
-0.003750 0.127942 0.099387 
-0.017750 0.090950 0.085810 
-0.029500 0.125723 0.090326 
0.016750 0.121993 0.041103 
-0.016250 0.090958 0.085930 
0.051750 0.105595 0.027611 
-0.041750 0.163638 0.048007 
0.006750 0.111808 0.065448 
-0.024000 0.131253 0.092364 
-0.020250 0.155249 0.079677 
-0.012500 0.128624 0.099387 
0.017250 0.107265 0.057187 
-0.012250 0.090973 0.086170 
-0.000750 0.112883 0.091123 
-0.011250 0.090973 0.086170 
-0.010750 0.090973 0.086170 
-0.010250 0.090965 0.086050 
-0.068750 0.178016 0.027036 
-0.015000 0.161447 0.046363 
-0.008750 0.090950 0.085810 
-0.008250 0.090942 0.085691 
-0.007750 0.090942 0.085691 
-0.007250 0.090935 0.085571 
-0.039500 0.157203 0.055102 
-0.038000 0.155801 0.057022 
-0.010750 0.140194 0.095306 
-0.005250 0.090896 0.084972 
-0.062500 0.170025 0.036317 
-0.052500 0.154158 0.040666 
0.015250 0.110056 0.057188 
-0.003250 0.090804 0.083535 
-0.002750 0.090797 0.083415 
-0.018500 0.125891 0.099161 
-0.001750 0.090781 0.083175 
-0.001250 0.090774 0.083055 
0.020750 0.107169 0.055152 
-0.000250 0.090758 0.082816 
0.000250 0.090751 0.082696 
0.000750 0.090735 0.082456 
0.008000 0.104425 0.070118 
0.067000 0.092451 0.014102 
0.002250 0.090689 0.081738 
0.002750 0.090666 0.081378 
0.044250 0.104845 0.038670 
-0.029250 0.144273 0.087468 
-0.036000 0.146238 0.080160 
-0.008750 0.160488 0.032403 
-0.031500 0.099593 0.082453 
-0.008000 0.149088 0.086629 
0.006250 0.090467 0.078264 
-0.006000 0.120450 0.096669 
-0.011750 0.167860 0.038225 
0.007750 0.090375 0.076826 
-0.034750 0.108165 0.076343 
-0.035500 0.157210 0.056421 
0.009250 0.090222 0.074431 
0.060750 0.095491 0.026575 
0.047250 0.107390 0.033716 
0.010750 0.090115 0.072754 
0.011250 0.090084 0.072274 
0.011750 0.090053 0.071795 
-0.022750 0.127870 0.095196 
0.012750 0.089992 0.070837 
-0.069250 0.175092 0.029580 
0.013750 0.089892 0.069280 
0.014250 0.089708 0.066405 
0.014750 0.089670 0.065806 
0.015250 0.089647 0.065447 
0.015750 0.089624 0.065087 
0.016250 0.089571 0.064249 
0.021750 0.099001 0.059220 
0.017250 0.089517 0.063410 
0.042250 0.111879 0.037535 
0.018250 0.089486 0.062931 
-0.046500 0.097006 0.060896 
0.019250 0.089471 0.062692 
0.019750 0.089425 0.061973 
0.020250 0.089402 0.061614 
0.031500 0.100692 0.051677 
0.021250 0.089341 0.060655 
0.021750 0.089318 0.060296 
0.022250 0.089302 0.060056 
0.062000 0.096068 0.024541 
0.023250 0.089279 0.059697 
0.023750 0.089233 0.058978 
-0.023750 0.155245 0.079197 
0.024750 0.089172 0.058020 
-0.009500 0.164227 0.038487 
-0.066500 0.159545 0.020347 
0.026250 0.089080 0.056582 
0.028000 0.121194 0.039197 
-0.026000 0.139460 0.088173 
-0.005250 0.105625 0.080415 
0.028250 0.089088 0.056702 
0.028750 0.089096 0.056822 
-0.015000 0.138148 0.096212 
0.055000 0.093102 0.043110 
0.030250 0.089119 0.057181 
0.022500 0.094203 0.060537 
-0.040750 0.127480 0.078851 
0.040500 0.104334 0.041849 
0.032250 0.089142 0.057541 
0.034750 0.110834 0.044143 
0.033250 0.089149 0.057661 
0.049500 0.093520 0.049039 
0.034250 0.103995 0.047698 
0.034750 0.089165 0.057900 
-0.004250 0.106944 0.079456 
0.035750 0.089172 0.058020 
0.036250 0.089172 0.058020 
0.003250 0.127805 0.091458 
-0.041500 0.125379 0.078253 
0.037750 0.089165 0.057900 
0.038250 0.089157 0.057780 
0.038750 0.089157 0.057780 
0.039250 0.089149 0.057661 
0.039750 0.089142 0.057541 
-0.039000 0.161479 0.050538 
-0.014250 0.169305 0.037207 
-0.033750 0.145594 0.083514 
0.041750 0.089096 0.056822 
0.042250 0.089088 0.056702 
-0.065000 0.165491 0.023509 
0.043250 0.089050 0.056103 
0.043750 0.089042 0.055983 
0.044250 0.089027 0.055744 
-0.034250 0.098818 0.080776 
0.031250 0.116366 0.041860 
0.045750 0.088965 0.054786 
0.046250 0.088950 0.054546 
-0.017500 0.151837 0.085550 
0.047250 0.088904 0.053827 
0.047750 0.088804 0.052270 
-0.038000 0.110027 0.072033 
0.048750 0.088781 0.051911 
-0.019000 0.139504 0.094514 
0.049750 0.088743 0.051312 
-0.010500 0.098367 0.084848 
-0.010000 0.139513 0.095759 
0.051250 0.088651 0.049874 
0.051750 0.088613 0.049275 
0.052250 0.088574 0.048676 
-0.023500 0.109122 0.082209 
0.040750 0.102194 0.041592 
-0.012000 0.144979 0.092022 
-0.011500 0.131351 0.099272 
-0.070750 0.170538 0.010936 
0.055250 0.088270 0.044634 
0.046250 0.123855 0.018873 
-0.008000 0.155559 0.039267 
0.056750 0.088133 0.042852 
0.048750 0.096831 0.045912 
-0.035500 0.133810 0.082320 
0.058250 0.087977 0.040815 
0.058750 0.087918 0.040051 
0.059250 0.087870 0.039415 
-0.066500 0.166933 0.020841 
0.043500 0.105594 0.039307 
0.013750 0.098052 0.067124 
0.061250 0.087635 0.036360 
0.061750 0.087537 0.035087 
-0.005750 0.132030 0.099046 
0.062750 0.087440 0.033814 
-0.060500 0.152507 0.031148 
0.057500 0.095200 0.032681 
0.038750 0.120234 0.033988 
0.064750 0.086717 0.024395 
0.065250 0.086678 0.023886 
0.065750 0.086629 0.023250 
-0.006250 0.133389 0.098592 
-0.028000 0.154555 0.079677 
-0.043000 0.101528 0.067483 
0.067750 0.085837 0.012940 
0.068250 0.085818 0.012685 
0.068750 0.085799 0.012431 
0.069250 0.085779 0.012176 
-0.067750 0.166162 0.018177 
-0.047500 0.089528 0.052630 
-0.038500 0.101965 0.075746 
-0.004750 0.149731 0.082435 
0.067500 0.089514 0.013586 
-0.045500 0.090272 0.064369 
-0.045000 0.090302 0.064848 
0.017000 0.102552 0.060538 
-0.004000 0.159692 0.028724 
-0.043500 0.090605 0.069639 
-0.011750 0.121211 0.100407 
-0.042500 0.090719 0.071436 
-0.024750 0.103069 0.083768 
-0.041500 0.090810 0.072873 
-0.012750 0.130665 0.099046 
-0.040500 0.090901 0.074311 
-0.040000 0.090947 0.075029 
-0.023000 0.144975 0.090098 
-0.039000 0.091037 0.076467 
-0.046250 0.097742 0.061615 
-0.038000 0.091106 0.077545 
0.002250 0.094709 0.080538 
-0.037000 0.091166 0.078503 
-0.049750 0.153528 0.044475 
0.053250 0.095241 0.043367 
0.020000 0.119967 0.043134 
-0.035000 0.091295 0.080540 
0.037750 0.093205 0.055506 
-0.062250 0.163343 0.027701 
-0.015500 0.129974 0.098480 
-0.033000 0.091394 0.082097 
-0.010750 0.185434 0.005692 
0.019250 0.127292 0.031316 
-0.030250 0.106962 0.079815 
-0.031000 0.091462 0.083175 
-0.038500 0.148964 0.076085 
-0.030000 0.091493 0.083654 
0.029000 0.118496 0.041989 
-0.021500 0.155931 0.077879 
0.042750 0.121356 0.027512 
-0.028000 0.091538 0.084373 
-0.027500 0.091546 0.084492 
-0.033250 0.094795 0.081976 
-0.033500 0.157213 0.056900 
-0.026000 0.091568 0.084852 
-0.025500 0.091576 0.084972 
0.033750 0.109503 0.045540 
-0.024500 0.091584 0.085091 
-0.055000 0.156941 0.036726 
-0.023500 0.091591 0.085211 
-0.027500 0.143594 0.088513 
-0.022500 0.091591 0.085211 
-0.022000 0.091599 0.085331 
0.005750 0.109207 0.069160 
-0.046500 0.094324 0.062573 
0.033500 0.118394 0.039956 
-0.020000 0.091606 0.085451 
-0.024000 0.116346 0.094065 
-0.019000 0.091614 0.085570 
-0.043750 0.156483 0.052826 
-0.018000 0.091622 0.085690 
-0.007500 0.127270 0.099954 
-0.017000 0.091629 0.085810 
-0.016500 0.091629 0.085810 
-0.016000 0.091629 0.085810 
-0.015500 0.091637 0.085930 
-0.015000 0.091637 0.085930 
-0.014500 0.091637 0.085930 
-0.014000 0.091644 0.086050 
0.034000 0.101922 0.048325 
-0.013000 0.091644 0.086050 
0.053500 0.108937 0.023422 
-0.012000 0.091644 0.086050 
-0.029750 0.126407 0.090099 
0.049250 0.114175 0.027245 
-0.010500 0.091644 0.086050 
-0.043250 0.104883 0.065448 
-0.009500 0.091637 0.085930 
-0.009000 0.091629 0.085810 
-0.008500 0.091629 0.085810 
-0.010250 0.095018 0.085689 
-0.007500 0.091614 0.085570 
0.066250 0.090694 0.019823 
-0.013250 0.164998 0.041785 
-0.006000 0.091591 0.085211 
-0.005500 0.091584 0.085091 
-0.005000 0.091568 0.084852 
0.042000 0.096415 0.050477 
-0.004000 0.091508 0.083894 
-0.003500 0.091493 0.083654 
-0.058000 0.162707 0.034175 
-0.001000 0.112196 0.090784 
-0.016500 0.106454 0.083408 
-0.001500 0.091447 0.082935 
0.013750 0.111499 0.058266 
0.042500 0.116677 0.034110 
0.000000 0.091424 0.082576 
-0.012500 0.134068 0.098252 
-0.017750 0.130644 0.097574 
0.001500 0.091371 0.081737 
0.002000 0.091364 0.081618 
0.002500 0.091348 0.081378 
0.003000 0.091333 0.081138 
0.003500 0.091311 0.080779 
-0.041250 0.128834 0.077653 
-0.038000 0.131013 0.081243 
0.002000 0.113540 0.090557 
0.005500 0.091204 0.079102 
-0.016750 0.147038 0.090663 
0.006500 0.091144 0.078144 
-0.068000 0.175824 0.029579 
-0.008750 0.127954 0.100067 
0.008000 0.091045 0.076587 
0.008500 0.091022 0.076227 
-0.019750 0.164974 0.040009 
0.009500 0.090878 0.073951 
0.045500 0.123306 0.022811 
0.010500 0.090787 0.072514 
0.011000 0.090749 0.071915 
0.011500 0.090734 0.071676 
0.012000 0.090696 0.071077 
0.012500 0.090666 0.070597 
0.025500 0.107707 0.051680 
0.013500 0.090575 0.069160 
-0.058750 0.151849 0.033815 
0.014500 0.090408 0.066525 
0.015000 0.090378 0.066046 
-0.040250 0.155086 0.055825 
0.016000 0.090287 0.064608 
0.016500 0.090249 0.064009 
0.027000 0.121200 0.039324 
-0.015750 0.148414 0.089305 
0.018000 0.090181 0.062931 
0.018500 0.090173 0.062812 
0.019000 0.090165 0.062692 
0.019500 0.090150 0.062452 
-0.033000 0.153168 0.079678 
0.020500 0.090097 0.061614 
0.055500 0.106106 0.024179 
0.021500 0.090044 0.060775 
0.024750 0.097561 0.058382 
-0.007000 0.169787 0.010176 
-0.024750 0.114038 0.085679 
0.031750 0.125851 0.031318 
0.024000 0.089938 0.059098 
0.024500 0.089900 0.058499 
0.025000 0.089847 0.057661 
-0.016500 0.143609 0.093041 
0.026000 0.089778 0.056583 
-0.058500 0.170040 0.037966 
-0.007500 0.120489 0.098255 
0.038250 0.095823 0.052393 
-0.013500 0.172908 0.031742 
-0.009000 0.154525 0.075602 
0.029000 0.089778 0.056583 
0.029500 0.089786 0.056702 
-0.051250 0.165039 0.044831 
-0.000250 0.137421 0.091344 
0.031000 0.089809 0.057062 
0.031500 0.089809 0.057062 
-0.004500 0.123156 0.097689 
0.032500 0.089816 0.057182 
-0.010250 0.162085 0.041031 
0.033500 0.089824 0.057301 
0.034000 0.089832 0.057421 
0.034500 0.089832 0.057421 
0.035000 0.089847 0.057661 
-0.014250 0.175083 0.027804 
0.036000 0.089854 0.057781 
0.039000 0.119540 0.034368 
-0.038500 0.146163 0.074769 
0.037500 0.089847 0.057661 
0.038000 0.089839 0.057541 
0.038500 0.089839 0.057541 
0.039000 0.089832 0.057421 
0.039500 0.089824 0.057301 
0.040000 0.089809 0.057062 
-0.031000 0.114668 0.084481 
0.041000 0.089794 0.056822 
0.041500 0.089786 0.056702 
-0.062000 0.158195 0.027077 
-0.028750 0.129157 0.090099 
-0.053250 0.157700 0.038883 
-0.000750 0.134712 0.094854 
-0.052250 0.159272 0.045988 
0.044500 0.089703 0.055385 
0.045000 0.089680 0.055025 
-0.025250 0.121066 0.094404 
-0.047000 0.160037 0.049822 
0.046500 0.089619 0.054067 
0.047000 0.089597 0.053708 
0.047500 0.089513 0.052390 
0.040500 0.098972 0.046295 
0.048500 0.089483 0.051911 
0.049000 0.089460 0.051552 
0.049500 0.089445 0.051312 
0.050000 0.089414 0.050833 
-0.040000 0.108528 0.069399 
0.047750 0.099303 0.040699 
0.051500 0.089323 0.049396 
-0.071250 0.178015 0.026783 
0.052500 0.089255 0.048318 
0.053000 0.089170 0.047180 
0.035000 0.128978 0.019628 
0.054000 0.089083 0.046034 
0.054500 0.089034 0.045398 
-0.010250 0.185426 0.007485 
-0.016750 0.170731 0.033650 
0.049500 0.116169 0.024199 
-0.032250 0.104254 0.080295 
0.057000 0.088782 0.042089 
0.057500 0.088724 0.041325 
0.004000 0.121700 0.092706 
-0.016500 0.097056 0.085688 
0.059000 0.088560 0.039161 
0.059500 0.088501 0.038397 
-0.003000 0.140859 0.091909 
0.053500 0.111724 0.021776 
0.031750 0.120466 0.038815 
0.061500 0.088249 0.035088 
0.062000 0.088220 0.034706 
0.013000 0.104220 0.066046 
0.063000 0.088124 0.033434 
-0.000750 0.102863 0.079817 
0.064000 0.087455 0.024651 
0.064500 0.087435 0.024397 
0.065000 0.087397 0.023888 
0.065500 0.087358 0.023379 
-0.047250 0.147819 0.044359 
-0.009000 0.134070 0.098478 
0.067000 0.087106 0.020069 
-0.011250 0.176544 0.026024 
0.068000 0.086554 0.012814 
0.068500 0.086544 0.012687 
0.069000 0.086505 0.012178 
0.019250 0.105840 0.056588 
-0.046000 0.122220 0.066167 
-0.030250 0.134593 0.086151 
-0.046750 0.090830 0.062213 
-0.046250 0.090875 0.062931 
-0.045750 0.090927 0.063770 
-0.066750 0.172184 0.032632 
0.038000 0.123592 0.029162 
-0.006000 0.162529 0.022372 
-0.004750 0.094946 0.084491 
-0.009250 0.137470 0.096892 
0.004500 0.126579 0.071909 
-0.042250 0.091430 0.071795 
-0.041750 0.091475 0.072514 
0.043750 0.113197 0.035630 
-0.040750 0.091558 0.073831 
0.011500 0.100262 0.069639 
-0.010000 0.161362 0.041159 
-0.035250 0.127693 0.086152 
-0.027750 0.135983 0.086630 
-0.038250 0.091783 0.077425 
-0.038750 0.094421 0.075747 
-0.026500 0.125760 0.092252 
0.020500 0.097000 0.060777 
-0.022500 0.123146 0.097236 
-0.035750 0.091940 0.079940 
-0.035250 0.091971 0.080420 
-0.034750 0.092000 0.080899 
-0.034250 0.092023 0.081258 
-0.033750 0.092053 0.081737 
-0.025500 0.109100 0.081730 
0.045500 0.108230 0.035878 
-0.032250 0.092113 0.082695 
0.015250 0.111385 0.055632 
-0.053500 0.152727 0.040669 
-0.030750 0.092158 0.083414 
-0.004500 0.100950 0.082332 
-0.029750 0.092188 0.083893 
0.064500 0.099620 0.012849 
-0.060500 0.156795 0.029364 
-0.042500 0.098929 0.070477 
-0.027750 0.092226 0.084492 
-0.027250 0.092233 0.084612 
-0.026750 0.092241 0.084732 
-0.026250 0.092248 0.084852 
-0.013750 0.153876 0.081475 
0.023500 0.127954 0.029917 
-0.024750 0.092263 0.085091 
0.014500 0.106829 0.062694 
-0.023750 0.092271 0.085211 
-0.002250 0.130654 0.098253 
0.033250 0.095795 0.051914 
-0.022250 0.092278 0.085331 
0.011250 0.100939 0.069399 
-0.037000 0.104732 0.076224 
-0.020750 0.092286 0.085450 
-0.020250 0.092286 0.085450 
0.044750 0.114519 0.033726 
-0.035250 0.113868 0.081609 
-0.018750 0.092301 0.085690 
-0.018250 0.092301 0.085690 
-0.017750 0.092301 0.085690 
-0.017250 0.092308 0.085810 
-0.016750 0.092308 0.085810 
0.062500 0.096042 0.024159 
-0.040750 0.137067 0.072739 
-0.015250 0.092308 0.085810 
0.026750 0.125940 0.033350 
-0.005250 0.142919 0.091909 
-0.062250 0.153167 0.028481 
-0.013250 0.092316 0.085929 
-0.012750 0.092316 0.085929 
-0.012250 0.092323 0.086049 
-0.043000 0.150108 0.053077 
-0.011500 0.109383 0.087836 
0.042250 0.118740 0.032589 
-0.010250 0.092323 0.086049 
0.002500 0.127149 0.093158 
-0.045250 0.093766 0.064848 
0.037500 0.112786 0.041094 
0.046000 0.113772 0.033089 
-0.007750 0.092301 0.085690 
0.008250 0.115715 0.059105 
-0.027250 0.097666 0.084490 
-0.006250 0.092271 0.085211 
-0.004500 0.125893 0.099275 
-0.005250 0.092248 0.084852 
0.026000 0.125276 0.034621 
-0.057000 0.151192 0.036355 
-0.023500 0.116370 0.094858 
-0.003250 0.092158 0.083414 
-0.002750 0.092143 0.083174 
-0.002250 0.092128 0.082935 
-0.001750 0.092113 0.082695 
-0.001250 0.092113 0.082695 
-0.010500 0.105093 0.083408 
-0.000250 0.092098 0.082456 
0.000250 0.092083 0.082216 
0.050500 0.111989 0.026605 
0.016750 0.111339 0.054555 
-0.044000 0.097408 0.067962 
0.002250 0.092023 0.081258 
0.033250 0.104033 0.048326 
0.003250 0.092000 0.080899 
0.028750 0.101475 0.053234 
0.004250 0.091955 0.080180 
0.004750 0.091926 0.079701 
-0.021250 0.163494 0.038108 
0.032500 0.099257 0.051077 
0.006250 0.091843 0.078383 
0.000750 0.148235 0.073449 
-0.013750 0.169304 0.037080 
0.007750 0.091760 0.077066 
-0.012250 0.175087 0.028565 
-0.062500 0.153875 0.027845 
0.038250 0.121636 0.033482 
0.009750 0.091505 0.072993 
0.010250 0.091453 0.072155 
0.010750 0.091438 0.071915 
0.038500 0.098972 0.046295 
0.011750 0.091393 0.071196 
0.012250 0.091362 0.070717 
-0.060500 0.170033 0.037205 
0.013250 0.091265 0.069160 
0.028000 0.107652 0.050483 
-0.013750 0.097714 0.085328 
0.014750 0.091100 0.066525 
0.015250 0.091070 0.066046 
0.050000 0.118865 0.020521 
0.016250 0.090957 0.064249 
0.016750 0.090920 0.063650 
0.017250 0.090905 0.063410 
0.042000 0.111198 0.038042 
0.060750 0.098309 0.025817 
0.018750 0.090860 0.062692 
0.055000 0.107469 0.022911 
0.019750 0.090830 0.062213 
-0.062750 0.154586 0.027336 
0.013000 0.110843 0.059223 
0.035500 0.126435 0.028142 
-0.009750 0.141558 0.094287 
0.022250 0.090740 0.060775 
0.022750 0.090724 0.060536 
0.032000 0.121134 0.037927 
-0.008000 0.136788 0.097118 
0.024250 0.090619 0.058859 
0.024750 0.090574 0.058140 
0.060750 0.102367 0.021883 
0.025750 0.090492 0.056823 
0.026250 0.090469 0.056463 
0.026750 0.090454 0.056224 
0.027250 0.090447 0.056104 
0.027750 0.090447 0.056104 
0.028250 0.090447 0.056104 
0.004250 0.116938 0.091235 
0.029250 0.090462 0.056343 
-0.042250 0.116319 0.074546 
-0.004750 0.117071 0.095877 
0.030750 0.090477 0.056583 
0.000750 0.130612 0.095422 
0.031750 0.090484 0.056703 
0.032250 0.090492 0.056823 
-0.068750 0.175094 0.029961 
0.033250 0.090499 0.056942 
0.018000 0.117348 0.047197 
0.034250 0.090507 0.057062 
0.035000 0.105991 0.045792 
0.013750 0.114123 0.054197 
0.035750 0.090522 0.057302 
-0.028250 0.138725 0.085791 
-0.002000 0.102231 0.080775 
-0.007250 0.103001 0.082451 
0.037750 0.090514 0.057182 
0.038250 0.090514 0.057182 
0.038750 0.090514 0.057182 
-0.033500 0.096798 0.081256 
-0.038750 0.162198 0.049457 
0.040250 0.090484 0.056703 
-0.054000 0.152715 0.040161 
0.041250 0.090469 0.056463 
0.041750 0.090462 0.056343 
0.003750 0.111932 0.068321 
0.019250 0.093615 0.062333 
0.043250 0.090424 0.055744 
-0.001750 0.133365 0.096667 
-0.013000 0.098387 0.085208 
0.044750 0.090379 0.055026 
0.050000 0.121656 0.018495 
0.045750 0.090334 0.054307 
0.046250 0.090319 0.054067 
0.046750 0.090289 0.053588 
0.047250 0.090259 0.053109 
-0.058750 0.153273 0.033178 
0.053500 0.098114 0.033575 
0.018750 0.123248 0.037419 
0.049250 0.090147 0.051312 
-0.039750 0.159328 0.053060 
-0.032500 0.127066 0.088513 
0.050750 0.090057 0.049875 
-0.025000 0.101060 0.084368 
0.051750 0.089996 0.048917 
0.052250 0.089959 0.048318 
-0.001250 0.140162 0.090324 
0.019750 0.127292 0.031316 
0.039500 0.122237 0.031070 
0.054250 0.089759 0.045653 
0.054750 0.089711 0.045016 
0.031500 0.096530 0.052513 
0.040000 0.126195 0.022553 
-0.050500 0.151392 0.044606 
-0.008500 0.169995 0.033017 
-0.027000 0.110453 0.081490 
0.057750 0.089384 0.040689 
0.058250 0.089327 0.039925 
0.058750 0.089259 0.039035 
0.059250 0.089202 0.038271 
0.059750 0.089144 0.037507 
0.009500 0.109730 0.065448 
0.037750 0.110719 0.042109 
0.023750 0.112488 0.048570 
-0.006500 0.124529 0.099275 
0.061250 0.095464 0.026193 
0.062750 0.088836 0.033435 
0.063250 0.088606 0.030380 
-0.036500 0.121494 0.085196 
0.064250 0.088145 0.024271 
0.064750 0.088116 0.023889 
0.065250 0.088077 0.023380 
-0.031000 0.117504 0.087472 
0.066250 0.087972 0.021980 
0.066750 0.087856 0.020453 
0.067250 0.087770 0.019307 
0.067750 0.087328 0.013453 
0.019000 0.097040 0.061495 
0.068750 0.087241 0.012307 
0.069250 0.087212 0.011925 
-0.048000 0.090871 0.051672 
-0.003250 0.141544 0.091683 
0.031000 0.111655 0.046177 
-0.025750 0.140152 0.088739 
-0.046000 0.091613 0.063650 
-0.049250 0.165050 0.045720 
-0.045000 0.091680 0.064728 
-0.042250 0.147992 0.053799 
-0.044000 0.091755 0.065926 
-0.014750 0.162153 0.045346 
-0.013500 0.116506 0.099499 
-0.042500 0.092037 0.070478 
-0.042000 0.092111 0.071675 
-0.041500 0.092163 0.072514 
-0.041000 0.092215 0.073352 
-0.040500 0.092260 0.074071 
-0.040000 0.092297 0.074670 
-0.039500 0.092356 0.075628 
-0.039000 0.092408 0.076467 
-0.038500 0.092445 0.077065 
-0.038000 0.092482 0.077664 
-0.037500 0.092520 0.078263 
-0.037000 0.092549 0.078742 
-0.003750 0.142914 0.090664 
-0.036000 0.092609 0.079701 
-0.014250 0.148414 0.089305 
-0.067000 0.177284 0.027926 
-0.034500 0.092698 0.081138 
-0.017250 0.151155 0.086389 
-0.008250 0.130677 0.099839 
-0.033000 0.092765 0.082216 
0.028250 0.125907 0.032588 
-0.009250 0.160636 0.041161 
-0.031500 0.092817 0.083054 
-0.022250 0.140174 0.092136 
-0.059750 0.166419 0.039371 
-0.030000 0.092861 0.083773 
-0.029500 0.092876 0.084013 
-0.029000 0.092883 0.084132 
-0.028500 0.092891 0.084252 
-0.028000 0.092898 0.084372 
-0.027500 0.092913 0.084612 
-0.036000 0.099421 0.079339 
-0.018500 0.154565 0.080996 
-0.012000 0.157169 0.048390 
-0.025500 0.092943 0.085091 
-0.025000 0.092943 0.085091 
-0.024500 0.092950 0.085211 
-0.024000 0.092958 0.085330 
-0.023500 0.092958 0.085330 
-0.023000 0.092965 0.085450 
-0.022500 0.092965 0.085450 
-0.031000 0.122981 0.089647 
-0.041250 0.116413 0.076940 
-0.031500 0.111770 0.080412 
0.039000 0.092528 0.055865 
0.056000 0.110154 0.019485 
-0.010750 0.099040 0.084728 
0.006250 0.111823 0.065807 
-0.018500 0.092980 0.085690 
-0.030250 0.120946 0.089421 
-0.017500 0.092988 0.085809 
-0.017000 0.092988 0.085809 
-0.022000 0.120483 0.098028 
0.001250 0.098717 0.078980 
-0.022000 0.098394 0.085327 
-0.011500 0.135428 0.097798 
-0.014500 0.092980 0.085690 
-0.005000 0.112254 0.092481 
-0.013500 0.092988 0.085809 
0.025250 0.094779 0.058501 
-0.012500 0.092995 0.085929 
-0.012000 0.092995 0.085929 
-0.011500 0.092995 0.085929 
-0.011000 0.092995 0.085929 
-0.010500 0.092995 0.085929 
0.027000 0.095386 0.056944 
-0.031750 0.147005 0.085551 
-0.001250 0.111501 0.090218 
-0.008500 0.092980 0.085690 
-0.008000 0.092980 0.085690 
-0.007500 0.092973 0.085570 
-0.003500 0.120447 0.096556 
-0.006500 0.092958 0.085330 
-0.032750 0.148372 0.084472 
-0.033250 0.111007 0.078617 
0.003750 0.099986 0.077183 
0.010000 0.105657 0.067124 
-0.004000 0.092883 0.084132 
-0.003500 0.092861 0.083773 
-0.025250 0.131922 0.091118 
-0.002500 0.092809 0.082935 
-0.002000 0.092794 0.082695 
-0.001500 0.092780 0.082456 
-0.047250 0.165056 0.046100 
-0.008750 0.147038 0.089645 
-0.053750 0.160694 0.044588 
0.020000 0.098391 0.060777 
0.001000 0.092727 0.081617 
0.005500 0.121663 0.091120 
-0.025000 0.140845 0.089532 
0.002500 0.092690 0.081018 
-0.007500 0.107702 0.081013 
0.003500 0.092661 0.080539 
0.004000 0.092638 0.080180 
0.005750 0.120979 0.090780 
-0.029000 0.122999 0.090440 
0.005500 0.092571 0.079102 
-0.067500 0.172909 0.031869 
0.006500 0.092512 0.078143 
-0.048500 0.168619 0.041269 
0.007500 0.092453 0.077185 
-0.046000 0.151491 0.049479 
-0.041500 0.140470 0.068185 
0.009000 0.092297 0.074670 
-0.039500 0.124093 0.081485 
0.021750 0.124592 0.035384 
0.010500 0.092133 0.072035 
-0.019250 0.099067 0.085207 
-0.056750 0.173641 0.031994 
0.012000 0.092074 0.071076 
0.012500 0.092044 0.070597 
0.013000 0.091955 0.069160 
0.013500 0.091896 0.068202 
0.034500 0.115619 0.041097 
-0.012250 0.126582 0.099614 
0.015000 0.091792 0.066525 
-0.037750 0.148287 0.077643 
0.016000 0.091665 0.064489 
0.016500 0.091628 0.063890 
-0.015500 0.117857 0.099953 
0.035000 0.095163 0.053111 
0.018000 0.091569 0.062932 
-0.052000 0.157016 0.040534 
-0.049500 0.161469 0.047759 
0.019500 0.091539 0.062452 
-0.039250 0.141219 0.070939 
0.020500 0.091502 0.061853 
0.021000 0.091487 0.061614 
0.021500 0.091472 0.061374 
-0.000250 0.140151 0.088626 
-0.033500 0.147673 0.083873 
0.023000 0.091420 0.060536 
0.061500 0.105435 0.012991 
0.019750 0.128597 0.028011 
0.047500 0.119088 0.025094 
0.025000 0.091264 0.058020 
-0.009500 0.131356 0.099612 
0.026000 0.091183 0.056703 
0.014500 0.121309 0.041611 
0.017750 0.118026 0.046689 
0.027500 0.091131 0.055865 
0.028000 0.091123 0.055745 
0.028500 0.091123 0.055745 
-0.006750 0.094989 0.085209 
0.047250 0.100395 0.035740 
0.008250 0.125884 0.032080 
0.039000 0.122278 0.031959 
0.031000 0.091160 0.056344 
0.063000 0.102524 0.012856 
0.017250 0.114026 0.051803 
-0.016250 0.148414 0.089305 
0.033000 0.091175 0.056583 
-0.044250 0.099369 0.065926 
0.034000 0.091183 0.056703 
-0.005750 0.171984 0.002878 
-0.038750 0.099914 0.075866 
0.035500 0.091197 0.056943 
0.049750 0.120975 0.019382 
-0.001750 0.145598 0.083754 
0.049250 0.108639 0.030667 
0.037500 0.091197 0.056943 
0.038000 0.091190 0.056823 
0.038500 0.091190 0.056823 
-0.058000 0.171484 0.036567 
-0.009000 0.136789 0.097232 
0.063000 0.093158 0.024026 
0.031500 0.115672 0.042114 
0.039250 0.100904 0.043499 
0.000000 0.142179 0.085911 
0.036750 0.117595 0.038177 
0.042500 0.091123 0.055745 
0.043000 0.091108 0.055505 
0.043500 0.091101 0.055385 
0.044000 0.091086 0.055146 
0.044500 0.091064 0.054786 
-0.036250 0.112355 0.078138 
0.045500 0.091019 0.054068 
-0.042000 0.158610 0.053062 
0.046500 0.090982 0.053469 
0.003250 0.129154 0.089873 
-0.028250 0.142903 0.088060 
-0.052250 0.170769 0.038091 
0.048500 0.090863 0.051552 
0.049000 0.090841 0.051193 
0.049500 0.090811 0.050714 
0.050000 0.090789 0.050355 
0.050500 0.090767 0.049995 
-0.034500 0.108850 0.076343 
-0.025250 0.097694 0.084968 
0.024000 0.106384 0.053356 
0.010500 0.102922 0.067723 
0.053000 0.090569 0.047053 
-0.008000 0.132714 0.099159 
0.037500 0.097720 0.048682 
0.007750 0.094443 0.076107 
-0.064750 0.173644 0.032502 
-0.024750 0.134658 0.089985 
-0.024500 0.138094 0.089645 
0.056500 0.090207 0.042217 
0.057000 0.090131 0.041199 
0.061750 0.100902 0.021499 
-0.036750 0.148311 0.079560 
0.058500 0.089969 0.039035 
0.059000 0.089902 0.038144 
-0.034750 0.118114 0.085676 
-0.017750 0.105774 0.083408 
0.060500 0.089712 0.035599 
-0.019500 0.164271 0.041660 
0.061500 0.089626 0.034454 
0.062000 0.089569 0.033690 
-0.054500 0.164296 0.043437 
0.063000 0.089321 0.030381 
0.063500 0.089330 0.030508 
0.064000 0.088854 0.024145 
-0.016500 0.135416 0.096666 
-0.042750 0.155072 0.053787 
-0.032000 0.099580 0.082213 
0.066000 0.088692 0.021982 
0.066500 0.088615 0.020963 
-0.022500 0.120469 0.097462 
0.067500 0.088072 0.013709 
0.068000 0.088024 0.013073 
0.068500 0.087977 0.012436 
0.069000 0.087939 0.011927 
-0.047750 0.092101 0.060296 
0.000750 0.096074 0.080538 
-0.046750 0.092234 0.062452 
0.007000 0.115094 0.061020 
0.040500 0.093833 0.054309 
0.044250 0.106250 0.038418 
0.060750 0.110290 0.008937 
-0.044250 0.092425 0.065567 
-0.041750 0.096971 0.072393 
-0.043250 0.092572 0.067962 
-0.042750 0.092689 0.069879 
-0.042250 0.092711 0.070238 
-0.041750 0.092792 0.071556 
-0.041250 0.092873 0.072873 
-0.018500 0.146351 0.090890 
-0.040250 0.092939 0.073951 
0.040750 0.117454 0.035381 
0.053000 0.095912 0.042858 
-0.011000 0.146351 0.090777 
-0.038250 0.093145 0.077305 
-0.037750 0.093182 0.077904 
0.006000 0.122959 0.088627 
-0.036750 0.093248 0.078982 
-0.036250 0.093277 0.079461 
-0.044750 0.120274 0.069877 
-0.006000 0.143605 0.091796 
0.037500 0.111419 0.041983 
-0.034250 0.093395 0.081377 
-0.033750 0.093417 0.081737 
-0.033250 0.093439 0.082096 
-0.028000 0.121657 0.090893 
-0.032250 0.093483 0.082815 
-0.031750 0.093498 0.083054 
-0.044250 0.157897 0.052104 
-0.043750 0.104776 0.063293 
-0.066250 0.178015 0.026910 
-0.029750 0.093549 0.083893 
-0.029250 0.093564 0.084132 
0.038750 0.100929 0.043880 
0.005250 0.119636 0.091121 
-0.027750 0.093593 0.084611 
-0.027250 0.093601 0.084731 
-0.029500 0.122994 0.090213 
-0.026250 0.093615 0.084971 
-0.020250 0.100406 0.084847 
-0.025250 0.093623 0.085090 
-0.024750 0.093630 0.085210 
-0.024250 0.093637 0.085330 
0.019750 0.108557 0.054913 
-0.023250 0.093645 0.085450 
-0.031000 0.147701 0.086030 
-0.069000 0.169841 0.016140 
-0.045000 0.094474 0.065088 
0.035500 0.116963 0.039701 
-0.012000 0.172908 0.031615 
-0.020250 0.093652 0.085570 
-0.019750 0.093659 0.085689 
0.021750 0.128586 0.027757 
-0.018750 0.093667 0.085809 
-0.000750 0.098818 0.080776 
0.000750 0.127878 0.095649 
-0.002750 0.164565 0.009296 
-0.016750 0.093667 0.085809 
-0.016250 0.093659 0.085689 
-0.033500 0.128420 0.087468 
-0.037250 0.124888 0.084716 
0.009750 0.102325 0.069519 
-0.011500 0.097028 0.085208 
-0.013750 0.093659 0.085689 
-0.013250 0.093659 0.085689 
-0.004500 0.103614 0.081134 
-0.012250 0.093667 0.085809 
-0.011750 0.093667 0.085809 
-0.007750 0.111607 0.093273 
-0.068250 0.176555 0.028943 
-0.010250 0.093667 0.085809 
0.006750 0.098489 0.074908 
0.026500 0.094025 0.057542 
-0.002000 0.116376 0.095084 
-0.059000 0.168594 0.038858 
-0.007750 0.093652 0.085570 
-0.007250 0.093645 0.085450 
-0.066250 0.160288 0.020599 
-0.006250 0.093630 0.085210 
-0.022250 0.130593 0.094176 
-0.005250 0.093615 0.084971 
-0.023500 0.106425 0.082809 
-0.004250 0.093579 0.084372 
-0.003750 0.093564 0.084132 
-0.003250 0.093542 0.083773 
-0.002750 0.093512 0.083294 
-0.002250 0.093483 0.082815 
-0.031750 0.112489 0.081250 
-0.060500 0.168586 0.038096 
0.001750 0.114259 0.091915 
-0.023500 0.153198 0.083273 
-0.061750 0.160406 0.027580 
0.000750 0.093395 0.081377 
-0.016000 0.165718 0.041403 
0.001750 0.093373 0.081018 
-0.029750 0.097618 0.083651 
0.002750 0.093351 0.080659 
-0.014250 0.153876 0.081475 
-0.019000 0.119185 0.099613 
-0.010750 0.183929 0.009644 
0.004750 0.093285 0.079581 
0.031750 0.121814 0.037293 
0.005750 0.093226 0.078622 
0.006250 0.093196 0.078143 
0.026500 0.102237 0.054432 
0.007250 0.093145 0.077305 
0.006750 0.097109 0.074789 
-0.033250 0.130469 0.086750 
0.008750 0.093005 0.075029 
0.009250 0.092873 0.072873 
-0.019750 0.162147 0.044965 
0.010250 0.092836 0.072274 
0.010750 0.092822 0.072035 
0.055750 0.098717 0.031923 
-0.071750 0.180952 0.022717 
0.012250 0.092770 0.071196 
-0.003750 0.144285 0.089305 
0.013250 0.092608 0.068561 
0.013750 0.092586 0.068202 
0.014250 0.092557 0.067723 
0.014750 0.092505 0.066884 
0.015250 0.092417 0.065447 
0.015750 0.092373 0.064728 
-0.046500 0.095664 0.061735 
0.016750 0.092300 0.063530 
0.042500 0.120730 0.029416 
0.017750 0.092263 0.062932 
0.026000 0.096816 0.057543 
-0.020750 0.160722 0.046238 
-0.042250 0.149415 0.054396 
0.019750 0.092226 0.062333 
-0.019750 0.167810 0.033657 
0.020750 0.092197 0.061854 
0.003750 0.101343 0.076943 
-0.018000 0.170003 0.033905 
0.022250 0.092145 0.061015 
0.022750 0.092123 0.060656 
-0.060250 0.163395 0.031255 
0.023750 0.092042 0.059338 
-0.036000 0.100768 0.078979 
0.024750 0.091991 0.058500 
-0.058000 0.168598 0.039239 
-0.000250 0.148249 0.074528 
0.026250 0.091866 0.056464 
0.026750 0.091844 0.056104 
0.027250 0.091829 0.055865 
-0.001000 0.120435 0.096103 
-0.001500 0.132684 0.096893 
0.028750 0.091800 0.055386 
-0.006500 0.150428 0.082914 
-0.025750 0.096334 0.084969 
0.030250 0.091822 0.055745 
-0.034000 0.103534 0.079577 
0.031250 0.091837 0.055985 
0.031750 0.091837 0.055985 
-0.025500 0.101054 0.084248 
0.032750 0.091851 0.056224 
0.033250 0.091851 0.056224 
0.051500 0.092063 0.048199 
0.034250 0.091851 0.056224 
0.034750 0.091859 0.056344 
-0.021250 0.122506 0.098595 
0.035750 0.091873 0.056583 
0.036250 0.091873 0.056583 
-0.020250 0.164964 0.039247 
0.037250 0.091873 0.056583 
0.037750 0.091866 0.056464 
-0.041000 0.136382 0.073338 
0.013250 0.110178 0.059941 
0.039250 0.091859 0.056344 
0.039750 0.091844 0.056104 
0.040250 0.091837 0.055985 
0.040750 0.091822 0.055745 
-0.016750 0.096383 0.085808 
0.041750 0.091807 0.055505 
0.042250 0.091800 0.055386 
0.042750 0.091793 0.055266 
-0.016500 0.131330 0.097800 
0.030250 0.101431 0.052396 
0.044250 0.091748 0.054547 
0.044750 0.091704 0.053829 
-0.014250 0.130659 0.098593 
0.031250 0.125851 0.031318 
-0.027250 0.113998 0.084721 
0.046750 0.091653 0.052990 
0.047250 0.091624 0.052511 
-0.059750 0.160458 0.030626 
-0.045500 0.097143 0.063292 
0.025250 0.123242 0.037292 
0.049250 0.091513 0.050714 
0.049750 0.091484 0.050235 
0.050250 0.091462 0.049876 
-0.011000 0.158545 0.045735 
-0.046500 0.151487 0.049120 
-0.057250 0.161997 0.035446 
0.052250 0.091321 0.047690 
0.021500 0.127928 0.029282 
-0.018500 0.144979 0.091909 
-0.024750 0.140158 0.089645 
0.054250 0.091132 0.045145 
-0.002000 0.127244 0.098481 
-0.004000 0.132703 0.098366 
-0.068000 0.163935 0.017546 
-0.009000 0.107793 0.082928 
-0.035750 0.138609 0.080043 
0.057250 0.090820 0.040945 
0.057750 0.090764 0.040181 
0.058250 0.090669 0.038909 
0.058750 0.090556 0.037382 
0.059250 0.090480 0.036364 
0.059750 0.090433 0.035727 
0.060250 0.090395 0.035218 
0.060750 0.090367 0.034837 
0.061250 0.090329 0.034327 
0.061750 0.090263 0.033437 
0.033750 0.128434 0.024074 
0.062750 0.090045 0.030510 
-0.025000 0.127151 0.093271 
-0.041250 0.130208 0.077054 
0.007250 0.107760 0.067723 
-0.020250 0.145664 0.091003 
0.065250 0.089488 0.023001 
0.065750 0.089431 0.022238 
0.066250 0.089346 0.021092 
0.066750 0.089223 0.019438 
-0.054500 0.152695 0.039272 
0.067750 0.088769 0.013329 
0.043000 0.101338 0.039302 
-0.025250 0.156607 0.074522 
0.059750 0.095632 0.028610 
-0.003000 0.138133 0.094401 
0.041500 0.115358 0.036141 
-0.033250 0.149743 0.083513 
-0.046000 0.093001 0.063650 
-0.045500 0.093066 0.064728 
-0.031250 0.115382 0.085319 
-0.044500 0.093095 0.065207 
0.011750 0.094176 0.071675 
0.044750 0.124014 0.022429 
0.033250 0.109517 0.045794 
-0.042500 0.093379 0.069879 
-0.042000 0.093393 0.070118 
-0.007250 0.117117 0.097462 
-0.003500 0.116390 0.095537 
-0.008750 0.175081 0.027423 
0.014000 0.126588 0.031698 
-0.019500 0.125883 0.098708 
-0.018250 0.157893 0.051145 
-0.038500 0.093779 0.076466 
0.044000 0.115252 0.034108 
0.005000 0.095263 0.078382 
-0.031000 0.154538 0.077400 
0.032750 0.124473 0.032717 
0.050500 0.110569 0.026857 
-0.035500 0.093990 0.079940 
0.047750 0.098146 0.044514 
-0.034500 0.094048 0.080898 
-0.012500 0.167146 0.039369 
-0.033500 0.094106 0.081856 
-0.033000 0.094135 0.082335 
-0.032500 0.094150 0.082575 
-0.032000 0.094171 0.082934 
0.042250 0.095781 0.051675 
-0.031000 0.094200 0.083413 
-0.030500 0.094215 0.083653 
-0.030000 0.094230 0.083892 
0.007250 0.125096 0.046689 
-0.029000 0.094244 0.084132 
-0.019000 0.095704 0.085808 
-0.028000 0.094266 0.084491 
-0.027500 0.094273 0.084611 
-0.027000 0.094281 0.084731 
-0.026500 0.094288 0.084850 
-0.006000 0.153146 0.077161 
-0.025500 0.094302 0.085090 
0.058750 0.097133 0.029631 
-0.024500 0.094310 0.085210 
-0.003250 0.158934 0.027329 
-0.023500 0.094324 0.085449 
-0.037750 0.137156 0.076930 
-0.007500 0.110909 0.092595 
-0.022000 0.094331 0.085569 
-0.043000 0.123906 0.075621 
-0.021000 0.094339 0.085689 
-0.020500 0.094339 0.085689 
-0.033750 0.135889 0.082439 
-0.019500 0.094346 0.085809 
-0.019000 0.094346 0.085809 
-0.018500 0.094346 0.085809 
-0.070000 0.171303 0.013599 
-0.006000 0.168296 0.009924 
-0.017000 0.094346 0.085809 
-0.016500 0.094346 0.085809 
-0.016000 0.094339 0.085689 
-0.015500 0.094339 0.085689 
-0.015000 0.094331 0.085569 
-0.006500 0.153150 0.077520 
-0.014000 0.094331 0.085569 
-0.013500 0.094331 0.085569 
-0.028250 0.112551 0.082687 
-0.012500 0.094339 0.085689 
-0.021750 0.141547 0.092136 
-0.011500 0.094339 0.085689 
-0.011000 0.094346 0.085809 
-0.033250 0.138667 0.082917 
-0.010000 0.094346 0.085809 
-0.003500 0.117749 0.096103 
0.009750 0.123439 0.041611 
-0.008500 0.094331 0.085569 
-0.008000 0.094324 0.085449 
-0.007500 0.094324 0.085449 
-0.036500 0.144852 0.080160 
-0.006500 0.094317 0.085330 
-0.026250 0.129183 0.091685 
-0.032500 0.154521 0.075003 
-0.003750 0.129304 0.099273 
-0.012500 0.127264 0.099614 
-0.016250 0.104430 0.083768 
-0.015000 0.131336 0.098253 
-0.003000 0.094215 0.083653 
-0.002500 0.094179 0.083054 
-0.002000 0.094150 0.082575 
0.012500 0.108268 0.063772 
-0.051000 0.167188 0.043049 
-0.000500 0.094091 0.081616 
-0.040000 0.132323 0.078250 
0.050500 0.097352 0.043241 
0.001000 0.094062 0.081137 
-0.014500 0.161442 0.046109 
0.002000 0.094040 0.080778 
0.002500 0.094026 0.080539 
0.003000 0.094019 0.080419 
0.003500 0.094004 0.080179 
0.000500 0.132656 0.094742 
-0.016250 0.144294 0.092701 
0.005000 0.093939 0.079101 
-0.050500 0.161457 0.046997 
0.006000 0.093881 0.078143 
0.006500 0.093859 0.077784 
0.007000 0.093822 0.077185 
-0.023750 0.126490 0.094630 
0.008000 0.093742 0.075867 
0.010500 0.105651 0.067004 
0.011000 0.100288 0.070118 
0.009500 0.093561 0.072873 
0.010000 0.093539 0.072514 
0.010500 0.093524 0.072274 
0.011000 0.093502 0.071915 
-0.017750 0.114442 0.097688 
0.036500 0.125041 0.029287 
-0.034250 0.113888 0.082088 
0.059250 0.110403 0.010971 
-0.030000 0.151817 0.083513 
-0.071000 0.172765 0.010297 
0.014500 0.093241 0.067603 
0.015000 0.093117 0.065567 
-0.022750 0.111215 0.083286 
0.016000 0.093030 0.064129 
0.016500 0.093001 0.063650 
0.017000 0.092972 0.063171 
0.013250 0.100798 0.066765 
0.035500 0.104580 0.045791 
-0.016000 0.136782 0.096439 
0.019750 0.111251 0.052520 
0.017500 0.126610 0.032206 
0.014500 0.109434 0.058864 
-0.005000 0.171231 0.001394 
-0.053750 0.153425 0.039906 
