ply
format ascii 1.0
comment Created by CloudCompare v2.14.beta (Dec  7 2025)
comment Created 2025-12-11T01:00:59
obj_info Generated by CloudCompare!
element vertex 12692
property float x
property float y
property float z
end_header
-0.003250 0.034330 0.077604 
-0.002250 0.034411 0.078324 
-0.001250 0.034465 0.078804 
0.000250 0.034452 0.078684 
0.001250 0.034438 0.078564 
0.002750 0.034425 0.078444 
0.004250 0.034384 0.078084 
0.005250 0.034330 0.077604 
-0.008500 0.034710 0.074841 
-0.007500 0.034818 0.075801 
-0.006500 0.034940 0.076882 
-0.005500 0.035021 0.077602 
-0.004500 0.035075 0.078082 
-0.003500 0.035129 0.078562 
-0.002000 0.035183 0.079042 
-0.000500 0.035210 0.079282 
0.001000 0.035210 0.079282 
0.002000 0.035197 0.079162 
0.003500 0.035183 0.079042 
0.004500 0.035156 0.078802 
0.005500 0.035129 0.078562 
0.006500 0.035048 0.077842 
0.007500 0.034967 0.077122 
0.008500 0.034832 0.075921 
-0.010750 0.035214 0.073159 
-0.009750 0.035375 0.074599 
-0.008250 0.035510 0.075800 
-0.007250 0.035591 0.076520 
-0.002750 0.035860 0.078920 
-0.001250 0.035914 0.079401 
0.000250 0.035928 0.079521 
0.002750 0.035914 0.079401 
0.008250 0.035631 0.076880 
0.009250 0.035524 0.075920 
0.010250 0.035375 0.074599 
0.011250 0.035227 0.073279 
0.011750 0.035065 0.071838 
-0.022000 0.034592 0.061393 
-0.021000 0.034619 0.061633 
-0.020000 0.034632 0.061753 
-0.019000 0.034645 0.061873 
-0.018000 0.034672 0.062113 
-0.012500 0.035424 0.068835 
-0.012000 0.035652 0.070876 
-0.010500 0.036014 0.074117 
-0.009000 0.036162 0.075438 
-0.006500 0.036390 0.077478 
-0.005500 0.036457 0.078079 
-0.004500 0.036497 0.078439 
-0.003500 0.036537 0.078799 
-0.002000 0.036578 0.079159 
-0.000500 0.036618 0.079519 
0.001000 0.036618 0.079519 
0.003500 0.036605 0.079399 
0.004500 0.036591 0.079279 
0.005500 0.036578 0.079159 
0.006500 0.036484 0.078319 
0.007500 0.036430 0.077838 
0.009000 0.036296 0.076638 
0.010000 0.036162 0.075438 
0.011000 0.036014 0.074117 
0.012500 0.035746 0.071716 
0.013500 0.035531 0.069796 
0.014000 0.035410 0.068715 
0.014500 0.035276 0.067515 
0.015000 0.035129 0.066195 
0.015500 0.034887 0.064034 
0.016000 0.034780 0.063074 
0.016500 0.034672 0.062113 
0.017500 0.034686 0.062233 
0.018500 0.034659 0.061993 
0.019500 0.034659 0.061993 
0.020500 0.034659 0.061993 
0.021500 0.034659 0.061993 
0.022500 0.034686 0.062233 
0.023500 0.034713 0.062473 
0.024500 0.034713 0.062473 
0.025500 0.034713 0.062473 
0.026500 0.034726 0.062593 
0.027500 0.034726 0.062593 
0.028500 0.034699 0.062353 
0.029500 0.034686 0.062233 
0.030500 0.034686 0.062233 
0.031500 0.034659 0.061993 
0.032500 0.034605 0.061513 
0.033500 0.034498 0.060553 
0.034500 0.034404 0.059712 
0.035500 0.034297 0.058752 
0.036000 0.034122 0.057192 
-0.030250 0.035224 0.060791 
-0.029250 0.035264 0.061151 
-0.028250 0.035290 0.061391 
-0.027250 0.035317 0.061631 
-0.026250 0.035317 0.061631 
-0.025250 0.035331 0.061751 
-0.024250 0.035357 0.061991 
-0.023250 0.035371 0.062111 
-0.022250 0.035371 0.062111 
-0.021250 0.035384 0.062231 
-0.017250 0.035424 0.062591 
-0.016250 0.035424 0.062591 
-0.015250 0.035437 0.062711 
-0.014250 0.035464 0.062951 
-0.013750 0.035945 0.067273 
-0.013250 0.036052 0.068233 
-0.011750 0.036466 0.071955 
-0.011250 0.036587 0.073035 
-0.009750 0.036787 0.074836 
-0.008250 0.036921 0.076036 
-0.007250 0.037014 0.076876 
-0.002750 0.037241 0.078917 
-0.001250 0.037295 0.079397 
0.000250 0.037308 0.079517 
0.001750 0.037308 0.079517 
0.002750 0.037295 0.079397 
0.008250 0.037081 0.077477 
0.011750 0.036627 0.073395 
0.013250 0.036293 0.070394 
0.015250 0.035892 0.066793 
0.015750 0.035745 0.065472 
0.016250 0.035571 0.063912 
0.032250 0.035384 0.062231 
0.033250 0.035304 0.061511 
0.034250 0.035224 0.060791 
0.035250 0.035117 0.059830 
0.036250 0.034996 0.058750 
0.037250 0.034836 0.057310 
0.037750 0.034676 0.055869 
0.038250 0.034542 0.054669 
0.038750 0.034368 0.053108 
-0.032000 0.035856 0.060189 
-0.031000 0.035949 0.061029 
-0.030000 0.036016 0.061629 
-0.020500 0.036082 0.062229 
-0.019500 0.036082 0.062229 
-0.018500 0.036082 0.062229 
-0.014000 0.036069 0.062109 
-0.013000 0.036841 0.069072 
-0.012500 0.037001 0.070512 
-0.010500 0.037386 0.073993 
-0.009000 0.037520 0.075194 
-0.006500 0.037746 0.077235 
-0.005500 0.037826 0.077955 
-0.004500 0.037866 0.078315 
-0.003500 0.037892 0.078555 
-0.002000 0.037932 0.078915 
-0.000500 0.037985 0.079396 
0.001000 0.037999 0.079516 
0.003500 0.037985 0.079396 
0.004500 0.037972 0.079275 
0.005500 0.037959 0.079155 
0.006500 0.037905 0.078675 
0.007500 0.037852 0.078195 
0.009000 0.037706 0.076875 
0.010000 0.037600 0.075914 
0.011000 0.037413 0.074234 
0.012500 0.037107 0.071473 
0.014000 0.036894 0.069552 
0.014500 0.036748 0.068232 
0.017000 0.036096 0.062349 
0.018500 0.036096 0.062349 
0.019500 0.036109 0.062469 
0.020500 0.036109 0.062469 
0.021500 0.036109 0.062469 
0.022500 0.036122 0.062589 
0.023500 0.036135 0.062710 
0.024500 0.036162 0.062950 
0.025500 0.036175 0.063070 
0.026500 0.036189 0.063190 
0.027500 0.036189 0.063190 
0.028500 0.036162 0.062950 
0.029500 0.036135 0.062710 
0.030500 0.036135 0.062710 
0.031500 0.036122 0.062589 
0.033000 0.036069 0.062109 
0.034000 0.036002 0.061509 
0.035000 0.035896 0.060549 
0.036000 0.035790 0.059588 
0.037000 0.035656 0.058388 
0.038000 0.035470 0.056707 
0.038500 0.035324 0.055387 
0.039000 0.035164 0.053946 
0.040000 0.034938 0.051906 
0.040500 0.034778 0.050465 
0.041000 0.034658 0.049385 
0.042000 0.034399 0.047042 
-0.035750 0.036065 0.055745 
-0.034750 0.036211 0.057065 
-0.033750 0.036330 0.058146 
-0.032750 0.036463 0.059346 
-0.031750 0.036635 0.060907 
-0.029250 0.036728 0.061747 
-0.028250 0.036728 0.061747 
-0.027250 0.036728 0.061747 
-0.026250 0.036728 0.061747 
-0.025250 0.036754 0.061987 
-0.024250 0.036781 0.062227 
-0.023250 0.036781 0.062227 
-0.022250 0.036781 0.062227 
-0.021250 0.036781 0.062227 
-0.017750 0.036781 0.062227 
-0.016750 0.036781 0.062227 
-0.015750 0.036781 0.062227 
-0.014750 0.036834 0.062707 
-0.013750 0.037350 0.067389 
-0.011750 0.037854 0.071951 
-0.009750 0.038119 0.074352 
-0.008250 0.038252 0.075552 
-0.007250 0.038371 0.076633 
-0.002750 0.038583 0.078553 
-0.001250 0.038636 0.079034 
0.000250 0.038676 0.079394 
0.001750 0.038676 0.079394 
0.002750 0.038663 0.079274 
0.008250 0.038477 0.077593 
0.011750 0.038000 0.073271 
0.013250 0.037655 0.070150 
0.014750 0.037350 0.067389 
0.015750 0.037205 0.066069 
0.016250 0.036993 0.064148 
0.017750 0.036781 0.062227 
0.032250 0.036820 0.062587 
0.034750 0.036661 0.061147 
0.035750 0.036555 0.060187 
0.036750 0.036423 0.058986 
0.037750 0.036264 0.057546 
0.039750 0.035734 0.052744 
0.041750 0.035296 0.048782 
0.042750 0.035077 0.046786 
0.043250 0.034938 0.045517 
0.043750 0.034799 0.044248 
0.044750 0.034618 0.042599 
0.045250 0.034506 0.041583 
0.045750 0.034367 0.040314 
-0.035500 0.036872 0.056703 
-0.032500 0.037255 0.060185 
-0.031000 0.037386 0.061385 
-0.030000 0.037400 0.061505 
-0.020500 0.037466 0.062105 
-0.019500 0.037453 0.061985 
-0.018500 0.037439 0.061865 
-0.014000 0.037453 0.061985 
-0.013000 0.038165 0.068468 
-0.012500 0.038297 0.069668 
-0.012000 0.038442 0.070989 
-0.011000 0.038627 0.072669 
-0.009000 0.038812 0.074350 
-0.006500 0.039089 0.076871 
-0.005500 0.039155 0.077471 
-0.004500 0.039195 0.077831 
-0.003500 0.039234 0.078192 
-0.002000 0.039274 0.078552 
-0.000500 0.039327 0.079032 
0.001000 0.039353 0.079272 
0.003500 0.039327 0.079032 
0.005000 0.039327 0.079032 
0.006000 0.039300 0.078792 
0.007000 0.039261 0.078432 
0.009000 0.039102 0.076991 
0.010000 0.038997 0.076031 
0.011000 0.038825 0.074470 
0.012000 0.038574 0.072189 
0.012500 0.038429 0.070869 
0.014000 0.038205 0.068828 
0.015000 0.037954 0.066547 
0.016500 0.037571 0.063066 
0.018500 0.037505 0.062465 
0.019500 0.037505 0.062465 
0.020500 0.037519 0.062585 
0.021500 0.037519 0.062585 
0.022500 0.037532 0.062706 
0.023500 0.037558 0.062946 
0.024500 0.037584 0.063186 
0.025500 0.037598 0.063306 
0.026500 0.037624 0.063546 
0.027500 0.037611 0.063426 
0.028500 0.037571 0.063066 
0.029500 0.037545 0.062826 
0.030500 0.037545 0.062826 
0.031500 0.037545 0.062826 
0.033000 0.037479 0.062225 
0.034000 0.037426 0.061745 
0.038500 0.036832 0.056343 
0.039000 0.036713 0.055263 
0.040500 0.036278 0.051301 
0.041000 0.036159 0.050221 
0.044500 0.035409 0.043358 
0.046500 0.034994 0.039551 
0.047000 0.034856 0.038282 
0.048000 0.034676 0.036633 
0.048500 0.034565 0.035618 
0.049500 0.034413 0.034222 
-0.037250 0.037047 0.051899 
-0.036250 0.037441 0.055501 
-0.034750 0.037625 0.057181 
-0.033750 0.037744 0.058262 
-0.031750 0.038033 0.060903 
-0.029250 0.038098 0.061503 
-0.028250 0.038085 0.061383 
-0.027250 0.038085 0.061383 
-0.026250 0.038072 0.061263 
-0.025250 0.038098 0.061503 
-0.024250 0.038138 0.061863 
-0.023250 0.038151 0.061983 
-0.022250 0.038151 0.061983 
-0.021250 0.038151 0.061983 
-0.017750 0.038112 0.061623 
-0.016750 0.038112 0.061623 
-0.015750 0.038125 0.061743 
-0.014750 0.038138 0.061863 
-0.010250 0.039360 0.073028 
-0.008250 0.039557 0.074828 
-0.007250 0.039689 0.076029 
-0.002750 0.039925 0.078190 
-0.001250 0.039965 0.078550 
0.000250 0.040017 0.079030 
0.001750 0.040030 0.079150 
0.002750 0.040004 0.078910 
0.004250 0.039991 0.078790 
0.007750 0.039886 0.077830 
0.012750 0.039032 0.070027 
0.014250 0.038795 0.067866 
0.015750 0.038440 0.064624 
0.016750 0.038164 0.062103 
0.017750 0.038177 0.062223 
0.032250 0.038230 0.062703 
0.034750 0.038046 0.061023 
0.035750 0.037954 0.060183 
0.036750 0.037822 0.058982 
0.037750 0.037652 0.057421 
0.039250 0.037323 0.054420 
0.039750 0.037139 0.052740 
0.041750 0.036732 0.049018 
0.042250 0.036585 0.047670 
0.043250 0.036406 0.046021 
0.044250 0.036186 0.043991 
0.045250 0.035993 0.042214 
0.045750 0.035869 0.041072 
0.047750 0.035470 0.037393 
0.049250 0.035195 0.034855 
0.050250 0.035071 0.033713 
0.050750 0.034975 0.032825 
0.051750 0.034837 0.031556 
0.052250 0.034727 0.030541 
0.053250 0.034507 0.028511 
-0.036500 0.037763 0.052017 
-0.035500 0.038234 0.056339 
-0.033000 0.038483 0.058620 
-0.032500 0.038640 0.060060 
-0.031000 0.038745 0.061021 
-0.030000 0.038758 0.061141 
-0.020500 0.038810 0.061621 
-0.019500 0.038797 0.061501 
-0.018500 0.038771 0.061261 
-0.014000 0.038797 0.061501 
-0.013000 0.039504 0.067984 
-0.012500 0.039608 0.068944 
-0.012000 0.039739 0.070145 
-0.011500 0.039870 0.071345 
-0.009500 0.040080 0.073266 
-0.006500 0.040420 0.076387 
-0.005500 0.040472 0.076867 
-0.004500 0.040525 0.077348 
-0.003500 0.040564 0.077708 
-0.002000 0.040603 0.078068 
-0.000500 0.040668 0.078668 
0.001000 0.040695 0.078908 
0.003500 0.040655 0.078548 
0.005000 0.040655 0.078548 
0.006000 0.040642 0.078428 
0.007000 0.040590 0.077948 
0.008500 0.040485 0.076988 
0.009500 0.040381 0.076027 
0.010500 0.040224 0.074587 
0.011500 0.040053 0.073026 
0.012000 0.039779 0.070505 
0.013500 0.039608 0.068944 
0.014500 0.039386 0.066903 
0.015000 0.039268 0.065823 
0.018500 0.038889 0.062341 
0.019500 0.038889 0.062341 
0.020500 0.038915 0.062582 
0.021500 0.038915 0.062582 
0.022500 0.038915 0.062582 
0.023500 0.038954 0.062942 
0.024500 0.038980 0.063182 
0.025500 0.039006 0.063422 
0.026500 0.039019 0.063542 
0.027500 0.039006 0.063422 
0.028500 0.038980 0.063182 
0.029500 0.038941 0.062822 
0.030500 0.038941 0.062822 
0.031500 0.038928 0.062702 
0.033000 0.038889 0.062341 
0.034000 0.038810 0.061621 
0.037500 0.038417 0.058020 
0.038500 0.038195 0.055979 
0.040500 0.037698 0.051417 
0.041500 0.037515 0.049736 
0.046500 0.036442 0.039802 
0.047000 0.036332 0.038787 
0.048500 0.036086 0.036503 
0.053000 0.035334 0.029525 
0.054000 0.035183 0.028130 
0.055000 0.035033 0.026734 
0.055500 0.034924 0.025719 
0.056000 0.034814 0.024704 
-0.037750 0.038271 0.050214 
-0.037250 0.038401 0.051415 
-0.036250 0.038753 0.054656 
-0.034750 0.038961 0.056577 
-0.033750 0.039079 0.057657 
-0.031750 0.039378 0.060419 
-0.029250 0.039430 0.060899 
-0.028250 0.039418 0.060779 
-0.027250 0.039418 0.060779 
-0.026250 0.039405 0.060659 
-0.025250 0.039418 0.060779 
-0.024250 0.039457 0.061139 
-0.023250 0.039483 0.061379 
-0.022250 0.039483 0.061379 
-0.021250 0.039483 0.061379 
-0.017750 0.039430 0.060899 
-0.016750 0.039444 0.061019 
-0.015750 0.039418 0.060779 
-0.014750 0.039444 0.061019 
-0.013250 0.039405 0.060659 
-0.010750 0.040616 0.071824 
-0.008750 0.040773 0.073264 
-0.008250 0.040877 0.074225 
-0.007250 0.041033 0.075665 
-0.002750 0.041242 0.077586 
-0.001250 0.041294 0.078066 
0.000250 0.041346 0.078547 
0.001750 0.041359 0.078667 
0.002750 0.041346 0.078547 
0.004250 0.041307 0.078186 
0.007750 0.041216 0.077346 
0.012750 0.040330 0.069182 
0.013750 0.040199 0.067982 
0.015750 0.039808 0.064380 
0.016250 0.039704 0.063420 
0.016750 0.039522 0.061739 
0.017750 0.039548 0.061979 
0.032250 0.039587 0.062339 
0.034750 0.039430 0.060899 
0.035750 0.039326 0.059938 
0.036750 0.039222 0.058978 
0.039250 0.038740 0.054536 
0.039750 0.038596 0.053215 
0.040250 0.038466 0.052015 
0.041750 0.038127 0.048894 
0.042250 0.037995 0.047666 
0.042750 0.037886 0.046651 
0.043250 0.037791 0.045763 
0.043750 0.037682 0.044748 
0.044750 0.037478 0.042845 
0.045750 0.037288 0.041069 
0.047750 0.036880 0.037263 
0.048750 0.036717 0.035741 
0.049750 0.036553 0.034218 
0.050750 0.036417 0.032950 
0.051750 0.036254 0.031427 
0.052750 0.036118 0.030158 
0.054750 0.035819 0.027368 
0.056750 0.035466 0.024069 
-0.036500 0.039117 0.051532 
-0.035500 0.039559 0.055614 
-0.033000 0.039805 0.057895 
-0.031000 0.040078 0.060417 
-0.030000 0.040091 0.060537 
-0.020500 0.040142 0.061017 
-0.019500 0.040117 0.060777 
-0.018500 0.040103 0.060657 
-0.014000 0.040103 0.060657 
-0.012500 0.040921 0.068220 
-0.011500 0.041103 0.069901 
-0.010000 0.041336 0.072062 
-0.006500 0.041738 0.075783 
-0.005500 0.041803 0.076384 
-0.004500 0.041855 0.076864 
-0.003500 0.041894 0.077224 
-0.002000 0.041933 0.077584 
-0.000500 0.041985 0.078065 
0.001000 0.042037 0.078545 
0.003500 0.041998 0.078185 
0.005000 0.041959 0.077824 
0.006000 0.041946 0.077704 
0.007000 0.041907 0.077344 
0.008500 0.041803 0.076384 
0.009500 0.041699 0.075423 
0.010500 0.041479 0.073382 
0.011500 0.041388 0.072542 
0.012000 0.041103 0.069901 
0.014000 0.040791 0.067019 
0.014500 0.040687 0.066059 
0.018500 0.040246 0.061977 
0.019500 0.040272 0.062217 
0.020500 0.040285 0.062337 
0.021500 0.040298 0.062457 
0.022500 0.040298 0.062457 
0.023500 0.040324 0.062698 
0.024500 0.040363 0.063058 
0.025500 0.040389 0.063298 
0.026500 0.040389 0.063298 
0.027500 0.040376 0.063178 
0.028500 0.040350 0.062938 
0.029500 0.040298 0.062457 
0.030500 0.040285 0.062337 
0.031500 0.040285 0.062337 
0.033000 0.040246 0.061977 
0.034000 0.040181 0.061377 
0.037500 0.039831 0.058135 
0.038000 0.039714 0.057055 
0.038500 0.039572 0.055734 
0.041000 0.039014 0.050572 
0.041500 0.038910 0.049612 
0.046500 0.037848 0.039672 
0.047000 0.037713 0.038403 
0.053500 0.036699 0.028889 
0.055500 0.036415 0.026225 
0.056500 0.036267 0.024830 
0.057500 0.036050 0.022800 
-0.037250 0.039691 0.050330 
-0.035750 0.040169 0.054772 
-0.034750 0.040312 0.056093 
-0.033750 0.040415 0.057053 
-0.032250 0.040467 0.057533 
-0.031750 0.040699 0.059694 
-0.029250 0.040764 0.060295 
-0.028250 0.040764 0.060295 
-0.027250 0.040751 0.060174 
-0.026250 0.040751 0.060174 
-0.024750 0.040751 0.060174 
-0.023750 0.040790 0.060535 
-0.022750 0.040815 0.060775 
-0.021750 0.040815 0.060775 
-0.017750 0.040738 0.060054 
-0.016750 0.040751 0.060174 
-0.015750 0.040738 0.060054 
-0.014750 0.040712 0.059814 
-0.013250 0.040738 0.060054 
-0.011750 0.041707 0.069059 
-0.010750 0.041914 0.070979 
-0.009250 0.042043 0.072180 
-0.008250 0.042108 0.072780 
-0.007750 0.042301 0.074581 
-0.002750 0.042573 0.077102 
-0.001250 0.042624 0.077583 
0.000250 0.042676 0.078063 
0.001750 0.042689 0.078183 
0.004250 0.042637 0.077703 
0.007750 0.042495 0.076382 
0.008750 0.042405 0.075542 
0.012750 0.041668 0.068698 
0.013750 0.041578 0.067858 
0.015250 0.041268 0.064977 
0.016250 0.040906 0.061615 
0.017250 0.040893 0.061495 
0.032250 0.040932 0.061855 
0.034750 0.040815 0.060775 
0.035750 0.040725 0.059934 
0.036750 0.040635 0.059094 
0.039250 0.040144 0.054532 
0.039750 0.040014 0.053331 
0.040250 0.039872 0.052011 
0.042250 0.039459 0.048169 
0.042750 0.039338 0.047027 
0.043250 0.039230 0.046012 
0.043750 0.039109 0.044871 
0.044250 0.039015 0.043983 
0.044750 0.038908 0.042968 
0.045750 0.038720 0.041192 
0.047750 0.038316 0.037387 
0.048250 0.038222 0.036499 
0.048750 0.038128 0.035611 
0.049750 0.037967 0.034089 
0.050750 0.037833 0.032820 
0.051750 0.037712 0.031679 
0.052250 0.037604 0.030664 
0.054250 0.037309 0.027873 
0.057250 0.036892 0.023941 
-0.036500 0.040421 0.050568 
-0.035000 0.040897 0.055010 
-0.033000 0.041116 0.057051 
-0.031000 0.041386 0.059572 
-0.030000 0.041424 0.059932 
-0.025500 0.041412 0.059812 
-0.021000 0.041463 0.060292 
-0.020000 0.041450 0.060172 
-0.019000 0.041424 0.059932 
-0.014000 0.041360 0.059332 
-0.012500 0.041334 0.059092 
-0.011000 0.042415 0.069177 
-0.010000 0.042647 0.071338 
-0.008000 0.042891 0.073619 
-0.007000 0.043020 0.074819 
-0.006000 0.043084 0.075420 
-0.005000 0.043135 0.075900 
-0.004000 0.043174 0.076260 
-0.002000 0.043251 0.076981 
-0.000500 0.043303 0.077461 
0.001000 0.043341 0.077821 
0.002500 0.043354 0.077941 
0.003500 0.043328 0.077701 
0.005000 0.043277 0.077221 
0.006000 0.043238 0.076860 
0.007000 0.043200 0.076500 
0.009500 0.042981 0.074459 
0.010500 0.042724 0.072058 
0.011500 0.042582 0.070738 
0.012000 0.042428 0.069297 
0.014500 0.042016 0.065455 
0.016000 0.041772 0.063174 
0.018000 0.041592 0.061493 
0.019000 0.041617 0.061733 
0.020000 0.041643 0.061973 
0.021000 0.041643 0.061973 
0.022000 0.041643 0.061973 
0.023000 0.041656 0.062093 
0.024000 0.041694 0.062454 
0.025000 0.041720 0.062694 
0.026000 0.041733 0.062814 
0.027000 0.041733 0.062814 
0.028000 0.041720 0.062694 
0.029000 0.041669 0.062213 
0.030000 0.041630 0.061853 
0.031000 0.041605 0.061613 
0.033000 0.041566 0.061253 
0.034000 0.041540 0.061013 
0.037500 0.041219 0.058011 
0.038000 0.041116 0.057051 
0.038500 0.041000 0.055970 
0.041000 0.040447 0.050808 
0.041500 0.040305 0.049487 
0.046500 0.039282 0.039795 
0.047000 0.039162 0.038654 
0.053000 0.038240 0.029902 
0.055000 0.037946 0.027111 
0.055500 0.037852 0.026223 
0.056500 0.037719 0.024955 
0.058000 0.037358 0.021530 
0.058500 0.037064 0.018740 
-0.035750 0.041099 0.050326 
-0.034250 0.041663 0.055608 
-0.032250 0.041804 0.056929 
-0.029250 0.042085 0.059570 
-0.028250 0.042098 0.059690 
-0.027250 0.042085 0.059570 
-0.026250 0.042085 0.059570 
-0.024750 0.042073 0.059450 
-0.023750 0.042098 0.059690 
-0.022750 0.042111 0.059810 
-0.021750 0.042111 0.059810 
-0.018250 0.042060 0.059330 
-0.017250 0.042021 0.058970 
-0.016250 0.042021 0.058970 
-0.015250 0.041996 0.058730 
-0.013250 0.041983 0.058610 
-0.011750 0.041932 0.058129 
-0.010250 0.043213 0.070135 
-0.009250 0.043366 0.071576 
-0.008250 0.043443 0.072296 
-0.007250 0.043623 0.073977 
-0.003250 0.043866 0.076258 
-0.001250 0.043930 0.076859 
0.000250 0.043981 0.077339 
0.001750 0.044007 0.077579 
0.004250 0.043956 0.077099 
0.007750 0.043789 0.075538 
0.008750 0.043699 0.074698 
0.009750 0.043584 0.073617 
0.010750 0.043289 0.070856 
0.012250 0.043033 0.068454 
0.013250 0.042931 0.067494 
0.014250 0.042841 0.066654 
0.014750 0.042598 0.064373 
0.015750 0.042546 0.063892 
0.016250 0.042278 0.061371 
0.017250 0.042239 0.061011 
0.031750 0.042226 0.060891 
0.034750 0.042149 0.060170 
0.035750 0.042085 0.059570 
0.036750 0.041996 0.058730 
0.039250 0.041534 0.054407 
0.040250 0.041291 0.052126 
0.042250 0.040855 0.048038 
0.043250 0.040656 0.046135 
0.043750 0.040550 0.045121 
0.044250 0.040417 0.043852 
0.045250 0.040218 0.041950 
0.045750 0.040125 0.041062 
0.047750 0.039740 0.037384 
0.048750 0.039580 0.035862 
0.049250 0.039487 0.034974 
0.050250 0.039341 0.033579 
0.051250 0.039195 0.032184 
0.052250 0.039062 0.030916 
0.053750 0.038850 0.028886 
0.057250 0.038345 0.024067 
0.057750 0.038252 0.023179 
0.058750 0.037867 0.019501 
-0.036500 0.041752 0.049843 
-0.035000 0.042160 0.053685 
-0.033500 0.042390 0.055846 
-0.031500 0.042479 0.056687 
-0.031000 0.042657 0.058367 
-0.030000 0.042721 0.058968 
-0.025500 0.042747 0.059208 
-0.021000 0.042734 0.059088 
-0.020000 0.042734 0.059088 
-0.019000 0.042696 0.058728 
-0.014500 0.042632 0.058127 
-0.013000 0.042594 0.057767 
-0.011000 0.042542 0.057287 
-0.010500 0.043678 0.067972 
-0.009500 0.043945 0.070494 
-0.007500 0.044213 0.073015 
-0.006500 0.044315 0.073975 
-0.005500 0.044379 0.074576 
-0.004500 0.044443 0.075176 
-0.002500 0.044545 0.076136 
-0.000500 0.044609 0.076737 
0.001000 0.044647 0.077097 
0.002500 0.044660 0.077217 
0.003500 0.044647 0.077097 
0.005000 0.044583 0.076497 
0.006000 0.044545 0.076136 
0.007000 0.044481 0.075536 
0.008000 0.044392 0.074696 
0.009000 0.044290 0.073735 
0.010000 0.044175 0.072655 
0.011000 0.043882 0.069893 
0.011500 0.043741 0.068573 
0.012500 0.043639 0.067612 
0.018000 0.042912 0.060769 
0.019000 0.042951 0.061129 
0.020000 0.042976 0.061369 
0.021000 0.043002 0.061609 
0.022000 0.042989 0.061489 
0.023000 0.042989 0.061489 
0.024000 0.043014 0.061729 
0.025000 0.043040 0.061969 
0.026000 0.043053 0.062089 
0.027000 0.043053 0.062089 
0.028000 0.043040 0.061969 
0.029000 0.043014 0.061729 
0.030000 0.042963 0.061249 
0.031000 0.042900 0.060649 
0.032500 0.042861 0.060288 
0.033500 0.042861 0.060288 
0.037500 0.042568 0.057527 
0.038500 0.042364 0.055606 
0.040000 0.042058 0.052724 
0.041000 0.041828 0.050563 
0.041500 0.041701 0.049363 
0.045000 0.041006 0.042709 
0.046500 0.040702 0.039792 
0.047000 0.040570 0.038524 
0.053000 0.039672 0.029900 
0.054500 0.039488 0.028124 
0.055500 0.039342 0.026729 
0.056500 0.039184 0.025208 
0.059500 0.038577 0.019374 
-0.035750 0.042443 0.049721 
-0.034250 0.042875 0.053803 
-0.033750 0.042989 0.054884 
-0.032750 0.043103 0.055964 
-0.030750 0.043205 0.056925 
-0.029250 0.043396 0.058726 
-0.028250 0.043408 0.058846 
-0.027250 0.043421 0.058966 
-0.026250 0.043408 0.058846 
-0.024750 0.043396 0.058726 
-0.023750 0.043408 0.058846 
-0.022750 0.043396 0.058726 
-0.021750 0.043383 0.058605 
-0.018250 0.043319 0.058005 
-0.017250 0.043294 0.057765 
-0.016250 0.043269 0.057525 
-0.013750 0.043256 0.057405 
-0.012250 0.043218 0.057045 
-0.010250 0.043154 0.056444 
-0.009750 0.044361 0.067850 
-0.009250 0.044488 0.069051 
-0.008750 0.044589 0.070011 
-0.008250 0.044729 0.071332 
-0.006750 0.044919 0.073133 
-0.003750 0.045123 0.075054 
-0.001750 0.045224 0.076015 
0.000250 0.045275 0.076495 
0.001750 0.045300 0.076735 
0.004250 0.045249 0.076255 
0.007250 0.045084 0.074694 
0.008250 0.044970 0.073613 
0.009250 0.044843 0.072413 
0.010250 0.044576 0.069891 
0.011750 0.044322 0.067490 
0.012750 0.044246 0.066770 
0.013750 0.044183 0.066170 
0.014250 0.043891 0.063408 
0.015250 0.043891 0.063408 
0.016250 0.043611 0.060767 
0.017250 0.043586 0.060527 
0.031750 0.043510 0.059806 
0.033750 0.043472 0.059446 
0.035250 0.043446 0.059206 
0.036250 0.043383 0.058605 
0.039250 0.042913 0.054163 
0.040250 0.042672 0.051882 
0.042250 0.042225 0.047653 
0.042750 0.042107 0.046511 
0.043750 0.041911 0.044609 
0.044250 0.041819 0.043722 
0.045750 0.041517 0.040805 
0.047750 0.041110 0.036874 
0.048750 0.040966 0.035479 
0.049750 0.040822 0.034084 
0.050750 0.040677 0.032689 
0.051750 0.040572 0.031674 
0.053750 0.040310 0.029138 
0.057250 0.039811 0.024319 
0.058250 0.039614 0.022417 
0.058750 0.039221 0.018613 
-0.035000 0.043134 0.049599 
-0.032000 0.043792 0.055842 
-0.031000 0.043817 0.056082 
-0.030000 0.043982 0.057643 
-0.025500 0.044057 0.058363 
-0.021000 0.044007 0.057883 
-0.020000 0.043982 0.057643 
-0.019000 0.043969 0.057523 
-0.017000 0.043906 0.056923 
-0.015500 0.043880 0.056682 
-0.014500 0.043880 0.056682 
-0.013000 0.043868 0.056562 
-0.012000 0.043830 0.056202 
-0.011000 0.043830 0.056202 
-0.009500 0.044424 0.061845 
-0.009000 0.045006 0.067368 
-0.008000 0.045309 0.070250 
-0.007000 0.045486 0.071931 
-0.006000 0.045600 0.073011 
-0.005000 0.045651 0.073491 
-0.004000 0.045714 0.074092 
-0.003000 0.045777 0.074692 
-0.001000 0.045865 0.075533 
0.001000 0.045916 0.076013 
0.002500 0.045916 0.076013 
0.003500 0.045891 0.075773 
0.004500 0.045853 0.075413 
0.005500 0.045802 0.074932 
0.006500 0.045739 0.074332 
0.007500 0.045638 0.073371 
0.008500 0.045537 0.072411 
0.009500 0.045195 0.069169 
0.010500 0.045145 0.068689 
0.011000 0.044980 0.067128 
0.012000 0.044930 0.066648 
0.013000 0.044854 0.065927 
0.016000 0.044487 0.062445 
0.018000 0.044234 0.060044 
0.019000 0.044260 0.060284 
0.020000 0.044285 0.060525 
0.021000 0.044310 0.060765 
0.022000 0.044310 0.060765 
0.023000 0.044298 0.060645 
0.024000 0.044298 0.060645 
0.025000 0.044336 0.061005 
0.026000 0.044348 0.061125 
0.027000 0.044348 0.061125 
0.028000 0.044336 0.061005 
0.029000 0.044323 0.060885 
0.030000 0.044285 0.060525 
0.031000 0.044222 0.059924 
0.032500 0.044133 0.059084 
0.034500 0.044121 0.058964 
0.037000 0.043956 0.057403 
0.038000 0.043830 0.056202 
0.038500 0.043729 0.055242 
0.039500 0.043476 0.052840 
0.040500 0.043274 0.050919 
0.041000 0.043134 0.049599 
0.043000 0.042722 0.045622 
0.044500 0.042435 0.042832 
0.046000 0.042122 0.039789 
0.047000 0.041926 0.037887 
0.052500 0.041170 0.030532 
0.054500 0.040935 0.028250 
0.055500 0.040792 0.026855 
0.056500 0.040661 0.025587 
0.058000 0.040440 0.023431 
0.059500 0.039970 0.018866 
-0.034250 0.043814 0.049356 
-0.033250 0.044166 0.052718 
-0.032750 0.044367 0.054639 
-0.030250 0.044506 0.055960 
-0.029250 0.044644 0.057281 
-0.028250 0.044670 0.057521 
-0.027250 0.044695 0.057761 
-0.026250 0.044682 0.057641 
-0.024750 0.044682 0.057641 
-0.023750 0.044670 0.057521 
-0.022750 0.044657 0.057401 
-0.021750 0.044644 0.057281 
-0.020750 0.044619 0.057041 
-0.019750 0.044594 0.056800 
-0.018750 0.044581 0.056680 
-0.017750 0.044569 0.056560 
-0.016250 0.044518 0.056080 
-0.014250 0.044468 0.055600 
-0.012750 0.044481 0.055720 
-0.011250 0.044443 0.055360 
-0.010250 0.044455 0.055480 
-0.008750 0.045098 0.061603 
-0.008250 0.045689 0.067246 
-0.007250 0.045689 0.067246 
-0.006750 0.045865 0.068927 
-0.006250 0.046142 0.071569 
-0.005250 0.046243 0.072529 
-0.004250 0.046306 0.073129 
-0.003250 0.046356 0.073610 
-0.002250 0.046407 0.074090 
-0.001250 0.046469 0.074690 
-0.000250 0.046507 0.075051 
0.000750 0.046520 0.075171 
0.002250 0.046507 0.075051 
0.003250 0.046495 0.074930 
0.004250 0.046457 0.074570 
0.005250 0.046381 0.073850 
0.006250 0.046331 0.073370 
0.007250 0.046230 0.072409 
0.008250 0.046117 0.071328 
0.009250 0.045802 0.068327 
0.011250 0.045588 0.066286 
0.013250 0.045437 0.064845 
0.013750 0.045249 0.063044 
0.014750 0.045249 0.063044 
0.016250 0.044946 0.060162 
0.017250 0.044896 0.059682 
0.031750 0.044833 0.059082 
0.033250 0.044783 0.058601 
0.035250 0.044758 0.058361 
0.036250 0.044695 0.057761 
0.038750 0.044292 0.053919 
0.039750 0.044065 0.051758 
0.041250 0.043738 0.048636 
0.042250 0.043532 0.046634 
0.043250 0.043325 0.044605 
0.043750 0.043208 0.043464 
0.044750 0.043052 0.041943 
0.045250 0.042936 0.040801 
0.046250 0.042741 0.038899 
0.047250 0.042560 0.037124 
0.048250 0.042392 0.035476 
0.049250 0.042275 0.034335 
0.050250 0.042171 0.033320 
0.051250 0.042029 0.031926 
0.053250 0.041782 0.029516 
0.057250 0.041290 0.024698 
0.058750 0.041005 0.021909 
0.059250 0.040499 0.016964 
-0.033500 0.044430 0.048514 
-0.032000 0.045044 0.054397 
-0.031000 0.045119 0.055117 
-0.029500 0.045194 0.055838 
-0.028500 0.045270 0.056558 
-0.027500 0.045307 0.056918 
-0.025500 0.045307 0.056918 
-0.024000 0.045282 0.056678 
-0.021500 0.045257 0.056438 
-0.018500 0.045194 0.055838 
-0.017500 0.045182 0.055718 
-0.015500 0.045144 0.055358 
-0.013500 0.045094 0.054877 
-0.012500 0.045082 0.054757 
-0.010000 0.045069 0.054637 
-0.009000 0.045157 0.055478 
-0.008000 0.045746 0.061121 
-0.006500 0.046285 0.066284 
-0.006000 0.046510 0.068445 
-0.005000 0.046824 0.071447 
-0.004000 0.046911 0.072287 
-0.003000 0.046962 0.072768 
-0.002000 0.046999 0.073128 
-0.001000 0.047074 0.073848 
0.000000 0.047087 0.073968 
0.001000 0.047099 0.074088 
0.002500 0.047099 0.074088 
0.003500 0.047049 0.073608 
0.004500 0.047012 0.073248 
0.005500 0.046962 0.072768 
0.006500 0.046861 0.071807 
0.007500 0.046786 0.071087 
0.008000 0.046661 0.069886 
0.008500 0.046460 0.067965 
0.009500 0.046398 0.067364 
0.010500 0.046297 0.066404 
0.012000 0.046185 0.065323 
0.015500 0.045821 0.061841 
0.018000 0.045533 0.059080 
0.019000 0.045558 0.059320 
0.020000 0.045596 0.059680 
0.021000 0.045621 0.059920 
0.022000 0.045621 0.059920 
0.023000 0.045596 0.059680 
0.024000 0.045583 0.059560 
0.025000 0.045596 0.059680 
0.026000 0.045621 0.059920 
0.027000 0.045633 0.060040 
0.028000 0.045621 0.059920 
0.029500 0.045621 0.059920 
0.030500 0.045583 0.059560 
0.032500 0.045470 0.058479 
0.034000 0.045445 0.058239 
0.037000 0.045295 0.056798 
0.038000 0.045107 0.054997 
0.039000 0.044818 0.052236 
0.040000 0.044656 0.050675 
0.040500 0.044480 0.048994 
0.041500 0.044289 0.047139 
0.042500 0.044083 0.045111 
0.044000 0.043800 0.042321 
0.045500 0.043529 0.039659 
0.046500 0.043375 0.038137 
0.049000 0.043066 0.035094 
0.050000 0.042950 0.033953 
0.051000 0.042847 0.032939 
0.052000 0.042666 0.031164 
0.052500 0.042563 0.030150 
0.054000 0.042383 0.028375 
0.055000 0.042267 0.027233 
0.056000 0.042138 0.025966 
0.058000 0.041893 0.023557 
0.058500 0.041790 0.022542 
0.060000 0.041288 0.017598 
-0.031750 0.045546 0.052474 
-0.031250 0.045671 0.053675 
-0.030250 0.045783 0.054755 
-0.028750 0.045858 0.055475 
-0.027750 0.045896 0.055836 
-0.026750 0.045908 0.055956 
-0.025750 0.045921 0.056076 
-0.024750 0.045921 0.056076 
-0.023250 0.045896 0.055836 
-0.022250 0.045883 0.055716 
-0.021250 0.045858 0.055475 
-0.020250 0.045833 0.055235 
-0.019250 0.045833 0.055235 
-0.018250 0.045808 0.054995 
-0.017250 0.045796 0.054875 
-0.016250 0.045771 0.054635 
-0.015250 0.045746 0.054395 
-0.014250 0.045734 0.054275 
-0.013250 0.045709 0.054035 
-0.012250 0.045684 0.053794 
-0.011250 0.045696 0.053915 
-0.009250 0.045721 0.054155 
-0.008250 0.045846 0.055356 
-0.007750 0.045958 0.056436 
-0.007250 0.046432 0.060999 
-0.006250 0.046470 0.061359 
-0.004750 0.047069 0.067122 
-0.004250 0.047243 0.068803 
-0.003750 0.047480 0.071085 
-0.002750 0.047530 0.071565 
-0.001750 0.047580 0.072045 
-0.000750 0.047618 0.072405 
0.000250 0.047680 0.073006 
0.001250 0.047655 0.072766 
0.002250 0.047630 0.072526 
0.003250 0.047605 0.072285 
0.004250 0.047593 0.072165 
0.005250 0.047568 0.071925 
0.005750 0.047468 0.070965 
0.006750 0.047368 0.070004 
0.007750 0.047206 0.068443 
0.008750 0.047044 0.066882 
0.009750 0.047006 0.066522 
0.010750 0.046894 0.065441 
0.012250 0.046794 0.064481 
0.013250 0.046657 0.063160 
0.014250 0.046595 0.062560 
0.015750 0.046357 0.060278 
0.016750 0.046270 0.059438 
0.025750 0.046233 0.059078 
0.026750 0.046245 0.059198 
0.028750 0.046258 0.059318 
0.031250 0.046208 0.058837 
0.033250 0.046133 0.058117 
0.034750 0.046083 0.057637 
0.035750 0.046021 0.057036 
0.037250 0.045846 0.055356 
0.038250 0.045609 0.053074 
0.039250 0.045372 0.050793 
0.039750 0.045259 0.049712 
0.040250 0.045097 0.048151 
0.040750 0.044982 0.047010 
0.041750 0.044828 0.045489 
0.042750 0.044649 0.043714 
0.043250 0.044560 0.042826 
0.044250 0.044432 0.041559 
0.046250 0.044163 0.038896 
0.047250 0.044047 0.037755 
0.048250 0.043907 0.036361 
0.049250 0.043843 0.035727 
0.050250 0.043740 0.034713 
0.051250 0.043663 0.033952 
0.052250 0.043638 0.033698 
0.052750 0.043190 0.029261 
0.056750 0.042754 0.024951 
0.058750 0.042434 0.021781 
0.059250 0.042204 0.019499 
0.060250 0.041897 0.016456 
-0.032000 0.042469 0.014935 
-0.031500 0.042838 0.018611 
-0.030000 0.046373 0.053672 
-0.029000 0.046460 0.054513 
-0.028000 0.046485 0.054753 
-0.027000 0.046523 0.055113 
-0.026000 0.046510 0.054993 
-0.025000 0.046510 0.054993 
-0.024000 0.046510 0.054993 
-0.023000 0.046498 0.054873 
-0.022000 0.046485 0.054753 
-0.021000 0.046460 0.054513 
-0.020000 0.046436 0.054273 
-0.019000 0.046423 0.054153 
-0.018000 0.046398 0.053913 
-0.016500 0.046386 0.053792 
-0.010500 0.046336 0.053312 
-0.008500 0.046411 0.054033 
-0.007000 0.046758 0.057395 
-0.006000 0.046932 0.059076 
-0.005500 0.047119 0.060877 
-0.004000 0.047640 0.065920 
-0.003500 0.047814 0.067601 
-0.002500 0.047901 0.068441 
-0.001500 0.048063 0.070002 
-0.000500 0.048162 0.070963 
0.001000 0.048212 0.071443 
0.002000 0.048224 0.071563 
0.003000 0.048187 0.071203 
0.004000 0.048162 0.070963 
0.005000 0.048050 0.069882 
0.005500 0.047938 0.068801 
0.006500 0.047852 0.067961 
0.007500 0.047752 0.067000 
0.010000 0.047603 0.065559 
0.011000 0.047504 0.064599 
0.012500 0.047404 0.063638 
0.015000 0.047156 0.061237 
0.017500 0.046845 0.058235 
0.018500 0.046845 0.058235 
0.019500 0.046858 0.058355 
0.020500 0.046883 0.058595 
0.021500 0.046895 0.058715 
0.022500 0.046907 0.058835 
0.023500 0.046883 0.058595 
0.024500 0.046845 0.058235 
0.025500 0.046845 0.058235 
0.026500 0.046858 0.058355 
0.027500 0.046883 0.058595 
0.029500 0.046907 0.058835 
0.030500 0.046883 0.058595 
0.032000 0.046833 0.058115 
0.034000 0.046758 0.057395 
0.036000 0.046597 0.055834 
0.037000 0.046448 0.054393 
0.037500 0.046324 0.053192 
0.038000 0.046162 0.051631 
0.039500 0.045789 0.048022 
0.041000 0.045560 0.045740 
0.042000 0.045433 0.044473 
0.045000 0.045115 0.041303 
0.046000 0.045001 0.040162 
0.047000 0.044911 0.039275 
0.048000 0.044797 0.038134 
0.049000 0.044695 0.037120 
0.050000 0.044631 0.036486 
0.051000 0.044593 0.036106 
0.052000 0.044517 0.035345 
0.053000 0.044453 0.034711 
0.054000 0.044339 0.033570 
0.054500 0.043665 0.026851 
0.055500 0.043563 0.025837 
0.057500 0.043346 0.023682 
0.059000 0.043054 0.020767 
0.059500 0.042634 0.016583 
0.061000 0.040626 -0.002317 
-0.030750 0.043624 0.019245 
-0.029250 0.046878 0.051749 
-0.028250 0.047038 0.053310 
-0.027250 0.047063 0.053550 
-0.026250 0.047088 0.053790 
-0.025250 0.047100 0.053910 
-0.024250 0.047076 0.053670 
-0.023250 0.047076 0.053670 
-0.022250 0.047088 0.053790 
-0.021250 0.047051 0.053430 
-0.020250 0.047038 0.053310 
-0.019250 0.047026 0.053190 
-0.018250 0.047014 0.053070 
-0.017250 0.047014 0.053070 
-0.016250 0.047001 0.052950 
-0.014750 0.047001 0.052950 
-0.013750 0.046989 0.052830 
-0.012750 0.046977 0.052710 
-0.011750 0.046977 0.052710 
-0.009750 0.046989 0.052830 
-0.008750 0.047026 0.053190 
-0.007750 0.047175 0.054631 
-0.007250 0.047286 0.055712 
-0.004750 0.047830 0.060995 
-0.003750 0.047867 0.061355 
-0.003250 0.048226 0.064837 
-0.002750 0.048337 0.065918 
-0.001750 0.048399 0.066518 
-0.000750 0.048436 0.066878 
0.000250 0.048535 0.067839 
0.001250 0.048621 0.068679 
0.002250 0.048560 0.068079 
0.003250 0.048597 0.068439 
0.004250 0.048584 0.068319 
0.005250 0.048485 0.067359 
0.006250 0.048424 0.066758 
0.007750 0.048362 0.066158 
0.008750 0.048325 0.065798 
0.010250 0.048201 0.064597 
0.011750 0.048114 0.063756 
0.013250 0.048016 0.062796 
0.014250 0.047917 0.061835 
0.015250 0.047768 0.060394 
0.016250 0.047669 0.059434 
0.023750 0.047496 0.057753 
0.028250 0.047533 0.058113 
0.029750 0.047521 0.057993 
0.031250 0.047496 0.057753 
0.032750 0.047447 0.057272 
0.034250 0.047372 0.056552 
0.035250 0.047236 0.055231 
0.036250 0.047150 0.054391 
0.036750 0.047026 0.053190 
0.037250 0.046754 0.050548 
0.038250 0.046569 0.048747 
0.040250 0.046393 0.047006 
0.041750 0.046203 0.045104 
0.042750 0.046090 0.043964 
0.043750 0.046014 0.043203 
0.044750 0.045938 0.042443 
0.045750 0.045887 0.041935 
0.046750 0.045799 0.041048 
0.047750 0.045736 0.040414 
0.048750 0.045647 0.039527 
0.049750 0.045546 0.038513 
0.050750 0.045445 0.037499 
0.051750 0.045356 0.036611 
0.052750 0.045293 0.035978 
0.053750 0.045192 0.034963 
0.054750 0.045065 0.033696 
0.055250 0.044787 0.030907 
0.055750 0.044206 0.025076 
0.056750 0.044105 0.024062 
0.057750 0.043978 0.022794 
0.059250 0.043637 0.019372 
0.059750 0.043270 0.015696 
0.060750 0.041559 -0.000560 
0.061750 0.041422 -0.001776 
-0.031500 0.044284 0.018611 
-0.030000 0.044372 0.019498 
-0.028500 0.047507 0.051026 
-0.027500 0.047556 0.051507 
-0.026500 0.047606 0.051987 
-0.025500 0.047655 0.052467 
-0.024500 0.047667 0.052587 
-0.023500 0.047642 0.052347 
-0.022000 0.047655 0.052467 
-0.021000 0.047630 0.052227 
-0.020000 0.047630 0.052227 
-0.019000 0.047642 0.052347 
-0.015500 0.047655 0.052467 
-0.011000 0.047630 0.052227 
-0.008000 0.047766 0.053548 
-0.006500 0.048135 0.057150 
-0.006000 0.048283 0.058591 
-0.005000 0.048406 0.059792 
-0.003500 0.048640 0.062073 
-0.002500 0.048775 0.063394 
-0.001500 0.048898 0.064595 
-0.000500 0.048960 0.065195 
0.000500 0.048997 0.065556 
0.001500 0.049058 0.066156 
0.002500 0.049070 0.066276 
0.003500 0.049083 0.066396 
0.004500 0.049132 0.066876 
0.005500 0.049083 0.066396 
0.007000 0.049021 0.065796 
0.009500 0.048923 0.064835 
0.011000 0.048824 0.063875 
0.012500 0.048738 0.063034 
0.017000 0.048246 0.058231 
0.018000 0.048123 0.057030 
0.019000 0.048135 0.057150 
0.020000 0.048147 0.057270 
0.021000 0.048172 0.057510 
0.022000 0.048172 0.057510 
0.023000 0.048172 0.057510 
0.024500 0.048123 0.057030 
0.025500 0.048123 0.057030 
0.026500 0.048123 0.057030 
0.027500 0.048147 0.057270 
0.029000 0.048172 0.057510 
0.030500 0.048147 0.057270 
0.032000 0.048098 0.056790 
0.033000 0.048036 0.056190 
0.034000 0.047926 0.055109 
0.035000 0.047815 0.054028 
0.036000 0.047482 0.050786 
0.037000 0.047372 0.049706 
0.039000 0.047212 0.048145 
0.040000 0.047161 0.047638 
0.041000 0.047048 0.046497 
0.042000 0.046973 0.045736 
0.043000 0.046872 0.044722 
0.044000 0.046810 0.044089 
0.045000 0.046747 0.043455 
0.046000 0.046684 0.042821 
0.047000 0.046646 0.042441 
0.047500 0.046558 0.041553 
0.048500 0.046458 0.040539 
0.049500 0.046395 0.039906 
0.050500 0.046332 0.039272 
0.051500 0.046232 0.038258 
0.052500 0.046119 0.037117 
0.053500 0.046043 0.036357 
0.054500 0.045892 0.034835 
0.055500 0.045591 0.031793 
0.058000 0.044623 0.022033 
0.058500 0.044485 0.020639 
0.059500 0.044259 0.018357 
0.060000 0.043819 0.013921 
0.061500 0.042308 -0.000424 
0.062500 0.042186 -0.001505 
-0.031250 0.044496 0.013414 
-0.030750 0.044995 0.018484 
-0.029250 0.045107 0.019625 
-0.028750 0.047504 0.043960 
-0.027750 0.047492 0.043833 
-0.026750 0.047679 0.045734 
-0.026250 0.048137 0.050304 
-0.025250 0.048161 0.050544 
-0.024250 0.048174 0.050664 
-0.023250 0.048186 0.050784 
-0.022250 0.048211 0.051024 
-0.021250 0.048235 0.051264 
-0.020250 0.048247 0.051385 
-0.018250 0.048296 0.051865 
-0.017250 0.048296 0.051865 
-0.016250 0.048309 0.051985 
-0.014750 0.048296 0.051865 
-0.013750 0.048296 0.051865 
-0.012750 0.048272 0.051625 
-0.011750 0.048284 0.051745 
-0.010250 0.048296 0.051865 
-0.009250 0.048333 0.052225 
-0.007250 0.048627 0.055107 
-0.006750 0.048725 0.056068 
-0.004250 0.049179 0.060510 
-0.002750 0.049350 0.062192 
-0.001750 0.049461 0.063272 
-0.000750 0.049546 0.064113 
0.000250 0.049608 0.064713 
0.001250 0.049632 0.064953 
0.002250 0.049669 0.065314 
0.004250 0.049730 0.065914 
0.006250 0.049693 0.065554 
0.007750 0.049669 0.065314 
0.008750 0.049620 0.064833 
0.010250 0.049534 0.063993 
0.011750 0.049461 0.063272 
0.013250 0.049350 0.062192 
0.014250 0.049240 0.061111 
0.015250 0.049130 0.060030 
0.016250 0.049032 0.059069 
0.017250 0.048836 0.057148 
0.023750 0.048786 0.056668 
0.028250 0.048774 0.056548 
0.029250 0.048786 0.056668 
0.030250 0.048762 0.056428 
0.031250 0.048689 0.055707 
0.032250 0.048639 0.055227 
0.033250 0.048529 0.054146 
0.034250 0.048345 0.052345 
0.034750 0.048211 0.051024 
0.036250 0.048100 0.049944 
0.037750 0.048002 0.048983 
0.039750 0.047929 0.048262 
0.040750 0.047916 0.048142 
0.041750 0.047817 0.047128 
0.042750 0.047754 0.046495 
0.043750 0.047704 0.045988 
0.044750 0.047667 0.045607 
0.045750 0.047504 0.043960 
0.046750 0.047429 0.043199 
0.047750 0.047355 0.042439 
0.048750 0.047230 0.041171 
0.049750 0.047167 0.040538 
0.050750 0.047105 0.039904 
0.051750 0.047005 0.038890 
0.052750 0.046955 0.038383 
0.053750 0.046843 0.037242 
0.054250 0.046755 0.036355 
0.055250 0.046606 0.034834 
0.055750 0.046443 0.033186 
0.056750 0.045494 0.023554 
0.057250 0.045395 0.022540 
0.058750 0.045095 0.019498 
0.060750 0.043133 0.000387 
0.062250 0.043012 -0.000694 
0.063250 0.042951 -0.001234 
-0.030000 0.045718 0.018484 
-0.027000 0.048262 0.044465 
-0.026000 0.048497 0.046873 
-0.025500 0.048584 0.047760 
-0.024500 0.048694 0.048861 
-0.023500 0.048780 0.049701 
-0.022500 0.048829 0.050182 
-0.019500 0.048926 0.051142 
-0.015500 0.048963 0.051502 
-0.011000 0.048951 0.051382 
-0.008500 0.049036 0.052223 
-0.007500 0.049182 0.053664 
-0.006000 0.049536 0.057146 
-0.005500 0.049646 0.058227 
-0.005000 0.049744 0.059188 
-0.003500 0.049914 0.060869 
-0.002000 0.050073 0.062430 
-0.001000 0.050146 0.063150 
0.000000 0.050207 0.063750 
0.003000 0.050317 0.064831 
0.004000 0.050341 0.065071 
0.005000 0.050354 0.065191 
0.007000 0.050341 0.065071 
0.009500 0.050256 0.064231 
0.011000 0.050183 0.063510 
0.012500 0.050097 0.062670 
0.018000 0.049439 0.056185 
0.019000 0.049390 0.055705 
0.020000 0.049414 0.055945 
0.021000 0.049439 0.056185 
0.022000 0.049439 0.056185 
0.023000 0.049439 0.056185 
0.024500 0.049414 0.055945 
0.025500 0.049414 0.055945 
0.026500 0.049414 0.055945 
0.027500 0.049402 0.055825 
0.028500 0.049390 0.055705 
0.029500 0.049365 0.055465 
0.030500 0.049292 0.054745 
0.031500 0.049219 0.054024 
0.032500 0.049060 0.052463 
0.033500 0.048938 0.051262 
0.035500 0.048841 0.050302 
0.037000 0.048755 0.049461 
0.038500 0.048719 0.049101 
0.039500 0.048694 0.048861 
0.041000 0.048682 0.048741 
0.042000 0.048609 0.048014 
0.043000 0.048534 0.047253 
0.044500 0.048435 0.046239 
0.045500 0.048386 0.045732 
0.046500 0.048249 0.044338 
0.047500 0.048187 0.043704 
0.048500 0.048100 0.042817 
0.049500 0.047964 0.041423 
0.050500 0.047902 0.040789 
0.051500 0.047840 0.040156 
0.052500 0.047741 0.039142 
0.053500 0.047691 0.038635 
0.054500 0.047530 0.036987 
0.056000 0.047219 0.033819 
0.057500 0.045991 0.021272 
0.058000 0.045904 0.020385 
0.059000 0.045706 0.018357 
0.059500 0.045384 0.015062 
0.060000 0.045272 0.013921 
0.061500 0.043867 0.000388 
0.064000 0.043654 -0.001504 
0.065000 0.043442 -0.003396 
-0.029750 0.046368 0.017723 
-0.028750 0.046466 0.018737 
-0.027750 0.048870 0.043449 
-0.026250 0.049080 0.045603 
-0.024750 0.049314 0.048011 
-0.021750 0.049520 0.050059 
-0.020750 0.049557 0.050420 
-0.018750 0.049617 0.051020 
-0.017750 0.049630 0.051140 
-0.016750 0.049630 0.051140 
-0.014750 0.049642 0.051260 
-0.013750 0.049630 0.051140 
-0.012750 0.049630 0.051140 
-0.011750 0.049630 0.051140 
-0.010250 0.049642 0.051260 
-0.009250 0.049690 0.051740 
-0.006750 0.050115 0.055943 
-0.004250 0.050504 0.059786 
-0.002750 0.050650 0.061227 
0.000750 0.050905 0.063749 
0.001750 0.050941 0.064109 
0.005750 0.051014 0.064829 
0.007750 0.050990 0.064589 
0.008750 0.050965 0.064349 
0.010250 0.050893 0.063629 
0.011750 0.050832 0.063028 
0.013250 0.050735 0.062067 
0.014250 0.050613 0.060867 
0.015250 0.050516 0.059906 
0.016250 0.050395 0.058705 
0.016750 0.050298 0.057744 
0.017250 0.050188 0.056664 
0.019750 0.050030 0.055103 
0.020750 0.050042 0.055223 
0.021750 0.050055 0.055343 
0.022750 0.050055 0.055343 
0.023750 0.050067 0.055463 
0.026250 0.050030 0.055103 
0.027250 0.050006 0.054863 
0.028250 0.049957 0.054382 
0.029250 0.049909 0.053902 
0.030250 0.049787 0.052701 
0.031250 0.049690 0.051740 
0.032250 0.049666 0.051500 
0.034250 0.049593 0.050780 
0.036250 0.049520 0.050059 
0.037750 0.049460 0.049459 
0.040250 0.049423 0.049099 
0.041750 0.049399 0.048859 
0.042750 0.049314 0.048011 
0.043750 0.049240 0.047251 
0.046250 0.049080 0.045603 
0.047250 0.048993 0.044716 
0.048250 0.048944 0.044209 
0.049250 0.048858 0.043322 
0.050250 0.048796 0.042689 
0.051250 0.048660 0.041295 
0.053250 0.048476 0.039394 
0.054250 0.048402 0.038633 
0.054750 0.048315 0.037746 
0.055250 0.048229 0.036859 
0.055750 0.048106 0.035592 
0.056750 0.047958 0.034071 
0.058250 0.046528 0.019370 
0.059250 0.046356 0.017596 
0.060750 0.045801 0.011893 
0.062250 0.044585 0.000254 
0.063250 0.044509 -0.000422 
0.064750 0.044358 -0.001773 
0.065750 0.044237 -0.002854 
-0.028000 0.049333 0.040913 
-0.027000 0.049639 0.044081 
-0.025500 0.049872 0.046488 
-0.024000 0.050043 0.048256 
-0.023000 0.050115 0.048976 
-0.020000 0.050260 0.050417 
-0.016000 0.050309 0.050898 
-0.011000 0.050321 0.051018 
-0.008500 0.050418 0.051978 
-0.007500 0.050575 0.053540 
-0.006000 0.050889 0.056662 
-0.005500 0.051010 0.057863 
-0.003500 0.051264 0.060384 
-0.002000 0.051397 0.061705 
-0.001000 0.051457 0.062306 
0.000000 0.051518 0.062906 
0.002500 0.051627 0.063987 
0.003500 0.051639 0.064107 
0.004500 0.051663 0.064347 
0.006500 0.051687 0.064587 
0.009500 0.051615 0.063867 
0.011000 0.051554 0.063266 
0.012500 0.051482 0.062546 
0.018000 0.050780 0.055581 
0.018500 0.050684 0.054620 
0.019500 0.050635 0.054140 
0.020500 0.050647 0.054260 
0.021500 0.050659 0.054380 
0.022500 0.050647 0.054260 
0.023500 0.050635 0.054140 
0.024500 0.050599 0.053780 
0.025500 0.050538 0.053179 
0.026500 0.050514 0.052939 
0.027500 0.050454 0.052339 
0.028500 0.050393 0.051738 
0.029500 0.050381 0.051618 
0.030500 0.050357 0.051378 
0.033000 0.050333 0.051138 
0.035000 0.050297 0.050778 
0.036000 0.050285 0.050658 
0.037000 0.050248 0.050297 
0.038500 0.050188 0.049697 
0.039500 0.050164 0.049457 
0.041000 0.050152 0.049337 
0.042500 0.050103 0.048856 
0.043500 0.050006 0.047882 
0.044500 0.049945 0.047249 
0.045500 0.049896 0.046742 
0.047000 0.049786 0.045601 
0.048000 0.049737 0.045095 
0.049000 0.049688 0.044588 
0.050000 0.049639 0.044081 
0.051000 0.049590 0.043574 
0.052000 0.049529 0.042940 
0.054000 0.049186 0.039392 
0.055000 0.049137 0.038885 
0.055500 0.049039 0.037871 
0.057500 0.048684 0.034197 
0.058500 0.047153 0.018357 
0.059500 0.046798 0.014682 
0.060500 0.046663 0.013288 
0.061000 0.046345 0.009993 
0.061500 0.045423 0.001200 
0.063000 0.045318 0.000254 
0.064000 0.045228 -0.000557 
0.065500 0.045077 -0.001908 
0.066500 0.044987 -0.002719 
-0.027250 0.050212 0.042685 
-0.026250 0.050444 0.045093 
-0.024750 0.050626 0.046993 
-0.022250 0.050832 0.049094 
-0.021250 0.050880 0.049575 
-0.019250 0.050964 0.050415 
-0.018250 0.050976 0.050535 
-0.017250 0.051000 0.050775 
-0.015250 0.051000 0.050775 
-0.014250 0.051000 0.050775 
-0.013250 0.051000 0.050775 
-0.012250 0.051000 0.050775 
-0.010250 0.051012 0.050896 
-0.009250 0.051061 0.051376 
-0.006750 0.051422 0.054979 
-0.004750 0.051807 0.058821 
-0.002750 0.052011 0.060863 
0.000750 0.052240 0.063144 
0.001750 0.052276 0.063505 
0.005250 0.052348 0.064225 
0.007250 0.052360 0.064345 
0.008250 0.052336 0.064105 
0.010250 0.052276 0.063505 
0.011750 0.052216 0.062904 
0.013250 0.052120 0.061943 
0.014250 0.052023 0.060983 
0.015250 0.051915 0.059902 
0.016250 0.051759 0.058341 
0.017250 0.051554 0.056299 
0.018750 0.051277 0.053537 
0.019750 0.051253 0.053297 
0.020750 0.051241 0.053177 
0.021750 0.051217 0.052937 
0.022750 0.051181 0.052577 
0.023750 0.051133 0.052096 
0.024750 0.051109 0.051856 
0.025750 0.051085 0.051616 
0.026750 0.051061 0.051376 
0.027750 0.051048 0.051256 
0.031250 0.051048 0.051256 
0.033750 0.051048 0.051256 
0.036750 0.051024 0.051016 
0.037750 0.050988 0.050655 
0.040250 0.050880 0.049575 
0.041750 0.050868 0.049454 
0.043250 0.050796 0.048734 
0.045250 0.050663 0.047373 
0.046250 0.050590 0.046613 
0.047750 0.050517 0.045853 
0.048750 0.050480 0.045473 
0.049750 0.050419 0.044839 
0.050750 0.050358 0.044206 
0.051750 0.050322 0.043825 
0.052750 0.050237 0.042938 
0.054750 0.049908 0.039517 
0.055750 0.049823 0.038630 
0.056250 0.049714 0.037490 
0.056750 0.049434 0.034575 
0.058250 0.049203 0.032168 
0.058750 0.048327 0.023045 
0.059250 0.047694 0.016456 
0.062250 0.046126 0.000930 
0.063750 0.046036 0.000120 
0.064750 0.045946 -0.000691 
0.067250 0.045691 -0.002988 
-0.027500 0.050751 0.040909 
-0.026500 0.051041 0.043950 
-0.025500 0.051223 0.045851 
-0.024000 0.051392 0.047625 
-0.023000 0.051464 0.048372 
-0.020500 0.051596 0.049693 
-0.016500 0.051692 0.050653 
-0.011500 0.051704 0.050773 
-0.008500 0.051800 0.051734 
-0.007500 0.051979 0.053535 
-0.006000 0.052279 0.056538 
-0.005500 0.052375 0.057498 
-0.004000 0.052578 0.059540 
-0.002000 0.052746 0.061221 
-0.001000 0.052818 0.061941 
0.000000 0.052878 0.062542 
0.002500 0.052974 0.063502 
0.003500 0.052998 0.063743 
0.004500 0.053010 0.063863 
0.006000 0.053034 0.064103 
0.009000 0.053010 0.063863 
0.011000 0.052950 0.063262 
0.012500 0.052890 0.062662 
0.017000 0.052339 0.057138 
0.018000 0.052099 0.054736 
0.020000 0.051848 0.052214 
0.021000 0.051788 0.051614 
0.022000 0.051740 0.051134 
0.023000 0.051728 0.051013 
0.024000 0.051728 0.051013 
0.025000 0.051716 0.050893 
0.028500 0.051728 0.051013 
0.029500 0.051740 0.051134 
0.030500 0.051740 0.051134 
0.032000 0.051764 0.051374 
0.033000 0.051776 0.051494 
0.034500 0.051776 0.051494 
0.035500 0.051776 0.051494 
0.037500 0.051764 0.051374 
0.038500 0.051740 0.051134 
0.039500 0.051656 0.050293 
0.041000 0.051596 0.049693 
0.042500 0.051560 0.049332 
0.044000 0.051464 0.048372 
0.046000 0.051356 0.047245 
0.047000 0.051295 0.046611 
0.049500 0.051187 0.045471 
0.050500 0.051126 0.044837 
0.051500 0.051090 0.044457 
0.052500 0.051029 0.043823 
0.053500 0.050981 0.043317 
0.054000 0.050667 0.040022 
0.055500 0.050594 0.039262 
0.057500 0.050171 0.034828 
0.058500 0.049978 0.032800 
0.059000 0.049144 0.024058 
0.060000 0.049059 0.023171 
0.060500 0.048117 0.013288 
0.061500 0.047814 0.010120 
0.063000 0.046845 0.000796 
0.065500 0.046635 -0.001096 
0.066500 0.046546 -0.001906 
-0.026750 0.051641 0.042808 
-0.025750 0.051833 0.044835 
-0.024750 0.051989 0.046482 
-0.022250 0.052181 0.048489 
-0.021250 0.052241 0.049090 
-0.019750 0.052312 0.049810 
-0.018750 0.052348 0.050171 
-0.017750 0.052372 0.050411 
-0.015750 0.052384 0.050531 
-0.014750 0.052396 0.050651 
-0.013750 0.052384 0.050531 
-0.012750 0.052384 0.050531 
-0.010750 0.052396 0.050651 
-0.009750 0.052419 0.050891 
-0.006750 0.052837 0.055094 
-0.004750 0.053183 0.058577 
-0.003250 0.053337 0.060138 
0.000750 0.053600 0.062780 
0.001750 0.053636 0.063140 
0.005250 0.053707 0.063861 
0.006750 0.053731 0.064101 
0.008250 0.053719 0.063981 
0.009750 0.053695 0.063741 
0.011750 0.053624 0.063020 
0.013250 0.053540 0.062180 
0.014250 0.053457 0.061339 
0.015250 0.053326 0.060018 
0.016250 0.053183 0.058577 
0.017750 0.052873 0.055455 
0.018750 0.052658 0.053293 
0.020250 0.052443 0.051131 
0.021250 0.052407 0.050771 
0.025750 0.052396 0.050651 
0.026750 0.052419 0.050891 
0.027750 0.052419 0.050891 
0.031250 0.052479 0.051492 
0.033750 0.052503 0.051732 
0.036250 0.052503 0.051732 
0.039250 0.052455 0.051252 
0.040250 0.052336 0.050051 
0.041750 0.052300 0.049690 
0.043250 0.052253 0.049210 
0.044750 0.052157 0.048249 
0.046750 0.052061 0.047242 
0.047750 0.052001 0.046609 
0.048750 0.051965 0.046229 
0.050250 0.051893 0.045469 
0.054750 0.051389 0.040147 
0.056250 0.051245 0.038627 
0.058250 0.050872 0.034699 
0.059250 0.050680 0.032672 
0.059750 0.049876 0.024184 
0.060750 0.049780 0.023170 
0.061250 0.048807 0.012908 
0.062250 0.048531 0.009994 
0.063750 0.047518 0.000256 
0.064750 0.047458 -0.000284 
0.067250 0.047235 -0.002311 
-0.027500 0.052122 0.040399 
-0.027000 0.052242 0.041666 
-0.025000 0.052623 0.045720 
-0.024000 0.052755 0.047114 
-0.023000 0.052814 0.047747 
-0.020500 0.052969 0.049328 
-0.017000 0.053064 0.050289 
-0.012000 0.053087 0.050529 
-0.009000 0.053170 0.051369 
-0.008000 0.053325 0.052931 
-0.006000 0.053681 0.056533 
-0.004000 0.053954 0.059295 
-0.002500 0.054096 0.060736 
-0.001500 0.054167 0.061457 
-0.000500 0.054227 0.062057 
0.002500 0.054357 0.063378 
0.003500 0.054381 0.063619 
0.004500 0.054393 0.063739 
0.006000 0.054417 0.063979 
0.007500 0.054428 0.064099 
0.009000 0.054405 0.063859 
0.010500 0.054381 0.063619 
0.012500 0.054298 0.062778 
0.016000 0.053954 0.059295 
0.017000 0.053764 0.057374 
0.018500 0.053431 0.054011 
0.019500 0.053242 0.052090 
0.022000 0.053064 0.050289 
0.023000 0.053064 0.050289 
0.024000 0.053075 0.050409 
0.025000 0.053087 0.050529 
0.028500 0.053147 0.051129 
0.029500 0.053170 0.051369 
0.030500 0.053182 0.051490 
0.032000 0.053206 0.051730 
0.033000 0.053218 0.051850 
0.034500 0.053218 0.051850 
0.035500 0.053230 0.051970 
0.037000 0.053218 0.051850 
0.038500 0.053206 0.051730 
0.040000 0.053135 0.051009 
0.041000 0.053028 0.049928 
0.042500 0.052992 0.049568 
0.044000 0.052933 0.048968 
0.045500 0.052850 0.048127 
0.049500 0.052659 0.046100 
0.051000 0.052564 0.045086 
0.052000 0.052528 0.044707 
0.053000 0.052468 0.044073 
0.054000 0.052421 0.043566 
0.055500 0.052051 0.039639 
0.057000 0.051884 0.037865 
0.057500 0.051621 0.035078 
0.059000 0.051550 0.034318 
0.059500 0.051466 0.033431 
0.060000 0.050679 0.025070 
0.061500 0.050512 0.023296 
0.063000 0.048311 0.000797 
0.065500 0.048133 -0.000824 
0.066500 0.048073 -0.001365 
0.068000 0.047880 -0.003121 
-0.026750 0.053003 0.042300 
-0.026250 0.053122 0.043567 
-0.025750 0.053217 0.044581 
-0.022250 0.053550 0.048128 
-0.021250 0.053597 0.048609 
-0.019750 0.053679 0.049449 
-0.018750 0.053727 0.049930 
-0.017750 0.053750 0.050170 
-0.016250 0.053774 0.050410 
-0.014750 0.053774 0.050410 
-0.013750 0.053785 0.050530 
-0.012750 0.053785 0.050530 
-0.011250 0.053797 0.050650 
-0.010250 0.053809 0.050770 
-0.007750 0.054092 0.053652 
-0.006750 0.054245 0.055213 
-0.005250 0.054481 0.057615 
-0.003250 0.054717 0.060017 
0.000250 0.054952 0.062418 
0.001250 0.054999 0.062899 
0.005250 0.055094 0.063859 
0.006750 0.055105 0.063979 
0.008250 0.055105 0.063979 
0.009750 0.055094 0.063859 
0.011250 0.055046 0.063379 
0.013250 0.054940 0.062298 
0.014250 0.054858 0.061458 
0.015250 0.054764 0.060497 
0.016750 0.054528 0.058095 
0.017750 0.054304 0.055814 
0.019750 0.053833 0.051010 
0.020750 0.053762 0.050290 
0.025750 0.053797 0.050650 
0.026750 0.053821 0.050890 
0.027750 0.053833 0.051010 
0.031250 0.053903 0.051731 
0.033750 0.053927 0.051971 
0.036250 0.053939 0.052091 
0.037750 0.053939 0.052091 
0.039250 0.053915 0.051851 
0.041750 0.053727 0.049930 
0.043250 0.053679 0.049449 
0.044750 0.053609 0.048729 
0.046250 0.053526 0.047875 
0.047250 0.053467 0.047242 
0.048250 0.053431 0.046861 
0.050250 0.053312 0.045594 
0.054750 0.052837 0.040527 
0.056250 0.052658 0.038626 
0.058250 0.052325 0.035078 
0.060750 0.051387 0.025069 
0.061250 0.051291 0.024056 
0.062250 0.049996 0.010246 
0.063750 0.048985 0.000390 
0.064750 0.048911 -0.000286 
0.067250 0.048719 -0.002042 
0.068750 0.048513 -0.003934 
-0.027500 0.053491 0.040020 
-0.025000 0.054001 0.045469 
-0.024000 0.054119 0.046736 
-0.023000 0.054190 0.047496 
-0.020500 0.054332 0.048970 
-0.017000 0.054460 0.050291 
-0.015500 0.054472 0.050411 
-0.012000 0.054495 0.050651 
-0.009500 0.054566 0.051372 
-0.008500 0.054694 0.052693 
-0.006000 0.055092 0.056775 
-0.004500 0.055291 0.058817 
-0.002500 0.055467 0.060618 
-0.001500 0.055537 0.061338 
-0.000500 0.055595 0.061939 
0.002000 0.055701 0.063019 
0.003000 0.055736 0.063380 
0.004000 0.055759 0.063620 
0.006000 0.055783 0.063860 
0.007500 0.055794 0.063980 
0.009000 0.055794 0.063980 
0.010500 0.055771 0.063740 
0.012000 0.055724 0.063260 
0.016000 0.055385 0.059777 
0.017500 0.055139 0.057256 
0.018500 0.054846 0.054254 
0.021500 0.054449 0.050171 
0.022500 0.054449 0.050171 
0.023500 0.054460 0.050291 
0.024500 0.054484 0.050531 
0.028500 0.054554 0.051252 
0.029500 0.054566 0.051372 
0.030500 0.054601 0.051732 
0.032000 0.054624 0.051972 
0.034500 0.054636 0.052092 
0.035500 0.054648 0.052212 
0.037000 0.054636 0.052092 
0.038500 0.054636 0.052092 
0.040000 0.054589 0.051612 
0.041000 0.054495 0.050651 
0.042500 0.054413 0.049811 
0.044000 0.054378 0.049451 
0.045500 0.054296 0.048610 
0.049000 0.054107 0.046609 
0.051000 0.053977 0.045215 
0.052000 0.053930 0.044709 
0.053000 0.053882 0.044202 
0.054000 0.053811 0.043442 
0.055500 0.053444 0.039513 
0.057000 0.053266 0.037613 
0.057500 0.053065 0.035459 
0.059000 0.053006 0.034825 
0.060000 0.052899 0.033685 
0.060500 0.052165 0.025829 
0.062000 0.052011 0.024182 
0.063000 0.050720 0.010370 
0.065500 0.049586 -0.000693 
0.066500 0.049513 -0.001369 
0.068000 0.049381 -0.002585 
0.069500 0.049089 -0.005287 
-0.026750 0.054371 0.041922 
-0.026250 0.054465 0.042936 
-0.025750 0.054584 0.044203 
-0.022250 0.054926 0.047878 
-0.021250 0.054984 0.048491 
-0.019750 0.055077 0.049452 
-0.018750 0.055112 0.049812 
-0.017750 0.055147 0.050172 
-0.016250 0.055170 0.050413 
-0.014750 0.055182 0.050533 
-0.013750 0.055193 0.050653 
-0.012750 0.055193 0.050653 
-0.011250 0.055217 0.050893 
-0.010250 0.055240 0.051133 
-0.009250 0.055344 0.052214 
-0.008250 0.055507 0.053895 
-0.007250 0.055647 0.055336 
-0.005250 0.055902 0.057977 
-0.003750 0.056053 0.059538 
0.000250 0.056320 0.062300 
0.001250 0.056367 0.062780 
0.004750 0.056460 0.063741 
0.006750 0.056472 0.063861 
0.008250 0.056483 0.063981 
0.009750 0.056472 0.063861 
0.011250 0.056437 0.063501 
0.012750 0.056379 0.062900 
0.013750 0.056320 0.062300 
0.014750 0.056251 0.061579 
0.016750 0.055972 0.058698 
0.019250 0.055356 0.052334 
0.019750 0.055263 0.051373 
0.020750 0.055159 0.050292 
0.025250 0.055193 0.050653 
0.026250 0.055217 0.050893 
0.027250 0.055228 0.051013 
0.031250 0.055298 0.051733 
0.032750 0.055333 0.052094 
0.033750 0.055344 0.052214 
0.036250 0.055356 0.052334 
0.037750 0.055344 0.052214 
0.039250 0.055344 0.052214 
0.041750 0.055159 0.050292 
0.043250 0.055112 0.049812 
0.044750 0.055066 0.049332 
0.046250 0.054973 0.048371 
0.047250 0.054914 0.047751 
0.048250 0.054867 0.047244 
0.049750 0.054761 0.046104 
0.054750 0.054206 0.040148 
0.056250 0.054041 0.038374 
0.058250 0.053781 0.035586 
0.059750 0.053663 0.034318 
0.061250 0.052872 0.025828 
0.062750 0.052719 0.024181 
0.063750 0.050392 0.000115 
0.064750 0.050349 -0.000290 
0.067250 0.050160 -0.002046 
0.068750 0.049986 -0.003667 
-0.027500 0.054861 0.039641 
-0.027000 0.055002 0.041162 
-0.025000 0.055379 0.045218 
-0.024000 0.055508 0.046612 
-0.023000 0.055579 0.047372 
-0.020500 0.055753 0.049213 
-0.017000 0.055868 0.050414 
-0.015500 0.055891 0.050654 
-0.012000 0.055926 0.051014 
-0.009500 0.056111 0.052935 
-0.009000 0.056203 0.053896 
-0.008000 0.056330 0.055216 
-0.007000 0.056422 0.056177 
-0.006000 0.056515 0.057138 
-0.004500 0.056688 0.058939 
-0.003000 0.056826 0.060379 
-0.002000 0.056895 0.061100 
-0.001000 0.056953 0.061700 
0.002000 0.057080 0.063021 
0.003000 0.057114 0.063381 
0.004000 0.057138 0.063621 
0.005500 0.057161 0.063861 
0.007500 0.057172 0.063981 
0.009000 0.057172 0.063981 
0.010500 0.057161 0.063861 
0.012000 0.057126 0.063501 
0.015500 0.056872 0.060860 
0.016500 0.056745 0.059539 
0.017500 0.056618 0.058218 
0.018000 0.056468 0.056657 
0.018500 0.056295 0.054856 
0.021500 0.055845 0.050174 
0.022500 0.055845 0.050174 
0.023500 0.055857 0.050294 
0.024500 0.055868 0.050414 
0.028000 0.055938 0.051134 
0.029000 0.055949 0.051254 
0.030000 0.055984 0.051615 
0.032000 0.056018 0.051975 
0.034500 0.056053 0.052335 
0.035500 0.056065 0.052455 
0.037000 0.056065 0.052455 
0.038500 0.056065 0.052455 
0.040000 0.056018 0.051975 
0.041000 0.055949 0.051254 
0.042500 0.055857 0.050294 
0.044000 0.055822 0.049934 
0.045500 0.055753 0.049213 
0.049000 0.055543 0.046992 
0.050500 0.055390 0.045344 
0.051500 0.055332 0.044711 
0.052500 0.055285 0.044204 
0.053500 0.055226 0.043570 
0.054500 0.055120 0.042429 
0.055500 0.054838 0.039388 
0.057000 0.054661 0.037487 
0.059000 0.054438 0.035079 
0.060500 0.054261 0.033178 
0.062000 0.053544 0.025447 
0.063500 0.052180 0.010746 
0.065500 0.050995 -0.000968 
0.066500 0.050938 -0.001508 
0.068000 0.050808 -0.002724 
0.069500 0.050621 -0.004480 
0.070000 0.050520 -0.005425 
0.070500 0.050376 -0.006776 
-0.026250 0.055822 0.042430 
-0.025750 0.055951 0.043825 
-0.022250 0.056337 0.048007 
-0.021250 0.056406 0.048734 
-0.019750 0.056486 0.049575 
-0.018750 0.056532 0.050055 
-0.017750 0.056555 0.050295 
-0.016250 0.056578 0.050535 
-0.014750 0.056612 0.050895 
-0.013750 0.056612 0.050895 
-0.012750 0.057117 0.056178 
-0.011750 0.057094 0.055938 
-0.010750 0.057128 0.056298 
-0.009750 0.057139 0.056418 
-0.008750 0.057128 0.056298 
-0.007750 0.057139 0.056418 
-0.006750 0.057197 0.057018 
-0.005750 0.057288 0.057979 
-0.003750 0.057472 0.059900 
-0.000250 0.057689 0.062181 
0.000750 0.057735 0.062661 
0.004750 0.057838 0.063742 
0.006250 0.057850 0.063862 
0.008250 0.057873 0.064102 
0.009750 0.057861 0.063982 
0.011250 0.057838 0.063742 
0.012750 0.057781 0.063142 
0.013750 0.057735 0.062661 
0.014750 0.057655 0.061821 
0.016250 0.057506 0.060260 
0.019250 0.056887 0.053777 
0.019750 0.056784 0.052696 
0.020250 0.056647 0.051256 
0.020750 0.056555 0.050295 
0.025250 0.056590 0.050655 
0.026250 0.056601 0.050775 
0.027250 0.056624 0.051015 
0.030750 0.056693 0.051736 
0.032750 0.056738 0.052216 
0.033750 0.056750 0.052336 
0.036250 0.056784 0.052696 
0.037750 0.056784 0.052696 
0.039250 0.056761 0.052456 
0.041750 0.056601 0.050775 
0.043250 0.056567 0.050415 
0.044750 0.056532 0.050055 
0.046250 0.056452 0.049215 
0.047250 0.056418 0.048854 
0.048250 0.056361 0.048254 
0.049750 0.056150 0.045979 
0.056250 0.055458 0.038501 
0.057750 0.055271 0.036473 
0.059750 0.055071 0.034319 
0.060750 0.054368 0.026714 
0.061750 0.054310 0.026080 
0.062750 0.054181 0.024686 
0.064250 0.052845 0.010237 
0.064750 0.051757 -0.000564 
0.067250 0.051586 -0.002185 
0.068750 0.051443 -0.003536 
-0.028000 0.056220 0.039136 
-0.027000 0.056360 0.040657 
-0.025500 0.056710 0.044459 
-0.024500 0.056862 0.046107 
-0.023500 0.056955 0.047121 
-0.020500 0.057185 0.049576 
-0.017000 0.057925 0.057380 
-0.016000 0.057959 0.057740 
-0.015000 0.057970 0.057860 
-0.014000 0.057936 0.057500 
-0.013000 0.057959 0.057740 
-0.012000 0.057947 0.057620 
-0.011000 0.057936 0.057500 
-0.010000 0.057959 0.057740 
-0.009000 0.057970 0.057860 
-0.008000 0.057947 0.057620 
-0.006500 0.057959 0.057740 
-0.005000 0.058072 0.058940 
-0.003000 0.058231 0.060621 
-0.002000 0.058300 0.061341 
-0.001000 0.058345 0.061822 
0.001500 0.058448 0.062902 
0.002500 0.058482 0.063262 
0.003500 0.058504 0.063502 
0.005500 0.058539 0.063863 
0.007000 0.058550 0.063983 
0.009000 0.058550 0.063983 
0.010500 0.058539 0.063863 
0.012000 0.058516 0.063622 
0.015500 0.058288 0.061221 
0.017000 0.058152 0.059781 
0.017500 0.057993 0.058100 
0.018500 0.057856 0.056659 
0.019000 0.057674 0.054738 
0.021500 0.057253 0.050296 
0.022500 0.057265 0.050416 
0.023500 0.057253 0.050296 
0.024500 0.057276 0.050536 
0.028000 0.057333 0.051137 
0.029000 0.057356 0.051377 
0.030000 0.057379 0.051617 
0.031500 0.057413 0.051977 
0.034500 0.057470 0.052577 
0.035500 0.057481 0.052697 
0.037000 0.057492 0.052818 
0.038500 0.057492 0.052818 
0.040000 0.057447 0.052337 
0.041000 0.057379 0.051617 
0.042500 0.057299 0.050777 
0.044000 0.057299 0.050777 
0.045500 0.057219 0.049936 
0.048000 0.057140 0.049096 
0.049000 0.057014 0.047755 
0.050500 0.056745 0.044840 
0.051500 0.056710 0.044459 
0.052500 0.056640 0.043699 
0.053500 0.056582 0.043065 
0.054500 0.056512 0.042305 
0.055000 0.056407 0.041164 
0.055500 0.056325 0.040276 
0.056000 0.056243 0.039389 
0.057000 0.056114 0.037995 
0.058500 0.055904 0.035713 
0.060500 0.055601 0.032417 
0.062500 0.054958 0.025446 
0.063500 0.054818 0.023924 
0.064000 0.053627 0.010995 
0.065500 0.052406 -0.001242 
0.066500 0.052349 -0.001782 
0.068000 0.052235 -0.002862 
0.069500 0.052108 -0.004078 
0.070500 0.051909 -0.005969 
0.071000 0.051810 -0.006914 
-0.027750 0.056992 0.039897 
-0.026750 0.057120 0.041291 
-0.026250 0.057237 0.042559 
-0.025750 0.057318 0.043446 
-0.022750 0.057725 0.047883 
-0.021750 0.057884 0.049577 
-0.019750 0.057929 0.050058 
-0.018750 0.058595 0.057140 
-0.017750 0.058765 0.058941 
-0.016750 0.058799 0.059301 
-0.015750 0.058832 0.059661 
-0.014750 0.058855 0.059901 
-0.013750 0.058821 0.059541 
-0.012750 0.058878 0.060142 
-0.011750 0.058821 0.059541 
-0.010750 0.058832 0.059661 
-0.009750 0.058776 0.059061 
-0.008750 0.058765 0.058941 
-0.007750 0.058753 0.058821 
-0.006750 0.058742 0.058701 
-0.005750 0.058765 0.058941 
-0.004250 0.058855 0.059901 
-0.000250 0.059081 0.062303 
0.000750 0.059115 0.062663 
0.004250 0.059216 0.063743 
0.006250 0.059239 0.063983 
0.007750 0.059250 0.064103 
0.009750 0.059250 0.064103 
0.011250 0.059216 0.063743 
0.012750 0.059182 0.063383 
0.013750 0.059137 0.062903 
0.014750 0.059058 0.062062 
0.016250 0.058945 0.060862 
0.018250 0.058652 0.057741 
0.019750 0.058234 0.053299 
0.020250 0.058087 0.051738 
0.020750 0.057986 0.050658 
0.025250 0.057997 0.050778 
0.026250 0.058008 0.050898 
0.027250 0.058020 0.051018 
0.030750 0.058087 0.051738 
0.032250 0.058121 0.052098 
0.033250 0.058144 0.052338 
0.036250 0.058200 0.052939 
0.037750 0.058212 0.053059 
0.039250 0.058200 0.052939 
0.041750 0.058053 0.051378 
0.043250 0.058042 0.051258 
0.044750 0.058008 0.050898 
0.046250 0.057952 0.050298 
0.047250 0.057918 0.049938 
0.048750 0.057783 0.048497 
0.049750 0.057702 0.047630 
0.055750 0.057109 0.041164 
0.056750 0.056887 0.038756 
0.057750 0.056655 0.036220 
0.059250 0.056504 0.034572 
0.060250 0.056434 0.033812 
0.060750 0.055805 0.026966 
0.061750 0.055770 0.026586 
0.063250 0.055596 0.024684 
0.064750 0.053125 -0.001244 
0.067250 0.052999 -0.002459 
0.068750 0.052872 -0.003675 
0.071250 0.051971 -0.012318 
-0.027500 0.057776 0.040785 
-0.025500 0.058112 0.044461 
-0.025000 0.058205 0.045476 
-0.024000 0.058356 0.047124 
-0.022500 0.058482 0.048498 
-0.021500 0.059648 0.060983 
-0.020500 0.059692 0.061463 
-0.019500 0.059726 0.061823 
-0.018500 0.059737 0.061943 
-0.017500 0.059760 0.062183 
-0.016500 0.059771 0.062303 
-0.015500 0.059760 0.062183 
-0.014500 0.059748 0.062063 
-0.013500 0.059771 0.062303 
-0.012500 0.059748 0.062063 
-0.011500 0.059760 0.062183 
-0.010500 0.059692 0.061463 
-0.009500 0.059659 0.061103 
-0.008500 0.059569 0.060142 
-0.007500 0.059569 0.060142 
-0.006500 0.059558 0.060022 
-0.005500 0.059547 0.059902 
-0.003500 0.059636 0.060863 
-0.002500 0.059681 0.061343 
-0.001500 0.059737 0.061943 
0.001500 0.059838 0.063023 
0.002500 0.059872 0.063384 
0.003500 0.059894 0.063624 
0.005000 0.059905 0.063744 
0.007000 0.059928 0.063984 
0.008500 0.059939 0.064104 
0.010500 0.059917 0.063864 
0.012000 0.059905 0.063744 
0.015500 0.059715 0.061703 
0.017000 0.059591 0.060383 
0.018000 0.059446 0.058822 
0.019000 0.059188 0.056061 
0.019500 0.059031 0.054380 
0.021500 0.058661 0.050419 
0.022500 0.058661 0.050419 
0.023500 0.058672 0.050539 
0.024500 0.058684 0.050659 
0.028000 0.058740 0.051259 
0.029000 0.058751 0.051379 
0.030000 0.058773 0.051619 
0.031500 0.058807 0.051980 
0.034000 0.058852 0.052460 
0.035000 0.058874 0.052700 
0.037000 0.058908 0.053060 
0.038500 0.058919 0.053180 
0.040000 0.058897 0.052940 
0.041000 0.058852 0.052460 
0.042500 0.058773 0.051619 
0.044000 0.058773 0.051619 
0.045500 0.058695 0.050779 
0.048000 0.058628 0.050059 
0.049500 0.058482 0.048498 
0.050500 0.058414 0.047758 
0.051000 0.058147 0.044842 
0.052000 0.058124 0.044588 
0.053000 0.058066 0.043954 
0.054000 0.058019 0.043447 
0.055000 0.057927 0.042433 
0.056500 0.057834 0.041419 
0.057000 0.057648 0.039390 
0.058500 0.057370 0.036347 
0.060500 0.056640 0.028360 
0.062500 0.056419 0.025951 
0.064000 0.056245 0.024049 
0.064500 0.055039 0.010864 
0.065000 0.054866 0.008962 
0.065500 0.053803 -0.001651 
0.066500 0.053761 -0.002056 
0.068000 0.053649 -0.003136 
0.069500 0.053524 -0.004352 
0.070500 0.053398 -0.005567 
0.071000 0.053286 -0.006647 
0.071500 0.052812 -0.011239 
-0.028250 0.058339 0.039264 
-0.027250 0.058536 0.041419 
-0.026250 0.058721 0.043448 
-0.023750 0.060394 0.061584 
-0.022750 0.060494 0.062664 
-0.021750 0.060505 0.062784 
-0.020750 0.060550 0.063264 
-0.019750 0.060605 0.063864 
-0.018750 0.060583 0.063624 
-0.017750 0.060594 0.063744 
-0.016750 0.060661 0.064465 
-0.015750 0.060628 0.064104 
-0.014750 0.060628 0.064104 
-0.013750 0.060605 0.063864 
-0.012750 0.060594 0.063744 
-0.011750 0.060572 0.063504 
-0.010750 0.060550 0.063264 
-0.009750 0.060516 0.062904 
-0.008750 0.060483 0.062544 
-0.007750 0.060439 0.062064 
-0.006750 0.060383 0.061464 
-0.005750 0.060361 0.061223 
-0.004750 0.060350 0.061104 
-0.000750 0.060472 0.062424 
0.000250 0.060505 0.062784 
0.004250 0.060594 0.063744 
0.005750 0.060617 0.063984 
0.007750 0.060628 0.064104 
0.009250 0.060628 0.064104 
0.011250 0.060605 0.063864 
0.012750 0.060583 0.063624 
0.013750 0.060539 0.063144 
0.014750 0.060483 0.062544 
0.016250 0.060383 0.061464 
0.017750 0.060249 0.060023 
0.018750 0.060027 0.057622 
0.020250 0.059582 0.052821 
0.020750 0.059460 0.051501 
0.025250 0.059393 0.050780 
0.026250 0.059415 0.051020 
0.027250 0.059426 0.051140 
0.030750 0.059493 0.051861 
0.032250 0.059515 0.052101 
0.033250 0.059538 0.052341 
0.035750 0.059593 0.052941 
0.037750 0.059615 0.053181 
0.039250 0.059627 0.053301 
0.041750 0.059549 0.052461 
0.043250 0.059504 0.051981 
0.044750 0.059471 0.051621 
0.046250 0.059404 0.050901 
0.047250 0.059382 0.050660 
0.048750 0.059271 0.049460 
0.050250 0.059170 0.048380 
0.051250 0.058906 0.045477 
0.052250 0.058894 0.045350 
0.053250 0.058848 0.044843 
0.054250 0.058778 0.044082 
0.055750 0.058651 0.042687 
0.057750 0.058409 0.040025 
0.059250 0.057854 0.033939 
0.061250 0.057265 0.027472 
0.063250 0.057045 0.025063 
0.064250 0.056283 0.016694 
0.065750 0.055578 0.008960 
0.067250 0.054412 -0.002733 
0.068750 0.054287 -0.003948 
0.072250 0.053498 -0.011645 
-0.026500 0.059342 0.042562 
-0.025500 0.059445 0.043703 
-0.025000 0.061140 0.062185 
-0.024000 0.061228 0.063145 
-0.023000 0.061283 0.063745 
-0.022000 0.061317 0.064105 
-0.021000 0.061339 0.064345 
-0.020000 0.061383 0.064825 
-0.019000 0.061427 0.065305 
-0.018000 0.061471 0.065785 
-0.017000 0.061460 0.065665 
-0.016000 0.061460 0.065665 
-0.015000 0.061471 0.065785 
-0.014000 0.061449 0.065545 
-0.013000 0.061427 0.065305 
-0.012000 0.061394 0.064945 
-0.011000 0.061372 0.064705 
-0.010000 0.061361 0.064585 
-0.009000 0.061328 0.064225 
-0.008000 0.061306 0.063985 
-0.007000 0.061261 0.063505 
-0.006000 0.061217 0.063025 
-0.005000 0.061151 0.062305 
-0.004000 0.061140 0.062185 
-0.003000 0.061129 0.062064 
-0.002000 0.061151 0.062305 
0.001000 0.061228 0.063145 
0.002000 0.061261 0.063505 
0.003000 0.061272 0.063625 
0.005000 0.061306 0.063985 
0.006500 0.061317 0.064105 
0.008500 0.061328 0.064225 
0.010000 0.061317 0.064105 
0.012000 0.061294 0.063865 
0.015500 0.061151 0.062305 
0.017000 0.061030 0.060984 
0.018500 0.060875 0.059304 
0.019500 0.060455 0.054743 
0.020000 0.060345 0.053542 
0.021500 0.060058 0.050422 
0.022500 0.060069 0.050542 
0.023500 0.060091 0.050782 
0.024500 0.060091 0.050782 
0.028000 0.060135 0.051262 
0.029000 0.060157 0.051502 
0.030000 0.060179 0.051742 
0.031500 0.060212 0.052102 
0.034000 0.060245 0.052462 
0.035000 0.060268 0.052702 
0.036500 0.060301 0.053062 
0.038500 0.060334 0.053422 
0.040000 0.060323 0.053302 
0.041000 0.060312 0.053182 
0.042500 0.060234 0.052342 
0.044000 0.060223 0.052222 
0.045500 0.060146 0.051382 
0.048000 0.060069 0.050542 
0.049500 0.059947 0.049221 
0.051000 0.059848 0.048141 
0.053000 0.059606 0.045478 
0.054000 0.059572 0.045098 
0.055000 0.059468 0.043956 
0.056500 0.059342 0.042562 
0.058500 0.059123 0.040152 
0.059000 0.058858 0.037236 
0.060000 0.058547 0.033812 
0.060500 0.058156 0.029500 
0.061000 0.058075 0.028613 
0.062000 0.057879 0.026457 
0.064000 0.057684 0.024301 
0.065000 0.056993 0.016693 
0.066000 0.056348 0.009592 
0.066500 0.055160 -0.002465 
0.068000 0.055064 -0.003410 
0.069500 0.054927 -0.004760 
0.070500 0.054844 -0.005571 
0.071000 0.054748 -0.006516 
0.071500 0.054363 -0.010296 
-0.028250 0.059756 0.039392 
-0.027250 0.061666 0.060385 
-0.026750 0.061775 0.061585 
-0.025750 0.061874 0.062665 
-0.024750 0.061951 0.063506 
-0.023750 0.062005 0.064106 
-0.022750 0.062049 0.064586 
-0.021750 0.062104 0.065186 
-0.020750 0.062170 0.065906 
-0.019750 0.062214 0.066386 
-0.018750 0.062225 0.066506 
-0.017750 0.062257 0.066866 
-0.016750 0.062257 0.066866 
-0.015750 0.062247 0.066746 
-0.014750 0.062247 0.066746 
-0.013750 0.062257 0.066866 
-0.012750 0.062257 0.066866 
-0.011750 0.062236 0.066626 
-0.010750 0.062225 0.066506 
-0.009750 0.062159 0.065786 
-0.008750 0.062137 0.065546 
-0.007750 0.062126 0.065426 
-0.006750 0.062104 0.065186 
-0.005750 0.062060 0.064706 
-0.004750 0.062016 0.064226 
-0.003750 0.061973 0.063745 
-0.002750 0.061918 0.063145 
-0.001750 0.061907 0.063025 
-0.000250 0.061918 0.063145 
0.003750 0.061983 0.063866 
0.005750 0.062005 0.064106 
0.007250 0.062016 0.064226 
0.009250 0.062016 0.064226 
0.010750 0.062005 0.064106 
0.012750 0.061973 0.063745 
0.013750 0.061951 0.063506 
0.014750 0.061907 0.063025 
0.016250 0.061808 0.061945 
0.017750 0.061666 0.060385 
0.019250 0.061457 0.058104 
0.020750 0.060964 0.052703 
0.025250 0.060800 0.050903 
0.026250 0.060822 0.051143 
0.027250 0.060833 0.051263 
0.030750 0.060888 0.051863 
0.032250 0.060920 0.052223 
0.033250 0.060942 0.052463 
0.035750 0.060997 0.053063 
0.037250 0.061019 0.053303 
0.039250 0.061030 0.053424 
0.041750 0.061008 0.053183 
0.043250 0.060942 0.052463 
0.044750 0.060920 0.052223 
0.046250 0.060844 0.051383 
0.047250 0.060811 0.051023 
0.048750 0.060734 0.050183 
0.050250 0.060614 0.048863 
0.051750 0.060399 0.046494 
0.054750 0.060238 0.044718 
0.055750 0.060146 0.043704 
0.057250 0.060009 0.042182 
0.057750 0.059905 0.041040 
0.059750 0.059596 0.037616 
0.060250 0.058919 0.030134 
0.062750 0.058506 0.025569 
0.067250 0.055799 -0.003277 
0.068750 0.055704 -0.004222 
0.072250 0.055009 -0.011108 
-0.029000 0.062237 0.059065 
-0.028500 0.062390 0.060746 
-0.027500 0.062531 0.062306 
-0.026500 0.062596 0.063026 
-0.025500 0.062683 0.063986 
-0.024500 0.062716 0.064346 
-0.023500 0.062770 0.064946 
-0.022500 0.062868 0.066027 
-0.022000 0.062955 0.066987 
-0.021000 0.062988 0.067347 
-0.020000 0.063010 0.067587 
-0.019000 0.063042 0.067947 
-0.018000 0.063042 0.067947 
-0.017000 0.063053 0.068067 
-0.016000 0.063053 0.068067 
-0.015000 0.063053 0.068067 
-0.014000 0.063042 0.067947 
-0.013000 0.063042 0.067947 
-0.012000 0.063042 0.067947 
-0.011000 0.063021 0.067707 
-0.010000 0.063021 0.067707 
-0.009000 0.062988 0.067347 
-0.008000 0.062955 0.066987 
-0.007000 0.062944 0.066867 
-0.006000 0.062923 0.066627 
-0.005000 0.062890 0.066266 
-0.004000 0.062857 0.065907 
-0.003000 0.062781 0.065066 
-0.002000 0.062738 0.064586 
-0.001000 0.062683 0.063986 
0.000500 0.062662 0.063746 
0.001500 0.062673 0.063866 
0.002500 0.062694 0.064106 
0.004500 0.062694 0.064106 
0.006500 0.062705 0.064226 
0.008000 0.062705 0.064226 
0.010000 0.062705 0.064226 
0.011500 0.062694 0.064106 
0.015500 0.062564 0.062666 
0.017000 0.062455 0.061466 
0.018500 0.062292 0.059666 
0.020000 0.061759 0.053785 
0.021500 0.061519 0.051144 
0.022500 0.061476 0.050664 
0.023500 0.061487 0.050784 
0.024500 0.061498 0.050904 
0.028000 0.061541 0.051384 
0.029000 0.061552 0.051504 
0.030000 0.061574 0.051744 
0.031500 0.061607 0.052104 
0.034000 0.061661 0.052704 
0.035000 0.061683 0.052944 
0.036500 0.061715 0.053305 
0.038000 0.061715 0.053305 
0.040000 0.061726 0.053425 
0.041000 0.061715 0.053305 
0.042500 0.061672 0.052825 
0.044000 0.061639 0.052465 
0.045500 0.061585 0.051864 
0.048000 0.061487 0.050784 
0.049500 0.061400 0.049824 
0.051000 0.061236 0.048017 
0.052500 0.061088 0.046368 
0.053500 0.061042 0.045861 
0.056500 0.060825 0.043451 
0.058500 0.060539 0.040280 
0.059000 0.060345 0.038124 
0.061000 0.059545 0.029246 
0.062000 0.059282 0.026329 
0.063500 0.059122 0.024553 
0.064500 0.058996 0.023158 
0.065000 0.058436 0.016943 
0.066000 0.057808 0.009968 
0.068000 0.056453 -0.003954 
0.069500 0.056358 -0.004899 
0.070500 0.056263 -0.005844 
0.071500 0.055939 -0.009084 
0.072000 0.055831 -0.010164 
0.073000 0.055615 -0.012324 
-0.030250 0.062854 0.058226 
-0.029750 0.062973 0.059546 
-0.028750 0.063167 0.061707 
-0.027250 0.063318 0.063387 
-0.026250 0.063372 0.063987 
-0.024250 0.063610 0.066627 
-0.023250 0.063685 0.067467 
-0.022250 0.063750 0.068187 
-0.021250 0.063772 0.068427 
-0.020250 0.063793 0.068667 
-0.019250 0.063815 0.068907 
-0.018250 0.063826 0.069027 
-0.017250 0.063826 0.069027 
-0.016250 0.063837 0.069147 
-0.015250 0.063847 0.069267 
-0.014250 0.063837 0.069147 
-0.013250 0.063837 0.069147 
-0.012250 0.063826 0.069027 
-0.010750 0.063826 0.069027 
-0.009750 0.063815 0.068907 
-0.008750 0.063815 0.068907 
-0.007750 0.063761 0.068307 
-0.006750 0.063739 0.068067 
-0.005750 0.063739 0.068067 
-0.004750 0.063707 0.067707 
-0.003750 0.063675 0.067347 
-0.002750 0.063642 0.066987 
-0.001750 0.063567 0.066147 
-0.000750 0.063502 0.065427 
0.000250 0.063437 0.064707 
0.003250 0.063415 0.064467 
0.005250 0.063405 0.064347 
0.007250 0.063415 0.064467 
0.008750 0.063405 0.064347 
0.010750 0.063394 0.064227 
0.012250 0.063383 0.064107 
0.013250 0.063362 0.063867 
0.014250 0.063329 0.063507 
0.016250 0.063210 0.062187 
0.017750 0.063081 0.060746 
0.019250 0.062919 0.058946 
0.020750 0.062358 0.052706 
0.025250 0.062206 0.051025 
0.026250 0.062228 0.051266 
0.027250 0.062239 0.051385 
0.030750 0.062304 0.052106 
0.032250 0.062325 0.052346 
0.033250 0.062358 0.052706 
0.035750 0.062412 0.053306 
0.037250 0.062422 0.053426 
0.038750 0.062422 0.053426 
0.041750 0.062412 0.053306 
0.043250 0.062347 0.052586 
0.044750 0.062314 0.052226 
0.046250 0.062260 0.051626 
0.047250 0.062217 0.051146 
0.048750 0.062142 0.050305 
0.050250 0.062034 0.049105 
0.051750 0.061891 0.047511 
0.054250 0.061720 0.045608 
0.055250 0.061640 0.044720 
0.057250 0.061458 0.042691 
0.058250 0.061321 0.041169 
0.059750 0.061036 0.037998 
0.060750 0.060877 0.036222 
0.061750 0.060171 0.028358 
0.062250 0.059921 0.025567 
0.063750 0.059761 0.023791 
0.065750 0.059112 0.016561 
0.066750 0.058508 0.009839 
0.067250 0.057188 -0.003821 
0.068750 0.057108 -0.004631 
0.071250 0.056812 -0.007601 
-0.031000 0.063590 0.058707 
-0.030500 0.063697 0.059907 
-0.029500 0.063847 0.061587 
-0.029000 0.063933 0.062547 
-0.028000 0.064018 0.063507 
-0.027000 0.064072 0.064107 
-0.025500 0.064147 0.064948 
-0.025000 0.064350 0.067228 
-0.024000 0.064415 0.067948 
-0.023000 0.064479 0.068668 
-0.022000 0.064511 0.069028 
-0.021000 0.064533 0.069268 
-0.020000 0.064554 0.069508 
-0.019000 0.064565 0.069628 
-0.018000 0.064575 0.069748 
-0.017000 0.064597 0.069988 
-0.016000 0.064608 0.070108 
-0.015000 0.064618 0.070228 
-0.013500 0.064618 0.070228 
-0.012500 0.064618 0.070228 
-0.011500 0.064608 0.070108 
-0.010500 0.064608 0.070108 
-0.009500 0.064608 0.070108 
-0.008500 0.064597 0.069988 
-0.007500 0.064586 0.069868 
-0.006500 0.064575 0.069748 
-0.005500 0.064522 0.069148 
-0.004500 0.064522 0.069148 
-0.003500 0.064479 0.068668 
-0.002500 0.064447 0.068308 
-0.001500 0.064404 0.067828 
-0.000500 0.064350 0.067228 
0.000500 0.064308 0.066748 
0.001500 0.064179 0.065307 
0.002500 0.064158 0.065067 
0.004000 0.064147 0.064948 
0.006000 0.064126 0.064707 
0.008000 0.064104 0.064467 
0.009500 0.064104 0.064467 
0.011500 0.064083 0.064227 
0.015000 0.063986 0.063147 
0.017000 0.063847 0.061587 
0.018500 0.063708 0.060027 
0.020000 0.063247 0.054867 
0.021500 0.062947 0.051507 
0.022500 0.062894 0.050907 
0.024000 0.062904 0.051027 
0.028000 0.062958 0.051627 
0.029000 0.062979 0.051867 
0.030000 0.063001 0.052107 
0.031500 0.063033 0.052467 
0.034000 0.063086 0.053067 
0.035000 0.063108 0.053307 
0.036500 0.063129 0.053547 
0.038000 0.063140 0.053667 
0.039500 0.063140 0.053667 
0.040500 0.063129 0.053547 
0.042500 0.063086 0.053067 
0.044000 0.063022 0.052347 
0.045500 0.062979 0.051867 
0.048000 0.062861 0.050547 
0.049500 0.062797 0.049827 
0.051000 0.062658 0.048267 
0.052500 0.062545 0.047005 
0.053500 0.062477 0.046244 
0.056000 0.062273 0.043960 
0.059000 0.061876 0.039520 
0.061500 0.060991 0.029626 
0.063000 0.060525 0.024425 
0.064000 0.060401 0.023029 
0.065000 0.059879 0.017194 
0.066000 0.059278 0.010471 
0.068000 0.057817 -0.004768 
0.069500 0.057737 -0.005577 
0.070500 0.057630 -0.006657 
0.071500 0.057431 -0.008682 
0.072000 0.057325 -0.009762 
0.072500 0.057205 -0.010976 
0.073000 0.057072 -0.012326 
0.073500 0.056979 -0.013271 
-0.032250 0.064250 0.058348 
-0.031250 0.064410 0.060148 
-0.030250 0.064516 0.061348 
-0.029750 0.064644 0.062788 
-0.028750 0.064729 0.063748 
-0.027750 0.064793 0.064468 
-0.026250 0.064814 0.064708 
-0.025750 0.065037 0.067228 
-0.024750 0.065133 0.068308 
-0.023750 0.065186 0.068908 
-0.022750 0.065228 0.069388 
-0.021750 0.065260 0.069748 
-0.020750 0.065282 0.069988 
-0.019750 0.065303 0.070228 
-0.018750 0.065324 0.070468 
-0.017750 0.065335 0.070588 
-0.016750 0.065345 0.070708 
-0.015750 0.065377 0.071068 
-0.014750 0.065377 0.071068 
-0.013750 0.065388 0.071188 
-0.012750 0.065398 0.071308 
-0.011750 0.065398 0.071308 
-0.010750 0.065409 0.071428 
-0.009750 0.065398 0.071308 
-0.008750 0.065398 0.071308 
-0.007750 0.065388 0.071188 
-0.006750 0.065356 0.070828 
-0.005750 0.065345 0.070708 
-0.004750 0.065314 0.070348 
-0.003750 0.065292 0.070108 
-0.002750 0.065250 0.069628 
-0.001750 0.065207 0.069148 
-0.000750 0.065154 0.068548 
0.000250 0.065090 0.067828 
0.001250 0.065058 0.067468 
0.002250 0.064995 0.066748 
0.003250 0.064910 0.065788 
0.004750 0.064867 0.065308 
0.006750 0.064835 0.064948 
0.008750 0.064814 0.064708 
0.010250 0.064793 0.064468 
0.012250 0.064771 0.064228 
0.013250 0.064750 0.063988 
0.014250 0.064708 0.063508 
0.015750 0.064633 0.062668 
0.017750 0.064484 0.060988 
0.019250 0.064336 0.059308 
0.019750 0.064123 0.056908 
0.020250 0.064006 0.055588 
0.020750 0.063772 0.052948 
0.023250 0.063602 0.051028 
0.024750 0.063613 0.051148 
0.025750 0.063634 0.051388 
0.026750 0.063655 0.051628 
0.030750 0.063730 0.052468 
0.032250 0.063762 0.052828 
0.033250 0.063783 0.053068 
0.035750 0.063836 0.053668 
0.037250 0.063857 0.053908 
0.038750 0.063857 0.053908 
0.041250 0.063836 0.053668 
0.043250 0.063719 0.052348 
0.044750 0.063687 0.051988 
0.046250 0.063645 0.051508 
0.047250 0.063602 0.051028 
0.048750 0.063517 0.050068 
0.050250 0.063432 0.049108 
0.051750 0.063302 0.047640 
0.054250 0.063143 0.045864 
0.055250 0.063031 0.044596 
0.056750 0.062906 0.043200 
0.057750 0.062804 0.042058 
0.059750 0.062477 0.038379 
0.060750 0.062307 0.036476 
0.061750 0.061889 0.031782 
0.062250 0.061493 0.027342 
0.064250 0.061018 0.022013 
0.065750 0.060510 0.016304 
0.066750 0.059956 0.010088 
0.067250 0.058526 -0.004904 
0.068750 0.058473 -0.005444 
-0.033000 0.064964 0.058589 
-0.032000 0.065017 0.059189 
-0.031000 0.065186 0.061109 
-0.030500 0.065344 0.062909 
-0.029500 0.065439 0.063989 
-0.028500 0.065513 0.064829 
-0.027500 0.065555 0.065308 
-0.026500 0.065576 0.065549 
-0.025500 0.065819 0.068308 
-0.024500 0.065893 0.069148 
-0.023500 0.065935 0.069628 
-0.022500 0.065977 0.070108 
-0.020500 0.066030 0.070708 
-0.019500 0.066051 0.070948 
-0.018500 0.066072 0.071188 
-0.017500 0.066093 0.071428 
-0.016500 0.066104 0.071548 
-0.015500 0.066125 0.071788 
-0.014500 0.066146 0.072028 
-0.013500 0.066156 0.072148 
-0.012500 0.066177 0.072388 
-0.011500 0.066177 0.072388 
-0.010500 0.066188 0.072508 
-0.009500 0.066188 0.072508 
-0.008000 0.066177 0.072388 
-0.007000 0.066156 0.072148 
-0.006000 0.066135 0.071908 
-0.005000 0.066104 0.071548 
-0.004000 0.066072 0.071188 
-0.003000 0.066040 0.070828 
-0.002000 0.065998 0.070348 
-0.001000 0.065945 0.069748 
0.000000 0.065914 0.069388 
0.001000 0.065850 0.068668 
0.002000 0.065798 0.068068 
0.003000 0.065734 0.067348 
0.004000 0.065639 0.066269 
0.005500 0.065587 0.065669 
0.007500 0.065545 0.065188 
0.009500 0.065513 0.064829 
0.011000 0.065481 0.064469 
0.015000 0.065365 0.063149 
0.016500 0.065291 0.062309 
0.018500 0.065123 0.060389 
0.019500 0.064943 0.058349 
0.020500 0.064585 0.054269 
0.021500 0.064426 0.052469 
0.022500 0.064332 0.051389 
0.024000 0.064321 0.051269 
0.027500 0.064374 0.051869 
0.028500 0.064395 0.052109 
0.029500 0.064416 0.052349 
0.031500 0.064458 0.052829 
0.034000 0.064521 0.053549 
0.035000 0.064543 0.053789 
0.036500 0.064574 0.054149 
0.038000 0.064595 0.054389 
0.039500 0.064574 0.054149 
0.040500 0.064564 0.054029 
0.042000 0.064521 0.053549 
0.044000 0.064384 0.051989 
0.045500 0.064353 0.051629 
0.048000 0.064247 0.050429 
0.049500 0.064163 0.049469 
0.051000 0.064068 0.048389 
0.052500 0.063968 0.047261 
0.053500 0.063900 0.046500 
0.056000 0.063653 0.043709 
0.058500 0.063371 0.040537 
0.059000 0.063292 0.039648 
0.060500 0.063067 0.037111 
0.063000 0.062121 0.026453 
0.063500 0.061806 0.022900 
0.065000 0.061310 0.017318 
0.068000 0.059196 -0.005446 
0.069500 0.059105 -0.006391 
0.070500 0.059013 -0.007335 
0.071500 0.058882 -0.008685 
0.072000 0.058765 -0.009899 
0.073000 0.058516 -0.012464 
0.073500 0.058425 -0.013408 
-0.033250 0.065720 0.059310 
-0.032250 0.065793 0.060150 
-0.031250 0.066086 0.063509 
-0.030250 0.066170 0.064469 
-0.029250 0.066243 0.065309 
-0.028250 0.066306 0.066029 
-0.027250 0.066400 0.067109 
-0.026750 0.066484 0.068069 
-0.025250 0.066578 0.069149 
-0.023250 0.066683 0.070349 
-0.022250 0.066724 0.070828 
-0.021250 0.066745 0.071069 
-0.020250 0.066777 0.071429 
-0.019250 0.066808 0.071788 
-0.018250 0.066829 0.072028 
-0.017250 0.066840 0.072148 
-0.016250 0.066860 0.072388 
-0.015250 0.066881 0.072628 
-0.014250 0.066913 0.072988 
-0.013250 0.066934 0.073228 
-0.012250 0.066944 0.073348 
-0.011250 0.066955 0.073468 
-0.010250 0.066965 0.073588 
-0.009250 0.066955 0.073468 
-0.008250 0.066955 0.073468 
-0.007250 0.066944 0.073348 
-0.006250 0.066913 0.072988 
-0.005250 0.066892 0.072748 
-0.004250 0.066860 0.072388 
-0.003250 0.066819 0.071908 
-0.002250 0.066766 0.071309 
-0.001250 0.066724 0.070828 
-0.000250 0.066683 0.070349 
0.000750 0.066630 0.069749 
0.001750 0.066588 0.069269 
0.002750 0.066546 0.068789 
0.003750 0.066473 0.067949 
0.004250 0.066390 0.066989 
0.006250 0.066306 0.066029 
0.008250 0.066264 0.065549 
0.010250 0.066212 0.064949 
0.011750 0.066170 0.064469 
0.012750 0.066149 0.064229 
0.013750 0.066117 0.063869 
0.015750 0.066034 0.062909 
0.017250 0.065929 0.061709 
0.020250 0.065563 0.057510 
0.023250 0.065029 0.051390 
0.024750 0.065040 0.051511 
0.025750 0.065050 0.051630 
0.026750 0.065081 0.051990 
0.030250 0.065155 0.052830 
0.032250 0.065207 0.053430 
0.033250 0.065228 0.053670 
0.035750 0.065280 0.054270 
0.037250 0.065312 0.054630 
0.038750 0.065312 0.054630 
0.041250 0.065259 0.054030 
0.042750 0.065207 0.053430 
0.043250 0.065113 0.052350 
0.044750 0.065050 0.051630 
0.046250 0.065019 0.051270 
0.047250 0.064977 0.050790 
0.048750 0.064904 0.049951 
0.050250 0.064809 0.048871 
0.051750 0.064713 0.047770 
0.054250 0.064545 0.045867 
0.055250 0.064421 0.044471 
0.056750 0.064275 0.042821 
0.057750 0.064186 0.041806 
0.059250 0.063928 0.038888 
0.059750 0.063849 0.037999 
0.061250 0.063714 0.036477 
0.061750 0.063366 0.032543 
0.062750 0.063254 0.031274 
0.063750 0.062435 0.022011 
0.064250 0.062357 0.021123 
0.065750 0.061874 0.015667 
0.066750 0.061335 0.009576 
0.068750 0.059828 -0.006392 
0.072750 0.059310 -0.011790 
-0.034500 0.066308 0.058111 
-0.033000 0.066495 0.060270 
-0.032500 0.066754 0.063270 
-0.031500 0.066848 0.064350 
-0.030000 0.066941 0.065430 
-0.029000 0.067014 0.066270 
-0.028000 0.067087 0.067109 
-0.026500 0.067243 0.068909 
-0.025000 0.067336 0.069989 
-0.024000 0.067377 0.070469 
-0.021000 0.067492 0.071789 
-0.020000 0.067533 0.072269 
-0.019000 0.067554 0.072508 
-0.018000 0.067595 0.072989 
-0.017000 0.067616 0.073228 
-0.016000 0.067658 0.073708 
-0.015000 0.067699 0.074188 
-0.013500 0.067710 0.074308 
-0.012500 0.067710 0.074308 
-0.011500 0.067720 0.074428 
-0.010500 0.067730 0.074548 
-0.009500 0.067720 0.074428 
-0.008000 0.067710 0.074308 
-0.007000 0.067699 0.074188 
-0.006000 0.067668 0.073828 
-0.005000 0.067647 0.073588 
-0.003500 0.067575 0.072748 
-0.002500 0.067544 0.072388 
-0.001500 0.067492 0.071789 
-0.000500 0.067460 0.071429 
0.000500 0.067419 0.070949 
0.001500 0.067367 0.070349 
0.002500 0.067305 0.069629 
0.003500 0.067253 0.069029 
0.004500 0.067139 0.067709 
0.005500 0.067045 0.066629 
0.007000 0.067014 0.066270 
0.009000 0.066973 0.065790 
0.011000 0.066900 0.064950 
0.014500 0.066786 0.063630 
0.016500 0.066682 0.062430 
0.018000 0.066547 0.060870 
0.019000 0.066433 0.059551 
0.021000 0.065914 0.053551 
0.022000 0.065810 0.052352 
0.024000 0.065747 0.051632 
0.027500 0.065810 0.052352 
0.028500 0.065830 0.052591 
0.029500 0.065862 0.052951 
0.031000 0.065893 0.053311 
0.034000 0.065966 0.054151 
0.035000 0.065986 0.054391 
0.036500 0.066017 0.054751 
0.038000 0.066028 0.054871 
0.039500 0.066017 0.054751 
0.040500 0.065997 0.054511 
0.042000 0.065966 0.054151 
0.044000 0.065758 0.051752 
0.045500 0.065727 0.051392 
0.048000 0.065633 0.050312 
0.049500 0.065550 0.049352 
0.051000 0.065457 0.048272 
0.052500 0.065357 0.047137 
0.053500 0.065301 0.046503 
0.055500 0.065055 0.043711 
0.058500 0.064731 0.040030 
0.060500 0.064451 0.036858 
0.062500 0.064038 0.032162 
0.063500 0.063546 0.026579 
0.064000 0.062998 0.020360 
0.064500 0.062786 0.017949 
0.067500 0.062003 0.009066 
0.068000 0.060539 -0.006529 
0.069000 0.060475 -0.007204 
0.070000 0.060424 -0.007743 
0.071000 0.060308 -0.008958 
0.072000 0.060167 -0.010442 
0.073000 0.059910 -0.013141 
-0.035250 0.067032 0.058472 
-0.034250 0.067063 0.058832 
-0.033750 0.067372 0.062431 
-0.033250 0.067454 0.063391 
-0.032250 0.067526 0.064230 
-0.030750 0.067619 0.065310 
-0.029750 0.067701 0.066270 
-0.028750 0.067794 0.067350 
-0.027750 0.067897 0.068549 
-0.026250 0.068000 0.069749 
-0.023750 0.068134 0.071309 
-0.022750 0.068186 0.071909 
-0.021750 0.068216 0.072269 
-0.020750 0.068258 0.072749 
-0.019750 0.068319 0.073468 
-0.018750 0.068371 0.074068 
-0.017750 0.068402 0.074428 
-0.016750 0.068433 0.074788 
-0.015750 0.068443 0.074908 
-0.014750 0.068464 0.075148 
-0.013750 0.068474 0.075268 
-0.012750 0.068484 0.075388 
-0.011750 0.068484 0.075388 
-0.010750 0.068474 0.075268 
-0.009750 0.068474 0.075268 
-0.008750 0.068464 0.075148 
-0.007750 0.068464 0.075148 
-0.006750 0.068443 0.074908 
-0.005750 0.068422 0.074668 
-0.004250 0.068371 0.074068 
-0.003250 0.068330 0.073588 
-0.001750 0.068268 0.072869 
-0.000750 0.068227 0.072389 
0.000250 0.068165 0.071669 
0.001250 0.068124 0.071189 
0.002250 0.068082 0.070709 
0.003250 0.068010 0.069869 
0.004250 0.067928 0.068909 
0.005250 0.067794 0.067350 
0.006250 0.067743 0.066750 
0.007750 0.067722 0.066510 
0.009750 0.067671 0.065910 
0.011750 0.067588 0.064950 
0.012750 0.067547 0.064470 
0.013750 0.067506 0.063990 
0.015250 0.067454 0.063391 
0.017250 0.067310 0.061711 
0.019750 0.067042 0.058591 
0.020750 0.066929 0.057272 
0.022750 0.066465 0.051873 
0.024750 0.066455 0.051753 
0.025750 0.066476 0.051993 
0.026750 0.066507 0.052353 
0.030250 0.066589 0.053313 
0.031750 0.066630 0.053792 
0.032750 0.066651 0.054032 
0.035750 0.066723 0.054872 
0.037250 0.066754 0.055232 
0.038750 0.066754 0.055232 
0.041250 0.066692 0.054512 
0.042750 0.066651 0.054032 
0.044750 0.066435 0.051513 
0.046250 0.066393 0.051033 
0.047250 0.066363 0.050673 
0.048750 0.066290 0.049833 
0.050250 0.066208 0.048873 
0.051750 0.066113 0.047773 
0.054250 0.065946 0.045869 
0.055250 0.065823 0.044473 
0.056250 0.065689 0.042950 
0.057250 0.065578 0.041681 
0.059250 0.065300 0.038508 
0.061250 0.064910 0.034066 
0.062250 0.064798 0.032797 
0.065250 0.063384 0.016679 
0.065750 0.063262 0.015282 
0.066250 0.062816 0.010206 
0.070250 0.061072 -0.008554 
0.071250 0.060957 -0.009769 
0.072250 0.060792 -0.011523 
-0.036000 0.067735 0.058592 
-0.035000 0.067827 0.059672 
-0.034500 0.068031 0.062071 
-0.031500 0.068287 0.065071 
-0.029500 0.068481 0.067350 
-0.027500 0.068665 0.069510 
-0.026500 0.068746 0.070469 
-0.025500 0.068787 0.070949 
-0.024500 0.068859 0.071789 
-0.023500 0.068910 0.072389 
-0.022500 0.068961 0.072989 
-0.021500 0.069012 0.073589 
-0.020500 0.069073 0.074308 
-0.019500 0.069104 0.074668 
-0.018500 0.069155 0.075268 
-0.017500 0.069186 0.075628 
-0.016500 0.069196 0.075748 
-0.015500 0.069216 0.075988 
-0.014500 0.069227 0.076108 
-0.013000 0.069237 0.076228 
-0.012000 0.069237 0.076228 
-0.011000 0.069237 0.076228 
-0.010000 0.069227 0.076108 
-0.009000 0.069227 0.076108 
-0.008000 0.069206 0.075868 
-0.007000 0.069186 0.075628 
-0.006000 0.069175 0.075508 
-0.005000 0.069135 0.075028 
-0.003500 0.069083 0.074428 
-0.002500 0.069032 0.073829 
-0.001000 0.068971 0.073109 
0.000000 0.068940 0.072749 
0.001000 0.068889 0.072149 
0.002000 0.068838 0.071549 
0.003000 0.068757 0.070589 
0.004000 0.068675 0.069630 
0.005000 0.068573 0.068430 
0.007000 0.068440 0.066870 
0.008500 0.068419 0.066630 
0.010500 0.068358 0.065911 
0.014500 0.068184 0.063871 
0.016000 0.068093 0.062791 
0.018000 0.067929 0.060872 
0.019000 0.067847 0.059912 
0.020500 0.067684 0.057992 
0.021000 0.067418 0.054873 
0.021500 0.067336 0.053914 
0.022000 0.067224 0.052594 
0.023500 0.067173 0.051994 
0.027500 0.067234 0.052714 
0.028500 0.067265 0.053074 
0.029500 0.067295 0.053434 
0.031000 0.067326 0.053794 
0.033500 0.067387 0.054513 
0.034500 0.067408 0.054753 
0.036500 0.067459 0.055353 
0.038000 0.067469 0.055473 
0.039500 0.067449 0.055233 
0.040500 0.067439 0.055113 
0.042000 0.067398 0.054633 
0.043500 0.067336 0.053914 
0.044000 0.067132 0.051514 
0.045500 0.067122 0.051394 
0.048000 0.067020 0.050194 
0.049500 0.066938 0.049235 
0.051000 0.066856 0.048275 
0.052500 0.066757 0.047140 
0.053500 0.066691 0.046378 
0.056500 0.066325 0.042189 
0.058000 0.066180 0.040539 
0.060000 0.065925 0.037620 
0.061000 0.065725 0.035335 
0.062000 0.065559 0.033431 
0.063000 0.065403 0.031654 
0.063500 0.064993 0.026958 
0.064000 0.064871 0.025562 
0.064500 0.064172 0.017565 
0.067000 0.063428 0.009061 
0.068000 0.061873 -0.007746 
0.069000 0.061836 -0.008151 
0.071500 0.061608 -0.010580 
0.072500 0.061431 -0.012468 
0.073000 0.061330 -0.013548 
0.073500 0.061179 -0.015167 
-0.036750 0.068407 0.058353 
-0.035750 0.068539 0.059913 
-0.035250 0.068671 0.061472 
-0.034250 0.068823 0.063272 
-0.033250 0.068894 0.064112 
-0.032250 0.068954 0.064831 
-0.030750 0.069056 0.066031 
-0.030250 0.069238 0.068190 
-0.029750 0.069350 0.069510 
-0.028750 0.069431 0.070470 
-0.027750 0.069471 0.070950 
-0.026750 0.069542 0.071789 
-0.025750 0.069603 0.072509 
-0.024750 0.069644 0.072989 
-0.023750 0.069694 0.073589 
-0.022750 0.069735 0.074069 
-0.021750 0.069785 0.074668 
-0.020750 0.069816 0.075028 
-0.019750 0.069867 0.075628 
-0.018750 0.069897 0.075988 
-0.017250 0.069937 0.076468 
-0.016250 0.069948 0.076588 
-0.015250 0.069968 0.076828 
-0.014250 0.069978 0.076948 
-0.013250 0.069988 0.077068 
-0.012250 0.069998 0.077188 
-0.011250 0.069988 0.077068 
-0.010250 0.069978 0.076948 
-0.009250 0.069968 0.076828 
-0.008250 0.069958 0.076708 
-0.007250 0.069927 0.076348 
-0.005250 0.069887 0.075868 
-0.004250 0.069856 0.075508 
-0.002750 0.069785 0.074668 
-0.001750 0.069735 0.074069 
-0.000250 0.069684 0.073469 
0.000750 0.069644 0.072989 
0.001750 0.069583 0.072269 
0.002750 0.069522 0.071549 
0.003750 0.069431 0.070470 
0.004750 0.069350 0.069510 
0.005750 0.069228 0.068070 
0.007750 0.069137 0.066991 
0.009250 0.069106 0.066631 
0.011250 0.069056 0.066031 
0.012250 0.069005 0.065431 
0.013250 0.068975 0.065071 
0.015250 0.068853 0.063632 
0.016750 0.068732 0.062192 
0.019750 0.068458 0.058953 
0.022750 0.067901 0.052355 
0.024250 0.067890 0.052235 
0.025250 0.067901 0.052355 
0.026250 0.067921 0.052595 
0.030250 0.068022 0.053795 
0.031750 0.068053 0.054155 
0.032750 0.068093 0.054635 
0.035250 0.068144 0.055234 
0.037250 0.068174 0.055594 
0.038750 0.068184 0.055714 
0.041250 0.068123 0.054994 
0.042750 0.068083 0.054515 
0.044750 0.067860 0.051875 
0.046250 0.067819 0.051395 
0.047250 0.067769 0.050796 
0.048750 0.067698 0.049956 
0.050250 0.067617 0.048996 
0.051750 0.067524 0.047902 
0.054250 0.067336 0.045745 
0.055250 0.067236 0.044602 
0.055750 0.067126 0.043333 
0.057250 0.066960 0.041429 
0.058750 0.066772 0.039271 
0.060750 0.066551 0.036732 
0.061750 0.066319 0.034066 
0.064250 0.065412 0.023657 
0.065250 0.064716 0.015660 
0.066250 0.064240 0.010201 
0.067750 0.064041 0.007916 
0.069750 0.062461 -0.009232 
0.070750 0.062360 -0.010311 
0.071750 0.062235 -0.011660 
-0.036500 0.069180 0.059314 
-0.036000 0.069301 0.060753 
-0.031500 0.069944 0.068431 
-0.031000 0.070035 0.069510 
-0.030000 0.070125 0.070590 
-0.029000 0.070206 0.071550 
-0.028000 0.070266 0.072269 
-0.027000 0.070306 0.072749 
-0.026000 0.070357 0.073349 
-0.025000 0.070407 0.073949 
-0.024000 0.070447 0.074429 
-0.023000 0.070487 0.074908 
-0.022000 0.070527 0.075388 
-0.021000 0.070568 0.075868 
-0.020000 0.070608 0.076348 
-0.019000 0.070638 0.076708 
-0.018000 0.070668 0.077068 
-0.017000 0.070688 0.077308 
-0.016000 0.070708 0.077547 
-0.015000 0.070718 0.077667 
-0.013500 0.070728 0.077787 
-0.012000 0.070738 0.077907 
-0.011000 0.070728 0.077787 
-0.010000 0.070718 0.077667 
-0.009000 0.070708 0.077547 
-0.008000 0.070698 0.077427 
-0.007000 0.070668 0.077068 
-0.006000 0.070628 0.076588 
-0.004500 0.070598 0.076228 
-0.003500 0.070557 0.075748 
-0.002000 0.070497 0.075028 
-0.001000 0.070447 0.074429 
0.000500 0.070397 0.073829 
0.001500 0.070346 0.073229 
0.002500 0.070266 0.072269 
0.003500 0.070186 0.071310 
0.004500 0.070095 0.070230 
0.005500 0.070025 0.069390 
0.006500 0.069884 0.067711 
0.008500 0.069824 0.066991 
0.010000 0.069794 0.066631 
0.014000 0.069663 0.065072 
0.016000 0.069482 0.062913 
0.017500 0.069371 0.061593 
0.018500 0.069291 0.060633 
0.020500 0.069090 0.058234 
0.021500 0.068758 0.054276 
0.023500 0.068608 0.052476 
0.027000 0.068658 0.053076 
0.028000 0.068678 0.053316 
0.029000 0.068708 0.053676 
0.031000 0.068748 0.054156 
0.033500 0.068819 0.054995 
0.034500 0.068839 0.055235 
0.036000 0.068869 0.055595 
0.038000 0.068899 0.055955 
0.039500 0.068879 0.055715 
0.040500 0.068849 0.055355 
0.042000 0.068819 0.054995 
0.043500 0.068748 0.054156 
0.045500 0.068567 0.051996 
0.048000 0.068457 0.050677 
0.049500 0.068376 0.049717 
0.051000 0.068296 0.048758 
0.052500 0.068201 0.047650 
0.053500 0.068125 0.046761 
0.056500 0.067717 0.042064 
0.058000 0.067585 0.040541 
0.059500 0.067420 0.038636 
0.061500 0.067111 0.035082 
0.062500 0.066902 0.032670 
0.063000 0.066649 0.029750 
0.063500 0.066495 0.027973 
0.064000 0.066406 0.026957 
0.065000 0.065492 0.016420 
0.065500 0.065349 0.014770 
0.066000 0.065206 0.013119 
0.066500 0.064887 0.009438 
0.068000 0.063236 -0.008694 
0.069000 0.063187 -0.009233 
0.071000 0.063013 -0.011122 
0.072000 0.062877 -0.012606 
0.072500 0.062765 -0.013820 
0.073000 0.062653 -0.015034 
-0.037750 0.069763 0.057995 
-0.037250 0.069843 0.058955 
-0.035750 0.070052 0.061474 
-0.034750 0.070221 0.063513 
-0.033750 0.070321 0.064713 
-0.033250 0.070520 0.067112 
-0.032250 0.070700 0.069271 
-0.031250 0.070800 0.070470 
-0.030250 0.070889 0.071550 
-0.029250 0.070959 0.072389 
-0.028250 0.071009 0.072989 
-0.027250 0.071059 0.073589 
-0.025750 0.071119 0.074309 
-0.024750 0.071159 0.074789 
-0.023750 0.071189 0.075148 
-0.022750 0.071238 0.075748 
-0.021750 0.071278 0.076228 
-0.020750 0.071328 0.076828 
-0.019750 0.071368 0.077307 
-0.018750 0.071388 0.077547 
-0.017750 0.071418 0.077907 
-0.016750 0.071428 0.078027 
-0.015750 0.071448 0.078267 
-0.014750 0.071458 0.078387 
-0.013750 0.071468 0.078507 
-0.012750 0.071468 0.078507 
-0.011750 0.071478 0.078627 
-0.010750 0.071468 0.078507 
-0.009750 0.071468 0.078507 
-0.008750 0.071448 0.078267 
-0.007250 0.071418 0.077907 
-0.006250 0.071388 0.077547 
-0.005250 0.071358 0.077188 
-0.003750 0.071298 0.076468 
-0.002750 0.071268 0.076108 
-0.001250 0.071199 0.075268 
-0.000250 0.071159 0.074789 
0.001250 0.071089 0.073949 
0.002250 0.071029 0.073229 
0.003250 0.070959 0.072389 
0.004250 0.070869 0.071310 
0.005250 0.070800 0.070470 
0.006250 0.070720 0.069511 
0.007250 0.070570 0.067711 
0.009250 0.070511 0.066992 
0.010750 0.070491 0.066752 
0.011750 0.070461 0.066392 
0.012750 0.070431 0.066032 
0.014750 0.070331 0.064833 
0.016750 0.070122 0.062314 
0.019250 0.069942 0.060154 
0.019750 0.069863 0.059195 
0.021250 0.069554 0.055476 
0.022250 0.069394 0.053557 
0.024250 0.069314 0.052597 
0.025250 0.069324 0.052717 
0.026250 0.069344 0.052957 
0.029750 0.069434 0.054037 
0.031750 0.069484 0.054637 
0.032750 0.069514 0.054997 
0.035250 0.069564 0.055596 
0.036750 0.069593 0.055956 
0.038750 0.069593 0.055956 
0.041250 0.069544 0.055356 
0.042750 0.069494 0.054757 
0.044250 0.069284 0.052238 
0.046250 0.069254 0.051878 
0.047250 0.069224 0.051518 
0.048750 0.069165 0.050798 
0.050250 0.069095 0.049959 
0.051750 0.069005 0.048879 
0.053250 0.068902 0.047651 
0.054250 0.068770 0.046128 
0.055250 0.068660 0.044858 
0.055750 0.068572 0.043842 
0.057250 0.068364 0.041430 
0.058750 0.068210 0.039653 
0.060250 0.068068 0.038002 
0.060750 0.067991 0.037113 
0.061250 0.067892 0.035971 
0.062750 0.067464 0.031019 
0.064750 0.066872 0.024163 
0.066250 0.065797 0.011721 
0.066750 0.065522 0.008546 
0.067250 0.065445 0.007658 
0.069750 0.063802 -0.010449 
0.071250 0.063642 -0.012202 
-0.038500 0.070011 0.052599 
-0.037000 0.070604 0.059795 
-0.036500 0.070693 0.060875 
-0.035000 0.071158 0.066512 
-0.034000 0.071257 0.067712 
-0.033000 0.071395 0.069391 
-0.032000 0.071504 0.070710 
-0.031000 0.071583 0.071670 
-0.030000 0.071652 0.072510 
-0.029000 0.071712 0.073229 
-0.028000 0.071761 0.073829 
-0.027000 0.071801 0.074309 
-0.023500 0.071929 0.075868 
-0.022500 0.071979 0.076468 
-0.021500 0.072028 0.077068 
-0.020500 0.072067 0.077547 
-0.019500 0.072107 0.078027 
-0.018500 0.072127 0.078267 
-0.017500 0.072156 0.078627 
-0.016500 0.072166 0.078747 
-0.015500 0.072196 0.079107 
-0.014500 0.072196 0.079107 
-0.013500 0.072206 0.079227 
-0.012500 0.072206 0.079227 
-0.011000 0.072206 0.079227 
-0.010000 0.072206 0.079227 
-0.009000 0.072186 0.078987 
-0.008000 0.072166 0.078747 
-0.006500 0.072127 0.078267 
-0.005500 0.072097 0.077907 
-0.004500 0.072058 0.077427 
-0.003000 0.072008 0.076828 
-0.002000 0.071969 0.076348 
-0.000500 0.071899 0.075508 
0.000500 0.071870 0.075148 
0.001500 0.071830 0.074669 
0.003000 0.071721 0.073349 
0.004000 0.071652 0.072510 
0.005000 0.071553 0.071310 
0.006000 0.071484 0.070470 
0.007000 0.071395 0.069391 
0.008000 0.071257 0.067712 
0.010000 0.071207 0.067112 
0.013500 0.071108 0.065913 
0.015500 0.070950 0.063993 
0.016000 0.070871 0.063034 
0.017500 0.070753 0.061595 
0.018500 0.070693 0.060875 
0.020500 0.070496 0.058476 
0.021000 0.070337 0.056557 
0.021500 0.070179 0.054638 
0.023000 0.070031 0.052839 
0.027000 0.070080 0.053438 
0.028000 0.070100 0.053678 
0.029000 0.070130 0.054038 
0.030500 0.070159 0.054398 
0.033500 0.070238 0.055357 
0.034500 0.070258 0.055597 
0.036000 0.070288 0.055957 
0.037500 0.070308 0.056197 
0.039500 0.070288 0.055957 
0.040500 0.070268 0.055717 
0.042000 0.070229 0.055237 
0.043500 0.070159 0.054398 
0.045000 0.070001 0.052479 
0.048000 0.069912 0.051399 
0.049500 0.069873 0.050919 
0.051000 0.069803 0.050080 
0.052500 0.069714 0.049000 
0.054000 0.069591 0.047526 
0.055000 0.069437 0.045748 
0.056500 0.069208 0.043082 
0.058000 0.069000 0.040669 
0.059500 0.068880 0.039272 
0.062000 0.068421 0.033939 
0.062500 0.068268 0.032162 
0.063500 0.068017 0.029241 
0.064000 0.067918 0.028098 
0.065500 0.066607 0.012861 
0.068000 0.064578 -0.009911 
0.069000 0.064541 -0.010315 
0.070000 0.064456 -0.011259 
0.071500 0.064286 -0.013148 
0.072500 0.064115 -0.015036 
0.073000 0.064017 -0.016115 
-0.039750 0.070835 0.054159 
-0.039250 0.071080 0.057158 
-0.038250 0.071208 0.058717 
-0.036250 0.071718 0.064954 
-0.035750 0.071855 0.066633 
-0.034750 0.071963 0.067952 
-0.033750 0.072090 0.069511 
-0.032750 0.072188 0.070711 
-0.031750 0.072267 0.071670 
-0.030750 0.072345 0.072630 
-0.029750 0.072404 0.073349 
-0.028750 0.072453 0.073949 
-0.026250 0.072541 0.075029 
-0.025250 0.072580 0.075508 
-0.024250 0.072629 0.076108 
-0.023250 0.072688 0.076828 
-0.022250 0.072737 0.077427 
-0.021250 0.072776 0.077907 
-0.020250 0.072806 0.078267 
-0.019250 0.072845 0.078747 
-0.018250 0.072875 0.079107 
-0.017250 0.072894 0.079346 
-0.016250 0.072904 0.079466 
-0.014750 0.072933 0.079826 
-0.012250 0.072943 0.079946 
-0.008250 0.072904 0.079466 
-0.007250 0.072875 0.079107 
-0.005750 0.072835 0.078627 
-0.004750 0.072796 0.078147 
-0.003750 0.072776 0.077907 
-0.002250 0.072718 0.077187 
-0.001250 0.072678 0.076708 
0.000250 0.072610 0.075868 
0.001250 0.072580 0.075508 
0.002250 0.072531 0.074909 
0.003250 0.072472 0.074189 
0.004750 0.072316 0.072270 
0.005750 0.072237 0.071310 
0.006750 0.072188 0.070711 
0.007750 0.072110 0.069751 
0.008750 0.072002 0.068432 
0.010750 0.071904 0.067232 
0.011750 0.071874 0.066873 
0.012750 0.071835 0.066393 
0.014250 0.071767 0.065553 
0.016750 0.071512 0.062435 
0.019250 0.071325 0.060156 
0.022250 0.070806 0.053799 
0.023750 0.070757 0.053199 
0.024750 0.070737 0.052960 
0.025750 0.070757 0.053199 
0.029750 0.070855 0.054399 
0.031250 0.070894 0.054879 
0.032250 0.070923 0.055238 
0.035250 0.070992 0.056078 
0.036750 0.071012 0.056318 
0.038250 0.071012 0.056318 
0.041250 0.070963 0.055718 
0.042750 0.070914 0.055119 
0.044250 0.070757 0.053199 
0.045750 0.070698 0.052480 
0.046750 0.070678 0.052240 
0.048750 0.070620 0.051520 
0.050250 0.070570 0.050921 
0.051750 0.070502 0.050081 
0.053250 0.070404 0.048882 
0.054750 0.070258 0.047146 
0.055750 0.069986 0.043971 
0.056750 0.069844 0.042321 
0.057250 0.069757 0.041305 
0.058750 0.069670 0.040289 
0.060250 0.069518 0.038511 
0.061250 0.069354 0.036606 
0.061750 0.069180 0.034574 
0.063250 0.068908 0.031400 
0.064250 0.068352 0.024923 
0.065250 0.068298 0.024288 
0.066250 0.067242 0.011970 
0.067250 0.066795 0.006764 
0.069250 0.065184 -0.011261 
0.070250 0.065087 -0.012340 
0.071750 0.064906 -0.014363 
-0.040500 0.071580 0.054760 
-0.040000 0.071793 0.057398 
-0.039000 0.071891 0.058598 
-0.038000 0.071988 0.059797 
-0.037000 0.072484 0.065914 
-0.036000 0.072610 0.067473 
-0.035000 0.072707 0.068672 
-0.033500 0.072843 0.070351 
-0.032500 0.072931 0.071431 
-0.031500 0.073009 0.072390 
-0.028000 0.073193 0.074669 
-0.027000 0.073232 0.075149 
-0.024000 0.073378 0.076948 
-0.023000 0.073427 0.077547 
-0.015500 0.073641 0.080186 
-0.014000 0.073650 0.080306 
-0.013000 0.073660 0.080426 
-0.011500 0.073660 0.080426 
-0.010500 0.073660 0.080426 
-0.009500 0.073650 0.080306 
-0.007500 0.073611 0.079826 
-0.006500 0.073572 0.079346 
-0.003000 0.073475 0.078147 
-0.001500 0.073427 0.077547 
-0.000500 0.073378 0.076948 
0.001000 0.073329 0.076348 
0.002000 0.073281 0.075748 
0.003000 0.073242 0.075268 
0.004000 0.073174 0.074429 
0.004500 0.073096 0.073469 
0.005500 0.072979 0.072030 
0.007500 0.072892 0.070951 
0.008500 0.072824 0.070111 
0.009500 0.072736 0.069032 
0.010000 0.072629 0.067713 
0.013500 0.072503 0.066153 
0.015000 0.072416 0.065074 
0.016000 0.072309 0.063755 
0.017500 0.072153 0.061836 
0.018500 0.072085 0.060996 
0.020000 0.071959 0.059437 
0.021000 0.071813 0.057638 
0.021500 0.071667 0.055839 
0.022000 0.071560 0.054520 
0.023000 0.071473 0.053441 
0.026500 0.071492 0.053680 
0.027500 0.071521 0.054040 
0.028500 0.071541 0.054280 
0.030500 0.071589 0.054880 
0.033000 0.071648 0.055599 
0.034000 0.071677 0.055959 
0.036000 0.071706 0.056319 
0.037500 0.071725 0.056559 
0.039000 0.071716 0.056439 
0.040000 0.071696 0.056199 
0.042000 0.071657 0.055719 
0.043500 0.071570 0.054640 
0.045000 0.071453 0.053201 
0.047500 0.071366 0.052121 
0.049500 0.071307 0.051402 
0.051000 0.071259 0.050802 
0.052500 0.071191 0.049962 
0.054000 0.071084 0.048643 
0.055500 0.070915 0.046639 
0.056500 0.070687 0.043972 
0.058000 0.070437 0.041051 
0.059500 0.070340 0.039908 
0.062000 0.069765 0.033177 
0.063000 0.069678 0.032161 
0.064000 0.069168 0.026192 
0.065000 0.069082 0.025176 
0.067000 0.067856 0.010825 
0.068000 0.065924 -0.011127 
0.069500 0.065828 -0.012206 
0.070500 0.065732 -0.013285 
0.072000 0.065517 -0.015712 
-0.041250 0.072275 0.054761 
-0.040750 0.072554 0.058239 
-0.039750 0.072603 0.058838 
-0.038250 0.072805 0.061357 
-0.037750 0.073181 0.066034 
-0.036750 0.073287 0.067353 
-0.035750 0.073383 0.068553 
-0.034750 0.073470 0.069632 
-0.033250 0.073586 0.071071 
-0.030750 0.073769 0.073350 
-0.029750 0.073827 0.074069 
-0.028750 0.073875 0.074669 
-0.026250 0.073962 0.075748 
-0.025250 0.074019 0.076468 
-0.023750 0.074125 0.077787 
-0.022750 0.074164 0.078267 
-0.021750 0.074203 0.078746 
-0.020750 0.074231 0.079106 
-0.019750 0.074260 0.079466 
-0.018750 0.074299 0.079946 
-0.017750 0.074318 0.080186 
-0.016750 0.074328 0.080305 
-0.014750 0.074357 0.080665 
-0.012250 0.074376 0.080905 
-0.008750 0.074357 0.080665 
-0.005750 0.074260 0.079466 
-0.004750 0.074231 0.079106 
-0.003750 0.074203 0.078746 
-0.002250 0.074164 0.078267 
-0.000750 0.074116 0.077667 
0.000250 0.074087 0.077307 
0.001750 0.074019 0.076468 
0.003750 0.073933 0.075388 
0.005250 0.073779 0.073470 
0.006250 0.073663 0.072030 
0.007250 0.073634 0.071671 
0.008250 0.073586 0.071071 
0.009250 0.073537 0.070471 
0.010250 0.073422 0.069032 
0.010750 0.073325 0.067833 
0.011750 0.073268 0.067113 
0.012750 0.073229 0.066634 
0.014250 0.073162 0.065794 
0.015750 0.073055 0.064475 
0.016750 0.072930 0.062916 
0.019250 0.072718 0.060277 
0.020750 0.072574 0.058479 
0.023750 0.072178 0.053562 
0.024750 0.072178 0.053562 
0.025750 0.072198 0.053801 
0.029250 0.072265 0.054641 
0.031250 0.072323 0.055360 
0.032250 0.072352 0.055720 
0.034750 0.072410 0.056440 
0.036750 0.072429 0.056680 
0.038250 0.072429 0.056680 
0.040750 0.072400 0.056320 
0.042750 0.072333 0.055480 
0.044250 0.072227 0.054161 
0.045750 0.072159 0.053322 
0.046750 0.072101 0.052602 
0.048250 0.072043 0.051883 
0.050250 0.071986 0.051163 
0.051750 0.071928 0.050443 
0.053250 0.071851 0.049484 
0.054750 0.071745 0.048165 
0.057250 0.071183 0.041560 
0.058750 0.071118 0.040798 
0.060250 0.070977 0.039147 
0.060750 0.070902 0.038258 
0.061250 0.070804 0.037115 
0.061750 0.070718 0.036099 
0.062750 0.070459 0.033050 
0.063750 0.070329 0.031526 
0.064750 0.069864 0.026065 
0.065750 0.069746 0.024668 
0.066250 0.068633 0.011585 
0.068250 0.066580 -0.011937 
0.069750 0.066462 -0.013286 
0.070750 0.066343 -0.014634 
0.072250 0.066142 -0.016927 
-0.041500 0.073285 0.058719 
-0.040500 0.073324 0.059199 
-0.039500 0.073591 0.062557 
-0.039000 0.073668 0.063516 
-0.038500 0.073830 0.065555 
-0.037500 0.073964 0.067234 
-0.036500 0.074050 0.068313 
-0.035500 0.074126 0.069272 
-0.034500 0.074212 0.070352 
-0.032500 0.074356 0.072151 
-0.031500 0.074423 0.072990 
-0.028000 0.074604 0.075268 
-0.027000 0.074642 0.075748 
-0.026000 0.074700 0.076468 
-0.025000 0.074786 0.077547 
-0.016000 0.075053 0.080905 
-0.014000 0.075082 0.081265 
-0.013000 0.075082 0.081265 
-0.011500 0.075082 0.081265 
-0.010500 0.075082 0.081265 
-0.009500 0.075072 0.081145 
-0.008000 0.075044 0.080785 
-0.007000 0.075015 0.080425 
-0.003000 0.074891 0.078866 
-0.001500 0.074853 0.078387 
0.001000 0.074776 0.077427 
0.002500 0.074700 0.076468 
0.004500 0.074585 0.075029 
0.006000 0.074413 0.072870 
0.010000 0.074212 0.070352 
0.011500 0.074021 0.067953 
0.013500 0.073887 0.066274 
0.015000 0.073811 0.065315 
0.016500 0.073687 0.063756 
0.017500 0.073553 0.062077 
0.018500 0.073448 0.060758 
0.020000 0.073352 0.059559 
0.021500 0.073037 0.055601 
0.022500 0.072932 0.054282 
0.026500 0.072932 0.054282 
0.027500 0.072951 0.054522 
0.028500 0.072970 0.054762 
0.030000 0.072999 0.055122 
0.033000 0.073085 0.056201 
0.034000 0.073113 0.056561 
0.035500 0.073142 0.056920 
0.037500 0.073142 0.056920 
0.039000 0.073123 0.056681 
0.040000 0.073113 0.056561 
0.041500 0.073085 0.056201 
0.043500 0.072989 0.055002 
0.045000 0.072922 0.054162 
0.047500 0.072769 0.052244 
0.049000 0.072712 0.051524 
0.051000 0.072664 0.050924 
0.052500 0.072607 0.050205 
0.054000 0.072521 0.049126 
0.055500 0.072380 0.047404 
0.056500 0.072175 0.044991 
0.058000 0.071885 0.041561 
0.059500 0.071777 0.040291 
0.062000 0.071217 0.033686 
0.063500 0.071088 0.032161 
0.064000 0.070690 0.027461 
0.065500 0.070550 0.025810 
0.067000 0.069237 0.010313 
0.068500 0.067215 -0.013017 
0.070000 0.067097 -0.014366 
0.071000 0.066968 -0.015849 
0.071500 0.066874 -0.016927 
-0.042250 0.073968 0.058600 
-0.039750 0.074433 0.064476 
-0.039250 0.074509 0.065435 
-0.038250 0.074594 0.066515 
-0.037250 0.074726 0.068194 
-0.036250 0.074793 0.069033 
-0.033750 0.074963 0.071191 
-0.030750 0.075172 0.073830 
-0.029750 0.075238 0.074669 
-0.028750 0.075285 0.075268 
-0.026750 0.075390 0.076588 
-0.025750 0.075475 0.077667 
-0.024250 0.075532 0.078386 
-0.023250 0.075570 0.078866 
-0.022250 0.075608 0.079346 
-0.021250 0.075626 0.079586 
-0.020250 0.075664 0.080065 
-0.019250 0.075693 0.080425 
-0.018250 0.075721 0.080785 
-0.017250 0.075740 0.081024 
-0.015250 0.075769 0.081384 
-0.012250 0.075797 0.081744 
-0.008750 0.075778 0.081504 
-0.006250 0.075693 0.080425 
-0.005250 0.075674 0.080185 
-0.004250 0.075645 0.079825 
-0.002250 0.075589 0.079106 
-0.000750 0.075541 0.078506 
0.000250 0.075503 0.078027 
0.001750 0.075446 0.077307 
0.003250 0.075390 0.076588 
0.004250 0.075333 0.075868 
0.005250 0.075266 0.075029 
0.006750 0.075077 0.072630 
0.007750 0.075029 0.072031 
0.008750 0.074992 0.071551 
0.010750 0.074878 0.070112 
0.011250 0.074793 0.069033 
0.012250 0.074641 0.067114 
0.014250 0.074546 0.065915 
0.015750 0.074461 0.064836 
0.017250 0.074319 0.063037 
0.019250 0.074092 0.060159 
0.020750 0.073968 0.058600 
0.021250 0.073883 0.057521 
0.022250 0.073684 0.055003 
0.023250 0.073627 0.054283 
0.024250 0.073608 0.054044 
0.025250 0.073627 0.054283 
0.029250 0.073703 0.055243 
0.030750 0.073741 0.055722 
0.031750 0.073770 0.056082 
0.034750 0.073855 0.057161 
0.036250 0.073864 0.057281 
0.038250 0.073845 0.057041 
0.040750 0.073807 0.056562 
0.042250 0.073770 0.056082 
0.044250 0.073675 0.054883 
0.045750 0.073608 0.054044 
0.046750 0.073552 0.053324 
0.048250 0.073438 0.051885 
0.049750 0.073390 0.051285 
0.051750 0.073334 0.050566 
0.053250 0.073267 0.049727 
0.054750 0.073173 0.048527 
0.056250 0.073005 0.046516 
0.057250 0.072597 0.041689 
0.058750 0.072544 0.041054 
0.060250 0.072426 0.039656 
0.060750 0.072340 0.038640 
0.061750 0.072179 0.036734 
0.062750 0.071922 0.033686 
0.064750 0.071396 0.027461 
0.066250 0.069981 0.010692 
0.067750 0.069863 0.009295 
0.068750 0.067851 -0.014097 
0.070250 0.067688 -0.015985 
0.071250 0.067537 -0.017737 
-0.043000 0.074670 0.058721 
-0.042000 0.074727 0.059441 
-0.041000 0.074755 0.059800 
-0.040500 0.075065 0.063757 
-0.039000 0.075272 0.066395 
-0.038000 0.075384 0.067834 
-0.035500 0.075544 0.069873 
-0.034500 0.075610 0.070712 
-0.033000 0.075732 0.072271 
-0.032000 0.075797 0.073110 
-0.028000 0.076051 0.076348 
-0.027000 0.076126 0.077307 
-0.025000 0.076220 0.078506 
-0.021000 0.076361 0.080305 
-0.016500 0.076455 0.081504 
-0.014500 0.076483 0.081864 
-0.013000 0.076492 0.081983 
-0.011500 0.076492 0.081983 
-0.010500 0.076492 0.081983 
-0.009500 0.076483 0.081864 
-0.008000 0.076455 0.081504 
-0.007000 0.076436 0.081264 
-0.003500 0.076323 0.079825 
-0.001500 0.076276 0.079226 
0.001000 0.076182 0.078027 
0.002500 0.076117 0.077187 
0.005000 0.076004 0.075748 
0.006000 0.075920 0.074669 
0.009500 0.075657 0.071312 
0.012000 0.075450 0.068674 
0.013000 0.075281 0.066515 
0.015000 0.075206 0.065556 
0.016500 0.075112 0.064357 
0.018000 0.074858 0.061119 
0.020000 0.074727 0.059441 
0.026000 0.074360 0.054764 
0.027000 0.074389 0.055124 
0.028000 0.074408 0.055364 
0.030000 0.074436 0.055723 
0.032500 0.074511 0.056683 
0.033500 0.074539 0.057042 
0.035500 0.074586 0.057642 
0.037000 0.074586 0.057642 
0.039000 0.074548 0.057162 
0.040000 0.074530 0.056922 
0.041500 0.074501 0.056563 
0.043000 0.074445 0.055843 
0.045000 0.074360 0.054764 
0.047500 0.074220 0.052965 
0.049000 0.074107 0.051527 
0.050500 0.074060 0.050927 
0.052500 0.073994 0.050088 
0.054000 0.073919 0.049128 
0.055500 0.073801 0.047661 
0.057000 0.073630 0.045628 
0.058000 0.073299 0.041690 
0.059500 0.073192 0.040419 
0.061500 0.072958 0.037624 
0.062000 0.072669 0.034194 
0.063500 0.072584 0.033177 
0.064500 0.072178 0.028350 
0.065500 0.072060 0.026952 
0.066000 0.071943 0.025554 
0.066500 0.071014 0.014501 
0.067000 0.070597 0.009546 
0.068000 0.068546 -0.014503 
0.069000 0.068477 -0.015312 
0.070500 0.068281 -0.017603 
0.071000 0.068189 -0.018682 
-0.040250 0.075866 0.065197 
-0.039750 0.075949 0.066276 
-0.037750 0.076136 0.068674 
-0.036750 0.076182 0.069273 
-0.033750 0.076368 0.071672 
-0.031250 0.076582 0.074429 
-0.030250 0.076676 0.075628 
-0.029250 0.076731 0.076348 
-0.028250 0.076797 0.077187 
-0.026750 0.076880 0.078266 
-0.025750 0.076918 0.078746 
-0.024250 0.076964 0.079345 
-0.023250 0.076992 0.079705 
-0.022250 0.077048 0.080425 
-0.021250 0.077095 0.081024 
-0.020250 0.077113 0.081264 
-0.019250 0.077132 0.081504 
-0.018250 0.077141 0.081624 
-0.017250 0.077150 0.081743 
-0.015750 0.077178 0.082103 
-0.013750 0.077188 0.082223 
-0.012250 0.077197 0.082343 
-0.008750 0.077178 0.082103 
-0.006250 0.077122 0.081384 
-0.005250 0.077095 0.081024 
-0.004250 0.077067 0.080664 
-0.002750 0.077011 0.079945 
-0.000750 0.076945 0.079105 
0.000250 0.076918 0.078746 
0.001750 0.076843 0.077787 
0.003250 0.076787 0.077067 
0.004250 0.076750 0.076588 
0.006750 0.076573 0.074309 
0.007250 0.076489 0.073230 
0.008250 0.076415 0.072271 
0.010250 0.076322 0.071072 
0.011250 0.076275 0.070473 
0.013750 0.075949 0.066276 
0.015750 0.075847 0.064957 
0.017250 0.075754 0.063758 
0.018750 0.075549 0.061120 
0.020750 0.075354 0.058602 
0.021750 0.075195 0.056564 
0.022250 0.075102 0.055365 
0.023250 0.075056 0.054765 
0.024250 0.075037 0.054525 
0.025250 0.075056 0.054765 
0.028750 0.075140 0.055844 
0.030750 0.075177 0.056324 
0.031750 0.075205 0.056684 
0.034250 0.075279 0.057643 
0.036250 0.075307 0.058003 
0.037750 0.075288 0.057763 
0.040750 0.075233 0.057043 
0.042250 0.075186 0.056444 
0.043750 0.075102 0.055365 
0.045750 0.075028 0.054405 
0.046750 0.074991 0.053926 
0.048250 0.074898 0.052727 
0.049750 0.074786 0.051288 
0.051250 0.074739 0.050688 
0.053250 0.074665 0.049729 
0.054750 0.074572 0.048530 
0.056250 0.074395 0.046392 
0.058750 0.073948 0.041055 
0.060250 0.073831 0.039657 
0.060750 0.073757 0.038768 
0.062750 0.073384 0.034321 
0.064250 0.072937 0.028984 
0.065250 0.072884 0.028349 
0.067250 0.071682 0.013991 
0.067750 0.071224 0.008528 
0.068250 0.069128 -0.016256 
0.069250 0.069071 -0.016930 
0.069750 0.068957 -0.018278 
-0.043500 0.076083 0.059083 
-0.042500 0.076157 0.060042 
-0.041500 0.076480 0.064238 
-0.040000 0.076692 0.066996 
-0.039000 0.076711 0.067235 
-0.038500 0.076831 0.068794 
-0.037500 0.076886 0.069514 
-0.036500 0.076923 0.069993 
-0.035500 0.076978 0.070712 
-0.034500 0.077052 0.071672 
-0.033500 0.077117 0.072511 
-0.032500 0.077218 0.073830 
-0.032000 0.077338 0.075389 
-0.031000 0.077403 0.076228 
-0.030000 0.077458 0.076947 
-0.029000 0.077495 0.077427 
-0.028000 0.077541 0.078026 
-0.025000 0.077652 0.079465 
-0.024000 0.077698 0.080065 
-0.023000 0.077753 0.080784 
-0.022000 0.077790 0.081263 
-0.021000 0.077827 0.081743 
-0.020000 0.077845 0.081983 
-0.019000 0.077864 0.082223 
-0.016500 0.077882 0.082462 
-0.015000 0.077882 0.082462 
-0.013000 0.077892 0.082582 
-0.011500 0.077901 0.082702 
-0.010500 0.077892 0.082582 
-0.009500 0.077892 0.082582 
-0.008000 0.077864 0.082223 
-0.007000 0.077845 0.081983 
-0.003500 0.077753 0.080784 
-0.002000 0.077698 0.080065 
0.001000 0.077578 0.078506 
0.002500 0.077504 0.077547 
0.005000 0.077403 0.076228 
0.006000 0.077347 0.075508 
0.009000 0.077080 0.072031 
0.012000 0.076923 0.069993 
0.012500 0.076849 0.069034 
0.013000 0.076628 0.066156 
0.014500 0.076600 0.065797 
0.016500 0.076508 0.064598 
0.018000 0.076369 0.062799 
0.019500 0.076157 0.060042 
0.026000 0.075797 0.055366 
0.027000 0.075816 0.055605 
0.028000 0.075843 0.055965 
0.029500 0.075871 0.056325 
0.032500 0.075954 0.057404 
0.033500 0.075982 0.057764 
0.035000 0.076019 0.058243 
0.037000 0.076028 0.058363 
0.038500 0.075991 0.057884 
0.039500 0.075972 0.057644 
0.041500 0.075917 0.056924 
0.043000 0.075853 0.056085 
0.044500 0.075788 0.055246 
0.047500 0.075650 0.053447 
0.049000 0.075576 0.052488 
0.050500 0.075447 0.050809 
0.052000 0.075400 0.050210 
0.054000 0.075317 0.049131 
0.055500 0.075201 0.047663 
0.057000 0.075032 0.045630 
0.058000 0.074693 0.041564 
0.059500 0.074587 0.040293 
0.061500 0.074364 0.037625 
0.063500 0.074025 0.033558 
0.065000 0.073665 0.029238 
0.066000 0.073442 0.026570 
0.066500 0.073060 0.021995 
0.068500 0.069736 -0.017740 
-0.044250 0.076620 0.057045 
-0.043250 0.076849 0.060043 
-0.040750 0.077288 0.065797 
-0.038250 0.077580 0.069634 
-0.037250 0.077635 0.070353 
-0.036250 0.077690 0.071072 
-0.035250 0.077754 0.071912 
-0.034250 0.077809 0.072631 
-0.033250 0.077900 0.073830 
-0.032750 0.078047 0.075748 
-0.031750 0.078111 0.076587 
-0.030750 0.078156 0.077187 
-0.029750 0.078202 0.077786 
-0.028750 0.078239 0.078266 
-0.027750 0.078284 0.078865 
-0.026750 0.078312 0.079225 
-0.025750 0.078330 0.079465 
-0.023750 0.078449 0.081023 
-0.022750 0.078495 0.081623 
-0.021750 0.078531 0.082102 
-0.019750 0.078577 0.082702 
-0.018250 0.078586 0.082822 
-0.017250 0.078595 0.082942 
-0.015750 0.078595 0.082942 
-0.014250 0.078595 0.082942 
-0.012250 0.078595 0.082942 
-0.008750 0.078577 0.082702 
-0.006250 0.078531 0.082102 
-0.005250 0.078513 0.081863 
-0.004250 0.078485 0.081503 
-0.002750 0.078440 0.080904 
-0.001250 0.078394 0.080304 
-0.000250 0.078348 0.079705 
0.001750 0.078229 0.078146 
0.003250 0.078175 0.077427 
0.004250 0.078138 0.076947 
0.006750 0.078010 0.075269 
0.007750 0.077946 0.074429 
0.008250 0.077818 0.072751 
0.009750 0.077745 0.071792 
0.010750 0.077708 0.071312 
0.013750 0.077297 0.065917 
0.015250 0.077260 0.065438 
0.017250 0.077150 0.063999 
0.018750 0.076977 0.061721 
0.020250 0.076775 0.059083 
0.021250 0.076666 0.057645 
0.021750 0.076593 0.056685 
0.022750 0.076492 0.055367 
0.023750 0.076465 0.055007 
0.024750 0.076474 0.055127 
0.028750 0.076565 0.056326 
0.030250 0.076602 0.056805 
0.031250 0.076638 0.057285 
0.034250 0.076721 0.058364 
0.035750 0.076748 0.058724 
0.037750 0.076739 0.058604 
0.039250 0.076721 0.058364 
0.040250 0.076684 0.057884 
0.042250 0.076602 0.056805 
0.043750 0.076529 0.055846 
0.045250 0.076456 0.054887 
0.046250 0.076410 0.054288 
0.048250 0.076327 0.053209 
0.049750 0.076227 0.051890 
0.051250 0.076117 0.050451 
0.052750 0.076071 0.049852 
0.054750 0.075953 0.048293 
0.056250 0.075806 0.046521 
0.058750 0.075331 0.040802 
0.060250 0.075204 0.039277 
0.062250 0.074814 0.034575 
0.064250 0.074497 0.030763 
0.064750 0.074423 0.029873 
0.065750 0.074286 0.028221 
0.066250 0.073832 0.022756 
0.067250 0.073125 0.014242 
0.067750 0.072924 0.011827 
0.068250 0.072566 0.007506 
0.068750 0.070324 -0.019493 
-0.044000 0.077468 0.059084 
-0.042500 0.077649 0.061482 
-0.041500 0.077921 0.065078 
-0.040500 0.078102 0.067476 
-0.039500 0.078111 0.067596 
-0.039000 0.078265 0.069634 
-0.038000 0.078329 0.070473 
-0.037000 0.078383 0.071193 
-0.036000 0.078437 0.071912 
-0.035500 0.078519 0.072991 
-0.034500 0.078582 0.073830 
-0.033500 0.078727 0.075748 
-0.032500 0.078800 0.076707 
-0.031500 0.078845 0.077307 
-0.030500 0.078890 0.077906 
-0.025500 0.079063 0.080184 
-0.024500 0.079135 0.081143 
-0.023500 0.079190 0.081862 
-0.022500 0.079235 0.082462 
-0.021500 0.079262 0.082822 
-0.020500 0.079280 0.083061 
-0.019000 0.079298 0.083301 
-0.016500 0.079307 0.083421 
-0.015000 0.079298 0.083301 
-0.013500 0.079298 0.083301 
-0.011500 0.079298 0.083301 
-0.010500 0.079298 0.083301 
-0.009500 0.079289 0.083181 
-0.008000 0.079271 0.082941 
-0.007000 0.079253 0.082702 
-0.003500 0.079171 0.081623 
-0.002000 0.079126 0.081023 
-0.000500 0.079081 0.080424 
0.000500 0.079026 0.079705 
0.002500 0.078890 0.077906 
0.005000 0.078800 0.076707 
0.006000 0.078754 0.076108 
0.007500 0.078682 0.075149 
0.008500 0.078564 0.073590 
0.009000 0.078474 0.072392 
0.011500 0.078365 0.070953 
0.012500 0.078274 0.069754 
0.014500 0.077966 0.065678 
0.016000 0.077912 0.064959 
0.018000 0.077785 0.063280 
0.019500 0.077577 0.060523 
0.025500 0.077205 0.055608 
0.026500 0.077232 0.055967 
0.027500 0.077250 0.056207 
0.029500 0.077296 0.056806 
0.032000 0.077377 0.057885 
0.033000 0.077404 0.058245 
0.035000 0.077459 0.058964 
0.036500 0.077468 0.059084 
0.038500 0.077459 0.058964 
0.041000 0.077386 0.058005 
0.043000 0.077296 0.056806 
0.044500 0.077205 0.055608 
0.047000 0.077078 0.053929 
0.049000 0.076997 0.052850 
0.050500 0.076879 0.051292 
0.052000 0.076779 0.049973 
0.053500 0.076725 0.049254 
0.055500 0.076570 0.047285 
0.057000 0.076401 0.045251 
0.057500 0.076065 0.041184 
0.059500 0.075949 0.039786 
0.061000 0.075813 0.038134 
0.061500 0.075728 0.037117 
0.063000 0.075487 0.034194 
0.064000 0.075392 0.033050 
0.065500 0.075066 0.029110 
0.067000 0.074498 0.022247 
-0.044750 0.078052 0.057647 
-0.043750 0.078268 0.060524 
-0.042250 0.078447 0.062921 
-0.041250 0.078663 0.065798 
-0.039750 0.078914 0.069155 
-0.038750 0.079004 0.070354 
-0.036750 0.079148 0.072272 
-0.035750 0.079264 0.073830 
-0.034750 0.079336 0.074789 
-0.033250 0.079480 0.076707 
-0.032250 0.079534 0.077427 
-0.031250 0.079579 0.078026 
-0.029750 0.079633 0.078745 
-0.028750 0.079668 0.079225 
-0.027750 0.079687 0.079465 
-0.026750 0.079713 0.079824 
-0.025250 0.079812 0.081143 
-0.024250 0.079875 0.081982 
-0.023250 0.079920 0.082581 
-0.019750 0.080001 0.083660 
-0.018250 0.080010 0.083780 
-0.017250 0.080019 0.083900 
-0.015750 0.080019 0.083900 
-0.014250 0.080010 0.083780 
-0.012750 0.080010 0.083780 
-0.008750 0.079983 0.083421 
-0.006250 0.079929 0.082701 
-0.005250 0.079920 0.082581 
-0.004250 0.079893 0.082222 
-0.002750 0.079857 0.081742 
-0.001250 0.079812 0.081143 
0.000250 0.079758 0.080424 
0.001250 0.079705 0.079704 
0.003250 0.079552 0.077666 
0.004250 0.079516 0.077187 
0.006750 0.079426 0.075988 
0.008250 0.079336 0.074789 
0.009750 0.079139 0.072152 
0.010750 0.079094 0.071553 
0.013250 0.078887 0.068795 
0.013750 0.078654 0.065678 
0.015250 0.078627 0.065319 
0.016750 0.078555 0.064360 
0.018750 0.078358 0.061722 
0.020250 0.078250 0.060284 
0.020750 0.078088 0.058126 
0.021750 0.077972 0.056568 
0.022750 0.077918 0.055848 
0.023750 0.077891 0.055489 
0.024750 0.077900 0.055608 
0.028250 0.077981 0.056688 
0.030250 0.078034 0.057407 
0.031250 0.078070 0.057886 
0.033750 0.078142 0.058845 
0.035750 0.078178 0.059325 
0.037250 0.078187 0.059445 
0.039250 0.078151 0.058965 
0.040250 0.078124 0.058605 
0.041750 0.078079 0.058006 
0.042750 0.078043 0.057527 
0.043750 0.077981 0.056688 
0.045250 0.077846 0.054889 
0.046250 0.077801 0.054290 
0.047750 0.077756 0.053691 
0.049750 0.077666 0.052492 
0.051250 0.077505 0.050334 
0.052750 0.077442 0.049495 
0.054250 0.077352 0.048296 
0.056250 0.077165 0.046015 
0.057250 0.076997 0.043981 
0.058250 0.076736 0.040804 
0.060250 0.076568 0.038770 
0.062250 0.076201 0.034321 
0.064250 0.076023 0.032160 
0.064750 0.075929 0.031016 
0.065250 0.075835 0.029872 
0.066250 0.075259 0.022881 
0.067750 0.074536 0.014111 
0.068250 0.074390 0.012331 
-0.043000 0.079075 0.062083 
-0.042000 0.079324 0.065439 
-0.041000 0.079502 0.067837 
-0.039500 0.079680 0.070234 
-0.038500 0.079760 0.071313 
-0.037500 0.079813 0.072032 
-0.037000 0.079884 0.072991 
-0.035500 0.080027 0.074909 
-0.034500 0.080089 0.075748 
-0.030500 0.080320 0.078865 
-0.026000 0.080489 0.081143 
-0.025000 0.080560 0.082102 
-0.024000 0.080605 0.082701 
-0.022500 0.080658 0.083420 
-0.021500 0.080676 0.083660 
-0.020500 0.080694 0.083900 
-0.019000 0.080703 0.084020 
-0.016500 0.080729 0.084379 
-0.015000 0.080721 0.084259 
-0.013500 0.080712 0.084139 
-0.012000 0.080703 0.084020 
-0.011000 0.080703 0.084020 
-0.010000 0.080694 0.083900 
-0.008000 0.080667 0.083540 
-0.007000 0.080649 0.083300 
-0.003500 0.080569 0.082222 
-0.002000 0.080534 0.081742 
-0.000500 0.080498 0.081262 
0.002000 0.080365 0.079464 
0.002500 0.080294 0.078505 
0.005000 0.080178 0.076947 
0.006000 0.080142 0.076468 
0.007500 0.080098 0.075868 
0.009000 0.080000 0.074550 
0.011500 0.079733 0.070953 
0.012500 0.079653 0.069875 
0.014500 0.079315 0.065319 
0.016000 0.079262 0.064600 
0.017500 0.079173 0.063401 
0.019500 0.079030 0.061483 
0.025500 0.078621 0.055969 
0.026500 0.078648 0.056329 
0.027500 0.078674 0.056688 
0.029000 0.078710 0.057168 
0.032000 0.078799 0.058367 
0.033000 0.078826 0.058726 
0.034500 0.078879 0.059446 
0.036500 0.078897 0.059685 
0.038000 0.078888 0.059565 
0.041000 0.078817 0.058606 
0.043500 0.078728 0.057408 
0.044500 0.078657 0.056449 
0.047000 0.078479 0.054051 
0.048500 0.078425 0.053332 
0.050500 0.078310 0.051774 
0.052000 0.078150 0.049616 
0.053500 0.078087 0.048777 
0.055000 0.077970 0.047288 
0.056500 0.077803 0.045254 
0.057500 0.077459 0.041059 
0.059000 0.077354 0.039788 
0.061000 0.077177 0.037626 
0.061500 0.077104 0.036737 
0.063000 0.076875 0.033940 
0.066000 0.076457 0.028855 
0.067000 0.075936 0.022499 
-0.045250 0.079457 0.057888 
-0.044250 0.079509 0.058607 
-0.043750 0.079712 0.061364 
-0.042750 0.079835 0.063042 
-0.041250 0.080047 0.065919 
-0.040750 0.080241 0.068556 
-0.039250 0.080417 0.070954 
-0.038250 0.080497 0.072032 
-0.036750 0.080638 0.073950 
-0.035250 0.080770 0.075748 
-0.034250 0.080840 0.076707 
-0.033250 0.080902 0.077546 
-0.032250 0.080955 0.078266 
-0.031250 0.080990 0.078745 
-0.029750 0.081043 0.079464 
-0.028750 0.081069 0.079824 
-0.027750 0.081087 0.080064 
-0.026750 0.081140 0.080783 
-0.025750 0.081219 0.081862 
-0.023250 0.081334 0.083420 
-0.019750 0.081404 0.084379 
-0.018250 0.081413 0.084499 
-0.017250 0.081422 0.084619 
-0.015750 0.081422 0.084619 
-0.014250 0.081422 0.084619 
-0.012750 0.081413 0.084499 
-0.009250 0.081378 0.084019 
-0.006250 0.081334 0.083420 
-0.005250 0.081307 0.083060 
-0.004250 0.081290 0.082820 
-0.002750 0.081254 0.082341 
-0.001250 0.081211 0.081742 
0.000250 0.081166 0.081142 
0.001250 0.081122 0.080543 
0.003250 0.080937 0.078026 
0.004250 0.080876 0.077187 
0.006750 0.080805 0.076228 
0.008250 0.080752 0.075509 
0.009750 0.080646 0.074070 
0.010250 0.080505 0.072152 
0.013250 0.080276 0.069036 
0.013750 0.080206 0.068077 
0.015250 0.079968 0.064840 
0.016750 0.079897 0.063881 
0.018250 0.079800 0.062563 
0.020250 0.079703 0.061244 
0.020750 0.079598 0.059806 
0.021250 0.079430 0.057528 
0.021750 0.079360 0.056570 
0.022750 0.079324 0.056090 
0.023750 0.079307 0.055850 
0.024750 0.079307 0.055850 
0.028250 0.079395 0.057049 
0.029750 0.079439 0.057648 
0.030750 0.079474 0.058128 
0.033750 0.079562 0.059326 
0.035250 0.079589 0.059686 
0.037250 0.079606 0.059926 
0.038750 0.079589 0.059686 
0.039750 0.079553 0.059207 
0.041750 0.079509 0.058607 
0.042750 0.079483 0.058248 
0.044250 0.079404 0.057169 
0.045250 0.079254 0.055131 
0.046250 0.079219 0.054652 
0.047750 0.079157 0.053813 
0.049250 0.079095 0.052974 
0.051250 0.078919 0.050576 
0.052750 0.078804 0.049018 
0.054250 0.078711 0.047797 
0.055750 0.078566 0.046018 
0.056750 0.078431 0.044365 
0.058250 0.078119 0.040551 
0.059750 0.077974 0.038771 
0.061750 0.077745 0.035974 
0.062250 0.077600 0.034194 
0.063750 0.077485 0.032796 
0.064250 0.077413 0.031906 
0.064750 0.077340 0.031016 
0.065250 0.077257 0.029999 
0.066250 0.076893 0.025549 
0.067750 0.076571 0.021608 
0.068250 0.075875 0.013090 
-0.045500 0.079469 0.048540 
-0.045000 0.080202 0.058608 
-0.044000 0.080342 0.060526 
-0.042000 0.080726 0.065800 
-0.040000 0.081066 0.070474 
-0.039000 0.081154 0.071673 
-0.037500 0.081276 0.073351 
-0.036500 0.081390 0.074909 
-0.030500 0.081721 0.079464 
-0.026500 0.081878 0.081622 
-0.025000 0.081966 0.082820 
-0.024000 0.082001 0.083300 
-0.022500 0.082044 0.083899 
-0.021500 0.082070 0.084258 
-0.020500 0.082088 0.084498 
-0.019000 0.082106 0.084738 
-0.016500 0.082123 0.084978 
-0.015000 0.082123 0.084978 
-0.013500 0.082114 0.084858 
-0.012000 0.082097 0.084618 
-0.011000 0.082088 0.084498 
-0.010000 0.082079 0.084378 
-0.008500 0.082062 0.084139 
-0.007500 0.082044 0.083899 
-0.003500 0.081966 0.082820 
-0.002000 0.081940 0.082461 
-0.000500 0.081896 0.081861 
0.002000 0.081782 0.080303 
0.003000 0.081704 0.079224 
0.005000 0.081538 0.076947 
0.006000 0.081512 0.076587 
0.007500 0.081477 0.076108 
0.009000 0.081407 0.075149 
0.011000 0.081136 0.071433 
0.012000 0.081066 0.070474 
0.014500 0.080674 0.065081 
0.016000 0.080595 0.064002 
0.017500 0.080534 0.063163 
0.019000 0.080481 0.062444 
0.025500 0.080036 0.056331 
0.026500 0.080062 0.056690 
0.027500 0.080089 0.057050 
0.029000 0.080123 0.057529 
0.031500 0.080202 0.058608 
0.032500 0.080228 0.058968 
0.034500 0.080281 0.059687 
0.036000 0.080298 0.059927 
0.038000 0.080298 0.059927 
0.040500 0.080246 0.059207 
0.043500 0.080158 0.058009 
0.047000 0.079896 0.054413 
0.048500 0.079835 0.053574 
0.050000 0.079739 0.052256 
0.052000 0.079521 0.049259 
0.053500 0.079442 0.048180 
0.055000 0.079318 0.046655 
0.057500 0.079049 0.043349 
0.058000 0.078904 0.041569 
0.059000 0.078749 0.039662 
0.060500 0.078584 0.037627 
0.063000 0.078242 0.033431 
0.066000 0.077828 0.028346 
0.066500 0.077404 0.023133 
-0.043750 0.081102 0.061486 
-0.043250 0.081215 0.063044 
-0.042250 0.081310 0.064362 
-0.041250 0.081509 0.067119 
-0.040750 0.081647 0.069036 
-0.038250 0.081915 0.072752 
-0.037250 0.082010 0.074070 
-0.035750 0.082131 0.075748 
-0.034750 0.082201 0.076707 
-0.033750 0.082261 0.077546 
-0.032750 0.082313 0.078265 
-0.031750 0.082365 0.078984 
-0.029750 0.082434 0.079943 
-0.028750 0.082443 0.080063 
-0.027750 0.082469 0.080423 
-0.025750 0.082607 0.082340 
-0.023250 0.082719 0.083898 
-0.019750 0.082789 0.084857 
-0.018250 0.082806 0.085097 
-0.017250 0.082806 0.085097 
-0.015750 0.082815 0.085217 
-0.014250 0.082823 0.085337 
-0.012750 0.082806 0.085097 
-0.009250 0.082763 0.084498 
-0.006750 0.082719 0.083898 
-0.005750 0.082702 0.083659 
-0.004750 0.082685 0.083419 
-0.002750 0.082642 0.082820 
-0.001250 0.082616 0.082460 
0.000250 0.082572 0.081861 
0.001250 0.082529 0.081262 
0.003750 0.082287 0.077906 
0.006750 0.082175 0.076348 
0.008250 0.082131 0.075748 
0.009750 0.082054 0.074670 
0.010250 0.081907 0.072632 
0.012750 0.081708 0.069875 
0.013250 0.081638 0.068917 
0.014250 0.081587 0.068198 
0.015250 0.081301 0.064242 
0.016750 0.081267 0.063763 
0.018250 0.081223 0.063163 
0.019750 0.081146 0.062085 
0.020750 0.081068 0.061006 
0.021750 0.080774 0.056931 
0.022750 0.080722 0.056212 
0.023750 0.080722 0.056212 
0.024750 0.080722 0.056212 
0.028250 0.080808 0.057411 
0.029750 0.080851 0.058010 
0.030750 0.080877 0.058369 
0.033250 0.080946 0.059328 
0.035250 0.080990 0.059927 
0.036750 0.080998 0.060047 
0.038750 0.080990 0.059927 
0.039750 0.080964 0.059568 
0.041250 0.080929 0.059088 
0.042250 0.080912 0.058849 
0.044250 0.080817 0.057530 
0.045250 0.080635 0.055013 
0.046250 0.080618 0.054774 
0.047750 0.080557 0.053935 
0.049250 0.080480 0.052856 
0.050750 0.080384 0.051538 
0.052750 0.080177 0.048661 
0.054250 0.080070 0.047291 
0.055750 0.079936 0.045639 
0.056750 0.079833 0.044367 
0.057750 0.079678 0.042460 
0.058750 0.079555 0.040934 
0.059750 0.079390 0.038899 
0.061250 0.079194 0.036483 
0.061750 0.079039 0.034576 
0.063750 0.078844 0.032160 
0.064250 0.078761 0.031143 
0.065250 0.078617 0.029362 
0.066250 0.078225 0.024531 
0.067250 0.078081 0.022750 
0.068250 0.077287 0.012959 
-0.046000 0.081339 0.055134 
-0.045500 0.081604 0.058850 
-0.044500 0.081776 0.061247 
-0.043000 0.081964 0.063883 
-0.042000 0.082084 0.065561 
-0.041000 0.082255 0.067958 
-0.040000 0.082444 0.070595 
-0.039000 0.082538 0.071913 
-0.036500 0.082769 0.075149 
-0.031000 0.083078 0.079464 
-0.027000 0.083223 0.081501 
-0.025000 0.083352 0.083299 
-0.024000 0.083386 0.083778 
-0.022500 0.083429 0.084377 
-0.021500 0.083446 0.084617 
-0.020500 0.083463 0.084857 
-0.019000 0.083480 0.085097 
-0.016500 0.083515 0.085576 
-0.015000 0.083506 0.085456 
-0.013500 0.083506 0.085456 
-0.012000 0.083480 0.085097 
-0.011000 0.083472 0.084977 
-0.010000 0.083463 0.084857 
-0.008500 0.083438 0.084497 
-0.007500 0.083420 0.084258 
-0.004000 0.083352 0.083299 
-0.002000 0.083326 0.082939 
-0.000500 0.083283 0.082340 
0.002000 0.083181 0.080902 
0.003000 0.083095 0.079703 
0.004500 0.082941 0.077546 
0.005500 0.082889 0.076827 
0.007500 0.082838 0.076108 
0.009000 0.082787 0.075389 
0.010000 0.082641 0.073351 
0.011000 0.082547 0.072033 
0.012000 0.082478 0.071074 
0.015000 0.082075 0.065441 
0.016000 0.081973 0.064003 
0.017500 0.081947 0.063644 
0.019000 0.081896 0.062924 
0.021500 0.081716 0.060408 
0.025500 0.081433 0.056453 
0.026500 0.081459 0.056812 
0.027500 0.081493 0.057292 
0.029000 0.081527 0.057771 
0.031500 0.081596 0.058730 
0.032500 0.081621 0.059089 
0.034000 0.081656 0.059569 
0.036000 0.081690 0.060048 
0.037500 0.081690 0.060048 
0.040500 0.081639 0.059329 
0.043000 0.081579 0.058490 
0.045000 0.081493 0.057292 
0.047000 0.081287 0.054415 
0.048500 0.081219 0.053456 
0.050000 0.081125 0.052138 
0.051500 0.080902 0.049022 
0.053500 0.080821 0.047929 
0.055000 0.080698 0.046403 
0.057500 0.080462 0.043478 
0.058500 0.080319 0.041697 
0.059500 0.080154 0.039663 
0.060500 0.080000 0.037755 
0.062000 0.079672 0.033686 
0.063000 0.079590 0.032668 
0.064500 0.079395 0.030252 
0.067000 0.078840 0.023385 
0.068500 0.077834 0.010923 
-0.044750 0.082517 0.061966 
-0.043750 0.082577 0.062805 
-0.042750 0.082721 0.064843 
-0.040750 0.082993 0.068678 
-0.038250 0.083306 0.073112 
-0.037250 0.083391 0.074310 
-0.035750 0.083502 0.075868 
-0.034750 0.083569 0.076827 
-0.033750 0.083620 0.077546 
-0.032750 0.083688 0.078505 
-0.031750 0.083731 0.079104 
-0.030250 0.083790 0.079943 
-0.029250 0.083824 0.080422 
-0.028250 0.083849 0.080782 
-0.026250 0.083960 0.082340 
-0.023250 0.084095 0.084257 
-0.019750 0.084163 0.085216 
-0.018250 0.084180 0.085456 
-0.017250 0.084189 0.085575 
-0.015750 0.084197 0.085695 
-0.014250 0.084197 0.085695 
-0.012750 0.084189 0.085575 
-0.009250 0.084138 0.084857 
-0.006750 0.084095 0.084257 
-0.005750 0.084078 0.084018 
-0.004750 0.084053 0.083658 
-0.003250 0.084036 0.083418 
-0.001250 0.083994 0.082819 
0.000250 0.083951 0.082220 
0.001250 0.083909 0.081621 
0.003750 0.083705 0.078745 
0.006250 0.083544 0.076467 
0.008250 0.083493 0.075748 
0.009750 0.083374 0.074071 
0.010750 0.083306 0.073112 
0.011750 0.083222 0.071913 
0.012750 0.083128 0.070595 
0.013250 0.083060 0.069636 
0.014250 0.083009 0.068917 
0.016750 0.082653 0.063884 
0.018250 0.082619 0.063405 
0.019750 0.082543 0.062326 
0.020750 0.082484 0.061487 
0.022250 0.082136 0.056573 
0.023250 0.082110 0.056214 
0.024250 0.082119 0.056334 
0.028250 0.082203 0.057532 
0.029750 0.082237 0.058012 
0.030750 0.082271 0.058491 
0.033250 0.082322 0.059210 
0.034750 0.082365 0.059809 
0.036750 0.082382 0.060049 
0.038250 0.082382 0.060049 
0.039250 0.082365 0.059809 
0.041250 0.082314 0.059090 
0.042250 0.082297 0.058851 
0.043750 0.082237 0.058012 
0.045250 0.082034 0.055135 
0.046250 0.082017 0.054896 
0.047750 0.081949 0.053937 
0.049250 0.081864 0.052738 
0.050750 0.081754 0.051181 
0.052250 0.081584 0.048784 
0.054250 0.081470 0.047294 
0.055750 0.081327 0.045514 
0.056750 0.081266 0.044751 
0.058250 0.081092 0.042588 
0.059250 0.080969 0.041062 
0.060250 0.080775 0.038646 
0.061250 0.080571 0.036102 
0.063250 0.080233 0.031905 
0.063750 0.080162 0.031015 
0.064750 0.080029 0.029362 
0.065750 0.079742 0.025801 
0.066250 0.079661 0.024783 
0.067750 0.079395 0.021476 
0.068250 0.078689 0.012701 
-0.046500 0.082721 0.055016 
-0.046000 0.083048 0.059690 
-0.044500 0.083275 0.062926 
-0.043500 0.083351 0.064004 
-0.042500 0.083477 0.065802 
-0.041500 0.083636 0.068079 
-0.040500 0.083787 0.070236 
-0.039500 0.083880 0.071554 
-0.036500 0.084132 0.075149 
-0.031000 0.084451 0.079703 
-0.028000 0.084577 0.081501 
-0.027000 0.084611 0.081980 
-0.025500 0.084695 0.083178 
-0.024500 0.084737 0.083778 
-0.022500 0.084796 0.084616 
-0.021500 0.084812 0.084856 
-0.020500 0.084829 0.085096 
-0.019000 0.084854 0.085455 
-0.016500 0.084880 0.085815 
-0.015000 0.084888 0.085935 
-0.013500 0.084880 0.085815 
-0.012000 0.084863 0.085575 
-0.011000 0.084854 0.085455 
-0.010000 0.084838 0.085216 
-0.008500 0.084812 0.084856 
-0.007500 0.084796 0.084616 
-0.004000 0.084728 0.083658 
-0.002500 0.084712 0.083418 
-0.000500 0.084661 0.082699 
0.002000 0.084552 0.081141 
0.003000 0.084493 0.080302 
0.004500 0.084325 0.077905 
0.005500 0.084249 0.076827 
0.007000 0.084207 0.076228 
0.009000 0.084140 0.075269 
0.011500 0.083964 0.072752 
0.012500 0.083880 0.071554 
0.015000 0.083678 0.068678 
0.015500 0.083485 0.065922 
0.016000 0.083334 0.063765 
0.017500 0.083334 0.063765 
0.019000 0.083283 0.063046 
0.021500 0.083124 0.060769 
0.025000 0.082821 0.056455 
0.026000 0.082846 0.056814 
0.027000 0.082872 0.057174 
0.029000 0.082922 0.057893 
0.031500 0.082981 0.058732 
0.032500 0.083006 0.059091 
0.034000 0.083031 0.059450 
0.035500 0.083065 0.059930 
0.037500 0.083073 0.060050 
0.040000 0.083031 0.059450 
0.043000 0.082964 0.058492 
0.044500 0.082897 0.057533 
0.047000 0.082670 0.054297 
0.048500 0.082594 0.053219 
0.050000 0.082502 0.051901 
0.051500 0.082275 0.048665 
0.053000 0.082250 0.048306 
0.055000 0.082119 0.046659 
0.057500 0.081885 0.043734 
0.059000 0.081732 0.041826 
0.060000 0.081539 0.039409 
0.061000 0.081417 0.037883 
0.062000 0.080989 0.032541 
0.064000 0.080796 0.030124 
0.065000 0.080663 0.028471 
0.067000 0.080266 0.023510 
-0.045750 0.083931 0.062447 
-0.043750 0.084089 0.064724 
-0.043250 0.084164 0.065802 
-0.042750 0.084256 0.067121 
-0.041750 0.084389 0.069038 
-0.040250 0.084522 0.070955 
-0.038750 0.084622 0.072393 
-0.037750 0.084722 0.073831 
-0.035750 0.084871 0.075988 
-0.034750 0.084930 0.076827 
-0.033750 0.084988 0.077666 
-0.032750 0.085063 0.078744 
-0.031750 0.085113 0.079463 
-0.030250 0.085196 0.080661 
-0.029250 0.085254 0.081500 
-0.026250 0.085345 0.082819 
-0.023750 0.085445 0.084256 
-0.019750 0.085520 0.085335 
-0.018250 0.085537 0.085575 
-0.017250 0.085553 0.085814 
-0.015750 0.085562 0.085934 
-0.014250 0.085570 0.086054 
-0.012750 0.085562 0.085934 
-0.009250 0.085520 0.085335 
-0.006750 0.085470 0.084616 
-0.005750 0.085454 0.084376 
-0.004750 0.085429 0.084017 
-0.003250 0.085412 0.083777 
-0.001750 0.085387 0.083418 
0.000250 0.085329 0.082579 
0.001250 0.085296 0.082099 
0.003750 0.085113 0.079463 
0.006250 0.084905 0.076467 
0.007750 0.084863 0.075868 
0.009750 0.084771 0.074550 
0.010750 0.084713 0.073711 
0.013250 0.084514 0.070835 
0.014250 0.084430 0.069637 
0.016750 0.084023 0.063765 
0.018250 0.084006 0.063526 
0.019750 0.083940 0.062567 
0.020750 0.083881 0.061728 
0.021750 0.083557 0.057055 
0.022750 0.083532 0.056695 
0.023750 0.083515 0.056456 
0.027750 0.083582 0.057414 
0.029750 0.083632 0.058133 
0.030750 0.083657 0.058493 
0.033250 0.083698 0.059092 
0.034750 0.083732 0.059571 
0.036250 0.083748 0.059811 
0.038250 0.083748 0.059811 
0.039250 0.083732 0.059571 
0.040750 0.083698 0.059092 
0.041750 0.083682 0.058852 
0.043750 0.083615 0.057894 
0.044750 0.083424 0.055137 
0.046250 0.083407 0.054898 
0.047750 0.083324 0.053700 
0.049250 0.083241 0.052501 
0.050750 0.083133 0.050943 
0.052250 0.082983 0.048786 
0.053750 0.082901 0.047678 
0.055750 0.082739 0.045643 
0.056750 0.082678 0.044880 
0.058250 0.082526 0.042972 
0.059750 0.082343 0.040682 
0.061750 0.081917 0.035340 
0.062750 0.081603 0.031396 
0.064250 0.081400 0.028852 
0.065250 0.081207 0.026435 
0.066250 0.081086 0.024909 
0.067250 0.080842 0.021856 
0.067750 0.080163 0.013333 
0.068750 0.079950 0.010662 
-0.047000 0.084119 0.055138 
-0.045000 0.084679 0.063287 
-0.043500 0.084901 0.066522 
-0.043000 0.085017 0.068199 
-0.042000 0.085124 0.069757 
-0.041000 0.085190 0.070716 
-0.039500 0.085280 0.072034 
-0.038500 0.085354 0.073112 
-0.037500 0.085453 0.074550 
-0.036500 0.085519 0.075509 
-0.031500 0.085849 0.080302 
-0.030000 0.085931 0.081500 
-0.028500 0.085988 0.082339 
-0.027500 0.086005 0.082579 
-0.025500 0.086063 0.083417 
-0.024500 0.086096 0.083897 
-0.023000 0.086137 0.084496 
-0.022000 0.086162 0.084855 
-0.021000 0.086178 0.085095 
-0.019000 0.086211 0.085574 
-0.016500 0.086236 0.085934 
-0.015000 0.086252 0.086173 
-0.013500 0.086252 0.086173 
-0.012000 0.086244 0.086053 
-0.011000 0.086227 0.085814 
-0.010000 0.086211 0.085574 
-0.008500 0.086186 0.085215 
-0.007500 0.086170 0.084975 
-0.004000 0.086104 0.084016 
-0.002500 0.086087 0.083777 
-0.001000 0.086054 0.083297 
0.002000 0.085931 0.081500 
0.003000 0.085873 0.080661 
0.004500 0.085758 0.078984 
0.005000 0.085692 0.078025 
0.007000 0.085569 0.076228 
0.008500 0.085519 0.075509 
0.011500 0.085354 0.073112 
0.012500 0.085288 0.072154 
0.015000 0.084918 0.066762 
0.016000 0.084687 0.063406 
0.017500 0.084712 0.063766 
0.019000 0.084662 0.063047 
0.021500 0.084415 0.059452 
0.024500 0.084210 0.056456 
0.025500 0.084218 0.056576 
0.026500 0.084242 0.056936 
0.028500 0.084284 0.057535 
0.031500 0.084358 0.058613 
0.032500 0.084374 0.058853 
0.034000 0.084399 0.059212 
0.035500 0.084432 0.059692 
0.037000 0.084440 0.059812 
0.040000 0.084399 0.059212 
0.042500 0.084341 0.058374 
0.044500 0.084242 0.056936 
0.045500 0.084135 0.055378 
0.047000 0.084061 0.054300 
0.048500 0.083971 0.052982 
0.050000 0.083880 0.051663 
0.051500 0.083691 0.048908 
0.053000 0.083649 0.048308 
0.054500 0.083550 0.047044 
0.057500 0.083308 0.043991 
0.059000 0.083146 0.041955 
0.060500 0.082934 0.039283 
0.061000 0.082843 0.038139 
0.062500 0.082601 0.035085 
0.063000 0.082237 0.030506 
0.064500 0.082035 0.027961 
0.066500 0.081732 0.024145 
0.067000 0.081611 0.022618 
0.067500 0.081298 0.018674 
0.068500 0.080763 0.011932 
-0.046250 0.085295 0.062209 
-0.044750 0.085458 0.064605 
-0.044250 0.085531 0.065684 
-0.043750 0.085670 0.067721 
-0.042750 0.085792 0.069518 
-0.041750 0.085882 0.070836 
-0.040750 0.085939 0.071675 
-0.038250 0.086143 0.074670 
-0.037250 0.086208 0.075629 
-0.036250 0.086249 0.076228 
-0.035250 0.086290 0.076827 
-0.034250 0.086355 0.077785 
-0.033750 0.086437 0.078984 
-0.032750 0.086494 0.079822 
-0.031250 0.086583 0.081140 
-0.029250 0.086665 0.082338 
-0.026750 0.086722 0.083177 
-0.023750 0.086795 0.084256 
-0.020250 0.086869 0.085334 
-0.018250 0.086893 0.085694 
-0.017250 0.086909 0.085933 
-0.015750 0.086917 0.086053 
-0.014250 0.086926 0.086173 
-0.012750 0.086926 0.086173 
-0.009250 0.086893 0.085694 
-0.006750 0.086844 0.084974 
-0.005750 0.086820 0.084615 
-0.004750 0.086803 0.084375 
-0.003250 0.086771 0.083896 
-0.001750 0.086746 0.083537 
-0.000250 0.086722 0.083177 
0.000750 0.086681 0.082578 
0.003750 0.086526 0.080302 
0.005750 0.086331 0.077426 
0.007750 0.086224 0.075868 
0.009250 0.086167 0.075029 
0.010250 0.086127 0.074430 
0.013250 0.085915 0.071315 
0.014250 0.085817 0.069877 
0.014750 0.085662 0.067601 
0.015750 0.085540 0.065803 
0.016750 0.085401 0.063767 
0.018250 0.085385 0.063527 
0.019750 0.085319 0.062568 
0.020750 0.085271 0.061849 
0.021750 0.085042 0.058495 
0.022250 0.084977 0.057536 
0.023250 0.084936 0.056937 
0.027250 0.084944 0.057057 
0.029250 0.084993 0.057776 
0.030250 0.085018 0.058135 
0.033250 0.085075 0.058974 
0.034750 0.085099 0.059333 
0.036250 0.085116 0.059573 
0.037750 0.085116 0.059573 
0.038750 0.085107 0.059453 
0.040750 0.085067 0.058854 
0.041750 0.085042 0.058495 
0.043250 0.084993 0.057776 
0.044750 0.084855 0.055739 
0.046250 0.084798 0.054900 
0.047750 0.084700 0.053462 
0.049250 0.084610 0.052144 
0.050750 0.084520 0.050826 
0.052250 0.084382 0.048789 
0.053750 0.084291 0.047554 
0.055250 0.084180 0.046154 
0.056250 0.084100 0.045137 
0.058250 0.083929 0.042974 
0.059750 0.083778 0.041065 
0.061750 0.083486 0.037375 
0.063750 0.082812 0.028851 
0.064750 0.082641 0.026688 
0.065750 0.082531 0.025289 
-0.047500 0.085485 0.054781 
-0.046000 0.086034 0.062928 
-0.043500 0.086413 0.068560 
-0.042500 0.086542 0.070477 
-0.041500 0.086615 0.071555 
-0.040000 0.086679 0.072513 
-0.039000 0.086808 0.074431 
-0.038000 0.086889 0.075629 
-0.035000 0.087034 0.077785 
-0.034500 0.087107 0.078864 
-0.033500 0.087172 0.079822 
-0.032500 0.087228 0.080661 
-0.030500 0.087317 0.081979 
-0.028500 0.087381 0.082937 
-0.027500 0.087406 0.083297 
-0.026000 0.087438 0.083776 
-0.025000 0.087462 0.084135 
-0.023000 0.087494 0.084615 
-0.022000 0.087519 0.084974 
-0.021000 0.087535 0.085214 
-0.019500 0.087559 0.085573 
-0.016500 0.087591 0.086052 
-0.015000 0.087599 0.086172 
-0.013500 0.087607 0.086292 
-0.012000 0.087607 0.086292 
-0.011000 0.087591 0.086052 
-0.010000 0.087583 0.085933 
-0.008500 0.087559 0.085573 
-0.007500 0.087543 0.085333 
-0.004000 0.087462 0.084135 
-0.002500 0.087446 0.083896 
-0.001000 0.087414 0.083416 
0.001500 0.087341 0.082338 
0.002500 0.087285 0.081500 
0.004500 0.087172 0.079822 
0.005500 0.087083 0.078504 
0.006500 0.086954 0.076587 
0.008500 0.086873 0.075389 
0.011000 0.086752 0.073592 
0.012000 0.086695 0.072753 
0.014500 0.086421 0.068679 
0.016000 0.086082 0.063647 
0.017500 0.086082 0.063647 
0.019000 0.086034 0.062928 
0.021000 0.085791 0.059334 
0.024000 0.085630 0.056938 
0.025000 0.085606 0.056578 
0.026000 0.085614 0.056698 
0.028000 0.085646 0.057177 
0.031000 0.085727 0.058376 
0.032000 0.085735 0.058495 
0.034000 0.085775 0.059094 
0.035500 0.085791 0.059334 
0.037000 0.085800 0.059454 
0.039500 0.085775 0.059094 
0.042500 0.085695 0.057896 
0.044000 0.085622 0.056818 
0.045500 0.085525 0.055380 
0.047000 0.085444 0.054182 
0.048500 0.085323 0.052385 
0.050000 0.085267 0.051546 
0.051000 0.085138 0.049629 
0.053000 0.085049 0.048311 
0.054500 0.084921 0.046664 
0.057000 0.084730 0.044247 
0.059000 0.084550 0.041957 
0.060000 0.084400 0.040048 
0.061000 0.084270 0.038394 
0.062000 0.084009 0.035086 
0.063000 0.083609 0.029996 
0.064000 0.083418 0.027578 
0.066000 0.083178 0.024525 
0.067000 0.082767 0.019308 
0.068000 0.082767 0.019308 
0.068500 0.082196 0.012055 
-0.047250 0.086228 0.055501 
-0.045750 0.086779 0.063768 
-0.044750 0.086939 0.066164 
-0.044250 0.087003 0.067122 
-0.043250 0.087178 0.069758 
-0.042250 0.087282 0.071316 
-0.040750 0.087370 0.072633 
-0.039750 0.087442 0.073712 
-0.038750 0.087554 0.075389 
-0.037750 0.087618 0.076348 
-0.036750 0.087658 0.076946 
-0.035750 0.087674 0.077186 
-0.035250 0.087762 0.078504 
-0.034250 0.087842 0.079702 
-0.033250 0.087898 0.080541 
-0.031750 0.087961 0.081499 
-0.029750 0.088041 0.082697 
-0.026750 0.088113 0.083775 
-0.024250 0.088153 0.084375 
-0.020250 0.088225 0.085453 
-0.018750 0.088241 0.085693 
-0.017750 0.088249 0.085812 
-0.015750 0.088273 0.086172 
-0.014250 0.088281 0.086291 
-0.012750 0.088281 0.086291 
-0.009250 0.088257 0.085932 
-0.006750 0.088209 0.085213 
-0.005750 0.088185 0.084854 
-0.004750 0.088153 0.084375 
-0.003250 0.088129 0.084015 
-0.001750 0.088105 0.083656 
-0.000250 0.088073 0.083177 
0.000750 0.088041 0.082697 
0.003250 0.087937 0.081140 
0.005250 0.087818 0.079343 
0.007250 0.087610 0.076228 
0.009250 0.087514 0.074790 
0.010250 0.087474 0.074191 
0.012750 0.087322 0.071915 
0.013750 0.087234 0.070597 
0.015250 0.086979 0.066763 
0.016750 0.086795 0.064007 
0.018250 0.086739 0.063169 
0.019750 0.086699 0.062570 
0.021750 0.086468 0.059095 
0.022750 0.086412 0.058257 
0.026750 0.086316 0.056819 
0.028750 0.086356 0.057418 
0.029750 0.086380 0.057777 
0.032750 0.086428 0.058496 
0.034750 0.086468 0.059095 
0.036250 0.086475 0.059215 
0.037750 0.086468 0.059095 
0.038750 0.086460 0.058975 
0.040250 0.086428 0.058496 
0.041250 0.086404 0.058137 
0.043250 0.086340 0.057178 
0.044750 0.086252 0.055861 
0.046250 0.086180 0.054782 
0.047750 0.086036 0.052626 
0.049250 0.085988 0.051907 
0.051750 0.085821 0.049391 
0.053750 0.085661 0.047175 
0.055250 0.085541 0.045648 
0.056250 0.085471 0.044757 
0.057750 0.085352 0.043230 
0.059750 0.085152 0.040685 
0.061750 0.084833 0.036613 
0.062750 0.084554 0.033050 
0.064250 0.084035 0.026432 
0.065250 0.083945 0.025287 
0.066750 0.083546 0.020197 
-0.046500 0.087350 0.061971 
-0.044000 0.087761 0.068201 
-0.041500 0.088022 0.072154 
-0.039500 0.088211 0.075030 
-0.038500 0.088283 0.076108 
-0.035000 0.088496 0.079342 
-0.034000 0.088567 0.080421 
-0.032500 0.088638 0.081499 
-0.031000 0.088694 0.082338 
-0.029000 0.088757 0.083296 
-0.028000 0.088781 0.083655 
-0.026000 0.088820 0.084254 
-0.025000 0.088836 0.084494 
-0.023500 0.088844 0.084614 
-0.022500 0.088868 0.084973 
-0.021500 0.088883 0.085213 
-0.019500 0.088907 0.085572 
-0.017000 0.088931 0.085932 
-0.015000 0.088947 0.086171 
-0.013500 0.088955 0.086291 
-0.012000 0.088955 0.086291 
-0.011000 0.088955 0.086291 
-0.010000 0.088939 0.086051 
-0.008500 0.088915 0.085692 
-0.007500 0.088899 0.085452 
-0.004000 0.088804 0.084015 
-0.002500 0.088789 0.083775 
-0.001000 0.088765 0.083416 
0.001500 0.088694 0.082338 
0.002500 0.088654 0.081739 
0.004000 0.088591 0.080780 
0.006000 0.088338 0.076946 
0.008000 0.088251 0.075629 
0.011000 0.088101 0.073353 
0.012000 0.088045 0.072514 
0.014500 0.087800 0.068800 
0.015500 0.087500 0.064248 
0.017500 0.087444 0.063409 
0.019000 0.087405 0.062810 
0.020500 0.087255 0.060534 
0.023500 0.087112 0.058377 
0.024500 0.087073 0.057778 
0.025500 0.087010 0.056820 
0.027500 0.087017 0.056940 
0.030500 0.087073 0.057778 
0.031500 0.087097 0.058138 
0.033500 0.087128 0.058617 
0.035500 0.087152 0.058976 
0.037000 0.087144 0.058856 
0.039500 0.087120 0.058497 
0.042000 0.087057 0.057539 
0.044000 0.086978 0.056341 
0.045500 0.086899 0.055143 
0.047000 0.086836 0.054184 
0.048500 0.086709 0.052267 
0.050000 0.086654 0.051429 
0.051000 0.086567 0.050111 
0.052500 0.086472 0.048673 
0.054500 0.086282 0.046158 
0.057000 0.086083 0.043613 
0.058500 0.085964 0.042085 
0.060000 0.085785 0.039795 
0.061000 0.085646 0.038013 
0.062000 0.085437 0.035340 
0.063500 0.084762 0.026686 
0.064500 0.084682 0.025668 
0.065500 0.084563 0.024141 
0.066000 0.084474 0.022996 
0.066500 0.084315 0.020960 
0.067500 0.084235 0.019941 
0.068000 0.083639 0.012305 
0.069000 0.083620 0.012051 
-0.047250 0.087610 0.055383 
-0.046250 0.088087 0.062691 
-0.045750 0.088157 0.063769 
-0.045250 0.088220 0.064727 
-0.044750 0.088368 0.067004 
-0.043750 0.088494 0.068920 
-0.043250 0.088572 0.070118 
-0.042750 0.088634 0.071076 
-0.040750 0.088775 0.073233 
-0.040250 0.088838 0.074191 
-0.037750 0.089026 0.077066 
-0.036750 0.089065 0.077665 
-0.035750 0.089143 0.078863 
-0.034750 0.089221 0.080061 
-0.033250 0.089299 0.081259 
-0.031750 0.089354 0.082098 
-0.030250 0.089417 0.083056 
-0.027250 0.089487 0.084134 
-0.024250 0.089526 0.084733 
-0.020750 0.089566 0.085332 
-0.018750 0.089589 0.085691 
-0.017750 0.089597 0.085811 
-0.016250 0.089612 0.086051 
-0.014250 0.089620 0.086171 
-0.012750 0.089628 0.086291 
-0.009250 0.089605 0.085931 
-0.006750 0.089573 0.085452 
-0.005750 0.089550 0.085092 
-0.004750 0.089503 0.084374 
-0.003250 0.089464 0.083775 
-0.001750 0.089448 0.083535 
-0.000250 0.089417 0.083056 
0.000750 0.089393 0.082697 
0.003250 0.089299 0.081259 
0.004750 0.089221 0.080061 
0.005750 0.089080 0.077905 
0.006750 0.089033 0.077186 
0.008750 0.088893 0.075030 
0.009750 0.088838 0.074191 
0.012750 0.088666 0.071556 
0.013750 0.088595 0.070478 
0.014750 0.088415 0.067722 
0.016250 0.088196 0.064368 
0.018250 0.088118 0.063170 
0.019750 0.088071 0.062451 
0.021250 0.087915 0.060055 
0.022250 0.087868 0.059337 
0.026250 0.087696 0.056701 
0.028250 0.087711 0.056941 
0.029250 0.087735 0.057300 
0.032250 0.087782 0.058019 
0.034250 0.087813 0.058498 
0.036250 0.087829 0.058738 
0.037750 0.087821 0.058618 
0.038750 0.087805 0.058378 
0.040250 0.087774 0.057899 
0.041250 0.087750 0.057540 
0.042750 0.087711 0.056941 
0.044750 0.087625 0.055623 
0.046250 0.087563 0.054665 
0.047750 0.087414 0.052388 
0.049250 0.087375 0.051789 
0.051750 0.087211 0.049274 
0.053250 0.087081 0.047432 
0.055250 0.086903 0.045141 
0.056250 0.086804 0.043868 
0.057750 0.086695 0.042468 
0.058750 0.086606 0.041323 
0.060250 0.086428 0.039032 
0.061250 0.086260 0.036868 
0.062750 0.086032 0.033941 
0.063750 0.085409 0.025922 
0.066250 0.085112 0.022104 
0.067250 0.084994 0.020576 
0.067750 0.084865 0.018922 
-0.047500 0.088235 0.054306 
-0.042000 0.089381 0.072035 
-0.039500 0.089605 0.075509 
-0.038500 0.089675 0.076587 
-0.035500 0.089876 0.079702 
-0.034000 0.089961 0.081019 
-0.032500 0.090031 0.082097 
-0.031000 0.090077 0.082816 
-0.029500 0.090124 0.083535 
-0.028500 0.090147 0.083894 
-0.026500 0.090186 0.084493 
-0.025500 0.090201 0.084733 
-0.023500 0.090217 0.084972 
-0.022500 0.090224 0.085092 
-0.021500 0.090232 0.085212 
-0.020000 0.090247 0.085451 
-0.017000 0.090271 0.085811 
-0.015500 0.090278 0.085931 
-0.013500 0.090294 0.086170 
-0.012000 0.090302 0.086290 
-0.011000 0.090294 0.086170 
-0.010000 0.090286 0.086050 
-0.008500 0.090271 0.085811 
-0.007500 0.090255 0.085571 
-0.004000 0.090155 0.084014 
-0.002500 0.090124 0.083535 
-0.001000 0.090100 0.083175 
0.001500 0.090031 0.082097 
0.002500 0.090007 0.081738 
0.004000 0.089938 0.080660 
0.005500 0.089806 0.078624 
0.007500 0.089682 0.076707 
0.010500 0.089466 0.073353 
0.011500 0.089411 0.072514 
0.014000 0.089195 0.069160 
0.015000 0.088932 0.065087 
0.017000 0.088831 0.063530 
0.019000 0.088777 0.062692 
0.020000 0.088699 0.061494 
0.023000 0.088575 0.059577 
0.024000 0.088506 0.058499 
0.025000 0.088436 0.057421 
0.027000 0.088382 0.056582 
0.030000 0.088428 0.057301 
0.031000 0.088444 0.057541 
0.033000 0.088467 0.057900 
0.035000 0.088490 0.058259 
0.037000 0.088490 0.058259 
0.039500 0.088467 0.057900 
0.042000 0.088405 0.056942 
0.043500 0.088359 0.056223 
0.045500 0.088281 0.055025 
0.047000 0.088219 0.054067 
0.048500 0.088095 0.052150 
0.050000 0.088041 0.051312 
0.051000 0.087964 0.050114 
0.052500 0.087856 0.048437 
0.054000 0.087702 0.046415 
0.057000 0.087426 0.042851 
0.058000 0.087338 0.041705 
0.059000 0.087229 0.040305 
0.060500 0.087072 0.038268 
0.061500 0.086894 0.035977 
0.062500 0.086786 0.034577 
0.063500 0.086432 0.029995 
0.064500 0.086047 0.025030 
0.065500 0.085959 0.023885 
0.066000 0.085880 0.022867 
0.068000 0.085092 0.012683 
0.069000 0.085053 0.012174 
-0.047750 0.088827 0.052630 
-0.046750 0.089402 0.061614 
-0.046250 0.089471 0.062692 
-0.045750 0.089548 0.063890 
-0.044750 0.089678 0.065926 
-0.044250 0.089785 0.067603 
-0.043750 0.089885 0.069160 
-0.043250 0.089961 0.070358 
-0.042750 0.090023 0.071316 
-0.041250 0.090145 0.073233 
-0.040250 0.090237 0.074670 
-0.037750 0.090414 0.077425 
-0.036750 0.090483 0.078503 
-0.034750 0.090620 0.080660 
-0.033250 0.090689 0.081738 
-0.031750 0.090743 0.082576 
-0.030250 0.090797 0.083415 
-0.027750 0.090850 0.084253 
-0.024750 0.090896 0.084972 
-0.020750 0.090919 0.085331 
-0.019250 0.090935 0.085571 
-0.018250 0.090942 0.085691 
-0.016250 0.090958 0.085930 
-0.014750 0.090965 0.086050 
-0.012750 0.090973 0.086170 
-0.009250 0.090958 0.085930 
-0.006750 0.090927 0.085451 
-0.005750 0.090912 0.085212 
-0.004750 0.090873 0.084613 
-0.003250 0.090804 0.083535 
-0.001750 0.090781 0.083175 
-0.000250 0.090758 0.082816 
0.000750 0.090735 0.082456 
0.003250 0.090651 0.081139 
0.004750 0.090574 0.079941 
0.006250 0.090467 0.078264 
0.008250 0.090337 0.076228 
0.009250 0.090222 0.074431 
0.012250 0.090023 0.071316 
0.013250 0.089946 0.070118 
0.014250 0.089708 0.066405 
0.015750 0.089624 0.065087 
0.017750 0.089502 0.063171 
0.020750 0.089371 0.061134 
0.021750 0.089318 0.060296 
0.025750 0.089096 0.056822 
0.027750 0.089080 0.056582 
0.028750 0.089096 0.056822 
0.031750 0.089134 0.057421 
0.033750 0.089157 0.057780 
0.035750 0.089172 0.058020 
0.037750 0.089165 0.057900 
0.038750 0.089157 0.057780 
0.040250 0.089126 0.057301 
0.041250 0.089111 0.057062 
0.042750 0.089065 0.056343 
0.044250 0.089027 0.055744 
0.046250 0.088950 0.054546 
0.047750 0.088804 0.052270 
0.049250 0.088758 0.051551 
0.051750 0.088613 0.049275 
0.053250 0.088456 0.047052 
0.054750 0.088309 0.045143 
0.055750 0.088231 0.044124 
0.058250 0.087977 0.040815 
0.059250 0.087870 0.039415 
0.060750 0.087684 0.036996 
0.061750 0.087537 0.035087 
0.062750 0.087440 0.033814 
0.066750 0.086473 0.021213 
0.067250 0.086346 0.019559 
-0.048000 0.089460 0.051552 
-0.045000 0.090302 0.064848 
-0.042000 0.090765 0.072155 
-0.039500 0.090992 0.075748 
-0.038500 0.091068 0.076946 
-0.036000 0.091227 0.079462 
-0.034000 0.091348 0.081378 
-0.032500 0.091417 0.082456 
-0.031000 0.091462 0.083175 
-0.029500 0.091500 0.083774 
-0.028500 0.091523 0.084133 
-0.027000 0.091553 0.084612 
-0.026000 0.091568 0.084852 
-0.024000 0.091584 0.085091 
-0.023000 0.091591 0.085211 
-0.022000 0.091599 0.085331 
-0.020000 0.091606 0.085451 
-0.017500 0.091629 0.085810 
-0.015500 0.091637 0.085930 
-0.014000 0.091644 0.086050 
-0.012000 0.091644 0.086050 
-0.011000 0.091644 0.086050 
-0.010000 0.091637 0.085930 
-0.008500 0.091629 0.085810 
-0.007500 0.091614 0.085570 
-0.004000 0.091508 0.083894 
-0.002500 0.091462 0.083175 
-0.001000 0.091440 0.082815 
0.001500 0.091371 0.081737 
0.002500 0.091348 0.081378 
0.004000 0.091295 0.080540 
0.005500 0.091204 0.079102 
0.007000 0.091106 0.077545 
0.009000 0.090984 0.075628 
0.010000 0.090840 0.073353 
0.011000 0.090749 0.071915 
0.013500 0.090575 0.069160 
0.015000 0.090378 0.066046 
0.016500 0.090249 0.064009 
0.018500 0.090173 0.062812 
0.019500 0.090150 0.062452 
0.022500 0.090021 0.060416 
0.023500 0.089976 0.059697 
0.024500 0.089900 0.058499 
0.026500 0.089763 0.056343 
0.029500 0.089786 0.056702 
0.030500 0.089801 0.056942 
0.032500 0.089816 0.057182 
0.034500 0.089832 0.057421 
0.036500 0.089854 0.057781 
0.039500 0.089824 0.057301 
0.042000 0.089778 0.056583 
0.043500 0.089733 0.055864 
0.045000 0.089680 0.055025 
0.047000 0.089597 0.053708 
0.048500 0.089483 0.051911 
0.050000 0.089414 0.050833 
0.051000 0.089354 0.049875 
0.052500 0.089255 0.048318 
0.054000 0.089083 0.046034 
0.056500 0.088831 0.042725 
0.057500 0.088724 0.041325 
0.058500 0.088627 0.040052 
0.059500 0.088501 0.038397 
0.061000 0.088327 0.036106 
0.063500 0.087891 0.030379 
0.064000 0.087455 0.024651 
0.065000 0.087397 0.023888 
0.066000 0.087310 0.022742 
0.067500 0.086592 0.013323 
0.068500 0.086544 0.012687 
-0.047250 0.090755 0.061015 
-0.046750 0.090830 0.062213 
-0.045750 0.090927 0.063770 
-0.044250 0.091062 0.065926 
-0.043750 0.091220 0.068441 
-0.043250 0.091302 0.069759 
-0.041250 0.091513 0.073113 
-0.040250 0.091610 0.074670 
-0.037750 0.091805 0.077784 
-0.036750 0.091880 0.078982 
-0.035250 0.091971 0.080420 
-0.033250 0.092068 0.081977 
-0.031750 0.092128 0.082935 
-0.030250 0.092173 0.083654 
-0.027750 0.092226 0.084492 
-0.025250 0.092263 0.085091 
-0.021250 0.092286 0.085450 
-0.019250 0.092293 0.085570 
-0.018250 0.092301 0.085690 
-0.016750 0.092308 0.085810 
-0.014750 0.092308 0.085810 
-0.013250 0.092316 0.085929 
-0.009250 0.092308 0.085810 
-0.006750 0.092286 0.085450 
-0.005750 0.092263 0.085091 
-0.004750 0.092233 0.084612 
-0.003250 0.092158 0.083414 
-0.001750 0.092113 0.082695 
-0.000250 0.092098 0.082456 
0.000750 0.092068 0.081977 
0.003250 0.092000 0.080899 
0.004750 0.091926 0.079701 
0.006250 0.091843 0.078383 
0.007750 0.091760 0.077066 
0.009250 0.091580 0.074191 
0.010250 0.091453 0.072155 
0.011750 0.091393 0.071196 
0.012750 0.091295 0.069639 
0.013750 0.091167 0.067603 
0.015750 0.091002 0.064968 
0.017250 0.090905 0.063410 
0.020250 0.090815 0.061973 
0.021250 0.090770 0.061254 
0.025250 0.090529 0.057421 
0.027250 0.090447 0.056104 
0.028250 0.090447 0.056104 
0.031250 0.090484 0.056703 
0.033250 0.090499 0.056942 
0.035250 0.090522 0.057302 
0.037250 0.090522 0.057302 
0.038250 0.090514 0.057182 
0.040250 0.090484 0.056703 
0.041250 0.090469 0.056463 
0.042750 0.090439 0.055984 
0.044250 0.090402 0.055385 
0.045750 0.090334 0.054307 
0.047750 0.090214 0.052391 
0.049250 0.090147 0.051312 
0.051750 0.089996 0.048917 
0.052750 0.089903 0.047562 
0.054750 0.089711 0.045016 
0.055750 0.089605 0.043616 
0.056750 0.089480 0.041962 
0.058750 0.089259 0.039035 
0.059750 0.089144 0.037507 
0.060250 0.089077 0.036616 
0.061250 0.088961 0.035089 
0.062250 0.088865 0.033816 
0.066250 0.087972 0.021980 
0.066750 0.087856 0.020453 
0.067250 0.087770 0.019307 
0.069250 0.087212 0.011925 
-0.048000 0.090871 0.051672 
-0.045000 0.091680 0.064728 
-0.042500 0.092037 0.070478 
-0.042000 0.092111 0.071675 
-0.039500 0.092356 0.075628 
-0.038500 0.092445 0.077065 
-0.036000 0.092609 0.079701 
-0.034500 0.092698 0.081138 
-0.032500 0.092787 0.082575 
-0.031000 0.092839 0.083414 
-0.029500 0.092876 0.084013 
-0.028500 0.092891 0.084252 
-0.027000 0.092921 0.084731 
-0.026000 0.092936 0.084971 
-0.024500 0.092950 0.085211 
-0.023500 0.092958 0.085330 
-0.022500 0.092965 0.085450 
-0.020500 0.092973 0.085570 
-0.017500 0.092988 0.085809 
-0.016000 0.092980 0.085690 
-0.014000 0.092980 0.085690 
-0.012500 0.092995 0.085929 
-0.011500 0.092995 0.085929 
-0.010500 0.092995 0.085929 
-0.008500 0.092980 0.085690 
-0.007500 0.092973 0.085570 
-0.004000 0.092883 0.084132 
-0.002500 0.092809 0.082935 
-0.001000 0.092772 0.082336 
0.001500 0.092713 0.081377 
0.002500 0.092690 0.081018 
0.004000 0.092638 0.080180 
0.005500 0.092571 0.079102 
0.007000 0.092482 0.077664 
0.008500 0.092378 0.075988 
0.009500 0.092185 0.072873 
0.011000 0.092126 0.071915 
0.012500 0.092044 0.070597 
0.014500 0.091829 0.067124 
0.016500 0.091628 0.063890 
0.018000 0.091569 0.062932 
0.019000 0.091546 0.062572 
0.022000 0.091450 0.061015 
0.023000 0.091420 0.060536 
0.024000 0.091324 0.058979 
0.026000 0.091183 0.056703 
0.029000 0.091131 0.055865 
0.030000 0.091145 0.056104 
0.032000 0.091168 0.056463 
0.034000 0.091183 0.056703 
0.036000 0.091205 0.057062 
0.039000 0.091183 0.056703 
0.042000 0.091131 0.055865 
0.043500 0.091101 0.055385 
0.045000 0.091034 0.054307 
0.046500 0.090982 0.053469 
0.048500 0.090863 0.051552 
0.050000 0.090789 0.050355 
0.051000 0.090729 0.049396 
0.053500 0.090512 0.046290 
0.056000 0.090255 0.042853 
0.057000 0.090131 0.041199 
0.058000 0.090045 0.040054 
0.059000 0.089902 0.038144 
0.060500 0.089712 0.035599 
0.063000 0.089321 0.030381 
0.064000 0.088854 0.024145 
0.065000 0.088797 0.023381 
0.067500 0.088072 0.013709 
0.068500 0.087977 0.012436 
-0.047750 0.092101 0.060296 
-0.047250 0.092175 0.061494 
-0.046750 0.092234 0.062452 
-0.045750 0.092344 0.064249 
-0.044250 0.092425 0.065567 
-0.043250 0.092572 0.067962 
-0.041250 0.092873 0.072873 
-0.040250 0.092939 0.073951 
-0.037750 0.093182 0.077904 
-0.036750 0.093248 0.078982 
-0.035250 0.093329 0.080299 
-0.033750 0.093417 0.081737 
-0.031750 0.093498 0.083054 
-0.030250 0.093542 0.083773 
-0.027750 0.093593 0.084611 
-0.025250 0.093623 0.085090 
-0.021750 0.093652 0.085570 
-0.019750 0.093659 0.085689 
-0.018750 0.093667 0.085809 
-0.016750 0.093667 0.085809 
-0.015250 0.093659 0.085689 
-0.013250 0.093659 0.085689 
-0.009750 0.093667 0.085809 
-0.006750 0.093637 0.085330 
-0.005750 0.093623 0.085090 
-0.004750 0.093601 0.084731 
-0.003250 0.093542 0.083773 
-0.001750 0.093461 0.082455 
-0.000250 0.093424 0.081856 
0.000750 0.093395 0.081377 
0.003250 0.093336 0.080419 
0.004750 0.093285 0.079581 
0.006250 0.093196 0.078143 
0.007750 0.093101 0.076586 
0.008750 0.093005 0.075029 
0.010250 0.092836 0.072274 
0.011750 0.092785 0.071436 
0.013250 0.092608 0.068561 
0.015250 0.092417 0.065447 
0.017250 0.092278 0.063171 
0.019750 0.092226 0.062333 
0.020750 0.092197 0.061854 
0.024750 0.091991 0.058500 
0.026750 0.091844 0.056104 
0.027750 0.091815 0.055625 
0.030750 0.091829 0.055865 
0.032750 0.091851 0.056224 
0.034750 0.091859 0.056344 
0.036750 0.091873 0.056583 
0.037750 0.091866 0.056464 
0.039750 0.091844 0.056104 
0.040750 0.091822 0.055745 
0.042750 0.091793 0.055266 
0.044250 0.091748 0.054547 
0.045750 0.091690 0.053589 
0.047250 0.091624 0.052511 
0.049250 0.091513 0.050714 
0.051750 0.091366 0.048319 
0.052750 0.091274 0.047054 
0.054250 0.091132 0.045145 
0.055250 0.091028 0.043745 
0.058250 0.090669 0.038909 
0.058750 0.090556 0.037382 
0.059250 0.090480 0.036364 
0.060750 0.090367 0.034837 
0.061750 0.090263 0.033437 
0.062250 0.090055 0.030637 
0.065750 0.089431 0.022238 
0.066250 0.089346 0.021092 
0.066750 0.089223 0.019438 
-0.048000 0.092259 0.051433 
-0.045000 0.093081 0.064968 
-0.043500 0.093153 0.066166 
-0.043000 0.093364 0.069639 
-0.042000 0.093393 0.070118 
-0.039500 0.093684 0.074909 
-0.038500 0.093779 0.076466 
-0.036000 0.093961 0.079461 
-0.034500 0.094048 0.080898 
-0.033000 0.094135 0.082335 
-0.031000 0.094200 0.083413 
-0.029500 0.094237 0.084012 
-0.028500 0.094259 0.084371 
-0.027000 0.094281 0.084731 
-0.026000 0.094295 0.084970 
-0.024500 0.094310 0.085210 
-0.023500 0.094324 0.085449 
-0.022500 0.094331 0.085569 
-0.021000 0.094339 0.085689 
-0.018000 0.094346 0.085809 
-0.016000 0.094339 0.085689 
-0.014500 0.094331 0.085569 
-0.012500 0.094339 0.085689 
-0.011500 0.094339 0.085689 
-0.010500 0.094346 0.085809 
-0.009000 0.094339 0.085689 
-0.008000 0.094324 0.085449 
-0.004000 0.094251 0.084252 
-0.002500 0.094179 0.083054 
-0.001000 0.094106 0.081856 
0.001500 0.094055 0.081018 
0.002500 0.094026 0.080539 
0.004000 0.093982 0.079820 
0.005500 0.093910 0.078622 
0.007000 0.093822 0.077185 
0.009000 0.093583 0.073232 
0.011000 0.093502 0.071915 
0.012500 0.093459 0.071196 
0.014000 0.093263 0.067962 
0.016000 0.093030 0.064129 
0.018000 0.092950 0.062812 
0.019000 0.092928 0.062453 
0.021500 0.092870 0.061494 
0.022500 0.092826 0.060776 
0.023500 0.092761 0.059698 
0.025500 0.092630 0.057542 
0.028500 0.092499 0.055386 
0.029500 0.092484 0.055146 
0.031500 0.092506 0.055506 
0.033500 0.092528 0.055865 
0.035500 0.092543 0.056104 
0.038500 0.092528 0.055865 
0.041500 0.092484 0.055146 
0.043500 0.092441 0.054428 
0.044500 0.092390 0.053589 
0.046500 0.092339 0.052751 
0.048000 0.092252 0.051314 
0.049500 0.092172 0.049996 
0.050500 0.092128 0.049277 
0.053500 0.091885 0.045782 
0.056000 0.091641 0.042473 
0.057000 0.091529 0.040946 
0.059500 0.091126 0.035474 
0.061000 0.091022 0.034074 
0.063000 0.090741 0.030256 
0.063500 0.090282 0.024021 
0.064500 0.090235 0.023384 
0.067000 0.089560 0.014222 
0.068000 0.089467 0.012949 
0.068500 0.089382 0.011804 
-0.047250 0.093558 0.061375 
-0.046250 0.093651 0.062932 
-0.045750 0.093745 0.064489 
-0.044250 0.093853 0.066285 
-0.041250 0.094234 0.072633 
-0.040250 0.094306 0.073831 
-0.037750 0.094522 0.077424 
-0.036750 0.094594 0.078622 
-0.035250 0.094680 0.080059 
-0.033750 0.094766 0.081496 
-0.032250 0.094838 0.082694 
-0.030250 0.094903 0.083772 
-0.027750 0.094946 0.084491 
-0.025250 0.094982 0.085090 
-0.021750 0.095018 0.085689 
-0.020250 0.095025 0.085808 
-0.019250 0.095025 0.085808 
-0.017250 0.095025 0.085808 
-0.015250 0.095018 0.085689 
-0.013750 0.095004 0.085449 
-0.009750 0.095011 0.085569 
-0.007250 0.094996 0.085329 
-0.006250 0.094982 0.085090 
-0.005250 0.094960 0.084730 
-0.003250 0.094910 0.083892 
-0.001750 0.094816 0.082335 
-0.000250 0.094759 0.081377 
0.000750 0.094737 0.081017 
0.003250 0.094680 0.080059 
0.004750 0.094615 0.078981 
0.006250 0.094536 0.077664 
0.007750 0.094443 0.076107 
0.008250 0.094385 0.075149 
0.009750 0.094241 0.072753 
0.011750 0.094176 0.071675 
0.013250 0.094119 0.070717 
0.014750 0.093817 0.065687 
0.016750 0.093673 0.063291 
0.019750 0.093608 0.062213 
0.020750 0.093579 0.061734 
0.024250 0.093428 0.059219 
0.026250 0.093306 0.057183 
0.027250 0.093263 0.056464 
0.030250 0.093162 0.054787 
0.032250 0.093184 0.055147 
0.034250 0.093198 0.055386 
0.035250 0.093198 0.055386 
0.036250 0.093205 0.055506 
0.037250 0.093205 0.055506 
0.039250 0.093198 0.055386 
0.040250 0.093184 0.055147 
0.042250 0.093141 0.054428 
0.044750 0.093040 0.052751 
0.045750 0.093025 0.052512 
0.046750 0.092990 0.051913 
0.048250 0.092910 0.050595 
0.049750 0.092831 0.049278 
0.050750 0.092788 0.048559 
0.051750 0.092711 0.047436 
0.052750 0.092618 0.046164 
0.054250 0.092488 0.044382 
0.055250 0.092404 0.043237 
0.056250 0.092293 0.041710 
0.057250 0.092181 0.040183 
0.057750 0.092060 0.038529 
0.058250 0.091921 0.036620 
0.058750 0.091856 0.035729 
0.059750 0.091772 0.034584 
0.061250 0.091577 0.031912 
0.061750 0.091512 0.031021 
0.065250 0.090899 0.022622 
0.065750 0.090824 0.021604 
0.066250 0.090694 0.019823 
0.066750 0.090583 0.018296 
0.068750 0.090007 0.010406 
-0.047500 0.094089 0.058620 
-0.045000 0.094474 0.065088 
-0.043500 0.094701 0.068920 
-0.042500 0.094737 0.069519 
-0.039500 0.095057 0.074909 
-0.038500 0.095128 0.076107 
-0.036000 0.095313 0.079221 
-0.034500 0.095384 0.080418 
-0.033000 0.095484 0.082095 
-0.031500 0.095541 0.083053 
-0.029500 0.095598 0.084011 
-0.028500 0.095612 0.084251 
-0.027000 0.095640 0.084730 
-0.026000 0.095655 0.084970 
-0.024500 0.095676 0.085329 
-0.023500 0.095683 0.085449 
-0.022500 0.095690 0.085568 
-0.021000 0.095697 0.085688 
-0.018500 0.095704 0.085808 
-0.016500 0.095704 0.085808 
-0.014500 0.095690 0.085568 
-0.013000 0.095676 0.085329 
-0.012000 0.095683 0.085449 
-0.011000 0.095683 0.085449 
-0.009000 0.095676 0.085329 
-0.004500 0.095619 0.084371 
-0.002500 0.095534 0.082934 
-0.001000 0.095448 0.081496 
0.001500 0.095391 0.080538 
0.002500 0.095363 0.080059 
0.004000 0.095313 0.079221 
0.005500 0.095242 0.078023 
0.007000 0.095149 0.076466 
0.008500 0.094993 0.073831 
0.010500 0.094893 0.072154 
0.012500 0.094836 0.071196 
0.014000 0.094644 0.067962 
0.015500 0.094481 0.065207 
0.016000 0.094395 0.063770 
0.017500 0.094338 0.062812 
0.018500 0.094317 0.062453 
0.021500 0.094239 0.061135 
0.022500 0.094203 0.060537 
0.023500 0.094160 0.059818 
0.025000 0.094082 0.058500 
0.026000 0.094047 0.057902 
0.028000 0.093954 0.056345 
0.029000 0.093826 0.054189 
0.031000 0.093826 0.054189 
0.032000 0.093840 0.054428 
0.033000 0.093847 0.054548 
0.034000 0.093855 0.054668 
0.038000 0.093869 0.054907 
0.039500 0.093855 0.054668 
0.040500 0.093833 0.054309 
0.041500 0.093826 0.054189 
0.043000 0.093791 0.053590 
0.044000 0.093734 0.052632 
0.045000 0.093698 0.052033 
0.046000 0.093684 0.051793 
0.047000 0.093641 0.051075 
0.048500 0.093563 0.049757 
0.051000 0.093443 0.047819 
0.052000 0.093351 0.046546 
0.053500 0.093240 0.045019 
0.054500 0.093130 0.043492 
0.056500 0.092945 0.040947 
0.059000 0.092503 0.034839 
0.060000 0.092429 0.033821 
0.060500 0.092356 0.032803 
0.062500 0.092052 0.028604 
0.063000 0.091729 0.024151 
0.064000 0.091683 0.023514 
0.066500 0.091361 0.019061 
0.067000 0.090974 0.013717 
0.067500 0.090881 0.012444 
0.068000 0.090789 0.011172 
-0.046750 0.094962 0.061615 
-0.046250 0.095033 0.062812 
-0.045750 0.095117 0.064249 
-0.044250 0.095244 0.066405 
-0.041750 0.095581 0.072154 
-0.040750 0.095666 0.073591 
-0.037750 0.095877 0.077184 
-0.036750 0.095954 0.078502 
-0.035250 0.096025 0.079699 
-0.033750 0.096102 0.081017 
-0.032250 0.096186 0.082454 
-0.030750 0.096243 0.083412 
-0.027750 0.096306 0.084490 
-0.025250 0.096341 0.085089 
-0.021750 0.096369 0.085568 
-0.020250 0.096377 0.085688 
-0.019250 0.096383 0.085808 
-0.017750 0.096383 0.085808 
-0.015750 0.096377 0.085688 
-0.013750 0.096362 0.085448 
-0.010250 0.096355 0.085328 
-0.008250 0.096348 0.085209 
-0.007250 0.096341 0.085089 
-0.006250 0.096320 0.084730 
-0.005250 0.096306 0.084490 
-0.003750 0.096271 0.083891 
-0.001750 0.096180 0.082334 
-0.000250 0.096102 0.081017 
0.000750 0.096074 0.080538 
0.003250 0.096004 0.079340 
0.004750 0.095926 0.078023 
0.005750 0.095877 0.077184 
0.007250 0.095743 0.074909 
0.009250 0.095631 0.072993 
0.011250 0.095560 0.071795 
0.013250 0.095476 0.070358 
0.014750 0.095216 0.065926 
0.016750 0.095054 0.063171 
0.019250 0.094990 0.062094 
0.020250 0.094969 0.061734 
0.024250 0.094821 0.059219 
0.026750 0.094716 0.057423 
0.029750 0.094498 0.053710 
0.030750 0.094484 0.053470 
0.031750 0.094484 0.053470 
0.032750 0.094498 0.053710 
0.033750 0.094512 0.053949 
0.034750 0.094519 0.054069 
0.035750 0.094526 0.054189 
0.037250 0.094526 0.054189 
0.038250 0.094519 0.054069 
0.039750 0.094505 0.053830 
0.041750 0.094477 0.053351 
0.043250 0.094442 0.052752 
0.044250 0.094371 0.051554 
0.045250 0.094350 0.051195 
0.046250 0.094329 0.050836 
0.047250 0.094301 0.050356 
0.048750 0.094223 0.049039 
0.049750 0.094181 0.048320 
0.051250 0.094074 0.046801 
0.052250 0.093992 0.045656 
0.053750 0.093873 0.044002 
0.055250 0.093745 0.042220 
0.056750 0.093517 0.039039 
0.057250 0.093407 0.037512 
0.057750 0.093334 0.036495 
0.058250 0.093252 0.035349 
0.059250 0.093142 0.033822 
0.060250 0.092996 0.031787 
0.061250 0.092877 0.030133 
0.062250 0.092466 0.024407 
0.064750 0.092348 0.022752 
0.065250 0.092274 0.021735 
0.065750 0.092165 0.020208 
0.066750 0.091772 0.014736 
0.068250 0.091443 0.010156 
-0.047500 0.095365 0.056585 
-0.047000 0.095497 0.058860 
-0.045000 0.095866 0.065208 
-0.043500 0.096089 0.069040 
-0.042500 0.096124 0.069639 
-0.040000 0.096402 0.074429 
-0.039000 0.096499 0.076106 
-0.036000 0.096680 0.079220 
-0.034500 0.096750 0.080418 
-0.033000 0.096826 0.081735 
-0.031500 0.096889 0.082813 
-0.030000 0.096937 0.083651 
-0.029000 0.096958 0.084011 
-0.027000 0.096993 0.084610 
-0.026000 0.097014 0.084969 
-0.024500 0.097028 0.085208 
-0.023500 0.097035 0.085328 
-0.022500 0.097042 0.085448 
-0.021000 0.097049 0.085568 
-0.018500 0.097056 0.085688 
-0.017000 0.097056 0.085688 
-0.015000 0.097049 0.085568 
-0.013000 0.097028 0.085208 
-0.012000 0.097028 0.085208 
-0.011000 0.097028 0.085208 
-0.009500 0.097021 0.085089 
-0.004500 0.096958 0.084011 
-0.003000 0.096903 0.083053 
-0.001000 0.096791 0.081136 
0.001500 0.096715 0.079819 
0.002500 0.096687 0.079340 
0.004000 0.096624 0.078262 
0.006000 0.096499 0.076106 
0.008000 0.096381 0.074070 
0.010000 0.096276 0.072274 
0.012000 0.096214 0.071196 
0.014000 0.096005 0.067603 
0.015500 0.095887 0.065567 
0.016000 0.095789 0.063890 
0.017500 0.095720 0.062693 
0.018500 0.095685 0.062094 
0.021000 0.095623 0.061016 
0.022000 0.095588 0.060417 
0.023000 0.095560 0.059938 
0.025000 0.095490 0.058740 
0.026000 0.095449 0.058022 
0.027500 0.095365 0.056585 
0.028500 0.095198 0.053710 
0.032000 0.095142 0.052752 
0.033000 0.095149 0.052872 
0.034000 0.095149 0.052872 
0.035000 0.095163 0.053111 
0.036000 0.095170 0.053231 
0.037000 0.095170 0.053231 
0.038000 0.095177 0.053351 
0.039000 0.095170 0.053231 
0.040000 0.095163 0.053111 
0.041000 0.095149 0.052872 
0.042000 0.095135 0.052632 
0.043000 0.095101 0.052033 
0.044500 0.095024 0.050716 
0.045500 0.095010 0.050476 
0.046500 0.094989 0.050117 
0.047500 0.094948 0.049399 
0.049000 0.094885 0.048321 
0.050000 0.094833 0.047565 
0.051500 0.094706 0.045784 
0.052500 0.094624 0.044638 
0.054500 0.094480 0.042603 
0.055500 0.094371 0.041076 
0.056000 0.094298 0.040058 
0.058500 0.093891 0.034332 
0.059000 0.093773 0.032678 
0.060000 0.093656 0.031024 
0.062000 0.093230 0.025044 
0.063000 0.093158 0.024026 
0.064000 0.093103 0.023263 
0.067500 0.092216 0.010794 
-0.046750 0.096270 0.060178 
-0.046250 0.096380 0.062094 
-0.045750 0.096449 0.063291 
-0.044250 0.096607 0.066046 
-0.041750 0.096971 0.072393 
-0.040750 0.097061 0.073950 
-0.038250 0.097240 0.077064 
-0.037250 0.097295 0.078022 
-0.035250 0.097398 0.079819 
-0.033750 0.097467 0.081016 
-0.032250 0.097536 0.082214 
-0.030750 0.097591 0.083172 
-0.028250 0.097653 0.084250 
-0.025250 0.097694 0.084968 
-0.021750 0.097721 0.085448 
-0.020250 0.097728 0.085567 
-0.019250 0.097728 0.085567 
-0.017750 0.097728 0.085567 
-0.016250 0.097728 0.085567 
-0.014250 0.097721 0.085448 
-0.010250 0.097701 0.085088 
-0.008750 0.097687 0.084849 
-0.007750 0.097680 0.084729 
-0.006750 0.097666 0.084490 
-0.005750 0.097653 0.084250 
-0.003750 0.097598 0.083292 
-0.002250 0.097543 0.082334 
-0.000250 0.097446 0.080657 
0.000750 0.097405 0.079939 
0.003250 0.097315 0.078382 
0.004750 0.097233 0.076944 
0.006250 0.097137 0.075268 
0.007250 0.097088 0.074429 
0.008750 0.097006 0.072992 
0.010750 0.096937 0.071795 
0.012750 0.096848 0.070238 
0.014750 0.096614 0.066166 
0.016750 0.096435 0.063052 
0.019250 0.096352 0.061615 
0.020250 0.096318 0.061016 
0.023750 0.096222 0.059339 
0.026750 0.096091 0.057064 
0.027750 0.095912 0.053950 
0.029250 0.095885 0.053471 
0.030250 0.095857 0.052992 
0.031250 0.095836 0.052633 
0.032750 0.095802 0.052034 
0.033750 0.095795 0.051914 
0.034750 0.095809 0.052154 
0.035750 0.095816 0.052273 
0.036750 0.095823 0.052393 
0.037750 0.095830 0.052513 
0.038750 0.095823 0.052393 
0.039750 0.095816 0.052273 
0.040750 0.095802 0.052034 
0.041750 0.095788 0.051794 
0.042750 0.095761 0.051315 
0.043750 0.095712 0.050477 
0.044750 0.095685 0.049998 
0.045750 0.095664 0.049639 
0.046750 0.095644 0.049279 
0.047750 0.095589 0.048321 
0.049250 0.095519 0.047311 
0.050250 0.095447 0.046293 
0.051750 0.095330 0.044639 
0.053250 0.095241 0.043367 
0.054750 0.095088 0.041204 
0.056250 0.094864 0.038023 
0.057250 0.094702 0.035733 
0.057750 0.094577 0.033952 
0.058250 0.094478 0.032552 
0.059250 0.094379 0.031153 
0.060250 0.094316 0.030262 
0.061250 0.094020 0.026063 
0.064750 0.093733 0.021992 
0.065250 0.093634 0.020593 
0.066250 0.093482 0.018430 
0.066750 0.093177 0.014104 
0.067750 0.092818 0.009015 
-0.047500 0.096728 0.055986 
-0.046500 0.097006 0.060896 
-0.045000 0.097245 0.065088 
-0.044000 0.097408 0.067962 
-0.043500 0.097462 0.068920 
-0.043000 0.097517 0.069878 
-0.042000 0.097530 0.070118 
-0.040000 0.097796 0.074789 
-0.039000 0.097870 0.076106 
-0.036500 0.098027 0.078860 
-0.034500 0.098122 0.080537 
-0.033000 0.098190 0.081735 
-0.031500 0.098237 0.082573 
-0.030000 0.098285 0.083411 
-0.029000 0.098306 0.083771 
-0.027500 0.098333 0.084250 
-0.026500 0.098353 0.084609 
-0.024500 0.098374 0.084968 
-0.023500 0.098380 0.085088 
-0.022500 0.098387 0.085208 
-0.021000 0.098394 0.085327 
-0.018500 0.098401 0.085447 
-0.017000 0.098401 0.085447 
-0.015500 0.098394 0.085327 
-0.013500 0.098387 0.085208 
-0.012500 0.098380 0.085088 
-0.011500 0.098374 0.084968 
-0.009500 0.098360 0.084729 
-0.005000 0.098306 0.083771 
-0.003000 0.098244 0.082693 
-0.001500 0.098176 0.081495 
0.001500 0.098040 0.079100 
0.002500 0.098013 0.078621 
0.004000 0.097938 0.077304 
0.005500 0.097857 0.075866 
0.008000 0.097714 0.073352 
0.009500 0.097646 0.072154 
0.011500 0.097585 0.071076 
0.013500 0.097367 0.067244 
0.015500 0.097211 0.064489 
0.017500 0.097095 0.062453 
0.018500 0.097061 0.061855 
0.021000 0.096979 0.060417 
0.022000 0.096952 0.059938 
0.023000 0.096925 0.059459 
0.024500 0.096884 0.058741 
0.025500 0.096850 0.058142 
0.028500 0.096619 0.054070 
0.032000 0.096510 0.052154 
0.033000 0.096462 0.051316 
0.034000 0.096449 0.051076 
0.035000 0.096462 0.051316 
0.036000 0.096469 0.051435 
0.037000 0.096476 0.051555 
0.038000 0.096462 0.051316 
0.039000 0.096449 0.051076 
0.040000 0.096456 0.051196 
0.041000 0.096435 0.050836 
0.042000 0.096415 0.050477 
0.043000 0.096401 0.050238 
0.044000 0.096354 0.049399 
0.045000 0.096340 0.049160 
0.046000 0.096320 0.048801 
0.047000 0.096292 0.048322 
0.048000 0.096223 0.047311 
0.049500 0.096134 0.046039 
0.050500 0.096063 0.045021 
0.052000 0.095974 0.043749 
0.053500 0.095885 0.042477 
0.054000 0.095770 0.040823 
0.055000 0.095716 0.040059 
0.055500 0.095583 0.038151 
0.056500 0.095521 0.037260 
0.057000 0.095218 0.032935 
0.058500 0.095120 0.031535 
0.059500 0.095040 0.030390 
0.060000 0.094951 0.029118 
0.060500 0.094827 0.027337 
0.062000 0.094649 0.024793 
0.063000 0.094587 0.023902 
0.064000 0.094498 0.022630 
0.067000 0.093653 0.010544 
-0.046750 0.097474 0.056825 
-0.046250 0.097742 0.061615 
-0.045750 0.097830 0.063172 
-0.044250 0.097984 0.065926 
-0.041750 0.098334 0.072154 
-0.040750 0.098421 0.073711 
-0.038250 0.098610 0.077064 
-0.037250 0.098677 0.078261 
-0.035750 0.098757 0.079699 
-0.033750 0.098831 0.081016 
-0.032250 0.098892 0.082094 
-0.030750 0.098946 0.083052 
-0.028250 0.099000 0.084010 
-0.025750 0.099033 0.084609 
-0.021750 0.099067 0.085207 
-0.020250 0.099067 0.085207 
-0.019250 0.099067 0.085207 
-0.017750 0.099073 0.085327 
-0.016250 0.099067 0.085207 
-0.014750 0.099067 0.085207 
-0.010750 0.099040 0.084728 
-0.008750 0.099026 0.084489 
-0.007750 0.099020 0.084369 
-0.006750 0.099000 0.084010 
-0.005750 0.098986 0.083770 
-0.004250 0.098946 0.083052 
-0.002250 0.098879 0.081854 
-0.000750 0.098818 0.080776 
0.000250 0.098798 0.080417 
0.003250 0.098657 0.077902 
0.004750 0.098576 0.076465 
0.006250 0.098509 0.075268 
0.007250 0.098475 0.074669 
0.008750 0.098347 0.072393 
0.010250 0.098307 0.071675 
0.012250 0.098213 0.069998 
0.014250 0.098038 0.066884 
0.016250 0.097837 0.063292 
0.019250 0.097715 0.061136 
0.020250 0.097695 0.060777 
0.023750 0.097594 0.058980 
0.026250 0.097487 0.057064 
0.026750 0.097352 0.054669 
0.027750 0.097346 0.054549 
0.029250 0.097305 0.053831 
0.030250 0.097285 0.053471 
0.031250 0.097245 0.052753 
0.033750 0.097104 0.050238 
0.034750 0.097090 0.049999 
0.035750 0.097090 0.049999 
0.036750 0.097097 0.050118 
0.038250 0.097077 0.049759 
0.039250 0.097084 0.049879 
0.040250 0.097077 0.049759 
0.041250 0.097063 0.049520 
0.042250 0.097050 0.049280 
0.043250 0.097037 0.049041 
0.044250 0.097016 0.048681 
0.045250 0.096996 0.048322 
0.046250 0.096963 0.047821 
0.047250 0.096901 0.046930 
0.048250 0.096857 0.046294 
0.049250 0.096787 0.045276 
0.050250 0.096707 0.044131 
0.051250 0.096663 0.043495 
0.052250 0.096619 0.042859 
0.053250 0.096540 0.041714 
0.053750 0.096381 0.039424 
0.054750 0.096284 0.038025 
0.055750 0.096214 0.037007 
0.057250 0.095879 0.032173 
0.058750 0.095773 0.030646 
0.060750 0.095491 0.026575 
0.063250 0.095244 0.023013 
0.064250 0.095156 0.021741 
0.064750 0.095094 0.020850 
0.065250 0.095032 0.019960 
0.066250 0.094636 0.014235 
-0.046500 0.098371 0.060418 
-0.045000 0.098597 0.064489 
-0.043500 0.098823 0.068561 
-0.043000 0.098883 0.069639 
-0.042000 0.098956 0.070956 
-0.040000 0.099162 0.074668 
-0.039000 0.099228 0.075866 
-0.036500 0.099394 0.078860 
-0.035000 0.099467 0.080177 
-0.033000 0.099540 0.081495 
-0.031500 0.099593 0.082453 
-0.030000 0.099633 0.083171 
-0.029000 0.099653 0.083531 
-0.027500 0.099680 0.084009 
-0.026500 0.099693 0.084249 
-0.025000 0.099713 0.084608 
-0.024000 0.099726 0.084848 
-0.023000 0.099733 0.084968 
-0.021000 0.099740 0.085087 
-0.018500 0.099740 0.085087 
-0.017000 0.099733 0.084968 
-0.015500 0.099733 0.084968 
-0.014000 0.099733 0.084968 
-0.013000 0.099726 0.084848 
-0.012000 0.099720 0.084728 
-0.010000 0.099700 0.084369 
-0.005000 0.099633 0.083171 
-0.003500 0.099593 0.082453 
-0.001500 0.099520 0.081135 
0.001000 0.099408 0.079099 
0.002000 0.099388 0.078740 
0.004000 0.099301 0.077183 
0.005500 0.099228 0.075866 
0.008000 0.099042 0.072513 
0.009500 0.099002 0.071794 
0.011000 0.098949 0.070836 
0.013000 0.098756 0.067364 
0.015000 0.098663 0.065687 
0.017000 0.098484 0.062454 
0.018000 0.098437 0.061615 
0.021000 0.098344 0.059939 
0.022000 0.098318 0.059460 
0.023000 0.098298 0.059100 
0.024500 0.098251 0.058262 
0.025500 0.098205 0.057424 
0.028500 0.098032 0.054310 
0.032000 0.097886 0.051675 
0.033000 0.097826 0.050598 
0.035000 0.097740 0.049041 
0.036000 0.097726 0.048801 
0.037000 0.097726 0.048801 
0.038000 0.097720 0.048682 
0.039000 0.097720 0.048682 
0.040500 0.097713 0.048562 
0.041500 0.097706 0.048442 
0.042500 0.097700 0.048322 
0.043500 0.097685 0.048075 
0.044500 0.097649 0.047567 
0.045500 0.097623 0.047185 
0.046500 0.097588 0.046676 
0.047500 0.097501 0.045404 
0.048500 0.097484 0.045150 
0.049500 0.097414 0.044132 
0.050500 0.097352 0.043241 
0.051500 0.097291 0.042351 
0.052500 0.097230 0.041460 
0.053500 0.097020 0.038407 
0.054500 0.096942 0.037262 
0.055500 0.096671 0.033319 
0.056500 0.096610 0.032428 
0.058000 0.096505 0.030902 
0.059000 0.096409 0.029502 
0.059500 0.096348 0.028612 
0.060000 0.096287 0.027721 
0.061500 0.096112 0.025177 
0.062500 0.096042 0.024159 
0.065500 0.095701 0.019198 
-0.045750 0.099159 0.062094 
-0.045250 0.099218 0.063172 
-0.044250 0.099369 0.065926 
-0.043750 0.099421 0.066885 
-0.041250 0.099730 0.072513 
-0.040750 0.099782 0.073471 
-0.038250 0.099953 0.076585 
-0.037250 0.100019 0.077782 
-0.035750 0.100104 0.079339 
-0.034250 0.100176 0.080656 
-0.032250 0.100242 0.081854 
-0.030750 0.100288 0.082692 
-0.028250 0.100341 0.083650 
-0.025750 0.100380 0.084368 
-0.022250 0.100406 0.084847 
-0.020250 0.100406 0.084847 
-0.019250 0.100406 0.084847 
-0.017750 0.100406 0.084847 
-0.016250 0.100406 0.084847 
-0.014750 0.100400 0.084728 
-0.011250 0.100380 0.084368 
-0.009250 0.100360 0.084009 
-0.008250 0.100354 0.083889 
-0.007250 0.100341 0.083650 
-0.006250 0.100327 0.083410 
-0.004250 0.100282 0.082572 
-0.002750 0.100236 0.081734 
-0.000750 0.100176 0.080656 
0.000250 0.100157 0.080297 
0.002750 0.100052 0.078381 
0.004750 0.099953 0.076585 
0.006250 0.099887 0.075387 
0.007250 0.099842 0.074549 
0.008750 0.099697 0.071914 
0.010250 0.099645 0.070956 
0.011750 0.099586 0.069878 
0.013750 0.099421 0.066885 
0.015750 0.099297 0.064609 
0.016250 0.099192 0.062693 
0.018750 0.099100 0.061017 
0.019750 0.099080 0.060657 
0.023750 0.098962 0.058502 
0.026250 0.098791 0.055388 
0.027250 0.098765 0.054909 
0.029250 0.098719 0.054071 
0.030250 0.098686 0.053472 
0.031250 0.098633 0.052514 
0.033750 0.098489 0.049880 
0.034250 0.098436 0.048921 
0.035250 0.098388 0.048076 
0.036250 0.098371 0.047821 
0.037250 0.098362 0.047694 
0.038250 0.098354 0.047567 
0.039250 0.098354 0.047567 
0.040750 0.098362 0.047694 
0.041750 0.098354 0.047567 
0.042750 0.098336 0.047313 
0.043750 0.098319 0.047058 
0.044750 0.098293 0.046677 
0.045750 0.098250 0.046041 
0.046750 0.098198 0.045277 
0.047250 0.098129 0.044260 
0.048250 0.098129 0.044260 
0.049250 0.098007 0.042479 
0.050250 0.097999 0.042351 
0.051250 0.097930 0.041334 
0.052250 0.097878 0.040571 
0.052750 0.097678 0.037645 
0.053750 0.097419 0.033829 
0.054750 0.097384 0.033320 
0.055750 0.097332 0.032557 
0.057250 0.097246 0.031284 
0.060250 0.096951 0.026959 
0.063250 0.096674 0.022889 
0.063750 0.096605 0.021871 
0.064750 0.096432 0.019327 
0.065750 0.096068 0.013984 
-0.046500 0.099763 0.060418 
-0.043000 0.100171 0.067962 
-0.042000 0.100334 0.070956 
-0.040000 0.100515 0.074309 
-0.039000 0.100580 0.075507 
-0.036500 0.100736 0.078381 
-0.035000 0.100820 0.079937 
-0.033500 0.100872 0.080895 
-0.031500 0.100937 0.082093 
-0.030000 0.100976 0.082811 
-0.029000 0.100995 0.083171 
-0.027500 0.101028 0.083769 
-0.026500 0.101041 0.084009 
-0.025000 0.101060 0.084368 
-0.024000 0.101067 0.084488 
-0.023000 0.101073 0.084608 
-0.021500 0.101080 0.084727 
-0.018500 0.101073 0.084608 
-0.017000 0.101073 0.084608 
-0.015500 0.101073 0.084608 
-0.014000 0.101073 0.084608 
-0.013000 0.101067 0.084488 
-0.012000 0.101060 0.084368 
-0.010500 0.101041 0.084009 
-0.005500 0.100976 0.082811 
-0.003500 0.100930 0.081973 
-0.002000 0.100885 0.081135 
0.001000 0.100781 0.079219 
0.002000 0.100749 0.078620 
0.003500 0.100677 0.077303 
0.005500 0.100600 0.075866 
0.008000 0.100379 0.071794 
0.009500 0.100346 0.071195 
0.011000 0.100288 0.070118 
0.012000 0.100236 0.069160 
0.012500 0.100139 0.067364 
0.014500 0.100061 0.065926 
0.017000 0.099840 0.061855 
0.018000 0.099808 0.061256 
0.020500 0.099717 0.059580 
0.021500 0.099685 0.058981 
0.022500 0.099665 0.058622 
0.024000 0.099620 0.057783 
0.025000 0.099574 0.056945 
0.028000 0.099445 0.054550 
0.032000 0.099276 0.051437 
0.033000 0.099237 0.050718 
0.034500 0.099101 0.048203 
0.036500 0.099006 0.046804 
0.037500 0.098981 0.046423 
0.038500 0.098972 0.046295 
0.039500 0.098972 0.046295 
0.041000 0.098964 0.046168 
0.042000 0.098938 0.045787 
0.043000 0.098929 0.045659 
0.044000 0.098903 0.045278 
0.045000 0.098886 0.045023 
0.046000 0.098835 0.044260 
0.047000 0.098766 0.043242 
0.048000 0.098749 0.042988 
0.048500 0.098681 0.041970 
0.049500 0.098646 0.041462 
0.050500 0.098612 0.040953 
0.051500 0.098569 0.040317 
0.052000 0.098166 0.034338 
0.053000 0.098123 0.033702 
0.056500 0.097986 0.031667 
0.058000 0.097900 0.030395 
0.059000 0.097806 0.028996 
0.061000 0.097583 0.025689 
0.062000 0.097488 0.024289 
0.064000 0.097274 0.021109 
0.065000 0.097102 0.018565 
-0.045750 0.100574 0.062574 
-0.044750 0.100606 0.063172 
-0.044250 0.100760 0.066046 
-0.043250 0.100824 0.067244 
-0.042250 0.100888 0.068441 
-0.041250 0.101067 0.071794 
-0.040750 0.101131 0.072992 
-0.038250 0.101304 0.076225 
-0.037250 0.101369 0.077422 
-0.035750 0.101445 0.078859 
-0.034250 0.101522 0.080296 
-0.032750 0.101574 0.081254 
-0.030750 0.101625 0.082212 
-0.028250 0.101683 0.083290 
-0.025750 0.101721 0.084008 
-0.022250 0.101747 0.084487 
-0.020750 0.101747 0.084487 
-0.019250 0.101747 0.084487 
-0.017750 0.101747 0.084487 
-0.016250 0.101747 0.084487 
-0.014750 0.101747 0.084487 
-0.011250 0.101721 0.084008 
-0.009750 0.101702 0.083649 
-0.008750 0.101689 0.083410 
-0.007750 0.101676 0.083170 
-0.006750 0.101657 0.082811 
-0.004750 0.101625 0.082212 
-0.002750 0.101567 0.081135 
-0.001250 0.101542 0.080656 
-0.000250 0.101522 0.080296 
0.002750 0.101388 0.077782 
0.004250 0.101330 0.076704 
0.006250 0.101240 0.075027 
0.007250 0.101176 0.073830 
0.008750 0.101035 0.071195 
0.009750 0.100997 0.070477 
0.011250 0.100939 0.069399 
0.013250 0.100798 0.066765 
0.015250 0.100689 0.064729 
0.016250 0.100555 0.062214 
0.018750 0.100471 0.060658 
0.019750 0.100439 0.060059 
0.020750 0.100375 0.058861 
0.023250 0.100324 0.057903 
0.025250 0.100234 0.056227 
0.026250 0.100176 0.055149 
0.027250 0.100151 0.054670 
0.028750 0.100112 0.053952 
0.029750 0.100074 0.053233 
0.030750 0.100035 0.052515 
0.033250 0.099856 0.049162 
0.035250 0.099754 0.047441 
0.037750 0.099618 0.045405 
0.038750 0.099567 0.044642 
0.039750 0.099541 0.044261 
0.040750 0.099567 0.044642 
0.042250 0.099558 0.044515 
0.043250 0.099541 0.044261 
0.044250 0.099516 0.043879 
0.045250 0.099473 0.043243 
0.046250 0.099405 0.042225 
0.047250 0.099371 0.041717 
0.047750 0.099303 0.040699 
0.049250 0.099303 0.040699 
0.050250 0.099227 0.039554 
0.050750 0.098878 0.034339 
0.052250 0.098827 0.033576 
0.053750 0.098793 0.033067 
0.054750 0.098759 0.032559 
0.055750 0.098717 0.031923 
0.057250 0.098640 0.030778 
0.059750 0.098436 0.027725 
0.060250 0.098360 0.026580 
0.062750 0.098105 0.022764 
0.063250 0.098046 0.021874 
0.064250 0.097833 0.018694 
0.064750 0.097536 0.014242 
0.065750 0.097485 0.013479 
-0.046500 0.101116 0.059700 
-0.046000 0.101218 0.061616 
-0.041500 0.101711 0.070956 
-0.040000 0.101863 0.073830 
-0.039000 0.101933 0.075147 
-0.036500 0.102079 0.077901 
-0.035000 0.102155 0.079338 
-0.033500 0.102218 0.080536 
-0.032000 0.102262 0.081374 
-0.030000 0.102313 0.082332 
-0.029000 0.102338 0.082811 
-0.027500 0.102370 0.083410 
-0.026500 0.102382 0.083649 
-0.025000 0.102395 0.083889 
-0.024000 0.102408 0.084128 
-0.023000 0.102414 0.084248 
-0.021500 0.102420 0.084367 
-0.020000 0.102420 0.084367 
-0.018500 0.102420 0.084367 
-0.017000 0.102420 0.084367 
-0.015500 0.102414 0.084248 
-0.014000 0.102414 0.084248 
-0.013000 0.102414 0.084248 
-0.012000 0.102401 0.084008 
-0.010500 0.102389 0.083769 
-0.006000 0.102313 0.082332 
-0.004000 0.102269 0.081493 
-0.002000 0.102231 0.080775 
0.000500 0.102155 0.079338 
0.001500 0.102110 0.078500 
0.003500 0.102022 0.076824 
0.005000 0.101971 0.075865 
0.006500 0.101889 0.074309 
0.008000 0.101718 0.071076 
0.010500 0.101642 0.069639 
0.011500 0.101540 0.067723 
0.012500 0.101509 0.067124 
0.014000 0.101452 0.066046 
0.017000 0.101211 0.061496 
0.018000 0.101167 0.060658 
0.020000 0.101072 0.058862 
0.021500 0.101047 0.058383 
0.022500 0.101015 0.057784 
0.024000 0.100971 0.056946 
0.025500 0.100888 0.055389 
0.028000 0.100825 0.054191 
0.031500 0.100692 0.051677 
0.032500 0.100660 0.051078 
0.034000 0.100521 0.048444 
0.036000 0.100424 0.046932 
0.037000 0.100323 0.045406 
0.038000 0.100264 0.044516 
0.039000 0.100222 0.043880 
0.040000 0.100189 0.043371 
0.041000 0.100138 0.042608 
0.042000 0.100087 0.041845 
0.043000 0.100020 0.040827 
0.043500 0.099944 0.039682 
0.044500 0.099860 0.038410 
0.045500 0.099801 0.037520 
0.046500 0.099751 0.036757 
0.047500 0.099927 0.039428 
0.048000 0.099658 0.035358 
0.049000 0.099599 0.034467 
0.050000 0.099566 0.033959 
0.051000 0.099540 0.033577 
0.053000 0.099498 0.032941 
0.056500 0.099380 0.031160 
0.058000 0.099305 0.030016 
0.059000 0.099204 0.028490 
0.061000 0.098993 0.025310 
0.062000 0.098900 0.023911 
0.063500 0.098682 0.020604 
-0.045250 0.101981 0.062933 
-0.044250 0.102119 0.065567 
-0.043250 0.102188 0.066885 
-0.042250 0.102269 0.068441 
-0.040750 0.102463 0.072153 
-0.039250 0.102582 0.074428 
-0.038250 0.102657 0.075865 
-0.037250 0.102713 0.076943 
-0.035750 0.102794 0.078500 
-0.034250 0.102857 0.079697 
-0.032750 0.102907 0.080655 
-0.031250 0.102951 0.081493 
-0.028250 0.103019 0.082810 
-0.025750 0.103057 0.083529 
-0.022250 0.103088 0.084128 
-0.020750 0.103088 0.084128 
-0.019250 0.103088 0.084128 
-0.017750 0.103088 0.084128 
-0.016250 0.103088 0.084128 
-0.014750 0.103082 0.084008 
-0.011250 0.103069 0.083768 
-0.009750 0.103051 0.083409 
-0.008750 0.103032 0.083050 
-0.007750 0.103013 0.082691 
-0.006750 0.102994 0.082332 
-0.005250 0.102963 0.081733 
-0.003250 0.102926 0.081014 
-0.001250 0.102876 0.080056 
-0.000250 0.102850 0.079577 
0.002250 0.102750 0.077661 
0.004250 0.102669 0.076105 
0.005750 0.102594 0.074668 
0.006750 0.102538 0.073590 
0.008750 0.102375 0.070477 
0.009750 0.102325 0.069519 
0.010750 0.102263 0.068322 
0.013250 0.102169 0.066525 
0.014750 0.102088 0.064969 
0.015750 0.101931 0.061975 
0.018750 0.101812 0.059700 
0.020750 0.101744 0.058383 
0.021750 0.101706 0.057664 
0.023250 0.101675 0.057066 
0.024750 0.101606 0.055748 
0.026250 0.101556 0.054791 
0.027250 0.101537 0.054431 
0.028250 0.101487 0.053473 
0.029250 0.101462 0.052994 
0.030250 0.101431 0.052396 
0.032750 0.101268 0.049282 
0.034750 0.101187 0.047823 
0.040250 0.100837 0.042481 
0.041250 0.100779 0.041591 
0.042250 0.100720 0.040701 
0.043750 0.100603 0.038920 
0.047250 0.100395 0.035740 
0.051750 0.100220 0.033069 
0.053750 0.100178 0.032433 
0.054750 0.100137 0.031798 
0.055750 0.100103 0.031289 
0.057250 0.100036 0.030271 
0.059750 0.099811 0.026837 
0.061250 0.099661 0.024548 
0.062250 0.099545 0.022767 
0.062750 0.099453 0.021368 
0.063250 0.099253 0.018316 
0.064250 0.099011 0.014628 
0.064750 0.098944 0.013610 
0.065250 0.098886 0.012720 
-0.046000 0.102509 0.059700 
-0.045500 0.102632 0.062095 
-0.044500 0.102688 0.063173 
-0.042500 0.102910 0.067483 
-0.041500 0.102984 0.068920 
-0.041000 0.103102 0.071195 
-0.040000 0.103194 0.072991 
-0.036500 0.103429 0.077542 
-0.035000 0.103497 0.078859 
-0.033500 0.103552 0.079936 
-0.032000 0.103596 0.080775 
-0.030500 0.103633 0.081493 
-0.029500 0.103657 0.081972 
-0.027500 0.103700 0.082810 
-0.026500 0.103719 0.083169 
-0.025000 0.103738 0.083529 
-0.024000 0.103750 0.083768 
-0.023000 0.103756 0.083888 
-0.021500 0.103756 0.083888 
-0.020000 0.103756 0.083888 
-0.018500 0.103756 0.083888 
-0.017000 0.103756 0.083888 
-0.015500 0.103756 0.083888 
-0.014000 0.103756 0.083888 
-0.013000 0.103756 0.083888 
-0.012000 0.103750 0.083768 
-0.010500 0.103738 0.083529 
-0.006000 0.103639 0.081613 
-0.004500 0.103614 0.081134 
-0.002500 0.103571 0.080296 
0.000500 0.103484 0.078619 
0.001500 0.103447 0.077901 
0.003000 0.103386 0.076703 
0.005000 0.103299 0.075027 
0.006000 0.103244 0.073949 
0.007000 0.103163 0.072393 
0.007500 0.103108 0.071315 
0.010000 0.102960 0.068441 
0.011000 0.102910 0.067483 
0.012000 0.102885 0.067004 
0.014000 0.102817 0.065687 
0.016000 0.102589 0.061257 
0.017000 0.102552 0.060538 
0.018000 0.102515 0.059820 
0.019000 0.102472 0.058982 
0.020000 0.102441 0.058383 
0.022500 0.102373 0.057066 
0.024000 0.102330 0.056228 
0.025500 0.102262 0.054910 
0.027500 0.102194 0.053593 
0.031000 0.102089 0.051558 
0.032000 0.102052 0.050839 
0.033500 0.101941 0.048684 
0.035500 0.101858 0.047315 
0.036000 0.101767 0.045916 
0.037000 0.101710 0.045026 
0.038000 0.101676 0.044517 
0.039000 0.101627 0.043754 
0.042500 0.101379 0.039938 
0.044500 0.101255 0.038031 
0.045500 0.101189 0.037013 
0.046500 0.101148 0.036377 
0.048000 0.101049 0.034851 
0.049000 0.100991 0.033961 
0.050000 0.100941 0.033198 
0.051000 0.100917 0.032816 
0.052500 0.100892 0.032435 
0.056500 0.100760 0.030400 
0.058000 0.100685 0.029255 
0.059000 0.100586 0.027729 
0.060000 0.100479 0.026076 
0.061500 0.100314 0.023532 
0.062500 0.100025 0.019081 
0.064500 0.099620 0.012849 
-0.043750 0.103504 0.065568 
-0.040250 0.103833 0.072033 
-0.039250 0.103918 0.073710 
-0.038250 0.103985 0.075027 
-0.037250 0.104052 0.076344 
-0.035750 0.104132 0.077901 
-0.034250 0.104187 0.078978 
-0.032750 0.104241 0.080056 
-0.031250 0.104278 0.080774 
-0.028750 0.104339 0.081972 
-0.025750 0.104400 0.083169 
-0.022250 0.104424 0.083648 
-0.020750 0.104430 0.083768 
-0.019250 0.104430 0.083768 
-0.017750 0.104430 0.083768 
-0.016250 0.104430 0.083768 
-0.014750 0.104430 0.083768 
-0.011250 0.104424 0.083648 
-0.009750 0.104400 0.083169 
-0.008750 0.104382 0.082810 
-0.007750 0.104351 0.082211 
-0.006750 0.104327 0.081732 
-0.005250 0.104290 0.081014 
-0.003750 0.104266 0.080535 
-0.001750 0.104217 0.079577 
-0.000750 0.104187 0.078978 
0.002250 0.104077 0.076823 
0.003750 0.104022 0.075745 
0.006250 0.103894 0.073231 
0.007750 0.103754 0.070477 
0.008750 0.103717 0.069758 
0.009250 0.103662 0.068681 
0.010250 0.103607 0.067603 
0.012750 0.103546 0.066406 
0.014750 0.103455 0.064610 
0.015250 0.103376 0.063053 
0.017250 0.103205 0.059700 
0.018250 0.103168 0.058982 
0.019250 0.103132 0.058263 
0.020750 0.103089 0.057425 
0.021750 0.103071 0.057066 
0.023250 0.103034 0.056348 
0.024250 0.102979 0.055270 
0.026250 0.102925 0.054192 
0.028250 0.102858 0.052875 
0.029250 0.102833 0.052396 
0.030250 0.102797 0.051678 
0.032250 0.102681 0.049403 
0.034250 0.102612 0.048078 
0.035250 0.102473 0.045916 
0.039250 0.102276 0.042864 
0.040250 0.102227 0.042101 
0.041250 0.102162 0.041084 
0.043250 0.102039 0.039176 
0.047250 0.101810 0.035615 
0.049250 0.101646 0.033071 
0.051750 0.101581 0.032054 
0.053250 0.101548 0.031546 
0.054250 0.101507 0.030910 
0.055250 0.101475 0.030401 
0.056750 0.101426 0.029638 
0.058250 0.101319 0.027984 
0.059250 0.101237 0.026713 
0.060250 0.101123 0.024932 
0.060750 0.101058 0.023915 
0.061750 0.100902 0.021499 
0.062750 0.100698 0.018319 
0.063750 0.100403 0.013741 
-0.045500 0.103901 0.059701 
-0.045000 0.103998 0.061616 
-0.044500 0.104070 0.063053 
-0.043000 0.104232 0.066286 
-0.042500 0.104280 0.067244 
-0.041500 0.104359 0.068800 
-0.041000 0.104413 0.069878 
-0.040500 0.104467 0.070956 
-0.039500 0.104569 0.072991 
-0.038500 0.104636 0.074308 
-0.037500 0.104702 0.075625 
-0.036500 0.104762 0.076823 
-0.035000 0.104828 0.078140 
-0.033500 0.104876 0.079098 
-0.032000 0.104924 0.080056 
-0.030500 0.104961 0.080774 
-0.029500 0.104979 0.081133 
-0.028000 0.105015 0.081852 
-0.027000 0.105039 0.082331 
-0.025000 0.105075 0.083049 
-0.024000 0.105087 0.083288 
-0.023000 0.105093 0.083408 
-0.021500 0.105099 0.083528 
-0.020000 0.105099 0.083528 
-0.018500 0.105099 0.083528 
-0.017000 0.105105 0.083648 
-0.015500 0.105105 0.083648 
-0.014000 0.105105 0.083648 
-0.013000 0.105099 0.083528 
-0.012000 0.105099 0.083528 
-0.010500 0.105093 0.083408 
-0.006000 0.104973 0.081014 
-0.004500 0.104942 0.080415 
-0.003000 0.104912 0.079816 
0.000000 0.104828 0.078140 
0.001000 0.104798 0.077541 
0.003000 0.104714 0.075865 
0.004500 0.104654 0.074667 
0.005500 0.104599 0.073590 
0.007000 0.104479 0.071195 
0.009000 0.104317 0.067962 
0.011000 0.104274 0.067124 
0.012000 0.104250 0.066645 
0.013500 0.104208 0.065807 
0.015500 0.103949 0.060658 
0.016500 0.103913 0.059940 
0.017500 0.103865 0.058982 
0.020000 0.103799 0.057665 
0.022500 0.103733 0.056348 
0.025000 0.103643 0.054552 
0.026500 0.103582 0.053354 
0.027500 0.103558 0.052876 
0.029500 0.103498 0.051678 
0.031000 0.103462 0.050960 
0.033000 0.103354 0.048804 
0.036000 0.103162 0.045662 
0.037000 0.103129 0.045154 
0.038000 0.103097 0.044645 
0.038500 0.103032 0.043628 
0.042000 0.102821 0.040321 
0.044000 0.102716 0.038668 
0.045000 0.102659 0.037778 
0.046000 0.102603 0.036888 
0.048000 0.102433 0.034217 
0.050000 0.102303 0.032182 
0.051000 0.102271 0.031674 
0.052500 0.102238 0.031165 
0.053500 0.102198 0.030529 
0.054500 0.102173 0.030148 
0.055500 0.102141 0.029639 
0.057000 0.102076 0.028622 
0.058500 0.101955 0.026714 
0.059500 0.101866 0.025315 
0.060000 0.101793 0.024171 
0.061000 0.101687 0.022518 
0.061500 0.101525 0.019974 
0.063000 0.101363 0.017431 
0.064000 0.101072 0.012853 
0.064500 0.100740 0.007639 
-0.043750 0.104776 0.063293 
-0.043250 0.104883 0.065448 
-0.039750 0.105198 0.071794 
-0.038750 0.105281 0.073470 
-0.037750 0.105352 0.074907 
-0.035750 0.105459 0.077062 
-0.034250 0.105518 0.078259 
-0.032750 0.105566 0.079217 
-0.031250 0.105607 0.080055 
-0.028750 0.105655 0.081013 
-0.026250 0.105720 0.082330 
-0.022250 0.105768 0.083288 
-0.020750 0.105768 0.083288 
-0.019250 0.105774 0.083408 
-0.017750 0.105774 0.083408 
-0.016250 0.105780 0.083528 
-0.014750 0.105780 0.083528 
-0.011250 0.105780 0.083528 
-0.009750 0.105762 0.083168 
-0.008750 0.105732 0.082570 
-0.007750 0.105696 0.081851 
-0.006750 0.105661 0.081133 
-0.005250 0.105625 0.080415 
-0.003750 0.105595 0.079816 
-0.002250 0.105560 0.079098 
-0.001250 0.105524 0.078379 
0.001250 0.105441 0.076703 
0.002250 0.105399 0.075865 
0.003250 0.105364 0.075146 
0.005750 0.105251 0.072871 
0.007250 0.105126 0.070357 
0.008250 0.105091 0.069639 
0.009750 0.104984 0.067483 
0.012750 0.104906 0.065927 
0.013750 0.104859 0.064969 
0.014750 0.104794 0.063652 
0.015250 0.104740 0.062574 
0.015750 0.104609 0.059940 
0.016750 0.104556 0.058862 
0.018250 0.104520 0.058144 
0.019250 0.104497 0.057665 
0.020250 0.104449 0.056707 
0.021250 0.104431 0.056348 
0.023250 0.104384 0.055390 
0.024250 0.104342 0.054552 
0.025750 0.104283 0.053355 
0.028250 0.104235 0.052397 
0.030250 0.104170 0.051080 
0.031250 0.104116 0.050002 
0.032250 0.104069 0.049044 
0.033750 0.104027 0.048206 
0.034750 0.103891 0.046044 
0.039250 0.103699 0.042992 
0.040250 0.103642 0.042102 
0.041250 0.103578 0.041085 
0.042750 0.103514 0.040068 
0.046750 0.103265 0.036126 
0.047250 0.103209 0.035235 
0.048250 0.103065 0.032947 
0.049250 0.103009 0.032056 
0.050250 0.102969 0.031420 
0.051250 0.102937 0.030912 
0.052250 0.102897 0.030276 
0.053250 0.102864 0.029767 
0.054750 0.102832 0.029259 
0.055750 0.102792 0.028623 
0.056750 0.102736 0.027733 
0.057750 0.102680 0.026843 
0.058250 0.102624 0.025952 
0.059250 0.102528 0.024426 
0.060250 0.102439 0.023028 
0.061750 0.102151 0.018450 
0.063250 0.101830 0.013363 
0.063750 0.101493 0.008022 
-0.045000 0.105306 0.059940 
-0.044500 0.105399 0.061856 
-0.042500 0.105610 0.066166 
-0.042000 0.105675 0.067483 
-0.041500 0.105734 0.068681 
-0.040500 0.105804 0.070118 
-0.039000 0.105921 0.072512 
-0.038000 0.105997 0.074069 
-0.037000 0.106068 0.075505 
-0.035000 0.106156 0.077301 
-0.033500 0.106208 0.078379 
-0.032000 0.106249 0.079217 
-0.030500 0.106290 0.080055 
-0.029500 0.106314 0.080534 
-0.028000 0.106343 0.081133 
-0.027000 0.106372 0.081731 
-0.025500 0.106402 0.082330 
-0.024500 0.106419 0.082689 
-0.023500 0.106425 0.082809 
-0.021500 0.106437 0.083048 
-0.020000 0.106449 0.083288 
-0.018500 0.106449 0.083288 
-0.017000 0.106454 0.083408 
-0.015500 0.106460 0.083527 
-0.014000 0.106460 0.083527 
-0.013000 0.106466 0.083647 
-0.012000 0.106466 0.083647 
-0.010500 0.106460 0.083527 
-0.006000 0.106314 0.080534 
-0.004500 0.106279 0.079816 
-0.003000 0.106243 0.079097 
-0.000500 0.106173 0.077661 
0.000500 0.106138 0.076942 
0.001500 0.106091 0.075984 
0.003500 0.106015 0.074428 
0.004500 0.105980 0.073709 
0.006000 0.105903 0.072153 
0.006500 0.105851 0.071075 
0.008500 0.105681 0.067603 
0.010500 0.105651 0.067004 
0.011500 0.105628 0.066525 
0.016000 0.105270 0.059222 
0.017500 0.105224 0.058264 
0.019500 0.105147 0.056708 
0.022000 0.105100 0.055750 
0.023500 0.105048 0.054672 
0.025000 0.104995 0.053594 
0.026500 0.104948 0.052637 
0.027500 0.104930 0.052278 
0.029000 0.104884 0.051320 
0.033000 0.104737 0.048326 
0.034000 0.104612 0.046299 
0.035500 0.104580 0.045791 
0.036500 0.104557 0.045409 
0.037500 0.104485 0.044265 
0.038500 0.104437 0.043502 
0.042000 0.104263 0.040704 
0.043500 0.104175 0.039306 
0.044500 0.104120 0.038415 
0.045500 0.104072 0.037652 
0.047500 0.103826 0.033710 
0.048500 0.103731 0.032185 
0.049500 0.103675 0.031294 
0.050500 0.103612 0.030277 
0.051500 0.103588 0.029896 
0.052500 0.103556 0.029387 
0.054000 0.103524 0.028878 
0.055000 0.103500 0.028497 
0.056000 0.103453 0.027734 
0.057000 0.103381 0.026590 
0.058500 0.103262 0.024682 
0.059500 0.103183 0.023411 
0.060500 0.103024 0.020867 
0.061000 0.102937 0.019469 
0.062500 0.102547 0.013238 
0.063500 0.102262 0.008660 
-0.043750 0.106152 0.063053 
-0.043250 0.106210 0.064251 
-0.042750 0.106262 0.065328 
-0.039750 0.106540 0.071075 
-0.038250 0.106626 0.072871 
-0.037250 0.106707 0.074547 
-0.036250 0.106771 0.075864 
-0.034250 0.106846 0.077421 
-0.032750 0.106898 0.078498 
-0.031250 0.106933 0.079217 
-0.028750 0.106991 0.080414 
-0.026250 0.107054 0.081731 
-0.022750 0.107101 0.082689 
-0.020750 0.107112 0.082928 
-0.019250 0.107118 0.083048 
-0.017750 0.107129 0.083288 
-0.016250 0.107135 0.083407 
-0.014750 0.107147 0.083647 
-0.011250 0.107153 0.083766 
-0.009750 0.107129 0.083288 
-0.008750 0.107095 0.082569 
-0.007750 0.107043 0.081492 
-0.006750 0.107002 0.080654 
-0.005250 0.106968 0.079935 
-0.003750 0.106933 0.079217 
-0.002250 0.106892 0.078379 
-0.001250 0.106858 0.077660 
-0.000250 0.106823 0.076942 
0.000750 0.106782 0.076104 
0.001750 0.106742 0.075266 
0.002750 0.106707 0.074547 
0.003750 0.106667 0.073709 
0.004750 0.106626 0.072871 
0.007250 0.106493 0.070117 
0.009250 0.106360 0.067364 
0.012250 0.106274 0.065568 
0.013250 0.106233 0.064730 
0.014250 0.106187 0.063772 
0.014750 0.106141 0.062814 
0.015250 0.105979 0.059462 
0.016750 0.105921 0.058264 
0.017750 0.105886 0.057546 
0.018750 0.105851 0.056828 
0.020250 0.105822 0.056229 
0.021250 0.105799 0.055750 
0.022750 0.105753 0.054792 
0.023750 0.105713 0.053954 
0.025250 0.105661 0.052876 
0.028250 0.105597 0.051559 
0.029750 0.105545 0.050482 
0.030750 0.105510 0.049764 
0.031750 0.105470 0.048925 
0.034750 0.105301 0.046045 
0.039250 0.105097 0.042739 
0.040250 0.105042 0.041849 
0.041250 0.105010 0.041341 
0.042750 0.104948 0.040323 
0.046250 0.104720 0.036636 
0.046750 0.104617 0.034983 
0.049750 0.104319 0.030151 
0.050750 0.104272 0.029388 
0.051750 0.104248 0.029007 
0.052750 0.104224 0.028625 
0.055250 0.104169 0.027735 
0.056250 0.104099 0.026591 
0.056750 0.104044 0.025701 
0.057750 0.103965 0.024429 
0.058750 0.103894 0.023285 
0.059750 0.103784 0.021505 
0.061250 0.103580 0.018199 
0.061750 0.103305 0.013748 
0.062750 0.103029 0.009298 
0.063750 0.102896 0.007136 
-0.044500 0.106686 0.059701 
-0.044000 0.106778 0.061617 
-0.042000 0.107006 0.066406 
-0.041500 0.107057 0.067483 
-0.041000 0.107103 0.068441 
-0.040500 0.107160 0.069638 
-0.039000 0.107263 0.071793 
-0.037500 0.107348 0.073589 
-0.036500 0.107417 0.075026 
-0.035500 0.107468 0.076104 
-0.033500 0.107542 0.077660 
-0.032000 0.107588 0.078618 
-0.030500 0.107628 0.079456 
-0.029500 0.107651 0.079935 
-0.028000 0.107685 0.080653 
-0.027000 0.107708 0.081132 
-0.025500 0.107742 0.081851 
-0.024500 0.107759 0.082210 
-0.023500 0.107765 0.082329 
-0.022000 0.107776 0.082569 
-0.020000 0.107787 0.082808 
-0.018500 0.107805 0.083168 
-0.017000 0.107810 0.083287 
-0.015500 0.107827 0.083646 
-0.014000 0.107839 0.083886 
-0.013000 0.107845 0.084006 
-0.012000 0.107850 0.084125 
-0.010500 0.107839 0.083886 
-0.006000 0.107656 0.080055 
-0.004500 0.107616 0.079217 
-0.003000 0.107582 0.078498 
0.001000 0.107428 0.075266 
0.002000 0.107394 0.074547 
0.003000 0.107360 0.073829 
0.004000 0.107320 0.072991 
0.005000 0.107274 0.072033 
0.006000 0.107223 0.070955 
0.008000 0.107057 0.067483 
0.010000 0.107029 0.066885 
0.011000 0.106995 0.066166 
0.012500 0.106932 0.064849 
0.013500 0.106886 0.063892 
0.015500 0.106641 0.058743 
0.019500 0.106521 0.056229 
0.022000 0.106458 0.054912 
0.023000 0.106418 0.054074 
0.024500 0.106361 0.052877 
0.026000 0.106327 0.052158 
0.027000 0.106304 0.051679 
0.028500 0.106264 0.050841 
0.032500 0.106139 0.048207 
0.033500 0.106038 0.046554 
0.035500 0.105983 0.045665 
0.036500 0.105960 0.045283 
0.037500 0.105882 0.044011 
0.038500 0.105851 0.043503 
0.042000 0.105695 0.040960 
0.043500 0.105594 0.039307 
0.044500 0.105540 0.038417 
0.045500 0.105477 0.037400 
0.047500 0.105252 0.033712 
0.048000 0.105197 0.032823 
0.048500 0.105143 0.031932 
0.049000 0.105073 0.030788 
0.051000 0.104940 0.028627 
0.052000 0.104917 0.028245 
0.053500 0.104886 0.027736 
0.054500 0.104870 0.027482 
0.055500 0.104785 0.026084 
0.057000 0.104684 0.024431 
0.058000 0.104614 0.023286 
0.059000 0.104536 0.022015 
0.060000 0.104411 0.019980 
0.060500 0.104108 0.015022 
0.062000 0.103952 0.012479 
-0.043250 0.107507 0.062335 
-0.042750 0.107597 0.064251 
-0.042250 0.107658 0.065568 
-0.039750 0.107872 0.070117 
-0.039250 0.107917 0.071075 
-0.038250 0.107974 0.072272 
-0.036750 0.108064 0.074188 
-0.035750 0.108120 0.075385 
-0.034750 0.108165 0.076343 
-0.032750 0.108244 0.078019 
-0.031250 0.108283 0.078857 
-0.028750 0.108345 0.080174 
-0.026250 0.108401 0.081371 
-0.022750 0.108446 0.082329 
-0.021250 0.108457 0.082569 
-0.019250 0.108480 0.083048 
-0.017750 0.108491 0.083287 
-0.016250 0.108514 0.083766 
-0.014750 0.108531 0.084125 
-0.011250 0.108542 0.084365 
-0.009750 0.108514 0.083766 
-0.008750 0.108474 0.082928 
-0.007750 0.108384 0.081012 
-0.006750 0.108356 0.080414 
-0.005250 0.108311 0.079456 
-0.003750 0.108272 0.078618 
-0.002250 0.108227 0.077660 
-0.001250 0.108187 0.076822 
-0.000250 0.108148 0.075984 
0.002250 0.108047 0.073829 
0.003250 0.108007 0.072991 
0.004250 0.107962 0.072033 
0.005250 0.107929 0.071315 
0.006250 0.107878 0.070237 
0.007250 0.107760 0.067723 
0.008750 0.107737 0.067244 
0.011250 0.107653 0.065448 
0.012750 0.107591 0.064131 
0.013750 0.107540 0.063054 
0.014250 0.107490 0.061976 
0.014750 0.107383 0.059701 
0.016250 0.107298 0.057905 
0.017250 0.107265 0.057187 
0.018250 0.107236 0.056589 
0.020250 0.107186 0.055511 
0.021250 0.107152 0.054793 
0.022250 0.107124 0.054194 
0.023250 0.107085 0.053356 
0.025250 0.107028 0.052159 
0.027750 0.106972 0.050961 
0.029250 0.106927 0.050004 
0.030250 0.106899 0.049405 
0.031250 0.106865 0.048687 
0.033250 0.106781 0.047191 
0.034250 0.106712 0.046046 
0.039250 0.106488 0.042359 
0.040250 0.106465 0.041978 
0.041250 0.106427 0.041342 
0.042750 0.106350 0.040071 
0.045750 0.106134 0.036511 
0.046750 0.106042 0.034985 
0.049250 0.105741 0.030026 
0.050250 0.105664 0.028755 
0.051250 0.105610 0.027865 
0.052250 0.105579 0.027356 
0.053250 0.105556 0.026975 
0.054250 0.105502 0.026085 
0.055250 0.105456 0.025322 
0.056250 0.105410 0.024559 
0.057250 0.105341 0.023415 
0.058250 0.105264 0.022143 
0.058750 0.105210 0.021254 
0.059250 0.105140 0.020109 
0.059750 0.104902 0.016168 
0.061250 0.104801 0.014515 
0.062750 0.104509 0.009684 
0.063250 0.104362 0.007268 
-0.044000 0.108079 0.059701 
-0.043500 0.108162 0.061497 
-0.042500 0.108223 0.062814 
-0.041500 0.108384 0.066286 
-0.041000 0.108451 0.067723 
-0.040500 0.108517 0.069160 
-0.037500 0.108678 0.072631 
-0.034000 0.108867 0.076702 
-0.032000 0.108956 0.078617 
-0.030500 0.108989 0.079336 
-0.029500 0.109011 0.079815 
-0.028000 0.109044 0.080533 
-0.027000 0.109067 0.081012 
-0.025500 0.109100 0.081730 
-0.024500 0.109117 0.082089 
-0.023500 0.109122 0.082209 
-0.022000 0.109133 0.082449 
-0.020500 0.109150 0.082808 
-0.018500 0.109178 0.083406 
-0.017000 0.109200 0.083885 
-0.015500 0.109211 0.084125 
-0.014500 0.109316 0.086399 
-0.013500 0.109361 0.087357 
-0.012500 0.109355 0.087237 
-0.011500 0.109383 0.087836 
-0.010500 0.109393 0.088069 
-0.010000 0.109426 0.088974 
-0.009500 0.109464 0.089993 
-0.008500 0.109468 0.090106 
-0.007500 0.109464 0.089993 
-0.006000 0.109011 0.079815 
-0.004500 0.108967 0.078857 
-0.003000 0.108922 0.077899 
0.000000 0.108800 0.075265 
0.001000 0.108756 0.074308 
0.002500 0.108695 0.072991 
0.003500 0.108650 0.072033 
0.004500 0.108617 0.071314 
0.005500 0.108573 0.070357 
0.006500 0.108517 0.069160 
0.008000 0.108434 0.067364 
0.009500 0.108395 0.066526 
0.010500 0.108356 0.065688 
0.011500 0.108312 0.064730 
0.013000 0.108245 0.063293 
0.015000 0.108029 0.058624 
0.019000 0.107896 0.055751 
0.020500 0.107852 0.054793 
0.022500 0.107791 0.053476 
0.023500 0.107752 0.052638 
0.024500 0.107724 0.052039 
0.026000 0.107696 0.051441 
0.027000 0.107674 0.050962 
0.028500 0.107635 0.050124 
0.032000 0.107524 0.047827 
0.033500 0.107424 0.046174 
0.035000 0.107386 0.045538 
0.036000 0.107363 0.045157 
0.037000 0.107302 0.044140 
0.038000 0.107272 0.043631 
0.042000 0.107097 0.040707 
0.043500 0.106998 0.039054 
0.044500 0.106929 0.037910 
0.047000 0.106700 0.034096 
0.048000 0.106601 0.032443 
0.049000 0.106494 0.030663 
0.051500 0.106281 0.027103 
0.052500 0.106220 0.026086 
0.053500 0.106190 0.025578 
0.054500 0.106159 0.025069 
0.055500 0.106106 0.024179 
0.056500 0.106045 0.023162 
0.057500 0.105961 0.021764 
0.058000 0.105885 0.020492 
0.058500 0.105801 0.019094 
0.059000 0.105679 0.017059 
0.060500 0.105580 0.015407 
0.061500 0.105435 0.012991 
0.062500 0.105389 0.012228 
-0.043750 0.108732 0.058744 
-0.039750 0.109224 0.069519 
-0.038750 0.109295 0.071075 
-0.036750 0.109393 0.073230 
-0.036250 0.109448 0.074427 
-0.035250 0.109503 0.075624 
-0.033250 0.109579 0.077300 
-0.031250 0.109661 0.079096 
-0.028750 0.109716 0.080293 
-0.026250 0.109771 0.081491 
-0.022750 0.109815 0.082448 
-0.021250 0.109826 0.082688 
-0.019750 0.109853 0.083286 
-0.017750 0.109897 0.084244 
-0.016750 0.109913 0.084603 
-0.016250 0.110161 0.090558 
-0.015250 0.110028 0.087117 
-0.014250 0.110050 0.087596 
-0.013250 0.110074 0.088182 
-0.012750 0.110107 0.089087 
-0.012250 0.110198 0.091576 
-0.011250 0.110206 0.091803 
-0.010250 0.110202 0.091690 
-0.009250 0.110190 0.091350 
-0.008250 0.110190 0.091350 
-0.007250 0.110181 0.091124 
-0.006250 0.110169 0.090784 
-0.005250 0.110132 0.089766 
-0.004250 0.110103 0.088974 
-0.003750 0.109612 0.078019 
-0.002250 0.109563 0.076941 
-0.001250 0.109519 0.075984 
0.000250 0.109448 0.074427 
0.001250 0.109399 0.073350 
0.002750 0.109344 0.072153 
0.003750 0.109306 0.071314 
0.004750 0.109268 0.070476 
0.005750 0.109207 0.069160 
0.006750 0.109142 0.067723 
0.008750 0.109093 0.066645 
0.009750 0.109054 0.065807 
0.010750 0.109011 0.064850 
0.011750 0.108967 0.063892 
0.013250 0.108879 0.061976 
0.014250 0.108764 0.059462 
0.015750 0.108671 0.057427 
0.016750 0.108644 0.056828 
0.017750 0.108611 0.056110 
0.019750 0.108557 0.054913 
0.021250 0.108507 0.053835 
0.022750 0.108453 0.052638 
0.023750 0.108420 0.051920 
0.025250 0.108392 0.051321 
0.027750 0.108338 0.050124 
0.029250 0.108299 0.049286 
0.030250 0.108272 0.048687 
0.031250 0.108228 0.047827 
0.032750 0.108175 0.046937 
0.034250 0.108099 0.045666 
0.038750 0.107911 0.042488 
0.039750 0.107881 0.041979 
0.040750 0.107843 0.041343 
0.042750 0.107737 0.039564 
0.044750 0.107594 0.037148 
0.045750 0.107526 0.036004 
0.047750 0.107353 0.033080 
0.049750 0.107134 0.029393 
0.050250 0.107081 0.028503 
0.050750 0.107028 0.027613 
0.051750 0.106938 0.026088 
0.052750 0.106885 0.025198 
0.053750 0.106840 0.024435 
0.054750 0.106802 0.023799 
0.055750 0.106749 0.022909 
0.056750 0.106659 0.021384 
0.057250 0.106583 0.020112 
0.059750 0.106364 0.016426 
-0.043000 0.109579 0.062096 
-0.042000 0.109623 0.063054 
-0.041500 0.109768 0.066286 
-0.040500 0.109800 0.067005 
-0.039000 0.109935 0.069997 
-0.038000 0.110027 0.072033 
-0.034500 0.110232 0.076582 
-0.033000 0.110302 0.078138 
-0.032000 0.110340 0.078976 
-0.030500 0.110372 0.079695 
-0.029500 0.110394 0.080173 
-0.028000 0.110426 0.080892 
-0.027000 0.110453 0.081490 
-0.025500 0.110485 0.082209 
-0.024500 0.110496 0.082448 
-0.023500 0.110501 0.082568 
-0.022000 0.110512 0.082807 
-0.020500 0.110528 0.083166 
-0.019000 0.110561 0.083885 
-0.018000 0.110837 0.090558 
-0.017000 0.110881 0.091803 
-0.016500 0.110917 0.092821 
-0.015500 0.110873 0.091576 
-0.015000 0.110925 0.093047 
-0.014000 0.110949 0.093726 
-0.013000 0.110933 0.093274 
-0.012000 0.110929 0.093161 
-0.011000 0.110929 0.093161 
-0.010000 0.110925 0.093047 
-0.009000 0.110929 0.093161 
-0.008000 0.110913 0.092708 
-0.007000 0.110897 0.092255 
-0.006000 0.110877 0.091689 
-0.005000 0.110845 0.090784 
-0.004000 0.110812 0.089879 
-0.003000 0.110792 0.089313 
-0.002000 0.110205 0.075983 
-0.001000 0.110162 0.075026 
0.000500 0.110102 0.073709 
0.001500 0.110054 0.072631 
0.002500 0.110000 0.071434 
0.004000 0.109946 0.070237 
0.005000 0.109892 0.069040 
0.006000 0.109844 0.067962 
0.007500 0.109795 0.066885 
0.009000 0.109747 0.065807 
0.010000 0.109709 0.064969 
0.011000 0.109660 0.063892 
0.012000 0.109612 0.062814 
0.013500 0.109531 0.061019 
0.015000 0.109385 0.057786 
0.018500 0.109272 0.055272 
0.020000 0.109224 0.054195 
0.021500 0.109175 0.053117 
0.023000 0.109116 0.051801 
0.024500 0.109083 0.051082 
0.026000 0.109062 0.050603 
0.027000 0.109040 0.050124 
0.028500 0.109003 0.049286 
0.030500 0.108939 0.047955 
0.032000 0.108887 0.047065 
0.033500 0.108820 0.045921 
0.035000 0.108775 0.045158 
0.036000 0.108738 0.044522 
0.037000 0.108700 0.043887 
0.038000 0.108648 0.042997 
0.041500 0.108499 0.040454 
0.043500 0.108364 0.038166 
0.046000 0.108193 0.035242 
0.046500 0.108140 0.034352 
0.048500 0.107991 0.031810 
0.049500 0.107894 0.030157 
0.051000 0.107655 0.026089 
0.052000 0.107611 0.025326 
0.055000 0.107469 0.022911 
0.056000 0.107402 0.021767 
0.057500 0.107252 0.019224 
0.058000 0.107193 0.018207 
0.059000 0.107118 0.016936 
0.060000 0.107043 0.015665 
0.060500 0.106984 0.014648 
0.061000 0.106916 0.013504 
0.061500 0.106864 0.012614 
-0.039750 0.110598 0.069399 
-0.037750 0.110747 0.072751 
-0.036750 0.110805 0.074068 
-0.036250 0.110864 0.075385 
-0.035250 0.110912 0.076462 
-0.034250 0.110965 0.077659 
-0.032750 0.111023 0.078976 
-0.031250 0.111055 0.079694 
-0.028750 0.111108 0.080891 
-0.026250 0.111167 0.082208 
-0.023250 0.111215 0.083286 
-0.021250 0.111225 0.083525 
-0.019750 0.111246 0.084004 
-0.019250 0.111560 0.091916 
-0.018250 0.111623 0.093726 
-0.017250 0.111627 0.093839 
-0.016250 0.111650 0.094518 
-0.015250 0.111662 0.094858 
-0.014250 0.111678 0.095311 
-0.013250 0.111670 0.095084 
-0.012250 0.111670 0.095084 
-0.011250 0.111646 0.094405 
-0.010250 0.111630 0.093952 
-0.009250 0.111627 0.093839 
-0.008250 0.111615 0.093500 
-0.007250 0.111603 0.093160 
-0.006250 0.111583 0.092594 
-0.005250 0.111564 0.092029 
-0.004250 0.111540 0.091350 
-0.003250 0.111528 0.091010 
-0.002250 0.111512 0.090558 
-0.001250 0.111501 0.090218 
-0.000250 0.111453 0.088860 
0.000750 0.110736 0.072511 
0.001750 0.110694 0.071554 
0.002750 0.110646 0.070476 
0.003750 0.110598 0.069399 
0.005250 0.110540 0.068082 
0.006750 0.110487 0.066885 
0.007750 0.110455 0.066167 
0.009250 0.110396 0.064850 
0.010250 0.110354 0.063892 
0.011250 0.110301 0.062695 
0.012250 0.110253 0.061617 
0.013250 0.110178 0.059941 
0.013750 0.110131 0.058864 
0.015750 0.110030 0.056589 
0.016750 0.109998 0.055871 
0.017750 0.109966 0.055153 
0.018750 0.109939 0.054554 
0.020250 0.109886 0.053357 
0.021750 0.109833 0.052160 
0.023750 0.109775 0.050843 
0.024750 0.109753 0.050364 
0.027750 0.109700 0.049167 
0.029250 0.109668 0.048449 
0.031250 0.109591 0.047065 
0.032750 0.109540 0.046175 
0.034250 0.109481 0.045159 
0.038750 0.109303 0.042108 
0.039750 0.109274 0.041599 
0.040750 0.109222 0.040709 
0.042250 0.109134 0.039184 
0.044250 0.109015 0.037150 
0.045250 0.108934 0.035752 
0.047250 0.108816 0.033718 
0.048250 0.108742 0.032446 
0.049750 0.108565 0.029396 
0.050250 0.108462 0.027616 
0.052250 0.108284 0.024565 
0.053250 0.108255 0.024056 
0.054250 0.108203 0.023167 
0.056250 0.108063 0.020751 
0.056750 0.107974 0.019226 
0.059250 0.107782 0.015921 
0.061750 0.107546 0.011853 
-0.043000 0.110597 0.053597 
-0.042500 0.110885 0.060181 
-0.042000 0.111042 0.063772 
-0.041000 0.111089 0.064850 
-0.040500 0.111189 0.067124 
-0.039000 0.111377 0.071434 
-0.038500 0.111430 0.072631 
-0.038000 0.111471 0.073589 
-0.037500 0.111513 0.074546 
-0.036500 0.111592 0.076342 
-0.035500 0.111639 0.077420 
-0.034500 0.111681 0.078377 
-0.033500 0.111723 0.079335 
-0.032500 0.111749 0.079934 
-0.031500 0.111770 0.080412 
-0.030500 0.111786 0.080771 
-0.029500 0.111806 0.081250 
-0.028500 0.111827 0.081729 
-0.027500 0.111843 0.082088 
-0.025500 0.111890 0.083166 
-0.024500 0.111911 0.083645 
-0.023500 0.111927 0.084004 
-0.022000 0.111922 0.083884 
-0.021000 0.112207 0.091123 
-0.020500 0.112250 0.092368 
-0.019500 0.112300 0.093839 
-0.018500 0.112327 0.094632 
-0.017500 0.112354 0.095424 
-0.016500 0.112365 0.095763 
-0.015500 0.112373 0.095990 
-0.014500 0.112381 0.096216 
-0.013500 0.112385 0.096329 
-0.012500 0.112377 0.096103 
-0.011500 0.112373 0.095990 
-0.010500 0.112358 0.095537 
-0.006500 0.112281 0.093273 
-0.005500 0.112261 0.092707 
-0.004500 0.112246 0.092255 
-0.003500 0.112234 0.091915 
-0.002500 0.112234 0.091915 
-0.001500 0.112215 0.091349 
-0.000500 0.112192 0.090670 
0.000500 0.112161 0.089765 
0.001000 0.111388 0.071673 
0.002000 0.111346 0.070716 
0.003000 0.111299 0.069638 
0.004000 0.111252 0.068561 
0.005500 0.111199 0.067364 
0.007000 0.111142 0.066047 
0.008000 0.111105 0.065209 
0.009500 0.111047 0.063892 
0.010500 0.110995 0.062695 
0.011500 0.110953 0.061737 
0.012500 0.110890 0.060301 
0.013000 0.110843 0.059223 
0.014500 0.110759 0.057308 
0.016000 0.110697 0.055871 
0.017000 0.110660 0.055033 
0.018000 0.110629 0.054315 
0.019000 0.110587 0.053357 
0.020500 0.110550 0.052519 
0.022000 0.110492 0.051203 
0.023000 0.110477 0.050843 
0.025500 0.110430 0.049766 
0.026500 0.110414 0.049407 
0.028500 0.110372 0.048449 
0.030000 0.110325 0.047574 
0.032000 0.110245 0.046176 
0.033500 0.110194 0.045286 
0.035000 0.110142 0.044396 
0.036000 0.110106 0.043761 
0.037000 0.110069 0.043125 
0.038000 0.110026 0.042362 
0.041500 0.109865 0.039566 
0.042500 0.109799 0.038422 
0.043500 0.109748 0.037532 
0.046000 0.109595 0.034863 
0.049000 0.109375 0.031049 
0.049500 0.109324 0.030159 
0.050000 0.109237 0.028634 
0.050500 0.109127 0.026727 
0.051000 0.109054 0.025456 
0.055000 0.108857 0.022024 
0.057500 0.108652 0.018465 
0.058000 0.108594 0.017448 
0.058500 0.108513 0.016050 
0.059500 0.108426 0.014524 
0.060000 0.108375 0.013634 
0.060500 0.108316 0.012617 
-0.042250 0.111313 0.053956 
-0.040250 0.111911 0.067843 
-0.039750 0.112086 0.071913 
-0.038750 0.112169 0.073828 
-0.038250 0.112210 0.074786 
-0.037250 0.112282 0.076462 
-0.036250 0.112355 0.078138 
-0.035250 0.112401 0.079215 
-0.034250 0.112437 0.080053 
-0.033250 0.112463 0.080651 
-0.032250 0.112483 0.081130 
-0.031250 0.112499 0.081490 
-0.030250 0.112509 0.081729 
-0.029250 0.112530 0.082208 
-0.028250 0.112551 0.082687 
-0.027250 0.112561 0.082926 
-0.026250 0.112576 0.083285 
-0.025250 0.112612 0.084123 
-0.024250 0.112633 0.084602 
-0.023250 0.112638 0.084722 
-0.022250 0.112871 0.090783 
-0.021750 0.112913 0.092028 
-0.021250 0.112943 0.092934 
-0.020250 0.112992 0.094405 
-0.019250 0.113015 0.095084 
-0.018250 0.113045 0.095990 
-0.017250 0.113056 0.096329 
-0.016250 0.113071 0.096782 
-0.015250 0.113075 0.096895 
-0.014250 0.113075 0.096895 
-0.013250 0.113082 0.097121 
-0.012250 0.113079 0.097008 
-0.011250 0.113071 0.096782 
-0.010250 0.113056 0.096329 
-0.009250 0.113037 0.095763 
-0.008750 0.112999 0.094632 
-0.007750 0.112977 0.093952 
-0.004750 0.112943 0.092934 
-0.003750 0.112947 0.093047 
-0.002750 0.112943 0.092934 
-0.001750 0.112928 0.092481 
0.000250 0.112879 0.091010 
0.001250 0.112860 0.090444 
0.002250 0.111983 0.069518 
0.003250 0.111947 0.068681 
0.004250 0.111911 0.067843 
0.005750 0.111854 0.066526 
0.007250 0.111772 0.064610 
0.008250 0.111741 0.063892 
0.009250 0.111689 0.062695 
0.010250 0.111658 0.061977 
0.011250 0.111597 0.060540 
0.013750 0.111499 0.058266 
0.014750 0.111426 0.056590 
0.015250 0.111385 0.055632 
0.016250 0.111354 0.054914 
0.017250 0.111313 0.053956 
0.018250 0.111287 0.053358 
0.019750 0.111251 0.052520 
0.020750 0.111199 0.051323 
0.022750 0.111148 0.050126 
0.023750 0.111127 0.049647 
0.024750 0.111117 0.049407 
0.027250 0.111086 0.048689 
0.029250 0.111029 0.047575 
0.030750 0.110979 0.046685 
0.032750 0.110899 0.045287 
0.034250 0.110849 0.044397 
0.038750 0.110682 0.041473 
0.039750 0.110639 0.040711 
0.040750 0.110603 0.040075 
0.041750 0.110516 0.038550 
0.044250 0.110401 0.036516 
0.045250 0.110336 0.035372 
0.046750 0.110263 0.034101 
0.047750 0.110191 0.032830 
0.050250 0.109888 0.027491 
0.051750 0.109721 0.024568 
0.052750 0.109656 0.023424 
0.053750 0.109620 0.022788 
0.055250 0.109534 0.021263 
0.055750 0.109454 0.019865 
0.056750 0.109418 0.019229 
0.057250 0.109274 0.016687 
0.058750 0.109172 0.014907 
0.060750 0.108999 0.011857 
0.061250 0.108912 0.010331 
-0.041500 0.112440 0.064012 
-0.041000 0.112683 0.069758 
-0.039500 0.112810 0.072751 
-0.039000 0.112912 0.075145 
-0.038000 0.113003 0.077299 
-0.037000 0.113079 0.079095 
-0.036000 0.113115 0.079933 
-0.035000 0.113145 0.080651 
-0.034000 0.113171 0.081250 
-0.033000 0.113196 0.081848 
-0.032000 0.113217 0.082327 
-0.031000 0.113227 0.082567 
-0.030000 0.113237 0.082806 
-0.029000 0.113252 0.083165 
-0.028000 0.113267 0.083524 
-0.027000 0.113288 0.084003 
-0.026000 0.113313 0.084602 
-0.025000 0.113323 0.084841 
-0.023500 0.113540 0.090557 
-0.023000 0.113577 0.091689 
-0.022500 0.113613 0.092820 
-0.021500 0.113650 0.093952 
-0.020500 0.113691 0.095197 
-0.019500 0.113716 0.095990 
-0.018500 0.113738 0.096669 
-0.017500 0.113749 0.097008 
-0.016000 0.113764 0.097461 
-0.015000 0.113771 0.097687 
-0.012500 0.113771 0.097687 
-0.011500 0.113768 0.097574 
-0.010500 0.113757 0.097235 
-0.009500 0.113738 0.096669 
-0.008500 0.113709 0.095763 
-0.007000 0.113650 0.093952 
-0.006000 0.113643 0.093726 
-0.005000 0.113643 0.093726 
-0.004000 0.113646 0.093839 
-0.003000 0.113643 0.093726 
-0.002000 0.113635 0.093499 
-0.001000 0.113621 0.093047 
0.000000 0.113591 0.092141 
0.001000 0.113569 0.091462 
0.002000 0.113540 0.090557 
0.003500 0.112607 0.067962 
0.004500 0.112566 0.067005 
0.006000 0.112495 0.065329 
0.007500 0.112429 0.063773 
0.008500 0.112389 0.062815 
0.009500 0.112348 0.061857 
0.010500 0.112307 0.060900 
0.011500 0.112262 0.059822 
0.012500 0.112216 0.058745 
0.014000 0.112130 0.056710 
0.015500 0.112048 0.054795 
0.016500 0.112018 0.054076 
0.017500 0.111982 0.053238 
0.019000 0.111947 0.052400 
0.020000 0.111906 0.051443 
0.021500 0.111866 0.050485 
0.025500 0.111795 0.048809 
0.026500 0.111784 0.048570 
0.028000 0.111755 0.047956 
0.030000 0.111683 0.046685 
0.031500 0.111626 0.045669 
0.033500 0.111555 0.044397 
0.035000 0.111512 0.043635 
0.036000 0.111469 0.042872 
0.037000 0.111440 0.042364 
0.038000 0.111398 0.041601 
0.041000 0.111233 0.038678 
0.042500 0.111176 0.037661 
0.043500 0.111133 0.036898 
0.046000 0.111005 0.034610 
0.048000 0.110862 0.032068 
0.048500 0.110790 0.030797 
0.049500 0.110704 0.029272 
0.051000 0.110476 0.025205 
0.054500 0.110283 0.021773 
0.056500 0.110018 0.017070 
0.058000 0.109940 0.015672 
0.059000 0.109840 0.013892 
0.060000 0.109683 0.011096 
0.060500 0.109618 0.009952 
-0.042250 0.112743 0.054675 
-0.041750 0.113338 0.068920 
-0.040750 0.113413 0.070716 
-0.040250 0.113563 0.074307 
-0.039750 0.113613 0.075504 
-0.038750 0.113708 0.077778 
-0.037750 0.113758 0.078975 
-0.036750 0.113813 0.080292 
-0.035750 0.113848 0.081130 
-0.034750 0.113883 0.081968 
-0.033750 0.113908 0.082566 
-0.032750 0.113928 0.083045 
-0.031750 0.113938 0.083284 
-0.030750 0.113953 0.083644 
-0.029750 0.113968 0.084003 
-0.028750 0.113988 0.084482 
-0.027750 0.113988 0.084482 
-0.026750 0.114013 0.085080 
-0.025750 0.114028 0.085439 
-0.024750 0.114038 0.085679 
-0.024250 0.114219 0.090670 
-0.023750 0.114262 0.092028 
-0.022750 0.114313 0.093613 
-0.021750 0.114348 0.094745 
-0.020250 0.114392 0.096103 
-0.019250 0.114417 0.096895 
-0.018250 0.114435 0.097461 
-0.017250 0.114445 0.097801 
-0.015750 0.114460 0.098254 
-0.014250 0.114463 0.098367 
-0.013250 0.114460 0.098254 
-0.010750 0.114449 0.097914 
-0.009750 0.114435 0.097461 
-0.008750 0.114420 0.097008 
-0.007750 0.114395 0.096216 
-0.004750 0.114338 0.094405 
-0.003750 0.114341 0.094518 
-0.002250 0.114330 0.094179 
-0.001250 0.114320 0.093839 
-0.000250 0.114305 0.093386 
0.000750 0.114273 0.092368 
0.001750 0.114259 0.091915 
0.002750 0.114223 0.090783 
0.003750 0.113258 0.067005 
0.004750 0.113213 0.065927 
0.005750 0.113158 0.064611 
0.006750 0.113133 0.064012 
0.007750 0.113093 0.063054 
0.008750 0.113043 0.061857 
0.009750 0.113003 0.060900 
0.010750 0.112968 0.060062 
0.011750 0.112918 0.058865 
0.013250 0.112838 0.056949 
0.014250 0.112798 0.055992 
0.014750 0.112748 0.054795 
0.015750 0.112708 0.053837 
0.016750 0.112678 0.053119 
0.018250 0.112638 0.052161 
0.019250 0.112608 0.051443 
0.020750 0.112568 0.050485 
0.021750 0.112538 0.049767 
0.022750 0.112508 0.049049 
0.023750 0.112488 0.048570 
0.024750 0.112478 0.048331 
0.027250 0.112452 0.047830 
0.028750 0.112409 0.047067 
0.030750 0.112346 0.045923 
0.031750 0.112282 0.044779 
0.032750 0.112254 0.044271 
0.034250 0.112212 0.043508 
0.035250 0.112176 0.042873 
0.038750 0.112056 0.040712 
0.039750 0.112007 0.039823 
0.041750 0.111894 0.037789 
0.044250 0.111788 0.035882 
0.045250 0.111745 0.035120 
0.046750 0.111653 0.033468 
0.049750 0.111364 0.028256 
0.050250 0.111307 0.027240 
0.050750 0.111236 0.025969 
0.051750 0.111130 0.024062 
0.052250 0.111081 0.023172 
0.053250 0.111046 0.022537 
0.054750 0.110911 0.020122 
0.055750 0.110876 0.019486 
0.057250 0.110714 0.016563 
0.058250 0.110600 0.014530 
0.058750 0.110516 0.013005 
0.059250 0.110403 0.010971 
0.060750 0.110290 0.008937 
-0.041000 0.114255 0.074426 
-0.040000 0.114333 0.076342 
-0.039000 0.114422 0.078496 
-0.038000 0.114476 0.079813 
-0.037000 0.114530 0.081130 
-0.036000 0.114575 0.082207 
-0.035000 0.114599 0.082805 
-0.034000 0.114624 0.083404 
-0.033000 0.114643 0.083883 
-0.032000 0.114658 0.084242 
-0.031000 0.114668 0.084481 
-0.030000 0.114683 0.084840 
-0.029000 0.114703 0.085319 
-0.028000 0.114698 0.085199 
-0.027000 0.114727 0.085918 
-0.026000 0.114752 0.086516 
-0.025000 0.114888 0.090443 
-0.024500 0.114926 0.091688 
-0.024000 0.114961 0.092820 
-0.022500 0.115021 0.094745 
-0.021500 0.115053 0.095763 
-0.020000 0.115095 0.097122 
-0.019000 0.115109 0.097575 
-0.016500 0.115137 0.098480 
-0.015000 0.115144 0.098706 
-0.012500 0.115140 0.098593 
-0.011500 0.115137 0.098480 
-0.009000 0.115112 0.097688 
-0.008000 0.115091 0.097008 
-0.007000 0.115025 0.094858 
-0.006000 0.115025 0.094858 
-0.003000 0.115021 0.094745 
-0.001500 0.115014 0.094518 
-0.000500 0.115000 0.094065 
0.000500 0.114979 0.093386 
0.002500 0.114930 0.091801 
0.003500 0.114898 0.090783 
0.004500 0.113876 0.065209 
0.007000 0.113797 0.063294 
0.007500 0.113728 0.061618 
0.009000 0.113694 0.060780 
0.010000 0.113659 0.059942 
0.011000 0.113615 0.058865 
0.012000 0.113585 0.058147 
0.014000 0.113438 0.054556 
0.015000 0.113418 0.054077 
0.016000 0.113379 0.053119 
0.017000 0.113349 0.052401 
0.020000 0.113280 0.050725 
0.021000 0.113241 0.049768 
0.022000 0.113206 0.048930 
0.023000 0.113177 0.048211 
0.024000 0.113142 0.047576 
0.025500 0.113142 0.047576 
0.026500 0.113135 0.047449 
0.027500 0.113114 0.047068 
0.029000 0.113065 0.046178 
0.030000 0.113044 0.045797 
0.031000 0.113002 0.045034 
0.033500 0.112911 0.043382 
0.036000 0.112834 0.041984 
0.037000 0.112807 0.041475 
0.038000 0.112765 0.040713 
0.039000 0.112723 0.039950 
0.040000 0.112674 0.039061 
0.041000 0.112618 0.038044 
0.042500 0.112562 0.037027 
0.043500 0.112513 0.036137 
0.046000 0.112387 0.033850 
0.047000 0.112296 0.032198 
0.048000 0.112234 0.031054 
0.049000 0.112150 0.029529 
0.051000 0.111905 0.025080 
0.053500 0.111724 0.021776 
0.055500 0.111493 0.017582 
0.056500 0.111458 0.016946 
0.057500 0.111283 0.013769 
0.060000 0.111039 0.009321 
-0.042750 0.114496 0.063414 
-0.042250 0.114888 0.073109 
-0.041750 0.114932 0.074187 
-0.040750 0.115009 0.076102 
-0.040250 0.115053 0.077179 
-0.038750 0.115154 0.079693 
-0.037750 0.115213 0.081129 
-0.036750 0.115251 0.082087 
-0.035750 0.115290 0.083044 
-0.034750 0.115319 0.083763 
-0.033750 0.115338 0.084242 
-0.032750 0.115358 0.084720 
-0.031750 0.115372 0.085079 
-0.030750 0.115387 0.085438 
-0.029750 0.115411 0.086037 
-0.028750 0.115435 0.086636 
-0.027750 0.115435 0.086636 
-0.026750 0.115460 0.087234 
-0.025750 0.115547 0.089877 
-0.025250 0.115591 0.091348 
-0.024750 0.115625 0.092480 
-0.023750 0.115670 0.093952 
-0.022250 0.115724 0.095763 
-0.021250 0.115752 0.096669 
-0.019750 0.115786 0.097801 
-0.018250 0.115803 0.098367 
-0.017250 0.115817 0.098820 
-0.015750 0.115823 0.099046 
-0.014250 0.115827 0.099160 
-0.013250 0.115827 0.099160 
-0.010750 0.115813 0.098707 
-0.009750 0.115800 0.098254 
-0.007250 0.115759 0.096895 
-0.005250 0.115711 0.095311 
-0.003750 0.115711 0.095311 
-0.002250 0.115697 0.094858 
0.000250 0.115673 0.094065 
0.001250 0.115636 0.092820 
0.003250 0.115595 0.091462 
0.004250 0.115564 0.090443 
0.004750 0.114539 0.064491 
0.005750 0.114515 0.063892 
0.006750 0.114423 0.061618 
0.008250 0.114394 0.060900 
0.009250 0.114355 0.059942 
0.010250 0.114321 0.059104 
0.012250 0.114239 0.057070 
0.013250 0.114205 0.056232 
0.015250 0.114069 0.052880 
0.016250 0.114050 0.052401 
0.017750 0.114016 0.051563 
0.018750 0.113987 0.050845 
0.019750 0.113953 0.050007 
0.021250 0.113895 0.048571 
0.022250 0.113853 0.047704 
0.023250 0.113832 0.047322 
0.024750 0.113825 0.047195 
0.027750 0.113777 0.046305 
0.031750 0.113646 0.043891 
0.032750 0.113618 0.043382 
0.034250 0.113570 0.042493 
0.035250 0.113542 0.041984 
0.041750 0.113273 0.037028 
0.044250 0.113176 0.035249 
0.045250 0.113121 0.034232 
0.047250 0.112969 0.031436 
0.048250 0.112900 0.030165 
0.049250 0.112817 0.028640 
0.049750 0.112762 0.027624 
0.050250 0.112699 0.026480 
0.051250 0.112568 0.024065 
0.052250 0.112492 0.022667 
0.052750 0.112444 0.021777 
0.053750 0.112389 0.020761 
0.054750 0.112313 0.019363 
0.056750 0.112140 0.016185 
0.058250 0.111926 0.012246 
0.058750 0.111843 0.010721 
0.060250 0.111712 0.008306 
-0.041500 0.115676 0.075623 
-0.040000 0.115785 0.078376 
-0.039500 0.115823 0.079334 
-0.038500 0.115876 0.080650 
-0.037500 0.115928 0.081967 
-0.036500 0.115966 0.082925 
-0.035500 0.116004 0.083882 
-0.034500 0.116028 0.084481 
-0.033500 0.116047 0.084959 
-0.032500 0.116071 0.085558 
-0.031500 0.116090 0.086037 
-0.030500 0.116109 0.086515 
-0.029500 0.116124 0.086874 
-0.028500 0.116147 0.087473 
-0.027500 0.116157 0.087712 
-0.026500 0.116190 0.088744 
-0.026000 0.116243 0.090556 
-0.024500 0.116333 0.093612 
-0.023500 0.116370 0.094858 
-0.022000 0.116416 0.096443 
-0.021000 0.116443 0.097348 
-0.019000 0.116476 0.098480 
-0.016500 0.116503 0.099386 
-0.015000 0.116506 0.099499 
-0.012500 0.116506 0.099499 
-0.011500 0.116499 0.099273 
-0.009000 0.116466 0.098141 
-0.008000 0.116449 0.097575 
-0.006500 0.116396 0.095763 
-0.004500 0.116393 0.095650 
-0.003000 0.116383 0.095311 
-0.001500 0.116376 0.095084 
-0.000500 0.116370 0.094858 
0.001000 0.116350 0.094178 
0.002000 0.116306 0.092707 
0.003000 0.116293 0.092254 
0.004000 0.116263 0.091235 
0.005000 0.116226 0.089990 
0.006000 0.115113 0.061499 
0.007500 0.115080 0.060661 
0.008500 0.115042 0.059703 
0.009500 0.115008 0.058865 
0.010500 0.114985 0.058267 
0.011500 0.114956 0.057549 
0.012500 0.114904 0.056232 
0.013500 0.114808 0.053838 
0.014500 0.114775 0.053000 
0.015500 0.114742 0.052162 
0.017000 0.114708 0.051324 
0.018000 0.114684 0.050726 
0.019000 0.114651 0.049888 
0.020000 0.114627 0.049289 
0.021000 0.114557 0.047704 
0.022500 0.114516 0.046941 
0.024000 0.114502 0.046687 
0.025500 0.114496 0.046560 
0.026500 0.114482 0.046306 
0.028000 0.114441 0.045543 
0.029000 0.114421 0.045162 
0.030000 0.114393 0.044654 
0.031000 0.114359 0.044018 
0.033500 0.114277 0.042493 
0.036000 0.114202 0.041095 
0.037000 0.114175 0.040587 
0.038000 0.114141 0.039952 
0.039000 0.114100 0.039189 
0.040000 0.114059 0.038427 
0.040500 0.114011 0.037537 
0.042500 0.113943 0.036266 
0.043500 0.113895 0.035377 
0.045500 0.113786 0.033344 
0.046500 0.113697 0.031691 
0.048500 0.113567 0.029277 
0.050500 0.113335 0.024956 
0.053000 0.113123 0.021016 
0.054000 0.113062 0.019873 
0.055000 0.112973 0.018221 
0.056000 0.112912 0.017077 
0.057000 0.112720 0.013519 
0.058000 0.112563 0.010596 
0.059000 0.112502 0.009452 
-0.043250 0.116235 0.072391 
-0.042250 0.116319 0.074546 
-0.041250 0.116413 0.076940 
-0.039250 0.116544 0.080291 
-0.038250 0.116591 0.081488 
-0.036250 0.116675 0.083642 
-0.033250 0.116760 0.085797 
-0.032250 0.116779 0.086276 
-0.031250 0.116797 0.086754 
-0.030250 0.116816 0.087233 
-0.029250 0.116835 0.087712 
-0.028250 0.116851 0.088178 
-0.027250 0.116867 0.088744 
-0.026750 0.116906 0.090103 
-0.026250 0.116942 0.091348 
-0.025750 0.116967 0.092254 
-0.025250 0.116993 0.093159 
-0.024250 0.117029 0.094405 
-0.023250 0.117065 0.095650 
-0.021750 0.117107 0.097122 
-0.020250 0.117143 0.098367 
-0.018250 0.117165 0.099160 
-0.017250 0.117175 0.099500 
-0.015750 0.117182 0.099726 
-0.014250 0.117185 0.099839 
-0.013250 0.117182 0.099726 
-0.010750 0.117175 0.099500 
-0.009750 0.117162 0.099047 
-0.007250 0.117117 0.097462 
-0.005750 0.117071 0.095877 
-0.003750 0.117071 0.095877 
-0.002250 0.117065 0.095650 
0.000250 0.117045 0.094971 
0.001750 0.117016 0.093952 
0.002750 0.116987 0.092933 
0.006250 0.115780 0.060781 
0.007250 0.115747 0.059943 
0.008750 0.115705 0.058865 
0.010750 0.115649 0.057429 
0.011750 0.115602 0.056232 
0.012750 0.115504 0.053719 
0.013750 0.115476 0.053000 
0.014750 0.115443 0.052162 
0.016250 0.115410 0.051325 
0.017250 0.115382 0.050607 
0.018250 0.115344 0.049649 
0.019250 0.115321 0.049050 
0.020250 0.115268 0.047831 
0.021750 0.115207 0.046688 
0.023250 0.115194 0.046434 
0.024750 0.115180 0.046179 
0.027250 0.115140 0.045417 
0.031250 0.115025 0.043257 
0.032250 0.114991 0.042621 
0.034250 0.114937 0.041605 
0.035250 0.114910 0.041096 
0.040750 0.114681 0.036776 
0.041750 0.114661 0.036394 
0.042750 0.114613 0.035505 
0.044250 0.114553 0.034361 
0.047250 0.114357 0.030676 
0.048750 0.114222 0.028134 
0.049250 0.114175 0.027245 
0.049750 0.114121 0.026228 
0.050750 0.113999 0.023941 
0.051750 0.113858 0.021272 
0.053250 0.113797 0.020128 
0.054250 0.113736 0.018985 
0.055250 0.113655 0.017460 
0.056250 0.113486 0.014283 
0.057250 0.113405 0.012758 
0.059250 0.113156 0.008056 
-0.042000 0.117066 0.076101 
-0.041000 0.117140 0.078016 
-0.040000 0.117199 0.079572 
-0.037500 0.117315 0.082565 
-0.035500 0.117393 0.084600 
-0.034500 0.117425 0.085437 
-0.032000 0.117485 0.086994 
-0.031000 0.117504 0.087472 
-0.030000 0.117522 0.087951 
-0.028000 0.117547 0.088857 
-0.025000 0.117686 0.093839 
-0.024000 0.117721 0.095084 
-0.022500 0.117765 0.096669 
-0.021000 0.117806 0.098141 
-0.019500 0.117831 0.099047 
-0.016500 0.117853 0.099839 
-0.015000 0.117860 0.100066 
-0.012500 0.117857 0.099953 
-0.011500 0.117853 0.099839 
-0.009000 0.117835 0.099160 
-0.008000 0.117812 0.098367 
-0.006500 0.117752 0.096216 
-0.005000 0.117746 0.095990 
-0.003000 0.117746 0.095990 
-0.001500 0.117740 0.095763 
-0.000500 0.117733 0.095537 
0.001000 0.117708 0.094631 
0.002500 0.117683 0.093725 
0.003500 0.117655 0.092706 
0.004500 0.117617 0.091348 
0.005500 0.117576 0.089876 
0.006000 0.116448 0.060063 
0.007000 0.116416 0.059225 
0.008000 0.116398 0.058746 
0.009000 0.116365 0.057908 
0.010000 0.116347 0.057429 
0.011000 0.116301 0.056232 
0.012000 0.116269 0.055395 
0.014000 0.116149 0.052283 
0.015500 0.116107 0.051205 
0.016500 0.116080 0.050487 
0.017500 0.116043 0.049530 
0.018500 0.116015 0.048811 
0.019500 0.115979 0.047959 
0.020500 0.115912 0.046688 
0.022500 0.115879 0.046053 
0.024000 0.115865 0.045799 
0.025500 0.115852 0.045545 
0.026500 0.115832 0.045163 
0.028000 0.115812 0.044782 
0.029000 0.115785 0.044274 
0.030000 0.115759 0.043766 
0.031000 0.115685 0.042368 
0.033000 0.115659 0.041859 
0.036000 0.115579 0.040335 
0.037000 0.115545 0.039699 
0.038000 0.115512 0.039064 
0.039000 0.115472 0.038301 
0.040000 0.115392 0.036777 
0.042000 0.115332 0.035633 
0.043500 0.115272 0.034489 
0.044500 0.115218 0.033473 
0.045500 0.115152 0.032202 
0.046500 0.115092 0.031058 
0.047500 0.115012 0.029533 
0.048000 0.114965 0.028644 
0.050000 0.114745 0.024450 
0.052500 0.114545 0.020638 
0.053500 0.114478 0.019368 
0.054500 0.114405 0.017970 
0.055500 0.114338 0.016699 
0.057500 0.113978 0.009837 
0.058500 0.113898 0.008312 
-0.043750 0.117579 0.071553 
-0.043250 0.117629 0.072870 
-0.042750 0.117697 0.074665 
-0.041750 0.117788 0.077059 
-0.040750 0.117851 0.078735 
-0.039250 0.117923 0.080650 
-0.038250 0.117973 0.081966 
-0.037250 0.118023 0.083283 
-0.036250 0.118064 0.084360 
-0.035250 0.118100 0.085317 
-0.033750 0.118141 0.086395 
-0.032750 0.118168 0.087113 
-0.031750 0.118191 0.087711 
-0.029250 0.118218 0.088630 
-0.027750 0.118249 0.089762 
-0.026750 0.118298 0.091574 
-0.026250 0.118323 0.092480 
-0.024750 0.118378 0.094518 
-0.023750 0.118412 0.095763 
-0.022250 0.118455 0.097349 
-0.020250 0.118495 0.098821 
-0.018750 0.118516 0.099613 
-0.017750 0.118522 0.099840 
-0.015750 0.118531 0.100179 
-0.014250 0.118534 0.100293 
-0.013250 0.118531 0.100179 
-0.010750 0.118522 0.099840 
-0.009750 0.118516 0.099613 
-0.007250 0.118473 0.098028 
-0.006750 0.118442 0.096896 
-0.005750 0.118424 0.096216 
-0.004250 0.118424 0.096216 
-0.002250 0.118421 0.096103 
0.000250 0.118402 0.095424 
0.001750 0.118372 0.094291 
0.003250 0.118347 0.093386 
0.006250 0.117104 0.058986 
0.007250 0.117085 0.058507 
0.008250 0.117054 0.057669 
0.009250 0.117031 0.057071 
0.010250 0.116999 0.056233 
0.011250 0.116972 0.055514 
0.011750 0.116913 0.053959 
0.012750 0.116877 0.053001 
0.014750 0.116818 0.051445 
0.015750 0.116782 0.050487 
0.016750 0.116741 0.049410 
0.017750 0.116705 0.048453 
0.018750 0.116663 0.047578 
0.019750 0.116610 0.046561 
0.021250 0.116584 0.046053 
0.023250 0.116557 0.045545 
0.024750 0.116544 0.045291 
0.027250 0.116505 0.044528 
0.028250 0.116478 0.044020 
0.029250 0.116452 0.043512 
0.030250 0.116393 0.042368 
0.031750 0.116360 0.041733 
0.033750 0.116333 0.041225 
0.034750 0.116307 0.040716 
0.038250 0.116182 0.038302 
0.039250 0.116109 0.036904 
0.040750 0.116070 0.036142 
0.042750 0.115984 0.034490 
0.044750 0.115892 0.032711 
0.045750 0.115819 0.031314 
0.046750 0.115767 0.030297 
0.047250 0.115688 0.028772 
0.048250 0.115622 0.027501 
0.049250 0.115477 0.024706 
0.050750 0.115404 0.023308 
0.051250 0.115299 0.021275 
0.052750 0.115213 0.019623 
0.053750 0.115154 0.018480 
0.054750 0.115088 0.017209 
0.055750 0.114923 0.014032 
0.056750 0.114838 0.012381 
0.057750 0.114653 0.008823 
0.058250 0.114581 0.007425 
-0.044000 0.118237 0.070715 
-0.042500 0.118424 0.075742 
-0.041500 0.118499 0.077777 
-0.040000 0.118570 0.079692 
-0.038000 0.118682 0.082684 
-0.034500 0.118815 0.086275 
-0.031000 0.118887 0.088290 
-0.030000 0.118895 0.088630 
-0.028500 0.118916 0.089422 
-0.027500 0.118943 0.090441 
-0.026000 0.119015 0.093159 
-0.023000 0.119107 0.096669 
-0.021500 0.119149 0.098255 
-0.019500 0.119179 0.099387 
-0.017000 0.119200 0.100180 
-0.015000 0.119206 0.100406 
-0.012500 0.119203 0.100293 
-0.011500 0.119200 0.100180 
-0.009000 0.119182 0.099500 
-0.008000 0.119161 0.098707 
-0.005000 0.119095 0.096216 
-0.003500 0.119098 0.096330 
-0.001500 0.119086 0.095877 
-0.000500 0.119083 0.095763 
0.001000 0.119069 0.095197 
0.002500 0.119039 0.094065 
0.004000 0.119003 0.092706 
0.004500 0.118979 0.091800 
0.005500 0.118940 0.090328 
0.006000 0.118913 0.089309 
0.006500 0.117774 0.058268 
0.007500 0.117738 0.057310 
0.008500 0.117720 0.056831 
0.009500 0.117702 0.056353 
0.010500 0.117667 0.055395 
0.013500 0.117547 0.052164 
0.015000 0.117484 0.050488 
0.016000 0.117435 0.049171 
0.017000 0.117393 0.048087 
0.018000 0.117348 0.047197 
0.019000 0.117308 0.046435 
0.020500 0.117276 0.045800 
0.022000 0.117250 0.045291 
0.024000 0.117230 0.044910 
0.025500 0.117211 0.044529 
0.026500 0.117191 0.044148 
0.027500 0.117172 0.043767 
0.028500 0.117133 0.043004 
0.029500 0.117094 0.042242 
0.031000 0.117068 0.041734 
0.032500 0.117055 0.041480 
0.035500 0.116963 0.039701 
0.036500 0.116924 0.038938 
0.037500 0.116892 0.038303 
0.038500 0.116827 0.037032 
0.040000 0.116781 0.036143 
0.041500 0.116729 0.035126 
0.043500 0.116644 0.033475 
0.045000 0.116553 0.031696 
0.046000 0.116495 0.030552 
0.047000 0.116352 0.027757 
0.048500 0.116293 0.026613 
0.050000 0.116163 0.024072 
0.050500 0.116026 0.021404 
0.052000 0.115980 0.020514 
0.054000 0.115831 0.017592 
0.056000 0.115609 0.013272 
0.057000 0.115356 0.008317 
-0.043750 0.118965 0.071792 
-0.043250 0.119048 0.074066 
-0.042250 0.119136 0.076460 
-0.040750 0.119219 0.078734 
-0.039750 0.119284 0.080529 
-0.038750 0.119341 0.082085 
-0.037250 0.119411 0.084000 
-0.036250 0.119446 0.084958 
-0.035250 0.119477 0.085795 
-0.033750 0.119520 0.086992 
-0.032750 0.119551 0.087830 
-0.031750 0.119564 0.088289 
-0.029250 0.119590 0.089309 
-0.026750 0.119663 0.092140 
-0.025250 0.119718 0.094291 
-0.024250 0.119749 0.095537 
-0.022250 0.119804 0.097689 
-0.020750 0.119833 0.098821 
-0.018750 0.119862 0.099953 
-0.017750 0.119868 0.100180 
-0.016250 0.119874 0.100406 
-0.014250 0.119877 0.100520 
-0.013250 0.119874 0.100406 
-0.010750 0.119868 0.100180 
-0.009750 0.119860 0.099840 
-0.007250 0.119816 0.098141 
-0.006250 0.119778 0.096669 
-0.004250 0.119773 0.096443 
-0.002750 0.119770 0.096330 
0.000250 0.119752 0.095650 
0.001750 0.119732 0.094857 
0.003250 0.119703 0.093725 
0.005250 0.119636 0.091121 
0.006750 0.118423 0.056951 
0.008750 0.118392 0.056114 
0.009750 0.118353 0.055036 
0.010750 0.118318 0.054079 
0.011750 0.118287 0.053241 
0.012750 0.118252 0.052283 
0.013750 0.118217 0.051326 
0.015250 0.118130 0.048932 
0.016250 0.118078 0.047706 
0.017250 0.118039 0.046944 
0.018250 0.118013 0.046435 
0.019750 0.117975 0.045673 
0.021250 0.117943 0.045038 
0.022750 0.117923 0.044657 
0.024750 0.117898 0.044148 
0.025750 0.117878 0.043767 
0.027750 0.117840 0.043005 
0.030250 0.117782 0.041861 
0.031750 0.117756 0.041353 
0.033250 0.117724 0.040718 
0.034250 0.117685 0.039956 
0.036750 0.117595 0.038177 
0.037750 0.117538 0.037033 
0.039250 0.117493 0.036144 
0.040750 0.117454 0.035381 
0.042250 0.117364 0.033603 
0.043750 0.117312 0.032586 
0.045250 0.117203 0.030426 
0.046250 0.117145 0.029283 
0.047750 0.117017 0.026742 
0.048750 0.116914 0.024709 
0.050250 0.116811 0.022676 
0.051250 0.116721 0.020897 
0.052250 0.116657 0.019627 
0.052750 0.116612 0.018737 
0.053250 0.116567 0.017848 
0.054250 0.116515 0.016831 
0.055250 0.116393 0.014417 
0.056250 0.116033 0.007302 
0.057250 0.116020 0.007048 
-0.044500 0.119602 0.070356 
-0.043500 0.119696 0.072989 
-0.043000 0.119761 0.074784 
-0.042000 0.119851 0.077298 
-0.040500 0.119933 0.079572 
-0.039500 0.119993 0.081247 
-0.038500 0.120049 0.082803 
-0.034500 0.120190 0.086753 
-0.031000 0.120258 0.088969 
-0.030000 0.120267 0.089308 
-0.028500 0.120287 0.090101 
-0.027500 0.120309 0.091007 
-0.026000 0.120368 0.093385 
-0.023500 0.120441 0.096330 
-0.021500 0.120492 0.098368 
-0.020000 0.120517 0.099387 
-0.017000 0.120542 0.100407 
-0.015500 0.120545 0.100520 
-0.012500 0.120542 0.100407 
-0.011500 0.120539 0.100293 
-0.009000 0.120523 0.099614 
-0.008000 0.120500 0.098708 
-0.005500 0.120447 0.096556 
-0.003500 0.120447 0.096556 
-0.002000 0.120441 0.096330 
-0.001000 0.120435 0.096103 
0.001000 0.120419 0.095424 
0.002500 0.120396 0.094518 
0.004000 0.120343 0.092366 
0.006000 0.120264 0.089195 
0.007000 0.119095 0.056233 
0.008000 0.119073 0.055635 
0.009000 0.119043 0.054797 
0.010000 0.119022 0.054199 
0.012000 0.118962 0.052523 
0.013000 0.118919 0.051326 
0.014000 0.118867 0.049890 
0.015000 0.118788 0.047833 
0.016500 0.118737 0.046817 
0.017500 0.118699 0.046055 
0.018500 0.118680 0.045674 
0.020500 0.118642 0.044911 
0.022000 0.118610 0.044276 
0.023500 0.118591 0.043895 
0.025000 0.118560 0.043260 
0.026000 0.118547 0.043005 
0.027000 0.118534 0.042751 
0.028500 0.118509 0.042243 
0.029500 0.118490 0.041862 
0.031000 0.118458 0.041227 
0.032500 0.118426 0.040592 
0.033500 0.118394 0.039956 
0.034500 0.118356 0.039194 
0.035500 0.118331 0.038686 
0.037000 0.118261 0.037288 
0.038500 0.118210 0.036272 
0.040000 0.118166 0.035383 
0.041000 0.118115 0.034366 
0.043000 0.118032 0.032714 
0.044000 0.117975 0.031571 
0.045500 0.117880 0.029665 
0.046000 0.117810 0.028268 
0.046500 0.117734 0.026743 
0.048000 0.117689 0.025854 
0.049500 0.117562 0.023313 
0.050500 0.117423 0.020518 
0.053500 0.117251 0.017087 
0.054500 0.117181 0.015690 
0.055500 0.117042 0.012895 
0.056000 0.116915 0.010354 
0.056500 0.116724 0.006542 
-0.045250 0.120148 0.066287 
-0.044250 0.120321 0.071194 
-0.043750 0.120354 0.072151 
-0.043250 0.120409 0.073707 
-0.042250 0.120510 0.076579 
-0.041250 0.120582 0.078614 
-0.040250 0.120645 0.080409 
-0.037750 0.120763 0.083760 
-0.036750 0.120801 0.084837 
-0.035750 0.120835 0.085795 
-0.033750 0.120898 0.087590 
-0.032750 0.120922 0.088402 
-0.031750 0.120933 0.088855 
-0.029250 0.120955 0.089761 
-0.026750 0.121017 0.092366 
-0.025250 0.121066 0.094404 
-0.024250 0.121093 0.095537 
-0.022750 0.121134 0.097236 
-0.020750 0.121178 0.099048 
-0.019250 0.121197 0.099841 
-0.018250 0.121205 0.100180 
-0.016250 0.121213 0.100520 
-0.014750 0.121216 0.100633 
-0.013750 0.121213 0.100520 
-0.010750 0.121205 0.100180 
-0.009750 0.121197 0.099841 
-0.007250 0.121156 0.098142 
-0.006250 0.121126 0.096896 
-0.004750 0.121118 0.096556 
-0.002750 0.121118 0.096556 
-0.000250 0.121104 0.095990 
0.001750 0.121077 0.094857 
0.003250 0.121055 0.093951 
0.004750 0.121009 0.092026 
0.005750 0.120979 0.090780 
0.007250 0.119756 0.055156 
0.008250 0.119730 0.054438 
0.009250 0.119713 0.053960 
0.010250 0.119692 0.053361 
0.011250 0.119671 0.052763 
0.012250 0.119625 0.051446 
0.013250 0.119562 0.049651 
0.014250 0.119448 0.046945 
0.015250 0.119442 0.046818 
0.016250 0.119392 0.045801 
0.017250 0.119360 0.045166 
0.018750 0.119342 0.044785 
0.019750 0.119310 0.044150 
0.020750 0.119285 0.043641 
0.021750 0.119279 0.043514 
0.022750 0.119266 0.043260 
0.023750 0.119248 0.042879 
0.025250 0.119229 0.042498 
0.027750 0.119197 0.041863 
0.029750 0.119160 0.041100 
0.031250 0.119128 0.040465 
0.032250 0.119097 0.039830 
0.033750 0.119066 0.039195 
0.035750 0.118990 0.037670 
0.037750 0.118922 0.036273 
0.039250 0.118871 0.035256 
0.040250 0.118821 0.034240 
0.041250 0.118777 0.033351 
0.042250 0.118740 0.032589 
0.043250 0.118696 0.031699 
0.044250 0.118602 0.029794 
0.045250 0.118558 0.028904 
0.045750 0.118451 0.026744 
0.047250 0.118414 0.025982 
0.048250 0.118351 0.024712 
0.049750 0.118244 0.022552 
0.051250 0.118125 0.020138 
0.051750 0.118081 0.019249 
0.052250 0.118018 0.017978 
0.052750 0.117975 0.017089 
0.053750 0.117918 0.015945 
0.054750 0.117805 0.013659 
-0.045000 0.120902 0.068082 
-0.043000 0.121125 0.074545 
-0.042500 0.121171 0.075861 
-0.039500 0.121369 0.081606 
-0.038500 0.121419 0.083042 
-0.035000 0.121547 0.086752 
-0.031000 0.121620 0.089308 
-0.030000 0.121628 0.089648 
-0.028500 0.121647 0.090440 
-0.027500 0.121668 0.091346 
-0.026000 0.121715 0.093385 
-0.023500 0.121784 0.096330 
-0.022000 0.121821 0.097915 
-0.020000 0.121858 0.099501 
-0.017500 0.121876 0.100294 
-0.015500 0.121881 0.100520 
-0.013000 0.121879 0.100407 
-0.012000 0.121876 0.100294 
-0.009000 0.121858 0.099501 
-0.008000 0.121842 0.098821 
-0.005500 0.121797 0.096896 
-0.004000 0.121792 0.096670 
-0.002000 0.121787 0.096443 
-0.001000 0.121784 0.096330 
0.000500 0.121771 0.095763 
0.002500 0.121742 0.094518 
0.004000 0.121700 0.092706 
0.006000 0.121607 0.088741 
0.006500 0.120438 0.054678 
0.007500 0.120422 0.054199 
0.010500 0.120368 0.052644 
0.011500 0.120327 0.051447 
0.012500 0.120256 0.049412 
0.013500 0.120227 0.048574 
0.014000 0.120116 0.046183 
0.015000 0.120066 0.045166 
0.016000 0.120029 0.044404 
0.017000 0.120023 0.044277 
0.018000 0.120004 0.043896 
0.019000 0.119980 0.043388 
0.020000 0.119967 0.043134 
0.023000 0.119936 0.042499 
0.024500 0.119924 0.042245 
0.026000 0.119899 0.041736 
0.027000 0.119887 0.041482 
0.028000 0.119868 0.041101 
0.029000 0.119843 0.040593 
0.030000 0.119825 0.040212 
0.031500 0.119794 0.039577 
0.033000 0.119769 0.039069 
0.034000 0.119738 0.038433 
0.035000 0.119701 0.037671 
0.036000 0.119664 0.036909 
0.037000 0.119639 0.036401 
0.038000 0.119589 0.035384 
0.039000 0.119540 0.034368 
0.040500 0.119490 0.033352 
0.041500 0.119447 0.032463 
0.042500 0.119416 0.031827 
0.043500 0.119354 0.030557 
0.044500 0.119261 0.028651 
0.045000 0.119218 0.027762 
0.046500 0.119125 0.025856 
0.047500 0.119088 0.025094 
0.049000 0.118983 0.022935 
0.050000 0.118865 0.020521 
0.052000 0.118685 0.016837 
0.053000 0.118648 0.016074 
0.054000 0.118574 0.014550 
0.055000 0.118370 0.010358 
-0.045750 0.121544 0.066646 
-0.044750 0.121641 0.069518 
-0.044250 0.121694 0.071074 
-0.043250 0.121755 0.072869 
-0.042250 0.121889 0.076818 
-0.041750 0.121921 0.077776 
-0.041250 0.121958 0.078853 
-0.040250 0.122015 0.080528 
-0.037750 0.122129 0.083879 
-0.036750 0.122173 0.085196 
-0.035750 0.122206 0.086153 
-0.034250 0.122254 0.087589 
-0.033250 0.122277 0.088401 
-0.032250 0.122290 0.088968 
-0.029250 0.122315 0.090100 
-0.026750 0.122366 0.092366 
-0.025250 0.122407 0.094178 
-0.024250 0.122435 0.095424 
-0.022750 0.122471 0.097009 
-0.021250 0.122506 0.098595 
-0.019250 0.122532 0.099728 
-0.018250 0.122542 0.100181 
-0.016750 0.122547 0.100407 
-0.014750 0.122550 0.100521 
-0.013750 0.122550 0.100521 
-0.011250 0.122542 0.100181 
-0.010250 0.122537 0.099954 
-0.007250 0.122499 0.098255 
-0.006250 0.122486 0.097689 
-0.004750 0.122471 0.097009 
-0.003250 0.122463 0.096670 
-0.000250 0.122448 0.095990 
0.001250 0.122432 0.095310 
0.003250 0.122399 0.093838 
0.004750 0.122358 0.092026 
0.005750 0.122335 0.091006 
0.006750 0.121109 0.053841 
0.007750 0.121097 0.053482 
0.008750 0.121089 0.053242 
0.009750 0.121065 0.052524 
0.010750 0.121036 0.051686 
0.011750 0.120947 0.049054 
0.012750 0.120927 0.048455 
0.013250 0.120796 0.045675 
0.014250 0.120705 0.043770 
0.015250 0.120686 0.043389 
0.016250 0.120668 0.043007 
0.017250 0.120656 0.042753 
0.018250 0.120644 0.042499 
0.019250 0.120644 0.042499 
0.020750 0.120625 0.042118 
0.021750 0.120619 0.041991 
0.023250 0.120601 0.041610 
0.024250 0.120589 0.041356 
0.025250 0.120576 0.041102 
0.026250 0.120570 0.040975 
0.027250 0.120534 0.040213 
0.028250 0.120521 0.039959 
0.029250 0.120503 0.039577 
0.030250 0.120485 0.039196 
0.031750 0.120466 0.038815 
0.032750 0.120442 0.038307 
0.034250 0.120405 0.037545 
0.035250 0.120362 0.036656 
0.036250 0.120338 0.036148 
0.037250 0.120295 0.035258 
0.038250 0.120252 0.034369 
0.039250 0.120216 0.033607 
0.040750 0.120167 0.032591 
0.042750 0.120063 0.030431 
0.043250 0.120014 0.029415 
0.044250 0.119928 0.027636 
0.045250 0.119849 0.025985 
0.046750 0.119806 0.025096 
0.047750 0.119763 0.024206 
0.049250 0.119617 0.021157 
0.050250 0.119549 0.019760 
0.051250 0.119439 0.017474 
0.051750 0.119366 0.015949 
0.052750 0.119323 0.015060 
0.053750 0.119256 0.013663 
0.054250 0.119177 0.012011 
-0.045500 0.122267 0.067603 
-0.043500 0.122411 0.071912 
-0.043000 0.122522 0.075262 
-0.039500 0.122737 0.081725 
-0.038500 0.122785 0.083161 
-0.035000 0.122913 0.086990 
-0.031500 0.122976 0.089420 
-0.030500 0.122984 0.089760 
-0.028500 0.123004 0.090666 
-0.027500 0.123023 0.091573 
-0.026000 0.123060 0.093272 
-0.023500 0.123122 0.096103 
-0.022000 0.123156 0.097689 
-0.020500 0.123183 0.098935 
-0.017500 0.123210 0.100181 
-0.016000 0.123215 0.100408 
-0.013000 0.123215 0.100408 
-0.012000 0.123213 0.100294 
-0.009500 0.123196 0.099501 
-0.008500 0.123183 0.098935 
-0.005500 0.123164 0.098029 
-0.004000 0.123146 0.097236 
-0.002500 0.123134 0.096670 
-0.001500 0.123127 0.096330 
0.000500 0.123114 0.095763 
0.002000 0.123095 0.094857 
0.004000 0.123053 0.092932 
0.006000 0.122959 0.088627 
0.007000 0.121782 0.053003 
0.008000 0.121774 0.052764 
0.009000 0.121754 0.052165 
0.010000 0.121738 0.051687 
0.010500 0.121706 0.050729 
0.011000 0.121638 0.048695 
0.012000 0.121592 0.047581 
0.012500 0.121478 0.045167 
0.014000 0.121327 0.041992 
0.015500 0.121321 0.041865 
0.016500 0.121315 0.041738 
0.017500 0.121321 0.041865 
0.018500 0.121309 0.041611 
0.019500 0.121309 0.041611 
0.020500 0.121291 0.041230 
0.021500 0.121285 0.041103 
0.022500 0.121279 0.040976 
0.023500 0.121260 0.040594 
0.024500 0.121254 0.040467 
0.025500 0.121248 0.040340 
0.026500 0.121212 0.039578 
0.027500 0.121200 0.039324 
0.028500 0.121188 0.039070 
0.029500 0.121176 0.038816 
0.030500 0.121158 0.038435 
0.032000 0.121134 0.037927 
0.033000 0.121110 0.037419 
0.034500 0.121073 0.036657 
0.035500 0.121031 0.035767 
0.036500 0.120995 0.035005 
0.037500 0.120959 0.034243 
0.040000 0.120880 0.032592 
0.041000 0.120838 0.031702 
0.042000 0.120778 0.030432 
0.042500 0.120730 0.029416 
0.043500 0.120645 0.027638 
0.044000 0.120603 0.026748 
0.046000 0.120531 0.025224 
0.048000 0.120446 0.023446 
0.049500 0.120295 0.020270 
0.051000 0.120054 0.015189 
0.052000 0.120030 0.014681 
0.053000 0.119982 0.013664 
0.053500 0.119939 0.012775 
-0.046250 0.122900 0.065808 
-0.044750 0.122994 0.068680 
-0.044250 0.123048 0.070356 
-0.042750 0.123240 0.076220 
-0.042250 0.123275 0.077297 
-0.041250 0.123329 0.078972 
-0.040250 0.123380 0.080528 
-0.037750 0.123493 0.083998 
-0.036750 0.123536 0.085315 
-0.035750 0.123568 0.086272 
-0.034250 0.123614 0.087708 
-0.033250 0.123632 0.088400 
-0.032250 0.123644 0.088967 
-0.029750 0.123670 0.090213 
-0.026750 0.123712 0.092252 
-0.025250 0.123746 0.093838 
-0.024250 0.123772 0.095084 
-0.022750 0.123798 0.096330 
-0.021250 0.123838 0.098256 
-0.019750 0.123860 0.099275 
-0.018750 0.123869 0.099728 
-0.016750 0.123881 0.100295 
-0.015250 0.123884 0.100408 
-0.014250 0.123884 0.100408 
-0.011250 0.123876 0.100068 
-0.010250 0.123872 0.099841 
-0.007750 0.123855 0.099049 
-0.006750 0.123853 0.098935 
-0.004750 0.123843 0.098482 
-0.003250 0.123822 0.097463 
-0.000750 0.123793 0.096103 
0.001250 0.123777 0.095310 
0.002750 0.123748 0.093951 
0.004750 0.123703 0.091799 
0.005250 0.123677 0.090553 
0.006250 0.122475 0.052764 
0.007250 0.122459 0.052285 
0.008250 0.122447 0.051926 
0.009250 0.122424 0.051208 
0.010250 0.122342 0.048695 
0.011250 0.122308 0.047835 
0.011750 0.122148 0.044406 
0.012750 0.122136 0.044152 
0.013250 0.121993 0.041103 
0.014250 0.121987 0.040976 
0.015250 0.121993 0.041103 
0.016250 0.121981 0.040849 
0.017250 0.121993 0.041103 
0.018250 0.121969 0.040595 
0.019250 0.121963 0.040468 
0.020250 0.121963 0.040468 
0.021250 0.121945 0.040087 
0.022250 0.121951 0.040214 
0.023250 0.121933 0.039833 
0.024250 0.121927 0.039706 
0.025250 0.121898 0.039071 
0.026250 0.121886 0.038817 
0.027750 0.121874 0.038563 
0.028750 0.121862 0.038309 
0.031250 0.121826 0.037547 
0.032250 0.121808 0.037166 
0.033250 0.121773 0.036403 
0.034250 0.121749 0.035895 
0.035750 0.121701 0.034879 
0.038250 0.121636 0.033482 
0.039250 0.121600 0.032720 
0.040250 0.121552 0.031704 
0.041250 0.121487 0.030306 
0.042750 0.121356 0.027512 
0.044250 0.121284 0.025988 
0.045250 0.121249 0.025225 
0.046250 0.121213 0.024463 
0.047250 0.121171 0.023574 
0.048250 0.121118 0.022431 
0.048750 0.121005 0.020017 
0.049750 0.120975 0.019382 
0.050750 0.120737 0.014301 
0.051750 0.120701 0.013539 
0.053250 0.120570 0.010745 
-0.045500 0.123642 0.067364 
-0.043500 0.123772 0.071433 
-0.039500 0.124093 0.081485 
-0.038500 0.124136 0.082801 
-0.035000 0.124269 0.086990 
-0.031500 0.124327 0.089306 
-0.030500 0.124337 0.089759 
-0.029000 0.124353 0.090553 
-0.028000 0.124364 0.091119 
-0.026000 0.124401 0.092932 
-0.023500 0.124458 0.095763 
-0.022000 0.124490 0.097350 
-0.020500 0.124515 0.098596 
-0.018000 0.124538 0.099729 
-0.016000 0.124547 0.100182 
-0.013500 0.124547 0.100182 
-0.012500 0.124545 0.100068 
-0.009500 0.124536 0.099615 
-0.008500 0.124531 0.099389 
-0.006000 0.124527 0.099162 
-0.004000 0.124515 0.098596 
-0.002500 0.124495 0.097576 
-0.001500 0.124474 0.096556 
0.000000 0.124460 0.095877 
0.002000 0.124435 0.094631 
0.003500 0.124401 0.092932 
0.005500 0.124334 0.089646 
0.006000 0.123141 0.051687 
0.007000 0.123133 0.051448 
0.008000 0.123114 0.050850 
0.009000 0.123061 0.049174 
0.010000 0.123007 0.047709 
0.010500 0.122954 0.046566 
0.011000 0.122666 0.040342 
0.011500 0.122813 0.043517 
0.012000 0.122678 0.040596 
0.013000 0.122648 0.039961 
0.014000 0.122642 0.039834 
0.015000 0.122648 0.039961 
0.016000 0.122636 0.039707 
0.017000 0.122642 0.039834 
0.018000 0.122613 0.039199 
0.019000 0.122607 0.039072 
0.020000 0.122613 0.039199 
0.021000 0.122607 0.039072 
0.022000 0.122595 0.038818 
0.023000 0.122584 0.038564 
0.024000 0.122578 0.038437 
0.025000 0.122566 0.038183 
0.026500 0.122560 0.038056 
0.028000 0.122548 0.037802 
0.029500 0.122537 0.037547 
0.030500 0.122519 0.037166 
0.031500 0.122496 0.036658 
0.032500 0.122460 0.035896 
0.033500 0.122449 0.035642 
0.034500 0.122425 0.035134 
0.036500 0.122372 0.033991 
0.037500 0.122337 0.033229 
0.038500 0.122302 0.032467 
0.039500 0.122237 0.031070 
0.040500 0.122196 0.030181 
0.041000 0.122155 0.029291 
0.042000 0.122067 0.027386 
0.043000 0.122020 0.026370 
0.045500 0.121932 0.024465 
0.046500 0.121891 0.023575 
0.047500 0.121838 0.022432 
0.050000 0.121656 0.018495 
0.051000 0.121421 0.013414 
0.052000 0.121374 0.012398 
-0.046250 0.124282 0.065449 
-0.045750 0.124320 0.066645 
-0.044750 0.124376 0.068440 
-0.044250 0.124410 0.069517 
-0.043250 0.124587 0.075142 
-0.042250 0.124651 0.077176 
-0.041250 0.124696 0.078612 
-0.040250 0.124752 0.080408 
-0.037750 0.124857 0.083759 
-0.037250 0.124888 0.084716 
-0.036250 0.124921 0.085793 
-0.034250 0.124978 0.087588 
-0.033250 0.124998 0.088400 
-0.032250 0.125009 0.088966 
-0.029750 0.125031 0.090099 
-0.027250 0.125062 0.091685 
-0.025250 0.125098 0.093498 
-0.024250 0.125120 0.094631 
-0.022750 0.125151 0.096216 
-0.021250 0.125182 0.097802 
-0.019750 0.125202 0.098822 
-0.018750 0.125209 0.099162 
-0.017250 0.125220 0.099728 
-0.015250 0.125227 0.100068 
-0.014250 0.125229 0.100181 
-0.011750 0.125224 0.099955 
-0.010750 0.125222 0.099841 
-0.007750 0.125218 0.099615 
-0.006750 0.125216 0.099502 
-0.005250 0.125211 0.099275 
-0.003250 0.125198 0.098595 
-0.001750 0.125178 0.097576 
-0.000750 0.125151 0.096216 
0.000750 0.125133 0.095310 
0.002750 0.125100 0.093611 
0.004250 0.125067 0.091912 
0.004750 0.125049 0.091006 
0.005750 0.123820 0.050729 
0.006750 0.123816 0.050609 
0.007750 0.123794 0.049891 
0.008250 0.123749 0.048455 
0.009250 0.123701 0.047327 
0.009750 0.123439 0.041611 
0.010250 0.123358 0.039832 
0.011750 0.123312 0.038816 
0.012750 0.123294 0.038435 
0.013750 0.123300 0.038562 
0.014750 0.123277 0.038054 
0.015750 0.123283 0.038181 
0.016750 0.123254 0.037546 
0.017750 0.123265 0.037800 
0.018750 0.123248 0.037419 
0.019750 0.123259 0.037673 
0.020750 0.123254 0.037546 
0.021750 0.123248 0.037419 
0.022750 0.123236 0.037165 
0.023750 0.123254 0.037546 
0.024750 0.123242 0.037292 
0.025750 0.123248 0.037419 
0.026750 0.123236 0.037165 
0.027750 0.123230 0.037038 
0.028750 0.123225 0.036911 
0.029750 0.123207 0.036530 
0.030750 0.123184 0.036022 
0.031750 0.123149 0.035260 
0.032750 0.123143 0.035133 
0.033750 0.123126 0.034752 
0.034750 0.123097 0.034117 
0.035750 0.123068 0.033482 
0.036750 0.123033 0.032720 
0.037750 0.122987 0.031703 
0.038750 0.122900 0.029798 
0.039750 0.122871 0.029163 
0.040750 0.122818 0.028020 
0.042250 0.122749 0.026496 
0.043750 0.122697 0.025353 
0.044750 0.122650 0.024337 
0.045750 0.122615 0.023574 
0.046750 0.122569 0.022558 
0.047750 0.122412 0.019129 
0.048750 0.122406 0.019002 
0.049750 0.122151 0.013413 
0.050750 0.122105 0.012397 
-0.046500 0.124958 0.064610 
-0.043500 0.125253 0.074184 
-0.042500 0.125320 0.076338 
-0.039500 0.125475 0.081365 
-0.038500 0.125512 0.082562 
-0.035500 0.125634 0.086511 
-0.031500 0.125702 0.089193 
-0.030500 0.125712 0.089759 
-0.029000 0.125728 0.090552 
-0.028000 0.125738 0.091119 
-0.026500 0.125760 0.092252 
-0.023500 0.125818 0.095310 
-0.022000 0.125848 0.096896 
-0.020500 0.125872 0.098142 
-0.018000 0.125893 0.099275 
-0.016500 0.125904 0.099841 
-0.013500 0.125906 0.099954 
-0.012500 0.125904 0.099841 
-0.010000 0.125902 0.099728 
-0.009000 0.125904 0.099841 
-0.006000 0.125900 0.099615 
-0.004500 0.125893 0.099275 
-0.002500 0.125876 0.098369 
-0.001000 0.125855 0.097236 
0.000000 0.125829 0.095876 
0.001500 0.125807 0.094744 
0.003500 0.125764 0.092478 
0.005000 0.125697 0.088966 
0.005500 0.124504 0.049890 
0.006500 0.124489 0.049411 
0.007000 0.124460 0.048454 
0.008500 0.124137 0.041228 
0.010000 0.123965 0.037418 
0.011000 0.123971 0.037545 
0.012000 0.123971 0.037545 
0.013000 0.123976 0.037672 
0.014000 0.123948 0.037037 
0.015000 0.123954 0.037164 
0.016000 0.123925 0.036529 
0.017000 0.123925 0.036529 
0.018500 0.123925 0.036529 
0.019500 0.123925 0.036529 
0.020500 0.123925 0.036529 
0.021500 0.123925 0.036529 
0.022500 0.123919 0.036402 
0.023500 0.123925 0.036529 
0.024500 0.123908 0.036148 
0.025500 0.123925 0.036529 
0.026500 0.123913 0.036275 
0.027500 0.123902 0.036021 
0.028500 0.123908 0.036148 
0.029500 0.123879 0.035513 
0.030500 0.123856 0.035005 
0.032000 0.123833 0.034497 
0.033000 0.123816 0.034116 
0.034000 0.123787 0.033480 
0.035000 0.123741 0.032464 
0.036000 0.123707 0.031702 
0.037000 0.123673 0.030940 
0.038000 0.123592 0.029162 
0.039000 0.123581 0.028908 
0.040000 0.123529 0.027765 
0.041000 0.123501 0.027130 
0.042500 0.123438 0.025733 
0.044000 0.123374 0.024335 
0.045000 0.123334 0.023446 
0.046000 0.123283 0.022303 
0.047000 0.123128 0.018874 
0.049000 0.123088 0.017985 
0.049500 0.122824 0.012142 
-0.046250 0.125682 0.065327 
-0.045750 0.125711 0.066285 
-0.045250 0.125747 0.067482 
-0.044750 0.125776 0.068439 
-0.043750 0.125834 0.070354 
-0.041750 0.126052 0.077535 
-0.040750 0.126099 0.079091 
-0.037750 0.126237 0.083638 
-0.036750 0.126280 0.085075 
-0.034750 0.126342 0.087109 
-0.033750 0.126363 0.087827 
-0.032750 0.126377 0.088513 
-0.029750 0.126407 0.090099 
-0.027250 0.126432 0.091458 
-0.025750 0.126455 0.092704 
-0.024750 0.126471 0.093611 
-0.022750 0.126511 0.095763 
-0.021250 0.126538 0.097236 
-0.019750 0.126559 0.098368 
-0.018750 0.126567 0.098821 
-0.017250 0.126575 0.099274 
-0.015750 0.126582 0.099614 
-0.014750 0.126584 0.099727 
-0.011750 0.126584 0.099727 
-0.008250 0.126588 0.099954 
-0.007250 0.126586 0.099841 
-0.005250 0.126582 0.099614 
-0.003750 0.126575 0.099274 
-0.001750 0.126555 0.098142 
-0.000250 0.126530 0.096782 
0.000750 0.126503 0.095310 
0.002250 0.126473 0.093724 
0.004250 0.126427 0.091232 
0.005250 0.125174 0.048572 
0.006250 0.125167 0.048333 
0.006750 0.125113 0.047070 
0.007750 0.124909 0.042497 
0.008750 0.124603 0.035639 
0.009750 0.124643 0.036528 
0.011250 0.124654 0.036782 
0.012250 0.124643 0.036528 
0.013250 0.124614 0.035893 
0.014250 0.124603 0.035639 
0.015250 0.124603 0.035639 
0.016250 0.124597 0.035512 
0.017250 0.124603 0.035639 
0.018250 0.124603 0.035639 
0.019250 0.124603 0.035639 
0.020250 0.124603 0.035639 
0.021250 0.124603 0.035639 
0.022250 0.124592 0.035384 
0.023250 0.124592 0.035384 
0.024250 0.124592 0.035384 
0.025250 0.124586 0.035257 
0.026250 0.124592 0.035384 
0.027250 0.124575 0.035003 
0.028250 0.124575 0.035003 
0.029250 0.124558 0.034623 
0.030250 0.124535 0.034114 
0.031250 0.124518 0.033733 
0.032250 0.124478 0.032844 
0.033250 0.124456 0.032336 
0.034250 0.124422 0.031574 
0.035250 0.124399 0.031066 
0.036250 0.124371 0.030431 
0.037250 0.124320 0.029288 
0.039250 0.124252 0.027764 
0.041250 0.124178 0.026113 
0.042750 0.124110 0.024588 
0.044250 0.124048 0.023191 
0.045250 0.123986 0.021794 
0.046250 0.123855 0.018873 
0.047750 0.123838 0.018492 
0.048250 0.123787 0.017349 
-0.044000 0.126483 0.068678 
-0.043500 0.126611 0.072986 
-0.043000 0.126658 0.074542 
-0.042500 0.126700 0.075979 
-0.040000 0.126828 0.080287 
-0.039000 0.126871 0.081723 
-0.036000 0.126988 0.085673 
-0.032000 0.127070 0.088740 
-0.031000 0.127082 0.089419 
-0.029000 0.127100 0.090439 
-0.028000 0.127110 0.091005 
-0.026500 0.127127 0.091912 
-0.024000 0.127167 0.094177 
-0.022000 0.127205 0.096329 
-0.020500 0.127227 0.097575 
-0.018000 0.127248 0.098708 
-0.016500 0.127256 0.099161 
-0.014000 0.127264 0.099614 
-0.013000 0.127264 0.099614 
-0.011000 0.127266 0.099727 
-0.010000 0.127268 0.099840 
-0.009000 0.127270 0.099954 
-0.006500 0.127268 0.099840 
-0.004500 0.127262 0.099501 
-0.003000 0.127254 0.099048 
-0.001000 0.127229 0.097688 
0.000500 0.127199 0.095989 
0.001500 0.127171 0.094403 
0.003000 0.127135 0.092365 
0.004500 0.126579 0.071909 
0.005000 0.125830 0.047195 
0.006000 0.125629 0.042623 
0.007000 0.125645 0.043004 
0.007500 0.125192 0.032716 
0.008500 0.125226 0.033478 
0.009000 0.125265 0.034367 
0.010000 0.125287 0.034875 
0.011000 0.125271 0.034494 
0.012000 0.125271 0.034494 
0.013000 0.125276 0.034621 
0.014000 0.125287 0.034875 
0.015500 0.125287 0.034875 
0.017000 0.125287 0.034875 
0.019000 0.125282 0.034748 
0.020000 0.125282 0.034748 
0.021000 0.125276 0.034621 
0.022000 0.125276 0.034621 
0.023000 0.125265 0.034367 
0.024000 0.125276 0.034621 
0.025000 0.125271 0.034494 
0.026000 0.125276 0.034621 
0.027000 0.125254 0.034113 
0.028000 0.125248 0.033986 
0.029000 0.125231 0.033605 
0.030000 0.125215 0.033224 
0.031000 0.125181 0.032462 
0.032000 0.125159 0.031954 
0.033000 0.125136 0.031446 
0.034500 0.125108 0.030811 
0.035500 0.125080 0.030176 
0.036500 0.125041 0.029287 
0.037500 0.125008 0.028525 
0.038500 0.124974 0.027763 
0.039500 0.124924 0.026620 
0.040500 0.124879 0.025603 
0.041500 0.124846 0.024841 
0.042500 0.124801 0.023825 
0.043500 0.124728 0.022174 
0.044500 0.124678 0.021031 
0.045500 0.124583 0.018872 
0.047000 0.124538 0.017856 
0.048500 0.124074 0.007314 
-0.046250 0.127082 0.065206 
-0.045750 0.127117 0.066403 
-0.045250 0.127145 0.067360 
-0.044750 0.127172 0.068318 
-0.041750 0.127431 0.077175 
-0.040750 0.127480 0.078851 
-0.039250 0.127543 0.081005 
-0.038250 0.127588 0.082561 
-0.037250 0.127630 0.083997 
-0.035250 0.127693 0.086152 
-0.034250 0.127717 0.086989 
-0.033250 0.127742 0.087827 
-0.030250 0.127774 0.089646 
-0.027250 0.127803 0.091345 
-0.025750 0.127821 0.092364 
-0.024750 0.127837 0.093271 
-0.023250 0.127862 0.094743 
-0.021250 0.127893 0.096555 
-0.019750 0.127913 0.097688 
-0.018750 0.127920 0.098141 
-0.017250 0.127930 0.098707 
-0.015750 0.127936 0.099047 
-0.014750 0.127940 0.099274 
-0.012250 0.127944 0.099500 
-0.008250 0.127954 0.100067 
-0.007250 0.127952 0.099953 
-0.005750 0.127950 0.099840 
-0.003750 0.127942 0.099387 
-0.002250 0.127930 0.098707 
-0.000250 0.127901 0.097008 
0.002250 0.127831 0.092931 
0.003250 0.127805 0.091458 
0.003750 0.127790 0.090552 
0.004750 0.126404 0.044019 
0.007250 0.125857 0.031445 
0.008250 0.125884 0.032080 
0.009250 0.125895 0.032334 
0.010250 0.125918 0.032842 
0.011250 0.125929 0.033096 
0.012250 0.125940 0.033350 
0.013250 0.125951 0.033604 
0.014250 0.125945 0.033477 
0.015250 0.125940 0.033350 
0.016250 0.125956 0.033731 
0.017250 0.125956 0.033731 
0.018250 0.125962 0.033858 
0.019250 0.125956 0.033731 
0.020250 0.125956 0.033731 
0.021250 0.125956 0.033731 
0.022250 0.125951 0.033604 
0.023750 0.125951 0.033604 
0.024750 0.125956 0.033731 
0.025750 0.125934 0.033223 
0.026750 0.125940 0.033350 
0.027750 0.125912 0.032715 
0.028750 0.125890 0.032207 
0.029750 0.125879 0.031953 
0.030750 0.125862 0.031572 
0.032250 0.125835 0.030937 
0.033250 0.125813 0.030429 
0.034750 0.125774 0.029540 
0.035750 0.125746 0.028905 
0.036750 0.125719 0.028270 
0.037750 0.125663 0.026999 
0.038750 0.125619 0.025983 
0.039750 0.125592 0.025348 
0.040250 0.125547 0.024332 
0.041250 0.125481 0.022808 
0.042250 0.125459 0.022300 
0.043250 0.125398 0.020903 
0.044250 0.125349 0.019760 
0.045750 0.125260 0.017728 
0.046750 0.125199 0.016331 
-0.044000 0.127890 0.068916 
-0.043500 0.128003 0.072866 
-0.043000 0.128037 0.074062 
-0.040000 0.128205 0.079927 
-0.038500 0.128259 0.081843 
-0.037500 0.128300 0.083279 
-0.036500 0.128338 0.084596 
-0.032500 0.128436 0.088060 
-0.031500 0.128447 0.088740 
-0.029500 0.128466 0.089873 
-0.028500 0.128475 0.090439 
-0.026500 0.128496 0.091685 
-0.024000 0.128528 0.093610 
-0.022500 0.128552 0.095083 
-0.020500 0.128581 0.096782 
-0.018000 0.128603 0.098141 
-0.016500 0.128613 0.098707 
-0.014000 0.128620 0.099160 
-0.013000 0.128622 0.099274 
-0.011500 0.128628 0.099613 
-0.010500 0.128631 0.099840 
-0.009500 0.128635 0.100066 
-0.006500 0.128631 0.099840 
-0.005000 0.128630 0.099727 
-0.003000 0.128618 0.099047 
-0.001500 0.128605 0.098254 
0.000500 0.128569 0.096102 
0.001500 0.128536 0.094063 
0.002500 0.128502 0.092025 
0.004000 0.127992 0.072507 
0.008500 0.126512 0.029920 
0.009500 0.126523 0.030174 
0.010500 0.126572 0.031317 
0.011500 0.126561 0.031063 
0.012500 0.126577 0.031444 
0.013500 0.126577 0.031444 
0.014500 0.126588 0.031698 
0.015500 0.126610 0.032206 
0.016500 0.126615 0.032333 
0.017500 0.126610 0.032206 
0.018500 0.126615 0.032333 
0.019500 0.126621 0.032460 
0.020500 0.126632 0.032714 
0.021500 0.126621 0.032460 
0.022500 0.126626 0.032587 
0.024000 0.126621 0.032460 
0.025000 0.126605 0.032079 
0.026000 0.126605 0.032079 
0.027000 0.126588 0.031698 
0.028000 0.126583 0.031571 
0.029000 0.126572 0.031317 
0.030000 0.126555 0.030936 
0.031000 0.126545 0.030682 
0.032000 0.126523 0.030174 
0.033000 0.126501 0.029666 
0.034000 0.126474 0.029030 
0.035000 0.126446 0.028396 
0.036000 0.126425 0.027888 
0.036500 0.126359 0.026363 
0.037500 0.126332 0.025728 
0.038500 0.126305 0.025093 
0.039000 0.126228 0.023315 
0.040000 0.126195 0.022553 
0.041000 0.126163 0.021791 
0.042000 0.126114 0.020648 
0.043000 0.126081 0.019886 
0.044000 0.125966 0.017219 
0.045000 0.125950 0.016838 
0.046000 0.125846 0.014425 
-0.045750 0.128499 0.065683 
-0.045250 0.128539 0.067120 
-0.042250 0.128760 0.075020 
-0.041750 0.128804 0.076576 
-0.041250 0.128834 0.077653 
-0.039250 0.128918 0.080645 
-0.037750 0.128972 0.082561 
-0.035750 0.129046 0.085194 
-0.034750 0.129073 0.086152 
-0.033750 0.129096 0.086989 
-0.030750 0.129139 0.088966 
-0.027750 0.129166 0.090665 
-0.025750 0.129190 0.092138 
-0.024750 0.129203 0.092931 
-0.023250 0.129221 0.094063 
-0.021750 0.129243 0.095422 
-0.019750 0.129266 0.096895 
-0.018750 0.129275 0.097461 
-0.017250 0.129286 0.098141 
-0.015750 0.129293 0.098594 
-0.014750 0.129297 0.098820 
-0.012250 0.129306 0.099386 
-0.008750 0.129315 0.099953 
-0.007750 0.129317 0.100066 
-0.005750 0.129313 0.099840 
-0.004250 0.129308 0.099500 
-0.002250 0.129293 0.098594 
-0.000750 0.129273 0.097348 
0.001250 0.129232 0.094743 
0.001750 0.129205 0.093044 
0.002750 0.129174 0.091118 
0.003250 0.129154 0.089873 
0.004250 0.128495 0.065563 
0.010750 0.127190 0.028902 
0.011750 0.127228 0.029791 
0.012750 0.127233 0.029918 
0.013750 0.127249 0.030299 
0.014750 0.127260 0.030553 
0.015750 0.127271 0.030808 
0.016750 0.127292 0.031316 
0.017750 0.127276 0.030934 
0.018750 0.127282 0.031062 
0.019750 0.127292 0.031316 
0.020750 0.127287 0.031188 
0.021750 0.127298 0.031443 
0.022750 0.127298 0.031443 
0.023750 0.127292 0.031316 
0.024750 0.127276 0.030934 
0.025750 0.127282 0.031062 
0.026750 0.127271 0.030808 
0.027750 0.127260 0.030553 
0.028750 0.127260 0.030553 
0.029750 0.127238 0.030045 
0.030750 0.127217 0.029537 
0.031750 0.127206 0.029283 
0.032750 0.127168 0.028394 
0.033750 0.127142 0.027759 
0.034750 0.127120 0.027251 
0.035250 0.127072 0.026108 
0.036250 0.127023 0.024965 
0.037250 0.126996 0.024330 
0.038250 0.126937 0.022933 
0.039250 0.126905 0.022171 
0.040250 0.126872 0.021409 
0.040750 0.126835 0.020520 
0.041750 0.126792 0.019504 
0.042750 0.126770 0.018996 
0.043250 0.126673 0.016710 
0.044750 0.126630 0.015694 
-0.044500 0.129266 0.068076 
-0.043500 0.129309 0.069633 
-0.043000 0.129420 0.073702 
-0.042000 0.129480 0.075857 
-0.040500 0.129559 0.078730 
-0.038500 0.129634 0.081483 
-0.037000 0.129687 0.083398 
-0.033000 0.129792 0.087229 
-0.032000 0.129812 0.087947 
-0.030000 0.129831 0.089193 
-0.029000 0.129840 0.089759 
-0.027000 0.129857 0.090892 
-0.024000 0.129892 0.093157 
-0.022500 0.129911 0.094403 
-0.021000 0.129931 0.095649 
-0.018000 0.129960 0.097574 
-0.016500 0.129971 0.098254 
-0.014000 0.129979 0.098820 
-0.013000 0.129983 0.099046 
-0.011500 0.129990 0.099499 
-0.010500 0.129993 0.099726 
-0.009500 0.129995 0.099839 
-0.007000 0.129995 0.099839 
-0.005000 0.129990 0.099499 
-0.003500 0.129983 0.099046 
-0.001500 0.129966 0.097914 
0.000000 0.129945 0.096555 
0.002000 0.129875 0.092024 
0.003500 0.129368 0.071787 
0.014000 0.127885 0.028266 
0.015000 0.127859 0.027631 
0.016000 0.127891 0.028393 
0.016500 0.127853 0.027504 
0.017000 0.127891 0.028393 
0.018000 0.127901 0.028647 
0.018500 0.127944 0.029663 
0.019500 0.127912 0.028901 
0.020500 0.127922 0.029155 
0.021500 0.127928 0.029282 
0.022500 0.127944 0.029663 
0.023500 0.127954 0.029917 
0.024500 0.127949 0.029790 
0.025500 0.127933 0.029409 
0.026500 0.127928 0.029282 
0.027500 0.127928 0.029282 
0.028500 0.127917 0.029028 
0.029500 0.127922 0.029155 
0.030500 0.127891 0.028393 
0.031500 0.127869 0.027885 
0.032500 0.127853 0.027504 
0.033500 0.127806 0.026361 
0.034500 0.127758 0.025218 
0.035500 0.127726 0.024456 
0.036500 0.127689 0.023567 
0.037500 0.127630 0.022170 
0.038500 0.127593 0.021281 
0.039500 0.127550 0.020265 
0.040500 0.127529 0.019757 
0.041500 0.127487 0.018741 
0.042500 0.127407 0.016836 
-0.045750 0.129853 0.063886 
-0.045250 0.129908 0.065921 
-0.044750 0.129947 0.067358 
-0.043750 0.129982 0.068674 
-0.042250 0.130153 0.075019 
-0.041250 0.130208 0.077054 
-0.039750 0.130275 0.079568 
-0.038750 0.130308 0.080765 
-0.037750 0.130340 0.081962 
-0.036250 0.130398 0.084116 
-0.035250 0.130424 0.085074 
-0.034250 0.130446 0.085912 
-0.031250 0.130504 0.088174 
-0.028250 0.130530 0.089872 
-0.026250 0.130548 0.091118 
-0.025250 0.130560 0.091911 
-0.023250 0.130580 0.093270 
-0.021750 0.130600 0.094629 
-0.020250 0.130620 0.095988 
-0.019250 0.130630 0.096668 
-0.017250 0.130645 0.097687 
-0.015750 0.130652 0.098140 
-0.014750 0.130657 0.098480 
-0.012250 0.130667 0.099159 
-0.008750 0.130677 0.099839 
-0.007750 0.130675 0.099726 
-0.006250 0.130674 0.099612 
-0.004250 0.130667 0.099159 
-0.002750 0.130659 0.098593 
-0.000750 0.130637 0.097121 
0.000750 0.130612 0.095422 
0.001250 0.130597 0.094403 
0.002250 0.130541 0.090665 
0.015750 0.128487 0.025344 
0.016750 0.128492 0.025471 
0.017750 0.128550 0.026868 
0.018750 0.128555 0.026995 
0.019750 0.128597 0.028011 
0.020750 0.128581 0.027630 
0.021750 0.128586 0.027757 
0.022750 0.128576 0.027503 
0.023750 0.128592 0.027884 
0.024750 0.128592 0.027884 
0.025750 0.128602 0.028138 
0.026750 0.128602 0.028138 
0.027750 0.128586 0.027757 
0.028750 0.128581 0.027630 
0.029750 0.128560 0.027122 
0.030750 0.128529 0.026360 
0.031750 0.128518 0.026106 
0.032750 0.128466 0.024836 
0.033750 0.128434 0.024074 
0.034750 0.128429 0.023947 
0.035750 0.128382 0.022804 
0.036750 0.128319 0.021280 
0.037750 0.128293 0.020645 
0.038750 0.128272 0.020137 
0.039750 0.128219 0.018867 
0.040750 0.128135 0.016835 
0.041750 0.128130 0.016708 
-0.043500 0.130710 0.069751 
-0.043000 0.130745 0.071068 
-0.042500 0.130830 0.074300 
-0.041500 0.130881 0.076215 
-0.040500 0.130928 0.078011 
-0.038000 0.131013 0.081243 
-0.037000 0.131051 0.082680 
-0.033500 0.131146 0.086271 
-0.032500 0.131165 0.086989 
-0.030500 0.131196 0.088400 
-0.029500 0.131204 0.088966 
-0.027500 0.131221 0.090099 
-0.024500 0.131250 0.092137 
-0.022500 0.131270 0.093610 
-0.021000 0.131290 0.094969 
-0.018500 0.131317 0.096894 
-0.016500 0.131330 0.097800 
-0.014000 0.131340 0.098480 
-0.013000 0.131344 0.098819 
-0.011500 0.131351 0.099272 
-0.010500 0.131354 0.099499 
-0.009500 0.131356 0.099612 
-0.007000 0.131354 0.099499 
-0.005500 0.131351 0.099272 
-0.003500 0.131343 0.098706 
-0.002000 0.131330 0.097800 
0.000000 0.131304 0.095988 
0.001500 0.131253 0.092364 
0.003000 0.130742 0.070948 
0.020500 0.129180 0.024581 
0.021500 0.129180 0.024581 
0.022500 0.129190 0.024835 
0.023500 0.129211 0.025343 
0.024000 0.129159 0.024073 
0.024500 0.129117 0.023057 
0.025000 0.129169 0.024327 
0.026000 0.129216 0.025470 
0.027000 0.129221 0.025597 
0.028500 0.129180 0.024581 
0.029000 0.129216 0.025470 
0.030000 0.129211 0.025343 
0.031000 0.129138 0.023565 
0.032000 0.129107 0.022803 
0.033000 0.129112 0.022930 
0.034000 0.129055 0.021533 
0.035000 0.128978 0.019628 
0.036500 0.128967 0.019374 
0.037500 0.128967 0.019374 
0.038000 0.128905 0.017850 
0.039000 0.128791 0.015056 
0.040000 0.128807 0.015437 
-0.044750 0.131301 0.065560 
-0.044250 0.131341 0.067117 
-0.043750 0.131391 0.069032 
-0.042750 0.131490 0.072863 
-0.039750 0.131650 0.079088 
-0.038750 0.131681 0.080285 
-0.037250 0.131718 0.081722 
-0.036250 0.131758 0.083278 
-0.035250 0.131789 0.084475 
-0.034250 0.131811 0.085313 
-0.031750 0.131857 0.087109 
-0.028750 0.131894 0.089079 
-0.026750 0.131910 0.090212 
-0.025750 0.131918 0.090778 
-0.023750 0.131936 0.092137 
-0.021750 0.131959 0.093836 
-0.020250 0.131981 0.095422 
-0.019250 0.131991 0.096214 
-0.017750 0.132004 0.097120 
-0.015750 0.132013 0.097800 
-0.014750 0.132016 0.098026 
-0.012250 0.132027 0.098819 
-0.008750 0.132035 0.099385 
-0.007750 0.132035 0.099385 
-0.006250 0.132032 0.099159 
-0.004750 0.132027 0.098819 
-0.002750 0.132016 0.098026 
-0.001250 0.132002 0.097007 
0.000750 0.131970 0.094629 
0.002250 0.131908 0.090099 
-0.044500 0.131982 0.064722 
-0.043500 0.132142 0.071067 
-0.042000 0.132235 0.074778 
-0.041500 0.132260 0.075736 
-0.040500 0.132302 0.077412 
-0.038000 0.132387 0.080764 
-0.036500 0.132423 0.082200 
-0.035500 0.132462 0.083757 
-0.034500 0.132483 0.084595 
-0.033500 0.132505 0.085433 
-0.032500 0.132523 0.086151 
-0.031000 0.132547 0.087109 
-0.030000 0.132568 0.087947 
-0.028000 0.132583 0.089079 
-0.025000 0.132606 0.090891 
-0.023000 0.132625 0.092364 
-0.021000 0.132652 0.094402 
-0.018500 0.132680 0.096554 
-0.017000 0.132689 0.097233 
-0.014000 0.132701 0.098139 
-0.013000 0.132705 0.098479 
-0.011500 0.132711 0.098932 
-0.010500 0.132712 0.099045 
-0.009500 0.132714 0.099159 
-0.007000 0.132711 0.098932 
-0.005500 0.132708 0.098706 
-0.004000 0.132703 0.098366 
-0.002000 0.132690 0.097346 
-0.000500 0.132674 0.096101 
0.000000 0.132662 0.095195 
0.001000 0.132628 0.092590 
0.001500 0.132614 0.091458 
0.002500 0.132130 0.070588 
-0.044250 0.132787 0.068911 
-0.043750 0.132817 0.070108 
-0.042750 0.132882 0.072742 
-0.040750 0.132973 0.076454 
-0.039750 0.133012 0.078010 
-0.038750 0.133050 0.079566 
-0.037250 0.133089 0.081123 
-0.035750 0.133124 0.082560 
-0.034750 0.133156 0.083876 
-0.032750 0.133195 0.085433 
-0.031750 0.133213 0.086151 
-0.030250 0.133239 0.087229 
-0.029250 0.133257 0.087947 
-0.027250 0.133271 0.089079 
-0.026250 0.133278 0.089646 
-0.024250 0.133295 0.091005 
-0.022250 0.133317 0.092817 
-0.020250 0.133344 0.094968 
-0.019250 0.133354 0.095761 
-0.017750 0.133365 0.096667 
-0.016250 0.133372 0.097233 
-0.015250 0.133376 0.097573 
-0.012250 0.133388 0.098479 
-0.008750 0.133392 0.098818 
-0.007750 0.133392 0.098818 
-0.006250 0.133389 0.098592 
-0.004750 0.133385 0.098252 
-0.003250 0.133378 0.097686 
-0.001250 0.133360 0.096214 
0.002250 0.133272 0.089193 
0.030750 0.130925 0.013656 
-0.042000 0.133608 0.073939 
-0.041000 0.133646 0.075495 
-0.040000 0.133683 0.077052 
-0.039000 0.133712 0.078249 
-0.038000 0.133747 0.079686 
-0.036500 0.133790 0.081482 
-0.035000 0.133822 0.082799 
-0.034000 0.133848 0.083876 
-0.033000 0.133868 0.084714 
-0.032000 0.133885 0.085433 
-0.031000 0.133903 0.086151 
-0.029500 0.133929 0.087229 
-0.028500 0.133946 0.087947 
-0.025500 0.133967 0.089759 
-0.023500 0.133986 0.091344 
-0.021500 0.134011 0.093496 
-0.018500 0.134042 0.096100 
-0.017000 0.134050 0.096780 
-0.014500 0.134061 0.097686 
-0.013500 0.134064 0.097912 
-0.011500 0.134070 0.098478 
-0.010500 0.134072 0.098592 
-0.009500 0.134072 0.098592 
-0.007000 0.134069 0.098365 
-0.005500 0.134065 0.098025 
-0.004000 0.134061 0.097686 
-0.002500 0.134052 0.096893 
-0.000500 0.134030 0.095081 
0.000500 0.134011 0.093496 
0.001000 0.133981 0.090891 
-0.043750 0.134209 0.069867 
-0.043250 0.134243 0.071304 
-0.042250 0.134285 0.073100 
-0.041250 0.134319 0.074537 
-0.040250 0.134356 0.076094 
-0.039250 0.134389 0.077530 
-0.038250 0.134418 0.078728 
-0.037250 0.134443 0.079805 
-0.035750 0.134485 0.081601 
-0.034250 0.134516 0.082918 
-0.033250 0.134536 0.083756 
-0.032250 0.134553 0.084475 
-0.031250 0.134573 0.085313 
-0.030250 0.134593 0.086151 
-0.028750 0.134618 0.087229 
-0.027750 0.134635 0.087947 
-0.026750 0.134641 0.088513 
-0.024750 0.134658 0.089985 
-0.022750 0.134681 0.092024 
-0.020750 0.134706 0.094288 
-0.019750 0.134716 0.095194 
-0.017750 0.134729 0.096327 
-0.016250 0.134735 0.096893 
-0.015250 0.134740 0.097346 
-0.012750 0.134747 0.097912 
-0.008750 0.134750 0.098252 
-0.007750 0.134749 0.098138 
-0.006250 0.134747 0.097912 
-0.004750 0.134743 0.097572 
-0.003250 0.134735 0.096893 
-0.001750 0.134724 0.095874 
-0.000250 0.134706 0.094288 
0.000750 0.134681 0.092024 
0.001750 0.134659 0.090099 
-0.042500 0.134963 0.072262 
-0.041500 0.134999 0.073818 
-0.040500 0.135029 0.075135 
-0.039500 0.135062 0.076572 
-0.038500 0.135090 0.077769 
-0.037500 0.135115 0.078847 
-0.036500 0.135145 0.080164 
-0.035000 0.135183 0.081841 
-0.033500 0.135211 0.083038 
-0.032500 0.135228 0.083756 
-0.031500 0.135244 0.084475 
-0.030500 0.135263 0.085313 
-0.029500 0.135283 0.086151 
-0.028000 0.135305 0.087109 
-0.026000 0.135330 0.088513 
-0.024000 0.135352 0.090551 
-0.022000 0.135376 0.092816 
-0.019000 0.135404 0.095534 
-0.017000 0.135414 0.096440 
-0.014500 0.135422 0.097232 
-0.013500 0.135426 0.097572 
-0.012000 0.135428 0.097798 
-0.011000 0.135430 0.097912 
-0.010000 0.135431 0.098025 
-0.007000 0.135427 0.097685 
-0.005500 0.135425 0.097459 
-0.004000 0.135419 0.096893 
-0.002500 0.135409 0.095987 
-0.001000 0.135395 0.094628 
0.000000 0.135376 0.092816 
0.001000 0.135346 0.089985 
-0.043250 0.135596 0.069387 
-0.042750 0.135637 0.071183 
-0.041750 0.135680 0.073099 
-0.040750 0.135709 0.074416 
-0.039750 0.135733 0.075494 
-0.038750 0.135766 0.076931 
-0.037750 0.135793 0.078128 
-0.036750 0.135819 0.079326 
-0.035750 0.135844 0.080403 
-0.034250 0.135881 0.082080 
-0.030750 0.135935 0.084474 
-0.029750 0.135954 0.085313 
-0.028750 0.135967 0.085911 
-0.027250 0.135991 0.086989 
-0.025250 0.136023 0.088966 
-0.023250 0.136047 0.091344 
-0.021250 0.136070 0.093609 
-0.020250 0.136079 0.094514 
-0.018250 0.136090 0.095647 
-0.016250 0.136099 0.096553 
-0.015250 0.136102 0.096892 
-0.012750 0.136108 0.097458 
-0.009250 0.136109 0.097572 
-0.008250 0.136108 0.097458 
-0.006250 0.136106 0.097232 
-0.004750 0.136101 0.096779 
-0.003250 0.136094 0.096100 
-0.001750 0.136082 0.094854 
-0.000750 0.136071 0.093722 
0.000250 0.136053 0.091910 
0.000750 0.136044 0.091004 
0.001750 0.136019 0.088513 
-0.043000 0.136217 0.065794 
-0.042500 0.136317 0.070345 
-0.042000 0.136351 0.071901 
-0.041000 0.136382 0.073338 
-0.040000 0.136408 0.074536 
-0.039000 0.136435 0.075733 
-0.038000 0.136466 0.077170 
-0.037000 0.136495 0.078487 
-0.036000 0.136521 0.079685 
-0.035000 0.136550 0.081002 
-0.033500 0.136587 0.082678 
-0.032500 0.136602 0.083397 
-0.031500 0.136615 0.083995 
-0.028000 0.136660 0.086031 
-0.026500 0.136686 0.087228 
-0.024500 0.136719 0.089759 
-0.022500 0.136742 0.092250 
-0.019500 0.136767 0.094854 
-0.017500 0.136776 0.095873 
-0.014500 0.136785 0.096779 
-0.013500 0.136788 0.097118 
-0.012000 0.136789 0.097232 
-0.011000 0.136790 0.097345 
-0.010000 0.136790 0.097345 
-0.007500 0.136787 0.097005 
-0.005500 0.136783 0.096552 
-0.004000 0.136778 0.095986 
-0.002500 0.136769 0.095080 
-0.001500 0.136759 0.094061 
-0.000500 0.136746 0.092589 
0.001000 0.136714 0.089193 
-0.042750 0.136941 0.066871 
-0.042250 0.136990 0.069146 
-0.041750 0.137033 0.071182 
-0.040250 0.137079 0.073338 
-0.039250 0.137110 0.074775 
-0.038250 0.137141 0.076212 
-0.037250 0.137171 0.077649 
-0.034250 0.137266 0.082079 
-0.030750 0.137317 0.084474 
-0.029750 0.137327 0.084953 
-0.028750 0.137337 0.085432 
-0.027250 0.137358 0.086390 
-0.025750 0.137388 0.087827 
-0.023750 0.137415 0.090664 
-0.021750 0.137436 0.093042 
-0.020750 0.137443 0.093835 
-0.018750 0.137455 0.095193 
-0.016750 0.137462 0.095986 
-0.015750 0.137465 0.096326 
-0.012750 0.137470 0.096892 
-0.009250 0.137470 0.096892 
-0.008250 0.137469 0.096779 
-0.006750 0.137467 0.096552 
-0.004750 0.137462 0.095986 
-0.003250 0.137454 0.095080 
-0.002250 0.137447 0.094288 
-0.001250 0.137437 0.093155 
-0.000250 0.137421 0.091344 
0.001250 0.137392 0.088060 
-0.042500 0.137662 0.067828 
-0.041500 0.137714 0.070343 
-0.041000 0.137742 0.071661 
-0.039500 0.137781 0.073577 
-0.038500 0.137811 0.075014 
-0.037500 0.137849 0.076810 
-0.036500 0.137888 0.078726 
-0.036000 0.137908 0.079684 
-0.035000 0.137938 0.081121 
-0.033500 0.137973 0.082798 
-0.032500 0.137990 0.083636 
-0.031500 0.138003 0.084235 
-0.028000 0.138035 0.085791 
-0.026500 0.138058 0.086869 
-0.025000 0.138086 0.088740 
-0.024500 0.138094 0.089645 
-0.023000 0.138112 0.091797 
-0.020000 0.138132 0.094287 
-0.018000 0.138140 0.095307 
-0.015000 0.138148 0.096212 
-0.014000 0.138150 0.096439 
-0.012000 0.138151 0.096552 
-0.011000 0.138151 0.096665 
-0.010000 0.138151 0.096552 
-0.007500 0.138148 0.096212 
-0.006000 0.138146 0.095986 
-0.004000 0.138138 0.095080 
-0.002000 0.138125 0.093382 
-0.001000 0.138113 0.092023 
0.000000 0.138099 0.090325 
0.000500 0.138085 0.088513 
-0.042750 0.138345 0.066989 
-0.041750 0.138384 0.068906 
-0.040250 0.138440 0.071660 
-0.038750 0.138483 0.073816 
-0.037750 0.138522 0.075732 
-0.034250 0.138648 0.081959 
-0.030750 0.138704 0.084714 
-0.029750 0.138713 0.085193 
-0.028750 0.138721 0.085552 
-0.027250 0.138738 0.086390 
-0.026250 0.138762 0.087588 
-0.023750 0.138790 0.090778 
-0.022250 0.138803 0.092363 
-0.021250 0.138809 0.093268 
-0.019250 0.138819 0.094514 
-0.017250 0.138826 0.095419 
-0.016250 0.138827 0.095646 
-0.013250 0.138832 0.096212 
-0.009250 0.138831 0.096099 
-0.008250 0.138830 0.095986 
-0.006750 0.138828 0.095759 
-0.005250 0.138824 0.095193 
-0.003250 0.138815 0.094061 
-0.001750 0.138803 0.092476 
-0.000750 0.138793 0.091117 
0.001250 0.138747 0.086869 
-0.041000 0.139091 0.069264 
-0.040500 0.139119 0.070701 
-0.039500 0.139147 0.072139 
-0.038000 0.139197 0.074653 
-0.037000 0.139258 0.077767 
-0.036000 0.139291 0.079444 
-0.035000 0.139321 0.081001 
-0.033500 0.139354 0.082677 
-0.032500 0.139371 0.083516 
-0.031500 0.139385 0.084234 
-0.028000 0.139425 0.086270 
-0.027000 0.139444 0.087228 
-0.025500 0.139463 0.088626 
-0.024500 0.139471 0.089872 
-0.023000 0.139483 0.091570 
-0.020500 0.139497 0.093495 
-0.018500 0.139505 0.094627 
-0.015500 0.139512 0.095646 
-0.014500 0.139513 0.095759 
-0.012500 0.139513 0.095872 
-0.011500 0.139513 0.095872 
-0.010500 0.139513 0.095759 
-0.007500 0.139510 0.095419 
-0.006000 0.139508 0.095080 
-0.004500 0.139503 0.094400 
-0.003000 0.139494 0.093155 
-0.001500 0.139481 0.091230 
-0.000500 0.139471 0.089759 
0.000500 0.139451 0.087588 
-0.042750 0.139749 0.067108 
-0.041750 0.139774 0.068425 
-0.039750 0.139831 0.071419 
-0.038750 0.139859 0.072857 
-0.037250 0.139939 0.077048 
-0.036250 0.139971 0.078725 
-0.034750 0.140030 0.081839 
-0.030750 0.140083 0.084594 
-0.029750 0.140094 0.085192 
-0.028750 0.140108 0.085911 
-0.027750 0.140131 0.087109 
-0.026750 0.140147 0.087947 
-0.023750 0.140165 0.090777 
-0.022250 0.140174 0.092136 
-0.021250 0.140179 0.092928 
-0.019750 0.140185 0.093947 
-0.017750 0.140190 0.094740 
-0.016750 0.140192 0.094966 
-0.013750 0.140195 0.095419 
-0.009750 0.140194 0.095306 
-0.008750 0.140193 0.095079 
-0.006750 0.140190 0.094740 
-0.005250 0.140187 0.094174 
-0.004250 0.140183 0.093608 
-0.002750 0.140174 0.092249 
-0.001250 0.140162 0.090324 
-0.000250 0.140151 0.088626 
0.000750 0.140122 0.086630 
-0.042500 0.140308 0.059442 
-0.042000 0.140459 0.067586 
-0.041000 0.140485 0.069023 
-0.040000 0.140512 0.070461 
-0.039000 0.140538 0.071898 
-0.038000 0.140570 0.073575 
-0.036500 0.140643 0.077527 
-0.036000 0.140694 0.080282 
-0.035500 0.140714 0.081360 
-0.034500 0.140736 0.082557 
-0.033500 0.140752 0.083396 
-0.032500 0.140763 0.083995 
-0.031500 0.140769 0.084354 
-0.028500 0.140816 0.086869 
-0.026000 0.140841 0.088853 
-0.025000 0.140845 0.089532 
-0.023000 0.140855 0.091230 
-0.020500 0.140866 0.093155 
-0.019000 0.140871 0.093947 
-0.016000 0.140876 0.094853 
-0.015000 0.140877 0.094966 
-0.013000 0.140877 0.095079 
-0.012000 0.140877 0.094966 
-0.011000 0.140877 0.094966 
-0.008000 0.140874 0.094513 
-0.006000 0.140871 0.094060 
-0.004000 0.140864 0.092815 
-0.002000 0.140852 0.090777 
-0.001000 0.140845 0.089419 
0.000000 0.140818 0.086989 
-0.041250 0.141167 0.068065 
-0.040250 0.141191 0.069382 
-0.039250 0.141219 0.070939 
-0.038250 0.141254 0.072856 
-0.037250 0.141320 0.076568 
-0.035250 0.141419 0.082078 
-0.030750 0.141471 0.084953 
-0.029750 0.141484 0.085671 
-0.028250 0.141519 0.087588 
-0.027250 0.141527 0.088287 
-0.024250 0.141536 0.090098 
-0.022250 0.141545 0.091796 
-0.021250 0.141548 0.092475 
-0.019750 0.141553 0.093381 
-0.018250 0.141556 0.093947 
-0.017250 0.141558 0.094287 
-0.014250 0.141560 0.094626 
-0.010250 0.141558 0.094400 
-0.009250 0.141558 0.094287 
-0.007250 0.141556 0.093947 
-0.005250 0.141552 0.093155 
-0.003750 0.141546 0.091909 
-0.002750 0.141541 0.091117 
-0.001750 0.141534 0.089645 
-0.000750 0.141527 0.088287 
0.000250 0.141493 0.086150 
-0.042500 0.141719 0.059560 
-0.042000 0.141742 0.060877 
-0.041500 0.141851 0.067106 
-0.039500 0.141899 0.069861 
-0.038500 0.141932 0.071777 
-0.036500 0.142085 0.080521 
-0.036000 0.142101 0.081479 
-0.034500 0.142128 0.083036 
-0.033500 0.142141 0.083755 
-0.032500 0.142151 0.084354 
-0.031500 0.142160 0.084833 
-0.029500 0.142189 0.086510 
-0.026500 0.142218 0.088853 
-0.025500 0.142220 0.089305 
-0.023500 0.142226 0.090551 
-0.020500 0.142236 0.092702 
-0.019000 0.142239 0.093381 
-0.016500 0.142242 0.094060 
-0.015500 0.142243 0.094173 
-0.013500 0.142243 0.094173 
-0.012500 0.142243 0.094173 
-0.011500 0.142242 0.094060 
-0.008500 0.142240 0.093607 
-0.006500 0.142238 0.093154 
-0.005000 0.142234 0.092362 
-0.002500 0.142224 0.090211 
-0.001500 0.142218 0.088739 
-0.000500 0.142189 0.086510 
0.000500 0.142149 0.084234 
-0.041250 0.142461 0.061715 
-0.040750 0.142560 0.067584 
-0.039750 0.142586 0.069141 
-0.038750 0.142608 0.070459 
-0.037750 0.142646 0.072735 
-0.037250 0.142693 0.075490 
-0.035250 0.142810 0.082437 
-0.030750 0.142859 0.085312 
-0.029250 0.142891 0.087228 
-0.028250 0.142903 0.088060 
-0.027250 0.142906 0.088626 
-0.024750 0.142910 0.089758 
-0.022750 0.142915 0.090890 
-0.021750 0.142917 0.091569 
-0.019750 0.142922 0.092702 
-0.018250 0.142924 0.093268 
-0.017250 0.142925 0.093494 
-0.014750 0.142926 0.093720 
-0.010750 0.142925 0.093381 
-0.009750 0.142924 0.093268 
-0.007750 0.142923 0.092928 
-0.005750 0.142920 0.092249 
-0.004250 0.142916 0.091117 
-0.003250 0.142912 0.090211 
-0.002250 0.142907 0.088966 
-0.001250 0.142897 0.087588 
-0.000250 0.142861 0.085432 
-0.042000 0.143137 0.060037 
-0.040500 0.143176 0.062432 
-0.040000 0.143258 0.067464 
-0.039000 0.143291 0.069500 
-0.037000 0.143459 0.079801 
-0.036000 0.143487 0.081478 
-0.034500 0.143514 0.083155 
-0.033500 0.143528 0.083994 
-0.032500 0.143535 0.084473 
-0.031500 0.143545 0.085072 
-0.030500 0.143563 0.086150 
-0.026500 0.143595 0.088966 
-0.025500 0.143597 0.089305 
-0.024000 0.143599 0.089985 
-0.021000 0.143605 0.091683 
-0.019000 0.143608 0.092588 
-0.016500 0.143609 0.093041 
-0.015500 0.143610 0.093267 
-0.014000 0.143610 0.093267 
-0.013000 0.143610 0.093154 
-0.012000 0.143609 0.093041 
-0.009000 0.143608 0.092701 
-0.007000 0.143607 0.092249 
-0.005500 0.143603 0.091343 
-0.004000 0.143600 0.090211 
-0.003000 0.143596 0.089192 
-0.002000 0.143590 0.087827 
-0.001000 0.143557 0.085791 
0.000000 0.143526 0.083874 
-0.041250 0.143853 0.060755 
-0.040250 0.143896 0.063510 
-0.039750 0.143945 0.066624 
-0.039250 0.143968 0.068062 
-0.038250 0.144008 0.070577 
-0.037750 0.144040 0.072614 
-0.037250 0.144077 0.075010 
-0.035250 0.144192 0.082317 
-0.029750 0.144268 0.087109 
-0.028750 0.144281 0.087947 
-0.027750 0.144282 0.088287 
-0.024750 0.144285 0.089532 
-0.023250 0.144287 0.090211 
-0.022250 0.144289 0.090777 
-0.020250 0.144292 0.091796 
-0.018250 0.144293 0.092362 
-0.017250 0.144294 0.092588 
-0.014750 0.144295 0.092814 
-0.011250 0.144293 0.092362 
-0.010250 0.144293 0.092248 
-0.008250 0.144292 0.092022 
-0.006750 0.144291 0.091456 
-0.004750 0.144287 0.090211 
-0.003750 0.144285 0.089305 
-0.002750 0.144282 0.088173 
-0.001750 0.144262 0.086749 
-0.001250 0.144236 0.085072 
0.000250 0.144064 0.074171 
-0.041500 0.144541 0.059675 
-0.040000 0.144623 0.065066 
-0.038500 0.144675 0.068540 
-0.037000 0.144790 0.076087 
-0.036500 0.144852 0.080160 
-0.034500 0.144895 0.083035 
-0.033500 0.144908 0.083874 
-0.032500 0.144917 0.084473 
-0.031500 0.144930 0.085312 
-0.030500 0.144946 0.086390 
-0.027000 0.144971 0.088513 
-0.026000 0.144972 0.088853 
-0.024000 0.144974 0.089645 
-0.021500 0.144976 0.090777 
-0.019500 0.144978 0.091569 
-0.016500 0.144979 0.092248 
-0.015500 0.144979 0.092248 
-0.014000 0.144979 0.092135 
-0.013000 0.144979 0.092135 
-0.012000 0.144979 0.092022 
-0.009500 0.144978 0.091682 
-0.007500 0.144977 0.091116 
-0.006500 0.144976 0.090664 
-0.005500 0.144975 0.090098 
-0.004500 0.144973 0.089192 
-0.003500 0.144970 0.088173 
-0.002500 0.144952 0.086749 
-0.001000 0.144908 0.083874 
-0.042250 0.145095 0.049372 
-0.041750 0.145110 0.050450 
-0.040750 0.145296 0.063148 
-0.039750 0.145338 0.066024 
-0.039250 0.145352 0.066982 
-0.038250 0.145464 0.074649 
-0.037750 0.145482 0.075847 
-0.037250 0.145498 0.076926 
-0.035750 0.145561 0.081238 
-0.029750 0.145648 0.087228 
-0.028750 0.145655 0.087707 
-0.027750 0.145659 0.088173 
-0.025250 0.145661 0.088966 
-0.023250 0.145662 0.089645 
-0.022250 0.145663 0.090211 
-0.020750 0.145663 0.090777 
-0.018750 0.145664 0.091343 
-0.017750 0.145665 0.091569 
-0.014750 0.145665 0.091682 
-0.011250 0.145664 0.091343 
-0.010250 0.145664 0.091229 
-0.008750 0.145664 0.090890 
-0.007250 0.145663 0.090211 
-0.006250 0.145662 0.089758 
-0.005250 0.145661 0.089079 
-0.004250 0.145660 0.088287 
-0.003250 0.145647 0.087108 
-0.002250 0.145624 0.085551 
-0.001750 0.145598 0.083754 
-0.000750 0.145587 0.083035 
-0.000250 0.145466 0.074769 
0.000750 0.145456 0.074050 
-0.043500 0.145781 0.047918 
-0.043000 0.145800 0.049011 
-0.042000 0.145831 0.051167 
-0.041000 0.145976 0.061470 
-0.039000 0.146154 0.074170 
-0.037000 0.146211 0.078243 
-0.036000 0.146238 0.080160 
-0.035000 0.146264 0.081957 
-0.034000 0.146281 0.083155 
-0.033000 0.146294 0.084113 
-0.032000 0.146311 0.085311 
-0.031000 0.146323 0.086150 
-0.027000 0.146348 0.088173 
-0.026000 0.146348 0.088400 
-0.024500 0.146349 0.088966 
-0.021500 0.146350 0.090098 
-0.020000 0.146351 0.090550 
-0.017000 0.146351 0.091116 
-0.016000 0.146351 0.091229 
-0.014000 0.146351 0.091003 
-0.013000 0.146351 0.091003 
-0.012000 0.146351 0.090890 
-0.009500 0.146351 0.090550 
-0.008000 0.146350 0.089984 
-0.006000 0.146349 0.088853 
-0.005000 0.146348 0.088060 
-0.004000 0.146335 0.086989 
-0.003000 0.146311 0.085311 
-0.002000 0.146279 0.083035 
-0.045750 0.146378 0.043854 
-0.045250 0.146435 0.045885 
-0.044250 0.146478 0.047409 
-0.042750 0.146530 0.050447 
-0.041750 0.146561 0.052724 
-0.040750 0.146702 0.063147 
-0.040250 0.146715 0.064105 
-0.039750 0.146739 0.065902 
-0.039250 0.146754 0.066981 
-0.038750 0.146862 0.075008 
-0.038250 0.146880 0.076326 
-0.036750 0.146916 0.078961 
-0.030250 0.147021 0.086749 
-0.029250 0.147027 0.087228 
-0.028250 0.147032 0.087588 
-0.025250 0.147037 0.088400 
-0.023750 0.147037 0.088966 
-0.022750 0.147038 0.089305 
-0.020750 0.147038 0.089871 
-0.019250 0.147038 0.090324 
-0.018250 0.147038 0.090550 
-0.015250 0.147038 0.090550 
-0.011250 0.147038 0.090211 
-0.010250 0.147038 0.090098 
-0.009250 0.147038 0.089758 
-0.007750 0.147037 0.089192 
-0.006750 0.147037 0.088626 
-0.005750 0.147035 0.087827 
-0.004750 0.147024 0.086989 
-0.003750 0.147008 0.085791 
-0.003250 0.146990 0.084473 
-0.001750 0.146961 0.082316 
-0.000750 0.146872 0.075727 
-0.000250 0.146859 0.074768 
0.000750 0.146848 0.073930 
-0.047500 0.147064 0.042837 
-0.047000 0.147095 0.043980 
-0.046000 0.147141 0.045630 
-0.045500 0.147169 0.046646 
-0.044000 0.147219 0.048769 
-0.043500 0.147234 0.049967 
-0.042500 0.147259 0.051884 
-0.041500 0.147284 0.053801 
-0.038000 0.147585 0.077044 
-0.037500 0.147599 0.078122 
-0.036500 0.147620 0.079800 
-0.035500 0.147641 0.081357 
-0.034500 0.147659 0.082795 
-0.033500 0.147673 0.083873 
-0.032500 0.147686 0.084832 
-0.031500 0.147695 0.085551 
-0.027500 0.147721 0.087588 
-0.026500 0.147724 0.087827 
-0.024500 0.147726 0.088287 
-0.022000 0.147726 0.089192 
-0.020000 0.147726 0.089645 
-0.017500 0.147726 0.090097 
-0.016500 0.147726 0.089984 
-0.014500 0.147726 0.089871 
-0.013000 0.147726 0.089758 
-0.012000 0.147726 0.089758 
-0.010000 0.147726 0.089305 
-0.009000 0.147726 0.088853 
-0.007500 0.147726 0.088173 
-0.006500 0.147721 0.087588 
-0.005500 0.147710 0.086749 
-0.004500 0.147695 0.085551 
-0.003000 0.147667 0.083394 
-0.002500 0.147652 0.082196 
-0.001500 0.147605 0.078602 
-0.050250 0.147675 0.039027 
-0.049250 0.147720 0.040678 
-0.048750 0.147757 0.042074 
-0.047750 0.147799 0.043598 
-0.046750 0.147840 0.045121 
-0.045250 0.147912 0.047787 
-0.043250 0.147964 0.051523 
-0.042750 0.147977 0.052601 
-0.042250 0.147992 0.053799 
-0.041250 0.148011 0.055357 
-0.040750 0.148093 0.061947 
-0.040250 0.148115 0.063744 
-0.039750 0.148128 0.064823 
-0.038750 0.148262 0.075606 
-0.036250 0.148323 0.080518 
-0.030750 0.148390 0.085910 
-0.029750 0.148396 0.086389 
-0.028750 0.148402 0.086869 
-0.025750 0.148412 0.087707 
-0.023750 0.148415 0.088173 
-0.022750 0.148415 0.088513 
-0.021250 0.148414 0.088966 
-0.019250 0.148414 0.089305 
-0.018250 0.148414 0.089418 
-0.015750 0.148414 0.089305 
-0.013750 0.148414 0.089192 
-0.011750 0.148414 0.088966 
-0.010750 0.148414 0.088739 
-0.009750 0.148415 0.088400 
-0.008750 0.148415 0.088060 
-0.007750 0.148409 0.087468 
-0.006750 0.148400 0.086749 
-0.005750 0.148391 0.086030 
-0.004750 0.148375 0.084712 
-0.003750 0.148356 0.083154 
-0.002750 0.148335 0.081477 
-0.001250 0.148269 0.076205 
-0.000250 0.148249 0.074528 
0.000750 0.148235 0.073449 
-0.053000 0.148321 0.036360 
-0.052000 0.148365 0.038010 
-0.051000 0.148395 0.039153 
-0.050500 0.148422 0.040169 
-0.049500 0.148462 0.041692 
-0.048500 0.148496 0.042962 
-0.047500 0.148549 0.044993 
-0.047000 0.148573 0.045881 
-0.046500 0.148596 0.046770 
-0.045000 0.148643 0.049005 
-0.044000 0.148666 0.050923 
-0.042000 0.148710 0.054637 
-0.041000 0.148727 0.056075 
-0.040000 0.148806 0.062785 
-0.039500 0.148822 0.064103 
-0.039000 0.148810 0.063144 
-0.038000 0.148979 0.077403 
-0.037000 0.149002 0.079320 
-0.035500 0.149027 0.081477 
-0.034500 0.149042 0.082675 
-0.033500 0.149053 0.083633 
-0.032500 0.149063 0.084472 
-0.031500 0.149070 0.085071 
-0.028000 0.149088 0.086629 
-0.027000 0.149091 0.086869 
-0.025000 0.149098 0.087468 
-0.022000 0.149104 0.088286 
-0.020500 0.149103 0.088626 
-0.017500 0.149103 0.088739 
-0.016500 0.149103 0.088739 
-0.015000 0.149103 0.088626 
-0.013000 0.149103 0.088513 
-0.011500 0.149104 0.088173 
-0.010500 0.149104 0.087947 
-0.009500 0.149098 0.087468 
-0.008500 0.149093 0.086989 
-0.007500 0.149084 0.086269 
-0.006500 0.149076 0.085551 
-0.005500 0.149060 0.084233 
-0.004500 0.149047 0.083154 
-0.003500 0.149035 0.082076 
-0.002500 0.149015 0.080398 
-0.002000 0.148985 0.077882 
0.000000 0.148934 0.073569 
-0.055250 0.149009 0.035216 
-0.054250 0.149048 0.036740 
-0.053250 0.149058 0.037120 
-0.052750 0.149081 0.038009 
-0.051750 0.149108 0.039025 
-0.050250 0.149170 0.041437 
-0.049250 0.149206 0.042833 
-0.048250 0.149252 0.044611 
-0.046250 0.149346 0.048285 
-0.044750 0.149370 0.050442 
-0.044250 0.149384 0.051640 
-0.043250 0.149397 0.052838 
-0.042750 0.149408 0.053797 
-0.040750 0.149443 0.056912 
-0.039750 0.149497 0.061705 
-0.039250 0.149565 0.067697 
-0.038750 0.149643 0.074647 
-0.038250 0.149661 0.076204 
-0.036250 0.149708 0.080398 
-0.030750 0.149762 0.085191 
-0.029750 0.149767 0.085670 
-0.028750 0.149770 0.085910 
-0.026250 0.149778 0.086629 
-0.024250 0.149784 0.087108 
-0.023250 0.149786 0.087348 
-0.022250 0.149789 0.087587 
-0.021250 0.149792 0.087827 
-0.019750 0.149793 0.087947 
-0.018750 0.149793 0.088060 
-0.016250 0.149793 0.087947 
-0.014750 0.149792 0.087827 
-0.013750 0.149790 0.087707 
-0.012750 0.149788 0.087468 
-0.011750 0.149786 0.087348 
-0.010750 0.149782 0.086988 
-0.009750 0.149778 0.086629 
-0.008750 0.149771 0.086030 
-0.007750 0.149763 0.085311 
-0.006750 0.149754 0.084472 
-0.005750 0.149740 0.083274 
-0.004750 0.149731 0.082435 
-0.003750 0.149719 0.081357 
-0.002750 0.149700 0.079679 
-0.001750 0.149666 0.076683 
-0.001250 0.149654 0.075605 
-0.000750 0.149642 0.074527 
0.000250 0.149623 0.072849 
-0.057500 0.149686 0.033565 
-0.057000 0.149718 0.034834 
-0.056000 0.149747 0.035977 
-0.055000 0.149766 0.036738 
-0.054000 0.149792 0.037754 
-0.053000 0.149824 0.039023 
-0.052000 0.149853 0.040166 
-0.051000 0.149882 0.041308 
-0.050500 0.149904 0.042197 
-0.049000 0.149972 0.044863 
-0.048000 0.150017 0.046640 
-0.047500 0.150040 0.047529 
-0.046000 0.150068 0.049362 
-0.042000 0.150124 0.054515 
-0.041500 0.150139 0.055953 
-0.040000 0.150155 0.057391 
-0.039000 0.150277 0.068774 
-0.037500 0.150369 0.077402 
-0.037000 0.150384 0.078840 
-0.035500 0.150408 0.080997 
-0.034500 0.150419 0.082075 
-0.033500 0.150428 0.082914 
-0.032500 0.150436 0.083633 
-0.031500 0.150441 0.084113 
-0.030000 0.150449 0.084831 
-0.029000 0.150452 0.085191 
-0.028000 0.150456 0.085550 
-0.027000 0.150460 0.085910 
-0.025500 0.150464 0.086269 
-0.021500 0.150473 0.087108 
-0.020500 0.150476 0.087348 
-0.019500 0.150474 0.087228 
-0.018500 0.150474 0.087228 
-0.017500 0.150474 0.087228 
-0.016500 0.150474 0.087228 
-0.015500 0.150473 0.087108 
-0.014500 0.150473 0.087108 
-0.013500 0.150470 0.086869 
-0.012500 0.150468 0.086629 
-0.011500 0.150464 0.086269 
-0.010500 0.150460 0.085910 
-0.009500 0.150454 0.085311 
-0.008500 0.150446 0.084592 
-0.007500 0.150437 0.083753 
-0.006500 0.150428 0.082914 
-0.005500 0.150419 0.082075 
-0.004500 0.150408 0.080997 
-0.003500 0.150393 0.079679 
-0.003000 0.150375 0.078001 
-0.002500 0.150364 0.076923 
-0.000500 0.150324 0.073208 
0.000500 0.150311 0.072010 
-0.060750 0.150307 0.029628 
-0.060250 0.150329 0.030517 
-0.059750 0.150361 0.031786 
-0.058750 0.150389 0.032929 
-0.058250 0.150414 0.033944 
-0.056750 0.150468 0.036102 
-0.055750 0.150496 0.037245 
-0.054750 0.150524 0.038387 
-0.053750 0.150556 0.039657 
-0.052750 0.150584 0.040799 
-0.051750 0.150613 0.041942 
-0.050750 0.150647 0.043338 
-0.049750 0.150688 0.044989 
-0.048750 0.150726 0.046512 
-0.047250 0.150769 0.048402 
-0.045250 0.150790 0.050439 
-0.044250 0.150800 0.051398 
-0.043250 0.150809 0.052357 
-0.042250 0.150816 0.052956 
-0.040750 0.150856 0.056910 
-0.039250 0.150965 0.067695 
-0.038250 0.150976 0.068774 
-0.037750 0.151046 0.075604 
-0.036250 0.151085 0.079439 
-0.034750 0.151103 0.081236 
-0.033750 0.151111 0.082075 
-0.032750 0.151119 0.082794 
-0.030750 0.151131 0.083993 
-0.029250 0.151136 0.084472 
-0.027250 0.151142 0.085071 
-0.026250 0.151144 0.085311 
-0.024750 0.151149 0.085790 
-0.023750 0.151152 0.086030 
-0.022750 0.151154 0.086269 
-0.021750 0.151155 0.086389 
-0.020750 0.151155 0.086389 
-0.019250 0.151155 0.086389 
-0.018250 0.151156 0.086509 
-0.017250 0.151155 0.086389 
-0.016250 0.151155 0.086389 
-0.014750 0.151154 0.086269 
-0.013750 0.151152 0.086030 
-0.012750 0.151148 0.085670 
-0.011750 0.151145 0.085431 
-0.010750 0.151141 0.084951 
-0.009750 0.151134 0.084352 
-0.008750 0.151126 0.083513 
-0.007750 0.151119 0.082794 
-0.006750 0.151113 0.082195 
-0.005750 0.151102 0.081116 
-0.004750 0.151093 0.080278 
-0.003750 0.151075 0.078480 
-0.002250 0.151049 0.075964 
-0.001750 0.151037 0.074765 
-0.000250 0.151005 0.071650 
-0.062500 0.150976 0.027469 
-0.062000 0.151001 0.028484 
-0.061500 0.151025 0.029500 
-0.059500 0.151096 0.032420 
-0.058000 0.151155 0.034832 
-0.056500 0.151204 0.036863 
-0.055500 0.151235 0.038132 
-0.054500 0.151263 0.039275 
-0.053500 0.151293 0.040544 
-0.052500 0.151321 0.041687 
-0.051500 0.151355 0.043083 
-0.051000 0.151379 0.044099 
-0.049500 0.151423 0.045876 
-0.048000 0.151466 0.047653 
-0.046500 0.151487 0.049120 
-0.044500 0.151502 0.050678 
-0.043500 0.151508 0.051277 
-0.042500 0.151517 0.052235 
-0.041500 0.151554 0.056070 
-0.040000 0.151569 0.057628 
-0.038000 0.151683 0.069492 
-0.037000 0.151748 0.076323 
-0.036500 0.151762 0.077761 
-0.035500 0.151781 0.079678 
-0.034000 0.151794 0.081116 
-0.033000 0.151802 0.081955 
-0.032000 0.151808 0.082554 
-0.031000 0.151814 0.083154 
-0.030000 0.151817 0.083513 
-0.028500 0.151822 0.083992 
-0.027500 0.151824 0.084232 
-0.026500 0.151828 0.084592 
-0.025500 0.151830 0.084831 
-0.024000 0.151834 0.085191 
-0.023000 0.151835 0.085311 
-0.022000 0.151837 0.085550 
-0.021000 0.151838 0.085670 
-0.020000 0.151838 0.085670 
-0.019000 0.151837 0.085550 
-0.018000 0.151837 0.085550 
-0.016500 0.151837 0.085550 
-0.015500 0.151836 0.085430 
-0.014500 0.151832 0.085071 
-0.013500 0.151830 0.084831 
-0.012500 0.151829 0.084711 
-0.011500 0.151824 0.084232 
-0.010500 0.151819 0.083633 
-0.009500 0.151811 0.082794 
-0.008500 0.151805 0.082195 
-0.007500 0.151798 0.081476 
-0.006500 0.151789 0.080517 
-0.005500 0.151781 0.079678 
-0.004500 0.151769 0.078480 
-0.003500 0.151752 0.076682 
-0.002500 0.151738 0.075244 
-0.001500 0.151718 0.073207 
-0.001000 0.151709 0.072248 
0.000000 0.151692 0.070451 
-0.063250 0.151690 0.027087 
-0.061250 0.151762 0.030134 
-0.060250 0.151795 0.031530 
-0.059250 0.151831 0.033053 
-0.057250 0.151900 0.035973 
-0.054250 0.151997 0.040035 
-0.052250 0.152057 0.042574 
-0.050250 0.152117 0.045113 
-0.048750 0.152153 0.046636 
-0.047250 0.152183 0.047906 
-0.045750 0.152197 0.048999 
-0.044750 0.152203 0.049718 
-0.042750 0.152220 0.051515 
-0.042250 0.152233 0.052953 
-0.041750 0.152246 0.054391 
-0.040750 0.152266 0.056668 
-0.039250 0.152278 0.057987 
-0.038750 0.152362 0.067214 
-0.038250 0.152375 0.068653 
-0.037250 0.152390 0.070330 
-0.036750 0.152436 0.075484 
-0.036250 0.152445 0.076442 
-0.035750 0.152457 0.077761 
-0.035250 0.152467 0.078839 
-0.034250 0.152476 0.079918 
-0.033250 0.152484 0.080757 
-0.032250 0.152492 0.081595 
-0.031250 0.152496 0.082075 
-0.030250 0.152499 0.082434 
-0.029250 0.152503 0.082914 
-0.028250 0.152506 0.083153 
-0.026750 0.152511 0.083753 
-0.025750 0.152513 0.083992 
-0.024750 0.152514 0.084112 
-0.023750 0.152516 0.084352 
-0.022750 0.152519 0.084591 
-0.021750 0.152519 0.084591 
-0.020750 0.152521 0.084831 
-0.019750 0.152519 0.084591 
-0.018750 0.152520 0.084711 
-0.017750 0.152519 0.084591 
-0.016750 0.152518 0.084472 
-0.015750 0.152518 0.084472 
-0.014750 0.152514 0.084112 
-0.013750 0.152512 0.083872 
-0.012750 0.152511 0.083753 
-0.011750 0.152506 0.083153 
-0.010750 0.152502 0.082794 
-0.009750 0.152495 0.081955 
-0.008750 0.152487 0.081116 
-0.007750 0.152481 0.080397 
-0.006750 0.152473 0.079558 
-0.005750 0.152463 0.078479 
-0.004750 0.152451 0.077161 
-0.003750 0.152441 0.075963 
-0.003250 0.152431 0.074884 
-0.002250 0.152419 0.073566 
-0.001750 0.152408 0.072368 
-0.001250 0.152395 0.070929 
-0.064500 0.152363 0.024928 
-0.064000 0.152383 0.025816 
-0.062500 0.152439 0.028228 
-0.058500 0.152571 0.033941 
-0.056500 0.152633 0.036607 
-0.055500 0.152668 0.038130 
-0.054500 0.152695 0.039272 
-0.053500 0.152727 0.040669 
-0.051500 0.152786 0.043208 
-0.049500 0.152839 0.045492 
-0.048000 0.152868 0.046762 
-0.046500 0.152892 0.047777 
-0.044000 0.152918 0.050196 
-0.043500 0.152926 0.051154 
-0.043000 0.152940 0.052832 
-0.042500 0.152948 0.053791 
-0.041500 0.152961 0.055349 
-0.040000 0.152976 0.057027 
-0.038500 0.152986 0.058225 
-0.037500 0.153061 0.067094 
-0.036500 0.153100 0.071648 
-0.036000 0.153121 0.074165 
-0.035500 0.153129 0.075123 
-0.035000 0.153149 0.077401 
-0.034000 0.153161 0.078839 
-0.033000 0.153168 0.079678 
-0.032000 0.153174 0.080397 
-0.031000 0.153180 0.081116 
-0.030000 0.153184 0.081595 
-0.029000 0.153187 0.081955 
-0.028000 0.153190 0.082314 
-0.027000 0.153193 0.082674 
-0.026000 0.153195 0.082914 
-0.025000 0.153197 0.083153 
-0.024000 0.153197 0.083153 
-0.023000 0.153199 0.083393 
-0.022000 0.153199 0.083393 
-0.021000 0.153201 0.083633 
-0.020000 0.153201 0.083633 
-0.019000 0.153201 0.083633 
-0.018000 0.153201 0.083633 
-0.017000 0.153200 0.083513 
-0.016000 0.153199 0.083393 
-0.015000 0.153197 0.083153 
-0.014000 0.153196 0.083033 
-0.013000 0.153191 0.082434 
-0.012000 0.153188 0.082075 
-0.011000 0.153183 0.081475 
-0.010000 0.153176 0.080636 
-0.009000 0.153170 0.079917 
-0.008000 0.153162 0.078959 
-0.007000 0.153154 0.078000 
-0.006000 0.153146 0.077161 
-0.005000 0.153135 0.075843 
-0.004000 0.153124 0.074524 
-0.003000 0.153112 0.073086 
-0.002000 0.153097 0.071288 
-0.001500 0.153087 0.070210 
-0.065250 0.153058 0.023657 
-0.063250 0.153138 0.027212 
-0.061750 0.153184 0.029243 
-0.060750 0.153210 0.030385 
-0.059750 0.153244 0.031908 
-0.058750 0.153273 0.033178 
-0.057750 0.153308 0.034701 
-0.055750 0.153365 0.037240 
-0.053750 0.153425 0.039906 
-0.052750 0.153451 0.041048 
-0.051750 0.153480 0.042318 
-0.050750 0.153503 0.043333 
-0.049750 0.153528 0.044475 
-0.048750 0.153551 0.045491 
-0.047250 0.153574 0.046507 
-0.045750 0.153614 0.048397 
-0.044750 0.153633 0.050913 
-0.043750 0.153646 0.052471 
-0.040750 0.153674 0.056067 
-0.039250 0.153686 0.057505 
-0.037750 0.153695 0.058704 
-0.035250 0.153810 0.073206 
-0.034250 0.153832 0.075962 
-0.033250 0.153847 0.077880 
-0.032250 0.153857 0.079078 
-0.031250 0.153861 0.079677 
-0.030250 0.153864 0.080037 
-0.029250 0.153869 0.080636 
-0.028250 0.153873 0.081116 
-0.027250 0.153876 0.081475 
-0.026250 0.153878 0.081715 
-0.025250 0.153879 0.081835 
-0.024250 0.153880 0.082074 
-0.023250 0.153881 0.082194 
-0.022250 0.153881 0.082194 
-0.021250 0.153882 0.082314 
-0.020250 0.153883 0.082434 
-0.019250 0.153883 0.082434 
-0.018250 0.153884 0.082554 
-0.017250 0.153883 0.082434 
-0.016250 0.153881 0.082194 
-0.015250 0.153879 0.081955 
-0.014250 0.153876 0.081475 
-0.013250 0.153874 0.081235 
-0.012250 0.153869 0.080636 
-0.011250 0.153866 0.080277 
-0.010250 0.153858 0.079198 
-0.009250 0.153851 0.078359 
-0.008250 0.153847 0.077880 
-0.007250 0.153839 0.076801 
-0.006250 0.153829 0.075603 
-0.005250 0.153820 0.074404 
-0.004250 0.153811 0.073325 
-0.003750 0.153801 0.072007 
-0.002750 0.153784 0.069850 
-0.066000 0.153757 0.022514 
-0.065000 0.153799 0.024418 
-0.064000 0.153830 0.025814 
-0.062500 0.153875 0.027845 
-0.060000 0.153948 0.031146 
-0.058000 0.154009 0.033938 
-0.057000 0.154037 0.035208 
-0.056000 0.154065 0.036477 
-0.055000 0.154093 0.037746 
-0.054000 0.154118 0.038889 
-0.053000 0.154146 0.040158 
-0.052000 0.154172 0.041301 
-0.051000 0.154197 0.042443 
-0.050000 0.154219 0.043459 
-0.049000 0.154244 0.044601 
-0.048000 0.154267 0.045617 
-0.046500 0.154334 0.049713 
-0.045500 0.154343 0.050912 
-0.044500 0.154350 0.051871 
-0.043500 0.154360 0.053189 
-0.042500 0.154365 0.053908 
-0.041500 0.154374 0.055107 
-0.040000 0.154384 0.056425 
-0.038500 0.154396 0.058103 
-0.037000 0.154403 0.059062 
-0.033500 0.154518 0.074643 
-0.032500 0.154521 0.075003 
-0.032000 0.154529 0.076201 
-0.031500 0.154538 0.077400 
-0.030500 0.154544 0.078239 
-0.029500 0.154549 0.078838 
-0.028500 0.154553 0.079437 
-0.027500 0.154557 0.079917 
-0.026500 0.154559 0.080276 
-0.025500 0.154559 0.080276 
-0.024500 0.154562 0.080636 
-0.023500 0.154561 0.080516 
-0.022500 0.154563 0.080756 
-0.021500 0.154565 0.080996 
-0.020500 0.154564 0.080876 
-0.019500 0.154566 0.081115 
-0.018500 0.154565 0.080996 
-0.017500 0.154566 0.081115 
-0.016500 0.154562 0.080636 
-0.015500 0.154559 0.080276 
-0.014500 0.154558 0.080037 
-0.013500 0.154554 0.079557 
-0.012500 0.154550 0.078958 
-0.011500 0.154549 0.078838 
-0.011000 0.154539 0.077520 
-0.010000 0.154537 0.077280 
-0.009000 0.154525 0.075602 
-0.008000 0.154523 0.075362 
-0.007500 0.154514 0.074164 
-0.006500 0.154506 0.072965 
-0.005500 0.154503 0.072606 
-0.005000 0.154487 0.070448 
-0.066750 0.154453 0.021117 
-0.065250 0.154507 0.023655 
-0.063250 0.154573 0.026702 
-0.061750 0.154614 0.028606 
-0.060750 0.154641 0.029875 
-0.059250 0.154682 0.031779 
-0.058250 0.154709 0.033048 
-0.057250 0.154739 0.034445 
-0.055250 0.154794 0.036984 
-0.053250 0.154843 0.039268 
-0.052250 0.154868 0.040411 
-0.051250 0.154892 0.041553 
-0.047750 0.155039 0.048873 
-0.046250 0.155050 0.050551 
-0.045250 0.155058 0.051630 
-0.040750 0.155084 0.055465 
-0.039250 0.155092 0.056664 
-0.037750 0.155101 0.057982 
-0.036250 0.155108 0.059061 
-0.035250 0.155107 0.058941 
-0.031750 0.155211 0.074163 
-0.030750 0.155214 0.074523 
-0.030250 0.155223 0.075961 
-0.029250 0.155231 0.077040 
-0.028250 0.155235 0.077639 
-0.027250 0.155240 0.078358 
-0.026250 0.155242 0.078718 
-0.025250 0.155244 0.078958 
-0.024250 0.155244 0.078958 
-0.023250 0.155246 0.079317 
-0.022250 0.155249 0.079677 
-0.021250 0.155248 0.079557 
-0.020250 0.155249 0.079677 
-0.019250 0.155249 0.079797 
-0.018250 0.155245 0.079197 
-0.017250 0.155245 0.079077 
-0.016250 0.155241 0.078598 
-0.014750 0.155241 0.078478 
-0.013750 0.155236 0.077759 
-0.012750 0.155234 0.077519 
-0.011750 0.155227 0.076441 
-0.010750 0.155221 0.075602 
-0.009750 0.155211 0.074163 
-0.008750 0.155208 0.073684 
-0.007750 0.155203 0.072965 
-0.007250 0.155196 0.071886 
-0.066000 0.155203 0.022258 
-0.064500 0.155253 0.024670 
-0.062500 0.155309 0.027335 
-0.060000 0.155373 0.030382 
-0.056500 0.155471 0.035078 
-0.055500 0.155495 0.036221 
-0.054500 0.155522 0.037490 
-0.050500 0.155631 0.042694 
-0.049500 0.155724 0.047137 
-0.049000 0.155743 0.048026 
-0.047500 0.155754 0.049591 
-0.044500 0.155771 0.052228 
-0.043500 0.155776 0.053067 
-0.042500 0.155781 0.053906 
-0.041500 0.155786 0.054625 
-0.040000 0.155792 0.055704 
-0.038500 0.155799 0.056783 
-0.037000 0.155806 0.057861 
-0.036000 0.155808 0.058221 
-0.034500 0.155808 0.058221 
-0.030500 0.155903 0.073324 
-0.029500 0.155905 0.073683 
-0.029000 0.155912 0.074762 
-0.028000 0.155913 0.075002 
-0.027000 0.155915 0.075361 
-0.026000 0.155923 0.076560 
-0.025000 0.155927 0.077159 
-0.024000 0.155926 0.077040 
-0.023000 0.155929 0.077519 
-0.022000 0.155929 0.077519 
-0.021000 0.155933 0.078118 
-0.020000 0.155932 0.077998 
-0.019000 0.155927 0.077159 
-0.018000 0.155926 0.077040 
-0.017000 0.155927 0.077159 
-0.016000 0.155926 0.077040 
-0.015000 0.155923 0.076560 
-0.014000 0.155921 0.076201 
-0.013000 0.155912 0.074882 
-0.012000 0.155906 0.073803 
-0.011500 0.155895 0.072125 
-0.010500 0.155888 0.070927 
-0.010000 0.155894 0.071885 
-0.009500 0.155885 0.070447 
-0.009000 0.155570 0.039775 
-0.008000 0.155559 0.039267 
-0.007500 0.155540 0.038379 
-0.007000 0.155506 0.036729 
-0.006500 0.155418 0.032540 
-0.006000 0.155362 0.029874 
-0.005500 0.155325 0.028097 
-0.005000 0.155293 0.026574 
-0.067750 0.155866 0.019211 
-0.067250 0.155887 0.020226 
-0.065250 0.155952 0.023399 
-0.063750 0.155993 0.025430 
-0.061750 0.156045 0.027969 
-0.060750 0.156071 0.029238 
-0.059250 0.156109 0.031142 
-0.058250 0.156135 0.032412 
-0.057250 0.156164 0.033808 
-0.053750 0.156254 0.038250 
-0.052750 0.156280 0.039520 
-0.051750 0.156304 0.040662 
-0.051250 0.156322 0.041551 
-0.050250 0.156430 0.046882 
-0.048250 0.156462 0.049110 
-0.046750 0.156469 0.050429 
-0.045750 0.156475 0.051388 
-0.040750 0.156495 0.054864 
-0.039250 0.156500 0.055823 
-0.037750 0.156505 0.056662 
-0.036750 0.156507 0.057021 
-0.035750 0.156508 0.057261 
-0.034750 0.156509 0.057381 
-0.033750 0.156510 0.057501 
-0.032750 0.156507 0.057021 
-0.027250 0.156598 0.072964 
-0.026250 0.156597 0.072844 
-0.025250 0.156607 0.074522 
-0.024250 0.156609 0.074882 
-0.023250 0.156613 0.075601 
-0.022250 0.156615 0.075960 
-0.021250 0.156613 0.075721 
-0.020250 0.156613 0.075721 
-0.019250 0.156614 0.075841 
-0.018250 0.156612 0.075481 
-0.017250 0.156609 0.074882 
-0.016250 0.156607 0.074642 
-0.015250 0.156603 0.073923 
-0.014250 0.156599 0.073203 
-0.013250 0.156465 0.049590 
-0.012250 0.156587 0.071046 
-0.011750 0.156457 0.048271 
-0.011250 0.156428 0.046755 
-0.010250 0.156405 0.045613 
-0.006250 0.156156 0.033427 
-0.005250 0.156060 0.028730 
-0.004250 0.156001 0.025811 
-0.066500 0.156634 0.021240 
-0.064500 0.156691 0.024160 
-0.063000 0.156732 0.026191 
-0.060000 0.156807 0.029999 
-0.056500 0.156898 0.034568 
-0.055500 0.156926 0.035964 
-0.054500 0.156951 0.037234 
-0.051000 0.157130 0.046246 
-0.050000 0.157158 0.047642 
-0.049000 0.157170 0.048629 
-0.047500 0.157177 0.049948 
-0.045000 0.157186 0.051746 
-0.044000 0.157190 0.052465 
-0.043000 0.157193 0.053064 
-0.042000 0.157197 0.053784 
-0.040000 0.157202 0.054863 
-0.038500 0.157206 0.055582 
-0.037500 0.157208 0.055941 
-0.036500 0.157209 0.056301 
-0.035500 0.157210 0.056421 
-0.034500 0.157211 0.056661 
-0.032000 0.157209 0.056181 
-0.022500 0.157170 0.048629 
-0.021500 0.157177 0.050068 
-0.020500 0.157181 0.050787 
-0.019500 0.157184 0.051386 
-0.018500 0.157185 0.051506 
-0.017500 0.157185 0.051506 
-0.016500 0.157185 0.051506 
-0.015500 0.157183 0.051147 
-0.014500 0.157181 0.050667 
-0.012500 0.157171 0.048869 
-0.011500 0.157155 0.047515 
-0.009500 0.157115 0.045484 
-0.009000 0.156986 0.039011 
-0.008000 0.156969 0.038122 
-0.007000 0.156946 0.036980 
-0.006500 0.156918 0.035584 
-0.006000 0.156896 0.034441 
-0.005500 0.156840 0.031649 
-0.004500 0.156762 0.027714 
-0.004000 0.156742 0.026698 
-0.003500 0.156694 0.024287 
-0.003000 0.156669 0.023017 
-0.068750 0.157279 0.017051 
-0.068250 0.157303 0.018320 
-0.067250 0.157330 0.019716 
-0.065750 0.157377 0.022128 
-0.063750 0.157431 0.024920 
-0.062250 0.157470 0.026951 
-0.061250 0.157494 0.028221 
-0.059250 0.157548 0.031013 
-0.058250 0.157573 0.032282 
-0.057250 0.157600 0.033678 
-0.053750 0.157690 0.038375 
-0.052750 0.157720 0.039898 
-0.051750 0.157832 0.045737 
-0.050750 0.157859 0.047133 
-0.048250 0.157884 0.049347 
-0.046750 0.157889 0.050426 
-0.045750 0.157893 0.051145 
-0.041250 0.157904 0.053663 
-0.039250 0.157908 0.054502 
-0.037750 0.157910 0.054981 
-0.036750 0.157912 0.055341 
-0.035750 0.157913 0.055581 
-0.034750 0.157914 0.055820 
-0.033250 0.157913 0.055700 
-0.032250 0.157912 0.055461 
-0.022750 0.157871 0.047768 
-0.021750 0.157884 0.049347 
-0.016250 0.157890 0.050666 
-0.014250 0.157887 0.049947 
-0.013250 0.157884 0.049227 
-0.012250 0.157879 0.048148 
-0.011250 0.157845 0.046371 
-0.010250 0.157820 0.045102 
-0.009250 0.157680 0.037867 
-0.008250 0.157666 0.037106 
-0.007250 0.157646 0.036090 
-0.004750 0.157538 0.030505 
-0.004250 0.157497 0.028347 
-0.003250 0.157445 0.025682 
-0.002750 0.157413 0.024032 
-0.067500 0.158043 0.018954 
-0.066500 0.158076 0.020731 
-0.065000 0.158119 0.023015 
-0.063000 0.158171 0.025808 
-0.060500 0.158233 0.029108 
-0.056500 0.158338 0.034693 
-0.055500 0.158364 0.036089 
-0.054500 0.158395 0.037739 
-0.053000 0.158516 0.044212 
-0.052500 0.158535 0.045228 
-0.051500 0.158559 0.046497 
-0.050000 0.158588 0.048020 
-0.049000 0.158592 0.048746 
-0.047500 0.158597 0.049825 
-0.045000 0.158604 0.051504 
-0.044000 0.158605 0.051983 
-0.043000 0.158608 0.052583 
-0.042000 0.158610 0.053062 
-0.040500 0.158612 0.053542 
-0.039500 0.158613 0.053781 
-0.038500 0.158614 0.054021 
-0.037500 0.158614 0.054141 
-0.036500 0.158615 0.054381 
-0.035500 0.158616 0.054501 
-0.034500 0.158616 0.054501 
-0.033500 0.158613 0.053901 
-0.022000 0.158590 0.048147 
-0.021000 0.158594 0.049106 
-0.020000 0.158597 0.049825 
-0.019000 0.158598 0.050065 
-0.018000 0.158599 0.050305 
-0.017000 0.158598 0.050185 
-0.016000 0.158597 0.049945 
-0.015000 0.158595 0.049466 
-0.014000 0.158593 0.048986 
-0.013000 0.158590 0.048147 
-0.012000 0.158569 0.047005 
-0.010000 0.158509 0.043832 
-0.009000 0.158369 0.036343 
-0.008000 0.158354 0.035581 
-0.007000 0.158345 0.035074 
-0.006000 0.158321 0.033804 
-0.005000 0.158288 0.032027 
-0.004000 0.158233 0.029108 
-0.003500 0.158202 0.027458 
-0.003000 0.158183 0.026442 
-0.002000 0.158112 0.022635 
-0.001500 0.158081 0.020985 
-0.069250 0.158731 0.016160 
-0.068250 0.158761 0.017810 
-0.065750 0.158830 0.021618 
-0.064250 0.158872 0.023902 
-0.062250 0.158922 0.026695 
-0.061250 0.158948 0.028091 
-0.059750 0.158987 0.030249 
-0.059250 0.159003 0.031137 
-0.058250 0.159028 0.032533 
-0.057250 0.159051 0.033803 
-0.055250 0.159104 0.036722 
-0.053750 0.159146 0.039007 
-0.052250 0.159272 0.045988 
-0.050750 0.159295 0.047257 
-0.048250 0.159315 0.049224 
-0.046750 0.159318 0.050183 
-0.045750 0.159321 0.050903 
-0.041250 0.159327 0.052701 
-0.039750 0.159328 0.053060 
-0.038750 0.159328 0.053180 
-0.037750 0.159329 0.053300 
-0.036250 0.159329 0.053300 
-0.035250 0.159328 0.053180 
-0.022250 0.159284 0.046622 
-0.021250 0.159309 0.048018 
-0.020250 0.159313 0.048745 
-0.019250 0.159315 0.049344 
-0.018250 0.159316 0.049464 
-0.017250 0.159316 0.049464 
-0.015750 0.159315 0.049104 
-0.014750 0.159313 0.048625 
-0.013750 0.159309 0.048018 
-0.012750 0.159293 0.047130 
-0.011750 0.159275 0.046114 
-0.010750 0.159247 0.044591 
-0.009750 0.159217 0.042941 
-0.009250 0.159074 0.035072 
-0.008250 0.159063 0.034437 
-0.007250 0.159051 0.033803 
-0.006250 0.159033 0.032787 
-0.004750 0.158998 0.030883 
-0.004250 0.158982 0.029995 
-0.002250 0.158883 0.024537 
-0.070000 0.159447 0.014762 
-0.067500 0.159518 0.018824 
-0.066500 0.159545 0.020347 
-0.065000 0.159585 0.022632 
-0.063500 0.159625 0.024916 
-0.060500 0.159703 0.029359 
-0.057000 0.159795 0.034562 
-0.056000 0.159819 0.035959 
-0.055000 0.159846 0.037482 
-0.054500 0.159861 0.038370 
-0.054000 0.159959 0.043955 
-0.053000 0.159982 0.045224 
-0.051500 0.160006 0.046620 
-0.050000 0.160026 0.047763 
-0.049000 0.160034 0.048503 
-0.047500 0.160036 0.049462 
-0.045000 0.160040 0.050901 
-0.044000 0.160042 0.051380 
-0.043000 0.160043 0.051740 
-0.042000 0.160043 0.051980 
-0.040500 0.160044 0.052100 
-0.039500 0.160044 0.052220 
-0.038500 0.160044 0.052220 
-0.037000 0.160044 0.052100 
-0.036000 0.160043 0.051980 
-0.022000 0.159986 0.045478 
-0.021500 0.160004 0.046493 
-0.020500 0.160024 0.047636 
-0.019500 0.160033 0.048383 
-0.018500 0.160034 0.048503 
-0.017500 0.160034 0.048623 
-0.016500 0.160034 0.048503 
-0.015500 0.160033 0.048263 
-0.014500 0.160024 0.047636 
-0.013500 0.160015 0.047128 
-0.012500 0.159999 0.046240 
-0.011500 0.159982 0.045224 
-0.010500 0.159950 0.043447 
-0.009500 0.159926 0.042051 
-0.009000 0.159779 0.033674 
-0.008000 0.159761 0.032659 
-0.007000 0.159746 0.031770 
-0.006000 0.159743 0.031643 
-0.005500 0.159723 0.030501 
-0.004500 0.159697 0.028978 
-0.003500 0.159668 0.027328 
-0.003000 0.159652 0.026439 
-0.002000 0.159601 0.023520 
-0.001500 0.159572 0.021870 
-0.001000 0.159539 0.019966 
-0.000500 0.159505 0.018062 
-0.069250 0.160206 0.015776 
-0.068250 0.160236 0.017553 
-0.065750 0.160303 0.021488 
-0.064250 0.160341 0.023773 
-0.062750 0.160378 0.025930 
-0.062250 0.160393 0.026819 
-0.061250 0.160419 0.028342 
-0.060250 0.160447 0.029992 
-0.059250 0.160473 0.031515 
-0.058250 0.160496 0.032911 
-0.056750 0.160537 0.035322 
-0.055750 0.160561 0.036719 
-0.054750 0.160675 0.043446 
-0.053750 0.160694 0.044588 
-0.052250 0.160718 0.045984 
-0.050750 0.160735 0.046999 
-0.048250 0.160756 0.048861 
-0.046750 0.160757 0.049700 
-0.045750 0.160758 0.050180 
-0.042250 0.160760 0.051139 
-0.041250 0.160761 0.051379 
-0.039750 0.160761 0.051379 
-0.038750 0.160761 0.051499 
-0.037750 0.160761 0.051259 
-0.036750 0.160760 0.050899 
-0.021750 0.160694 0.044588 
-0.021250 0.160711 0.045603 
-0.020250 0.160731 0.046746 
-0.019250 0.160743 0.047507 
-0.018250 0.160748 0.047761 
-0.017250 0.160750 0.047888 
-0.016250 0.160746 0.047634 
-0.015250 0.160739 0.047253 
-0.014250 0.160731 0.046746 
-0.013250 0.160720 0.046111 
-0.012250 0.160705 0.045222 
-0.011250 0.160685 0.044080 
-0.010250 0.160653 0.042176 
-0.009250 0.160636 0.041161 
-0.008750 0.160488 0.032403 
-0.007750 0.160464 0.031007 
-0.006750 0.160447 0.029992 
-0.006250 0.160415 0.028088 
-0.005250 0.160393 0.026819 
-0.004250 0.160380 0.026057 
-0.003250 0.160350 0.024280 
-0.070500 0.160907 0.013364 
-0.070000 0.160926 0.014506 
-0.067500 0.160995 0.018694 
-0.066500 0.161019 0.020217 
-0.065000 0.161057 0.022502 
-0.063500 0.161096 0.024913 
-0.059000 0.161216 0.032275 
-0.058000 0.161237 0.033544 
-0.057500 0.161254 0.034559 
-0.056500 0.161279 0.036082 
-0.056000 0.161374 0.041921 
-0.054500 0.161409 0.044078 
-0.053000 0.161430 0.045348 
-0.051500 0.161447 0.046363 
-0.050000 0.161463 0.047378 
-0.049000 0.161474 0.048013 
-0.047500 0.161477 0.048979 
-0.045000 0.161478 0.050058 
-0.044000 0.161479 0.050298 
-0.043000 0.161479 0.050418 
-0.041500 0.161479 0.050538 
-0.040000 0.161479 0.050538 
-0.038500 0.161479 0.050658 
-0.037500 0.161478 0.049818 
-0.021500 0.161399 0.043444 
-0.021000 0.161422 0.044840 
-0.020000 0.161438 0.045855 
-0.019000 0.161449 0.046490 
-0.018000 0.161455 0.046871 
-0.016500 0.161455 0.046871 
-0.015000 0.161447 0.046363 
-0.014000 0.161438 0.045855 
-0.013000 0.161426 0.045094 
-0.012000 0.161411 0.044205 
-0.011000 0.161391 0.042936 
-0.010000 0.161362 0.041159 
-0.009000 0.161343 0.040017 
-0.008500 0.161189 0.030625 
-0.007500 0.161156 0.028594 
-0.007000 0.161138 0.027452 
-0.006500 0.161119 0.026309 
-0.005500 0.161094 0.024786 
-0.005000 0.161080 0.023898 
-0.004000 0.161057 0.022502 
-0.003000 0.161024 0.020471 
-0.002000 0.161003 0.019202 
-0.001500 0.160966 0.016917 
-0.000500 0.160947 0.015775 
-0.070750 0.161634 0.012347 
-0.069250 0.161682 0.015393 
-0.068250 0.161710 0.017170 
-0.065750 0.161776 0.021358 
-0.064250 0.161816 0.023897 
-0.063250 0.161842 0.025547 
-0.062250 0.161867 0.027196 
-0.061250 0.161893 0.028846 
-0.060250 0.161917 0.030369 
-0.059750 0.161933 0.031385 
-0.058750 0.161957 0.032908 
-0.057250 0.161997 0.035446 
-0.056750 0.162091 0.041411 
-0.055750 0.162113 0.042807 
-0.053750 0.162139 0.044457 
-0.052250 0.162157 0.045600 
-0.050750 0.162173 0.046615 
-0.048250 0.162197 0.048258 
-0.046750 0.162198 0.048857 
-0.045750 0.162198 0.049217 
-0.044250 0.162198 0.049577 
-0.043250 0.162198 0.049697 
-0.042250 0.162198 0.049817 
-0.040750 0.162198 0.049817 
-0.039750 0.162198 0.049697 
-0.038750 0.162198 0.049457 
-0.021750 0.162083 0.040904 
-0.021250 0.162109 0.042554 
-0.020750 0.162129 0.043823 
-0.019750 0.162147 0.044965 
-0.018750 0.162157 0.045600 
-0.017750 0.162163 0.045980 
-0.016750 0.162163 0.045980 
-0.015750 0.162161 0.045853 
-0.014750 0.162153 0.045346 
-0.013750 0.162147 0.044965 
-0.012750 0.162135 0.044204 
-0.011750 0.162121 0.043315 
-0.010750 0.162099 0.041919 
-0.009750 0.162071 0.040142 
-0.008750 0.161909 0.029862 
-0.008250 0.161889 0.028593 
-0.007750 0.161859 0.026689 
-0.006750 0.161838 0.025293 
-0.005750 0.161816 0.023897 
-0.004750 0.161786 0.021993 
-0.003750 0.161758 0.020216 
-0.003250 0.161742 0.019201 
-0.002750 0.161722 0.017931 
-0.002250 0.161684 0.015520 
-0.001250 0.161682 0.015393 
-0.000750 0.161638 0.012601 
-0.070500 0.162388 0.013107 
-0.069500 0.162413 0.014757 
-0.067500 0.162469 0.018438 
-0.067000 0.162482 0.019326 
-0.066500 0.162496 0.020214 
-0.065000 0.162534 0.022753 
-0.064000 0.162561 0.024530 
-0.062000 0.162611 0.027829 
-0.061000 0.162638 0.029606 
-0.059500 0.162675 0.032018 
-0.058500 0.162699 0.033668 
-0.057500 0.162809 0.040902 
-0.056500 0.162828 0.042171 
-0.055000 0.162847 0.043440 
-0.053000 0.162868 0.044836 
-0.051500 0.162884 0.045852 
-0.050000 0.162899 0.046867 
-0.049000 0.162907 0.047375 
-0.047500 0.162918 0.048136 
-0.045000 0.162918 0.048736 
-0.044000 0.162918 0.048856 
-0.042500 0.162918 0.048856 
-0.041500 0.162918 0.048976 
-0.040500 0.162918 0.048616 
-0.039500 0.162918 0.048496 
-0.020500 0.162840 0.042933 
-0.019500 0.162857 0.044075 
-0.018500 0.162868 0.044836 
-0.017500 0.162870 0.044963 
-0.016500 0.162872 0.045090 
-0.015500 0.162868 0.044836 
-0.014500 0.162865 0.044583 
-0.013500 0.162857 0.044075 
-0.012500 0.162845 0.043313 
-0.011500 0.162830 0.042298 
-0.010500 0.162809 0.040902 
-0.009000 0.162784 0.039252 
-0.008500 0.162607 0.027576 
-0.008000 0.162580 0.025799 
-0.007000 0.162561 0.024530 
-0.006500 0.162544 0.023387 
-0.006000 0.162529 0.022372 
-0.005000 0.162500 0.020468 
-0.004500 0.162477 0.018945 
-0.003500 0.162463 0.018057 
-0.003000 0.162417 0.015011 
-0.002000 0.162394 0.013488 
-0.001000 0.162361 0.011330 
-0.070750 0.163122 0.012471 
-0.068750 0.163171 0.015898 
-0.068250 0.163192 0.017294 
-0.065750 0.163254 0.021609 
-0.063250 0.163317 0.025924 
-0.062750 0.163330 0.026813 
-0.061750 0.163354 0.028463 
-0.060750 0.163380 0.030239 
-0.060250 0.163395 0.031255 
-0.059250 0.163420 0.033032 
-0.058750 0.163516 0.039631 
-0.057250 0.163544 0.041535 
-0.055750 0.163562 0.042804 
-0.054250 0.163577 0.043819 
-0.052250 0.163596 0.045088 
-0.050750 0.163610 0.046104 
-0.048250 0.163629 0.047373 
-0.046750 0.163636 0.047881 
-0.045750 0.163638 0.048007 
-0.044250 0.163638 0.048007 
-0.043250 0.163638 0.048007 
-0.042250 0.163640 0.048134 
-0.041250 0.163634 0.047754 
-0.040250 0.163627 0.047246 
-0.039750 0.163605 0.045723 
-0.021250 0.163494 0.038108 
-0.020750 0.163537 0.041027 
-0.020250 0.163551 0.042043 
-0.019250 0.163568 0.043185 
-0.018250 0.163577 0.043819 
-0.017250 0.163581 0.044073 
-0.016250 0.163581 0.044073 
-0.014750 0.163577 0.043819 
-0.013250 0.163566 0.043058 
-0.012250 0.163557 0.042423 
-0.011250 0.163542 0.041408 
-0.010250 0.163522 0.040012 
-0.008750 0.163492 0.037981 
-0.008250 0.163304 0.025036 
-0.007250 0.163277 0.023132 
-0.006750 0.163264 0.022244 
-0.005750 0.163229 0.019832 
-0.005250 0.163216 0.018944 
-0.004750 0.163203 0.018056 
-0.004250 0.163184 0.016786 
-0.003750 0.163157 0.014883 
-0.002750 0.163135 0.013360 
-0.002250 0.163120 0.012344 
-0.001750 0.163096 0.010695 
-0.000750 0.163076 0.009298 
-0.071000 0.163856 0.011835 
-0.070000 0.163880 0.013612 
-0.069500 0.163893 0.014501 
-0.068500 0.163923 0.016658 
-0.067500 0.163949 0.018562 
-0.066500 0.163971 0.020085 
-0.065000 0.164013 0.023131 
-0.064000 0.164038 0.024907 
-0.062500 0.164075 0.027573 
-0.061500 0.164100 0.029349 
-0.060000 0.164223 0.038233 
-0.059500 0.164237 0.039249 
-0.058500 0.164255 0.040518 
-0.056500 0.164276 0.042041 
-0.055000 0.164291 0.043056 
-0.053500 0.164303 0.043945 
-0.051500 0.164321 0.045214 
-0.050000 0.164331 0.045975 
-0.049000 0.164336 0.046356 
-0.047500 0.164344 0.046864 
-0.046500 0.164345 0.046990 
-0.045500 0.164347 0.047117 
-0.044000 0.164347 0.047117 
-0.042500 0.164347 0.047117 
-0.041500 0.164345 0.046990 
-0.041000 0.164333 0.046102 
-0.020500 0.164250 0.040137 
-0.020000 0.164264 0.041152 
-0.019000 0.164280 0.042295 
-0.018000 0.164289 0.042929 
-0.017000 0.164294 0.043310 
-0.016000 0.164294 0.043310 
-0.014500 0.164289 0.042929 
-0.013000 0.164278 0.042168 
-0.012000 0.164268 0.041406 
-0.011000 0.164255 0.040518 
-0.010000 0.164237 0.039249 
-0.008500 0.164202 0.036710 
-0.008000 0.164013 0.023131 
-0.007500 0.163999 0.022115 
-0.007000 0.163983 0.020973 
-0.006000 0.163955 0.018943 
-0.005500 0.163935 0.017546 
-0.004500 0.163895 0.014628 
-0.003500 0.163868 0.012724 
-0.003000 0.163854 0.011708 
-0.002000 0.163826 0.009678 
-0.001500 0.163812 0.008663 
-0.000500 0.163796 0.007520 
-0.070250 0.164611 0.012722 
-0.068750 0.164653 0.015895 
-0.066250 0.164719 0.020845 
-0.065750 0.164731 0.021733 
-0.063750 0.164782 0.025541 
-0.063250 0.164793 0.026429 
-0.062250 0.164820 0.028460 
-0.061250 0.164842 0.030109 
-0.060750 0.164949 0.038105 
-0.059250 0.164973 0.039882 
-0.057750 0.164988 0.041024 
-0.055750 0.165005 0.042293 
-0.054250 0.165017 0.043181 
-0.052750 0.165028 0.044070 
-0.050750 0.165042 0.045085 
-0.048250 0.165054 0.045973 
-0.047250 0.165056 0.046100 
-0.045750 0.165056 0.046100 
-0.044250 0.165056 0.046100 
-0.043250 0.165056 0.046100 
-0.042250 0.165049 0.045593 
-0.041750 0.165035 0.044577 
-0.020250 0.164964 0.039247 
-0.019250 0.164983 0.040643 
-0.018250 0.164993 0.041405 
-0.017250 0.165001 0.042039 
-0.016250 0.165007 0.042420 
-0.014250 0.165003 0.042166 
-0.010750 0.164971 0.039755 
-0.009750 0.164952 0.038359 
-0.007750 0.164726 0.021352 
-0.007250 0.164707 0.019956 
-0.006750 0.164694 0.018941 
-0.006250 0.164675 0.017545 
-0.005250 0.164645 0.015261 
-0.004750 0.164626 0.013865 
-0.004250 0.164614 0.012976 
-0.003750 0.164592 0.011327 
-0.002750 0.164565 0.009296 
-0.001750 0.164538 0.007265 
-0.000750 0.164528 0.006504 
-0.071000 0.165336 0.011325 
-0.069500 0.165375 0.014371 
-0.068000 0.165415 0.017544 
-0.067500 0.165426 0.018432 
-0.067000 0.165438 0.019320 
-0.065500 0.165478 0.022493 
-0.065000 0.165491 0.023509 
-0.063000 0.165539 0.027316 
-0.062000 0.165660 0.036834 
-0.061500 0.165672 0.037722 
-0.060000 0.165689 0.039118 
-0.058500 0.165706 0.040388 
-0.057000 0.165717 0.041276 
-0.055000 0.165731 0.042418 
-0.053500 0.165741 0.043180 
-0.052000 0.165751 0.043941 
-0.050000 0.165762 0.044829 
-0.049000 0.165765 0.045083 
-0.047500 0.165767 0.045210 
-0.046000 0.165767 0.045210 
-0.044500 0.165767 0.045210 
-0.043500 0.165760 0.044702 
-0.020000 0.165678 0.038230 
-0.019500 0.165689 0.039118 
-0.018500 0.165702 0.040134 
-0.017500 0.165710 0.040768 
-0.016500 0.165717 0.041276 
-0.015500 0.165720 0.041530 
-0.014000 0.165718 0.041403 
-0.013000 0.165715 0.041149 
-0.012000 0.165706 0.040388 
-0.010500 0.165688 0.038991 
-0.009000 0.165660 0.036834 
-0.008000 0.165452 0.020463 
-0.007500 0.165438 0.019320 
-0.007000 0.165420 0.017925 
-0.006500 0.165405 0.016782 
-0.006000 0.165381 0.014879 
-0.005000 0.165358 0.013102 
-0.004500 0.165344 0.011960 
-0.004000 0.165328 0.010691 
-0.003000 0.165302 0.008660 
-0.002500 0.165291 0.007772 
-0.002000 0.165276 0.006630 
-0.001000 0.165265 0.005590 
-0.071250 0.166072 0.010689 
-0.070250 0.166090 0.012212 
-0.068750 0.166133 0.015766 
-0.066750 0.166185 0.020081 
-0.066250 0.166198 0.021096 
-0.064750 0.166235 0.024142 
-0.064250 0.166250 0.025411 
-0.062750 0.166384 0.036452 
-0.060750 0.166409 0.038482 
-0.059250 0.166422 0.039624 
-0.057750 0.166435 0.040640 
-0.056250 0.166444 0.041401 
-0.054250 0.166456 0.042416 
-0.052750 0.166465 0.043178 
-0.051250 0.166473 0.043812 
-0.050250 0.166476 0.044066 
-0.049250 0.166478 0.044193 
-0.047750 0.166478 0.044193 
-0.046250 0.166478 0.044193 
-0.045250 0.166476 0.044066 
-0.044250 0.166473 0.043812 
-0.019250 0.166405 0.038228 
-0.018250 0.166418 0.039244 
-0.017250 0.166425 0.039878 
-0.016250 0.166432 0.040386 
-0.015250 0.166435 0.040640 
-0.013750 0.166435 0.040640 
-0.012750 0.166430 0.040259 
-0.011750 0.166422 0.039624 
-0.010250 0.166405 0.038228 
-0.008750 0.166378 0.035944 
-0.007750 0.166158 0.017796 
-0.007250 0.166147 0.016908 
-0.006750 0.166132 0.015639 
-0.005750 0.166102 0.013228 
-0.005250 0.166090 0.012212 
-0.004750 0.166076 0.011070 
-0.004250 0.166061 0.009801 
-0.003750 0.166046 0.008532 
-0.002750 0.166027 0.007009 
-0.002250 0.166014 0.005859 
-0.001750 0.166007 0.004779 
-0.070500 0.166826 0.011576 
-0.070000 0.166845 0.013226 
-0.069500 0.166855 0.014115 
-0.068500 0.166881 0.016399 
-0.068000 0.166895 0.017541 
-0.067500 0.166905 0.018429 
-0.066000 0.166946 0.021983 
-0.065500 0.166959 0.023125 
-0.064000 0.166993 0.026044 
-0.063500 0.167105 0.035815 
-0.062500 0.167120 0.037085 
-0.061500 0.167128 0.037846 
-0.060000 0.167142 0.038988 
-0.058500 0.167150 0.039750 
-0.057000 0.167161 0.040638 
-0.055500 0.167169 0.041399 
-0.053500 0.167180 0.042288 
-0.052000 0.167185 0.042795 
-0.051000 0.167188 0.043049 
-0.050000 0.167190 0.043176 
-0.049000 0.167191 0.043303 
-0.048000 0.167190 0.043176 
-0.047000 0.167191 0.043303 
-0.046000 0.167190 0.043176 
-0.045000 0.167182 0.042542 
-0.020000 0.167079 0.033531 
-0.019500 0.167114 0.036577 
-0.018500 0.167131 0.038100 
-0.017500 0.167140 0.038861 
-0.016500 0.167147 0.039496 
-0.015500 0.167152 0.039876 
-0.014500 0.167152 0.039876 
-0.013500 0.167150 0.039750 
-0.012500 0.167146 0.039369 
-0.011500 0.167139 0.038734 
-0.010000 0.167121 0.037212 
-0.008000 0.167096 0.035054 
-0.007500 0.166876 0.015891 
-0.006500 0.166849 0.013607 
-0.006000 0.166835 0.012338 
-0.005500 0.166823 0.011323 
-0.005000 0.166805 0.009800 
-0.004500 0.166794 0.008785 
-0.004000 0.166781 0.007642 
-0.003500 0.166767 0.006500 
-0.003000 0.166758 0.005318 
-0.002000 0.166741 0.002482 
-0.071250 0.167554 0.010179 
-0.070250 0.167579 0.012463 
-0.069250 0.167605 0.014875 
-0.067250 0.167657 0.019570 
-0.066750 0.167669 0.020712 
-0.065250 0.167705 0.024012 
-0.064750 0.167719 0.025281 
-0.064250 0.167827 0.035179 
-0.060750 0.167860 0.038225 
-0.059250 0.167870 0.039113 
-0.057750 0.167878 0.039875 
-0.056250 0.167886 0.040636 
-0.054750 0.167893 0.041271 
-0.052750 0.167900 0.041905 
-0.051250 0.167904 0.042286 
-0.050250 0.167903 0.042159 
-0.049250 0.167903 0.042159 
-0.048250 0.167904 0.042286 
-0.047250 0.167904 0.042286 
-0.046250 0.167900 0.041905 
-0.045750 0.167885 0.040509 
-0.019250 0.167828 0.035306 
-0.018750 0.167844 0.036702 
-0.017750 0.167856 0.037844 
-0.016750 0.167863 0.038479 
-0.015750 0.167867 0.038860 
-0.014750 0.167867 0.038860 
-0.013250 0.167867 0.038860 
-0.012250 0.167863 0.038479 
-0.011250 0.167856 0.037844 
-0.009750 0.167839 0.036321 
-0.008750 0.167827 0.035179 
-0.007750 0.167812 0.033783 
-0.007250 0.167604 0.014748 
-0.006750 0.167585 0.012971 
-0.005750 0.167558 0.010560 
-0.005250 0.167542 0.009037 
-0.004750 0.167532 0.008149 
-0.004250 0.167519 0.007007 
-0.003750 0.167506 0.005451 
-0.003250 0.167500 0.004506 
-0.002750 0.167495 0.003561 
-0.070500 0.168314 0.011701 
-0.069500 0.168339 0.014112 
-0.069000 0.168353 0.015508 
-0.068500 0.168366 0.016777 
-0.068000 0.168376 0.017665 
-0.066500 0.168420 0.021980 
-0.065500 0.168540 0.033655 
-0.065000 0.168551 0.034670 
-0.063500 0.168567 0.036193 
-0.062500 0.168573 0.036828 
-0.061500 0.168581 0.037589 
-0.060000 0.168589 0.038350 
-0.058500 0.168597 0.039112 
-0.057000 0.168603 0.039746 
-0.055500 0.168610 0.040381 
-0.054000 0.168615 0.040888 
-0.053000 0.168616 0.041015 
-0.052000 0.168618 0.041142 
-0.051000 0.168618 0.041142 
-0.050000 0.168619 0.041269 
-0.049000 0.168619 0.041269 
-0.048000 0.168620 0.041396 
-0.047000 0.168615 0.040888 
-0.018500 0.168561 0.035685 
-0.017500 0.168573 0.036828 
-0.016500 0.168581 0.037589 
-0.015500 0.168585 0.037970 
-0.014500 0.168586 0.038096 
-0.013000 0.168584 0.037843 
-0.012000 0.168580 0.037462 
-0.011000 0.168574 0.036954 
-0.009500 0.168560 0.035558 
-0.008500 0.168546 0.034162 
-0.007500 0.168336 0.013858 
-0.007000 0.168319 0.012208 
-0.006500 0.168309 0.011193 
-0.006000 0.168296 0.009924 
-0.005500 0.168280 0.008401 
-0.005000 0.168268 0.007259 
-0.004500 0.168257 0.006117 
-0.004000 0.168249 0.004640 
-0.003500 0.168242 0.003290 
-0.003000 0.168235 0.001804 
-0.071250 0.169039 0.009796 
-0.070750 0.169050 0.010938 
-0.070250 0.169065 0.012461 
-0.069250 0.169088 0.014872 
-0.067750 0.169131 0.019314 
-0.066250 0.169263 0.032892 
-0.064250 0.169288 0.035430 
-0.060750 0.169308 0.037460 
-0.059250 0.169315 0.038222 
-0.057750 0.169321 0.038856 
-0.056250 0.169327 0.039491 
-0.054750 0.169331 0.039871 
-0.053750 0.169333 0.040125 
-0.052750 0.169333 0.040125 
-0.051250 0.169333 0.040125 
-0.050250 0.169335 0.040252 
-0.049250 0.169335 0.040252 
-0.048250 0.169330 0.039745 
-0.018750 0.169272 0.033780 
-0.018250 0.169282 0.034796 
-0.017250 0.169293 0.035937 
-0.016250 0.169300 0.036699 
-0.015250 0.169303 0.036953 
-0.014250 0.169305 0.037207 
-0.013250 0.169303 0.036953 
-0.012250 0.169300 0.036699 
-0.010750 0.169293 0.035937 
-0.009250 0.169279 0.034542 
-0.008250 0.169268 0.033399 
-0.007250 0.169055 0.011446 
-0.006250 0.169032 0.009035 
-0.005250 0.169008 0.006624 
-0.004750 0.169000 0.005449 
-0.003750 0.168987 0.002478 
-0.070500 0.169802 0.011825 
-0.069500 0.169823 0.014109 
-0.069000 0.169841 0.016140 
-0.068500 0.169852 0.017282 
-0.067500 0.169878 0.020201 
-0.067000 0.169984 0.031875 
-0.066000 0.170001 0.033652 
-0.065000 0.170010 0.034667 
-0.063500 0.170019 0.035682 
-0.062500 0.170025 0.036317 
-0.061500 0.170028 0.036697 
-0.060000 0.170035 0.037459 
-0.058500 0.170040 0.037966 
-0.057000 0.170045 0.038474 
-0.056000 0.170047 0.038728 
-0.055000 0.170048 0.038855 
-0.054000 0.170049 0.038982 
-0.053000 0.170049 0.038982 
-0.052000 0.170050 0.039108 
-0.051000 0.170052 0.039235 
-0.050000 0.170053 0.039362 
-0.049000 0.170045 0.038474 
-0.019000 0.169968 0.030099 
-0.018500 0.169994 0.032890 
-0.018000 0.170003 0.033905 
-0.017000 0.170011 0.034794 
-0.016000 0.170018 0.035555 
-0.015000 0.170023 0.036063 
-0.013500 0.170023 0.036063 
-0.012500 0.170020 0.035809 
-0.011500 0.170017 0.035428 
-0.010500 0.170012 0.034921 
-0.009000 0.170000 0.033525 
-0.008000 0.169990 0.032510 
-0.007000 0.169787 0.010176 
-0.006000 0.169763 0.007511 
-0.005000 0.169742 0.004232 
-0.004500 0.169737 0.002612 
-0.004000 0.169733 0.001667 
-0.003500 0.169730 0.000721 
-0.071250 0.170528 0.009794 
-0.070750 0.170538 0.010936 
-0.069250 0.170575 0.015377 
-0.068250 0.170599 0.018169 
-0.067750 0.170709 0.031112 
-0.066750 0.170725 0.033016 
-0.064250 0.170742 0.034919 
-0.060750 0.170756 0.036569 
-0.059250 0.170759 0.036950 
-0.057750 0.170763 0.037457 
-0.056750 0.170765 0.037711 
-0.055750 0.170766 0.037838 
-0.054750 0.170765 0.037711 
-0.053750 0.170767 0.037965 
-0.052750 0.170766 0.037838 
-0.051750 0.170769 0.038091 
-0.050750 0.170769 0.038091 
-0.018250 0.170715 0.031747 
-0.017750 0.170722 0.032635 
-0.017250 0.170730 0.033523 
-0.016250 0.170736 0.034285 
-0.015250 0.170741 0.034792 
-0.014250 0.170742 0.034919 
-0.013250 0.170743 0.035046 
-0.012250 0.170741 0.034792 
-0.011250 0.170738 0.034538 
-0.010250 0.170733 0.033904 
-0.008750 0.170722 0.032635 
-0.007750 0.170714 0.031620 
-0.007250 0.170526 0.009540 
-0.006750 0.170514 0.008144 
-0.006250 0.170503 0.006875 
-0.005750 0.170494 0.005311 
-0.005250 0.170488 0.003556 
-0.004750 0.170483 0.001935 
-0.003750 0.170477 -0.000225 
-0.070500 0.171291 0.012076 
-0.070000 0.171303 0.013599 
-0.069500 0.171311 0.014614 
-0.069000 0.171328 0.016772 
-0.068500 0.171433 0.030096 
-0.067500 0.171449 0.032126 
-0.066000 0.171460 0.033522 
-0.065000 0.171465 0.034156 
-0.063500 0.171471 0.034917 
-0.062500 0.171473 0.035171 
-0.061500 0.171476 0.035552 
-0.060000 0.171480 0.036060 
-0.058500 0.171483 0.036440 
-0.057500 0.171484 0.036567 
-0.056500 0.171484 0.036567 
-0.055500 0.171485 0.036694 
-0.054500 0.171484 0.036567 
-0.053500 0.171486 0.036821 
-0.052500 0.171487 0.036948 
-0.051500 0.171482 0.036313 
-0.018000 0.171437 0.030603 
-0.017500 0.171445 0.031618 
-0.017000 0.171452 0.032506 
-0.016000 0.171458 0.033268 
-0.015000 0.171462 0.033776 
-0.014000 0.171463 0.033902 
-0.013000 0.171463 0.033902 
-0.012000 0.171462 0.033776 
-0.011000 0.171459 0.033395 
-0.010000 0.171455 0.032887 
-0.008500 0.171445 0.031618 
-0.007500 0.171438 0.030730 
-0.006500 0.171244 0.006239 
-0.006000 0.171239 0.004635 
-0.005500 0.171235 0.002879 
-0.004500 0.171230 0.000854 
-0.071750 0.172010 0.008903 
-0.070750 0.172026 0.011060 
-0.070250 0.172040 0.012963 
-0.068750 0.172170 0.030728 
-0.066750 0.172184 0.032632 
-0.064250 0.172193 0.033901 
-0.062750 0.172197 0.034408 
-0.061750 0.172199 0.034789 
-0.060750 0.172200 0.034916 
-0.059750 0.172202 0.035170 
-0.058750 0.172204 0.035423 
-0.057250 0.172202 0.035170 
-0.056250 0.172205 0.035550 
-0.055250 0.172206 0.035677 
-0.054250 0.172205 0.035550 
-0.017750 0.172156 0.028825 
-0.017250 0.172168 0.030475 
-0.016750 0.172174 0.031363 
-0.015750 0.172181 0.032251 
-0.014750 0.172185 0.032759 
-0.013750 0.172185 0.032886 
-0.012750 0.172186 0.033012 
-0.011750 0.172185 0.032759 
-0.010750 0.172183 0.032505 
-0.009750 0.172178 0.031870 
-0.008250 0.172170 0.030728 
-0.007250 0.172163 0.029840 
-0.005250 0.171980 0.001122 
-0.071500 0.172760 0.009536 
-0.070500 0.172778 0.012201 
-0.070000 0.172792 0.014358 
-0.069500 0.172894 0.029585 
-0.068000 0.172906 0.031361 
-0.066000 0.172914 0.032630 
-0.065000 0.172918 0.033138 
-0.063500 0.172920 0.033519 
-0.062000 0.172922 0.033772 
-0.061000 0.172923 0.033899 
-0.060000 0.172921 0.033645 
-0.059000 0.172924 0.034026 
-0.058000 0.172924 0.034026 
-0.057000 0.172925 0.034280 
-0.056000 0.172926 0.034407 
-0.055000 0.172925 0.034280 
-0.017500 0.172880 0.027428 
-0.017000 0.172889 0.028824 
-0.016500 0.172897 0.029965 
-0.015500 0.172905 0.031234 
-0.014500 0.172907 0.031488 
-0.013500 0.172908 0.031742 
-0.012500 0.172908 0.031615 
-0.011500 0.172908 0.031615 
-0.010500 0.172905 0.031234 
-0.009500 0.172902 0.030727 
-0.008000 0.172894 0.029585 
-0.007000 0.172889 0.028824 
-0.006500 0.172734 0.004092 
-0.006000 0.172732 0.002742 
-0.005000 0.172728 -0.000500 
-0.070250 0.173619 0.028314 
-0.068750 0.173633 0.030598 
-0.067250 0.173639 0.031613 
-0.065250 0.173644 0.032375 
-0.064250 0.173644 0.032375 
-0.063250 0.173645 0.032629 
-0.062250 0.173646 0.032756 
-0.060750 0.173646 0.032756 
-0.059750 0.173646 0.032756 
-0.058750 0.173647 0.033009 
-0.057750 0.173647 0.032882 
-0.056750 0.173641 0.031994 
-0.016750 0.173614 0.027553 
-0.016250 0.173623 0.028949 
-0.015250 0.173628 0.029837 
-0.014250 0.173633 0.030598 
-0.013250 0.173634 0.030725 
-0.012250 0.173634 0.030725 
-0.011250 0.173632 0.030472 
-0.010250 0.173630 0.030091 
-0.009250 0.173627 0.029710 
-0.007750 0.173620 0.028441 
-0.005750 0.173479 0.000579 
-0.071500 0.174248 0.009407 
-0.071000 0.174260 0.011437 
-0.070000 0.174357 0.029201 
-0.068000 0.174366 0.030851 
-0.066500 0.174369 0.031358 
-0.065500 0.174370 0.031485 
-0.064500 0.174370 0.031612 
-0.063500 0.174369 0.031358 
-0.062500 0.174369 0.031358 
-0.061500 0.174370 0.031485 
-0.060500 0.174370 0.031612 
-0.059500 0.174371 0.031739 
-0.058500 0.174369 0.031358 
-0.016500 0.174339 0.025902 
-0.016000 0.174347 0.027425 
-0.015500 0.174352 0.028313 
-0.014500 0.174356 0.029074 
-0.013500 0.174359 0.029582 
-0.012500 0.174359 0.029582 
-0.011500 0.174359 0.029582 
-0.010500 0.174357 0.029201 
-0.009500 0.174355 0.028820 
-0.008500 0.174351 0.028186 
-0.007500 0.174347 0.027425 
-0.006500 0.174229 0.002064 
-0.071250 0.175081 0.027423 
-0.069250 0.175092 0.029580 
-0.067250 0.175096 0.030468 
-0.066250 0.175097 0.030595 
-0.064750 0.175097 0.030595 
-0.063750 0.175097 0.030595 
-0.062750 0.175096 0.030468 
-0.061250 0.175096 0.030468 
-0.060250 0.175094 0.030088 
-0.015750 0.175074 0.026027 
-0.015250 0.175079 0.026916 
-0.014250 0.175083 0.027804 
-0.013250 0.175085 0.028311 
-0.012250 0.175087 0.028565 
-0.011250 0.175085 0.028311 
-0.010250 0.175085 0.028184 
-0.009250 0.175082 0.027677 
-0.008250 0.175081 0.027296 
-0.007250 0.175076 0.026281 
-0.006250 0.174979 0.000441 
-0.070500 0.175818 0.028183 
-0.068500 0.175824 0.029579 
-0.067500 0.175825 0.029706 
-0.066500 0.175825 0.029706 
-0.065500 0.175824 0.029579 
-0.064500 0.175825 0.029706 
-0.063500 0.175824 0.029579 
-0.062500 0.175823 0.029325 
-0.061500 0.175823 0.029198 
-0.015500 0.175801 0.024250 
-0.015000 0.175807 0.025518 
-0.014000 0.175812 0.026660 
-0.013000 0.175813 0.027041 
-0.012000 0.175814 0.027295 
-0.011000 0.175813 0.027041 
-0.010000 0.175813 0.027041 
-0.009000 0.175811 0.026533 
-0.008000 0.175809 0.026026 
-0.007000 0.175806 0.025392 
-0.072250 0.176544 0.026024 
-0.071250 0.176549 0.027420 
-0.069750 0.176553 0.028435 
-0.068750 0.176554 0.028816 
-0.067750 0.176555 0.028943 
-0.066750 0.176554 0.028816 
-0.065250 0.176554 0.028816 
-0.064250 0.176553 0.028562 
-0.063250 0.176552 0.028308 
-0.062250 0.176549 0.027420 
-0.014750 0.176537 0.024121 
-0.013750 0.176540 0.024882 
-0.012750 0.176543 0.025898 
-0.011750 0.176544 0.026024 
-0.010750 0.176545 0.026278 
-0.009750 0.176544 0.026024 
-0.008750 0.176542 0.025644 
-0.007750 0.176540 0.025009 
-0.006750 0.176537 0.024248 
-0.070500 0.177284 0.027672 
-0.069000 0.177285 0.028053 
-0.068000 0.177284 0.027926 
-0.067000 0.177284 0.027926 
-0.066000 0.177284 0.027926 
-0.065000 0.177284 0.027672 
-0.064000 0.177282 0.027038 
-0.014000 0.177271 0.023485 
-0.013000 0.177273 0.024120 
-0.012000 0.177275 0.024881 
-0.011000 0.177275 0.024881 
-0.010000 0.177275 0.024881 
-0.009000 0.177275 0.024754 
-0.008000 0.177273 0.024247 
-0.007000 0.177271 0.023612 
-0.073250 0.178008 0.023991 
-0.072750 0.178011 0.025133 
-0.071750 0.178014 0.026275 
-0.070750 0.178015 0.026910 
-0.069750 0.178016 0.027163 
-0.068750 0.178016 0.027036 
-0.067750 0.178016 0.027036 
-0.066750 0.178016 0.027163 
-0.065750 0.178014 0.026402 
-0.013250 0.178004 0.022469 
-0.012250 0.178005 0.022850 
-0.011250 0.178007 0.023357 
-0.010250 0.178008 0.023738 
-0.009250 0.178008 0.023738 
-0.008250 0.178007 0.023484 
-0.007250 0.178005 0.022723 
-0.072000 0.178747 0.025512 
-0.071000 0.178748 0.026147 
-0.070000 0.178748 0.026147 
-0.069000 0.178748 0.026020 
-0.068000 0.178748 0.026274 
-0.067000 0.178747 0.025766 
-0.013000 0.178738 0.020691 
-0.012000 0.178740 0.021706 
-0.011000 0.178741 0.022341 
-0.010000 0.178741 0.022467 
-0.009000 0.178741 0.022594 
-0.008000 0.178741 0.022341 
-0.007000 0.178740 0.021579 
-0.073250 0.179480 0.023608 
-0.072250 0.179481 0.024750 
-0.071250 0.179482 0.025257 
-0.070250 0.179481 0.025130 
-0.068750 0.179481 0.025130 
-0.067750 0.179481 0.024369 
-0.067250 0.179478 0.022593 
-0.012750 0.179474 0.019548 
-0.011750 0.179476 0.020436 
-0.010750 0.179476 0.020944 
-0.009750 0.179476 0.021197 
-0.008750 0.179477 0.021451 
-0.007750 0.179477 0.021324 
-0.006750 0.179476 0.020563 
-0.073500 0.180215 0.022211 
-0.072500 0.180216 0.023733 
-0.071500 0.180216 0.024114 
-0.070500 0.180216 0.023987 
-0.069500 0.180216 0.024114 
-0.068500 0.180215 0.023226 
-0.068000 0.180212 0.018531 
-0.012000 0.180212 0.017897 
-0.011000 0.180213 0.019166 
-0.010000 0.180213 0.019800 
-0.009000 0.180213 0.020054 
-0.008000 0.180213 0.020181 
-0.007000 0.180213 0.019546 
-0.073250 0.180952 0.020814 
-0.072250 0.180952 0.022336 
-0.071250 0.180952 0.022717 
-0.070250 0.180952 0.022844 
-0.069250 0.180952 0.021956 
-0.068750 0.180952 0.020941 
-0.011750 0.180951 0.016246 
-0.011250 0.180952 0.017642 
-0.010250 0.180952 0.018530 
-0.009250 0.180952 0.019038 
-0.008250 0.180952 0.019038 
-0.007250 0.180952 0.018530 
-0.006250 0.180952 0.017642 
-0.073000 0.181690 0.019544 
-0.072000 0.181690 0.019924 
-0.071500 0.181690 0.020812 
-0.070500 0.181690 0.020812 
-0.070000 0.181690 0.019924 
-0.069000 0.181691 0.017387 
-0.011000 0.181692 0.015738 
-0.010500 0.181692 0.016626 
-0.009500 0.181691 0.017260 
-0.008500 0.181691 0.017894 
-0.007500 0.181691 0.017641 
-0.006500 0.181692 0.016753 
-0.072750 0.182430 0.018147 
-0.071750 0.182430 0.018908 
-0.070750 0.182430 0.018781 
-0.011250 0.182439 0.010788 
-0.010750 0.182437 0.012438 
-0.010250 0.182434 0.015229 
-0.009250 0.182433 0.015863 
-0.008250 0.182432 0.016624 
-0.007250 0.182432 0.016497 
-0.006250 0.182433 0.015609 
-0.071500 0.183173 0.016369 
-0.011000 0.183185 0.009392 
-0.010500 0.183181 0.011802 
-0.010000 0.183178 0.013578 
-0.009000 0.183176 0.014720 
-0.008000 0.183175 0.015101 
-0.007000 0.183175 0.014974 
-0.011250 0.183935 0.007361 
-0.009750 0.183923 0.012308 
-0.008750 0.183921 0.013196 
-0.007750 0.183920 0.013704 
-0.006750 0.183920 0.013450 
-0.011000 0.184683 0.006471 
-0.010500 0.184676 0.009009 
-0.010000 0.184671 0.010658 
-0.009000 0.184668 0.011800 
-0.008000 0.184665 0.012561 
-0.007000 0.184666 0.012434 
-0.010750 0.185434 0.005692 
-0.010250 0.185426 0.007485 
-0.009750 0.185420 0.009261 
-0.009250 0.185416 0.010276 
-0.008250 0.185414 0.010783 
-0.007250 0.185413 0.011164 
-0.010000 0.186177 0.006215 
-0.009500 0.186172 0.007611 
-0.009000 0.186167 0.008752 
-0.008000 0.186164 0.009513 
-0.007000 0.186165 0.009260 
-0.009750 0.186932 0.005284 
-0.009250 0.186924 0.006214 
-0.008250 0.186919 0.007229 
