ply
format ascii 1.0
comment Created by CloudCompare v2.14.beta (Dec  7 2025)
comment Created 2025-12-11T01:00:55
obj_info Generated by CloudCompare!
element vertex 15418
property float x
property float y
property float z
end_header
-0.032000 0.042469 0.014935 
-0.031500 0.042838 0.018611 
-0.030250 0.043599 0.018991 
-0.031250 0.044496 0.013414 
-0.031500 0.044284 0.018611 
-0.031000 0.044322 0.018991 
-0.030750 0.044995 0.018484 
-0.029500 0.045756 0.018864 
-0.029750 0.046368 0.017723 
-0.029250 0.046430 0.018357 
-0.031750 0.043612 0.019118 
-0.030500 0.044347 0.019245 
-0.029500 0.044372 0.019498 
-0.029250 0.045107 0.019625 
-0.028250 0.046466 0.018737 
-0.027750 0.051401 0.040274 
-0.027500 0.052122 0.040399 
-0.027500 0.053491 0.040020 
-0.027250 0.054182 0.039894 
-0.027500 0.054861 0.039641 
-0.028000 0.056220 0.039136 
-0.028000 0.057637 0.039263 
-0.027500 0.056290 0.039896 
-0.027250 0.055599 0.040022 
-0.027750 0.056992 0.039897 
-0.028250 0.058339 0.039264 
-0.027750 0.058443 0.040405 
-0.027750 0.059791 0.039772 
0.071500 0.066874 -0.016927 
0.071750 0.067502 -0.018142 
0.072250 0.066142 -0.016927 
0.072000 0.066839 -0.017332 
0.068750 0.070324 -0.019493 
0.069000 0.069702 -0.018144 
0.068500 0.069736 -0.017740 
0.071000 0.068189 -0.018682 
0.069750 0.068957 -0.018278 
0.070500 0.068281 -0.017603 
0.071250 0.067537 -0.017737 
0.071250 0.051971 -0.012318 
0.071750 0.051971 -0.012318 
0.071500 0.052812 -0.011239 
0.072000 0.052756 -0.011779 
0.062250 0.041330 -0.002587 
0.065000 0.043442 -0.003396 
0.061000 0.040626 -0.002317 
0.061750 0.041422 -0.001776 
0.060750 0.041559 -0.000560 
0.061250 0.041529 -0.000830 
0.061750 0.043072 -0.000153 
0.060750 0.043133 0.000387 
0.061250 0.043103 0.000117 
0.063000 0.042125 -0.002046 
0.063750 0.042875 -0.001910 
0.062750 0.042981 -0.000964 
0.065750 0.044237 -0.002854 
0.066500 0.044987 -0.002719 
0.061500 0.043867 0.000388 
0.062000 0.045393 0.000930 
0.061500 0.045423 0.001200 
0.061750 0.046156 0.001201 
0.064000 0.043654 -0.001504 
0.063000 0.043745 -0.000693 
0.063750 0.044479 -0.000692 
0.064000 0.045228 -0.000557 
0.064750 0.044358 -0.001773 
0.065500 0.045077 -0.001908 
0.066250 0.045781 -0.002177 
0.064750 0.045946 -0.000691 
0.064500 0.046725 -0.000285 
0.066500 0.046546 -0.001906 
0.066500 0.048073 -0.001365 
0.065000 0.046695 -0.000555 
0.065250 0.047414 -0.000690 
0.066000 0.048103 -0.001094 
0.062750 0.044555 -0.000017 
0.062500 0.045348 0.000524 
0.063000 0.046845 0.000796 
0.064000 0.046770 0.000120 
0.062750 0.047593 0.000932 
0.063750 0.047518 0.000256 
0.064500 0.049644 -0.000153 
0.066750 0.048778 -0.001502 
0.066750 0.050218 -0.001506 
0.065250 0.048881 -0.000556 
0.066250 0.048808 -0.001232 
0.065250 0.050305 -0.000695 
0.066250 0.050247 -0.001236 
0.064000 0.051082 -0.000157 
0.064500 0.052448 -0.000837 
0.066750 0.051629 -0.001780 
0.066500 0.052349 -0.001782 
0.065000 0.051038 -0.000562 
0.066000 0.050967 -0.001238 
0.065000 0.052448 -0.000837 
0.063250 0.049014 0.000660 
0.063750 0.048985 0.000390 
0.063750 0.050392 0.000115 
0.067250 0.045691 -0.002988 
0.068500 0.047791 -0.003932 
0.067500 0.046426 -0.002987 
0.067500 0.047940 -0.002581 
0.070500 0.050376 -0.006776 
0.069500 0.049089 -0.005287 
0.070000 0.050520 -0.005425 
0.070750 0.051143 -0.006372 
0.070750 0.052619 -0.006106 
0.070250 0.051214 -0.005697 
0.070250 0.052689 -0.005430 
0.069000 0.049206 -0.004206 
0.068750 0.049986 -0.003667 
0.068000 0.049381 -0.002585 
0.068500 0.049293 -0.003395 
0.067750 0.050116 -0.002451 
0.068250 0.050058 -0.002992 
0.069500 0.050621 -0.004480 
0.069250 0.051400 -0.003941 
0.068750 0.052872 -0.003675 
0.067750 0.051543 -0.002590 
0.068250 0.051500 -0.002996 
0.067750 0.052942 -0.002999 
0.068500 0.052193 -0.003268 
0.069750 0.052802 -0.004350 
0.067000 0.046501 -0.002312 
0.067000 0.048014 -0.001905 
0.067250 0.048719 -0.002042 
0.067250 0.050160 -0.002046 
0.067250 0.051586 -0.002185 
0.067000 0.052320 -0.002052 
0.073500 0.056979 -0.013271 
0.073250 0.056303 -0.012730 
0.073250 0.057735 -0.013002 
0.073500 0.062579 -0.015843 
0.073500 0.061179 -0.015167 
0.073250 0.061922 -0.015033 
0.073500 0.058425 -0.013408 
0.073500 0.059832 -0.013950 
0.073000 0.058516 -0.012464 
0.073000 0.059910 -0.013141 
0.073250 0.060575 -0.013817 
0.072750 0.062047 -0.013684 
0.072500 0.061431 -0.012468 
0.072250 0.062148 -0.012605 
0.071500 0.054363 -0.010296 
0.071500 0.055939 -0.009084 
0.071500 0.057431 -0.008682 
0.071250 0.056812 -0.007601 
0.072250 0.053498 -0.011645 
0.072250 0.055009 -0.011108 
0.071750 0.055131 -0.009893 
0.072500 0.055709 -0.011379 
0.072500 0.057205 -0.010976 
0.072000 0.055831 -0.010164 
0.072000 0.057325 -0.009762 
0.071750 0.056652 -0.009220 
0.071500 0.060244 -0.009632 
0.071250 0.062310 -0.010851 
0.071250 0.060957 -0.009769 
0.070750 0.062360 -0.010311 
0.071500 0.058882 -0.008685 
0.071250 0.059582 -0.008956 
0.070500 0.059013 -0.007335 
0.071000 0.058948 -0.008010 
0.070250 0.059712 -0.007607 
0.070750 0.059673 -0.008012 
0.069250 0.062498 -0.008827 
0.068750 0.061174 -0.007475 
0.068000 0.061873 -0.007746 
0.068500 0.061873 -0.007746 
0.070250 0.061072 -0.008554 
0.070750 0.061021 -0.009094 
0.070000 0.061760 -0.008961 
0.069750 0.061123 -0.008015 
0.069500 0.061810 -0.008421 
0.072500 0.060089 -0.011252 
0.072500 0.058699 -0.010574 
0.072250 0.059452 -0.010306 
0.072250 0.060792 -0.011523 
0.071750 0.062235 -0.011660 
0.071750 0.060906 -0.010308 
0.071750 0.058104 -0.009223 
0.071000 0.066968 -0.015849 
0.071500 0.065589 -0.014903 
0.070500 0.067015 -0.015309 
0.070750 0.066343 -0.014634 
0.071250 0.064967 -0.013688 
0.071250 0.063642 -0.012202 
0.070250 0.065087 -0.012340 
0.071000 0.064346 -0.012473 
0.069000 0.067191 -0.013287 
0.068000 0.067250 -0.012613 
0.068750 0.066545 -0.012342 
0.070500 0.065732 -0.013285 
0.071000 0.065660 -0.014094 
0.069500 0.067132 -0.013961 
0.070000 0.065780 -0.012745 
0.073250 0.063322 -0.015709 
0.072750 0.064725 -0.016385 
0.073000 0.064017 -0.016115 
0.072750 0.063372 -0.015170 
0.072500 0.064115 -0.015036 
0.072500 0.065445 -0.016521 
0.072250 0.063495 -0.013821 
0.072000 0.064212 -0.013957 
0.072000 0.062877 -0.012606 
0.068750 0.069117 -0.016391 
0.068000 0.068546 -0.014503 
0.068500 0.068512 -0.014907 
0.070000 0.068362 -0.016660 
0.070750 0.067630 -0.016659 
0.069750 0.067769 -0.015041 
0.068750 0.067851 -0.014097 
0.068750 0.063876 -0.009639 
0.068000 0.064578 -0.009911 
0.068500 0.064566 -0.010045 
0.070250 0.063765 -0.010853 
0.071000 0.063013 -0.011122 
0.070000 0.064456 -0.011259 
0.070000 0.063125 -0.009908 
0.069500 0.064505 -0.010720 
0.068000 0.065924 -0.011127 
0.068500 0.065912 -0.011262 
0.067750 0.066592 -0.011803 
0.068250 0.066580 -0.011937 
0.068250 0.065256 -0.010452 
0.069750 0.065136 -0.011800 
0.068000 0.063236 -0.008694 
0.068500 0.063224 -0.008829 
0.069500 0.063162 -0.009503 
0.066500 0.055160 -0.002465 
0.066750 0.055840 -0.002872 
0.065500 0.053803 -0.001651 
0.066500 0.053761 -0.002056 
0.066250 0.054481 -0.002058 
0.071000 0.053286 -0.006647 
0.071000 0.054748 -0.006516 
0.070250 0.054163 -0.005164 
0.070750 0.054093 -0.005839 
0.070000 0.054885 -0.005166 
0.069000 0.057777 -0.005172 
0.071000 0.056196 -0.006519 
0.070500 0.057630 -0.006657 
0.071000 0.057590 -0.007062 
0.070000 0.056318 -0.005304 
0.069750 0.057041 -0.005306 
0.069000 0.053566 -0.003947 
0.069000 0.054968 -0.004355 
0.067500 0.053691 -0.002731 
0.068500 0.053607 -0.003542 
0.067500 0.055078 -0.003275 
0.069500 0.053524 -0.004352 
0.069500 0.054927 -0.004760 
0.068000 0.056453 -0.003954 
0.068500 0.056426 -0.004224 
0.067750 0.057148 -0.004226 
0.068750 0.057108 -0.004631 
0.067250 0.055799 -0.003277 
0.069000 0.059131 -0.006121 
0.068750 0.059828 -0.006392 
0.067750 0.058526 -0.004904 
0.068750 0.058473 -0.005444 
0.067750 0.059880 -0.005852 
0.068500 0.059157 -0.005851 
0.070250 0.058354 -0.006659 
0.070750 0.058302 -0.007199 
0.069750 0.059776 -0.006932 
0.068000 0.060539 -0.006529 
0.068500 0.060527 -0.006664 
0.061250 0.047074 0.009993 
0.061500 0.047814 0.010120 
0.061750 0.048543 0.010121 
0.062500 0.049260 0.009994 
0.062750 0.049984 0.010119 
0.063250 0.051444 0.010495 
0.064250 0.052845 0.010237 
0.063750 0.052915 0.010997 
0.059500 0.042634 0.016583 
0.060250 0.043194 0.014935 
0.060250 0.041897 0.016456 
0.060500 0.042558 0.015822 
0.058500 0.037064 0.018740 
0.058500 0.038564 0.019247 
0.059250 0.037867 0.019501 
0.058250 0.038066 0.021403 
0.059250 0.040499 0.016964 
0.058750 0.039221 0.018613 
0.059750 0.041973 0.017217 
0.060000 0.041288 0.017598 
0.059750 0.039300 0.019373 
0.059250 0.042204 0.019499 
0.059000 0.041674 0.021401 
0.059000 0.043054 0.020767 
0.059750 0.044571 0.014174 
0.060750 0.045801 0.011893 
0.060250 0.044521 0.013668 
0.060500 0.045222 0.013414 
0.059750 0.047463 0.014048 
0.060750 0.047366 0.013034 
0.061000 0.048080 0.012908 
0.060500 0.046663 0.013288 
0.060250 0.047426 0.013668 
0.059500 0.045384 0.015062 
0.059500 0.046798 0.014682 
0.059250 0.047694 0.016456 
0.061250 0.048807 0.012908 
0.059500 0.044259 0.018357 
0.059000 0.045706 0.018357 
0.059250 0.046356 0.017596 
0.058500 0.047153 0.018357 
0.058750 0.046430 0.018357 
0.058000 0.047214 0.018990 
0.059000 0.044385 0.019625 
0.058500 0.045818 0.019498 
0.058750 0.045095 0.019498 
0.058500 0.044485 0.020639 
0.058750 0.043776 0.020766 
0.058250 0.045182 0.020385 
0.057750 0.046590 0.020004 
0.065000 0.054866 0.008962 
0.065250 0.055601 0.009213 
0.065750 0.055578 0.008960 
0.064000 0.053627 0.010995 
0.064500 0.055039 0.010864 
0.066000 0.056348 0.009592 
0.066250 0.057084 0.009843 
0.066250 0.058531 0.010092 
0.066250 0.059967 0.010215 
0.066500 0.060668 0.010086 
0.066500 0.062093 0.010081 
0.067250 0.061324 0.009449 
0.067500 0.062003 0.009066 
0.067000 0.060634 0.009705 
0.067000 0.062048 0.009574 
0.066750 0.064141 0.009059 
0.066750 0.065522 0.008546 
0.066500 0.063484 0.009696 
0.066250 0.064240 0.010201 
0.066250 0.065797 0.011721 
0.066750 0.067176 0.011208 
0.066500 0.067899 0.011333 
0.066500 0.069291 0.010948 
0.066750 0.069960 0.010438 
0.067250 0.066795 0.006764 
0.067500 0.064754 0.007914 
0.067500 0.063395 0.008681 
0.067250 0.064119 0.008805 
0.067250 0.065445 0.007658 
0.067750 0.069863 0.009295 
0.068000 0.071884 0.007890 
0.067500 0.070576 0.009292 
0.067750 0.071224 0.008528 
0.067250 0.068525 0.010315 
0.067500 0.069205 0.009932 
0.067000 0.067856 0.010825 
0.067250 0.069906 0.009803 
0.064750 0.056260 0.016441 
0.065750 0.059112 0.016561 
0.066250 0.061840 0.015286 
0.065500 0.061220 0.016303 
0.066000 0.061186 0.015922 
0.065500 0.062618 0.016046 
0.065750 0.061874 0.015667 
0.064250 0.056283 0.016694 
0.064500 0.057016 0.016946 
0.064750 0.057726 0.016945 
0.065000 0.058436 0.016943 
0.065000 0.059879 0.017194 
0.065000 0.061310 0.017318 
0.065250 0.061975 0.016809 
0.064250 0.062357 0.021123 
0.065500 0.066607 0.012861 
0.066000 0.066574 0.012480 
0.066000 0.065206 0.013119 
0.065750 0.063262 0.015282 
0.065500 0.063972 0.015281 
0.065750 0.064649 0.014898 
0.065250 0.064716 0.015660 
0.065250 0.066093 0.015149 
0.065000 0.065492 0.016420 
0.066000 0.067964 0.012095 
0.066500 0.071014 0.014501 
0.066750 0.071724 0.014499 
0.064500 0.064172 0.017565 
0.064250 0.063518 0.018202 
0.064750 0.063451 0.017440 
0.064750 0.064837 0.017056 
0.064000 0.062998 0.020360 
0.067250 0.071682 0.013991 
0.056000 0.034814 0.024704 
0.056750 0.035466 0.024069 
0.055500 0.034924 0.025719 
0.055750 0.035656 0.025845 
0.056750 0.036959 0.024575 
0.056750 0.038425 0.024828 
0.055750 0.037107 0.025971 
0.056250 0.037040 0.025336 
0.056000 0.037799 0.025716 
0.056250 0.038478 0.025335 
0.057000 0.039105 0.024447 
0.057000 0.040596 0.024952 
0.056000 0.039276 0.026095 
0.056500 0.039184 0.025208 
0.056000 0.040727 0.026221 
0.056500 0.040661 0.025587 
0.057000 0.042022 0.024824 
0.057000 0.043410 0.024316 
0.056000 0.042138 0.025966 
0.056500 0.042099 0.025585 
0.055750 0.042870 0.026092 
0.056250 0.042818 0.025585 
0.052250 0.034727 0.030541 
0.052250 0.036173 0.030666 
0.052500 0.036875 0.030538 
0.052500 0.038307 0.030536 
0.054750 0.035819 0.027368 
0.053250 0.034507 0.028511 
0.054000 0.035183 0.028130 
0.053750 0.035942 0.028509 
0.054250 0.035887 0.028002 
0.055000 0.035033 0.026734 
0.055250 0.035738 0.026606 
0.054750 0.037255 0.027366 
0.054250 0.037309 0.027873 
0.054500 0.037999 0.027619 
0.055250 0.037174 0.026605 
0.055250 0.038637 0.026857 
0.052750 0.034645 0.029780 
0.053250 0.036023 0.029270 
0.052750 0.036118 0.030158 
0.053250 0.037470 0.029395 
0.053500 0.038160 0.029141 
0.052750 0.037551 0.030157 
0.053000 0.038240 0.029902 
0.052500 0.039752 0.030661 
0.052250 0.040494 0.030913 
0.052250 0.041899 0.030658 
0.052500 0.042563 0.030150 
0.054500 0.039488 0.028124 
0.054500 0.040935 0.028250 
0.055500 0.039342 0.026729 
0.055500 0.040792 0.026855 
0.055000 0.039422 0.027490 
0.055000 0.040857 0.027489 
0.054750 0.042972 0.027106 
0.054250 0.041653 0.028249 
0.053750 0.043100 0.028374 
0.054250 0.043036 0.027740 
0.055500 0.042202 0.026600 
0.055250 0.042921 0.026599 
0.053500 0.039606 0.029266 
0.054000 0.039567 0.028885 
0.053250 0.040362 0.029645 
0.054000 0.040987 0.028757 
0.053000 0.039672 0.029900 
0.052750 0.040428 0.030279 
0.053250 0.041782 0.029516 
0.053250 0.043151 0.028881 
0.052750 0.041834 0.030024 
0.057250 0.045395 0.022540 
0.057250 0.044054 0.023555 
0.056750 0.045494 0.023554 
0.057000 0.046066 0.022032 
0.056750 0.044105 0.024062 
0.056500 0.044812 0.023935 
0.055750 0.044206 0.025076 
0.054500 0.043665 0.026851 
0.055000 0.043614 0.026344 
0.055250 0.044787 0.030907 
0.047500 0.034786 0.037648 
0.047500 0.036209 0.037645 
0.047250 0.036975 0.038151 
0.047750 0.038316 0.037387 
0.047000 0.034856 0.038282 
0.047000 0.036332 0.038787 
0.045750 0.034367 0.040314 
0.046250 0.035800 0.040438 
0.046750 0.035690 0.039423 
0.046750 0.037084 0.039166 
0.046750 0.038505 0.039163 
0.046250 0.037179 0.040054 
0.046250 0.038612 0.040178 
0.047750 0.041110 0.036874 
0.047500 0.039081 0.037893 
0.047500 0.040478 0.037636 
0.047500 0.043246 0.036869 
0.047000 0.041926 0.037887 
0.046500 0.043375 0.038137 
0.047000 0.043297 0.037376 
0.047000 0.039162 0.038654 
0.047000 0.040570 0.038524 
0.046500 0.039282 0.039795 
0.046500 0.040702 0.039792 
0.046500 0.042044 0.039028 
0.046750 0.041307 0.038776 
0.046250 0.042741 0.038899 
0.046000 0.042122 0.039789 
0.045750 0.042806 0.039533 
0.051250 0.034906 0.032191 
0.051750 0.034837 0.031556 
0.051250 0.036336 0.032188 
0.051750 0.036254 0.031427 
0.050750 0.034975 0.032825 
0.051000 0.035662 0.032570 
0.051500 0.037010 0.031807 
0.051250 0.037752 0.032059 
0.052000 0.038374 0.031170 
0.051000 0.037078 0.032441 
0.050750 0.037833 0.032820 
0.049500 0.034413 0.034222 
0.050000 0.035813 0.033966 
0.048500 0.034565 0.035618 
0.049000 0.034523 0.035237 
0.048750 0.035292 0.035743 
0.049500 0.035881 0.034600 
0.050250 0.035071 0.033713 
0.050000 0.037227 0.033836 
0.049750 0.037967 0.034089 
0.048750 0.036717 0.035741 
0.049250 0.036635 0.034979 
0.048750 0.038128 0.035611 
0.049250 0.038048 0.034850 
0.050250 0.036486 0.033584 
0.050250 0.037900 0.033455 
0.051250 0.039195 0.032184 
0.051750 0.039142 0.031677 
0.051250 0.040625 0.032182 
0.051750 0.040572 0.031674 
0.050750 0.039262 0.032818 
0.050750 0.040677 0.032689 
0.051250 0.042029 0.031926 
0.051750 0.041977 0.031418 
0.052000 0.042666 0.031164 
0.050750 0.042106 0.032686 
0.051000 0.042847 0.032939 
0.049750 0.039408 0.034213 
0.049750 0.040822 0.034084 
0.049250 0.039487 0.034974 
0.048750 0.040966 0.035479 
0.049250 0.040887 0.034718 
0.050250 0.039341 0.033579 
0.050250 0.040756 0.033450 
0.049500 0.041535 0.034082 
0.050000 0.042950 0.033953 
0.048500 0.041679 0.035477 
0.049000 0.041614 0.034843 
0.048500 0.043104 0.035475 
0.049000 0.043066 0.035094 
0.050500 0.042911 0.033573 
0.048000 0.034676 0.036633 
0.048500 0.036086 0.036503 
0.048000 0.036141 0.037011 
0.048250 0.036812 0.036629 
0.048250 0.038222 0.036499 
0.048250 0.039673 0.036750 
0.048500 0.040319 0.036114 
0.048000 0.038988 0.037005 
0.048000 0.040412 0.037002 
0.048000 0.041757 0.036238 
0.048000 0.043156 0.035982 
0.047250 0.044047 0.037755 
0.045250 0.044291 0.040164 
0.046250 0.044163 0.038896 
0.046750 0.044099 0.038262 
0.047500 0.044848 0.038641 
0.045750 0.044214 0.039403 
0.046000 0.045001 0.040162 
0.047250 0.045748 0.040541 
0.049750 0.043791 0.035220 
0.050750 0.043715 0.034459 
0.051750 0.043651 0.033825 
0.050250 0.043740 0.034713 
0.052000 0.044517 0.035345 
0.055500 0.045591 0.031793 
0.055750 0.046443 0.033186 
0.056250 0.046418 0.032933 
0.053500 0.044402 0.034204 
0.054000 0.044339 0.033570 
0.054250 0.045103 0.034076 
0.053000 0.044453 0.034711 
0.053250 0.045242 0.035471 
0.054500 0.045892 0.034835 
0.055000 0.045817 0.034075 
0.056000 0.047219 0.033819 
0.056750 0.047958 0.034071 
0.055250 0.046606 0.034834 
0.055500 0.047368 0.035340 
0.057000 0.048708 0.034450 
0.057250 0.049446 0.034702 
0.057000 0.050159 0.034701 
0.057250 0.050896 0.034953 
0.048250 0.043907 0.036361 
0.050000 0.044631 0.036486 
0.048500 0.044746 0.037627 
0.049500 0.044682 0.036993 
0.050500 0.044606 0.036233 
0.052250 0.045318 0.036231 
0.050750 0.045445 0.037499 
0.052000 0.046207 0.038004 
0.049750 0.045546 0.038513 
0.048250 0.045672 0.039781 
0.050250 0.045521 0.038259 
0.048500 0.046458 0.040539 
0.049500 0.046395 0.039906 
0.051000 0.046307 0.039018 
0.052250 0.046993 0.038763 
0.052500 0.047741 0.039142 
0.050750 0.047105 0.039904 
0.051000 0.047865 0.040409 
0.051500 0.047840 0.040156 
0.052750 0.045293 0.035978 
0.053500 0.046043 0.036357 
0.054250 0.046755 0.036355 
0.053250 0.046905 0.037876 
0.054000 0.047629 0.038001 
0.055000 0.047480 0.036480 
0.052750 0.046955 0.038383 
0.053000 0.047728 0.039015 
0.052250 0.048488 0.039520 
0.056000 0.048855 0.035971 
0.055500 0.049039 0.037871 
0.056500 0.050474 0.037995 
0.056750 0.051197 0.038120 
0.056750 0.052599 0.037992 
0.053750 0.048439 0.039014 
0.054500 0.049161 0.039139 
0.053000 0.049210 0.039646 
0.054000 0.049186 0.039392 
0.053750 0.049945 0.039897 
0.054250 0.049920 0.039644 
0.055000 0.049137 0.038885 
0.055750 0.049823 0.038630 
0.055000 0.050643 0.039769 
0.054250 0.051401 0.040274 
0.054500 0.052122 0.040399 
0.056250 0.051245 0.038627 
0.056000 0.052003 0.039132 
0.056250 0.052658 0.038626 
0.055250 0.051341 0.039641 
0.055250 0.052789 0.040020 
0.057500 0.036050 0.022800 
0.057750 0.036731 0.022419 
0.057500 0.037559 0.023433 
0.057750 0.038252 0.023179 
0.058250 0.039614 0.022417 
0.058500 0.040296 0.022036 
0.058750 0.041005 0.021909 
0.057750 0.039733 0.023558 
0.058000 0.040440 0.023431 
0.058500 0.041790 0.022542 
0.058500 0.043181 0.022034 
0.058750 0.042434 0.021781 
0.058000 0.041893 0.023557 
0.058000 0.043270 0.022922 
0.057500 0.040505 0.024065 
0.057500 0.041971 0.024317 
0.058000 0.044623 0.022033 
0.057750 0.045307 0.021652 
0.057750 0.043978 0.022794 
0.058750 0.048327 0.023045 
0.059500 0.049084 0.023424 
0.060000 0.049059 0.023171 
0.060250 0.049828 0.023677 
0.061500 0.050512 0.023296 
0.059000 0.049144 0.024058 
0.059750 0.049876 0.024184 
0.060500 0.050608 0.024310 
0.060000 0.050679 0.025070 
0.061250 0.051291 0.024056 
0.061500 0.052035 0.024435 
0.060250 0.051422 0.025449 
0.060500 0.052165 0.025829 
0.061250 0.052872 0.025828 
0.062500 0.051975 0.023801 
0.062750 0.052719 0.024181 
0.058250 0.049203 0.032168 
0.058500 0.049978 0.032800 
0.059250 0.050680 0.032672 
0.057500 0.048684 0.034197 
0.058000 0.050159 0.034701 
0.059000 0.051550 0.034318 
0.059250 0.052242 0.034192 
0.058000 0.051610 0.034952 
0.057750 0.052337 0.035205 
0.059000 0.053006 0.034825 
0.060000 0.052899 0.033685 
0.056750 0.053993 0.037867 
0.057000 0.054661 0.037487 
0.057000 0.056114 0.037995 
0.054500 0.053527 0.040400 
0.056000 0.053385 0.038880 
0.056250 0.054041 0.038374 
0.056000 0.054779 0.038754 
0.056250 0.055458 0.038501 
0.055250 0.054170 0.039768 
0.055500 0.054838 0.039388 
0.056500 0.056161 0.038502 
0.056750 0.056887 0.038756 
0.055500 0.056325 0.040276 
0.057000 0.057648 0.039390 
0.057250 0.058397 0.039898 
0.061500 0.053591 0.025954 
0.062000 0.055028 0.026206 
0.062500 0.053462 0.024560 
0.063000 0.054900 0.024812 
0.063500 0.054818 0.023924 
0.062250 0.054263 0.025573 
0.062500 0.054958 0.025446 
0.063250 0.055596 0.024684 
0.064000 0.056245 0.024049 
0.064000 0.057684 0.024301 
0.063000 0.056361 0.025317 
0.062750 0.057092 0.025570 
0.064250 0.058334 0.023666 
0.064250 0.059704 0.023157 
0.064250 0.061018 0.022013 
0.063750 0.062435 0.022011 
0.063250 0.061177 0.023790 
0.063750 0.061086 0.022775 
0.063500 0.061806 0.022900 
0.063250 0.058449 0.024935 
0.063750 0.058403 0.024427 
0.063250 0.059829 0.024552 
0.062750 0.058506 0.025569 
0.062750 0.059886 0.025187 
0.063000 0.060525 0.024425 
0.063500 0.060491 0.024044 
0.061000 0.053626 0.026334 
0.060750 0.054368 0.026714 
0.061500 0.055064 0.026586 
0.060750 0.055805 0.026966 
0.061500 0.056500 0.026839 
0.061750 0.057196 0.026711 
0.060500 0.056640 0.028360 
0.061000 0.056558 0.027473 
0.060750 0.057369 0.028613 
0.061250 0.057265 0.027472 
0.061750 0.058609 0.026710 
0.062000 0.059282 0.026329 
0.061250 0.058770 0.028485 
0.061500 0.059476 0.028485 
0.062000 0.060843 0.027977 
0.060500 0.058156 0.029500 
0.061000 0.059545 0.029246 
0.060250 0.058919 0.030134 
0.060500 0.059636 0.030261 
0.061500 0.060991 0.029626 
0.062250 0.061493 0.027342 
0.062500 0.062166 0.026960 
0.064250 0.065412 0.023657 
0.064000 0.064871 0.025562 
0.064500 0.066142 0.023910 
0.064750 0.066872 0.024163 
0.064250 0.068352 0.024923 
0.064000 0.069168 0.026192 
0.065250 0.068298 0.024288 
0.065500 0.069038 0.024668 
0.065750 0.069746 0.024668 
0.065000 0.069082 0.025176 
0.066000 0.070464 0.024794 
0.065500 0.070550 0.025810 
0.066000 0.071943 0.025554 
0.063250 0.062828 0.026452 
0.063500 0.063546 0.026579 
0.063250 0.064253 0.026578 
0.063750 0.064231 0.026324 
0.063250 0.065733 0.027338 
0.063750 0.065733 0.027338 
0.064250 0.067113 0.026956 
0.063750 0.067234 0.028353 
0.063000 0.066649 0.029750 
0.063250 0.067376 0.030003 
0.064000 0.067918 0.028098 
0.064250 0.069918 0.026700 
0.064000 0.070690 0.027461 
0.064250 0.071439 0.027969 
0.065000 0.070593 0.026318 
0.065250 0.071332 0.026698 
0.065000 0.072146 0.027968 
0.063500 0.068017 0.029241 
0.060500 0.054261 0.033178 
0.060500 0.055601 0.032417 
0.059750 0.053663 0.034318 
0.059750 0.055071 0.034319 
0.058250 0.053781 0.035586 
0.059250 0.053710 0.034825 
0.058500 0.054461 0.035332 
0.059250 0.055118 0.034826 
0.060250 0.053580 0.033431 
0.060250 0.055036 0.033938 
0.059250 0.056504 0.034572 
0.059000 0.057196 0.034446 
0.058500 0.055904 0.035713 
0.059000 0.055834 0.034952 
0.060250 0.056434 0.033812 
0.060000 0.057150 0.033939 
0.061750 0.061889 0.031782 
0.062000 0.062639 0.032290 
0.060000 0.058547 0.033812 
0.057750 0.055271 0.036473 
0.058000 0.055963 0.036347 
0.058500 0.057370 0.036347 
0.058000 0.057648 0.039390 
0.058750 0.058097 0.036601 
0.059000 0.058858 0.037236 
0.059250 0.059596 0.037616 
0.060000 0.060299 0.037617 
0.059750 0.061036 0.037998 
0.060750 0.060877 0.036222 
0.060750 0.062307 0.036476 
0.061250 0.062296 0.036349 
0.060250 0.060991 0.037490 
0.060250 0.062409 0.037618 
0.057750 0.058409 0.040025 
0.058250 0.059860 0.040533 
0.058750 0.059825 0.040153 
0.059250 0.061082 0.038505 
0.059500 0.061785 0.038506 
0.058500 0.060539 0.040280 
0.058750 0.061241 0.040281 
0.059000 0.061876 0.039520 
0.061750 0.063366 0.032543 
0.061500 0.064116 0.033051 
0.061250 0.064910 0.034066 
0.061500 0.065625 0.034193 
0.062000 0.067001 0.033812 
0.061000 0.065725 0.035335 
0.061500 0.067111 0.035082 
0.062750 0.063254 0.031274 
0.062750 0.064709 0.031781 
0.062250 0.063355 0.032416 
0.062250 0.064798 0.032797 
0.063000 0.065403 0.031654 
0.062750 0.067464 0.031019 
0.062500 0.065492 0.032670 
0.062500 0.066902 0.032670 
0.062000 0.069765 0.033177 
0.062000 0.068421 0.033939 
0.061750 0.069180 0.034574 
0.061500 0.068563 0.035590 
0.062000 0.071217 0.033686 
0.063000 0.068181 0.031146 
0.062750 0.068962 0.032035 
0.063500 0.069613 0.031399 
0.062250 0.067640 0.033050 
0.062500 0.069721 0.032669 
0.063250 0.070372 0.032034 
0.063750 0.070329 0.031526 
0.062750 0.070459 0.033050 
0.063250 0.071879 0.033177 
0.063750 0.071836 0.032669 
0.062750 0.071922 0.033686 
0.059750 0.063849 0.037999 
0.059500 0.064552 0.038000 
0.060750 0.063748 0.036858 
0.061250 0.063714 0.036477 
0.060500 0.064451 0.036858 
0.061000 0.064396 0.036223 
0.060000 0.063134 0.037872 
0.060000 0.064518 0.037619 
0.059500 0.065969 0.038128 
0.059750 0.066672 0.038128 
0.060500 0.065858 0.036858 
0.060750 0.066551 0.036732 
0.061000 0.067221 0.036351 
0.060000 0.065925 0.037620 
0.060250 0.066595 0.037240 
0.059500 0.063213 0.038760 
0.059000 0.064664 0.039269 
0.058500 0.063371 0.040537 
0.059000 0.063292 0.039648 
0.058500 0.064731 0.040030 
0.058750 0.064017 0.039903 
0.059000 0.066014 0.038635 
0.059250 0.066717 0.038636 
0.058250 0.065467 0.040412 
0.058750 0.065378 0.039396 
0.058250 0.066849 0.040159 
0.061250 0.067892 0.035971 
0.061250 0.069354 0.036606 
0.060250 0.068068 0.038002 
0.060750 0.069452 0.037749 
0.061750 0.070718 0.036099 
0.061500 0.071486 0.036861 
0.061250 0.070804 0.037115 
0.061000 0.071594 0.038131 
0.059250 0.068177 0.039272 
0.059500 0.068880 0.039272 
0.058250 0.068276 0.040414 
0.058750 0.068210 0.039653 
0.058500 0.068967 0.040288 
0.059250 0.069637 0.039908 
0.060250 0.069518 0.038511 
0.059500 0.070340 0.039908 
0.059500 0.071777 0.040291 
0.060500 0.070210 0.038384 
0.060500 0.071669 0.039021 
0.060000 0.071723 0.039656 
0.068250 0.072566 0.007506 
0.067750 0.072924 0.011827 
0.068750 0.078526 0.010666 
0.068500 0.077834 0.010923 
0.068750 0.079950 0.010662 
0.069250 0.084302 0.011667 
0.068750 0.090007 0.010406 
0.068500 0.090743 0.010535 
0.068500 0.089382 0.011804 
0.068000 0.090789 0.011172 
0.068000 0.073668 0.012206 
0.068250 0.074390 0.012331 
0.067250 0.073125 0.014242 
0.067750 0.074536 0.014111 
0.068500 0.076566 0.012834 
0.068000 0.075195 0.013473 
0.068000 0.076607 0.013343 
0.068250 0.075875 0.013090 
0.067500 0.072435 0.014498 
0.067500 0.073846 0.014367 
0.068250 0.077287 0.012959 
0.068250 0.078689 0.012701 
0.068000 0.078029 0.013339 
0.068000 0.079442 0.013208 
0.068250 0.080112 0.012697 
0.068000 0.080844 0.012950 
0.068250 0.081505 0.012311 
0.067750 0.080163 0.013333 
0.067500 0.081298 0.018674 
0.066750 0.083546 0.020197 
0.066750 0.085033 0.021086 
0.066750 0.086473 0.021213 
0.066750 0.090583 0.018296 
0.066500 0.087203 0.021342 
0.066500 0.088615 0.020963 
0.066500 0.089973 0.019821 
0.066250 0.090694 0.019823 
0.066250 0.089346 0.021092 
0.068500 0.082196 0.012055 
0.068000 0.083639 0.012305 
0.068500 0.083639 0.012305 
0.068000 0.085092 0.012683 
0.068500 0.085072 0.012429 
0.067750 0.085837 0.012940 
0.068750 0.085799 0.012431 
0.067500 0.086592 0.013323 
0.068750 0.087241 0.012307 
0.068000 0.088024 0.013073 
0.068500 0.087977 0.012436 
0.067750 0.087328 0.013453 
0.067500 0.088072 0.013709 
0.067750 0.090165 0.012570 
0.067500 0.090881 0.012444 
0.067500 0.089514 0.013586 
0.067000 0.090974 0.013717 
0.067250 0.082018 0.018800 
0.067750 0.084865 0.018922 
0.067500 0.082767 0.019308 
0.067750 0.083496 0.019561 
0.067250 0.086346 0.019559 
0.067250 0.084994 0.020576 
0.067000 0.085732 0.020957 
0.067000 0.087106 0.020069 
0.067000 0.088501 0.019436 
0.057250 0.107952 0.018844 
0.057250 0.109274 0.016687 
0.056500 0.110018 0.017070 
0.057000 0.108674 0.018846 
0.057250 0.106583 0.020112 
0.057000 0.107282 0.019733 
0.056750 0.106659 0.021384 
0.055750 0.108100 0.021387 
0.056500 0.107342 0.020750 
0.056500 0.108703 0.019354 
0.055500 0.110169 0.019739 
0.056750 0.109418 0.019229 
0.055500 0.108820 0.021388 
0.055250 0.109534 0.021263 
0.064500 0.100740 0.007639 
0.067750 0.092818 0.009015 
0.068000 0.092162 0.010030 
0.068250 0.091443 0.010156 
0.067000 0.093653 0.010544 
0.067500 0.092216 0.010794 
0.067250 0.092943 0.010796 
0.064250 0.101477 0.007768 
0.064000 0.102190 0.007516 
0.062750 0.103029 0.009298 
0.063500 0.102262 0.008660 
0.063250 0.104362 0.007268 
0.063500 0.103633 0.007266 
0.063000 0.103758 0.009300 
0.062750 0.104509 0.009684 
0.062500 0.103905 0.011716 
0.060750 0.110290 0.008937 
0.061000 0.109590 0.009444 
0.061750 0.107546 0.011853 
0.059750 0.110374 0.010463 
0.059250 0.110403 0.010971 
0.061250 0.108912 0.010331 
0.060500 0.109618 0.009952 
0.060750 0.108999 0.011857 
0.061500 0.108272 0.011855 
0.060000 0.109683 0.011096 
0.066750 0.093177 0.014104 
0.066750 0.094591 0.013599 
0.066500 0.095334 0.013855 
0.066750 0.091772 0.014736 
0.066500 0.093920 0.014360 
0.065500 0.096802 0.014113 
0.066000 0.096759 0.013477 
0.065000 0.098244 0.013990 
0.065750 0.097485 0.013479 
0.064500 0.099620 0.012849 
0.064250 0.100330 0.012596 
0.063750 0.100403 0.013741 
0.065250 0.098886 0.012720 
0.064750 0.100313 0.012342 
0.064750 0.098944 0.013610 
0.064500 0.098278 0.014498 
0.064250 0.099011 0.014628 
0.066250 0.093482 0.018430 
0.066000 0.094213 0.018559 
0.066250 0.092083 0.019063 
0.066000 0.092841 0.019573 
0.065250 0.093634 0.020593 
0.064500 0.095824 0.020979 
0.065500 0.094311 0.019958 
0.065750 0.094979 0.019196 
0.065000 0.095736 0.019707 
0.065000 0.094355 0.020594 
0.064750 0.095094 0.020850 
0.064250 0.097833 0.018694 
0.065000 0.097102 0.018565 
0.063250 0.100649 0.017556 
0.063500 0.099942 0.017809 
0.063250 0.099253 0.018316 
0.063750 0.099228 0.017934 
0.062750 0.100698 0.018319 
0.064500 0.097154 0.019328 
0.064250 0.096562 0.021235 
0.063750 0.097986 0.020984 
0.064750 0.096432 0.019327 
0.062250 0.100763 0.019337 
0.062750 0.099453 0.021368 
0.063500 0.098682 0.020604 
0.067000 0.092451 0.014102 
0.061750 0.103305 0.013748 
0.062000 0.103952 0.012479 
0.062000 0.105404 0.012483 
0.061500 0.104053 0.014132 
0.059750 0.104902 0.016168 
0.060500 0.104108 0.015022 
0.061000 0.104084 0.014640 
0.060750 0.104840 0.015151 
0.061250 0.104801 0.014515 
0.060000 0.105618 0.016043 
0.064000 0.101072 0.012853 
0.063000 0.102524 0.012856 
0.063250 0.101830 0.013363 
0.063500 0.101104 0.013361 
0.062500 0.102547 0.013238 
0.062500 0.105389 0.012228 
0.061750 0.106146 0.012739 
0.060750 0.107612 0.012997 
0.061250 0.107583 0.012488 
0.061250 0.106176 0.013247 
0.060250 0.107671 0.014014 
0.058750 0.110516 0.013005 
0.059250 0.109129 0.014145 
0.059000 0.109840 0.013892 
0.060250 0.109028 0.012365 
0.061000 0.108294 0.012236 
0.060000 0.108375 0.013634 
0.059750 0.107738 0.015158 
0.059750 0.106364 0.016426 
0.059250 0.107782 0.015921 
0.060750 0.106274 0.014900 
0.060500 0.106984 0.014648 
0.060250 0.106312 0.015536 
0.060000 0.107043 0.015665 
0.059000 0.108470 0.015287 
0.058500 0.109890 0.014782 
0.058500 0.108513 0.016050 
0.058000 0.109940 0.015672 
0.062250 0.106115 0.012230 
0.062000 0.102833 0.017816 
0.061750 0.102151 0.018450 
0.061500 0.102857 0.018197 
0.059000 0.105679 0.017059 
0.060750 0.103619 0.018834 
0.061250 0.103580 0.018199 
0.061500 0.101525 0.019974 
0.061000 0.102937 0.019469 
0.060500 0.103024 0.020867 
0.059250 0.105140 0.020109 
0.059500 0.104466 0.020871 
0.058750 0.105210 0.021254 
0.060250 0.103705 0.020233 
0.063000 0.101363 0.017431 
0.062500 0.101396 0.017939 
0.058750 0.106425 0.017443 
0.058250 0.107886 0.017700 
0.059000 0.107118 0.016936 
0.058250 0.106485 0.018460 
0.058000 0.107193 0.018207 
0.058000 0.108594 0.017448 
0.057500 0.108652 0.018465 
0.057750 0.106560 0.019731 
0.057500 0.107252 0.019224 
0.058000 0.105885 0.020492 
0.066500 0.073060 0.021995 
0.066750 0.073790 0.022248 
0.066250 0.073832 0.022756 
0.066250 0.075259 0.022881 
0.066500 0.075967 0.022880 
0.066250 0.072661 0.025681 
0.066250 0.076893 0.025549 
0.066500 0.077404 0.023133 
0.066250 0.078225 0.024531 
0.066500 0.078892 0.024021 
0.066000 0.078974 0.025038 
0.066500 0.080348 0.024528 
0.066250 0.081086 0.024909 
0.065500 0.080480 0.026182 
0.066000 0.080419 0.025418 
0.065750 0.081157 0.025799 
0.066000 0.073442 0.026570 
0.065250 0.072884 0.028349 
0.065500 0.073590 0.028348 
0.065750 0.074286 0.028221 
0.066000 0.075003 0.028348 
0.064250 0.072937 0.028984 
0.064500 0.073686 0.029492 
0.064250 0.074497 0.030763 
0.064750 0.072916 0.028730 
0.065250 0.074392 0.029492 
0.064750 0.074423 0.029873 
0.064500 0.075213 0.030889 
0.065500 0.075066 0.029110 
0.065750 0.075762 0.028983 
0.065500 0.076509 0.029491 
0.066000 0.076457 0.028855 
0.065000 0.075150 0.030127 
0.065000 0.076593 0.030508 
0.066000 0.077828 0.028346 
0.065750 0.078555 0.028600 
0.065250 0.081207 0.026435 
0.065250 0.079967 0.028599 
0.064750 0.081349 0.028216 
0.064500 0.079395 0.030252 
0.065500 0.077911 0.029363 
0.065750 0.077194 0.029236 
0.065250 0.078617 0.029362 
0.065000 0.077994 0.030380 
0.064750 0.078710 0.030507 
0.064250 0.081400 0.028852 
0.064250 0.080100 0.030252 
0.063250 0.081562 0.030887 
0.063750 0.081491 0.029997 
0.064750 0.080029 0.029362 
0.067000 0.074498 0.022247 
0.067250 0.075186 0.021992 
0.067250 0.076623 0.022244 
0.067500 0.077311 0.021988 
0.067750 0.079395 0.021476 
0.067250 0.078081 0.022750 
0.067500 0.078789 0.022749 
0.067500 0.080103 0.021475 
0.067250 0.080842 0.021856 
0.067250 0.079538 0.023257 
0.066750 0.082410 0.023762 
0.066250 0.085112 0.022104 
0.066500 0.085801 0.021848 
0.066000 0.084474 0.022996 
0.066000 0.085880 0.022867 
0.066250 0.082440 0.024144 
0.066000 0.083178 0.024525 
0.065250 0.082581 0.025925 
0.065750 0.082531 0.025289 
0.065250 0.083945 0.025287 
0.064500 0.086047 0.025030 
0.064000 0.084722 0.026177 
0.064000 0.086067 0.025285 
0.065250 0.085281 0.024268 
0.065000 0.085998 0.024394 
0.065000 0.084643 0.025159 
0.064500 0.088825 0.023763 
0.066000 0.088692 0.021982 
0.065500 0.087358 0.023379 
0.066000 0.087310 0.022742 
0.065250 0.088077 0.023380 
0.064250 0.089544 0.023765 
0.064250 0.090964 0.023513 
0.065500 0.090160 0.022366 
0.065750 0.089431 0.022238 
0.065250 0.090899 0.022622 
0.065750 0.090824 0.021604 
0.065250 0.089488 0.023001 
0.064750 0.090927 0.023004 
0.064000 0.087455 0.024651 
0.064250 0.088145 0.024271 
0.065000 0.087397 0.023888 
0.064750 0.088116 0.023889 
0.063750 0.089563 0.024019 
0.063250 0.091001 0.024022 
0.063500 0.090282 0.024021 
0.063750 0.084095 0.027196 
0.064250 0.082722 0.027706 
0.064000 0.083418 0.027578 
0.064750 0.082641 0.026688 
0.063500 0.084762 0.026686 
0.064000 0.082126 0.029106 
0.063000 0.082237 0.030506 
0.063500 0.082197 0.029997 
0.063000 0.083609 0.029996 
0.063250 0.084284 0.029614 
0.063500 0.086432 0.029995 
0.062000 0.090788 0.030893 
0.063250 0.087147 0.029996 
0.063750 0.087166 0.030250 
0.063250 0.088606 0.030380 
0.063750 0.088606 0.030380 
0.063000 0.089321 0.030381 
0.063500 0.089330 0.030508 
0.063000 0.090741 0.030256 
0.062000 0.072669 0.034194 
0.062000 0.075508 0.034448 
0.062000 0.076906 0.034321 
0.064000 0.072552 0.032796 
0.064000 0.073982 0.033050 
0.064500 0.076687 0.031652 
0.064000 0.075392 0.033050 
0.064000 0.076760 0.032542 
0.064750 0.075929 0.031016 
0.062500 0.072669 0.034194 
0.063000 0.074078 0.034194 
0.063500 0.074025 0.033558 
0.063000 0.075487 0.034194 
0.063500 0.075444 0.033686 
0.062750 0.076191 0.034194 
0.063500 0.076843 0.033558 
0.062000 0.080989 0.032541 
0.061750 0.079039 0.034576 
0.062000 0.079672 0.033686 
0.061750 0.080530 0.035593 
0.061500 0.081244 0.035721 
0.064250 0.077413 0.031906 
0.064250 0.078761 0.031143 
0.063750 0.077485 0.032796 
0.062750 0.078936 0.033304 
0.064750 0.077340 0.031016 
0.063250 0.080233 0.031905 
0.063750 0.080162 0.031015 
0.062750 0.081603 0.031396 
0.062750 0.080284 0.032541 
0.063500 0.079559 0.032287 
0.062500 0.080969 0.032287 
0.062750 0.077569 0.033813 
0.062250 0.078978 0.033813 
0.061500 0.072958 0.037624 
0.061500 0.074364 0.037625 
0.061750 0.076390 0.036609 
0.061250 0.075088 0.037879 
0.061250 0.076453 0.037372 
0.059500 0.073192 0.040419 
0.059250 0.073905 0.040547 
0.060500 0.073096 0.039276 
0.061000 0.073022 0.038386 
0.060750 0.073757 0.038768 
0.061000 0.074438 0.038514 
0.060000 0.073160 0.040038 
0.060250 0.073831 0.039657 
0.059250 0.075289 0.040294 
0.059250 0.076652 0.039787 
0.060750 0.075162 0.038769 
0.060250 0.076568 0.038770 
0.060000 0.075918 0.039405 
0.061750 0.077745 0.035974 
0.061500 0.078480 0.036356 
0.060750 0.077891 0.037754 
0.061000 0.077177 0.037626 
0.060500 0.078584 0.037627 
0.061000 0.078532 0.036991 
0.061500 0.079857 0.035975 
0.060500 0.080000 0.037755 
0.060750 0.080714 0.037883 
0.061000 0.081417 0.037883 
0.059250 0.078015 0.039279 
0.059500 0.078708 0.039153 
0.058500 0.077407 0.040423 
0.059000 0.077354 0.039788 
0.059000 0.078749 0.039662 
0.060000 0.077271 0.038771 
0.060000 0.078635 0.038263 
0.059500 0.080154 0.039663 
0.059750 0.080847 0.039536 
0.060000 0.080082 0.038773 
0.060500 0.081468 0.038519 
0.060000 0.081539 0.039409 
0.062000 0.082601 0.035085 
0.062000 0.084009 0.035086 
0.061750 0.086171 0.035723 
0.062750 0.084554 0.033050 
0.063250 0.085973 0.033177 
0.062500 0.082601 0.035085 
0.062500 0.083999 0.034958 
0.063000 0.085288 0.033432 
0.062750 0.086032 0.033941 
0.062250 0.084723 0.035213 
0.062250 0.086121 0.035086 
0.061500 0.090957 0.033183 
0.061750 0.088923 0.034580 
0.061750 0.087537 0.035087 
0.060750 0.089010 0.035726 
0.061500 0.088249 0.035088 
0.059500 0.091126 0.035474 
0.061500 0.089626 0.034454 
0.060500 0.091051 0.034456 
0.061000 0.091022 0.034074 
0.060500 0.089712 0.035599 
0.061000 0.089673 0.035090 
0.060250 0.090395 0.035218 
0.062500 0.089540 0.033308 
0.062750 0.087440 0.033814 
0.062500 0.088143 0.033688 
0.062250 0.087518 0.034833 
0.061500 0.082803 0.037630 
0.061750 0.083486 0.037375 
0.061750 0.084833 0.036613 
0.061250 0.086260 0.036868 
0.061250 0.084923 0.037758 
0.061500 0.085566 0.036995 
0.060750 0.082150 0.038265 
0.060750 0.083597 0.038775 
0.060250 0.082242 0.039410 
0.060250 0.083667 0.039666 
0.059250 0.086547 0.040559 
0.060750 0.085002 0.038776 
0.061000 0.084270 0.038394 
0.060250 0.086428 0.039032 
0.060250 0.085072 0.039667 
0.060000 0.085785 0.039795 
0.061250 0.087635 0.036360 
0.060500 0.088385 0.036870 
0.061000 0.088327 0.036106 
0.060250 0.087772 0.038142 
0.061000 0.086993 0.037250 
0.060000 0.088463 0.037888 
0.058500 0.091219 0.036746 
0.059250 0.090480 0.036364 
0.059000 0.089902 0.038144 
0.058750 0.090556 0.037382 
0.060000 0.089759 0.036236 
0.059750 0.087811 0.038651 
0.059000 0.088560 0.039161 
0.059000 0.087229 0.040305 
0.058500 0.088627 0.040052 
0.058750 0.087918 0.040051 
0.060000 0.087121 0.038905 
0.058500 0.089969 0.039035 
0.058750 0.089259 0.039035 
0.058250 0.090669 0.038909 
0.058250 0.089327 0.039925 
0.057750 0.090764 0.040181 
0.057000 0.099355 0.030779 
0.056000 0.100776 0.030654 
0.056750 0.100061 0.030653 
0.057250 0.105341 0.023415 
0.054750 0.105479 0.025703 
0.055750 0.105433 0.024941 
0.057000 0.104684 0.024431 
0.056750 0.104044 0.025701 
0.055250 0.105456 0.025322 
0.056500 0.104722 0.025066 
0.052500 0.110369 0.023298 
0.052500 0.107581 0.024818 
0.052250 0.106907 0.025579 
0.051000 0.107655 0.026089 
0.052000 0.107611 0.025326 
0.052000 0.108996 0.024439 
0.051750 0.109721 0.024568 
0.051000 0.109054 0.025456 
0.051750 0.108314 0.025073 
0.050750 0.109787 0.025712 
0.054750 0.106802 0.023799 
0.054500 0.107499 0.023419 
0.057000 0.106007 0.022527 
0.056000 0.107402 0.021767 
0.055250 0.106772 0.023291 
0.056500 0.106045 0.023162 
0.055500 0.107454 0.022657 
0.054500 0.108886 0.022532 
0.054500 0.110283 0.021773 
0.053500 0.108937 0.023422 
0.054000 0.108908 0.022914 
0.053250 0.109642 0.023170 
0.055000 0.108857 0.022024 
0.053250 0.106870 0.024944 
0.054250 0.106825 0.024181 
0.053000 0.107566 0.024564 
0.053000 0.106197 0.025705 
0.054000 0.106167 0.025196 
0.055500 0.106106 0.024179 
0.053250 0.108255 0.024056 
0.052250 0.105579 0.027356 
0.050750 0.105641 0.028374 
0.052000 0.104917 0.028245 
0.051250 0.102937 0.030912 
0.052250 0.102897 0.030276 
0.050000 0.104995 0.029517 
0.049750 0.104319 0.030151 
0.049500 0.105018 0.029898 
0.050750 0.104272 0.029388 
0.051750 0.104248 0.029007 
0.050500 0.104972 0.029135 
0.050500 0.103612 0.030277 
0.051500 0.103588 0.029896 
0.057250 0.102696 0.027097 
0.056750 0.102736 0.027733 
0.053250 0.105556 0.026975 
0.053750 0.104209 0.028371 
0.054250 0.104201 0.028244 
0.053000 0.104901 0.027991 
0.054000 0.104878 0.027609 
0.055750 0.104138 0.027227 
0.056250 0.104099 0.026591 
0.055000 0.104831 0.026847 
0.055250 0.104169 0.027735 
0.053250 0.102864 0.029767 
0.054250 0.102848 0.029513 
0.054250 0.101507 0.030910 
0.052750 0.102888 0.030149 
0.054500 0.102173 0.030148 
0.055500 0.102141 0.029639 
0.056750 0.101426 0.029638 
0.055250 0.102816 0.029004 
0.055750 0.101466 0.030274 
0.056250 0.101442 0.029892 
0.053000 0.103548 0.029260 
0.054500 0.103516 0.028751 
0.052000 0.106243 0.026468 
0.051250 0.106960 0.026469 
0.051000 0.106319 0.027739 
0.050500 0.107737 0.027487 
0.050500 0.109127 0.026727 
0.050250 0.108462 0.027616 
0.050250 0.109888 0.027491 
0.049500 0.106433 0.029646 
0.049750 0.107134 0.029393 
0.049000 0.106494 0.030663 
0.049500 0.107894 0.030157 
0.049750 0.108565 0.029396 
0.049750 0.109967 0.028889 
0.049250 0.108639 0.030667 
0.048750 0.110083 0.030923 
0.049250 0.110039 0.030161 
0.047250 0.100395 0.035740 
0.042750 0.100679 0.040065 
0.044750 0.100537 0.037903 
0.046500 0.099751 0.036757 
0.047000 0.099709 0.036121 
0.046250 0.100453 0.036631 
0.046750 0.100428 0.036249 
0.045750 0.100478 0.037012 
0.043750 0.100603 0.038920 
0.044500 0.099860 0.038410 
0.043500 0.099944 0.039682 
0.047500 0.099927 0.039428 
0.057250 0.095879 0.032173 
0.056750 0.095923 0.032809 
0.057250 0.094702 0.035733 
0.050000 0.100941 0.033198 
0.052000 0.099523 0.033323 
0.050750 0.100237 0.033324 
0.052250 0.100203 0.032815 
0.052000 0.098166 0.034338 
0.049500 0.099582 0.034213 
0.048750 0.100303 0.034341 
0.049750 0.100262 0.033705 
0.048500 0.099624 0.034849 
0.048250 0.100328 0.034723 
0.050750 0.098878 0.034339 
0.051750 0.098844 0.033831 
0.050250 0.100245 0.033451 
0.054500 0.098072 0.032939 
0.056750 0.097280 0.031793 
0.056000 0.098012 0.032049 
0.056500 0.097986 0.031667 
0.056000 0.096645 0.032937 
0.056500 0.096610 0.032428 
0.055500 0.098029 0.032303 
0.053500 0.100867 0.032053 
0.054750 0.100137 0.031798 
0.053000 0.099498 0.032941 
0.054250 0.098776 0.032813 
0.053250 0.100187 0.032561 
0.055500 0.099422 0.031797 
0.056500 0.099380 0.031160 
0.055250 0.100128 0.031670 
0.055250 0.098742 0.032304 
0.053000 0.098123 0.033702 
0.054250 0.097401 0.033574 
0.052750 0.098819 0.033449 
0.057250 0.093407 0.037512 
0.057000 0.094117 0.037513 
0.056000 0.095538 0.037515 
0.056500 0.095521 0.037260 
0.056750 0.093517 0.039039 
0.057250 0.092181 0.040183 
0.057000 0.092844 0.039547 
0.054500 0.095734 0.040314 
0.056500 0.094190 0.038531 
0.056000 0.094298 0.040058 
0.055000 0.095716 0.040059 
0.052250 0.097878 0.040571 
0.049750 0.099261 0.040063 
0.050250 0.099227 0.039554 
0.054500 0.096942 0.037262 
0.053250 0.097653 0.037263 
0.056250 0.096196 0.036752 
0.055250 0.096258 0.037643 
0.053500 0.097020 0.038407 
0.053750 0.096381 0.039424 
0.054250 0.096381 0.039424 
0.047750 0.104507 0.033203 
0.047750 0.103145 0.034218 
0.047250 0.101810 0.035615 
0.047500 0.102489 0.035107 
0.047500 0.103826 0.033710 
0.047500 0.105252 0.033712 
0.047000 0.103945 0.035618 
0.046500 0.105361 0.035493 
0.046750 0.104617 0.034983 
0.047500 0.106655 0.033333 
0.047750 0.107353 0.033080 
0.047750 0.108779 0.033082 
0.047750 0.110191 0.032830 
0.047250 0.105972 0.033841 
0.047250 0.107390 0.033716 
0.046500 0.106769 0.035240 
0.046750 0.106042 0.034985 
0.046250 0.107481 0.035241 
0.045250 0.108934 0.035752 
0.045250 0.110336 0.035372 
0.046500 0.108140 0.034352 
0.047250 0.108816 0.033718 
0.046250 0.110285 0.034482 
0.047000 0.109536 0.033846 
0.045750 0.108905 0.035243 
0.046000 0.109595 0.034863 
0.043000 0.101338 0.039302 
0.041750 0.102121 0.040448 
0.042500 0.101379 0.039938 
0.042500 0.102797 0.039940 
0.042750 0.103514 0.040068 
0.042750 0.104948 0.040323 
0.045000 0.101222 0.037522 
0.045000 0.102659 0.037778 
0.046250 0.101867 0.036505 
0.046750 0.101843 0.036124 
0.046000 0.102603 0.036888 
0.047000 0.102538 0.035870 
0.045500 0.101189 0.037013 
0.045500 0.102627 0.037269 
0.045000 0.104088 0.037907 
0.045000 0.105508 0.037908 
0.046500 0.103993 0.036381 
0.046000 0.105423 0.036510 
0.045500 0.104072 0.037652 
0.045750 0.104767 0.037399 
0.043500 0.101313 0.038921 
0.044250 0.101990 0.038413 
0.044000 0.102716 0.038668 
0.044500 0.102692 0.038287 
0.044000 0.104144 0.038797 
0.044500 0.104120 0.038415 
0.043750 0.104869 0.039052 
0.044500 0.105540 0.038417 
0.043250 0.103482 0.039559 
0.043250 0.104900 0.039561 
0.042750 0.110480 0.037914 
0.042750 0.106350 0.040071 
0.042250 0.107767 0.040072 
0.042750 0.109104 0.038675 
0.041750 0.110516 0.038550 
0.042500 0.109799 0.038422 
0.041500 0.108499 0.040454 
0.042000 0.108469 0.039946 
0.041000 0.109909 0.040329 
0.045250 0.107564 0.036640 
0.044750 0.106219 0.037909 
0.044750 0.107594 0.037148 
0.045750 0.106134 0.036511 
0.045750 0.107526 0.036004 
0.044750 0.108986 0.036641 
0.044500 0.109690 0.036515 
0.043750 0.109045 0.037658 
0.044500 0.108312 0.037276 
0.043500 0.109748 0.037532 
0.045500 0.108230 0.035878 
0.043750 0.106288 0.039053 
0.044250 0.106250 0.038418 
0.043750 0.107669 0.038419 
0.043250 0.106311 0.039435 
0.049750 0.102977 0.031548 
0.049750 0.101630 0.032817 
0.048250 0.103065 0.032947 
0.049500 0.102319 0.032437 
0.051250 0.101589 0.032181 
0.052250 0.101573 0.031927 
0.051000 0.102271 0.031674 
0.052000 0.102254 0.031419 
0.050750 0.101597 0.032309 
0.048750 0.104413 0.031677 
0.049500 0.103675 0.031294 
0.048500 0.105143 0.031932 
0.048000 0.103770 0.032820 
0.048000 0.105197 0.032823 
0.048250 0.101728 0.034343 
0.049000 0.100991 0.033961 
0.048000 0.102433 0.034217 
0.048000 0.101049 0.034851 
0.053250 0.101548 0.031546 
0.048500 0.106563 0.031808 
0.048500 0.107991 0.031810 
0.049000 0.107946 0.031047 
0.048000 0.106601 0.032443 
0.048250 0.107307 0.032317 
0.048750 0.108690 0.031557 
0.048500 0.109427 0.031939 
0.049000 0.109375 0.031049 
0.048250 0.108742 0.032446 
0.048000 0.109470 0.032702 
0.062000 0.093230 0.025044 
0.062000 0.094649 0.024793 
0.061750 0.095376 0.024921 
0.061750 0.093984 0.025555 
0.061250 0.095464 0.026193 
0.064000 0.091683 0.023514 
0.064000 0.093103 0.023263 
0.065250 0.092274 0.021735 
0.065000 0.093022 0.022118 
0.065000 0.091628 0.022751 
0.064500 0.094453 0.021994 
0.064000 0.095894 0.021997 
0.063250 0.093859 0.023773 
0.063500 0.094533 0.023139 
0.063000 0.095990 0.023396 
0.063750 0.095226 0.022759 
0.063000 0.091729 0.024151 
0.063500 0.091711 0.023896 
0.062500 0.093185 0.024408 
0.062500 0.094613 0.024284 
0.062750 0.095323 0.024158 
0.062000 0.100231 0.022260 
0.061750 0.099611 0.023785 
0.061500 0.100314 0.023532 
0.061750 0.096795 0.024670 
0.061750 0.098215 0.024418 
0.061250 0.096847 0.025433 
0.060750 0.098309 0.025817 
0.061250 0.098266 0.025181 
0.061500 0.098943 0.024547 
0.061000 0.100372 0.024422 
0.060500 0.099044 0.026073 
0.061000 0.098993 0.025310 
0.060500 0.100429 0.025313 
0.063750 0.096605 0.021871 
0.063250 0.098046 0.021874 
0.062750 0.096718 0.023525 
0.062750 0.098105 0.022764 
0.063000 0.098749 0.021621 
0.062500 0.098842 0.023020 
0.062250 0.096761 0.024161 
0.062250 0.098182 0.023909 
0.059750 0.095632 0.028610 
0.060500 0.094827 0.027337 
0.061000 0.094765 0.026447 
0.060750 0.095491 0.026575 
0.060250 0.095552 0.027466 
0.061500 0.093556 0.029625 
0.061500 0.092208 0.030768 
0.060500 0.093610 0.030388 
0.061250 0.092877 0.030133 
0.059250 0.095711 0.029755 
0.059750 0.094352 0.030771 
0.058750 0.095773 0.030646 
0.060000 0.094951 0.029118 
0.060250 0.094316 0.030262 
0.062500 0.092052 0.028604 
0.062750 0.091419 0.029748 
0.059750 0.097029 0.028104 
0.059500 0.097763 0.028360 
0.060250 0.096951 0.026959 
0.060250 0.098360 0.026580 
0.060000 0.096287 0.027721 
0.059500 0.100528 0.026839 
0.059500 0.099153 0.027726 
0.058500 0.100636 0.028492 
0.059000 0.100586 0.027729 
0.060000 0.099094 0.026836 
0.059000 0.096409 0.029502 
0.058500 0.097857 0.029759 
0.059000 0.097806 0.028996 
0.058250 0.097176 0.030267 
0.058000 0.097900 0.030395 
0.058500 0.099262 0.029380 
0.058000 0.100685 0.029255 
0.058000 0.099305 0.030016 
0.057750 0.100011 0.029890 
0.059500 0.103183 0.023411 
0.061000 0.101687 0.022518 
0.060750 0.102367 0.021883 
0.060500 0.101744 0.023408 
0.061250 0.100992 0.022898 
0.060250 0.102439 0.023028 
0.059250 0.103847 0.022522 
0.058250 0.105264 0.022143 
0.058750 0.103894 0.023285 
0.058000 0.104614 0.023286 
0.058500 0.103262 0.024682 
0.059250 0.102528 0.024426 
0.059500 0.101866 0.025315 
0.058250 0.102624 0.025952 
0.058750 0.102592 0.025444 
0.060000 0.101793 0.024171 
0.057750 0.103965 0.024429 
0.057500 0.104652 0.023922 
0.057500 0.105961 0.021764 
0.058500 0.101955 0.026714 
0.059250 0.101237 0.026713 
0.057750 0.102680 0.026843 
0.058250 0.101319 0.027984 
0.057750 0.101368 0.028748 
0.059500 0.093728 0.032042 
0.059000 0.093773 0.032678 
0.061250 0.091577 0.031912 
0.060250 0.092996 0.031787 
0.060500 0.092356 0.032803 
0.059250 0.094379 0.031153 
0.057750 0.095852 0.031791 
0.058250 0.094478 0.032552 
0.057500 0.095200 0.032681 
0.059500 0.092466 0.034330 
0.059250 0.093142 0.033822 
0.058500 0.092549 0.035476 
0.059250 0.091819 0.035220 
0.058250 0.093252 0.035349 
0.060250 0.091744 0.034202 
0.057750 0.094577 0.033952 
0.058000 0.093955 0.035223 
0.062250 0.091512 0.031021 
0.057500 0.096549 0.031538 
0.058250 0.091921 0.036620 
0.057750 0.093334 0.036495 
0.057500 0.092743 0.038148 
0.057500 0.094054 0.036623 
0.057750 0.092060 0.038529 
0.057500 0.091472 0.040182 
-0.002250 0.167487 0.001941 
-0.005250 0.171980 0.001122 
-0.005000 0.171231 0.001394 
-0.003750 0.170477 -0.000225 
-0.003500 0.169730 0.000721 
-0.003000 0.168235 0.001804 
-0.004000 0.169733 0.001667 
-0.004500 0.171230 0.000854 
-0.004750 0.171979 0.000312 
-0.004250 0.170481 0.001260 
-0.005000 0.172728 -0.000500 
-0.005750 0.173479 0.000579 
-0.006250 0.174979 0.000441 
-0.006250 0.173480 0.002200 
-0.006500 0.174229 0.002064 
-0.006500 0.175730 0.000170 
-0.053000 0.148321 0.036360 
-0.052500 0.148321 0.036360 
-0.052000 0.148365 0.038010 
-0.051500 0.148375 0.038391 
-0.051000 0.148395 0.039153 
-0.050500 0.148422 0.040169 
-0.049750 0.147692 0.039662 
-0.071000 0.163856 0.011835 
-0.071250 0.164594 0.011453 
-0.071250 0.166072 0.010689 
-0.071250 0.167554 0.010179 
-0.070750 0.166081 0.011451 
-0.070750 0.167564 0.011068 
-0.070500 0.166826 0.011576 
-0.069000 0.157998 0.016542 
-0.068750 0.157279 0.017051 
-0.068000 0.156588 0.018956 
-0.068250 0.157303 0.018320 
-0.068000 0.158033 0.018446 
-0.067750 0.155866 0.019211 
-0.067000 0.155171 0.020735 
-0.067500 0.156601 0.019590 
-0.067250 0.157330 0.019716 
-0.067000 0.156616 0.020352 
-0.066750 0.154453 0.021117 
-0.066750 0.155900 0.020861 
-0.066500 0.156634 0.021240 
-0.066500 0.158076 0.020731 
-0.070750 0.161634 0.012347 
-0.070250 0.161656 0.013743 
-0.070000 0.162400 0.013869 
-0.070000 0.159447 0.014762 
-0.069750 0.160195 0.015142 
-0.069500 0.159461 0.015524 
-0.069250 0.158731 0.016160 
-0.068750 0.160217 0.016411 
-0.069750 0.161670 0.014631 
-0.069500 0.162413 0.014757 
-0.069250 0.161682 0.015393 
-0.068750 0.161694 0.016154 
-0.069000 0.162425 0.015519 
-0.070750 0.163122 0.012471 
-0.070500 0.163866 0.012597 
-0.070250 0.164611 0.012722 
-0.070000 0.163880 0.013612 
-0.069750 0.164626 0.013865 
-0.070250 0.166090 0.012212 
-0.070250 0.167579 0.012463 
-0.069750 0.166110 0.013862 
-0.069750 0.167591 0.013606 
-0.069500 0.163893 0.014501 
-0.069500 0.165375 0.014371 
-0.069250 0.163162 0.015263 
-0.069250 0.164641 0.015007 
-0.069000 0.163909 0.015643 
-0.068750 0.164653 0.015895 
-0.069250 0.166122 0.014877 
-0.069250 0.167605 0.014875 
-0.068750 0.166133 0.015766 
-0.068750 0.167616 0.015890 
-0.068750 0.158745 0.016921 
-0.068250 0.160236 0.017553 
-0.067750 0.158775 0.018571 
-0.067750 0.160249 0.018315 
-0.068500 0.160968 0.017044 
-0.068000 0.160978 0.017679 
-0.068500 0.162444 0.016788 
-0.068000 0.162457 0.017676 
-0.067500 0.160995 0.018694 
-0.067500 0.162469 0.018438 
-0.067250 0.158789 0.019333 
-0.067000 0.159532 0.019585 
-0.067000 0.161005 0.019329 
-0.067000 0.162482 0.019326 
-0.068250 0.163192 0.017294 
-0.068000 0.163935 0.017546 
-0.068250 0.164667 0.016911 
-0.068000 0.165415 0.017544 
-0.067500 0.163949 0.018562 
-0.067250 0.164692 0.018814 
-0.068250 0.166149 0.017035 
-0.068250 0.167630 0.017159 
-0.068000 0.166895 0.017541 
-0.067750 0.166162 0.018177 
-0.067500 0.166905 0.018429 
-0.067000 0.163960 0.019323 
-0.067000 0.165438 0.019320 
-0.067250 0.167657 0.019570 
-0.066750 0.158802 0.020095 
-0.066750 0.160277 0.019965 
-0.066250 0.158821 0.021110 
-0.066250 0.160288 0.020599 
-0.066750 0.161748 0.019581 
-0.066500 0.162496 0.020214 
-0.066000 0.161030 0.020852 
-0.066000 0.162507 0.020976 
-0.066500 0.163971 0.020085 
-0.066750 0.164706 0.019830 
-0.066250 0.163240 0.020594 
-0.066250 0.164719 0.020845 
-0.066750 0.166185 0.020081 
-0.066250 0.166198 0.021096 
-0.066500 0.166933 0.020841 
-0.071750 0.172010 0.008903 
-0.071500 0.171268 0.009285 
-0.071000 0.168298 0.010178 
-0.071000 0.169787 0.010176 
-0.070750 0.169050 0.010938 
-0.070500 0.168314 0.011701 
-0.070500 0.169802 0.011825 
-0.071250 0.170528 0.009794 
-0.071250 0.172016 0.009664 
-0.070750 0.170538 0.010936 
-0.070750 0.172026 0.011060 
-0.071750 0.173503 0.009281 
-0.071750 0.174993 0.009278 
-0.071500 0.174248 0.009407 
-0.071250 0.173505 0.009662 
-0.070750 0.173518 0.011819 
-0.071000 0.174260 0.011437 
-0.070000 0.168327 0.012970 
-0.070000 0.169812 0.012967 
-0.069500 0.168339 0.014112 
-0.069500 0.169823 0.014109 
-0.070250 0.170550 0.012331 
-0.070250 0.172040 0.012963 
-0.070000 0.171303 0.013599 
-0.069250 0.169088 0.014872 
-0.069000 0.168353 0.015508 
-0.069000 0.169841 0.016140 
-0.069500 0.171311 0.014614 
-0.069750 0.172051 0.014486 
-0.069250 0.170575 0.015377 
-0.069250 0.172066 0.016516 
-0.070500 0.172778 0.012201 
-0.070000 0.172792 0.014358 
-0.068500 0.168366 0.016777 
-0.068000 0.168376 0.017665 
-0.068500 0.169852 0.017282 
-0.068000 0.169867 0.018932 
-0.068750 0.170587 0.016773 
-0.068250 0.170599 0.018169 
-0.067500 0.168391 0.019188 
-0.067500 0.169878 0.020201 
-0.067000 0.168404 0.020457 
-0.071500 0.183173 0.016369 
-0.073000 0.181690 0.019544 
-0.072500 0.181690 0.019924 
-0.073250 0.180952 0.020814 
-0.072750 0.180952 0.021448 
-0.069000 0.181691 0.017387 
-0.067500 0.180212 0.018658 
-0.070000 0.181690 0.019924 
-0.071000 0.181689 0.021193 
-0.070500 0.181690 0.020812 
-0.068750 0.180952 0.020941 
-0.072250 0.182430 0.018908 
-0.071000 0.183172 0.016750 
-0.071250 0.182430 0.018654 
-0.070250 0.182430 0.018654 
-0.065250 0.153058 0.023657 
-0.064750 0.153084 0.024800 
-0.064500 0.152363 0.024928 
-0.064250 0.153101 0.025561 
-0.066250 0.154472 0.022005 
-0.066000 0.155203 0.022258 
-0.065750 0.154491 0.022894 
-0.065250 0.154507 0.023655 
-0.065500 0.155221 0.023146 
-0.066000 0.156646 0.021875 
-0.065750 0.157377 0.022128 
-0.065500 0.158105 0.022254 
-0.065000 0.156679 0.023525 
-0.065000 0.158119 0.023015 
-0.064500 0.158128 0.023523 
-0.065000 0.153799 0.024418 
-0.065000 0.155237 0.023908 
-0.064500 0.155253 0.024670 
-0.064000 0.153830 0.025814 
-0.064000 0.155267 0.025304 
-0.064750 0.155964 0.024034 
-0.064000 0.156707 0.024921 
-0.064000 0.158145 0.024411 
-0.063500 0.156719 0.025556 
-0.063000 0.156732 0.026191 
-0.063500 0.158159 0.025173 
-0.063000 0.158171 0.025808 
-0.062500 0.150976 0.027469 
-0.063250 0.151690 0.027087 
-0.063750 0.153118 0.026323 
-0.063250 0.153138 0.027212 
-0.062750 0.151708 0.027849 
-0.062750 0.153153 0.027846 
-0.062000 0.151001 0.028484 
-0.061500 0.151025 0.029500 
-0.060750 0.150307 0.029628 
-0.061000 0.151044 0.030262 
-0.060250 0.150329 0.030517 
-0.061750 0.151741 0.029245 
-0.061750 0.153184 0.029243 
-0.061250 0.151762 0.030134 
-0.060750 0.151777 0.030768 
-0.061250 0.153199 0.029877 
-0.060750 0.153210 0.030385 
-0.063500 0.153847 0.026576 
-0.063000 0.153864 0.027338 
-0.063000 0.155296 0.026701 
-0.062500 0.153875 0.027845 
-0.062500 0.156744 0.026825 
-0.062250 0.157470 0.026951 
-0.062250 0.156034 0.027461 
-0.061750 0.154614 0.028606 
-0.062000 0.155322 0.027970 
-0.062000 0.158195 0.027077 
-0.061500 0.156770 0.028095 
-0.061250 0.157494 0.028221 
-0.061500 0.153906 0.029242 
-0.061500 0.155338 0.028732 
-0.061000 0.153920 0.029876 
-0.060500 0.153934 0.030511 
-0.060000 0.155373 0.030382 
-0.061250 0.156060 0.028730 
-0.060500 0.156795 0.029364 
-0.060250 0.157516 0.029363 
-0.060000 0.156807 0.029999 
-0.060000 0.158247 0.029869 
-0.059500 0.156817 0.030506 
-0.059500 0.158259 0.030504 
-0.065750 0.158830 0.021618 
-0.065250 0.158844 0.022379 
-0.065750 0.160303 0.021488 
-0.065250 0.160311 0.021996 
-0.064750 0.158855 0.023014 
-0.064750 0.160329 0.023011 
-0.064250 0.160341 0.023773 
-0.065250 0.161788 0.022120 
-0.065500 0.162519 0.021737 
-0.064750 0.161802 0.023008 
-0.065000 0.162534 0.022753 
-0.064500 0.161069 0.023263 
-0.064500 0.162548 0.023641 
-0.063750 0.158885 0.024664 
-0.063750 0.160352 0.024407 
-0.062750 0.158908 0.025933 
-0.062750 0.160378 0.025930 
-0.064000 0.161086 0.024279 
-0.064000 0.162561 0.024530 
-0.063000 0.161109 0.025675 
-0.063500 0.162575 0.025418 
-0.063000 0.162584 0.026053 
-0.065750 0.163254 0.021609 
-0.065500 0.163997 0.021988 
-0.065750 0.164731 0.021733 
-0.065500 0.165478 0.022493 
-0.065000 0.164013 0.023131 
-0.064750 0.164755 0.023510 
-0.065750 0.166213 0.022365 
-0.066250 0.167683 0.021981 
-0.065250 0.166224 0.023253 
-0.065750 0.167694 0.022997 
-0.065500 0.166959 0.023125 
-0.064000 0.164038 0.024907 
-0.064250 0.164771 0.024779 
-0.063500 0.164048 0.025669 
-0.063250 0.163317 0.025924 
-0.063750 0.164782 0.025541 
-0.064750 0.166235 0.024142 
-0.065000 0.166969 0.024013 
-0.064750 0.167719 0.025281 
-0.064500 0.165500 0.024270 
-0.064250 0.166250 0.025411 
-0.064000 0.166993 0.026044 
-0.062250 0.158922 0.026695 
-0.062250 0.160393 0.026819 
-0.062500 0.161123 0.026563 
-0.062500 0.162598 0.026941 
-0.061750 0.158934 0.027329 
-0.062000 0.159663 0.027074 
-0.061250 0.158948 0.028091 
-0.061500 0.159677 0.027836 
-0.062000 0.161136 0.027325 
-0.061500 0.161150 0.028213 
-0.062000 0.162611 0.027829 
-0.060250 0.158973 0.029487 
-0.060500 0.159703 0.029359 
-0.060250 0.160447 0.029992 
-0.059750 0.158987 0.030249 
-0.059500 0.159728 0.030755 
-0.061000 0.161160 0.028848 
-0.060500 0.161175 0.029736 
-0.061000 0.162638 0.029606 
-0.060000 0.161187 0.030498 
-0.060500 0.162650 0.030368 
-0.062750 0.163330 0.026813 
-0.063250 0.164793 0.026429 
-0.062500 0.164075 0.027573 
-0.062750 0.164809 0.027571 
-0.063500 0.165528 0.026427 
-0.063250 0.166273 0.027314 
-0.062500 0.165552 0.028331 
-0.061750 0.163354 0.028463 
-0.061500 0.164100 0.029349 
-0.061750 0.164829 0.029094 
-0.061000 0.164110 0.030111 
-0.060750 0.163380 0.030239 
-0.061250 0.164842 0.030109 
-0.060000 0.151081 0.031785 
-0.059250 0.150370 0.032167 
-0.058750 0.150389 0.032929 
-0.060250 0.151795 0.031530 
-0.060250 0.153227 0.031147 
-0.059750 0.153244 0.031908 
-0.059250 0.151831 0.033053 
-0.059250 0.153259 0.032543 
-0.057500 0.149686 0.033565 
-0.058250 0.150414 0.033944 
-0.058000 0.151155 0.034832 
-0.058750 0.151849 0.033815 
-0.058250 0.151864 0.034450 
-0.058250 0.153287 0.033813 
-0.057750 0.151885 0.035338 
-0.057500 0.152604 0.035337 
-0.060000 0.153948 0.031146 
-0.059500 0.153965 0.031907 
-0.059000 0.155402 0.031778 
-0.059000 0.153979 0.032542 
-0.058500 0.153993 0.033177 
-0.058000 0.155431 0.033174 
-0.059000 0.156833 0.031268 
-0.058500 0.156845 0.031903 
-0.058750 0.157555 0.031394 
-0.058500 0.158288 0.032027 
-0.058000 0.156858 0.032537 
-0.057750 0.157585 0.032917 
-0.058000 0.154009 0.033938 
-0.057500 0.155445 0.033809 
-0.057500 0.156875 0.033426 
-0.057500 0.158314 0.033423 
-0.058750 0.159012 0.031645 
-0.059250 0.160473 0.031515 
-0.057750 0.159037 0.033041 
-0.058000 0.159766 0.032913 
-0.060000 0.162661 0.031129 
-0.059500 0.161202 0.031386 
-0.059500 0.162675 0.032018 
-0.059000 0.161216 0.032275 
-0.058500 0.161227 0.032909 
-0.059000 0.162686 0.032779 
-0.057750 0.160509 0.033673 
-0.058000 0.161237 0.033544 
-0.058000 0.162707 0.034175 
-0.064250 0.167827 0.035179 
-0.060250 0.163395 0.031255 
-0.059750 0.163406 0.032016 
-0.059250 0.163420 0.033032 
-0.062750 0.166384 0.036452 
-0.063500 0.167105 0.035815 
-0.063000 0.167114 0.036577 
-0.062250 0.166392 0.037086 
-0.062500 0.167120 0.037085 
-0.060750 0.164949 0.038105 
-0.062000 0.165660 0.036834 
-0.061750 0.166399 0.037721 
-0.061500 0.167128 0.037846 
-0.060000 0.164223 0.038233 
-0.060250 0.164957 0.038739 
-0.059500 0.164237 0.039249 
-0.059750 0.164966 0.039374 
-0.058750 0.163516 0.039631 
-0.058250 0.163527 0.040393 
-0.059250 0.164973 0.039882 
-0.061000 0.165678 0.038230 
-0.060250 0.166415 0.038990 
-0.061000 0.167133 0.038227 
-0.060500 0.167137 0.038607 
-0.059750 0.166419 0.039371 
-0.059500 0.167144 0.039242 
-0.059000 0.165701 0.040007 
-0.058250 0.166430 0.040259 
-0.059000 0.167149 0.039623 
-0.058000 0.167155 0.040130 
-0.056500 0.149731 0.035342 
-0.055250 0.149009 0.035216 
-0.057250 0.150449 0.035341 
-0.057250 0.153319 0.035209 
-0.057250 0.154739 0.034445 
-0.057000 0.155455 0.034317 
-0.057000 0.154037 0.035208 
-0.056500 0.155471 0.035078 
-0.056000 0.155485 0.035713 
-0.057000 0.156885 0.033934 
-0.056750 0.157609 0.034186 
-0.056250 0.156190 0.035077 
-0.056000 0.156911 0.035203 
-0.056250 0.157622 0.034821 
-0.055750 0.157636 0.035582 
-0.055500 0.149760 0.036484 
-0.056750 0.150468 0.036102 
-0.055250 0.150509 0.037753 
-0.054250 0.149048 0.036740 
-0.054500 0.149782 0.037373 
-0.053250 0.149058 0.037120 
-0.056750 0.151915 0.036608 
-0.056500 0.152633 0.036607 
-0.056250 0.151930 0.037242 
-0.055750 0.151949 0.038004 
-0.056000 0.152651 0.037368 
-0.053000 0.149824 0.039023 
-0.054250 0.150543 0.039149 
-0.053250 0.150562 0.039911 
-0.055250 0.151964 0.038639 
-0.055000 0.152686 0.038891 
-0.054750 0.151979 0.039274 
-0.054500 0.152695 0.039272 
-0.054250 0.151997 0.040035 
-0.053500 0.151293 0.040544 
-0.054000 0.152715 0.040161 
-0.053750 0.153425 0.039906 
-0.051750 0.149108 0.039025 
-0.052000 0.149853 0.040166 
-0.051250 0.149127 0.039786 
-0.056500 0.154051 0.035842 
-0.056000 0.154065 0.036477 
-0.056250 0.154769 0.035841 
-0.055500 0.155495 0.036221 
-0.055500 0.154079 0.037112 
-0.054500 0.155522 0.037490 
-0.055250 0.156213 0.036220 
-0.055250 0.157653 0.036471 
-0.054750 0.157663 0.036979 
-0.054250 0.156241 0.037616 
-0.054250 0.157676 0.037613 
-0.054000 0.154118 0.038889 
-0.054000 0.155538 0.038252 
-0.053500 0.155546 0.038633 
-0.053000 0.154146 0.040158 
-0.053000 0.155562 0.039394 
-0.053250 0.156265 0.038758 
-0.053250 0.157700 0.038883 
-0.052750 0.156280 0.039520 
-0.052750 0.157720 0.039898 
-0.052000 0.155583 0.040410 
-0.052250 0.156296 0.040281 
-0.052250 0.157727 0.040279 
-0.056750 0.159063 0.034437 
-0.057000 0.159795 0.034562 
-0.056250 0.159076 0.035199 
-0.056000 0.158352 0.035454 
-0.056500 0.159803 0.035070 
-0.057000 0.161268 0.035448 
-0.057250 0.161997 0.035446 
-0.055750 0.159093 0.036087 
-0.056250 0.160552 0.036211 
-0.055750 0.160561 0.036719 
-0.055250 0.160576 0.037607 
-0.054750 0.159125 0.037864 
-0.056500 0.161279 0.036082 
-0.054250 0.159132 0.038245 
-0.053500 0.158414 0.038754 
-0.054500 0.159861 0.038370 
-0.056750 0.167882 0.040256 
-0.045750 0.167885 0.040509 
-0.072500 0.177278 0.025769 
-0.068500 0.171433 0.030096 
-0.068750 0.172170 0.030728 
-0.071750 0.176547 0.026786 
-0.070250 0.173619 0.028314 
-0.070500 0.174354 0.028567 
-0.071500 0.175814 0.027168 
-0.071500 0.177281 0.026911 
-0.071000 0.175816 0.027675 
-0.070500 0.175818 0.028183 
-0.070750 0.176550 0.027801 
-0.070250 0.176552 0.028182 
-0.068500 0.177285 0.028053 
-0.067500 0.177284 0.027926 
-0.069750 0.173627 0.029583 
-0.070000 0.174357 0.029201 
-0.068750 0.173633 0.030598 
-0.068500 0.174364 0.030470 
-0.067500 0.174367 0.030978 
-0.070000 0.175821 0.028817 
-0.069000 0.175823 0.029325 
-0.067500 0.175825 0.029706 
-0.068750 0.176554 0.028816 
-0.067750 0.176555 0.028943 
-0.068750 0.175094 0.029961 
-0.067750 0.175095 0.030342 
-0.066500 0.168420 0.021980 
-0.066750 0.169154 0.021598 
-0.066000 0.168428 0.022741 
-0.066500 0.177284 0.027799 
-0.065000 0.177284 0.027672 
-0.064000 0.177282 0.027038 
-0.062250 0.176549 0.027420 
-0.063750 0.176553 0.028562 
-0.062750 0.176552 0.028308 
-0.066500 0.175825 0.029706 
-0.065000 0.175824 0.029579 
-0.066250 0.176554 0.028689 
-0.065250 0.176554 0.028816 
-0.066250 0.175097 0.030595 
-0.065250 0.175097 0.030595 
-0.064000 0.175824 0.029579 
-0.062500 0.175823 0.029325 
-0.063750 0.175097 0.030595 
-0.062750 0.175096 0.030468 
-0.061000 0.175819 0.028437 
-0.061500 0.175823 0.029198 
-0.061750 0.175096 0.030468 
-0.060250 0.175094 0.030088 
-0.073250 0.179480 0.023608 
-0.073500 0.180215 0.022211 
-0.072250 0.180952 0.022336 
-0.073000 0.180215 0.022972 
-0.072500 0.180216 0.023733 
-0.073250 0.178008 0.023991 
-0.073000 0.178745 0.024371 
-0.072250 0.179481 0.024750 
-0.072250 0.178013 0.025768 
-0.072000 0.178747 0.025512 
-0.067250 0.179478 0.022593 
-0.069750 0.180952 0.022590 
-0.071250 0.180952 0.022717 
-0.070250 0.180952 0.022844 
-0.069250 0.180952 0.021956 
-0.068500 0.180215 0.023226 
-0.071250 0.179482 0.025257 
-0.069750 0.179481 0.025130 
-0.068250 0.179481 0.024750 
-0.067750 0.179481 0.024369 
-0.068750 0.179481 0.025130 
-0.067500 0.178748 0.026147 
-0.071000 0.180216 0.024241 
-0.070000 0.180216 0.023987 
-0.069000 0.180216 0.024114 
-0.071750 0.178014 0.026275 
-0.071250 0.178015 0.026783 
-0.069750 0.178016 0.027163 
-0.070500 0.178748 0.026274 
-0.068750 0.178016 0.027036 
-0.067750 0.178016 0.027036 
-0.068000 0.178748 0.026274 
-0.066500 0.178747 0.025639 
-0.066250 0.178015 0.026910 
-0.065250 0.178014 0.026275 
-0.067000 0.169984 0.031875 
-0.067750 0.170709 0.031112 
-0.068250 0.172174 0.031363 
-0.067750 0.172178 0.031870 
-0.067250 0.170720 0.032381 
-0.067250 0.172181 0.032251 
-0.067500 0.172909 0.031869 
-0.067000 0.174368 0.031231 
-0.066250 0.169263 0.032892 
-0.066750 0.170725 0.033016 
-0.066250 0.172186 0.033012 
-0.065500 0.168540 0.033655 
-0.066000 0.170001 0.033652 
-0.065500 0.170005 0.034159 
-0.065000 0.168551 0.034670 
-0.064750 0.169283 0.034922 
-0.064000 0.168561 0.035685 
-0.064000 0.170017 0.035428 
-0.066250 0.170730 0.033523 
-0.065250 0.170736 0.034285 
-0.064750 0.172192 0.033774 
-0.064750 0.170739 0.034665 
-0.064500 0.171467 0.034410 
-0.063750 0.172194 0.034028 
-0.062750 0.172197 0.034408 
-0.063750 0.170745 0.035300 
-0.062750 0.170748 0.035680 
-0.061750 0.172199 0.034789 
-0.060250 0.172202 0.035170 
-0.059250 0.172202 0.035170 
-0.057750 0.172204 0.035423 
-0.066750 0.173640 0.031867 
-0.066500 0.174369 0.031358 
-0.065000 0.174370 0.031612 
-0.066500 0.172914 0.032503 
-0.065000 0.172918 0.033138 
-0.064000 0.174370 0.031612 
-0.062500 0.174369 0.031358 
-0.063750 0.173645 0.032629 
-0.062750 0.173645 0.032629 
-0.063500 0.172920 0.033519 
-0.062500 0.172922 0.033772 
-0.061500 0.174370 0.031485 
-0.060500 0.174370 0.031612 
-0.061750 0.173645 0.032629 
-0.060250 0.173645 0.032629 
-0.059000 0.174372 0.031866 
-0.058500 0.174369 0.031358 
-0.059250 0.173647 0.033009 
-0.057750 0.173647 0.032882 
-0.061500 0.172922 0.033772 
-0.060500 0.172923 0.033899 
-0.059000 0.172924 0.034026 
-0.058000 0.172924 0.034026 
-0.063500 0.168567 0.036193 
-0.063000 0.168569 0.036447 
-0.063750 0.169291 0.035811 
-0.062750 0.169298 0.036445 
-0.062250 0.170750 0.035934 
-0.061500 0.170028 0.036697 
-0.061500 0.168581 0.037589 
-0.060500 0.168586 0.038096 
-0.061250 0.169306 0.037333 
-0.060250 0.169310 0.037714 
-0.059000 0.170038 0.037712 
-0.058500 0.170040 0.037966 
-0.061250 0.170753 0.036315 
-0.060250 0.170757 0.036696 
-0.061000 0.171478 0.035806 
-0.060000 0.171480 0.036060 
-0.059250 0.170759 0.036950 
-0.059000 0.171482 0.036313 
-0.058000 0.171484 0.036567 
-0.058750 0.170760 0.037076 
-0.057750 0.170763 0.037457 
-0.060000 0.168589 0.038350 
-0.059000 0.168594 0.038858 
-0.058000 0.168598 0.039239 
-0.058750 0.169317 0.038476 
-0.057750 0.169321 0.038856 
-0.057500 0.168601 0.039492 
-0.056750 0.172204 0.035423 
-0.055750 0.172205 0.035550 
-0.054250 0.172205 0.035550 
-0.053250 0.172205 0.035550 
-0.056750 0.173641 0.031994 
-0.057250 0.173645 0.032629 
-0.057000 0.172925 0.034280 
-0.055500 0.172925 0.034280 
-0.054500 0.172921 0.033645 
-0.057000 0.171484 0.036567 
-0.055500 0.171485 0.036694 
-0.056750 0.170765 0.037711 
-0.055750 0.170766 0.037838 
-0.054500 0.171484 0.036567 
-0.053500 0.171486 0.036821 
-0.054750 0.170765 0.037711 
-0.053250 0.170767 0.037965 
-0.056500 0.170046 0.038601 
-0.055500 0.170048 0.038855 
-0.056500 0.168606 0.040000 
-0.055500 0.168610 0.040381 
-0.056250 0.169327 0.039491 
-0.055250 0.169330 0.039745 
-0.054500 0.170048 0.038855 
-0.053000 0.170049 0.038982 
-0.054250 0.169332 0.039998 
-0.053250 0.169332 0.039998 
-0.052000 0.171485 0.036694 
-0.051750 0.170769 0.038091 
-0.050750 0.170769 0.038091 
-0.052000 0.170050 0.039108 
-0.051000 0.170052 0.039235 
-0.051750 0.169333 0.040125 
-0.050750 0.169335 0.040252 
-0.049500 0.170052 0.039235 
-0.049750 0.169333 0.040125 
-0.048250 0.169330 0.039745 
-0.003250 0.167500 0.004506 
-0.002000 0.166741 0.002482 
-0.001250 0.166002 0.004104 
-0.001000 0.165265 0.005590 
-0.002000 0.165276 0.006630 
-0.000750 0.164528 0.006504 
-0.003750 0.167506 0.005451 
-0.003000 0.166758 0.005318 
-0.002750 0.166027 0.007009 
-0.004250 0.167519 0.007007 
-0.003500 0.166767 0.006500 
-0.001750 0.166007 0.004779 
-0.000750 0.163076 0.009298 
-0.001750 0.163096 0.010695 
-0.000500 0.162350 0.010569 
-0.001000 0.162361 0.011330 
-0.005250 0.167542 0.009037 
-0.005750 0.167558 0.010560 
-0.005500 0.166823 0.011323 
-0.002500 0.165291 0.007772 
-0.003000 0.165302 0.008660 
-0.000500 0.163796 0.007520 
-0.001750 0.164538 0.007265 
-0.001500 0.163812 0.008663 
-0.002250 0.164557 0.008661 
-0.003250 0.166036 0.007771 
-0.004000 0.166781 0.007642 
-0.003750 0.166046 0.008532 
-0.004500 0.166794 0.008785 
-0.004000 0.165328 0.010691 
-0.003500 0.165323 0.010310 
-0.003000 0.163854 0.011708 
-0.003750 0.164592 0.011327 
-0.003250 0.164589 0.011073 
-0.002000 0.163826 0.009678 
-0.004250 0.166061 0.009801 
-0.004750 0.166076 0.011070 
-0.001500 0.158081 0.020985 
-0.000750 0.161638 0.012601 
-0.002000 0.162394 0.013488 
-0.003000 0.162417 0.015011 
-0.001250 0.161682 0.015393 
-0.001750 0.161692 0.016028 
-0.000500 0.160947 0.015775 
-0.005500 0.165371 0.014117 
-0.005250 0.166090 0.012212 
-0.006750 0.167585 0.012971 
-0.005750 0.166102 0.013228 
-0.006500 0.166849 0.013607 
-0.006000 0.165381 0.014879 
-0.005250 0.164645 0.015261 
-0.007250 0.167604 0.014748 
-0.007500 0.166876 0.015891 
-0.006250 0.166116 0.014370 
-0.007000 0.166867 0.015130 
-0.006750 0.166132 0.015639 
-0.003500 0.163868 0.012724 
-0.004250 0.164614 0.012976 
-0.004000 0.163888 0.014120 
-0.002750 0.163135 0.013360 
-0.004750 0.164626 0.013865 
-0.002250 0.163120 0.012344 
-0.004500 0.163895 0.014628 
-0.005000 0.162500 0.020468 
-0.000500 0.159505 0.018062 
-0.000750 0.160247 0.018188 
-0.002750 0.161722 0.017931 
-0.004000 0.162469 0.018438 
-0.003500 0.162463 0.018057 
-0.001500 0.160966 0.016917 
-0.001250 0.160277 0.019965 
-0.001000 0.159539 0.019966 
-0.001250 0.158823 0.021237 
-0.003750 0.161758 0.020216 
-0.002500 0.161011 0.019710 
-0.003000 0.161024 0.020471 
-0.002000 0.161003 0.019202 
-0.005500 0.163935 0.017546 
-0.006250 0.164675 0.017545 
-0.005750 0.164665 0.016784 
-0.006000 0.163955 0.018943 
-0.005250 0.163216 0.018944 
-0.006750 0.164694 0.018941 
-0.007750 0.166158 0.017796 
-0.007250 0.164707 0.019956 
-0.007750 0.164726 0.021352 
-0.005750 0.163229 0.019832 
-0.006500 0.163976 0.020466 
-0.004250 0.163184 0.016786 
-0.004750 0.163203 0.018056 
-0.005000 0.169742 0.004232 
-0.005500 0.171235 0.002879 
-0.005750 0.171984 0.002878 
-0.006000 0.171239 0.004635 
-0.005250 0.170488 0.003556 
-0.006250 0.171986 0.004229 
-0.005250 0.169008 0.006624 
-0.005500 0.169750 0.006115 
-0.005750 0.170494 0.005311 
-0.006750 0.171989 0.005849 
-0.006500 0.171244 0.006239 
-0.003750 0.168987 0.002478 
-0.003500 0.168242 0.003290 
-0.004500 0.169737 0.002612 
-0.004250 0.168994 0.004099 
-0.004750 0.169000 0.005449 
-0.004500 0.168257 0.006117 
-0.006000 0.172732 0.002742 
-0.006750 0.173481 0.003821 
-0.005000 0.168268 0.007259 
-0.006000 0.169763 0.007511 
-0.006250 0.169032 0.009035 
-0.005500 0.168280 0.008401 
-0.006500 0.169772 0.008526 
-0.007000 0.171256 0.007762 
-0.007250 0.169055 0.011446 
-0.006000 0.168296 0.009924 
-0.007000 0.169787 0.010176 
-0.006500 0.168309 0.011193 
-0.007250 0.170526 0.009540 
-0.010750 0.185434 0.005692 
-0.009750 0.186932 0.005284 
-0.011000 0.184683 0.006471 
-0.010000 0.186177 0.006215 
-0.011250 0.183935 0.007361 
-0.011000 0.183185 0.009392 
-0.010250 0.185426 0.007485 
-0.009750 0.185420 0.009261 
-0.010750 0.183929 0.009644 
-0.011250 0.182439 0.010788 
-0.010500 0.183181 0.011802 
-0.010250 0.183925 0.011293 
-0.010000 0.184671 0.010658 
-0.008750 0.186921 0.006848 
-0.009500 0.186172 0.007611 
-0.007750 0.186918 0.007482 
-0.009000 0.186167 0.008752 
-0.007500 0.186165 0.009260 
-0.007000 0.186165 0.009260 
-0.009250 0.185416 0.010276 
-0.008000 0.186164 0.009513 
-0.008750 0.185414 0.010910 
-0.007750 0.185414 0.010910 
-0.006750 0.185415 0.010657 
-0.007500 0.168336 0.013858 
-0.007000 0.168319 0.012208 
-0.011750 0.180951 0.016246 
-0.011000 0.181692 0.015738 
-0.010500 0.181692 0.016626 
-0.010750 0.182437 0.012438 
-0.009750 0.183923 0.012308 
-0.010000 0.183178 0.013578 
-0.010250 0.182434 0.015229 
-0.009750 0.182433 0.015736 
-0.012000 0.180212 0.017897 
-0.011250 0.180952 0.017642 
-0.010000 0.181692 0.017006 
-0.011500 0.180212 0.018658 
-0.010250 0.180952 0.018530 
-0.012750 0.179474 0.019548 
-0.013000 0.178738 0.020691 
-0.011250 0.179476 0.020563 
-0.010250 0.179476 0.021070 
-0.011000 0.180213 0.019166 
-0.010000 0.180213 0.019800 
-0.009250 0.183922 0.012943 
-0.008750 0.183921 0.013196 
-0.007750 0.183920 0.013704 
-0.006250 0.183921 0.013069 
-0.006750 0.183920 0.013450 
-0.008500 0.184667 0.012053 
-0.008000 0.184665 0.012561 
-0.006500 0.184666 0.012180 
-0.009000 0.183176 0.014720 
-0.008000 0.183175 0.015101 
-0.009250 0.182433 0.015863 
-0.007250 0.182432 0.016497 
-0.006500 0.183176 0.014847 
-0.006750 0.182433 0.015736 
-0.009000 0.181691 0.017768 
-0.007500 0.181691 0.017641 
-0.008750 0.180952 0.018911 
-0.007250 0.180952 0.018530 
-0.008500 0.181691 0.017894 
-0.006250 0.180952 0.017642 
-0.007000 0.181691 0.017387 
-0.006750 0.180952 0.018276 
-0.009250 0.179476 0.021197 
-0.007750 0.179477 0.021324 
-0.006750 0.179476 0.020563 
-0.009000 0.180213 0.020054 
-0.007500 0.180213 0.020054 
-0.008500 0.180214 0.020308 
-0.007000 0.180213 0.019546 
-0.007750 0.182432 0.016751 
-0.020000 0.167079 0.033531 
-0.019250 0.167828 0.035306 
-0.021000 0.164220 0.037980 
-0.019500 0.167114 0.036577 
-0.019750 0.166398 0.037594 
-0.020250 0.164964 0.039247 
-0.020500 0.164250 0.040137 
-0.019750 0.164974 0.040009 
-0.019500 0.165689 0.039118 
-0.003000 0.156669 0.023017 
-0.002000 0.158112 0.022635 
-0.003500 0.156694 0.024287 
-0.002750 0.157413 0.024032 
-0.004250 0.156001 0.025811 
-0.003250 0.157445 0.025682 
-0.005000 0.155293 0.026574 
-0.005500 0.155325 0.028097 
-0.006000 0.155362 0.029874 
-0.005000 0.156787 0.028983 
-0.005750 0.156094 0.030381 
-0.004000 0.156742 0.026698 
-0.003750 0.157475 0.027205 
-0.003000 0.158183 0.026442 
-0.004500 0.156762 0.027714 
-0.004250 0.157497 0.028347 
-0.003500 0.158202 0.027458 
-0.004000 0.158233 0.029108 
-0.004750 0.157538 0.030505 
-0.006000 0.162529 0.022372 
-0.005500 0.162517 0.021611 
-0.005250 0.161804 0.023135 
-0.006500 0.162544 0.023387 
-0.008000 0.162580 0.025799 
-0.006250 0.161828 0.024658 
-0.005500 0.161094 0.024786 
-0.007000 0.162561 0.024530 
-0.006000 0.161109 0.025675 
-0.001750 0.160316 0.022249 
-0.001750 0.158853 0.022887 
-0.002250 0.160329 0.023011 
-0.004000 0.161057 0.022502 
-0.003500 0.161046 0.021867 
-0.004500 0.161073 0.023517 
-0.002750 0.160354 0.024534 
-0.004250 0.160380 0.026057 
-0.002500 0.159628 0.025043 
-0.002250 0.158883 0.024537 
-0.007500 0.163999 0.022115 
-0.008000 0.164013 0.023131 
-0.006750 0.163264 0.022244 
-0.007750 0.163293 0.024274 
-0.008250 0.163304 0.025036 
-0.005250 0.160393 0.026819 
-0.006250 0.160415 0.028088 
-0.005750 0.160404 0.027453 
-0.007750 0.161859 0.026689 
-0.007500 0.161156 0.028594 
-0.008500 0.162607 0.027576 
-0.006500 0.161119 0.026309 
-0.007000 0.161138 0.027452 
-0.007250 0.160455 0.030499 
-0.006750 0.160447 0.029992 
-0.005500 0.159723 0.030501 
-0.008500 0.161189 0.030625 
-0.008000 0.161181 0.030117 
-0.003250 0.158934 0.027329 
-0.004750 0.160395 0.026946 
-0.003000 0.159652 0.026439 
-0.003750 0.158957 0.028599 
-0.004500 0.159697 0.028978 
-0.004250 0.158982 0.029995 
-0.006500 0.155418 0.032540 
-0.005500 0.156840 0.031649 
-0.005250 0.157570 0.032155 
-0.005500 0.158309 0.033170 
-0.006250 0.156156 0.033427 
-0.006000 0.158321 0.033804 
-0.005750 0.157607 0.034059 
-0.006500 0.156918 0.035584 
-0.006250 0.157622 0.034821 
-0.007000 0.155506 0.036729 
-0.007750 0.157661 0.036852 
-0.007500 0.156958 0.037614 
-0.008750 0.157673 0.037486 
-0.008250 0.157666 0.037106 
-0.006750 0.156218 0.036473 
-0.007500 0.155540 0.038379 
-0.009000 0.155570 0.039775 
-0.009000 0.156986 0.039011 
-0.007750 0.156262 0.038631 
-0.009250 0.156283 0.039647 
-0.010000 0.162795 0.040013 
-0.018750 0.167844 0.036702 
-0.019000 0.167125 0.037592 
-0.017750 0.167856 0.037844 
-0.018750 0.166415 0.038990 
-0.018000 0.167136 0.038481 
-0.017500 0.167140 0.038861 
-0.018500 0.165702 0.040134 
-0.017250 0.166425 0.039878 
-0.016250 0.167864 0.038606 
-0.014750 0.167867 0.038860 
-0.016250 0.166432 0.040386 
-0.016000 0.167149 0.039623 
-0.015000 0.167152 0.039876 
-0.009750 0.167839 0.036321 
-0.009750 0.166398 0.037594 
-0.011250 0.167856 0.037844 
-0.010000 0.167121 0.037212 
-0.009750 0.163511 0.039250 
-0.010250 0.164963 0.039120 
-0.011000 0.164255 0.040518 
-0.010250 0.163522 0.040012 
-0.011250 0.164979 0.040389 
-0.010750 0.164971 0.039755 
-0.013750 0.167870 0.039113 
-0.012500 0.167146 0.039369 
-0.013250 0.166433 0.040513 
-0.012250 0.166427 0.040005 
-0.013500 0.167150 0.039750 
-0.013000 0.167149 0.039623 
-0.011250 0.166416 0.039117 
-0.010500 0.165688 0.038991 
-0.011500 0.167139 0.038734 
-0.011500 0.165702 0.040134 
-0.008250 0.160475 0.031642 
-0.008750 0.160488 0.032403 
-0.008000 0.159761 0.032659 
-0.005250 0.159019 0.032026 
-0.006500 0.159743 0.031643 
-0.006250 0.159033 0.032787 
-0.005750 0.159033 0.032787 
-0.007750 0.159049 0.033676 
-0.009000 0.159779 0.033674 
-0.009250 0.159074 0.035072 
-0.007500 0.158345 0.035074 
-0.006750 0.159044 0.033422 
-0.007000 0.158345 0.035074 
-0.007750 0.167812 0.033783 
-0.008250 0.166372 0.035436 
-0.008500 0.167099 0.035308 
-0.008000 0.167096 0.035054 
-0.009000 0.158369 0.036343 
-0.009000 0.162784 0.039252 
-0.009000 0.161343 0.040017 
-0.009250 0.162067 0.039888 
-0.008500 0.164202 0.036710 
-0.008750 0.164930 0.036709 
-0.008250 0.164922 0.036074 
-0.008750 0.163492 0.037981 
-0.009250 0.164942 0.037597 
-0.008750 0.166378 0.035944 
-0.009500 0.167114 0.036577 
-0.009500 0.165672 0.037722 
-0.009250 0.163502 0.038616 
-0.016500 0.174339 0.025902 
-0.015500 0.175801 0.024250 
-0.014750 0.176537 0.024121 
-0.015750 0.175074 0.026027 
-0.015000 0.175807 0.025518 
-0.014000 0.177271 0.023485 
-0.013750 0.176540 0.024882 
-0.012500 0.177273 0.024373 
-0.013250 0.176541 0.025390 
-0.012750 0.176543 0.025898 
-0.011000 0.177275 0.024881 
-0.010000 0.177275 0.024881 
-0.011250 0.176544 0.026024 
-0.009750 0.176544 0.026024 
-0.019000 0.169968 0.030099 
-0.017750 0.172156 0.028825 
-0.018000 0.171437 0.030603 
-0.017250 0.172168 0.030475 
-0.017500 0.172880 0.027428 
-0.016000 0.174347 0.027425 
-0.015500 0.174352 0.028313 
-0.015250 0.175079 0.026916 
-0.017000 0.172889 0.028824 
-0.016250 0.173623 0.028949 
-0.014500 0.174356 0.029074 
-0.016000 0.172902 0.030727 
-0.014750 0.173630 0.030218 
-0.013500 0.175813 0.026914 
-0.012500 0.175814 0.027295 
-0.013750 0.175084 0.028058 
-0.012750 0.175086 0.028438 
-0.011500 0.175814 0.027168 
-0.010000 0.175813 0.027041 
-0.010250 0.176545 0.026278 
-0.011250 0.175085 0.028311 
-0.010250 0.175085 0.028184 
-0.014000 0.174358 0.029328 
-0.012500 0.174359 0.029582 
-0.013750 0.173633 0.030598 
-0.012750 0.173634 0.030725 
-0.011000 0.174358 0.029328 
-0.010000 0.174356 0.029074 
-0.011250 0.173632 0.030472 
-0.010250 0.173630 0.030091 
-0.007000 0.177271 0.023612 
-0.009000 0.177275 0.024754 
-0.008000 0.177273 0.024247 
-0.007500 0.175807 0.025645 
-0.008750 0.176542 0.025644 
-0.008250 0.176541 0.025390 
-0.006750 0.176537 0.024248 
-0.007000 0.175806 0.025392 
-0.007500 0.171438 0.030730 
-0.007750 0.172165 0.030094 
-0.007500 0.174347 0.027425 
-0.007750 0.173620 0.028441 
-0.009000 0.174353 0.028440 
-0.008000 0.174350 0.027932 
-0.007000 0.174346 0.027171 
-0.009000 0.175811 0.026533 
-0.007750 0.175078 0.026789 
-0.009250 0.175082 0.027677 
-0.008750 0.173625 0.029329 
-0.007500 0.172891 0.029077 
-0.009500 0.174355 0.028820 
-0.009000 0.172900 0.030473 
-0.007000 0.172889 0.028824 
-0.013250 0.178004 0.022469 
-0.012750 0.178005 0.022596 
-0.012500 0.178739 0.021452 
-0.012250 0.178005 0.022850 
-0.011500 0.178740 0.021960 
-0.010000 0.178741 0.022467 
-0.011250 0.178007 0.023357 
-0.010250 0.178008 0.023738 
-0.008750 0.179477 0.021451 
-0.007500 0.178741 0.022087 
-0.008750 0.178007 0.023611 
-0.007750 0.178006 0.023103 
-0.006750 0.178003 0.022088 
-0.007000 0.178740 0.021579 
-0.018500 0.169994 0.032890 
-0.018250 0.170715 0.031747 
-0.017500 0.171445 0.031618 
-0.016750 0.172174 0.031363 
-0.017750 0.170722 0.032635 
-0.016250 0.172177 0.031744 
-0.016500 0.171455 0.032887 
-0.015750 0.172181 0.032251 
-0.014750 0.172185 0.032759 
-0.018750 0.169272 0.033780 
-0.017500 0.170009 0.034540 
-0.018500 0.168561 0.035685 
-0.018250 0.169282 0.034796 
-0.017000 0.170011 0.034794 
-0.016500 0.170016 0.035301 
-0.017250 0.170730 0.033523 
-0.016250 0.170736 0.034285 
-0.015000 0.171462 0.033776 
-0.014750 0.170742 0.034919 
-0.013750 0.172185 0.032886 
-0.012750 0.172186 0.033012 
-0.009750 0.172178 0.031870 
-0.011000 0.171459 0.033395 
-0.010000 0.171455 0.032887 
-0.011250 0.172183 0.032505 
-0.010750 0.172183 0.032505 
-0.012000 0.170019 0.035682 
-0.010000 0.170009 0.034540 
-0.011500 0.170017 0.035428 
-0.010250 0.169289 0.035557 
-0.013500 0.171463 0.033902 
-0.012500 0.171462 0.033776 
-0.013750 0.170743 0.035046 
-0.012750 0.170743 0.035046 
-0.011250 0.170738 0.034538 
-0.010250 0.170733 0.033904 
-0.011750 0.170739 0.034665 
-0.015000 0.172906 0.031361 
-0.013500 0.172908 0.031742 
-0.012500 0.172908 0.031615 
-0.011500 0.172908 0.031615 
-0.010500 0.172905 0.031234 
-0.018000 0.168568 0.036320 
-0.017500 0.168573 0.036828 
-0.017250 0.169293 0.035937 
-0.017000 0.168578 0.037335 
-0.016250 0.169300 0.036699 
-0.015000 0.170023 0.036063 
-0.016000 0.168584 0.037843 
-0.015000 0.168585 0.037970 
-0.014750 0.169304 0.037080 
-0.013500 0.170023 0.036063 
-0.012250 0.169300 0.036699 
-0.013500 0.168586 0.038096 
-0.012500 0.168582 0.037716 
-0.013750 0.169304 0.037080 
-0.011000 0.168574 0.036954 
-0.010000 0.168565 0.036066 
-0.011250 0.169296 0.036318 
-0.010750 0.169293 0.035937 
-0.011500 0.168577 0.037208 
-0.014000 0.168588 0.038223 
-0.007500 0.169987 0.032129 
-0.008500 0.169995 0.033017 
-0.007750 0.169264 0.033019 
-0.008500 0.171445 0.031618 
-0.007750 0.170714 0.031620 
-0.009250 0.172175 0.031490 
-0.008750 0.170722 0.032635 
-0.008500 0.168546 0.034162 
-0.008000 0.168540 0.033655 
-0.008750 0.169273 0.033907 
-0.009000 0.168552 0.034797 
0.038000 0.128905 0.017850 
0.035000 0.128978 0.019628 
0.034500 0.129040 0.021152 
0.036500 0.128967 0.019374 
0.037500 0.128967 0.019374 
0.036750 0.128319 0.021280 
0.037750 0.128293 0.020645 
0.030750 0.130925 0.013656 
0.009000 0.126539 0.030555 
0.015750 0.128487 0.025344 
0.017250 0.128518 0.026106 
0.014000 0.127885 0.028266 
0.010750 0.127190 0.028902 
0.011250 0.127222 0.029664 
0.010000 0.126550 0.030809 
0.013000 0.126550 0.030809 
0.013750 0.127249 0.030299 
0.015000 0.127859 0.027631 
0.016000 0.127891 0.028393 
0.017750 0.128550 0.026868 
0.018750 0.128555 0.026995 
0.017000 0.127891 0.028393 
0.014500 0.127912 0.028901 
0.014750 0.127260 0.030553 
0.015750 0.127271 0.030808 
0.017500 0.127917 0.029028 
0.018500 0.127944 0.029663 
0.017750 0.127276 0.030934 
0.008750 0.124603 0.035639 
0.007750 0.125851 0.031318 
0.008750 0.125868 0.031699 
0.007500 0.125192 0.032716 
0.009250 0.125895 0.032334 
0.009000 0.125265 0.034367 
0.009250 0.124637 0.036401 
0.014250 0.124603 0.035639 
0.014750 0.124603 0.035639 
0.016250 0.124597 0.035512 
0.017250 0.124603 0.035639 
0.018250 0.124603 0.035639 
0.010500 0.126572 0.031317 
0.011500 0.126561 0.031063 
0.010250 0.125918 0.032842 
0.011250 0.125929 0.033096 
0.012500 0.126577 0.031444 
0.014000 0.126588 0.031698 
0.012750 0.125940 0.033350 
0.011500 0.125265 0.034367 
0.010500 0.125299 0.035129 
0.012000 0.125271 0.034494 
0.013750 0.125945 0.033477 
0.012500 0.125276 0.034621 
0.014000 0.125287 0.034875 
0.014500 0.126588 0.031698 
0.015250 0.125940 0.033350 
0.015500 0.126610 0.032206 
0.016500 0.126615 0.032333 
0.017000 0.126615 0.032333 
0.018500 0.126615 0.032333 
0.016250 0.127282 0.031062 
0.017250 0.127282 0.031062 
0.018250 0.127287 0.031188 
0.014750 0.125962 0.033858 
0.016250 0.125956 0.033731 
0.015000 0.125287 0.034875 
0.016000 0.125282 0.034748 
0.017250 0.125956 0.033731 
0.018250 0.125962 0.033858 
0.017000 0.125287 0.034875 
0.018500 0.125293 0.035002 
0.010250 0.124648 0.036655 
0.011250 0.124654 0.036782 
0.010000 0.123965 0.037418 
0.011500 0.123971 0.037545 
0.012750 0.124631 0.036274 
0.013750 0.124614 0.035893 
0.012500 0.123965 0.037418 
0.013500 0.123965 0.037418 
0.011750 0.123312 0.038816 
0.010250 0.123358 0.039832 
0.011250 0.123370 0.040087 
0.012250 0.123300 0.038562 
0.013750 0.123300 0.038562 
0.013000 0.122648 0.039961 
0.013500 0.122642 0.039834 
0.015500 0.123931 0.036656 
0.016000 0.123925 0.036529 
0.014750 0.123277 0.038054 
0.016250 0.123259 0.037673 
0.015000 0.123954 0.037164 
0.017500 0.123919 0.036402 
0.018500 0.123925 0.036529 
0.017250 0.123248 0.037419 
0.018250 0.123254 0.037546 
0.015750 0.123283 0.038181 
0.015000 0.122648 0.039961 
0.016000 0.122636 0.039707 
0.018500 0.122619 0.039326 
0.017000 0.122642 0.039834 
0.020500 0.129180 0.024581 
0.021000 0.129205 0.025216 
0.022500 0.129190 0.024835 
0.022000 0.129205 0.025216 
0.023500 0.129211 0.025343 
0.024500 0.129117 0.023057 
0.025000 0.129169 0.024327 
0.025500 0.129190 0.024835 
0.026000 0.129216 0.025470 
0.028500 0.129180 0.024581 
0.027000 0.129221 0.025597 
0.027500 0.129226 0.025724 
0.019750 0.128597 0.028011 
0.020750 0.128581 0.027630 
0.022250 0.128586 0.027757 
0.023250 0.128586 0.027757 
0.020000 0.127933 0.029409 
0.021000 0.127922 0.029155 
0.022000 0.127922 0.029155 
0.023000 0.127960 0.030044 
0.024250 0.128602 0.028138 
0.025750 0.128602 0.028138 
0.026750 0.128602 0.028138 
0.028250 0.128586 0.027757 
0.027250 0.127255 0.030427 
0.028250 0.127255 0.030427 
0.024500 0.127949 0.029790 
0.025500 0.127933 0.029409 
0.025000 0.127954 0.029917 
0.026250 0.127271 0.030808 
0.027000 0.127928 0.029282 
0.028000 0.127922 0.029155 
0.026750 0.127271 0.030808 
0.027750 0.127260 0.030553 
0.031000 0.129138 0.023565 
0.032000 0.129107 0.022803 
0.033000 0.129112 0.022930 
0.029500 0.129185 0.024708 
0.029000 0.129216 0.025470 
0.030500 0.129205 0.025216 
0.031500 0.129169 0.024327 
0.032750 0.128466 0.024836 
0.031750 0.128518 0.026106 
0.037750 0.126975 0.023822 
0.034000 0.129055 0.021533 
0.034250 0.128424 0.023820 
0.035250 0.128398 0.023185 
0.036250 0.128350 0.022042 
0.037500 0.127630 0.022170 
0.036500 0.127689 0.023567 
0.035250 0.127072 0.026108 
0.036750 0.127018 0.024838 
0.037250 0.126996 0.024330 
0.037000 0.126326 0.025601 
0.037500 0.126332 0.025728 
0.033750 0.128434 0.024074 
0.035500 0.127726 0.024456 
0.034000 0.127790 0.025980 
0.036000 0.127715 0.024202 
0.035750 0.124382 0.030685 
0.038000 0.123592 0.029162 
0.036750 0.124342 0.029796 
0.037750 0.124308 0.029034 
0.037500 0.123650 0.030432 
0.036250 0.124371 0.030431 
0.032250 0.127174 0.028521 
0.032750 0.127168 0.028394 
0.029250 0.128571 0.027376 
0.030250 0.128555 0.026995 
0.030500 0.127891 0.028393 
0.028750 0.128581 0.027630 
0.032000 0.127848 0.027377 
0.033000 0.127827 0.026869 
0.031250 0.128534 0.026487 
0.031500 0.127869 0.027885 
0.032500 0.127853 0.027504 
0.030750 0.127217 0.029537 
0.029250 0.127244 0.030173 
0.030500 0.126555 0.030936 
0.031750 0.127206 0.029283 
0.033000 0.126501 0.029666 
0.032250 0.125835 0.030937 
0.032750 0.125824 0.030683 
0.031500 0.126528 0.030301 
0.032500 0.126517 0.030047 
0.029500 0.127922 0.029155 
0.030000 0.127901 0.028647 
0.028750 0.127260 0.030553 
0.034750 0.127120 0.027251 
0.033750 0.127142 0.027759 
0.035500 0.126435 0.028142 
0.037750 0.125663 0.026999 
0.036500 0.126359 0.026363 
0.036750 0.125719 0.028270 
0.037250 0.125697 0.027762 
0.036000 0.126425 0.027888 
0.033500 0.127806 0.026361 
0.035250 0.125757 0.029159 
0.034000 0.126474 0.029030 
0.034250 0.125802 0.030175 
0.035000 0.125092 0.030430 
0.036500 0.125041 0.029287 
0.038000 0.119589 0.035384 
0.037750 0.113459 0.040459 
0.036750 0.114863 0.040207 
0.037750 0.114836 0.039698 
0.029500 0.119831 0.040339 
0.030500 0.119819 0.040085 
0.033000 0.119769 0.039069 
0.033000 0.118407 0.040210 
0.031750 0.119116 0.040211 
0.032750 0.119091 0.039703 
0.036750 0.117595 0.038177 
0.038000 0.116859 0.037668 
0.034500 0.119719 0.038052 
0.035000 0.119701 0.037671 
0.038000 0.118223 0.036526 
0.036500 0.119658 0.036782 
0.037500 0.119614 0.035893 
0.036500 0.118280 0.037669 
0.036250 0.118978 0.037416 
0.035750 0.117640 0.039066 
0.035250 0.116287 0.040335 
0.034250 0.117685 0.039956 
0.035000 0.116983 0.040082 
0.036750 0.116235 0.039319 
0.037750 0.116202 0.038683 
0.036500 0.116924 0.038938 
0.037500 0.116892 0.038303 
0.036500 0.115559 0.039953 
0.037500 0.115532 0.039445 
0.034500 0.118356 0.039194 
0.035500 0.118331 0.038686 
0.034000 0.119738 0.038433 
0.035250 0.119022 0.038305 
0.034000 0.118375 0.039575 
0.036000 0.118312 0.038305 
0.019750 0.124603 0.035639 
0.020750 0.124603 0.035639 
0.022250 0.124592 0.035384 
0.023250 0.124592 0.035384 
0.024250 0.124592 0.035384 
0.025750 0.124592 0.035384 
0.026750 0.124586 0.035257 
0.028250 0.124575 0.035003 
0.020000 0.126626 0.032587 
0.021000 0.126621 0.032460 
0.022000 0.126626 0.032587 
0.023500 0.126626 0.032587 
0.019750 0.127292 0.031316 
0.021250 0.127298 0.031443 
0.022250 0.127298 0.031443 
0.023250 0.127292 0.031316 
0.019750 0.125956 0.033731 
0.020750 0.125962 0.033858 
0.019500 0.125282 0.034748 
0.021000 0.125276 0.034621 
0.022250 0.125951 0.033604 
0.023000 0.125265 0.034367 
0.022000 0.125276 0.034621 
0.023500 0.125276 0.034621 
0.025000 0.126605 0.032079 
0.025500 0.126599 0.031952 
0.025750 0.125934 0.033223 
0.024500 0.126621 0.032460 
0.027000 0.126588 0.031698 
0.028000 0.126583 0.031571 
0.027250 0.125912 0.032715 
0.028250 0.125907 0.032588 
0.024250 0.127282 0.031062 
0.025750 0.127282 0.031062 
0.024500 0.125271 0.034494 
0.025500 0.125271 0.034494 
0.024000 0.125276 0.034621 
0.026000 0.125276 0.034621 
0.027000 0.125254 0.034113 
0.028000 0.125248 0.033986 
0.019500 0.123925 0.036529 
0.021000 0.123931 0.036656 
0.019750 0.123259 0.037673 
0.020750 0.123254 0.037546 
0.022000 0.123931 0.036656 
0.023500 0.123925 0.036529 
0.022250 0.123254 0.037546 
0.023250 0.123248 0.037419 
0.019750 0.121957 0.040341 
0.021250 0.121945 0.040087 
0.022250 0.121951 0.040214 
0.023250 0.121933 0.039833 
0.019500 0.122607 0.039072 
0.021000 0.122607 0.039072 
0.022000 0.122595 0.038818 
0.023500 0.122584 0.038564 
0.024500 0.123908 0.036148 
0.025500 0.123925 0.036529 
0.024250 0.123248 0.037419 
0.025750 0.123248 0.037419 
0.028250 0.123225 0.036911 
0.027000 0.123908 0.036148 
0.028000 0.123908 0.036148 
0.026750 0.123236 0.037165 
0.028000 0.122548 0.037802 
0.025750 0.121886 0.038817 
0.024500 0.121254 0.040467 
0.026000 0.121218 0.039705 
0.024250 0.121927 0.039706 
0.027000 0.121200 0.039324 
0.028000 0.121194 0.039197 
0.026750 0.121886 0.038817 
0.028250 0.121868 0.038436 
0.027250 0.120534 0.040213 
0.028250 0.120521 0.039959 
0.024000 0.122578 0.038437 
0.025500 0.122566 0.038183 
0.032250 0.124478 0.032844 
0.032750 0.124473 0.032717 
0.033000 0.122454 0.035769 
0.029750 0.124541 0.034241 
0.030250 0.124535 0.034114 
0.029500 0.123879 0.035513 
0.030500 0.123856 0.035005 
0.031250 0.124518 0.033733 
0.033000 0.123816 0.034116 
0.031750 0.123149 0.035260 
0.032750 0.123143 0.035133 
0.031500 0.123839 0.034624 
0.038000 0.122313 0.032721 
0.034250 0.124422 0.031574 
0.035250 0.124399 0.031066 
0.034500 0.123770 0.033099 
0.035000 0.123741 0.032464 
0.037750 0.122987 0.031703 
0.036500 0.123696 0.031448 
0.036750 0.123033 0.032720 
0.035500 0.122390 0.034372 
0.035500 0.121031 0.035767 
0.034000 0.122431 0.035261 
0.035250 0.121719 0.035260 
0.037500 0.120959 0.034243 
0.036500 0.122372 0.033991 
0.037750 0.121654 0.033863 
0.036500 0.120995 0.035005 
0.037250 0.120295 0.035258 
0.036250 0.121689 0.034625 
0.034250 0.123114 0.034498 
0.035250 0.123085 0.033863 
0.034000 0.123787 0.033480 
0.033750 0.123126 0.034752 
0.029250 0.125884 0.032080 
0.030250 0.125868 0.031699 
0.029000 0.126572 0.031317 
0.028750 0.125890 0.032207 
0.030500 0.125198 0.032843 
0.031750 0.125851 0.031318 
0.033000 0.125136 0.031446 
0.031500 0.125170 0.032208 
0.029000 0.125231 0.033605 
0.033500 0.125125 0.031192 
0.030750 0.121838 0.037801 
0.033250 0.121773 0.036403 
0.032000 0.121134 0.037927 
0.033000 0.121110 0.037419 
0.031750 0.121814 0.037293 
0.029250 0.123213 0.036657 
0.030250 0.123201 0.036403 
0.029500 0.122537 0.037547 
0.030500 0.122519 0.037166 
0.031500 0.122496 0.036658 
0.029500 0.121176 0.038816 
0.030750 0.120479 0.039069 
0.029250 0.121856 0.038182 
0.029250 0.120503 0.039577 
0.031750 0.120466 0.038815 
0.032750 0.120442 0.038307 
0.034500 0.121073 0.036657 
0.035250 0.120362 0.036656 
0.033750 0.121761 0.036149 
0.034250 0.120405 0.037545 
0.034750 0.120387 0.037164 
0.036250 0.120338 0.036148 
0.057250 0.116020 0.007048 
0.056500 0.116724 0.006542 
0.057250 0.114680 0.009331 
0.056750 0.116046 0.007556 
0.057000 0.115356 0.008317 
0.056000 0.116915 0.010354 
0.055000 0.118370 0.010358 
0.048500 0.124074 0.007314 
0.053250 0.120570 0.010745 
0.057000 0.112720 0.013519 
0.057250 0.113405 0.012758 
0.056750 0.114838 0.012381 
0.056750 0.113453 0.013648 
0.055750 0.114923 0.014032 
0.056250 0.114910 0.013778 
0.057000 0.111437 0.016565 
0.056750 0.112140 0.016185 
0.056250 0.113486 0.014283 
0.056000 0.114211 0.014285 
0.052500 0.120006 0.014172 
0.051000 0.120054 0.015189 
0.052000 0.120030 0.014681 
0.052500 0.118667 0.016455 
0.051750 0.119366 0.015949 
0.056500 0.115583 0.012764 
0.055500 0.117042 0.012895 
0.055500 0.115655 0.014161 
0.055000 0.117105 0.014165 
0.053500 0.119939 0.012775 
0.054250 0.119177 0.012011 
0.054500 0.118512 0.013280 
0.053000 0.119982 0.013664 
0.055250 0.117774 0.013024 
0.054750 0.116483 0.016196 
0.054500 0.117181 0.015690 
0.055250 0.116393 0.014417 
0.055000 0.115779 0.016576 
0.053500 0.118611 0.015312 
0.054250 0.117881 0.015183 
0.053250 0.119305 0.014679 
0.053000 0.118648 0.016074 
0.051750 0.113858 0.021272 
0.051250 0.115299 0.021275 
0.052000 0.114572 0.021147 
0.055500 0.111493 0.017582 
0.056750 0.110735 0.016945 
0.055750 0.112216 0.017584 
0.056250 0.112188 0.017075 
0.054750 0.115088 0.017209 
0.054750 0.113689 0.018095 
0.053750 0.115154 0.018480 
0.054000 0.114445 0.018732 
0.055250 0.113655 0.017460 
0.055500 0.114338 0.016699 
0.055000 0.112973 0.018221 
0.054500 0.111626 0.019997 
0.054250 0.112347 0.019998 
0.054000 0.111696 0.021267 
0.053750 0.112389 0.020761 
0.055750 0.110876 0.019486 
0.053250 0.113797 0.020128 
0.054000 0.113062 0.019873 
0.053000 0.114505 0.019876 
0.053000 0.113123 0.021016 
0.052500 0.117321 0.018485 
0.052000 0.118685 0.016837 
0.051250 0.119439 0.017474 
0.052250 0.118018 0.017978 
0.052500 0.115935 0.019625 
0.052000 0.117372 0.019501 
0.051000 0.116020 0.021277 
0.052000 0.115980 0.020514 
0.050750 0.116727 0.021024 
0.051750 0.116702 0.020516 
0.050000 0.118865 0.020521 
0.049750 0.119598 0.020776 
0.050750 0.118125 0.020138 
0.051750 0.118081 0.019249 
0.050750 0.119543 0.019633 
0.050250 0.118131 0.020265 
0.054500 0.115798 0.016957 
0.053500 0.117251 0.017087 
0.054250 0.116515 0.016831 
0.053500 0.115863 0.018227 
0.052750 0.116612 0.018737 
0.052750 0.117975 0.017089 
0.039000 0.128791 0.015056 
0.040000 0.128807 0.015437 
0.041250 0.128125 0.016581 
0.042250 0.128104 0.016073 
0.044750 0.126630 0.015694 
0.046000 0.125846 0.014425 
0.045500 0.125928 0.016330 
0.046750 0.125199 0.016331 
0.043500 0.127386 0.016328 
0.047500 0.124504 0.017094 
0.047000 0.123128 0.018874 
0.046000 0.124566 0.018491 
0.047250 0.123844 0.018619 
0.047750 0.122412 0.019129 
0.044500 0.124678 0.021031 
0.045750 0.123957 0.021159 
0.042750 0.126770 0.018996 
0.040250 0.128214 0.018740 
0.040750 0.128135 0.016835 
0.042500 0.127407 0.016836 
0.041500 0.127487 0.018741 
0.042000 0.127455 0.017979 
0.040250 0.126872 0.021409 
0.041250 0.126813 0.020012 
0.042250 0.126775 0.019123 
0.040750 0.126835 0.020520 
0.042000 0.126114 0.020648 
0.039250 0.128246 0.019502 
0.040000 0.127545 0.020138 
0.039000 0.127577 0.020900 
0.039500 0.127550 0.020265 
0.041000 0.127513 0.019376 
0.044000 0.125966 0.017219 
0.044500 0.125972 0.017346 
0.043750 0.126673 0.016710 
0.044250 0.126673 0.016710 
0.045250 0.125288 0.018363 
0.046250 0.125238 0.017220 
0.044750 0.125321 0.019125 
0.043500 0.126065 0.019505 
0.043750 0.125382 0.020522 
0.049750 0.122151 0.013413 
0.050750 0.122105 0.012397 
0.052000 0.121374 0.012398 
0.051750 0.120701 0.013539 
0.050500 0.121432 0.013668 
0.049500 0.122824 0.012142 
0.050750 0.120737 0.014301 
0.052750 0.120683 0.013158 
0.048250 0.122406 0.019002 
0.050000 0.121656 0.018495 
0.048250 0.123787 0.017349 
0.048500 0.123105 0.018366 
0.049000 0.123088 0.017985 
0.048750 0.121005 0.020017 
0.049750 0.120975 0.019382 
0.048500 0.121697 0.019384 
0.049000 0.121703 0.019511 
0.049500 0.120295 0.020270 
0.050500 0.120253 0.019381 
0.059500 0.112461 0.008689 
0.060500 0.110997 0.008558 
0.059250 0.113156 0.008056 
0.058250 0.114581 0.007425 
0.058500 0.113898 0.008312 
0.058750 0.113203 0.008946 
0.057750 0.114653 0.008823 
0.059500 0.111095 0.010337 
0.058000 0.112563 0.010596 
0.059250 0.111815 0.010212 
0.059000 0.111123 0.010846 
0.058750 0.111843 0.010721 
0.057750 0.113270 0.010216 
0.057500 0.115343 0.008062 
0.058500 0.111207 0.012371 
0.058250 0.111926 0.012246 
0.058000 0.111255 0.013261 
0.057750 0.111974 0.013135 
0.057750 0.110643 0.015292 
0.045250 0.119849 0.025985 
0.047250 0.119788 0.024714 
0.047250 0.118414 0.025982 
0.046250 0.119825 0.025477 
0.047000 0.119113 0.025602 
0.047500 0.115012 0.029533 
0.047500 0.113649 0.030802 
0.047000 0.115058 0.030423 
0.042750 0.120063 0.030431 
0.047250 0.117036 0.027123 
0.047000 0.116352 0.027757 
0.044750 0.119904 0.027128 
0.045000 0.119218 0.027762 
0.045750 0.118451 0.026744 
0.047000 0.117734 0.026743 
0.045500 0.119150 0.026365 
0.046000 0.117810 0.028268 
0.045250 0.117203 0.030426 
0.047250 0.115688 0.028772 
0.046250 0.117145 0.029283 
0.046250 0.115793 0.030805 
0.046750 0.115767 0.030297 
0.045750 0.117190 0.030172 
0.044750 0.118583 0.029412 
0.044000 0.119292 0.029287 
0.044500 0.119261 0.028651 
0.045000 0.117893 0.029919 
0.043500 0.119354 0.030557 
0.045500 0.117880 0.029665 
0.052250 0.111081 0.023172 
0.051750 0.112534 0.023429 
0.052000 0.113198 0.022414 
0.051250 0.113986 0.023687 
0.051500 0.113260 0.023558 
0.051000 0.114705 0.023688 
0.051250 0.111166 0.024698 
0.051750 0.111130 0.024062 
0.050750 0.112617 0.024955 
0.051500 0.111849 0.024064 
0.050750 0.111236 0.025969 
0.051000 0.111905 0.025080 
0.050000 0.114745 0.024450 
0.049500 0.114812 0.025721 
0.051000 0.113287 0.024066 
0.050500 0.114718 0.023942 
0.053250 0.111046 0.022537 
0.054250 0.110989 0.021520 
0.052750 0.112444 0.021777 
0.052750 0.111067 0.022918 
0.049500 0.117562 0.023313 
0.050750 0.115404 0.023308 
0.050250 0.116811 0.022676 
0.049750 0.118244 0.022552 
0.049500 0.118933 0.021918 
0.049250 0.118263 0.022933 
0.048750 0.119696 0.022809 
0.049000 0.118983 0.022935 
0.049500 0.116169 0.024199 
0.048750 0.116914 0.024709 
0.049250 0.116888 0.024201 
0.048000 0.117689 0.025854 
0.050250 0.115444 0.024071 
0.048250 0.118351 0.024712 
0.048500 0.119038 0.024078 
0.049750 0.111364 0.028256 
0.049500 0.112080 0.028258 
0.050500 0.110569 0.026857 
0.050500 0.111989 0.026605 
0.050000 0.113417 0.026481 
0.049000 0.114885 0.027119 
0.049000 0.113526 0.028514 
0.048500 0.114925 0.027881 
0.049500 0.110704 0.029272 
0.048750 0.112858 0.029403 
0.049000 0.112150 0.029529 
0.048750 0.111484 0.030417 
0.049000 0.110762 0.030289 
0.048500 0.112192 0.030291 
0.048500 0.113567 0.029277 
0.048250 0.114269 0.029024 
0.048000 0.113615 0.030166 
0.048500 0.116293 0.026613 
0.048250 0.116991 0.026233 
0.048250 0.115622 0.027501 
0.042500 0.124801 0.023825 
0.041500 0.124846 0.024841 
0.042750 0.124110 0.024588 
0.042500 0.123438 0.025733 
0.041250 0.124178 0.026113 
0.042250 0.124138 0.025223 
0.047500 0.121838 0.022432 
0.047250 0.121171 0.023574 
0.046500 0.121891 0.023575 
0.047000 0.121873 0.023194 
0.043500 0.124728 0.022174 
0.044750 0.124014 0.022429 
0.045000 0.123334 0.023446 
0.043750 0.124070 0.023699 
0.044250 0.124048 0.023191 
0.046000 0.123283 0.022303 
0.047250 0.122534 0.021796 
0.046250 0.122592 0.023066 
0.045000 0.121949 0.024846 
0.045000 0.120561 0.025859 
0.044000 0.121990 0.025735 
0.044500 0.121973 0.025354 
0.046250 0.121213 0.024463 
0.047000 0.120494 0.024462 
0.046000 0.121914 0.024084 
0.046000 0.120531 0.025224 
0.043500 0.123392 0.024717 
0.044750 0.122650 0.024337 
0.043250 0.124093 0.024207 
0.043750 0.122697 0.025353 
0.039250 0.126905 0.022171 
0.039750 0.126888 0.021790 
0.039000 0.126228 0.023315 
0.039500 0.126212 0.022934 
0.041750 0.125470 0.022554 
0.042250 0.125459 0.022300 
0.041000 0.126163 0.021791 
0.041250 0.125481 0.022808 
0.040250 0.125547 0.024332 
0.038750 0.125619 0.025983 
0.039750 0.125592 0.025348 
0.038500 0.126305 0.025093 
0.041000 0.124873 0.025477 
0.042500 0.122037 0.026751 
0.042750 0.121356 0.027512 
0.040250 0.124223 0.027129 
0.040000 0.123529 0.027765 
0.038750 0.124280 0.028399 
0.041000 0.123501 0.027130 
0.042250 0.122749 0.026496 
0.040750 0.124195 0.026494 
0.041250 0.122801 0.027639 
0.040000 0.122225 0.030816 
0.042500 0.120730 0.029416 
0.041000 0.122155 0.029291 
0.042250 0.121421 0.028909 
0.042000 0.120778 0.030432 
0.041250 0.121487 0.030306 
0.039250 0.122888 0.029544 
0.039750 0.122871 0.029163 
0.038250 0.124291 0.028653 
0.044000 0.120603 0.026748 
0.043250 0.121320 0.026750 
0.043500 0.120645 0.027638 
0.039000 0.124946 0.027128 
0.039500 0.124924 0.026620 
0.038500 0.124974 0.027763 
0.048250 0.121118 0.022431 
0.048000 0.121820 0.022051 
0.048000 0.120446 0.023446 
0.043000 0.113915 0.035758 
0.042750 0.114613 0.035505 
0.047750 0.111554 0.031688 
0.047500 0.112255 0.031435 
0.047500 0.110905 0.032831 
0.045000 0.115192 0.032964 
0.046500 0.113697 0.031691 
0.047000 0.113683 0.031437 
0.046250 0.114404 0.031565 
0.046750 0.114384 0.031184 
0.046000 0.113772 0.033089 
0.045750 0.114472 0.032836 
0.045000 0.111055 0.035500 
0.044000 0.112492 0.035756 
0.045000 0.112450 0.034994 
0.046500 0.110983 0.034229 
0.047000 0.110947 0.033594 
0.046000 0.112387 0.033850 
0.045500 0.111033 0.035119 
0.045000 0.113813 0.033852 
0.044000 0.115252 0.034108 
0.044750 0.114519 0.033726 
0.043500 0.113895 0.035377 
0.044750 0.113155 0.034867 
0.043750 0.114580 0.034869 
0.045750 0.113086 0.033597 
0.040500 0.119490 0.033352 
0.042500 0.119416 0.031827 
0.041750 0.118752 0.032842 
0.042500 0.118051 0.033096 
0.041000 0.119472 0.032971 
0.042000 0.119435 0.032208 
0.040250 0.117473 0.035763 
0.042750 0.115984 0.034490 
0.041750 0.117409 0.034492 
0.042500 0.116677 0.034110 
0.041750 0.116030 0.035380 
0.042250 0.116011 0.034998 
0.041250 0.117428 0.034873 
0.042000 0.116716 0.034872 
0.040250 0.118821 0.034240 
0.039000 0.119540 0.034368 
0.040000 0.119503 0.033606 
0.039250 0.118871 0.035256 
0.040000 0.118166 0.035383 
0.038500 0.119565 0.034876 
0.041500 0.118090 0.033858 
0.045250 0.115846 0.031822 
0.044750 0.117248 0.031316 
0.044750 0.115892 0.032711 
0.043750 0.117312 0.032586 
0.044500 0.116586 0.032331 
0.045750 0.115819 0.031314 
0.044000 0.117975 0.031571 
0.043500 0.118007 0.032206 
0.043750 0.115951 0.033855 
0.043500 0.116644 0.033475 
0.043000 0.112534 0.036519 
0.042500 0.111176 0.037661 
0.041500 0.112597 0.037663 
0.042250 0.111879 0.037535 
0.040500 0.114011 0.037537 
0.040250 0.114694 0.037030 
0.041500 0.113977 0.036902 
0.042750 0.113245 0.036520 
0.041250 0.114674 0.036649 
0.042250 0.114640 0.036013 
0.041250 0.113293 0.037409 
0.040000 0.112674 0.039061 
0.040000 0.111319 0.040203 
0.039000 0.112723 0.039950 
0.039750 0.112007 0.039823 
0.041000 0.111233 0.038678 
0.040750 0.111929 0.038424 
0.040750 0.110603 0.040075 
0.039000 0.114100 0.039189 
0.039750 0.113376 0.038934 
0.038750 0.114796 0.038936 
0.038750 0.113425 0.039824 
0.038500 0.114120 0.039571 
0.044000 0.111105 0.036390 
0.044500 0.111076 0.035881 
0.043500 0.112513 0.036137 
0.044250 0.111788 0.035882 
0.043250 0.113218 0.036011 
0.039250 0.116109 0.036904 
0.040250 0.116083 0.036396 
0.039000 0.116801 0.036524 
0.040000 0.116781 0.036143 
0.038750 0.116162 0.037921 
0.039500 0.115438 0.037666 
0.038500 0.116827 0.037032 
0.041250 0.116057 0.035888 
0.038500 0.118210 0.036272 
0.038250 0.118909 0.036019 
0.038500 0.115492 0.038683 
0.048000 0.110862 0.032068 
0.048000 0.112234 0.031054 
0.039000 0.122278 0.031959 
0.040250 0.121552 0.031704 
0.040000 0.120880 0.032592 
0.038750 0.121618 0.033101 
0.041000 0.120838 0.031702 
0.042250 0.120106 0.031320 
0.040750 0.121523 0.031068 
0.040750 0.120167 0.032591 
0.038250 0.122975 0.031450 
0.038750 0.120234 0.033988 
0.038250 0.121636 0.033482 
-0.041250 0.072275 0.054761 
-0.038500 0.070011 0.052599 
-0.039750 0.070835 0.054159 
-0.040500 0.071580 0.054760 
-0.039250 0.071080 0.057158 
-0.040000 0.071793 0.057398 
-0.038500 0.071861 0.058238 
-0.039000 0.071891 0.058598 
-0.036750 0.041073 0.050085 
-0.036500 0.041752 0.049843 
-0.035500 0.041777 0.050083 
-0.035000 0.043134 0.049599 
-0.034500 0.043122 0.049479 
-0.028750 0.047504 0.043960 
-0.033500 0.044430 0.048514 
-0.034750 0.043776 0.048996 
-0.034250 0.043814 0.049356 
-0.033000 0.044455 0.048754 
-0.028000 0.048187 0.043704 
-0.027500 0.048237 0.044211 
-0.027000 0.048262 0.044465 
-0.028000 0.049333 0.040913 
-0.027750 0.050054 0.041038 
-0.027250 0.050212 0.042685 
-0.027250 0.051485 0.041161 
-0.027250 0.052860 0.040780 
-0.026750 0.051641 0.042808 
-0.026750 0.053003 0.042300 
-0.027750 0.048870 0.043449 
-0.026750 0.050334 0.043952 
-0.026750 0.049018 0.044970 
-0.026500 0.049737 0.045095 
-0.026250 0.050444 0.045093 
-0.026500 0.051041 0.043950 
-0.026500 0.052373 0.043060 
-0.026250 0.053122 0.043567 
-0.026000 0.051114 0.044710 
-0.026000 0.052504 0.044453 
-0.026750 0.047679 0.045734 
-0.026500 0.048435 0.046239 
-0.026250 0.049080 0.045603 
-0.025750 0.050504 0.045726 
-0.025750 0.049190 0.046744 
-0.024750 0.050626 0.046993 
-0.025500 0.051223 0.045851 
-0.025000 0.051283 0.046484 
-0.025000 0.052623 0.045720 
-0.024500 0.051344 0.047118 
-0.024000 0.052755 0.047114 
-0.025500 0.048584 0.047760 
-0.024250 0.049362 0.048498 
-0.024500 0.050006 0.047882 
-0.024000 0.048743 0.049341 
-0.023500 0.052790 0.047494 
-0.023500 0.050079 0.048616 
-0.023500 0.048780 0.049701 
-0.022250 0.049496 0.049819 
-0.023000 0.050115 0.048976 
-0.022000 0.050176 0.049577 
-0.021000 0.050224 0.050057 
-0.023000 0.051464 0.048372 
-0.022500 0.051488 0.048612 
-0.023250 0.052121 0.047876 
-0.022000 0.052874 0.048367 
-0.022000 0.051524 0.048972 
-0.021500 0.052909 0.048728 
-0.021000 0.051572 0.049452 
-0.020000 0.051620 0.049933 
-0.020750 0.052264 0.049330 
-0.019750 0.052312 0.049810 
-0.037750 0.038271 0.050214 
-0.037250 0.037047 0.051899 
-0.036750 0.037060 0.052019 
-0.037500 0.037737 0.051777 
-0.036750 0.038453 0.051895 
-0.036250 0.038753 0.054656 
-0.037250 0.039691 0.050330 
-0.036750 0.039743 0.050810 
-0.036500 0.040421 0.050568 
-0.036500 0.039117 0.051532 
-0.035750 0.041099 0.050326 
-0.036000 0.039481 0.054894 
-0.035500 0.040833 0.054410 
-0.035000 0.042160 0.053685 
-0.034750 0.042786 0.052963 
-0.034000 0.043501 0.053080 
-0.035250 0.041522 0.054287 
-0.034500 0.042249 0.054525 
-0.034250 0.042875 0.053803 
-0.035750 0.036065 0.055745 
-0.035250 0.036158 0.056585 
-0.036250 0.037441 0.055501 
-0.036000 0.038182 0.055859 
-0.035500 0.036872 0.056703 
-0.035000 0.038274 0.056699 
-0.034500 0.038326 0.057179 
-0.034250 0.036277 0.057666 
-0.034000 0.037030 0.058144 
-0.034000 0.038391 0.057779 
-0.033500 0.037070 0.058504 
-0.033250 0.036383 0.058626 
-0.033000 0.037136 0.059104 
-0.033000 0.038483 0.058620 
-0.035500 0.039559 0.055614 
-0.035250 0.040221 0.055252 
-0.034500 0.040961 0.055610 
-0.035000 0.039623 0.056215 
-0.034000 0.039714 0.057055 
-0.034250 0.040350 0.056453 
-0.034250 0.041663 0.055608 
-0.033750 0.041727 0.056208 
-0.033750 0.039079 0.057657 
-0.033000 0.041116 0.057051 
-0.032000 0.041141 0.057291 
-0.033250 0.043078 0.055724 
-0.032750 0.041778 0.056689 
-0.031750 0.041816 0.057049 
-0.032500 0.042453 0.056446 
-0.031250 0.043154 0.056444 
-0.030750 0.043205 0.056925 
-0.033000 0.039805 0.057895 
-0.032750 0.040467 0.057533 
-0.032250 0.040467 0.057533 
-0.031500 0.041347 0.059212 
-0.030250 0.043345 0.058245 
-0.029750 0.043370 0.058486 
-0.030750 0.042047 0.059210 
-0.029250 0.042085 0.059570 
-0.030500 0.042696 0.058728 
-0.029500 0.042747 0.059208 
-0.028250 0.042098 0.059690 
-0.026750 0.042085 0.059570 
-0.028000 0.042759 0.059328 
-0.027000 0.042747 0.059208 
-0.025750 0.042085 0.059570 
-0.024750 0.042073 0.059450 
-0.025500 0.042747 0.059208 
-0.024500 0.042747 0.059208 
-0.023750 0.042098 0.059690 
-0.023500 0.042759 0.059328 
-0.022000 0.042759 0.059328 
-0.020750 0.043370 0.058486 
-0.019750 0.043357 0.058365 
-0.020750 0.042098 0.059690 
-0.019750 0.042085 0.059570 
-0.021000 0.042734 0.059088 
-0.019500 0.042721 0.058968 
-0.033500 0.043640 0.054401 
-0.031750 0.045546 0.052474 
-0.029250 0.046878 0.051749 
-0.033250 0.044166 0.052718 
-0.031250 0.045671 0.053675 
-0.032750 0.044367 0.054639 
-0.032000 0.045044 0.054397 
-0.030750 0.045746 0.054395 
-0.030000 0.046373 0.053672 
-0.029000 0.046460 0.054513 
-0.033000 0.043729 0.055242 
-0.031750 0.044443 0.055360 
-0.030750 0.044493 0.055840 
-0.030500 0.045157 0.055478 
-0.029500 0.045194 0.055838 
-0.030500 0.043855 0.056442 
-0.029750 0.044581 0.056680 
-0.029000 0.045245 0.056318 
-0.030000 0.043982 0.057643 
-0.029500 0.044020 0.058003 
-0.028500 0.047507 0.051026 
-0.027500 0.047556 0.051507 
-0.027000 0.047581 0.051747 
-0.025250 0.048161 0.050544 
-0.024250 0.048174 0.050664 
-0.026000 0.047630 0.052227 
-0.024000 0.047655 0.052467 
-0.028250 0.047038 0.053310 
-0.027250 0.047063 0.053550 
-0.028000 0.046485 0.054753 
-0.026750 0.047100 0.053910 
-0.025750 0.047076 0.053670 
-0.024250 0.047076 0.053670 
-0.024500 0.047667 0.052587 
-0.025250 0.047100 0.053910 
-0.024750 0.047088 0.053790 
-0.023250 0.048186 0.050784 
-0.022250 0.048211 0.051024 
-0.023500 0.047642 0.052347 
-0.022000 0.047655 0.052467 
-0.021250 0.048235 0.051264 
-0.021000 0.047630 0.052227 
-0.020000 0.047630 0.052227 
-0.023250 0.047076 0.053670 
-0.021750 0.047076 0.053670 
-0.023000 0.046498 0.054873 
-0.022000 0.046485 0.054753 
-0.020750 0.047038 0.053310 
-0.019750 0.047026 0.053190 
-0.021000 0.046460 0.054513 
-0.019500 0.046423 0.054153 
-0.022000 0.048853 0.050422 
-0.021000 0.048890 0.050782 
-0.020000 0.048914 0.051022 
-0.020500 0.050236 0.050177 
-0.019500 0.050273 0.050538 
-0.019750 0.050952 0.050295 
-0.028250 0.045896 0.055836 
-0.026750 0.045908 0.055956 
-0.028000 0.045295 0.056798 
-0.027000 0.045320 0.057039 
-0.025750 0.045921 0.056076 
-0.024250 0.045908 0.055956 
-0.025500 0.045307 0.056918 
-0.024500 0.045307 0.056918 
-0.027000 0.046523 0.055113 
-0.025500 0.046510 0.054993 
-0.024500 0.046510 0.054993 
-0.028000 0.044045 0.058243 
-0.026750 0.044695 0.057761 
-0.025750 0.044695 0.057761 
-0.024500 0.044045 0.058243 
-0.023250 0.045896 0.055836 
-0.022250 0.045883 0.055716 
-0.022250 0.044644 0.057281 
-0.023500 0.045282 0.056678 
-0.022000 0.045270 0.056558 
-0.020750 0.045846 0.055356 
-0.019750 0.045833 0.055235 
-0.020750 0.044619 0.057041 
-0.019750 0.044594 0.056800 
-0.021000 0.045245 0.056318 
-0.020000 0.045232 0.056198 
-0.023500 0.046510 0.054993 
-0.023000 0.044032 0.058123 
-0.022000 0.044020 0.058003 
-0.021000 0.044007 0.057883 
-0.019500 0.043982 0.057643 
-0.019000 0.053028 0.049928 
-0.018250 0.043319 0.058005 
-0.017250 0.043294 0.057765 
-0.018250 0.042060 0.059330 
-0.017250 0.042021 0.058970 
-0.018500 0.042696 0.058728 
-0.016250 0.043269 0.057525 
-0.015000 0.042632 0.058127 
-0.016250 0.042021 0.058970 
-0.015250 0.041996 0.058730 
-0.013250 0.043243 0.057285 
-0.012250 0.043218 0.057045 
-0.011250 0.043205 0.056925 
-0.010250 0.043154 0.056444 
-0.012750 0.040686 0.059574 
-0.013500 0.042606 0.057887 
-0.012500 0.042606 0.057887 
-0.013750 0.041983 0.058610 
-0.012500 0.041334 0.059092 
-0.011250 0.041880 0.057649 
-0.011500 0.042568 0.057527 
-0.018500 0.047642 0.052347 
-0.017500 0.047642 0.052347 
-0.016000 0.047642 0.052347 
-0.015000 0.047642 0.052347 
-0.017250 0.045796 0.054875 
-0.016250 0.045771 0.054635 
-0.014750 0.045746 0.054395 
-0.018750 0.047026 0.053190 
-0.017250 0.047014 0.053070 
-0.018500 0.046423 0.054153 
-0.017500 0.046411 0.054033 
-0.016250 0.047001 0.052950 
-0.014750 0.047001 0.052950 
-0.016500 0.046386 0.053792 
-0.013500 0.047630 0.052227 
-0.012500 0.047630 0.052227 
-0.011500 0.047630 0.052227 
-0.010000 0.047630 0.052227 
-0.013750 0.045734 0.054275 
-0.012750 0.045709 0.054035 
-0.011250 0.045696 0.053915 
-0.010250 0.045709 0.054035 
-0.013500 0.046349 0.053432 
-0.012500 0.046336 0.053312 
-0.011500 0.046324 0.053192 
-0.010000 0.046349 0.053432 
-0.019000 0.048938 0.051262 
-0.018500 0.050297 0.050778 
-0.017500 0.050309 0.050898 
-0.018500 0.048951 0.051382 
-0.017500 0.048963 0.051502 
-0.016000 0.050309 0.050898 
-0.015000 0.050321 0.051018 
-0.016000 0.048963 0.051502 
-0.015000 0.048963 0.051502 
-0.018500 0.051668 0.050413 
-0.017250 0.051000 0.050775 
-0.018250 0.052360 0.050291 
-0.017250 0.052372 0.050411 
-0.016000 0.051692 0.050653 
-0.015000 0.051692 0.050653 
-0.016250 0.052384 0.050531 
-0.014750 0.052396 0.050651 
-0.013500 0.050309 0.050898 
-0.012500 0.050309 0.050898 
-0.013500 0.048951 0.051382 
-0.012500 0.048951 0.051382 
-0.011500 0.050309 0.050898 
-0.010000 0.050333 0.051138 
-0.011500 0.048951 0.051382 
-0.010000 0.048975 0.051622 
-0.009750 0.049666 0.051500 
-0.013750 0.051000 0.050775 
-0.012500 0.051692 0.050653 
-0.013750 0.052384 0.050531 
-0.012750 0.052384 0.050531 
-0.011500 0.051704 0.050773 
-0.010250 0.051012 0.050896 
-0.011250 0.052396 0.050651 
-0.010250 0.052407 0.050771 
-0.018500 0.045194 0.055838 
-0.017500 0.045182 0.055718 
-0.018750 0.044581 0.056680 
-0.017250 0.044556 0.056440 
-0.016250 0.044518 0.056080 
-0.014750 0.044506 0.055960 
-0.016000 0.045157 0.055478 
-0.015000 0.045119 0.055117 
-0.016000 0.043893 0.056803 
-0.015000 0.043880 0.056682 
-0.018500 0.043956 0.057403 
-0.013750 0.044481 0.055720 
-0.012250 0.044455 0.055480 
-0.014000 0.045107 0.054997 
-0.013500 0.043880 0.056682 
-0.012500 0.043843 0.056322 
-0.011250 0.044443 0.055360 
-0.010250 0.044455 0.055480 
-0.011500 0.043830 0.056202 
-0.010500 0.043830 0.056202 
-0.008750 0.048333 0.052225 
-0.009250 0.045721 0.054155 
-0.008750 0.047026 0.053190 
-0.008250 0.047076 0.053670 
-0.008500 0.047704 0.052948 
-0.008000 0.047766 0.053548 
-0.008500 0.046411 0.054033 
-0.007750 0.047175 0.054631 
-0.009000 0.049024 0.052103 
-0.009000 0.050381 0.051618 
-0.008250 0.049763 0.052461 
-0.009500 0.051740 0.051134 
-0.009250 0.052455 0.051252 
-0.008750 0.051073 0.051496 
-0.008250 0.051157 0.052337 
-0.008750 0.052479 0.051492 
-0.008250 0.052527 0.051972 
-0.008000 0.049121 0.053064 
-0.007750 0.049836 0.053181 
-0.007250 0.049909 0.053902 
-0.007000 0.050659 0.054380 
-0.007750 0.051229 0.053057 
-0.007750 0.052658 0.053293 
-0.007250 0.051313 0.053898 
-0.007250 0.052729 0.054014 
-0.007000 0.052075 0.054496 
-0.009000 0.045157 0.055478 
-0.008250 0.045846 0.055356 
-0.007750 0.045958 0.056436 
-0.008000 0.046523 0.055113 
-0.007500 0.047926 0.055109 
-0.007000 0.048000 0.055829 
-0.006500 0.048135 0.057150 
-0.006500 0.046771 0.057515 
-0.006250 0.047558 0.058353 
-0.006000 0.046932 0.059076 
-0.006000 0.048283 0.058591 
-0.005750 0.047644 0.059194 
-0.007250 0.048627 0.055107 
-0.006750 0.048725 0.056068 
-0.006750 0.050115 0.055943 
-0.006500 0.049463 0.056426 
-0.006250 0.050176 0.056544 
-0.006750 0.051422 0.054979 
-0.006500 0.052171 0.055457 
-0.006250 0.051554 0.056299 
-0.005750 0.051626 0.057020 
-0.006000 0.052279 0.056538 
-0.005750 0.053016 0.056896 
-0.005750 0.048970 0.058469 
-0.005250 0.050346 0.058225 
-0.005250 0.049056 0.059310 
-0.005000 0.049744 0.059188 
-0.005500 0.051010 0.057863 
-0.005500 0.052375 0.057498 
-0.005000 0.051095 0.058703 
-0.004750 0.050455 0.059306 
-0.004500 0.051155 0.059303 
-0.004500 0.052518 0.058939 
-0.027000 0.055002 0.041162 
-0.026500 0.053717 0.042428 
-0.026500 0.055085 0.042049 
-0.026250 0.054465 0.042936 
-0.027000 0.056360 0.040657 
-0.027500 0.057776 0.040785 
-0.026750 0.057120 0.041291 
-0.026500 0.056477 0.041924 
-0.026500 0.057880 0.041926 
-0.026250 0.055822 0.042430 
-0.026250 0.057237 0.042559 
-0.026000 0.053835 0.043695 
-0.026000 0.055202 0.043317 
-0.025500 0.053930 0.044709 
-0.025500 0.055308 0.044457 
-0.025000 0.055379 0.045218 
-0.025750 0.055951 0.043825 
-0.025750 0.057318 0.043446 
-0.025250 0.056033 0.044712 
-0.025250 0.057446 0.044841 
-0.025000 0.056768 0.045093 
-0.027250 0.058536 0.041419 
-0.027500 0.059226 0.041293 
-0.026750 0.058571 0.041800 
-0.026500 0.059342 0.042562 
-0.025750 0.058755 0.043829 
-0.025500 0.059445 0.043703 
-0.025500 0.058112 0.044461 
-0.024500 0.054072 0.046229 
-0.024750 0.054725 0.045724 
-0.024250 0.053407 0.046608 
-0.024000 0.055508 0.046612 
-0.024250 0.056185 0.046360 
-0.024750 0.057539 0.045855 
-0.023500 0.054155 0.047116 
-0.023250 0.054867 0.047244 
-0.023250 0.056279 0.047373 
-0.023500 0.056955 0.047121 
-0.022750 0.053514 0.047748 
-0.022250 0.053550 0.048128 
-0.021750 0.054961 0.048251 
-0.021250 0.053597 0.048609 
-0.021250 0.054984 0.048491 
-0.020750 0.053632 0.048969 
-0.019750 0.053679 0.049449 
-0.019750 0.055077 0.049452 
-0.022250 0.056337 0.048007 
-0.022750 0.057725 0.047883 
-0.022000 0.057071 0.048375 
-0.021750 0.057884 0.049577 
-0.021250 0.056406 0.048734 
-0.021500 0.057117 0.048856 
-0.020750 0.056452 0.049215 
-0.019750 0.056486 0.049575 
-0.021000 0.057163 0.049336 
-0.020000 0.057197 0.049696 
-0.025250 0.058906 0.045477 
-0.024500 0.058275 0.046237 
-0.024000 0.058356 0.047124 
-0.023500 0.058379 0.047378 
-0.023000 0.058425 0.047885 
-0.022500 0.058482 0.048498 
-0.022000 0.058583 0.049579 
-0.029000 0.062237 0.059065 
-0.019250 0.057952 0.050298 
-0.034000 0.066298 0.057991 
-0.035250 0.067032 0.058472 
-0.034750 0.067053 0.058711 
-0.034250 0.067063 0.058832 
-0.032250 0.064250 0.058348 
-0.032500 0.064985 0.058829 
-0.031750 0.064272 0.058588 
-0.030250 0.062854 0.058226 
-0.031000 0.063590 0.058707 
-0.029750 0.062973 0.059546 
-0.033250 0.065720 0.059310 
-0.036750 0.068407 0.058353 
-0.037750 0.069763 0.057995 
-0.036250 0.068468 0.059073 
-0.037250 0.069843 0.058955 
-0.036500 0.069180 0.059314 
-0.035500 0.067796 0.059312 
-0.038000 0.070496 0.058476 
-0.037500 0.070535 0.058956 
-0.036750 0.069902 0.059675 
-0.037750 0.071267 0.059436 
-0.036750 0.071257 0.059316 
-0.018750 0.053727 0.049930 
-0.018750 0.055112 0.049812 
-0.018500 0.055834 0.050054 
-0.017250 0.053750 0.050170 
-0.017250 0.055159 0.050292 
-0.016250 0.053774 0.050410 
-0.014750 0.053774 0.050410 
-0.016250 0.055170 0.050413 
-0.014750 0.055182 0.050533 
-0.018250 0.056544 0.050175 
-0.017250 0.056578 0.050535 
-0.018500 0.057253 0.050296 
-0.017500 0.057276 0.050536 
-0.016000 0.055880 0.050534 
-0.015000 0.055891 0.050654 
-0.013750 0.053785 0.050530 
-0.012750 0.053785 0.050530 
-0.013750 0.055193 0.050653 
-0.012750 0.055193 0.050653 
-0.011250 0.053797 0.050650 
-0.010250 0.053809 0.050770 
-0.011250 0.055217 0.050893 
-0.010250 0.055240 0.051133 
-0.009750 0.055275 0.051493 
-0.013500 0.055903 0.050774 
-0.012500 0.055926 0.051014 
-0.011500 0.055938 0.051134 
-0.010000 0.055995 0.051735 
-0.016500 0.057879 0.056899 
-0.015500 0.057913 0.057260 
-0.017000 0.057925 0.057380 
-0.012250 0.057128 0.056298 
-0.011750 0.057094 0.055938 
-0.011250 0.057128 0.056298 
-0.010250 0.057151 0.056538 
-0.013500 0.057936 0.057500 
-0.012500 0.057925 0.057380 
-0.011000 0.057936 0.057500 
-0.010500 0.057936 0.057500 
-0.018750 0.058595 0.057140 
-0.018250 0.058652 0.057741 
-0.017750 0.058765 0.058941 
-0.016000 0.057959 0.057740 
-0.015000 0.057970 0.057860 
-0.016250 0.058821 0.059541 
-0.015250 0.058810 0.059421 
-0.013000 0.057959 0.057740 
-0.013750 0.058821 0.059541 
-0.011500 0.057947 0.057620 
-0.010000 0.057959 0.057740 
-0.011750 0.058821 0.059541 
-0.010250 0.058810 0.059421 
-0.009250 0.053856 0.051251 
-0.008750 0.053880 0.051491 
-0.008250 0.053974 0.052451 
-0.009000 0.054589 0.051612 
-0.008000 0.053325 0.052931 
-0.008750 0.055437 0.053174 
-0.008000 0.054776 0.053533 
-0.007250 0.054163 0.054373 
-0.007500 0.054846 0.054254 
-0.007000 0.053503 0.054732 
-0.009500 0.056111 0.052935 
-0.009000 0.056203 0.053896 
-0.007750 0.055577 0.054615 
-0.006500 0.053598 0.055693 
-0.006500 0.054999 0.055815 
-0.006000 0.053681 0.056533 
-0.005500 0.053740 0.057134 
-0.006000 0.055092 0.056775 
-0.005750 0.054422 0.057015 
-0.007500 0.056376 0.055697 
-0.009250 0.057162 0.056658 
-0.007750 0.057139 0.056418 
-0.006750 0.055693 0.055816 
-0.006500 0.056468 0.056657 
-0.005750 0.055833 0.057257 
-0.006750 0.057197 0.057018 
-0.005000 0.053835 0.058095 
-0.005000 0.055209 0.057976 
-0.005250 0.055902 0.057977 
-0.006250 0.057231 0.057379 
-0.005750 0.057288 0.057979 
-0.004750 0.054563 0.058456 
-0.004000 0.053954 0.059295 
-0.004250 0.054622 0.059056 
-0.004250 0.056007 0.059058 
-0.004250 0.057414 0.059300 
-0.009000 0.057970 0.057860 
-0.007500 0.057959 0.057740 
-0.008750 0.058765 0.058941 
-0.007750 0.058753 0.058821 
-0.006500 0.057959 0.057740 
-0.006750 0.058742 0.058701 
-0.005250 0.058787 0.059181 
-0.006000 0.059524 0.059662 
-0.004500 0.058118 0.059420 
-0.032000 0.035856 0.060189 
-0.030250 0.035224 0.060791 
-0.029750 0.035237 0.060911 
-0.030500 0.035989 0.061389 
-0.029500 0.036016 0.061629 
-0.032500 0.037255 0.060185 
-0.032000 0.037320 0.060785 
-0.032750 0.037914 0.059822 
-0.032000 0.038692 0.060541 
-0.031500 0.037360 0.061145 
-0.031250 0.038059 0.061143 
-0.030500 0.037400 0.061505 
-0.029250 0.036728 0.061747 
-0.030250 0.038085 0.061383 
-0.029250 0.038098 0.061503 
-0.031750 0.039378 0.060419 
-0.031500 0.040052 0.060176 
-0.030250 0.039418 0.060779 
-0.028750 0.039418 0.060779 
-0.030250 0.040751 0.060174 
-0.029250 0.040764 0.060295 
-0.029250 0.039430 0.060899 
-0.030500 0.041412 0.059812 
-0.029500 0.041424 0.059932 
-0.028000 0.036029 0.061749 
-0.027000 0.036029 0.061749 
-0.025500 0.036042 0.061869 
-0.024750 0.035331 0.061751 
-0.028000 0.037413 0.061625 
-0.027000 0.037413 0.061625 
-0.028250 0.038085 0.061383 
-0.026750 0.038085 0.061383 
-0.025750 0.036741 0.061867 
-0.025000 0.037439 0.061865 
-0.025750 0.038085 0.061383 
-0.024750 0.038112 0.061623 
-0.024500 0.036069 0.062109 
-0.024250 0.036781 0.062227 
-0.022000 0.034592 0.061393 
-0.023750 0.035357 0.061991 
-0.021000 0.034619 0.061633 
-0.019500 0.034632 0.061753 
-0.023250 0.038151 0.061983 
-0.022250 0.038151 0.061983 
-0.019500 0.037453 0.061985 
-0.020750 0.038138 0.061863 
-0.019750 0.038125 0.061743 
-0.023500 0.036082 0.062229 
-0.022000 0.036082 0.062229 
-0.021000 0.036082 0.062229 
-0.019500 0.036082 0.062229 
-0.023250 0.036781 0.062227 
-0.022250 0.036781 0.062227 
-0.021250 0.036781 0.062227 
-0.019750 0.036781 0.062227 
-0.028250 0.039418 0.060779 
-0.026750 0.039418 0.060779 
-0.028250 0.040764 0.060295 
-0.026750 0.040751 0.060174 
-0.025750 0.039405 0.060659 
-0.025750 0.040751 0.060174 
-0.024750 0.040751 0.060174 
-0.024250 0.039457 0.061139 
-0.024000 0.040129 0.060897 
-0.028000 0.041424 0.059932 
-0.027000 0.041424 0.059932 
-0.025500 0.041412 0.059812 
-0.024500 0.041424 0.059932 
-0.023250 0.040803 0.060655 
-0.022250 0.040815 0.060775 
-0.023250 0.039483 0.061379 
-0.022250 0.039483 0.061379 
-0.023500 0.040142 0.061017 
-0.022000 0.040155 0.061137 
-0.020750 0.040803 0.060655 
-0.019750 0.040790 0.060535 
-0.020750 0.039483 0.061379 
-0.019750 0.039470 0.061259 
-0.021000 0.040142 0.061017 
-0.020000 0.040129 0.060897 
-0.023500 0.041450 0.060172 
-0.022000 0.041463 0.060292 
-0.021000 0.041463 0.060292 
-0.020000 0.041450 0.060172 
-0.018500 0.034645 0.061873 
-0.018500 0.037439 0.061865 
-0.017500 0.037453 0.061985 
-0.018750 0.038112 0.061623 
-0.017250 0.038125 0.061743 
-0.016000 0.037453 0.061985 
-0.015500 0.037453 0.061985 
-0.016250 0.038112 0.061623 
-0.015250 0.038125 0.061743 
-0.018000 0.034672 0.062113 
-0.017500 0.034686 0.062233 
-0.018500 0.036082 0.062229 
-0.017500 0.036122 0.062589 
-0.016000 0.036109 0.062469 
-0.015000 0.036162 0.062950 
-0.018750 0.036767 0.062107 
-0.017250 0.036794 0.062347 
-0.016250 0.036781 0.062227 
-0.014750 0.036834 0.062707 
-0.014000 0.037453 0.061985 
-0.013750 0.038098 0.061503 
-0.014000 0.036069 0.062109 
-0.014250 0.036807 0.062467 
-0.018750 0.040764 0.060295 
-0.017250 0.040725 0.059934 
-0.018750 0.039444 0.061019 
-0.017250 0.039444 0.061019 
-0.016250 0.039418 0.060779 
-0.016250 0.040751 0.060174 
-0.015250 0.040725 0.059934 
-0.014750 0.039444 0.061019 
-0.018500 0.041412 0.059812 
-0.013250 0.039405 0.060659 
-0.013750 0.040738 0.060054 
-0.013000 0.040052 0.060176 
-0.013750 0.039457 0.061139 
-0.013750 0.035945 0.067273 
-0.013250 0.036052 0.068233 
-0.012500 0.035424 0.068835 
-0.013750 0.037350 0.067389 
-0.013500 0.038099 0.067868 
-0.013500 0.036748 0.068232 
-0.013000 0.036841 0.069072 
-0.013000 0.038165 0.068468 
-0.013000 0.039504 0.067984 
-0.012500 0.039608 0.068944 
-0.012750 0.040252 0.068462 
-0.012250 0.041565 0.067738 
-0.011500 0.042351 0.068576 
-0.011000 0.042415 0.069177 
-0.010750 0.043046 0.068575 
-0.009750 0.044361 0.067850 
-0.010000 0.043754 0.068693 
-0.009500 0.044424 0.061845 
-0.008750 0.045098 0.061603 
-0.008000 0.045746 0.061121 
-0.007250 0.046432 0.060999 
-0.006750 0.046370 0.060398 
-0.005500 0.047119 0.060877 
-0.005250 0.047768 0.060394 
-0.006250 0.046470 0.061359 
-0.004250 0.047917 0.061835 
-0.005000 0.048406 0.059792 
-0.004250 0.049179 0.060510 
-0.004000 0.049866 0.060388 
-0.003250 0.050613 0.060867 
-0.004000 0.048554 0.061233 
-0.003250 0.049301 0.061711 
-0.003000 0.049975 0.061469 
-0.002250 0.050710 0.061827 
-0.004000 0.051203 0.059784 
-0.003000 0.051300 0.060745 
-0.003000 0.052662 0.060380 
-0.002500 0.051348 0.061225 
-0.002000 0.051397 0.061705 
-0.002000 0.052746 0.061221 
-0.001000 0.052818 0.061941 
-0.003000 0.048689 0.062554 
-0.002500 0.048775 0.063394 
-0.002250 0.049424 0.062912 
-0.001500 0.050110 0.062790 
-0.001000 0.050146 0.063150 
-0.002000 0.048837 0.063995 
-0.000750 0.049546 0.064113 
-0.000500 0.050183 0.063510 
-0.000500 0.051494 0.062666 
-0.000500 0.052854 0.062302 
-0.006500 0.046285 0.066284 
-0.009000 0.045006 0.067368 
-0.007750 0.045702 0.067366 
-0.009250 0.044488 0.069051 
-0.006750 0.045865 0.068927 
-0.006000 0.046510 0.068445 
-0.005500 0.046548 0.068805 
-0.003250 0.048226 0.064837 
-0.004000 0.047640 0.065920 
-0.002750 0.048337 0.065918 
-0.002250 0.048312 0.065678 
-0.004750 0.047069 0.067122 
-0.003000 0.047827 0.067721 
-0.004250 0.047243 0.068803 
-0.002500 0.047901 0.068441 
-0.002000 0.047963 0.069042 
-0.001500 0.048898 0.064595 
-0.000500 0.048960 0.065195 
-0.000250 0.049583 0.064473 
-0.001750 0.048399 0.066518 
-0.000250 0.048424 0.066758 
-0.000750 0.048436 0.066878 
-0.012750 0.036172 0.069314 
-0.012000 0.035652 0.070876 
-0.012500 0.038297 0.069668 
-0.012500 0.037001 0.070512 
-0.012000 0.038442 0.070989 
-0.011500 0.035746 0.071716 
-0.010750 0.035214 0.073159 
-0.011000 0.035934 0.073397 
-0.010250 0.035308 0.073999 
-0.011500 0.037214 0.072433 
-0.011500 0.038548 0.071949 
-0.011000 0.037320 0.073393 
-0.010500 0.037386 0.073993 
-0.010250 0.038079 0.073992 
-0.012250 0.038992 0.069666 
-0.011750 0.040421 0.070023 
-0.011750 0.039150 0.071107 
-0.011250 0.040551 0.071223 
-0.011250 0.041772 0.069659 
-0.010250 0.043213 0.070135 
-0.011000 0.041245 0.071221 
-0.010250 0.041965 0.071460 
-0.010000 0.042647 0.071338 
-0.011250 0.039242 0.071947 
-0.010500 0.039988 0.072426 
-0.010250 0.040668 0.072304 
-0.009750 0.039413 0.073508 
-0.010000 0.041336 0.072062 
-0.010000 0.036068 0.074597 
-0.010250 0.036747 0.074475 
-0.009750 0.038119 0.074352 
-0.009500 0.038772 0.073990 
-0.009250 0.043366 0.071576 
-0.009250 0.039439 0.073748 
-0.008750 0.040773 0.073264 
-0.009250 0.042043 0.072180 
-0.008250 0.042108 0.072780 
-0.009000 0.042724 0.072058 
-0.008250 0.043443 0.072296 
-0.008500 0.041440 0.073022 
-0.008000 0.042891 0.073619 
-0.008500 0.034710 0.074841 
-0.009250 0.035416 0.074959 
-0.007500 0.034818 0.075801 
-0.009000 0.036162 0.075438 
-0.007750 0.035550 0.076160 
-0.007000 0.034872 0.076282 
-0.009250 0.036827 0.075196 
-0.009250 0.038146 0.074592 
-0.008750 0.036867 0.075556 
-0.008250 0.036921 0.076036 
-0.007750 0.038318 0.076153 
-0.007500 0.036283 0.076518 
-0.006500 0.034940 0.076882 
-0.005500 0.035021 0.077602 
-0.006750 0.035658 0.077120 
-0.005000 0.035048 0.077842 
-0.006000 0.036417 0.077718 
-0.005250 0.035766 0.078080 
-0.007250 0.037014 0.076876 
-0.007250 0.038371 0.076633 
-0.006750 0.037068 0.077357 
-0.006750 0.038397 0.076873 
-0.005750 0.038477 0.077593 
-0.005250 0.037148 0.078077 
-0.005500 0.037826 0.077955 
-0.003250 0.034330 0.077604 
-0.004000 0.035102 0.078322 
-0.002750 0.034384 0.078084 
-0.004250 0.035820 0.078560 
-0.003250 0.035847 0.078800 
-0.001750 0.034438 0.078564 
-0.000750 0.034465 0.078804 
-0.004250 0.037202 0.078557 
-0.003250 0.037215 0.078677 
-0.004250 0.038543 0.078193 
-0.003250 0.038570 0.078433 
-0.001750 0.038610 0.078794 
-0.008750 0.039505 0.074348 
-0.008250 0.039557 0.074828 
-0.008500 0.040171 0.074106 
-0.007750 0.040968 0.075065 
-0.007750 0.039649 0.075669 
-0.007500 0.040341 0.075667 
-0.006750 0.041059 0.075905 
-0.008000 0.041609 0.074583 
-0.007500 0.042968 0.074339 
-0.006500 0.043045 0.075060 
-0.006500 0.041738 0.075783 
-0.005500 0.041803 0.076384 
-0.006250 0.042418 0.075662 
-0.005500 0.043110 0.075660 
-0.006500 0.039089 0.076871 
-0.005500 0.039155 0.077471 
-0.006000 0.040446 0.076627 
-0.005500 0.040472 0.076867 
-0.005000 0.039181 0.077711 
-0.005000 0.041829 0.076624 
-0.004500 0.043161 0.076140 
-0.004750 0.039859 0.077589 
-0.004500 0.040525 0.077348 
-0.004000 0.039221 0.078071 
-0.003000 0.039247 0.078312 
-0.003000 0.040577 0.077828 
-0.002000 0.039274 0.078552 
-0.000750 0.039991 0.078790 
-0.002000 0.040603 0.078068 
-0.001000 0.040642 0.078428 
-0.004000 0.041868 0.076984 
-0.003000 0.041907 0.077344 
-0.004250 0.042521 0.076622 
-0.003000 0.043226 0.076740 
-0.002000 0.041933 0.077584 
-0.002000 0.043251 0.076981 
-0.000500 0.043303 0.077461 
-0.001750 0.041281 0.077946 
-0.000500 0.041985 0.078065 
-0.000250 0.042663 0.077943 
-0.008750 0.044589 0.070011 
-0.008000 0.045309 0.070250 
-0.009000 0.044035 0.071334 
-0.008250 0.044729 0.071332 
-0.007500 0.045385 0.070970 
-0.006250 0.046142 0.071569 
-0.005000 0.046824 0.071447 
-0.008500 0.044086 0.071814 
-0.008000 0.044150 0.072415 
-0.007250 0.044881 0.072773 
-0.007500 0.044213 0.073015 
-0.006500 0.045549 0.072531 
-0.007000 0.044264 0.073495 
-0.006250 0.044957 0.073493 
-0.005500 0.045613 0.073131 
-0.005250 0.046243 0.072529 
-0.003750 0.047480 0.071085 
-0.003250 0.047493 0.071205 
-0.001500 0.048063 0.070002 
-0.001000 0.048088 0.070242 
-0.000500 0.048162 0.070963 
-0.004500 0.045688 0.073852 
-0.004000 0.046911 0.072287 
-0.003500 0.046924 0.072407 
-0.004250 0.046306 0.073129 
-0.003250 0.046356 0.073610 
-0.001750 0.047580 0.072045 
-0.000750 0.047618 0.072405 
-0.002000 0.046999 0.073128 
-0.000500 0.047087 0.073968 
-0.006750 0.043674 0.074457 
-0.005500 0.044379 0.074576 
-0.005250 0.045034 0.074214 
-0.005250 0.043763 0.075298 
-0.004500 0.044443 0.075176 
-0.004250 0.045084 0.074694 
-0.003000 0.045777 0.074692 
-0.004250 0.043827 0.075898 
-0.003000 0.044532 0.076017 
-0.002750 0.045186 0.075654 
-0.002000 0.044558 0.076257 
-0.001750 0.045224 0.076015 
-0.000750 0.045249 0.076255 
-0.001750 0.046457 0.074570 
-0.000750 0.046482 0.074810 
-0.002750 0.043892 0.076499 
-0.001750 0.043917 0.076739 
-0.000750 0.043956 0.077099 
-0.028500 0.062390 0.060746 
-0.027250 0.061666 0.060385 
-0.028000 0.062466 0.061586 
-0.026750 0.061775 0.061585 
-0.026250 0.061819 0.062065 
-0.027500 0.062531 0.062306 
-0.027000 0.062553 0.062546 
-0.024500 0.061195 0.062785 
-0.025750 0.061874 0.062665 
-0.025500 0.062683 0.063986 
-0.024250 0.061973 0.063745 
-0.021000 0.059704 0.061583 
-0.019500 0.059726 0.061823 
-0.023750 0.060394 0.061584 
-0.023250 0.060472 0.062424 
-0.022250 0.060494 0.062664 
-0.023000 0.061283 0.063745 
-0.022000 0.061317 0.064105 
-0.023250 0.062027 0.064346 
-0.021250 0.060539 0.063144 
-0.021000 0.061339 0.064345 
-0.019750 0.060605 0.063864 
-0.022750 0.062049 0.064586 
-0.022250 0.062082 0.064946 
-0.020500 0.061372 0.064705 
-0.019500 0.061405 0.065065 
-0.021250 0.062137 0.065546 
-0.020750 0.062170 0.065906 
-0.019750 0.062214 0.066386 
-0.033500 0.066464 0.059910 
-0.033750 0.067372 0.062431 
-0.031250 0.064410 0.060148 
-0.030500 0.063697 0.059907 
-0.029250 0.063038 0.060266 
-0.030750 0.064431 0.060388 
-0.029500 0.063847 0.061587 
-0.030250 0.064516 0.061348 
-0.032750 0.065772 0.059910 
-0.032250 0.065793 0.060150 
-0.033000 0.066495 0.060270 
-0.031750 0.065866 0.060989 
-0.031000 0.065186 0.061109 
-0.029750 0.064644 0.062788 
-0.029250 0.064697 0.063388 
-0.032500 0.066754 0.063270 
-0.031250 0.066086 0.063509 
-0.032750 0.067495 0.063870 
-0.032000 0.066806 0.063870 
-0.030500 0.065344 0.062909 
-0.030750 0.066117 0.063869 
-0.029500 0.065439 0.063989 
-0.036000 0.069301 0.060753 
-0.035750 0.068539 0.059913 
-0.035250 0.068671 0.061472 
-0.034500 0.068031 0.062071 
-0.035500 0.069361 0.061473 
-0.036500 0.070693 0.060875 
-0.038000 0.071988 0.059797 
-0.036000 0.070743 0.061475 
-0.035500 0.070753 0.061595 
-0.034000 0.068113 0.063031 
-0.034750 0.068742 0.062312 
-0.034250 0.068823 0.063272 
-0.033500 0.068154 0.063511 
-0.034000 0.069562 0.063872 
-0.034750 0.070221 0.063513 
-0.034250 0.070271 0.064113 
-0.033000 0.068195 0.063991 
-0.032250 0.067526 0.064230 
-0.033250 0.068894 0.064112 
-0.029250 0.066243 0.065309 
-0.030500 0.066900 0.064950 
-0.028750 0.066274 0.065669 
-0.029000 0.067014 0.066270 
-0.036250 0.071718 0.064954 
-0.033750 0.070321 0.064713 
-0.035000 0.071158 0.066512 
-0.034500 0.071178 0.066752 
-0.035250 0.071914 0.067352 
-0.034000 0.071257 0.067712 
-0.034250 0.072021 0.068672 
-0.031500 0.068287 0.065071 
-0.033000 0.069623 0.064592 
-0.031750 0.068965 0.064951 
-0.030750 0.067619 0.065310 
-0.030500 0.068358 0.065911 
-0.029750 0.067701 0.066270 
-0.030750 0.069056 0.066031 
-0.030000 0.068440 0.066870 
-0.029500 0.068481 0.067350 
-0.030250 0.069238 0.068190 
-0.032750 0.070530 0.067231 
-0.031500 0.069944 0.068431 
-0.028250 0.063232 0.062427 
-0.028500 0.063986 0.063147 
-0.026750 0.063340 0.063627 
-0.028250 0.064761 0.064108 
-0.027000 0.064072 0.064107 
-0.025750 0.063405 0.064347 
-0.026000 0.064104 0.064467 
-0.026750 0.064814 0.064708 
-0.025250 0.063426 0.064587 
-0.024750 0.063448 0.064827 
-0.025500 0.064147 0.064948 
-0.024250 0.063610 0.066627 
-0.028000 0.065534 0.065069 
-0.027000 0.065566 0.065429 
-0.028250 0.066306 0.066029 
-0.027750 0.066337 0.066389 
-0.025750 0.065037 0.067228 
-0.024500 0.064393 0.067708 
-0.028000 0.067087 0.067109 
-0.027250 0.066400 0.067109 
-0.027000 0.067201 0.068429 
-0.026000 0.065776 0.067828 
-0.025500 0.065819 0.068308 
-0.024500 0.065893 0.069148 
-0.025750 0.066546 0.068789 
-0.023500 0.062770 0.064946 
-0.023000 0.062846 0.065787 
-0.022500 0.062868 0.066027 
-0.023250 0.063685 0.067467 
-0.022000 0.062955 0.066987 
-0.022250 0.063750 0.068187 
-0.023000 0.064479 0.068668 
-0.022000 0.064511 0.069028 
-0.021000 0.062988 0.067347 
-0.020000 0.063010 0.067587 
-0.020750 0.063782 0.068547 
-0.019750 0.063815 0.068907 
-0.021500 0.064511 0.069028 
-0.023250 0.065207 0.069148 
-0.028250 0.067804 0.067470 
-0.027750 0.067897 0.068549 
-0.027250 0.067928 0.068909 
-0.033750 0.072090 0.069511 
-0.029250 0.069350 0.069510 
-0.028750 0.069431 0.070470 
-0.031750 0.070750 0.069871 
-0.032500 0.071455 0.070111 
-0.031250 0.070800 0.070470 
-0.032750 0.072188 0.070711 
-0.031500 0.071534 0.071070 
-0.030500 0.070085 0.070110 
-0.030750 0.070850 0.071070 
-0.029500 0.070166 0.071070 
-0.031750 0.072267 0.071670 
-0.029250 0.070959 0.072389 
-0.030500 0.071623 0.072150 
-0.029000 0.071712 0.073229 
-0.024000 0.065914 0.069388 
-0.025500 0.067305 0.069629 
-0.024250 0.066630 0.069749 
-0.024000 0.067377 0.070469 
-0.021000 0.064533 0.069268 
-0.019500 0.064565 0.069628 
-0.023500 0.065935 0.069628 
-0.022000 0.065987 0.070228 
-0.023250 0.066683 0.070349 
-0.023000 0.067419 0.070949 
-0.022250 0.066724 0.070828 
-0.020750 0.065282 0.069988 
-0.019750 0.065303 0.070228 
-0.021000 0.066019 0.070588 
-0.019500 0.066051 0.070948 
-0.020750 0.066766 0.071309 
-0.019750 0.066787 0.071548 
-0.021000 0.067492 0.071789 
-0.019250 0.066808 0.071788 
-0.027500 0.068665 0.069510 
-0.026750 0.067969 0.069389 
-0.027000 0.068705 0.069990 
-0.028250 0.069461 0.070830 
-0.027250 0.069522 0.071549 
-0.025750 0.068031 0.070109 
-0.024250 0.068113 0.071069 
-0.025500 0.068787 0.070949 
-0.025000 0.068828 0.071429 
-0.026750 0.069542 0.071789 
-0.025750 0.069603 0.072509 
-0.024500 0.068859 0.071789 
-0.024250 0.069674 0.073349 
-0.028000 0.070266 0.072269 
-0.027000 0.070306 0.072749 
-0.027750 0.071029 0.073229 
-0.026500 0.070336 0.073109 
-0.028000 0.071761 0.073829 
-0.025500 0.070377 0.073589 
-0.025000 0.070407 0.073949 
-0.023750 0.068134 0.071309 
-0.023250 0.068165 0.071669 
-0.022250 0.068206 0.072149 
-0.023500 0.068910 0.072389 
-0.023250 0.069704 0.073709 
-0.022000 0.068981 0.073229 
-0.021250 0.068247 0.072629 
-0.020000 0.067533 0.072269 
-0.019750 0.068319 0.073468 
-0.021500 0.069012 0.073589 
-0.027500 0.071781 0.074069 
-0.027000 0.071801 0.074309 
-0.024000 0.070447 0.074429 
-0.026000 0.071830 0.074669 
-0.024750 0.071159 0.074789 
-0.024500 0.071889 0.075388 
-0.022750 0.069735 0.074069 
-0.022250 0.069765 0.074428 
-0.020500 0.069073 0.074308 
-0.019500 0.069104 0.074668 
-0.019750 0.069867 0.075628 
-0.023500 0.070467 0.074668 
-0.022500 0.070497 0.075028 
-0.023750 0.071189 0.075148 
-0.022000 0.070527 0.075388 
-0.023500 0.071929 0.075868 
-0.022250 0.071258 0.075988 
-0.021000 0.070568 0.075868 
-0.020000 0.070608 0.076348 
-0.022000 0.072008 0.076828 
-0.019500 0.070628 0.076588 
-0.020750 0.071328 0.076828 
-0.019750 0.071368 0.077307 
-0.019500 0.072107 0.078027 
-0.018500 0.059737 0.061943 
-0.017000 0.059704 0.061583 
-0.014750 0.058855 0.059901 
-0.014500 0.059748 0.062063 
-0.018000 0.059760 0.062183 
-0.017500 0.059760 0.062183 
-0.016000 0.059804 0.062663 
-0.015000 0.059771 0.062303 
-0.018750 0.060583 0.063624 
-0.017250 0.060628 0.064104 
-0.016250 0.060617 0.063984 
-0.014750 0.060628 0.064104 
-0.014250 0.058878 0.060142 
-0.012750 0.058878 0.060142 
-0.014000 0.059748 0.062063 
-0.012500 0.059748 0.062063 
-0.011250 0.058844 0.059781 
-0.011000 0.059715 0.061703 
-0.010500 0.059692 0.061463 
-0.013500 0.059771 0.062303 
-0.013000 0.059760 0.062183 
-0.011500 0.059760 0.062183 
-0.013750 0.060605 0.063864 
-0.012750 0.060594 0.063744 
-0.011250 0.060550 0.063264 
-0.010250 0.060528 0.063024 
-0.011750 0.060572 0.063504 
-0.010500 0.061350 0.064465 
-0.019000 0.061427 0.065305 
-0.017500 0.061460 0.065665 
-0.018000 0.061471 0.065785 
-0.018750 0.062225 0.066506 
-0.016000 0.061460 0.065665 
-0.015500 0.061460 0.065665 
-0.016500 0.061482 0.065905 
-0.015000 0.061471 0.065785 
-0.015750 0.062247 0.066746 
-0.014750 0.062247 0.066746 
-0.017250 0.062257 0.066866 
-0.016250 0.062257 0.066866 
-0.013500 0.061438 0.065425 
-0.012500 0.061416 0.065185 
-0.013250 0.062236 0.066626 
-0.012250 0.062236 0.066626 
-0.011500 0.061383 0.064825 
-0.010000 0.061361 0.064585 
-0.011250 0.062214 0.066386 
-0.010250 0.062192 0.066146 
-0.013750 0.062257 0.066866 
-0.012750 0.062257 0.066866 
-0.003000 0.054049 0.060256 
-0.002750 0.054764 0.060497 
-0.002250 0.053409 0.060859 
-0.002250 0.054787 0.060737 
-0.001750 0.053457 0.061339 
-0.000750 0.053516 0.061939 
-0.001750 0.054834 0.061218 
-0.000750 0.054893 0.061818 
-0.002750 0.056146 0.060499 
-0.003750 0.057472 0.059900 
-0.003250 0.057506 0.060260 
-0.002250 0.056181 0.060859 
-0.001750 0.056216 0.061219 
-0.000750 0.056274 0.061820 
-0.001750 0.057609 0.061341 
-0.000750 0.057666 0.061941 
-0.000250 0.053552 0.062300 
-0.000250 0.054929 0.062178 
-0.000250 0.056309 0.062180 
-0.000250 0.057689 0.062181 
-0.009000 0.059614 0.060623 
-0.008000 0.059591 0.060383 
-0.009500 0.059659 0.061103 
-0.006500 0.059558 0.060022 
-0.005500 0.059547 0.059902 
-0.007750 0.060439 0.062064 
-0.006750 0.060383 0.061464 
-0.005250 0.060361 0.061223 
-0.008750 0.060483 0.062544 
-0.008250 0.060472 0.062424 
-0.009000 0.061328 0.064225 
-0.008000 0.061306 0.063985 
-0.006000 0.061217 0.063025 
-0.005500 0.061162 0.062425 
-0.006500 0.061250 0.063385 
-0.005250 0.062027 0.064346 
-0.004250 0.058855 0.059901 
-0.003000 0.058231 0.060621 
-0.004000 0.059603 0.060503 
-0.003500 0.059636 0.060863 
-0.002750 0.058957 0.060982 
-0.003000 0.059670 0.061223 
-0.002000 0.058300 0.061341 
-0.001000 0.058345 0.061822 
-0.002000 0.059704 0.061583 
-0.001000 0.059748 0.062063 
-0.003750 0.060361 0.061223 
-0.002750 0.060394 0.061584 
-0.001750 0.060439 0.062064 
-0.000500 0.058379 0.062182 
-0.000500 0.059771 0.062303 
-0.004500 0.061173 0.062545 
-0.002500 0.061140 0.062185 
-0.002750 0.061918 0.063145 
-0.004250 0.061983 0.063866 
-0.003250 0.061962 0.063625 
-0.001500 0.061162 0.062425 
-0.000500 0.061184 0.062665 
-0.001750 0.061907 0.063025 
-0.000750 0.061907 0.063025 
-0.001500 0.062694 0.064106 
-0.000500 0.062662 0.063746 
-0.008750 0.062137 0.065546 
-0.007750 0.062126 0.065426 
-0.009250 0.062170 0.065906 
-0.006750 0.062104 0.065186 
-0.005750 0.062060 0.064706 
-0.018500 0.063031 0.067827 
-0.018750 0.063815 0.068907 
-0.017250 0.063826 0.069027 
-0.016500 0.063042 0.067947 
-0.015500 0.063042 0.067947 
-0.016000 0.063053 0.068067 
-0.015000 0.063053 0.068067 
-0.013500 0.063042 0.067947 
-0.012500 0.063042 0.067947 
-0.013750 0.063837 0.069147 
-0.012750 0.063826 0.069027 
-0.011000 0.063021 0.067707 
-0.010000 0.063021 0.067707 
-0.011250 0.063826 0.069027 
-0.010250 0.063815 0.068907 
-0.006000 0.062923 0.066627 
-0.005500 0.062901 0.066386 
-0.009000 0.062988 0.067347 
-0.008000 0.062955 0.066987 
-0.009250 0.063804 0.068787 
-0.007750 0.063761 0.068307 
-0.006500 0.062944 0.066867 
-0.005250 0.063728 0.067947 
-0.006750 0.063739 0.068067 
-0.005750 0.063739 0.068067 
-0.005500 0.064522 0.069148 
-0.003000 0.062781 0.065066 
-0.004500 0.062879 0.066147 
-0.002000 0.062738 0.064586 
-0.000750 0.063502 0.065427 
-0.001750 0.063567 0.066147 
-0.004250 0.063675 0.067347 
-0.003250 0.063664 0.067227 
-0.004000 0.064500 0.068908 
-0.003000 0.064468 0.068548 
-0.001500 0.064404 0.067828 
-0.000500 0.064350 0.067228 
-0.002000 0.064436 0.068188 
-0.001750 0.065207 0.069148 
-0.000750 0.065154 0.068548 
-0.016750 0.063847 0.069267 
-0.018500 0.064575 0.069748 
-0.017500 0.064586 0.069868 
-0.015250 0.063847 0.069267 
-0.016000 0.064608 0.070108 
-0.015000 0.064618 0.070228 
-0.018500 0.066072 0.071188 
-0.017250 0.065345 0.070708 
-0.016250 0.065356 0.070828 
-0.014750 0.065377 0.071068 
-0.018250 0.066829 0.072028 
-0.017250 0.066840 0.072148 
-0.016000 0.066114 0.071668 
-0.015000 0.066125 0.071788 
-0.016250 0.066860 0.072388 
-0.015250 0.066881 0.072628 
-0.014750 0.066902 0.072868 
-0.013500 0.064618 0.070228 
-0.012500 0.064618 0.070228 
-0.011500 0.064608 0.070108 
-0.010000 0.064608 0.070108 
-0.013750 0.065388 0.071188 
-0.012750 0.065398 0.071308 
-0.011250 0.065398 0.071308 
-0.010250 0.065388 0.071188 
-0.013500 0.066156 0.072148 
-0.012500 0.066177 0.072388 
-0.013750 0.066944 0.073348 
-0.012750 0.066944 0.073348 
-0.011500 0.066177 0.072388 
-0.010000 0.066188 0.072508 
-0.011250 0.066955 0.073468 
-0.010250 0.066965 0.073588 
-0.018500 0.067564 0.072628 
-0.018000 0.067595 0.072989 
-0.017500 0.067616 0.073228 
-0.016000 0.067658 0.073708 
-0.015500 0.067679 0.073948 
-0.018250 0.068392 0.074308 
-0.017250 0.068422 0.074668 
-0.019000 0.069135 0.075028 
-0.018500 0.069155 0.075268 
-0.017500 0.069186 0.075628 
-0.016250 0.068443 0.074908 
-0.015000 0.067699 0.074188 
-0.016000 0.069206 0.075868 
-0.015000 0.069216 0.075988 
-0.018750 0.069897 0.075988 
-0.017750 0.069917 0.076228 
-0.018500 0.070658 0.076948 
-0.017500 0.070678 0.077188 
-0.018750 0.071388 0.077547 
-0.018500 0.072127 0.078267 
-0.017250 0.071428 0.078027 
-0.016000 0.070708 0.077547 
-0.014750 0.069978 0.076948 
-0.015000 0.070718 0.077667 
-0.016250 0.071438 0.078147 
-0.014750 0.071458 0.078387 
-0.013500 0.067710 0.074308 
-0.012500 0.067710 0.074308 
-0.013750 0.068474 0.075268 
-0.012750 0.068484 0.075388 
-0.013500 0.069227 0.076108 
-0.012500 0.069237 0.076228 
-0.011500 0.067720 0.074428 
-0.010000 0.067730 0.074548 
-0.011250 0.068484 0.075388 
-0.010250 0.068484 0.075388 
-0.011500 0.069237 0.076228 
-0.010000 0.069227 0.076108 
-0.013750 0.069988 0.077068 
-0.012750 0.069978 0.076948 
-0.013500 0.070728 0.077787 
-0.012500 0.070728 0.077787 
-0.013750 0.071468 0.078507 
-0.012750 0.071468 0.078507 
-0.011250 0.069988 0.077068 
-0.010250 0.069978 0.076948 
-0.011500 0.070728 0.077787 
-0.010500 0.070728 0.077787 
-0.011250 0.071468 0.078507 
-0.010250 0.071468 0.078507 
-0.009000 0.064597 0.069988 
-0.007500 0.064586 0.069868 
-0.006500 0.064575 0.069748 
-0.005000 0.064533 0.069268 
-0.008750 0.065398 0.071308 
-0.007750 0.065388 0.071188 
-0.006750 0.065356 0.070828 
-0.005750 0.065345 0.070708 
-0.009000 0.066177 0.072388 
-0.007500 0.066167 0.072268 
-0.008750 0.066955 0.073468 
-0.007750 0.066955 0.073468 
-0.006500 0.066135 0.071908 
-0.005500 0.066114 0.071668 
-0.005250 0.066892 0.072748 
-0.006750 0.066923 0.073108 
-0.004250 0.065303 0.070228 
-0.003250 0.065271 0.069868 
-0.004000 0.066072 0.071188 
-0.003000 0.066040 0.070828 
-0.001500 0.065966 0.069988 
-0.000500 0.065924 0.069508 
-0.000250 0.066683 0.070349 
-0.001750 0.066756 0.071189 
-0.000750 0.066703 0.070589 
-0.004250 0.066860 0.072388 
-0.003250 0.066819 0.071908 
-0.001500 0.067492 0.071789 
-0.001000 0.067481 0.071669 
-0.006500 0.067679 0.073948 
-0.005500 0.067658 0.073708 
-0.003000 0.067564 0.072628 
-0.004500 0.067616 0.073228 
-0.002750 0.068299 0.073229 
-0.002500 0.069032 0.073829 
-0.001250 0.068237 0.072509 
-0.000750 0.068227 0.072389 
-0.001750 0.068268 0.072869 
-0.002000 0.069012 0.073589 
-0.000750 0.069704 0.073709 
-0.009000 0.067710 0.074308 
-0.008000 0.067710 0.074308 
-0.009250 0.068474 0.075268 
-0.009000 0.069227 0.076108 
-0.008000 0.069206 0.075868 
-0.006750 0.068443 0.074908 
-0.005250 0.068402 0.074428 
-0.005000 0.069135 0.075028 
-0.006500 0.069175 0.075508 
-0.005500 0.069155 0.075268 
-0.007250 0.069927 0.076348 
-0.006250 0.069907 0.076108 
-0.005000 0.070608 0.076348 
-0.009000 0.070708 0.077547 
-0.007500 0.070688 0.077308 
-0.009500 0.070718 0.077667 
-0.008750 0.071448 0.078267 
-0.007750 0.071428 0.078027 
-0.006500 0.070658 0.076948 
-0.005500 0.070628 0.076588 
-0.006250 0.071388 0.077547 
-0.005250 0.071358 0.077188 
-0.006500 0.072127 0.078267 
-0.005500 0.072097 0.077907 
-0.004250 0.068371 0.074068 
-0.004000 0.069104 0.074668 
-0.003000 0.069063 0.074189 
-0.004250 0.069856 0.075508 
-0.002250 0.069765 0.074428 
-0.004000 0.070578 0.075988 
-0.003000 0.070537 0.075508 
-0.002750 0.071268 0.076108 
-0.001500 0.070467 0.074668 
-0.000500 0.070437 0.074309 
-0.000250 0.071159 0.074789 
-0.001500 0.071949 0.076108 
-0.000500 0.071899 0.075508 
-0.004250 0.071328 0.076828 
-0.003000 0.072008 0.076828 
-0.045750 0.080168 0.048541 
-0.044250 0.076620 0.057045 
-0.043250 0.075372 0.058842 
-0.043500 0.076083 0.059083 
-0.040750 0.072554 0.058239 
-0.041000 0.073304 0.058959 
-0.042250 0.073968 0.058600 
-0.041250 0.074025 0.059320 
-0.038750 0.072554 0.058239 
-0.040000 0.073324 0.059199 
-0.039250 0.072593 0.058718 
-0.040250 0.074035 0.059440 
-0.042750 0.075410 0.059322 
-0.041500 0.074736 0.059560 
-0.043000 0.076129 0.059682 
-0.044500 0.077332 0.057286 
-0.046000 0.081339 0.055134 
-0.044750 0.078052 0.057647 
-0.045000 0.078772 0.058007 
-0.044000 0.077468 0.059084 
-0.045500 0.081604 0.058850 
-0.044750 0.079492 0.058367 
-0.044500 0.080237 0.059088 
-0.044750 0.080912 0.058849 
-0.048250 0.090147 0.051312 
-0.048000 0.089460 0.051552 
-0.048000 0.090871 0.051672 
-0.046250 0.083407 0.054898 
-0.047750 0.086164 0.054543 
-0.047750 0.090184 0.051911 
-0.047250 0.088866 0.053228 
-0.047500 0.086883 0.054903 
-0.047500 0.088235 0.054306 
-0.047500 0.089528 0.052630 
-0.046250 0.082034 0.055135 
-0.047000 0.084119 0.055138 
-0.046500 0.084119 0.055138 
-0.046750 0.084830 0.055379 
-0.047250 0.086228 0.055501 
-0.045750 0.082322 0.059210 
-0.046000 0.083048 0.059690 
-0.045250 0.082322 0.059210 
-0.047000 0.086931 0.055622 
-0.048000 0.092259 0.051433 
-0.047500 0.095365 0.056585 
-0.047500 0.094089 0.058620 
-0.047000 0.095497 0.058860 
-0.047500 0.096728 0.055986 
-0.047000 0.096768 0.056705 
-0.046750 0.097474 0.056825 
-0.044750 0.105979 0.059462 
-0.044250 0.107366 0.059342 
-0.043750 0.108732 0.058744 
-0.043250 0.076849 0.060043 
-0.038250 0.072805 0.061357 
-0.041250 0.075465 0.060041 
-0.042500 0.076157 0.060042 
-0.039500 0.073591 0.062557 
-0.039000 0.073668 0.063516 
-0.040750 0.075791 0.064237 
-0.041500 0.076480 0.064238 
-0.040500 0.075065 0.063757 
-0.043500 0.077568 0.060403 
-0.044000 0.078968 0.060644 
-0.043500 0.079004 0.061124 
-0.044000 0.080342 0.060526 
-0.044250 0.080998 0.060047 
-0.043750 0.079712 0.061364 
-0.044500 0.081776 0.061247 
-0.043750 0.081102 0.061486 
-0.043250 0.079783 0.062323 
-0.043250 0.081215 0.063044 
-0.043000 0.077568 0.060403 
-0.042500 0.077649 0.061482 
-0.042750 0.078358 0.061722 
-0.042000 0.077694 0.062081 
-0.042250 0.078447 0.062921 
-0.042750 0.079835 0.063042 
-0.042250 0.079897 0.063881 
-0.042750 0.081275 0.063883 
-0.039750 0.074433 0.064476 
-0.038500 0.073830 0.065555 
-0.038750 0.074556 0.066035 
-0.041000 0.076498 0.064478 
-0.040000 0.075159 0.064956 
-0.040500 0.076581 0.065557 
-0.039500 0.075225 0.065796 
-0.039000 0.075272 0.066395 
-0.039750 0.075949 0.066276 
-0.039250 0.075987 0.066756 
-0.040000 0.076692 0.066996 
-0.039000 0.076711 0.067235 
-0.038500 0.076831 0.068794 
-0.041500 0.077921 0.065078 
-0.042000 0.079324 0.065439 
-0.041750 0.078627 0.065319 
-0.040750 0.077288 0.065797 
-0.041250 0.078663 0.065798 
-0.041250 0.080047 0.065919 
-0.042000 0.080726 0.065800 
-0.041500 0.080770 0.066399 
-0.040750 0.078807 0.067716 
-0.040250 0.077406 0.067356 
-0.039250 0.077406 0.067356 
-0.040250 0.078815 0.067836 
-0.039750 0.078914 0.069155 
-0.041000 0.079502 0.067837 
-0.041250 0.081509 0.067119 
-0.040750 0.080241 0.068556 
-0.041000 0.080927 0.068557 
-0.040250 0.080276 0.069036 
-0.040500 0.080962 0.069036 
-0.044750 0.082517 0.061966 
-0.046500 0.085953 0.061730 
-0.045750 0.083931 0.062447 
-0.044250 0.082543 0.062326 
-0.043750 0.082577 0.062805 
-0.045000 0.083250 0.062566 
-0.044000 0.083292 0.063166 
-0.043250 0.082636 0.063644 
-0.044250 0.084006 0.063526 
-0.043500 0.083351 0.064004 
-0.046000 0.084629 0.062568 
-0.046000 0.086034 0.062928 
-0.045500 0.086082 0.063647 
-0.044500 0.084737 0.064125 
-0.043000 0.081964 0.063883 
-0.046500 0.087350 0.061971 
-0.046750 0.088024 0.061733 
-0.046750 0.089402 0.061614 
-0.047250 0.090755 0.061015 
-0.046250 0.086699 0.062570 
-0.046250 0.088087 0.062691 
-0.046000 0.087452 0.063529 
-0.045750 0.088157 0.063769 
-0.046250 0.089471 0.062692 
-0.046750 0.090830 0.062213 
-0.046250 0.090875 0.062931 
-0.045750 0.089548 0.063890 
-0.045750 0.090927 0.063770 
-0.043750 0.084089 0.064724 
-0.043250 0.084164 0.065802 
-0.044000 0.084811 0.065204 
-0.045000 0.086147 0.064606 
-0.043500 0.084901 0.066522 
-0.044500 0.086243 0.066044 
-0.043750 0.085670 0.067721 
-0.043500 0.086413 0.068560 
-0.042750 0.082721 0.064843 
-0.043000 0.083443 0.065323 
-0.041750 0.082806 0.066041 
-0.042000 0.083502 0.066161 
-0.041500 0.082213 0.067359 
-0.040750 0.082993 0.068678 
-0.041000 0.083712 0.069157 
-0.042250 0.084289 0.067600 
-0.042500 0.085058 0.068799 
-0.041750 0.084389 0.069038 
-0.045000 0.087579 0.065446 
-0.045000 0.088939 0.065207 
-0.044750 0.086939 0.066164 
-0.045250 0.089586 0.064488 
-0.044750 0.091002 0.064968 
-0.044750 0.089678 0.065926 
-0.044500 0.090378 0.066046 
-0.044250 0.087003 0.067122 
-0.044750 0.088368 0.067004 
-0.043750 0.087091 0.068440 
-0.043750 0.088494 0.068920 
-0.044250 0.089785 0.067603 
-0.043750 0.089885 0.069160 
-0.043750 0.091220 0.068441 
-0.038750 0.077553 0.069274 
-0.039250 0.078977 0.069994 
-0.038250 0.079040 0.070833 
-0.040000 0.079635 0.069635 
-0.040250 0.081716 0.069995 
-0.038500 0.079760 0.071313 
-0.039500 0.081110 0.071074 
-0.039250 0.081829 0.071553 
-0.038750 0.080470 0.071673 
-0.038500 0.081189 0.072153 
-0.040500 0.082350 0.069276 
-0.040500 0.083787 0.070236 
-0.040000 0.082444 0.070595 
-0.040000 0.083829 0.070835 
-0.042000 0.085124 0.069757 
-0.041250 0.084447 0.069877 
-0.042250 0.085841 0.070237 
-0.041000 0.085190 0.070716 
-0.042000 0.086582 0.071076 
-0.041250 0.085906 0.071195 
-0.040250 0.084522 0.070955 
-0.039000 0.082538 0.071913 
-0.039000 0.083913 0.072033 
-0.038250 0.083306 0.073112 
-0.040750 0.085939 0.071675 
-0.039500 0.085280 0.072034 
-0.038750 0.084622 0.072393 
-0.039750 0.085972 0.072154 
-0.039250 0.086004 0.072633 
-0.038250 0.084680 0.073232 
-0.038750 0.086037 0.073112 
-0.043250 0.087178 0.069758 
-0.043250 0.088572 0.070118 
-0.043500 0.089233 0.069759 
-0.043500 0.090605 0.069639 
-0.043000 0.087903 0.070357 
-0.042250 0.087282 0.071316 
-0.042750 0.088634 0.071076 
-0.042500 0.089350 0.071556 
-0.042500 0.090719 0.071436 
-0.041250 0.087338 0.072154 
-0.042250 0.088681 0.071795 
-0.041500 0.088022 0.072154 
-0.040750 0.088775 0.073233 
-0.040250 0.087378 0.072753 
-0.039750 0.087442 0.073712 
-0.040500 0.088077 0.072993 
-0.042000 0.089381 0.072035 
-0.041500 0.089427 0.072754 
-0.042000 0.090765 0.072155 
-0.041000 0.089458 0.073233 
-0.041000 0.090856 0.073592 
-0.038250 0.086143 0.074670 
-0.039000 0.086808 0.074431 
-0.040000 0.088148 0.074071 
-0.038750 0.087554 0.075389 
-0.039000 0.088243 0.075509 
-0.040000 0.089558 0.074790 
-0.040000 0.090947 0.075029 
-0.039500 0.089605 0.075509 
-0.039000 0.089644 0.076108 
-0.039500 0.090992 0.075748 
-0.039250 0.090322 0.075988 
-0.038250 0.088994 0.076587 
-0.038500 0.089675 0.076587 
-0.038500 0.091068 0.076946 
-0.047750 0.092101 0.060296 
-0.047500 0.092819 0.060656 
-0.047250 0.092175 0.061494 
-0.047250 0.093558 0.061375 
-0.047000 0.094253 0.061375 
-0.046500 0.095664 0.061735 
-0.046750 0.092234 0.062452 
-0.046500 0.091561 0.062812 
-0.046750 0.093608 0.062213 
-0.046500 0.092950 0.062812 
-0.046000 0.091613 0.063650 
-0.046000 0.093001 0.063650 
-0.046500 0.094324 0.062573 
-0.046000 0.095741 0.063052 
-0.046000 0.094381 0.063531 
-0.045750 0.095117 0.064249 
-0.046750 0.096270 0.060178 
-0.046500 0.098371 0.060418 
-0.046500 0.097006 0.060896 
-0.046250 0.097742 0.061615 
-0.046250 0.099087 0.060777 
-0.046250 0.100490 0.061017 
-0.046000 0.097115 0.062813 
-0.045750 0.097830 0.063172 
-0.045750 0.096449 0.063291 
-0.045250 0.097863 0.063771 
-0.045750 0.099159 0.062094 
-0.045750 0.100574 0.062574 
-0.045250 0.099218 0.063172 
-0.044750 0.100606 0.063172 
-0.045500 0.093066 0.064728 
-0.044750 0.092395 0.065088 
-0.045000 0.093081 0.064968 
-0.044000 0.091755 0.065926 
-0.043500 0.093153 0.066166 
-0.045500 0.094459 0.064848 
-0.045500 0.095831 0.064609 
-0.045000 0.094474 0.065088 
-0.045000 0.095866 0.065208 
-0.044250 0.093853 0.066285 
-0.044000 0.094559 0.066525 
-0.044250 0.095244 0.066405 
-0.044000 0.095929 0.066285 
-0.043250 0.092572 0.067962 
-0.043500 0.091910 0.068441 
-0.043500 0.094701 0.068920 
-0.043750 0.095377 0.068681 
-0.043000 0.094715 0.069160 
-0.044750 0.096566 0.065328 
-0.044750 0.097964 0.065567 
-0.044250 0.096607 0.066046 
-0.044250 0.097984 0.065926 
-0.044750 0.099323 0.065088 
-0.044500 0.100035 0.065448 
-0.044250 0.099369 0.065926 
-0.044000 0.098697 0.066286 
-0.044250 0.100760 0.066046 
-0.044000 0.100087 0.066405 
-0.044000 0.097408 0.067962 
-0.043750 0.096758 0.068681 
-0.043750 0.098126 0.068441 
-0.043750 0.099421 0.066885 
-0.043500 0.100126 0.067124 
-0.043500 0.098823 0.068561 
-0.043000 0.100171 0.067962 
-0.042500 0.100217 0.068801 
-0.046250 0.101819 0.059820 
-0.046000 0.102509 0.059700 
-0.046000 0.101218 0.061616 
-0.045250 0.103309 0.061736 
-0.045500 0.103901 0.059701 
-0.045000 0.105306 0.059940 
-0.045000 0.103998 0.061616 
-0.044500 0.105399 0.061856 
-0.045500 0.101287 0.062933 
-0.045500 0.102632 0.062095 
-0.045000 0.101300 0.063172 
-0.045000 0.102682 0.063053 
-0.044500 0.101306 0.063292 
-0.044500 0.104070 0.063053 
-0.044000 0.104070 0.063053 
-0.044250 0.104770 0.063173 
-0.044000 0.105464 0.063173 
-0.043500 0.105499 0.063891 
-0.044500 0.106686 0.059701 
-0.044000 0.108079 0.059701 
-0.044250 0.106071 0.061377 
-0.044000 0.106778 0.061617 
-0.043750 0.107467 0.061497 
-0.043500 0.108162 0.061497 
-0.043750 0.106152 0.063053 
-0.043250 0.107507 0.062335 
-0.043250 0.106210 0.064251 
-0.043000 0.106909 0.064370 
-0.042750 0.107597 0.064251 
-0.042250 0.108918 0.062814 
-0.042500 0.109617 0.062934 
-0.041750 0.110343 0.063653 
-0.044250 0.102119 0.065567 
-0.044000 0.101464 0.066286 
-0.043500 0.102848 0.066286 
-0.043500 0.104196 0.065568 
-0.043250 0.104883 0.065448 
-0.043250 0.103546 0.066406 
-0.043250 0.102188 0.066885 
-0.043000 0.105569 0.065328 
-0.043000 0.104232 0.066286 
-0.042750 0.104918 0.066166 
-0.043000 0.101528 0.067483 
-0.042500 0.102910 0.067483 
-0.042000 0.101591 0.068681 
-0.042000 0.102978 0.068801 
-0.041500 0.102984 0.068920 
-0.042250 0.103601 0.067483 
-0.042250 0.104978 0.067364 
-0.041500 0.104359 0.068800 
-0.041250 0.105067 0.069160 
-0.042750 0.106262 0.065328 
-0.042250 0.107658 0.065568 
-0.042250 0.106308 0.066286 
-0.042000 0.107006 0.066406 
-0.041750 0.107692 0.066286 
-0.042000 0.108356 0.065688 
-0.041250 0.109082 0.066406 
-0.041500 0.109768 0.066286 
-0.041750 0.106360 0.067364 
-0.041250 0.107760 0.067723 
-0.041250 0.106418 0.068561 
-0.041000 0.107103 0.068441 
-0.041000 0.108451 0.067723 
-0.040750 0.110487 0.066885 
-0.040250 0.110508 0.067364 
-0.040500 0.108517 0.069160 
-0.043000 0.092000 0.069879 
-0.042500 0.093379 0.069879 
-0.042500 0.092037 0.070478 
-0.041750 0.092792 0.071556 
-0.042250 0.094061 0.069759 
-0.041750 0.094047 0.069519 
-0.042250 0.095434 0.069639 
-0.042000 0.092111 0.071675 
-0.041500 0.092163 0.072514 
-0.041500 0.093517 0.072154 
-0.041000 0.092215 0.073352 
-0.040750 0.092910 0.073472 
-0.040250 0.092939 0.073951 
-0.041250 0.094234 0.072633 
-0.041750 0.095581 0.072154 
-0.040750 0.094277 0.073352 
-0.041250 0.095631 0.072993 
-0.040250 0.094306 0.073831 
-0.043250 0.096806 0.069519 
-0.043250 0.098179 0.069399 
-0.042250 0.096827 0.069878 
-0.042750 0.098226 0.070238 
-0.042250 0.098247 0.070597 
-0.042750 0.099586 0.069878 
-0.042000 0.098956 0.070956 
-0.041750 0.099677 0.071555 
-0.042000 0.100334 0.070956 
-0.041750 0.096971 0.072393 
-0.041500 0.097673 0.072633 
-0.041250 0.097013 0.073112 
-0.041000 0.097714 0.073352 
-0.041500 0.099035 0.072393 
-0.041000 0.100431 0.072752 
-0.041000 0.099082 0.073232 
-0.040750 0.099782 0.073471 
-0.040500 0.099115 0.073830 
-0.040500 0.100476 0.073591 
-0.040000 0.092297 0.074670 
-0.039750 0.092991 0.074790 
-0.039500 0.092356 0.075628 
-0.039250 0.091708 0.076227 
-0.039250 0.093049 0.075748 
-0.039750 0.094342 0.074430 
-0.039250 0.094385 0.075149 
-0.039750 0.095715 0.074430 
-0.038750 0.094421 0.075747 
-0.038750 0.095807 0.075987 
-0.038750 0.091745 0.076826 
-0.038750 0.093101 0.076586 
-0.038250 0.095842 0.076586 
-0.040000 0.096402 0.074429 
-0.040000 0.097796 0.074789 
-0.039000 0.096499 0.076106 
-0.039500 0.097836 0.075507 
-0.039000 0.097870 0.076106 
-0.040000 0.099162 0.074668 
-0.040000 0.100515 0.074309 
-0.039500 0.099195 0.075267 
-0.039000 0.099228 0.075866 
-0.039000 0.100580 0.075507 
-0.038500 0.096520 0.076466 
-0.038500 0.097911 0.076825 
-0.038500 0.099268 0.076585 
-0.038250 0.099953 0.076585 
-0.041500 0.101711 0.070956 
-0.041250 0.102407 0.071076 
-0.041000 0.104413 0.069878 
-0.040750 0.105114 0.070118 
-0.040750 0.103784 0.071075 
-0.040500 0.104467 0.070956 
-0.040250 0.105150 0.070836 
-0.041000 0.101775 0.072153 
-0.040750 0.102463 0.072153 
-0.040750 0.101131 0.072992 
-0.040500 0.103145 0.072034 
-0.040000 0.101863 0.073830 
-0.040000 0.103194 0.072991 
-0.040250 0.103833 0.072033 
-0.039750 0.105198 0.071794 
-0.039750 0.103882 0.072991 
-0.039250 0.103918 0.073710 
-0.039500 0.104569 0.072991 
-0.038750 0.105281 0.073470 
-0.040750 0.106464 0.069519 
-0.040250 0.106499 0.070237 
-0.039750 0.107872 0.070117 
-0.039750 0.106540 0.071075 
-0.039500 0.107223 0.070955 
-0.039250 0.107917 0.071075 
-0.040000 0.108528 0.069399 
-0.039250 0.109235 0.069758 
-0.040000 0.109908 0.069399 
-0.039000 0.109935 0.069997 
-0.039000 0.108612 0.071195 
-0.038500 0.110000 0.071434 
-0.039500 0.105880 0.071674 
-0.038750 0.106603 0.072392 
-0.038500 0.107285 0.072272 
-0.038500 0.105956 0.073230 
-0.038500 0.108639 0.071793 
-0.038250 0.109333 0.071913 
-0.039750 0.101202 0.074309 
-0.039000 0.101933 0.075147 
-0.039250 0.102582 0.074428 
-0.038750 0.101272 0.075626 
-0.038250 0.102657 0.075865 
-0.038750 0.103955 0.074428 
-0.038250 0.105322 0.074308 
-0.037750 0.073181 0.066034 
-0.036500 0.072532 0.066513 
-0.038000 0.073907 0.066514 
-0.036750 0.073287 0.067353 
-0.037500 0.073964 0.067234 
-0.037000 0.074012 0.067833 
-0.036250 0.073345 0.068073 
-0.036500 0.074050 0.068313 
-0.035000 0.072707 0.068672 
-0.034500 0.072746 0.069152 
-0.038000 0.075384 0.067834 
-0.037500 0.075422 0.068314 
-0.036500 0.075478 0.069033 
-0.037750 0.076136 0.068674 
-0.034750 0.073470 0.069632 
-0.034000 0.072814 0.069991 
-0.035000 0.074174 0.069872 
-0.034500 0.074212 0.070352 
-0.034000 0.074251 0.070831 
-0.036000 0.075506 0.069393 
-0.037500 0.076886 0.069514 
-0.036250 0.076210 0.069633 
-0.035500 0.075544 0.069873 
-0.035250 0.076266 0.070353 
-0.034000 0.075647 0.071192 
-0.034750 0.076303 0.070832 
-0.034250 0.076340 0.071312 
-0.033500 0.075685 0.071671 
-0.033750 0.076368 0.071672 
-0.033000 0.072892 0.070951 
-0.033250 0.073586 0.071071 
-0.031500 0.073009 0.072390 
-0.032500 0.074356 0.072151 
-0.031750 0.073701 0.072510 
-0.031500 0.074423 0.072990 
-0.030750 0.072345 0.072630 
-0.030500 0.073077 0.073229 
-0.029250 0.072424 0.073589 
-0.030750 0.073769 0.073350 
-0.032750 0.075048 0.072271 
-0.032250 0.075077 0.072630 
-0.033250 0.076424 0.072391 
-0.031250 0.075134 0.073350 
-0.031750 0.076527 0.073710 
-0.030750 0.075172 0.073830 
-0.037750 0.077617 0.070113 
-0.036250 0.077690 0.071072 
-0.037750 0.079058 0.071073 
-0.037000 0.078383 0.071193 
-0.035750 0.077717 0.071432 
-0.037250 0.079103 0.071672 
-0.036750 0.079148 0.072272 
-0.035250 0.077754 0.071912 
-0.034250 0.077809 0.072631 
-0.033750 0.077864 0.073350 
-0.035000 0.078564 0.073590 
-0.034500 0.078582 0.073830 
-0.037500 0.079813 0.072032 
-0.038000 0.081224 0.072632 
-0.037250 0.080585 0.073231 
-0.036500 0.079929 0.073591 
-0.037500 0.081276 0.073351 
-0.033250 0.077900 0.073830 
-0.029000 0.073154 0.074189 
-0.030000 0.074518 0.074189 
-0.029250 0.073856 0.074429 
-0.031250 0.076582 0.074429 
-0.030250 0.075210 0.074309 
-0.029250 0.075257 0.074909 
-0.030750 0.076620 0.074909 
-0.029500 0.075957 0.075149 
-0.028750 0.075285 0.075268 
-0.030250 0.076676 0.075628 
-0.029750 0.076694 0.075868 
-0.028750 0.076759 0.076707 
-0.035250 0.079309 0.074430 
-0.034000 0.078609 0.074190 
-0.033500 0.078727 0.075748 
-0.036000 0.079991 0.074430 
-0.036500 0.081390 0.074909 
-0.036000 0.081416 0.075269 
-0.035500 0.080027 0.074909 
-0.035750 0.080726 0.075149 
-0.035000 0.080053 0.075269 
-0.034500 0.080089 0.075748 
-0.035500 0.081459 0.075868 
-0.034000 0.080142 0.076468 
-0.034000 0.081555 0.077187 
-0.033500 0.081590 0.077666 
-0.032750 0.078047 0.075748 
-0.031500 0.077375 0.075868 
-0.033000 0.078773 0.076348 
-0.031000 0.077403 0.076228 
-0.031750 0.078111 0.076587 
-0.032500 0.078800 0.076707 
-0.031500 0.078845 0.077307 
-0.030500 0.077430 0.076587 
-0.029500 0.077476 0.077187 
-0.029250 0.078211 0.077906 
-0.030500 0.078890 0.077906 
-0.029500 0.078927 0.078386 
-0.033000 0.080205 0.077307 
-0.032250 0.079534 0.077427 
-0.033250 0.080902 0.077546 
-0.032500 0.080240 0.077786 
-0.031500 0.080276 0.078266 
-0.032750 0.080928 0.077906 
-0.031750 0.080973 0.078505 
-0.030750 0.079597 0.078266 
-0.029750 0.079633 0.078745 
-0.028000 0.073193 0.074669 
-0.026750 0.072531 0.074909 
-0.028250 0.073885 0.074789 
-0.026500 0.073242 0.075268 
-0.028000 0.074604 0.075268 
-0.026750 0.073933 0.075388 
-0.026250 0.072541 0.075029 
-0.025500 0.073281 0.075748 
-0.024750 0.072600 0.075748 
-0.025750 0.073991 0.076108 
-0.027750 0.075333 0.075868 
-0.027250 0.075361 0.076228 
-0.028500 0.076013 0.075868 
-0.024000 0.073378 0.076948 
-0.025250 0.074019 0.076468 
-0.024750 0.074058 0.076948 
-0.026750 0.075390 0.076588 
-0.028250 0.076797 0.077187 
-0.027000 0.076126 0.077307 
-0.026750 0.076880 0.078266 
-0.025500 0.074738 0.076947 
-0.025000 0.074786 0.077547 
-0.025250 0.075494 0.077907 
-0.024750 0.075513 0.078147 
-0.025500 0.076201 0.078266 
-0.024500 0.076239 0.078746 
-0.023750 0.072649 0.076348 
-0.023250 0.072688 0.076828 
-0.022250 0.072737 0.077427 
-0.022000 0.073465 0.078027 
-0.023250 0.074145 0.078027 
-0.022250 0.074183 0.078506 
-0.020750 0.072796 0.078147 
-0.019750 0.072825 0.078507 
-0.021000 0.073504 0.078507 
-0.023500 0.074853 0.078387 
-0.022500 0.074881 0.078746 
-0.028000 0.077541 0.078026 
-0.027000 0.077587 0.078626 
-0.038000 0.082641 0.073351 
-0.037750 0.083340 0.073591 
-0.037750 0.084722 0.073831 
-0.037250 0.082010 0.074070 
-0.036750 0.082071 0.074909 
-0.037250 0.083391 0.074310 
-0.036750 0.083425 0.074790 
-0.036000 0.082804 0.075628 
-0.036250 0.083468 0.075389 
-0.035250 0.082166 0.076228 
-0.035750 0.083502 0.075868 
-0.037250 0.084763 0.074430 
-0.036750 0.084797 0.074910 
-0.037750 0.086176 0.075149 
-0.037000 0.085494 0.075149 
-0.036250 0.084838 0.075509 
-0.037250 0.086208 0.075629 
-0.036750 0.086224 0.075868 
-0.035750 0.084871 0.075988 
-0.035500 0.085577 0.076348 
-0.034750 0.082201 0.076707 
-0.034250 0.082227 0.077067 
-0.034750 0.083569 0.076827 
-0.034250 0.083595 0.077187 
-0.033500 0.082958 0.077786 
-0.034750 0.084930 0.076827 
-0.034250 0.084955 0.077186 
-0.035250 0.086290 0.076827 
-0.034500 0.085634 0.077186 
-0.033750 0.084988 0.077666 
-0.034250 0.086355 0.077785 
-0.032750 0.082313 0.078265 
-0.032250 0.082339 0.078625 
-0.032750 0.083688 0.078505 
-0.033250 0.085029 0.078265 
-0.037500 0.086921 0.076108 
-0.037000 0.086929 0.076228 
-0.037250 0.087634 0.076587 
-0.036250 0.087674 0.077186 
-0.037500 0.088338 0.076946 
-0.036500 0.088370 0.077426 
-0.036000 0.088385 0.077665 
-0.035500 0.086970 0.076827 
-0.035000 0.087034 0.077785 
-0.035500 0.088456 0.078744 
-0.038000 0.089706 0.077066 
-0.037750 0.090414 0.077425 
-0.036500 0.089783 0.078264 
-0.037500 0.091136 0.078024 
-0.036750 0.090483 0.078503 
-0.006250 0.072845 0.078747 
-0.005250 0.072816 0.078387 
-0.005000 0.073524 0.078746 
-0.000250 0.072629 0.076108 
-0.002750 0.072737 0.077427 
-0.004250 0.072786 0.078027 
-0.003000 0.073475 0.078147 
-0.004000 0.073495 0.078387 
-0.002750 0.074174 0.078387 
-0.001750 0.072688 0.076828 
-0.000500 0.073378 0.076948 
-0.000250 0.074106 0.077547 
-0.002000 0.073436 0.077667 
-0.001750 0.074154 0.078147 
-0.000750 0.074116 0.077667 
-0.002500 0.074872 0.078626 
-0.001500 0.074853 0.078387 
-0.000750 0.075541 0.078506 
-0.000500 0.076239 0.078746 
-0.037250 0.091843 0.078383 
-0.037000 0.092549 0.078742 
-0.037750 0.093182 0.077904 
-0.037750 0.094522 0.077424 
-0.037750 0.095877 0.077184 
-0.037250 0.094565 0.078143 
-0.036750 0.094594 0.078622 
-0.037250 0.095912 0.077783 
-0.036750 0.095954 0.078502 
-0.038000 0.096562 0.077184 
-0.038000 0.097945 0.077423 
-0.037500 0.096590 0.077663 
-0.036500 0.096652 0.078741 
-0.037500 0.097972 0.077902 
-0.037000 0.097999 0.078381 
-0.038000 0.099301 0.077183 
-0.037500 0.100671 0.077183 
-0.037500 0.099334 0.077782 
-0.037000 0.099368 0.078381 
-0.037250 0.100019 0.077782 
-0.036500 0.100736 0.078381 
-0.037750 0.107990 0.072632 
-0.037750 0.106678 0.073949 
-0.037500 0.107348 0.073589 
-0.038000 0.108662 0.072272 
-0.037500 0.110043 0.072392 
-0.037000 0.108695 0.072991 
-0.036500 0.110102 0.073709 
-0.038000 0.101996 0.076344 
-0.037750 0.102675 0.076224 
-0.037750 0.105352 0.074907 
-0.037750 0.104022 0.075745 
-0.037250 0.105388 0.075625 
-0.036750 0.105411 0.076104 
-0.037750 0.101324 0.076584 
-0.037000 0.102053 0.077422 
-0.037250 0.102713 0.076943 
-0.036750 0.102744 0.077542 
-0.036250 0.101420 0.078380 
-0.036250 0.102769 0.078021 
-0.035750 0.102794 0.078500 
-0.036750 0.104077 0.076823 
-0.036500 0.104762 0.076823 
-0.036000 0.103453 0.078020 
-0.035750 0.105459 0.077062 
-0.035250 0.104150 0.078260 
-0.035000 0.104828 0.078140 
-0.034250 0.105518 0.078259 
-0.037500 0.106032 0.074787 
-0.036500 0.107417 0.075026 
-0.036500 0.106091 0.075984 
-0.036000 0.107445 0.075625 
-0.035750 0.106788 0.076224 
-0.035500 0.107468 0.076104 
-0.036500 0.108750 0.074188 
-0.036250 0.109448 0.074427 
-0.035750 0.109481 0.075145 
-0.035000 0.108828 0.075864 
-0.034500 0.108850 0.076343 
-0.035500 0.110189 0.075624 
-0.036000 0.106115 0.076463 
-0.035500 0.106138 0.076942 
-0.034250 0.106846 0.077421 
-0.035000 0.107485 0.076463 
-0.034000 0.107519 0.077181 
-0.034000 0.106191 0.078020 
-0.033500 0.107542 0.077660 
-0.034000 0.108867 0.076702 
-0.034000 0.110253 0.077061 
-0.033000 0.106220 0.078618 
-0.033000 0.107559 0.078019 
-0.032000 0.107588 0.078618 
-0.033000 0.108906 0.077540 
-0.033250 0.109579 0.077300 
-0.032500 0.108939 0.078258 
-0.032000 0.108956 0.078617 
-0.032750 0.109618 0.078138 
-0.032250 0.109640 0.078617 
-0.000250 0.104174 0.078739 
-0.001750 0.105542 0.078738 
-0.000750 0.105512 0.078140 
-0.000500 0.110140 0.074547 
-0.000500 0.108817 0.075625 
-0.002000 0.110205 0.075983 
-0.000750 0.109486 0.075265 
-0.002750 0.106910 0.078738 
-0.003000 0.107582 0.078498 
-0.000250 0.106823 0.076942 
-0.001500 0.107531 0.077421 
-0.000500 0.107497 0.076702 
-0.001500 0.106197 0.078139 
-0.001000 0.106185 0.077900 
-0.002000 0.107548 0.077780 
-0.002500 0.108900 0.077420 
-0.002750 0.109579 0.077300 
-0.004000 0.108950 0.078498 
-0.003000 0.108922 0.077899 
-0.003750 0.109612 0.078019 
-0.003250 0.109601 0.077779 
-0.002000 0.108884 0.077061 
-0.002250 0.109563 0.076941 
-0.002250 0.108227 0.077660 
-0.002500 0.035170 0.078922 
-0.002750 0.035860 0.078920 
-0.001500 0.035197 0.079162 
-0.000500 0.035210 0.079282 
-0.001750 0.035901 0.079281 
-0.000750 0.035928 0.079521 
-0.002750 0.037241 0.078917 
-0.001750 0.037268 0.079157 
-0.000750 0.037295 0.079397 
-0.001500 0.037959 0.079155 
-0.000500 0.037985 0.079396 
-0.000500 0.039327 0.079032 
-0.016000 0.072176 0.078867 
-0.015000 0.072196 0.079107 
-0.013500 0.072206 0.079227 
-0.012500 0.072206 0.079227 
-0.011500 0.072206 0.079227 
-0.010000 0.072206 0.079227 
-0.009000 0.072186 0.078987 
-0.031500 0.081678 0.078865 
-0.030500 0.080320 0.078865 
-0.029500 0.080356 0.079345 
-0.030250 0.081025 0.079224 
-0.029250 0.081052 0.079584 
-0.025250 0.076936 0.078986 
-0.024250 0.076964 0.079345 
-0.020750 0.074231 0.079106 
-0.019750 0.074260 0.079466 
-0.023250 0.075570 0.078866 
-0.022250 0.075608 0.079346 
-0.023000 0.076286 0.079346 
-0.022000 0.076323 0.079825 
-0.022750 0.077029 0.080185 
-0.022250 0.077048 0.080425 
-0.021000 0.074939 0.079466 
-0.020000 0.074967 0.079825 
-0.019750 0.075683 0.080305 
-0.021000 0.076361 0.080305 
-0.020000 0.076389 0.080665 
-0.026500 0.077606 0.078866 
-0.028000 0.078990 0.079225 
-0.027000 0.078999 0.079345 
-0.025500 0.077633 0.079225 
-0.024500 0.077670 0.079705 
-0.025750 0.078330 0.079465 
-0.024000 0.077698 0.080065 
-0.025500 0.079063 0.080184 
-0.024250 0.078412 0.080544 
-0.028250 0.079677 0.079345 
-0.027250 0.079696 0.079584 
-0.028250 0.081069 0.079824 
-0.026500 0.080436 0.080423 
-0.027750 0.081087 0.080064 
-0.026750 0.081140 0.080783 
-0.025750 0.079767 0.080544 
-0.024000 0.079162 0.081503 
-0.025500 0.080525 0.081622 
-0.024750 0.079857 0.081742 
-0.025750 0.081219 0.081862 
-0.024000 0.080605 0.082701 
-0.024250 0.081299 0.082940 
-0.023500 0.077725 0.080424 
-0.022500 0.077772 0.081024 
-0.023750 0.078449 0.081023 
-0.021250 0.077095 0.081024 
-0.022000 0.077790 0.081263 
-0.023500 0.079190 0.081862 
-0.022250 0.078513 0.081863 
-0.022000 0.079244 0.082582 
-0.021000 0.077827 0.081743 
-0.020000 0.077845 0.081983 
-0.021250 0.078540 0.082222 
-0.021000 0.079271 0.082941 
-0.019750 0.078577 0.082702 
-0.023750 0.079902 0.082342 
-0.023250 0.079920 0.082581 
-0.022250 0.079956 0.083061 
-0.023250 0.081334 0.083420 
-0.022000 0.080667 0.083540 
-0.021250 0.079974 0.083301 
-0.020250 0.079992 0.083540 
-0.022750 0.081351 0.083660 
-0.021750 0.081378 0.084019 
-0.019750 0.080001 0.083660 
-0.020750 0.081387 0.084139 
-0.019750 0.081404 0.084379 
-0.033750 0.086437 0.078984 
-0.031750 0.082365 0.078984 
-0.031750 0.083731 0.079104 
-0.030750 0.082400 0.079464 
-0.029750 0.082434 0.079943 
-0.030750 0.083773 0.079703 
-0.029250 0.082443 0.080063 
-0.029250 0.083824 0.080422 
-0.031750 0.085113 0.079463 
-0.032500 0.085783 0.079343 
-0.032000 0.085815 0.079823 
-0.031500 0.085849 0.080302 
-0.031000 0.084451 0.079703 
-0.030250 0.085196 0.080661 
-0.029500 0.084510 0.080542 
-0.030500 0.085898 0.081021 
-0.029250 0.085254 0.081500 
-0.030000 0.085931 0.081500 
-0.029500 0.085956 0.081859 
-0.034750 0.087802 0.079103 
-0.034000 0.087147 0.079463 
-0.035000 0.088496 0.079342 
-0.034500 0.088528 0.079822 
-0.034000 0.088567 0.080421 
-0.036000 0.089829 0.078983 
-0.036500 0.091204 0.079102 
-0.035250 0.089182 0.079462 
-0.035750 0.090551 0.079581 
-0.035000 0.089907 0.080181 
-0.034250 0.089245 0.080421 
-0.035250 0.090597 0.080300 
-0.034250 0.090643 0.081019 
-0.033500 0.089984 0.081379 
-0.033750 0.090674 0.081498 
-0.033000 0.087204 0.080301 
-0.032000 0.087252 0.081020 
-0.033000 0.088615 0.081139 
-0.031500 0.087277 0.081380 
-0.032500 0.088638 0.081499 
-0.032000 0.088654 0.081739 
-0.030500 0.087317 0.081979 
-0.029250 0.086665 0.082338 
-0.030750 0.088001 0.082098 
-0.029000 0.087365 0.082698 
-0.030500 0.088709 0.082577 
-0.029250 0.088057 0.082937 
-0.032750 0.089323 0.081619 
-0.031750 0.089354 0.082098 
-0.032750 0.090712 0.082097 
-0.032250 0.090728 0.082337 
-0.031250 0.089386 0.082577 
-0.031250 0.090766 0.082936 
-0.030250 0.089417 0.083056 
-0.029250 0.089440 0.083415 
-0.030750 0.090781 0.083175 
-0.029000 0.090139 0.083774 
-0.029250 0.090820 0.083774 
-0.028250 0.082460 0.080303 
-0.027250 0.082512 0.081022 
-0.028250 0.083849 0.080782 
-0.026750 0.082555 0.081621 
-0.026750 0.083934 0.081980 
-0.025750 0.082607 0.082340 
-0.026000 0.083283 0.082340 
-0.025250 0.082642 0.082820 
-0.024750 0.082668 0.083179 
-0.025500 0.083318 0.082819 
-0.024500 0.083369 0.083539 
-0.028000 0.084577 0.081501 
-0.027000 0.084611 0.081980 
-0.028500 0.085988 0.082339 
-0.026750 0.085321 0.082459 
-0.028000 0.085997 0.082459 
-0.027000 0.086013 0.082698 
-0.025500 0.084695 0.083178 
-0.025000 0.084720 0.083538 
-0.026000 0.086046 0.083178 
-0.023500 0.082018 0.083539 
-0.028000 0.087398 0.083177 
-0.027000 0.087414 0.083416 
-0.028250 0.088081 0.083296 
-0.026250 0.086738 0.083417 
-0.024250 0.084062 0.083778 
-0.024500 0.084737 0.083778 
-0.024500 0.086096 0.083897 
-0.023250 0.082719 0.083898 
-0.022250 0.082745 0.084258 
-0.023500 0.083403 0.084018 
-0.022000 0.083438 0.084497 
-0.021000 0.082070 0.084258 
-0.020000 0.082088 0.084498 
-0.021000 0.083455 0.084737 
-0.019750 0.082789 0.084857 
-0.020500 0.083463 0.084857 
-0.019500 0.083472 0.084977 
-0.023500 0.084770 0.084257 
-0.022000 0.084804 0.084736 
-0.023500 0.086120 0.084256 
-0.022500 0.086153 0.084735 
-0.022000 0.086162 0.084855 
-0.021000 0.084821 0.084976 
-0.019500 0.084846 0.085335 
-0.021000 0.086178 0.085095 
-0.019500 0.086203 0.085454 
-0.026500 0.087430 0.083656 
-0.028000 0.088781 0.083655 
-0.027000 0.088796 0.083895 
-0.025500 0.087446 0.083896 
-0.024500 0.087470 0.084255 
-0.025750 0.088137 0.084135 
-0.024250 0.088153 0.084375 
-0.027750 0.089479 0.084014 
-0.026750 0.089495 0.084254 
-0.028250 0.090843 0.084133 
-0.027250 0.090858 0.084373 
-0.025750 0.089511 0.084494 
-0.024750 0.089519 0.084613 
-0.025750 0.090881 0.084732 
-0.024500 0.090209 0.084853 
-0.025250 0.090889 0.084852 
-0.024250 0.090904 0.085092 
-0.023500 0.087486 0.084495 
-0.023250 0.088169 0.084614 
-0.022000 0.087519 0.084974 
-0.023000 0.088860 0.084853 
-0.022250 0.088193 0.084974 
-0.021000 0.087535 0.085214 
-0.019750 0.086877 0.085454 
-0.020750 0.088217 0.085333 
-0.019750 0.088233 0.085573 
-0.023250 0.089534 0.084853 
-0.022250 0.089550 0.085092 
-0.023250 0.090904 0.085092 
-0.022250 0.090912 0.085212 
-0.020750 0.089566 0.085332 
-0.019750 0.089573 0.085452 
-0.020750 0.090919 0.085331 
-0.019750 0.090927 0.085451 
-0.018250 0.072875 0.079107 
-0.017250 0.072894 0.079346 
-0.018500 0.073582 0.079466 
-0.017500 0.073611 0.079826 
-0.018250 0.074309 0.080066 
-0.017250 0.074328 0.080305 
-0.016250 0.072904 0.079466 
-0.015250 0.072923 0.079706 
-0.016500 0.073621 0.079946 
-0.016250 0.074337 0.080425 
-0.014750 0.074357 0.080665 
-0.018500 0.075006 0.080305 
-0.017500 0.075034 0.080665 
-0.018500 0.076427 0.081144 
-0.016000 0.075053 0.080905 
-0.015000 0.075063 0.081025 
-0.017000 0.076445 0.081384 
-0.015750 0.075769 0.081384 
-0.014750 0.075769 0.081384 
-0.016000 0.076464 0.081624 
-0.015000 0.076474 0.081744 
-0.013750 0.072933 0.079826 
-0.012750 0.072933 0.079826 
-0.013750 0.074367 0.080785 
-0.012500 0.073660 0.080426 
-0.011250 0.072933 0.079826 
-0.010250 0.072933 0.079826 
-0.011250 0.074376 0.080905 
-0.010250 0.074367 0.080785 
-0.013750 0.075787 0.081624 
-0.012500 0.075082 0.081265 
-0.013500 0.076483 0.081864 
-0.012500 0.076492 0.081983 
-0.011250 0.075787 0.081624 
-0.010250 0.075787 0.081624 
-0.011500 0.076492 0.081983 
-0.010000 0.076492 0.081983 
-0.018500 0.077864 0.082223 
-0.017250 0.077150 0.081743 
-0.018750 0.078586 0.082822 
-0.017250 0.078595 0.082942 
-0.016250 0.077169 0.081983 
-0.014750 0.077178 0.082103 
-0.016000 0.077882 0.082462 
-0.015000 0.077882 0.082462 
-0.016250 0.078586 0.082822 
-0.014750 0.078595 0.082942 
-0.013750 0.077188 0.082223 
-0.012750 0.077197 0.082343 
-0.013500 0.077892 0.082582 
-0.012500 0.077892 0.082582 
-0.013750 0.078595 0.082942 
-0.012750 0.078595 0.082942 
-0.011250 0.077197 0.082343 
-0.010250 0.077197 0.082343 
-0.011500 0.077901 0.082702 
-0.010000 0.077892 0.082582 
-0.011250 0.078595 0.082942 
-0.010250 0.078595 0.082942 
-0.010250 0.079992 0.083540 
-0.018750 0.080010 0.083780 
-0.017250 0.080019 0.083900 
-0.018750 0.081404 0.084379 
-0.017250 0.081422 0.084619 
-0.016250 0.080019 0.083900 
-0.014750 0.080010 0.083780 
-0.016250 0.081422 0.084619 
-0.014750 0.081422 0.084619 
-0.013750 0.080010 0.083780 
-0.012750 0.080010 0.083780 
-0.013750 0.081413 0.084499 
-0.012250 0.081404 0.084379 
-0.011250 0.080001 0.083660 
-0.010750 0.080001 0.083660 
-0.011250 0.081396 0.084259 
-0.010250 0.081387 0.084139 
-0.008750 0.072914 0.079586 
-0.007750 0.072894 0.079346 
-0.008000 0.073611 0.079826 
-0.008750 0.074357 0.080665 
-0.007750 0.074328 0.080305 
-0.006750 0.072865 0.078987 
-0.006250 0.074280 0.079706 
-0.005250 0.074241 0.079226 
-0.009000 0.075072 0.081145 
-0.007500 0.075034 0.080665 
-0.006000 0.074977 0.079945 
-0.005000 0.074948 0.079586 
-0.006750 0.075712 0.080665 
-0.005250 0.075674 0.080185 
-0.006500 0.076417 0.081024 
-0.005500 0.076389 0.080665 
-0.008750 0.075778 0.081504 
-0.008250 0.075759 0.081264 
-0.009000 0.076483 0.081864 
-0.008000 0.076455 0.081504 
-0.007000 0.076436 0.081264 
-0.004250 0.074212 0.078866 
-0.004000 0.074920 0.079226 
-0.003250 0.075617 0.079466 
-0.003000 0.076314 0.079705 
-0.004500 0.076361 0.080305 
-0.003250 0.077029 0.080185 
-0.001750 0.075570 0.078866 
-0.002000 0.076286 0.079346 
-0.000750 0.076945 0.079105 
-0.005250 0.077095 0.081024 
-0.008750 0.077178 0.082103 
-0.007500 0.077855 0.082103 
-0.007250 0.078549 0.082342 
-0.009000 0.077882 0.082462 
-0.009000 0.079280 0.083061 
-0.008000 0.079271 0.082941 
-0.006500 0.077836 0.081863 
-0.005500 0.077809 0.081503 
-0.006250 0.078531 0.082102 
-0.005250 0.078513 0.081863 
-0.007000 0.079253 0.082702 
-0.008750 0.079983 0.083421 
-0.007750 0.079965 0.083181 
-0.007500 0.080658 0.083420 
-0.006750 0.079947 0.082941 
-0.005250 0.079920 0.082581 
-0.006750 0.081334 0.083420 
-0.005250 0.081307 0.083060 
-0.004000 0.077762 0.080904 
-0.003000 0.077735 0.080544 
-0.002750 0.078440 0.080904 
-0.001500 0.077689 0.079945 
-0.000500 0.077643 0.079345 
-0.000250 0.078348 0.079705 
-0.002000 0.077698 0.080065 
-0.001750 0.078412 0.080544 
-0.000500 0.079081 0.080424 
-0.001250 0.079812 0.081143 
-0.000750 0.079794 0.080903 
-0.004000 0.079180 0.081743 
-0.003000 0.079153 0.081383 
-0.004250 0.079893 0.082222 
-0.002750 0.079857 0.081742 
-0.002750 0.081254 0.082341 
-0.004500 0.080596 0.082581 
-0.004250 0.081290 0.082820 
-0.003250 0.081263 0.082461 
-0.002000 0.080534 0.081742 
-0.000500 0.080498 0.081262 
-0.001750 0.081228 0.081981 
-0.000750 0.081202 0.081622 
-0.009250 0.081378 0.084019 
-0.007750 0.081351 0.083660 
-0.018500 0.082106 0.084738 
-0.018250 0.082806 0.085097 
-0.017250 0.082806 0.085097 
-0.018500 0.083489 0.085216 
-0.017500 0.083498 0.085336 
-0.016250 0.082823 0.085337 
-0.014750 0.082815 0.085217 
-0.016000 0.083506 0.085456 
-0.015000 0.083506 0.085456 
-0.018500 0.084854 0.085455 
-0.017500 0.084871 0.085695 
-0.018500 0.086211 0.085574 
-0.017500 0.086227 0.085814 
-0.016500 0.084880 0.085815 
-0.015000 0.084888 0.085935 
-0.016500 0.086236 0.085934 
-0.016000 0.086244 0.086053 
-0.015000 0.086252 0.086173 
-0.012500 0.082106 0.084738 
-0.013750 0.082815 0.085217 
-0.012750 0.082806 0.085097 
-0.013500 0.083506 0.085456 
-0.012500 0.083489 0.085216 
-0.011500 0.082097 0.084618 
-0.010000 0.082079 0.084378 
-0.011250 0.082789 0.084857 
-0.011500 0.083480 0.085097 
-0.010000 0.083463 0.084857 
-0.013500 0.084880 0.085815 
-0.012500 0.084871 0.085695 
-0.012250 0.085553 0.085814 
-0.011500 0.084863 0.085575 
-0.010000 0.084838 0.085216 
-0.011250 0.085545 0.085694 
-0.010000 0.086211 0.085574 
-0.013500 0.086252 0.086173 
-0.012500 0.086244 0.086053 
-0.018500 0.087567 0.085693 
-0.017500 0.087575 0.085813 
-0.018750 0.088241 0.085693 
-0.017250 0.088257 0.085932 
-0.016500 0.088931 0.085932 
-0.018750 0.089589 0.085691 
-0.017250 0.089605 0.085931 
-0.018750 0.090935 0.085571 
-0.017250 0.090950 0.085810 
-0.016250 0.090958 0.085930 
-0.015500 0.090278 0.085931 
-0.016250 0.086917 0.086053 
-0.014750 0.086926 0.086173 
-0.016250 0.088265 0.086052 
-0.014750 0.088273 0.086172 
-0.016250 0.089612 0.086051 
-0.014750 0.089620 0.086171 
-0.014750 0.090965 0.086050 
-0.009750 0.086893 0.085694 
-0.009750 0.088257 0.085932 
-0.009750 0.090958 0.085930 
-0.013750 0.086934 0.086292 
-0.012500 0.087607 0.086292 
-0.013750 0.088281 0.086291 
-0.012750 0.088281 0.086291 
-0.011500 0.087599 0.086172 
-0.010500 0.087591 0.086052 
-0.011250 0.088281 0.086291 
-0.010250 0.088265 0.086052 
-0.013750 0.089620 0.086171 
-0.012750 0.089628 0.086291 
-0.013750 0.090965 0.086050 
-0.012750 0.090973 0.086170 
-0.011250 0.089628 0.086291 
-0.010250 0.089620 0.086171 
-0.011250 0.090973 0.086170 
-0.010250 0.090965 0.086050 
-0.006000 0.082018 0.083539 
-0.005250 0.082694 0.083539 
-0.004250 0.082676 0.083299 
-0.003250 0.082650 0.082940 
-0.004000 0.083352 0.083299 
-0.003000 0.083335 0.083059 
-0.001500 0.081922 0.082221 
-0.000250 0.082581 0.081981 
-0.000500 0.083283 0.082340 
-0.001750 0.082624 0.082580 
-0.002000 0.083326 0.082939 
-0.000750 0.083977 0.082580 
-0.003000 0.084720 0.083538 
-0.001500 0.084695 0.083178 
-0.000500 0.084661 0.082699 
-0.001500 0.086063 0.083417 
-0.000500 0.086038 0.083058 
-0.001500 0.087422 0.083536 
-0.000500 0.087406 0.083297 
-0.001500 0.088773 0.083536 
-0.000500 0.088749 0.083176 
-0.003000 0.090124 0.083535 
-0.002750 0.090797 0.083415 
-0.001750 0.089448 0.083535 
-0.000750 0.089425 0.083176 
-0.001750 0.090781 0.083175 
-0.000750 0.090766 0.082936 
-0.009000 0.082070 0.084258 
-0.007750 0.082745 0.084258 
-0.009000 0.083446 0.084617 
-0.007500 0.083420 0.084258 
-0.009250 0.084138 0.084857 
-0.006750 0.082719 0.083898 
-0.005750 0.082702 0.083659 
-0.006500 0.083403 0.084018 
-0.005500 0.083386 0.083778 
-0.007500 0.084796 0.084616 
-0.007250 0.085479 0.084736 
-0.009000 0.084821 0.084976 
-0.009000 0.086194 0.085334 
-0.008000 0.086178 0.085095 
-0.006500 0.084779 0.084377 
-0.005500 0.084762 0.084137 
-0.006500 0.086153 0.084735 
-0.005500 0.086137 0.084496 
-0.007000 0.086162 0.084855 
-0.004750 0.084053 0.083658 
-0.004500 0.084737 0.083778 
-0.003500 0.084728 0.083658 
-0.004000 0.086104 0.084016 
-0.003000 0.086087 0.083777 
-0.008750 0.086877 0.085454 
-0.007750 0.086861 0.085214 
-0.008750 0.088241 0.085693 
-0.007750 0.088225 0.085453 
-0.005500 0.087494 0.084615 
-0.005250 0.088169 0.084614 
-0.006500 0.087519 0.084974 
-0.006750 0.088209 0.085213 
-0.005750 0.088185 0.084854 
-0.008750 0.089597 0.085811 
-0.007750 0.089581 0.085572 
-0.008750 0.090950 0.085810 
-0.007750 0.090942 0.085691 
-0.005000 0.090201 0.084733 
-0.006750 0.089573 0.085452 
-0.005750 0.089550 0.085092 
-0.006750 0.090927 0.085451 
-0.005750 0.090912 0.085212 
-0.004000 0.087462 0.084135 
-0.003000 0.087446 0.083896 
-0.004250 0.088137 0.084135 
-0.003250 0.088129 0.084015 
-0.002000 0.087438 0.083776 
-0.001750 0.088105 0.083656 
-0.004250 0.089487 0.084134 
-0.003250 0.089464 0.083775 
-0.004250 0.090843 0.084133 
-0.036250 0.091910 0.079461 
-0.036250 0.093277 0.079461 
-0.035750 0.091940 0.079940 
-0.035750 0.093299 0.079820 
-0.035250 0.091971 0.080420 
-0.035250 0.093329 0.080299 
-0.034500 0.092698 0.081138 
-0.036250 0.094629 0.079221 
-0.036000 0.095313 0.079221 
-0.035750 0.094644 0.079460 
-0.035500 0.095334 0.079580 
-0.035000 0.094019 0.080419 
-0.034250 0.094737 0.081017 
-0.035000 0.095363 0.080059 
-0.034000 0.095420 0.081017 
-0.033750 0.092053 0.081737 
-0.033750 0.093417 0.081737 
-0.034000 0.094084 0.081497 
-0.033500 0.095455 0.081616 
-0.033250 0.092068 0.081977 
-0.033250 0.093439 0.082096 
-0.032500 0.091417 0.082456 
-0.031750 0.092128 0.082935 
-0.032750 0.093461 0.082455 
-0.031750 0.093498 0.083054 
-0.030750 0.092158 0.083414 
-0.030500 0.092846 0.083534 
-0.033250 0.094795 0.081976 
-0.033000 0.095484 0.082095 
-0.032500 0.094150 0.082575 
-0.031500 0.094186 0.083174 
-0.032500 0.095505 0.082454 
-0.031500 0.095541 0.083053 
-0.031000 0.094200 0.083413 
-0.030500 0.095569 0.083532 
-0.036000 0.096680 0.079220 
-0.036000 0.098061 0.079459 
-0.035500 0.096701 0.079580 
-0.035500 0.098081 0.079819 
-0.034000 0.096771 0.080777 
-0.035000 0.098101 0.080178 
-0.034000 0.098142 0.080896 
-0.036000 0.099421 0.079339 
-0.036250 0.100085 0.078979 
-0.035500 0.099447 0.079818 
-0.035500 0.100794 0.079458 
-0.035000 0.099467 0.080177 
-0.034250 0.098818 0.080776 
-0.034750 0.100157 0.080297 
-0.034250 0.100176 0.080656 
-0.033500 0.096798 0.081256 
-0.033500 0.098163 0.081256 
-0.033500 0.099527 0.081255 
-0.033000 0.096826 0.081735 
-0.033000 0.098190 0.081735 
-0.032000 0.098224 0.082333 
-0.031500 0.096889 0.082813 
-0.031500 0.098237 0.082573 
-0.030500 0.096924 0.083412 
-0.030500 0.098278 0.083292 
-0.032750 0.098879 0.081854 
-0.032000 0.099580 0.082213 
-0.032750 0.100229 0.081614 
-0.031750 0.100262 0.082213 
-0.031250 0.098926 0.082692 
-0.031250 0.100275 0.082452 
-0.031000 0.100950 0.082332 
-0.030250 0.098953 0.083172 
-0.029750 0.098966 0.083411 
-0.030250 0.100301 0.082931 
-0.029250 0.100321 0.083291 
-0.030250 0.092173 0.083654 
-0.029250 0.092196 0.084013 
-0.030250 0.093542 0.083773 
-0.029250 0.093564 0.084132 
-0.030500 0.094215 0.083653 
-0.029000 0.094244 0.084132 
-0.030000 0.095583 0.083772 
-0.029500 0.095598 0.084011 
-0.030000 0.096937 0.083651 
-0.029000 0.096958 0.084011 
-0.029250 0.097625 0.083771 
-0.029250 0.098979 0.083650 
-0.028250 0.092218 0.084372 
-0.027250 0.092233 0.084612 
-0.028000 0.092898 0.084372 
-0.027000 0.092921 0.084731 
-0.026500 0.092928 0.084851 
-0.025750 0.092256 0.084971 
-0.024250 0.092271 0.085211 
-0.025500 0.092943 0.085091 
-0.024500 0.092950 0.085211 
-0.028000 0.094266 0.084491 
-0.027000 0.094281 0.084731 
-0.028000 0.095626 0.084491 
-0.027000 0.095640 0.084730 
-0.026500 0.094288 0.084850 
-0.026500 0.095647 0.084850 
-0.025500 0.094302 0.085090 
-0.024500 0.094310 0.085210 
-0.025500 0.095662 0.085089 
-0.024500 0.095676 0.085329 
-0.023250 0.092278 0.085331 
-0.022250 0.092278 0.085331 
-0.023500 0.092958 0.085330 
-0.022000 0.092965 0.085450 
-0.020750 0.092286 0.085450 
-0.019750 0.092293 0.085570 
-0.021000 0.092973 0.085570 
-0.019500 0.092973 0.085570 
-0.023500 0.094324 0.085449 
-0.022000 0.094331 0.085569 
-0.023500 0.095683 0.085449 
-0.022000 0.095690 0.085568 
-0.021000 0.094339 0.085689 
-0.020000 0.094339 0.085689 
-0.021000 0.095697 0.085688 
-0.020000 0.095697 0.085688 
-0.028000 0.096979 0.084370 
-0.027000 0.096993 0.084610 
-0.028000 0.098326 0.084130 
-0.027000 0.098346 0.084489 
-0.026750 0.096327 0.084849 
-0.026000 0.098360 0.084729 
-0.025500 0.097014 0.084969 
-0.024500 0.097028 0.085208 
-0.025750 0.097687 0.084849 
-0.024250 0.097701 0.085088 
-0.028250 0.099000 0.084010 
-0.026750 0.099020 0.084369 
-0.027750 0.100347 0.083770 
-0.026750 0.100367 0.084129 
-0.025750 0.099033 0.084609 
-0.024500 0.099720 0.084728 
-0.025750 0.100380 0.084368 
-0.024750 0.100387 0.084488 
-0.024250 0.099053 0.084968 
-0.023500 0.097035 0.085328 
-0.022000 0.097042 0.085448 
-0.023250 0.097708 0.085208 
-0.022250 0.097714 0.085328 
-0.021000 0.097049 0.085568 
-0.019500 0.097056 0.085688 
-0.020750 0.097721 0.085448 
-0.019750 0.097728 0.085567 
-0.023250 0.100400 0.084728 
-0.023250 0.099060 0.085088 
-0.022250 0.099060 0.085088 
-0.022750 0.100406 0.084847 
-0.022250 0.100406 0.084847 
-0.020750 0.099067 0.085207 
-0.019750 0.099067 0.085207 
-0.020750 0.100406 0.084847 
-0.019750 0.100406 0.084847 
-0.035250 0.101471 0.079338 
-0.034750 0.102838 0.079338 
-0.034250 0.102857 0.079697 
-0.033750 0.101535 0.080536 
-0.033750 0.102876 0.080056 
-0.035000 0.103497 0.078859 
-0.033750 0.104211 0.079457 
-0.034000 0.104864 0.078858 
-0.033250 0.101554 0.080895 
-0.032750 0.102907 0.080655 
-0.032250 0.102926 0.081014 
-0.033250 0.104223 0.079697 
-0.033000 0.104894 0.079457 
-0.031750 0.105595 0.079816 
-0.032500 0.103583 0.080535 
-0.031750 0.104266 0.080535 
-0.031500 0.104936 0.080295 
-0.030750 0.104290 0.081014 
-0.030500 0.104961 0.080774 
-0.029250 0.105649 0.080894 
-0.032750 0.101574 0.081254 
-0.031750 0.101599 0.081733 
-0.031500 0.102275 0.081613 
-0.030750 0.101625 0.082212 
-0.030750 0.102963 0.081733 
-0.029750 0.102988 0.082212 
-0.030250 0.101638 0.082452 
-0.029250 0.101663 0.082931 
-0.029000 0.102338 0.082811 
-0.030500 0.103633 0.081493 
-0.029250 0.104327 0.081732 
-0.029000 0.104991 0.081373 
-0.032500 0.106238 0.078978 
-0.031500 0.106261 0.079457 
-0.031500 0.107599 0.078857 
-0.031000 0.106279 0.079816 
-0.030500 0.107628 0.079456 
-0.029500 0.107651 0.079935 
-0.030500 0.106290 0.080055 
-0.029500 0.106314 0.080534 
-0.029000 0.107662 0.080174 
-0.031500 0.108967 0.078857 
-0.031500 0.110350 0.079216 
-0.030500 0.108989 0.079336 
-0.029500 0.109011 0.079815 
-0.030250 0.109683 0.079575 
-0.029750 0.109694 0.079815 
-0.029000 0.109028 0.080174 
-0.029000 0.110404 0.080413 
-0.028250 0.101683 0.083290 
-0.028250 0.103019 0.082810 
-0.027250 0.103038 0.083170 
-0.025750 0.103057 0.083529 
-0.028250 0.104351 0.082211 
-0.028000 0.105015 0.081852 
-0.027000 0.105039 0.082331 
-0.028000 0.103688 0.082571 
-0.027000 0.103707 0.082930 
-0.026500 0.105051 0.082570 
-0.026250 0.105720 0.082330 
-0.025750 0.104400 0.083169 
-0.024750 0.104412 0.083408 
-0.025500 0.105069 0.082929 
-0.024500 0.105081 0.083169 
-0.023500 0.105093 0.083408 
-0.022000 0.105099 0.083528 
-0.021000 0.105099 0.083528 
-0.019500 0.105099 0.083528 
-0.028500 0.106331 0.080893 
-0.028000 0.107685 0.080653 
-0.027000 0.107708 0.081132 
-0.028000 0.109044 0.080533 
-0.027000 0.109067 0.081012 
-0.028250 0.109727 0.080533 
-0.027250 0.109754 0.081131 
-0.027500 0.106355 0.081372 
-0.027000 0.106372 0.081731 
-0.026750 0.107043 0.081492 
-0.026000 0.106390 0.082091 
-0.025500 0.107742 0.081851 
-0.024500 0.107759 0.082210 
-0.024500 0.106419 0.082689 
-0.024250 0.107089 0.082450 
-0.026500 0.109078 0.081251 
-0.027500 0.110442 0.081251 
-0.026750 0.109765 0.081371 
-0.025750 0.108412 0.081611 
-0.024750 0.108429 0.081970 
-0.025750 0.109787 0.081850 
-0.024750 0.109798 0.082089 
-0.024500 0.110496 0.082448 
-0.023500 0.107765 0.082329 
-0.023500 0.106425 0.082809 
-0.022000 0.106437 0.083048 
-0.023250 0.107095 0.082569 
-0.022250 0.107106 0.082809 
-0.021000 0.106443 0.083168 
-0.019500 0.106449 0.083288 
-0.021000 0.107787 0.082808 
-0.019500 0.107793 0.082928 
-0.023250 0.108441 0.082209 
-0.022500 0.109128 0.082329 
-0.023750 0.109809 0.082329 
-0.021750 0.108457 0.082569 
-0.023250 0.109815 0.082448 
-0.022250 0.109820 0.082568 
-0.020750 0.108463 0.082688 
-0.019750 0.108474 0.082928 
-0.020750 0.109831 0.082808 
-0.019750 0.109853 0.083286 
-0.027500 0.101028 0.083769 
-0.026750 0.101708 0.083769 
-0.026500 0.102382 0.083649 
-0.025750 0.101721 0.084008 
-0.024750 0.101727 0.084128 
-0.025500 0.102395 0.083889 
-0.024500 0.102401 0.084008 
-0.024500 0.103744 0.083648 
-0.023250 0.101740 0.084368 
-0.022250 0.101747 0.084487 
-0.023250 0.103082 0.084008 
-0.022250 0.103088 0.084128 
-0.020750 0.101747 0.084487 
-0.019750 0.101747 0.084487 
-0.020750 0.103088 0.084128 
-0.019750 0.103088 0.084128 
-0.023000 0.103756 0.083888 
-0.022000 0.103756 0.083888 
-0.021000 0.103762 0.084008 
-0.019500 0.103762 0.084008 
-0.018750 0.092301 0.085690 
-0.017250 0.092308 0.085810 
-0.018500 0.092980 0.085690 
-0.017500 0.092988 0.085809 
-0.016250 0.092308 0.085810 
-0.014750 0.092308 0.085810 
-0.016000 0.092980 0.085690 
-0.015000 0.092980 0.085690 
-0.018500 0.094346 0.085809 
-0.017000 0.094346 0.085809 
-0.018500 0.095704 0.085808 
-0.017500 0.095704 0.085808 
-0.016000 0.094339 0.085689 
-0.015000 0.094331 0.085569 
-0.016000 0.095697 0.085688 
-0.015000 0.095697 0.085688 
-0.013750 0.092316 0.085929 
-0.012750 0.092316 0.085929 
-0.014000 0.092980 0.085690 
-0.012500 0.092995 0.085929 
-0.010000 0.091637 0.085930 
-0.011500 0.092995 0.085929 
-0.010000 0.092995 0.085929 
-0.013500 0.094331 0.085569 
-0.012500 0.094339 0.085689 
-0.013500 0.095683 0.085449 
-0.012500 0.095683 0.085449 
-0.011500 0.094339 0.085689 
-0.010000 0.094346 0.085809 
-0.011500 0.095683 0.085449 
-0.010000 0.095683 0.085449 
-0.014000 0.091644 0.086050 
-0.012500 0.091652 0.086169 
-0.011500 0.091652 0.086169 
-0.010250 0.092323 0.086049 
-0.018500 0.097056 0.085688 
-0.017500 0.097056 0.085688 
-0.018750 0.097728 0.085567 
-0.017250 0.097735 0.085687 
-0.016000 0.097056 0.085688 
-0.015000 0.097049 0.085568 
-0.016250 0.097728 0.085567 
-0.014750 0.097721 0.085448 
-0.018750 0.099067 0.085207 
-0.017250 0.099067 0.085207 
-0.018750 0.100406 0.084847 
-0.017250 0.100406 0.084847 
-0.014750 0.100400 0.084728 
-0.016250 0.099067 0.085207 
-0.014750 0.099067 0.085207 
-0.016250 0.100406 0.084847 
-0.015250 0.100406 0.084847 
-0.013500 0.097035 0.085328 
-0.012500 0.097028 0.085208 
-0.013750 0.097714 0.085328 
-0.012750 0.097701 0.085088 
-0.011500 0.097028 0.085208 
-0.010000 0.097028 0.085208 
-0.011250 0.097701 0.085088 
-0.010250 0.097701 0.085088 
-0.012000 0.099720 0.084728 
-0.013750 0.100400 0.084728 
-0.012250 0.100393 0.084608 
-0.013750 0.099060 0.085088 
-0.012750 0.099053 0.084968 
-0.011250 0.099040 0.084728 
-0.010250 0.099033 0.084609 
-0.011250 0.100380 0.084368 
-0.010250 0.100367 0.084129 
-0.011750 0.099047 0.084848 
-0.000250 0.096102 0.081017 
-0.002750 0.092143 0.083174 
-0.002750 0.093512 0.083294 
-0.001250 0.093446 0.082216 
-0.000750 0.093439 0.082096 
-0.001750 0.092113 0.082695 
-0.000750 0.092106 0.082576 
-0.002000 0.092794 0.082695 
-0.002500 0.094179 0.083054 
-0.002500 0.095534 0.082934 
-0.001500 0.094121 0.082096 
-0.000500 0.094091 0.081616 
-0.001500 0.095470 0.081855 
-0.001000 0.095448 0.081496 
-0.002000 0.094150 0.082575 
-0.002000 0.095519 0.082694 
-0.005250 0.098973 0.083531 
-0.006250 0.100327 0.083410 
-0.005250 0.100301 0.082931 
-0.000500 0.096777 0.080897 
-0.000500 0.098129 0.080657 
-0.001500 0.099520 0.081135 
-0.000500 0.099494 0.080656 
-0.001750 0.100203 0.081135 
-0.000750 0.100176 0.080656 
-0.002500 0.098224 0.082333 
-0.003000 0.096903 0.083053 
-0.004000 0.098271 0.083172 
-0.003000 0.098244 0.082693 
-0.001500 0.096826 0.081735 
-0.002000 0.098197 0.081854 
-0.002000 0.096868 0.082454 
-0.003000 0.099574 0.082093 
-0.003750 0.100262 0.082213 
-0.002750 0.100236 0.081734 
-0.004250 0.098946 0.083052 
-0.003250 0.098919 0.082573 
-0.004250 0.100282 0.082572 
-0.001750 0.098858 0.081495 
-0.002250 0.100222 0.081494 
-0.008750 0.092308 0.085810 
-0.007750 0.092301 0.085690 
-0.009000 0.092980 0.085690 
-0.007500 0.092973 0.085570 
-0.006750 0.092286 0.085450 
-0.005500 0.091584 0.085091 
-0.006500 0.092958 0.085330 
-0.005500 0.092936 0.084971 
-0.009000 0.094339 0.085689 
-0.008000 0.094324 0.085449 
-0.009000 0.095676 0.085329 
-0.008000 0.095676 0.085329 
-0.005000 0.094281 0.084731 
-0.005500 0.095640 0.084730 
-0.006500 0.094317 0.085330 
-0.005500 0.094295 0.084970 
-0.006500 0.095655 0.084970 
-0.004250 0.092218 0.084372 
-0.003500 0.091493 0.083654 
-0.004000 0.092883 0.084132 
-0.003250 0.093542 0.083773 
-0.004000 0.094251 0.084252 
-0.003500 0.094237 0.084012 
-0.004000 0.095612 0.084251 
-0.003500 0.095583 0.083772 
-0.009000 0.098360 0.084729 
-0.007500 0.098346 0.084489 
-0.009000 0.097021 0.085089 
-0.008000 0.097014 0.084969 
-0.009250 0.097694 0.084968 
-0.008250 0.097687 0.084849 
-0.006500 0.096993 0.084610 
-0.005500 0.096979 0.084370 
-0.006500 0.098326 0.084130 
-0.005250 0.097646 0.084130 
-0.006750 0.096327 0.084849 
-0.008750 0.099026 0.084489 
-0.007750 0.099020 0.084369 
-0.008750 0.100360 0.084009 
-0.007750 0.100347 0.083770 
-0.006750 0.099000 0.084010 
-0.005750 0.098986 0.083770 
-0.004500 0.096958 0.084011 
-0.004250 0.097618 0.083651 
-0.018500 0.105099 0.083528 
-0.010250 0.103057 0.083529 
-0.012500 0.105099 0.083528 
-0.010000 0.103731 0.083409 
-0.011500 0.105099 0.083528 
-0.010000 0.105087 0.083288 
-0.018500 0.106449 0.083288 
-0.017500 0.106454 0.083408 
-0.018500 0.107805 0.083168 
-0.017500 0.107810 0.083287 
-0.016000 0.106460 0.083527 
-0.015000 0.106460 0.083527 
-0.016250 0.107135 0.083407 
-0.015250 0.107141 0.083527 
-0.018750 0.108480 0.083048 
-0.017750 0.108491 0.083287 
-0.013500 0.106460 0.083527 
-0.012250 0.105780 0.083528 
-0.011000 0.106460 0.083527 
-0.010000 0.106449 0.083288 
-0.009750 0.107129 0.083288 
-0.018750 0.101747 0.084487 
-0.017250 0.101747 0.084487 
-0.018500 0.102420 0.084367 
-0.017250 0.103088 0.084128 
-0.016250 0.101747 0.084487 
-0.014750 0.101747 0.084487 
-0.016250 0.103088 0.084128 
-0.015000 0.102414 0.084248 
-0.018500 0.103756 0.083888 
-0.017500 0.103762 0.084008 
-0.019000 0.105105 0.083648 
-0.017500 0.105105 0.083648 
-0.016000 0.103756 0.083888 
-0.015000 0.103756 0.083888 
-0.016000 0.105105 0.083648 
-0.015000 0.105105 0.083648 
-0.013750 0.101740 0.084368 
-0.012750 0.101740 0.084368 
-0.013750 0.103082 0.084008 
-0.012500 0.102408 0.084128 
-0.011250 0.101721 0.084008 
-0.010250 0.101715 0.083889 
-0.011500 0.102395 0.083889 
-0.010500 0.102389 0.083769 
-0.013500 0.103756 0.083888 
-0.012500 0.103750 0.083768 
-0.013500 0.105105 0.083648 
-0.011500 0.103750 0.083768 
-0.014500 0.106466 0.083647 
-0.015000 0.107833 0.083766 
-0.018000 0.109189 0.083646 
-0.017000 0.109200 0.083885 
-0.018250 0.109875 0.083765 
-0.017250 0.109902 0.084364 
-0.016250 0.108514 0.083766 
-0.014750 0.108531 0.084125 
-0.014500 0.109316 0.086399 
-0.015250 0.110028 0.087117 
-0.014750 0.110033 0.087237 
-0.012500 0.106466 0.083647 
-0.013500 0.107839 0.083886 
-0.012500 0.107845 0.084006 
-0.011500 0.106466 0.083647 
-0.011500 0.107850 0.084125 
-0.010000 0.107833 0.083766 
-0.013750 0.108531 0.084125 
-0.012750 0.108542 0.084365 
-0.011250 0.108542 0.084365 
-0.010250 0.108531 0.084125 
-0.014000 0.109300 0.086040 
-0.013750 0.110061 0.087836 
-0.012500 0.109355 0.087237 
-0.011500 0.109383 0.087836 
-0.010500 0.109393 0.088069 
-0.005250 0.104290 0.081014 
-0.006250 0.105649 0.080894 
-0.005500 0.104961 0.080774 
-0.008750 0.101689 0.083410 
-0.007750 0.101676 0.083170 
-0.008750 0.103032 0.083050 
-0.007750 0.103013 0.082691 
-0.005250 0.101631 0.082332 
-0.006250 0.102988 0.082212 
-0.005250 0.102963 0.081733 
-0.006750 0.101657 0.082811 
-0.005750 0.101644 0.082571 
-0.006500 0.102325 0.082571 
-0.007750 0.104351 0.082211 
-0.007500 0.105015 0.081852 
-0.009000 0.103707 0.082930 
-0.008000 0.103688 0.082571 
-0.009000 0.105063 0.082810 
-0.006500 0.103657 0.081972 
-0.005500 0.103633 0.081493 
-0.007000 0.104997 0.081492 
-0.002750 0.101567 0.081135 
-0.003750 0.102932 0.081134 
-0.002750 0.102913 0.080775 
-0.000250 0.102850 0.079577 
-0.001750 0.101554 0.080895 
-0.000750 0.101529 0.080416 
-0.001750 0.102888 0.080296 
-0.001000 0.102205 0.080296 
-0.003750 0.105595 0.079816 
-0.003000 0.104912 0.079816 
-0.004250 0.104272 0.080655 
-0.003000 0.103583 0.080535 
-0.004000 0.104936 0.080295 
-0.003500 0.104924 0.080056 
-0.001750 0.104217 0.079577 
-0.000500 0.103515 0.079218 
-0.002000 0.104888 0.079337 
-0.002000 0.103558 0.080056 
-0.004250 0.101612 0.081973 
-0.003250 0.101586 0.081494 
-0.004250 0.102938 0.081254 
-0.003500 0.102256 0.081254 
-0.007500 0.107702 0.081013 
-0.005000 0.107633 0.079576 
-0.006500 0.106320 0.080654 
-0.005500 0.106302 0.080295 
-0.006500 0.107668 0.080294 
-0.005750 0.106973 0.080055 
-0.007750 0.108384 0.081012 
-0.006000 0.109011 0.079815 
-0.005500 0.108994 0.079456 
-0.006500 0.109033 0.080294 
-0.008500 0.106402 0.082330 
-0.008000 0.106378 0.081851 
-0.008000 0.107730 0.081611 
-0.009000 0.106419 0.082689 
-0.009000 0.107793 0.082928 
-0.008250 0.108446 0.082329 
-0.008750 0.108474 0.082928 
-0.004000 0.106267 0.079576 
-0.003000 0.106243 0.079097 
-0.004500 0.107616 0.079217 
-0.003500 0.107599 0.078857 
-0.004500 0.108967 0.078857 
-0.009000 0.101028 0.083769 
-0.016250 0.110161 0.090558 
-0.012750 0.110107 0.089087 
-0.010000 0.109426 0.088974 
-0.012250 0.110198 0.091576 
-0.011250 0.110206 0.091803 
-0.010250 0.110202 0.091690 
-0.009000 0.109464 0.089993 
-0.008000 0.109468 0.090106 
-0.005750 0.110148 0.090219 
-0.009250 0.110190 0.091350 
-0.007750 0.110185 0.091237 
-0.006750 0.110177 0.091011 
-0.004250 0.110103 0.088974 
0.018500 0.050684 0.054620 
0.018750 0.051277 0.053537 
0.018750 0.052658 0.053293 
0.018250 0.051337 0.054138 
0.018250 0.052765 0.054374 
0.018500 0.048123 0.057030 
0.017500 0.045545 0.059200 
0.018500 0.045545 0.059200 
0.016500 0.046970 0.059436 
0.016250 0.047669 0.059434 
0.017500 0.046845 0.058235 
0.018500 0.046845 0.058235 
0.017250 0.047521 0.057993 
0.018750 0.047484 0.057633 
0.017250 0.046208 0.058837 
0.018750 0.046208 0.058837 
0.016750 0.047620 0.058954 
0.018500 0.049414 0.055945 
0.017750 0.050103 0.055823 
0.018250 0.050091 0.055703 
0.017750 0.048799 0.056788 
0.018750 0.048762 0.056428 
0.017250 0.050188 0.056664 
0.017750 0.051506 0.055819 
0.018000 0.050780 0.055581 
0.017750 0.052873 0.055455 
0.017250 0.051554 0.056299 
0.017250 0.052980 0.056535 
0.016250 0.049032 0.059069 
0.015500 0.049792 0.059668 
0.016250 0.050395 0.058705 
0.016750 0.048970 0.058469 
0.016750 0.050298 0.057744 
0.016500 0.051034 0.058103 
0.016500 0.052435 0.058099 
0.015500 0.051179 0.059544 
0.016000 0.051107 0.058823 
0.015500 0.052578 0.059540 
0.016000 0.052494 0.058699 
0.016750 0.051710 0.057861 
0.016750 0.053099 0.057736 
0.038000 0.047273 0.048745 
0.036750 0.048064 0.049583 
0.037250 0.048027 0.049223 
0.036500 0.048780 0.049701 
0.037500 0.048731 0.049221 
0.038000 0.050200 0.049817 
0.037750 0.034676 0.055869 
0.036000 0.034122 0.057192 
0.038000 0.035470 0.056707 
0.038000 0.038300 0.056939 
0.035000 0.034310 0.058872 
0.036750 0.034903 0.057910 
0.037250 0.034836 0.057310 
0.037000 0.035656 0.058388 
0.037500 0.035590 0.057788 
0.036250 0.034996 0.058750 
0.036500 0.035736 0.059108 
0.037500 0.037004 0.057904 
0.037500 0.038417 0.058020 
0.036500 0.037162 0.059344 
0.036500 0.038562 0.059340 
0.032250 0.043497 0.059686 
0.033250 0.043484 0.059566 
0.038000 0.039714 0.057055 
0.038000 0.041116 0.057051 
0.037750 0.041842 0.057289 
0.037750 0.043205 0.056925 
0.037500 0.039831 0.058135 
0.037750 0.040479 0.057653 
0.036750 0.039222 0.058978 
0.037250 0.039170 0.058498 
0.036750 0.040635 0.059094 
0.035750 0.042085 0.059570 
0.033750 0.043472 0.059446 
0.035250 0.043446 0.059206 
0.037250 0.041944 0.058249 
0.036750 0.043332 0.058125 
0.037500 0.042568 0.057527 
0.036250 0.042047 0.059210 
0.036500 0.042696 0.058728 
0.020000 0.053111 0.050769 
0.020750 0.052431 0.051011 
0.020000 0.051848 0.052214 
0.021000 0.051788 0.051614 
0.019750 0.052503 0.051732 
0.022000 0.051740 0.051134 
0.023500 0.051716 0.050893 
0.022250 0.052384 0.050531 
0.023250 0.052384 0.050531 
0.023250 0.051157 0.052337 
0.019500 0.050635 0.054140 
0.021000 0.050647 0.054260 
0.022000 0.050659 0.054380 
0.023500 0.050635 0.054140 
0.019750 0.051253 0.053297 
0.020750 0.051241 0.053177 
0.019250 0.052586 0.052572 
0.021750 0.051217 0.052937 
0.022750 0.051181 0.052577 
0.028000 0.050418 0.051978 
0.024500 0.051716 0.050893 
0.025500 0.051716 0.050893 
0.024250 0.052384 0.050531 
0.025750 0.052396 0.050651 
0.024250 0.051109 0.051856 
0.025750 0.051085 0.051616 
0.027000 0.051728 0.051013 
0.028000 0.051728 0.051013 
0.026750 0.052419 0.050891 
0.028250 0.052431 0.051011 
0.026750 0.051061 0.051376 
0.025000 0.050563 0.053420 
0.025500 0.050538 0.053179 
0.024500 0.050599 0.053780 
0.027000 0.050490 0.052699 
0.027250 0.050006 0.054863 
0.028250 0.049957 0.054382 
0.019500 0.048135 0.057150 
0.019500 0.045583 0.059560 
0.023500 0.045596 0.059680 
0.019500 0.046858 0.058355 
0.019750 0.047496 0.057753 
0.020750 0.047533 0.058113 
0.019750 0.046233 0.059078 
0.020750 0.046245 0.059198 
0.022250 0.047546 0.058233 
0.023250 0.047533 0.058113 
0.022000 0.046907 0.058835 
0.023250 0.046245 0.059198 
0.024500 0.048123 0.057030 
0.025500 0.048123 0.057030 
0.027000 0.048135 0.057150 
0.027500 0.048147 0.057270 
0.024500 0.045596 0.059680 
0.024500 0.046845 0.058235 
0.025500 0.046845 0.058235 
0.024250 0.047484 0.057633 
0.025750 0.047484 0.057633 
0.024250 0.046220 0.058957 
0.025750 0.046233 0.059078 
0.026500 0.046858 0.058355 
0.026750 0.047484 0.057633 
0.028250 0.047533 0.058113 
0.026750 0.046245 0.059198 
0.028250 0.046258 0.059318 
0.019500 0.049414 0.055945 
0.020500 0.049426 0.056065 
0.019750 0.050030 0.055103 
0.020750 0.050042 0.055223 
0.019750 0.048774 0.056548 
0.020750 0.048799 0.056788 
0.023500 0.049426 0.056065 
0.022250 0.050055 0.055343 
0.023250 0.050055 0.055343 
0.022250 0.048811 0.056908 
0.023250 0.048799 0.056788 
0.024500 0.049414 0.055945 
0.025500 0.049414 0.055945 
0.024250 0.050055 0.055343 
0.025750 0.050042 0.055223 
0.024250 0.048786 0.056668 
0.025750 0.048774 0.056548 
0.027000 0.049414 0.055945 
0.028000 0.049402 0.055825 
0.026750 0.050030 0.055103 
0.026750 0.048774 0.056548 
0.028250 0.048774 0.056548 
0.035250 0.048174 0.050664 
0.034250 0.048345 0.052345 
0.037750 0.046742 0.050428 
0.036000 0.047482 0.050786 
0.038000 0.046162 0.051631 
0.037750 0.045734 0.054275 
0.034500 0.047889 0.054749 
0.035000 0.047815 0.054028 
0.036750 0.047026 0.053190 
0.037500 0.046324 0.053192 
0.037000 0.046448 0.054393 
0.029500 0.050381 0.051618 
0.030500 0.050357 0.051378 
0.031500 0.050345 0.051258 
0.033000 0.050333 0.051138 
0.033000 0.049036 0.052223 
0.031750 0.049678 0.051620 
0.029250 0.051036 0.051136 
0.030500 0.051740 0.051134 
0.029250 0.052443 0.051131 
0.030250 0.052455 0.051252 
0.030750 0.052467 0.051372 
0.031750 0.051048 0.051256 
0.032750 0.051048 0.051256 
0.031500 0.051764 0.051374 
0.033000 0.051776 0.051494 
0.031750 0.052479 0.051492 
0.032750 0.052491 0.051612 
0.029750 0.049872 0.053542 
0.030250 0.049787 0.052701 
0.030500 0.049292 0.054745 
0.029250 0.049909 0.053902 
0.031500 0.049219 0.054024 
0.032750 0.048566 0.054506 
0.034000 0.048926 0.051142 
0.035000 0.048865 0.050542 
0.034000 0.050321 0.051018 
0.035500 0.050297 0.050778 
0.036500 0.050260 0.050417 
0.034250 0.051048 0.051256 
0.035250 0.051048 0.051256 
0.034000 0.051776 0.051494 
0.035500 0.051776 0.051494 
0.034250 0.052503 0.051732 
0.035250 0.052503 0.051732 
0.036750 0.051024 0.051016 
0.037750 0.050988 0.050655 
0.036500 0.051776 0.051494 
0.037500 0.051764 0.051374 
0.036250 0.052503 0.051732 
0.037750 0.052503 0.051732 
0.033750 0.048480 0.053666 
0.030500 0.048147 0.057270 
0.032000 0.048098 0.056790 
0.032500 0.048073 0.056550 
0.030500 0.045583 0.059560 
0.033000 0.045458 0.058359 
0.032000 0.044146 0.059204 
0.033000 0.044121 0.058964 
0.031500 0.045533 0.059080 
0.031000 0.046870 0.058475 
0.029250 0.047533 0.058113 
0.030750 0.047521 0.057993 
0.029250 0.046258 0.059318 
0.030250 0.046245 0.059198 
0.032000 0.046833 0.058115 
0.033000 0.046796 0.057755 
0.031750 0.047484 0.057633 
0.031750 0.046195 0.058717 
0.037500 0.045207 0.055958 
0.037500 0.043906 0.056923 
0.036500 0.045332 0.057159 
0.034000 0.047926 0.055109 
0.035250 0.047236 0.055231 
0.034500 0.046734 0.057154 
0.035000 0.046709 0.056914 
0.034250 0.047372 0.056552 
0.036500 0.046547 0.055353 
0.034250 0.044770 0.058481 
0.035250 0.044758 0.058361 
0.034000 0.045445 0.058239 
0.035500 0.045408 0.057879 
0.034000 0.044121 0.058964 
0.035000 0.044108 0.058844 
0.036500 0.044020 0.058003 
0.036000 0.045370 0.057519 
0.034000 0.046758 0.057395 
0.035250 0.046058 0.057397 
0.029500 0.049365 0.055465 
0.030000 0.049329 0.055105 
0.029250 0.048786 0.056668 
0.030250 0.048762 0.056428 
0.031750 0.048664 0.055467 
0.019000 0.053325 0.052931 
0.019000 0.054788 0.053653 
0.018500 0.053431 0.054011 
0.018500 0.054846 0.054254 
0.019000 0.056261 0.054496 
0.018750 0.056991 0.054857 
0.017500 0.053621 0.055933 
0.018000 0.053550 0.055212 
0.018000 0.054928 0.055094 
0.017500 0.055139 0.057256 
0.017750 0.055821 0.057137 
0.018000 0.056468 0.056657 
0.017750 0.057220 0.057259 
0.018250 0.057174 0.056778 
0.016000 0.053954 0.059295 
0.016250 0.054646 0.059296 
0.017000 0.053764 0.057374 
0.017000 0.055209 0.057976 
0.016250 0.056065 0.059658 
0.017250 0.055914 0.058097 
0.018000 0.057936 0.057500 
0.017000 0.056676 0.058819 
0.017250 0.057357 0.058699 
0.019000 0.059188 0.056061 
0.018750 0.058528 0.056420 
0.017750 0.058697 0.058221 
0.018250 0.058652 0.057741 
0.018750 0.060027 0.057622 
0.018250 0.060172 0.059183 
0.019000 0.060764 0.058104 
0.018500 0.060875 0.059304 
0.019000 0.062227 0.058945 
0.018750 0.062962 0.059426 
0.019000 0.065059 0.059669 
0.019000 0.066433 0.059551 
0.021250 0.055135 0.050052 
0.019750 0.053833 0.051010 
0.020750 0.053762 0.050290 
0.020000 0.054519 0.050892 
0.020750 0.055159 0.050292 
0.019500 0.053242 0.052090 
0.019500 0.054577 0.051492 
0.021750 0.053762 0.050290 
0.023250 0.053750 0.050170 
0.022250 0.055159 0.050292 
0.023250 0.055159 0.050292 
0.020000 0.055949 0.051254 
0.020500 0.055891 0.050654 
0.020500 0.057299 0.050777 
0.019500 0.056065 0.052455 
0.020000 0.057424 0.052097 
0.022000 0.055857 0.050294 
0.023500 0.055857 0.050294 
0.022000 0.057253 0.050296 
0.023500 0.057253 0.050296 
0.019250 0.053998 0.052692 
0.019500 0.057538 0.053298 
0.019250 0.056887 0.053777 
0.024750 0.053785 0.050530 
0.025750 0.053797 0.050650 
0.024750 0.055182 0.050533 
0.025750 0.055205 0.050773 
0.026750 0.053821 0.050890 
0.027750 0.053833 0.051010 
0.026750 0.055217 0.050893 
0.028250 0.055240 0.051133 
0.024500 0.055868 0.050414 
0.025500 0.055891 0.050654 
0.024500 0.057276 0.050536 
0.025500 0.057288 0.050657 
0.027000 0.055926 0.051014 
0.028000 0.055938 0.051134 
0.027000 0.057322 0.051017 
0.028000 0.057333 0.051137 
0.021000 0.058695 0.050779 
0.021250 0.059404 0.050901 
0.020250 0.058087 0.051738 
0.020500 0.058751 0.051379 
0.021000 0.060190 0.051862 
0.022000 0.058650 0.050299 
0.023500 0.058672 0.050539 
0.022000 0.060058 0.050422 
0.023250 0.059382 0.050660 
0.021500 0.061519 0.051144 
0.021250 0.060899 0.051983 
0.021250 0.062304 0.052106 
0.022250 0.060767 0.050543 
0.023250 0.060778 0.050663 
0.022250 0.062185 0.050786 
0.023250 0.062174 0.050666 
0.019750 0.058234 0.053299 
0.020250 0.059582 0.052821 
0.020500 0.060257 0.052582 
0.019500 0.059031 0.054380 
0.019750 0.059704 0.054141 
0.020250 0.061030 0.053424 
0.020750 0.060964 0.052703 
0.020750 0.062358 0.052706 
0.019750 0.061074 0.053904 
0.019750 0.062509 0.054386 
0.024500 0.058684 0.050659 
0.025500 0.058695 0.050779 
0.024500 0.060091 0.050782 
0.025750 0.059404 0.050901 
0.027000 0.058717 0.051019 
0.028000 0.058740 0.051259 
0.026750 0.059426 0.051140 
0.028250 0.059437 0.051261 
0.028500 0.060146 0.051382 
0.024250 0.060789 0.050783 
0.025750 0.060811 0.051023 
0.024250 0.062196 0.050905 
0.025750 0.062217 0.051146 
0.026750 0.060822 0.051143 
0.028250 0.060844 0.051383 
0.026750 0.062239 0.051385 
0.028250 0.062260 0.051626 
0.019250 0.061457 0.058104 
0.019500 0.062129 0.057865 
0.028750 0.053856 0.051251 
0.028750 0.055252 0.051253 
0.029250 0.053868 0.051371 
0.030750 0.053903 0.051731 
0.029250 0.055263 0.051373 
0.030500 0.054601 0.051732 
0.031750 0.053915 0.051851 
0.032750 0.053927 0.051971 
0.031750 0.055310 0.051854 
0.033000 0.054624 0.051972 
0.029000 0.055949 0.051254 
0.029500 0.055972 0.051495 
0.030500 0.055984 0.051615 
0.029500 0.057367 0.051497 
0.030500 0.057390 0.051737 
0.031500 0.056007 0.051855 
0.033000 0.056030 0.052095 
0.031500 0.057413 0.051977 
0.033000 0.057436 0.052217 
0.034250 0.053927 0.051971 
0.035250 0.053939 0.052091 
0.034000 0.054636 0.052092 
0.035500 0.054648 0.052212 
0.036250 0.053939 0.052091 
0.037750 0.053939 0.052091 
0.036500 0.054648 0.052212 
0.037500 0.054648 0.052212 
0.034000 0.056053 0.052335 
0.035500 0.056065 0.052455 
0.034000 0.057447 0.052337 
0.034750 0.056761 0.052456 
0.036500 0.056065 0.052455 
0.037500 0.056065 0.052455 
0.034500 0.057470 0.052577 
0.035500 0.057481 0.052697 
0.036500 0.057492 0.052818 
0.037500 0.057504 0.052938 
0.029500 0.058762 0.051499 
0.030500 0.058785 0.051739 
0.029250 0.059460 0.051501 
0.030750 0.059493 0.051861 
0.031500 0.058807 0.051980 
0.033000 0.058829 0.052220 
0.031750 0.059515 0.052101 
0.032750 0.059526 0.052221 
0.029250 0.060855 0.051503 
0.030250 0.060888 0.051863 
0.029250 0.062271 0.051746 
0.030250 0.062293 0.051986 
0.031750 0.060909 0.052103 
0.032750 0.060931 0.052343 
0.031750 0.062325 0.052346 
0.033000 0.061639 0.052465 
0.032750 0.062347 0.052586 
0.034000 0.058852 0.052460 
0.034250 0.059549 0.052461 
0.033750 0.060942 0.052463 
0.034500 0.058863 0.052580 
0.035250 0.058178 0.052699 
0.034500 0.060257 0.052582 
0.035250 0.059571 0.052701 
0.036500 0.058897 0.052940 
0.037750 0.058212 0.053059 
0.036250 0.059593 0.052941 
0.037750 0.059615 0.053181 
0.034250 0.060964 0.052703 
0.035250 0.060986 0.052943 
0.034250 0.062379 0.052946 
0.035250 0.062401 0.053186 
0.036250 0.061008 0.053183 
0.037750 0.061019 0.053303 
0.036250 0.062412 0.053306 
0.037500 0.061715 0.053305 
0.021500 0.062947 0.051507 
0.021500 0.064426 0.052469 
0.022250 0.063613 0.051148 
0.023250 0.063602 0.051028 
0.023500 0.064321 0.051269 
0.021750 0.063655 0.051628 
0.022000 0.064353 0.051629 
0.023250 0.065029 0.051390 
0.022500 0.065758 0.051752 
0.023500 0.065747 0.051632 
0.022250 0.066507 0.052353 
0.023500 0.067173 0.051994 
0.020500 0.063086 0.053067 
0.021000 0.064479 0.053069 
0.020000 0.063247 0.054867 
0.020500 0.064585 0.054269 
0.021000 0.065914 0.053551 
0.021250 0.066620 0.053672 
0.020750 0.065280 0.054270 
0.021000 0.067418 0.054873 
0.021750 0.066548 0.052833 
0.024500 0.062904 0.051027 
0.025500 0.062915 0.051147 
0.024500 0.064321 0.051269 
0.025750 0.063634 0.051388 
0.024250 0.065040 0.051511 
0.026000 0.064353 0.051629 
0.026750 0.063655 0.051628 
0.028250 0.063676 0.051868 
0.027000 0.064374 0.051869 
0.028000 0.064384 0.051989 
0.024500 0.065747 0.051632 
0.025500 0.065758 0.051752 
0.024500 0.067173 0.051994 
0.025500 0.067183 0.052114 
0.027000 0.065799 0.052232 
0.028000 0.065820 0.052472 
0.026750 0.066507 0.052353 
0.028500 0.065830 0.052591 
0.027000 0.067224 0.052594 
0.028000 0.067255 0.052954 
0.023250 0.067890 0.052235 
0.021500 0.068758 0.054276 
0.022250 0.067931 0.052715 
0.022250 0.069394 0.053557 
0.023250 0.069314 0.052597 
0.021750 0.069444 0.054157 
0.021500 0.070179 0.054638 
0.022500 0.070090 0.053558 
0.023250 0.070747 0.053080 
0.023500 0.071463 0.053321 
0.022000 0.070130 0.054038 
0.022000 0.071560 0.054520 
0.022750 0.072207 0.053921 
0.024250 0.067890 0.052235 
0.025750 0.067911 0.052475 
0.026000 0.068628 0.052716 
0.024250 0.069314 0.052597 
0.025750 0.069334 0.052837 
0.027250 0.067951 0.052955 
0.028250 0.067971 0.053195 
0.026750 0.069354 0.053077 
0.027750 0.069384 0.053437 
0.024250 0.070737 0.052960 
0.025750 0.070757 0.053199 
0.024500 0.071453 0.053201 
0.025500 0.071473 0.053441 
0.025750 0.072198 0.053801 
0.027000 0.070080 0.053438 
0.028000 0.070100 0.053678 
0.026500 0.071492 0.053680 
0.028250 0.070825 0.054039 
0.027000 0.071511 0.053920 
0.028000 0.071531 0.054160 
0.020250 0.064006 0.055588 
0.019750 0.064123 0.056908 
0.020500 0.066235 0.057271 
0.020750 0.066929 0.057272 
0.019500 0.064943 0.058349 
0.019500 0.063601 0.058827 
0.019250 0.064336 0.059308 
0.019750 0.065615 0.058110 
0.020250 0.067001 0.058112 
0.019250 0.065688 0.058950 
0.019750 0.067042 0.058591 
0.021250 0.068123 0.054994 
0.021250 0.069554 0.055476 
0.021250 0.070982 0.055958 
0.021500 0.071667 0.055839 
0.021000 0.070337 0.056557 
0.020000 0.067725 0.058472 
0.020750 0.068346 0.057634 
0.021000 0.069030 0.057514 
0.019750 0.068458 0.058953 
0.020000 0.069150 0.058954 
0.020500 0.070496 0.058476 
0.021000 0.071813 0.057638 
0.020000 0.070535 0.058956 
0.020000 0.071959 0.059437 
0.020500 0.071891 0.058598 
0.029500 0.062990 0.051987 
0.030500 0.063011 0.052227 
0.029500 0.064416 0.052349 
0.030000 0.064426 0.052469 
0.031500 0.063033 0.052467 
0.028750 0.065123 0.052470 
0.030500 0.064437 0.052589 
0.031750 0.063751 0.052708 
0.033000 0.063065 0.052827 
0.032000 0.064479 0.053069 
0.033000 0.064500 0.053309 
0.029500 0.065862 0.052951 
0.030500 0.065882 0.053191 
0.029250 0.066569 0.053073 
0.030250 0.066589 0.053313 
0.031000 0.067326 0.053794 
0.031500 0.065903 0.053431 
0.032750 0.065207 0.053430 
0.031250 0.066620 0.053672 
0.033000 0.065934 0.053791 
0.031750 0.066630 0.053792 
0.032750 0.066651 0.054032 
0.034000 0.063086 0.053067 
0.035000 0.063108 0.053307 
0.034000 0.064521 0.053549 
0.035500 0.064553 0.053909 
0.036500 0.063129 0.053547 
0.037500 0.063140 0.053667 
0.036750 0.063857 0.053908 
0.037750 0.063868 0.054028 
0.036500 0.064574 0.054149 
0.037500 0.064585 0.054269 
0.034000 0.065966 0.054151 
0.035000 0.065986 0.054391 
0.034250 0.066692 0.054512 
0.035250 0.066713 0.054752 
0.036250 0.065291 0.054390 
0.037750 0.065312 0.054630 
0.029250 0.068002 0.053555 
0.029000 0.068708 0.053676 
0.030750 0.068032 0.053915 
0.029250 0.069424 0.053917 
0.030250 0.069444 0.054157 
0.031750 0.068053 0.054155 
0.032750 0.068093 0.054635 
0.031750 0.069484 0.054637 
0.033000 0.068798 0.054756 
0.029250 0.070845 0.054279 
0.030500 0.070159 0.054398 
0.029000 0.071550 0.054400 
0.030500 0.071589 0.054880 
0.031500 0.070189 0.054758 
0.033750 0.068103 0.054754 
0.035500 0.067428 0.054993 
0.036750 0.066744 0.055112 
0.037750 0.066754 0.055232 
0.032750 0.069514 0.054997 
0.031000 0.071599 0.055000 
0.031750 0.070904 0.054999 
0.033000 0.070229 0.055237 
0.032000 0.071628 0.055359 
0.033000 0.071648 0.055599 
0.034250 0.068123 0.054994 
0.035250 0.068144 0.055234 
0.034250 0.069544 0.055356 
0.035250 0.069564 0.055596 
0.036250 0.068164 0.055474 
0.037750 0.068184 0.055714 
0.036500 0.068879 0.055715 
0.037500 0.068889 0.055835 
0.034000 0.070248 0.055477 
0.035000 0.070268 0.055717 
0.034000 0.071677 0.055959 
0.035500 0.071696 0.056199 
0.036500 0.070298 0.056077 
0.036750 0.071012 0.056318 
0.037500 0.070308 0.056197 
0.036500 0.071716 0.056439 
0.037500 0.071725 0.056559 
0.018500 0.034659 0.061993 
0.016000 0.034780 0.063074 
0.016500 0.036189 0.063190 
0.015500 0.034887 0.064034 
0.016250 0.035571 0.063912 
0.017500 0.034686 0.062233 
0.018000 0.034672 0.062113 
0.017000 0.036096 0.062349 
0.018500 0.036096 0.062349 
0.016500 0.037571 0.063066 
0.016250 0.036993 0.064148 
0.016250 0.038348 0.063784 
0.017250 0.036781 0.062227 
0.018750 0.036807 0.062467 
0.017250 0.038164 0.062103 
0.018750 0.038190 0.062343 
0.016500 0.038836 0.061861 
0.016250 0.040906 0.061615 
0.017250 0.039535 0.061859 
0.017250 0.040893 0.061495 
0.018250 0.040919 0.061735 
0.016500 0.042912 0.060769 
0.016250 0.042278 0.061371 
0.017000 0.042900 0.060649 
0.018250 0.043586 0.060527 
0.017500 0.041592 0.061493 
0.018500 0.041592 0.061493 
0.017500 0.042925 0.060889 
0.018500 0.042938 0.061009 
0.016000 0.039098 0.064262 
0.016000 0.040415 0.063538 
0.018750 0.039574 0.062219 
0.019000 0.040259 0.062097 
0.016000 0.041772 0.063174 
0.015500 0.041887 0.064254 
0.015000 0.043231 0.063770 
0.016000 0.043206 0.063530 
0.014000 0.035410 0.068715 
0.014250 0.038795 0.067866 
0.014250 0.037496 0.068710 
0.014000 0.038205 0.068828 
0.015750 0.035745 0.065472 
0.015000 0.035129 0.066195 
0.015250 0.035892 0.066793 
0.016000 0.036455 0.065591 
0.015750 0.038440 0.064624 
0.015250 0.037271 0.066669 
0.015750 0.037205 0.066069 
0.015000 0.037954 0.066547 
0.014750 0.035972 0.067513 
0.014750 0.037350 0.067389 
0.014500 0.038060 0.067507 
0.014500 0.036748 0.068232 
0.014250 0.041423 0.066417 
0.014000 0.043525 0.066532 
0.014000 0.039491 0.067864 
0.014000 0.040791 0.067019 
0.013500 0.039608 0.068944 
0.013000 0.040986 0.068820 
0.013500 0.040947 0.068460 
0.011750 0.043097 0.069055 
0.013750 0.041578 0.067858 
0.012750 0.042969 0.067854 
0.013750 0.042879 0.067014 
0.012750 0.041668 0.068698 
0.013250 0.041629 0.068338 
0.012250 0.043033 0.068454 
0.015500 0.039177 0.064983 
0.015000 0.040610 0.065339 
0.015000 0.039268 0.065823 
0.014500 0.040687 0.066059 
0.015000 0.041939 0.064735 
0.014500 0.039386 0.066903 
0.000500 0.050244 0.064111 
0.001500 0.050268 0.064351 
0.000500 0.051554 0.063266 
0.000500 0.052902 0.062782 
0.001500 0.052950 0.063262 
0.000750 0.050905 0.063749 
0.002000 0.051602 0.063747 
0.001750 0.052276 0.063505 
0.003000 0.051639 0.064107 
0.004000 0.051651 0.064227 
0.003250 0.052312 0.063865 
0.004250 0.052336 0.064105 
0.009000 0.050280 0.064471 
0.005000 0.051663 0.064347 
0.005250 0.052348 0.064225 
0.006500 0.053034 0.064103 
0.008000 0.051675 0.064467 
0.009000 0.051639 0.064107 
0.007750 0.052360 0.064345 
0.009250 0.052312 0.063865 
0.009250 0.048300 0.065558 
0.009250 0.047031 0.066762 
0.007750 0.048362 0.066158 
0.009000 0.047678 0.066280 
0.009250 0.045802 0.068327 
0.006500 0.047852 0.067961 
0.005500 0.047938 0.068801 
0.006000 0.047901 0.068441 
0.008250 0.047081 0.067242 
0.009000 0.046410 0.067484 
0.007500 0.047752 0.067000 
0.007750 0.047206 0.068443 
0.000500 0.048997 0.065556 
0.000750 0.049620 0.064833 
0.002000 0.050293 0.064591 
0.001000 0.049021 0.065796 
0.002000 0.049058 0.066156 
0.003000 0.050317 0.064831 
0.004000 0.050341 0.065071 
0.003000 0.049083 0.066396 
0.004000 0.049107 0.066636 
0.003250 0.049706 0.065674 
0.004250 0.049730 0.065914 
0.004250 0.051002 0.064709 
0.000250 0.048535 0.067839 
0.000750 0.048609 0.068559 
0.001750 0.048646 0.068920 
0.004500 0.049132 0.066876 
0.002750 0.048597 0.068439 
0.004250 0.048584 0.068319 
0.005500 0.050366 0.065312 
0.006500 0.050354 0.065191 
0.005500 0.049083 0.066396 
0.006500 0.049046 0.066036 
0.005250 0.049718 0.065794 
0.008000 0.048997 0.065556 
0.009000 0.048947 0.065075 
0.007500 0.050329 0.064951 
0.008750 0.049620 0.064833 
0.007500 0.049009 0.065676 
0.005250 0.051014 0.064829 
0.006750 0.051014 0.064829 
0.007750 0.050990 0.064589 
0.005250 0.048485 0.067359 
0.014250 0.047917 0.061835 
0.014000 0.044563 0.063166 
0.013750 0.045249 0.063044 
0.014250 0.043891 0.063408 
0.010750 0.048176 0.064357 
0.011250 0.048139 0.063997 
0.013750 0.046632 0.062920 
0.012750 0.048053 0.063156 
0.013750 0.047966 0.062316 
0.012750 0.046744 0.064001 
0.012500 0.047404 0.063638 
0.016500 0.044272 0.060404 
0.016000 0.045646 0.060160 
0.015500 0.045821 0.061841 
0.017500 0.044234 0.060044 
0.018500 0.044247 0.060164 
0.016750 0.044921 0.059922 
0.015500 0.047069 0.060396 
0.015750 0.046357 0.060278 
0.015250 0.047768 0.060394 
0.015750 0.047731 0.060034 
0.015250 0.046495 0.061599 
0.014750 0.047830 0.060995 
0.015500 0.044538 0.062926 
0.016000 0.044487 0.062445 
0.015250 0.045211 0.062684 
0.015750 0.045160 0.062203 
0.014750 0.043903 0.063528 
0.014750 0.046557 0.062199 
0.014250 0.050613 0.060867 
0.013750 0.049301 0.061711 
0.013500 0.050000 0.061709 
0.014000 0.051348 0.061225 
0.014000 0.052758 0.061341 
0.011750 0.049461 0.063272 
0.011500 0.050158 0.063270 
0.010500 0.048849 0.064115 
0.011500 0.048800 0.063634 
0.010000 0.050232 0.063991 
0.011000 0.050183 0.063510 
0.012500 0.048738 0.063034 
0.013500 0.048652 0.062194 
0.012500 0.050097 0.062670 
0.012000 0.048775 0.063394 
0.011500 0.051530 0.063026 
0.011500 0.052926 0.063022 
0.010000 0.051590 0.063626 
0.010250 0.052276 0.063505 
0.012500 0.051482 0.062546 
0.012500 0.052890 0.062662 
0.014750 0.049179 0.060510 
0.015000 0.049841 0.060148 
0.014500 0.048541 0.061113 
0.015000 0.051252 0.060264 
0.015000 0.052638 0.060140 
0.010750 0.045639 0.066766 
0.011250 0.045588 0.066286 
0.012750 0.045488 0.065325 
0.013250 0.045437 0.064845 
0.012750 0.044246 0.066770 
0.013750 0.044183 0.066170 
0.012250 0.045551 0.065926 
0.010750 0.046894 0.065441 
0.011250 0.046857 0.065081 
0.010500 0.047529 0.064839 
0.011000 0.047504 0.064599 
0.010250 0.046956 0.066042 
0.011000 0.046247 0.065924 
0.012500 0.046147 0.064963 
0.011750 0.044322 0.067490 
0.010250 0.045765 0.067967 
0.011000 0.044980 0.067128 
0.011500 0.043741 0.068573 
0.010500 0.045145 0.068689 
0.012250 0.044284 0.067130 
0.010000 0.046372 0.067124 
0.010000 0.048886 0.064475 
0.000750 0.034452 0.078684 
0.001750 0.034452 0.078684 
0.002750 0.034425 0.078444 
0.004250 0.034384 0.078084 
0.008500 0.034832 0.075921 
0.009250 0.035524 0.075920 
0.009500 0.037653 0.076394 
0.005250 0.034330 0.077604 
0.007000 0.035007 0.077482 
0.005500 0.035129 0.078562 
0.006500 0.035048 0.077842 
0.005750 0.035847 0.078800 
0.006750 0.035766 0.078080 
0.007500 0.034967 0.077122 
0.007750 0.035685 0.077360 
0.008750 0.035591 0.076520 
0.007500 0.036430 0.077838 
0.006750 0.037188 0.078437 
0.006750 0.038583 0.078553 
0.008250 0.037081 0.077477 
0.008750 0.037028 0.076996 
0.008250 0.038477 0.077593 
0.008750 0.038437 0.077233 
0.007750 0.037108 0.077717 
0.007750 0.038517 0.077953 
0.000000 0.040668 0.078668 
0.003250 0.039991 0.078790 
0.004250 0.039991 0.078790 
0.003000 0.040668 0.078668 
0.004000 0.040655 0.078548 
0.000500 0.042024 0.078425 
0.002000 0.042024 0.078425 
0.000750 0.042689 0.078183 
0.001750 0.042689 0.078183 
0.004500 0.043277 0.077221 
0.003000 0.042011 0.078305 
0.004000 0.041985 0.078065 
0.002750 0.042689 0.078183 
0.004250 0.042637 0.077703 
0.009500 0.039036 0.076391 
0.009250 0.041072 0.076025 
0.009250 0.042366 0.075181 
0.009000 0.043033 0.074939 
0.009000 0.041738 0.075783 
0.008000 0.043135 0.075900 
0.008500 0.043084 0.075420 
0.005750 0.039978 0.078670 
0.006500 0.039274 0.078552 
0.005500 0.040642 0.078428 
0.006500 0.040616 0.078188 
0.008250 0.039846 0.077469 
0.009000 0.039102 0.076991 
0.008000 0.040525 0.077348 
0.008500 0.040485 0.076988 
0.007500 0.039221 0.078071 
0.007500 0.040564 0.077708 
0.007000 0.041907 0.077344 
0.005500 0.043264 0.077101 
0.006500 0.043226 0.076740 
0.005500 0.041959 0.077824 
0.006250 0.041281 0.077946 
0.007500 0.041868 0.076984 
0.007250 0.042547 0.076862 
0.013750 0.036226 0.069794 
0.012250 0.034984 0.071118 
0.013000 0.035652 0.070876 
0.013500 0.036934 0.069912 
0.013500 0.038271 0.069428 
0.012500 0.037107 0.071473 
0.012500 0.038429 0.070869 
0.011750 0.035065 0.071838 
0.011250 0.035227 0.073279 
0.010750 0.035308 0.073999 
0.011500 0.035947 0.073517 
0.012500 0.035746 0.071716 
0.011500 0.037347 0.073633 
0.011250 0.038053 0.073752 
0.012250 0.036507 0.072315 
0.012000 0.038574 0.072189 
0.012000 0.037280 0.073033 
0.011750 0.040460 0.070383 
0.012500 0.039700 0.069784 
0.013250 0.038953 0.069306 
0.012250 0.040408 0.069903 
0.012250 0.039084 0.070507 
0.011750 0.041797 0.069899 
0.010750 0.043289 0.070856 
0.011500 0.042582 0.070738 
0.012250 0.041759 0.069539 
0.012000 0.042428 0.069297 
0.011750 0.039255 0.072067 
0.011250 0.039465 0.073988 
0.010750 0.040838 0.073864 
0.011250 0.040786 0.073384 
0.010750 0.042095 0.072660 
0.011250 0.042030 0.072060 
0.010500 0.042724 0.072058 
0.010500 0.041479 0.073382 
0.011000 0.041453 0.073142 
0.010000 0.042930 0.073979 
0.010250 0.035375 0.074599 
0.011000 0.036014 0.074117 
0.010000 0.036162 0.075438 
0.010750 0.036774 0.074716 
0.011000 0.037413 0.074234 
0.010750 0.038172 0.074832 
0.011000 0.038825 0.074470 
0.009750 0.036921 0.076036 
0.010250 0.038278 0.075792 
0.010750 0.039544 0.074708 
0.010250 0.040916 0.074585 
0.011000 0.040171 0.074106 
0.010250 0.039623 0.075429 
0.010000 0.040328 0.075547 
0.010000 0.041648 0.074943 
0.000500 0.048162 0.070963 
0.001500 0.048187 0.071203 
0.003000 0.048187 0.071203 
0.004000 0.048162 0.070963 
0.001750 0.047655 0.072766 
0.000000 0.047087 0.073968 
0.000250 0.047680 0.073006 
0.003250 0.047605 0.072285 
0.004250 0.047593 0.072165 
0.003500 0.047049 0.073608 
0.004000 0.047024 0.073368 
0.009000 0.045448 0.071571 
0.005000 0.048050 0.069882 
0.006750 0.047368 0.070004 
0.007000 0.046799 0.071207 
0.005750 0.047468 0.070965 
0.008000 0.046661 0.069886 
0.007250 0.047318 0.069524 
0.007500 0.046786 0.071087 
0.008750 0.046029 0.070488 
0.007000 0.045676 0.073732 
0.008500 0.045537 0.072411 
0.009000 0.044290 0.073735 
0.007500 0.045638 0.073371 
0.008750 0.044919 0.073133 
0.005500 0.046962 0.072768 
0.006500 0.046861 0.071807 
0.005250 0.047568 0.071925 
0.005750 0.046356 0.073610 
0.006250 0.046331 0.073370 
0.007750 0.046180 0.071929 
0.000500 0.045903 0.075893 
0.002000 0.045916 0.076013 
0.003000 0.045903 0.075893 
0.004250 0.045249 0.076255 
0.000250 0.046507 0.075051 
0.001750 0.046520 0.075171 
0.003250 0.046495 0.074930 
0.004250 0.046457 0.074570 
0.000500 0.044634 0.076977 
0.001500 0.044647 0.077097 
0.000750 0.045288 0.076615 
0.001750 0.045300 0.076735 
0.003000 0.044647 0.077097 
0.004250 0.043956 0.077099 
0.002750 0.045288 0.076615 
0.005500 0.045802 0.074932 
0.006500 0.045739 0.074332 
0.005500 0.044558 0.076257 
0.006500 0.044519 0.075896 
0.005250 0.045211 0.075895 
0.006250 0.045161 0.075414 
0.008000 0.044392 0.074696 
0.008750 0.043699 0.074698 
0.007750 0.045034 0.074214 
0.007750 0.043789 0.075538 
0.005250 0.043917 0.076739 
0.010250 0.044576 0.069891 
0.011000 0.043882 0.069893 
0.010500 0.043945 0.070494 
0.010000 0.044175 0.072655 
0.009750 0.044805 0.072053 
0.019500 0.034659 0.061993 
0.021000 0.034659 0.061993 
0.019500 0.036109 0.062469 
0.021000 0.036109 0.062469 
0.022000 0.034672 0.062113 
0.023500 0.034713 0.062473 
0.022000 0.036109 0.062469 
0.023500 0.036135 0.062710 
0.019750 0.036807 0.062467 
0.020750 0.036820 0.062587 
0.019750 0.038204 0.062463 
0.020750 0.038217 0.062583 
0.022250 0.036820 0.062587 
0.023250 0.036834 0.062707 
0.022250 0.038217 0.062583 
0.023250 0.038243 0.062824 
0.024500 0.034713 0.062473 
0.025500 0.034713 0.062473 
0.024500 0.036162 0.062950 
0.025750 0.035451 0.062831 
0.027000 0.034739 0.062713 
0.028000 0.034726 0.062593 
0.026750 0.035464 0.062951 
0.028250 0.035451 0.062831 
0.024250 0.036873 0.063068 
0.025250 0.036887 0.063188 
0.024250 0.038282 0.063184 
0.025000 0.037598 0.063306 
0.025750 0.036900 0.063308 
0.024750 0.038295 0.063304 
0.025750 0.038309 0.063424 
0.028250 0.036873 0.063068 
0.028250 0.038282 0.063184 
0.026750 0.036913 0.063428 
0.027750 0.036900 0.063308 
0.026750 0.038309 0.063424 
0.027750 0.038309 0.063424 
0.019250 0.040945 0.061975 
0.019500 0.041630 0.061853 
0.021000 0.041643 0.061973 
0.020000 0.042976 0.061369 
0.021000 0.043002 0.061609 
0.022000 0.041643 0.061973 
0.023250 0.042329 0.061851 
0.022000 0.042989 0.061489 
0.023500 0.042989 0.061489 
0.019750 0.039587 0.062339 
0.020750 0.039600 0.062459 
0.020000 0.040285 0.062337 
0.021000 0.040285 0.062337 
0.022250 0.039613 0.062579 
0.023250 0.039626 0.062699 
0.022000 0.040285 0.062337 
0.023500 0.040324 0.062698 
0.023500 0.041669 0.062213 
0.024500 0.043027 0.061849 
0.025500 0.043040 0.061969 
0.028000 0.043040 0.061969 
0.024250 0.039665 0.063060 
0.024500 0.040363 0.063058 
0.025750 0.041061 0.063056 
0.024750 0.039691 0.063300 
0.025750 0.039704 0.063420 
0.025500 0.040389 0.063298 
0.028250 0.039678 0.063180 
0.026750 0.041061 0.063056 
0.028250 0.041048 0.062936 
0.027000 0.039019 0.063542 
0.027750 0.039691 0.063300 
0.027000 0.040389 0.063298 
0.024500 0.041707 0.062573 
0.025500 0.041733 0.062814 
0.026000 0.043053 0.062089 
0.027000 0.041733 0.062814 
0.028000 0.041720 0.062694 
0.027000 0.043053 0.062089 
0.033000 0.034511 0.060673 
0.032000 0.034619 0.061633 
0.032500 0.034605 0.061513 
0.032750 0.035344 0.061871 
0.029500 0.034686 0.062233 
0.030500 0.034686 0.062233 
0.029500 0.036135 0.062710 
0.030500 0.036135 0.062710 
0.031500 0.036122 0.062589 
0.032500 0.036096 0.062349 
0.029250 0.036847 0.062827 
0.030250 0.036847 0.062827 
0.029250 0.038256 0.062944 
0.030250 0.038243 0.062824 
0.031750 0.036834 0.062707 
0.032750 0.036807 0.062467 
0.031750 0.038243 0.062824 
0.032750 0.038204 0.062463 
0.034000 0.034458 0.060193 
0.035250 0.035117 0.059830 
0.035500 0.035856 0.060189 
0.034000 0.036002 0.061509 
0.035500 0.037294 0.060545 
0.035250 0.038006 0.060663 
0.034250 0.036701 0.061507 
0.035000 0.037334 0.060905 
0.034250 0.038098 0.061503 
0.034750 0.038046 0.061023 
0.036000 0.037228 0.059944 
0.036000 0.038614 0.059820 
0.033500 0.037466 0.062105 
0.033250 0.039548 0.061979 
0.031750 0.040945 0.061975 
0.032750 0.040919 0.061735 
0.030750 0.043573 0.060406 
0.029250 0.042329 0.061851 
0.030500 0.041617 0.061733 
0.029500 0.042976 0.061369 
0.030000 0.042963 0.061249 
0.033250 0.042213 0.060771 
0.031500 0.042874 0.060408 
0.033000 0.042861 0.060288 
0.031500 0.041605 0.061613 
0.033000 0.041566 0.061253 
0.029250 0.039626 0.062699 
0.030250 0.039613 0.062579 
0.029000 0.040324 0.062698 
0.030500 0.040285 0.062337 
0.031750 0.039613 0.062579 
0.032750 0.039574 0.062219 
0.031500 0.040285 0.062337 
0.032500 0.040259 0.062097 
0.029000 0.041669 0.062213 
0.035250 0.039391 0.060539 
0.035250 0.040777 0.060415 
0.034250 0.039483 0.061379 
0.034750 0.039430 0.060899 
0.033750 0.040880 0.061375 
0.036000 0.040013 0.059816 
0.034250 0.042175 0.060410 
0.035000 0.041476 0.060413 
0.034000 0.042836 0.060048 
0.034000 0.041540 0.061013 
0.036000 0.041399 0.059692 
0.019500 0.044272 0.060404 
0.021000 0.044310 0.060765 
0.019750 0.044934 0.060042 
0.021000 0.045621 0.059920 
0.019750 0.043624 0.060887 
0.020750 0.043649 0.061127 
0.022000 0.044310 0.060765 
0.023500 0.044298 0.060645 
0.022000 0.045621 0.059920 
0.023250 0.044946 0.060162 
0.022250 0.043662 0.061247 
0.023250 0.043637 0.061007 
0.024500 0.044310 0.060765 
0.024750 0.044972 0.060402 
0.025750 0.044984 0.060523 
0.024750 0.043675 0.061367 
0.025500 0.044348 0.061125 
0.027000 0.045633 0.060040 
0.028000 0.045621 0.059920 
0.027000 0.044348 0.061125 
0.028000 0.044336 0.061005 
0.029500 0.044310 0.060765 
0.030500 0.044260 0.060284 
0.029250 0.044972 0.060402 
0.030250 0.044934 0.060042 
0.029250 0.043649 0.061127 
0.000750 0.053600 0.062780 
0.001750 0.053636 0.063140 
0.000750 0.054964 0.062538 
0.001750 0.055011 0.063019 
0.002250 0.053659 0.063380 
0.003250 0.053683 0.063621 
0.004250 0.053695 0.063741 
0.003250 0.055058 0.063499 
0.004250 0.055082 0.063739 
0.000750 0.056344 0.062540 
0.001750 0.056390 0.063020 
0.000500 0.057034 0.062541 
0.001500 0.057068 0.062901 
0.002750 0.056414 0.063260 
0.002500 0.057103 0.063261 
0.003250 0.056437 0.063501 
0.004250 0.056448 0.063621 
0.003000 0.057114 0.063381 
0.004000 0.057138 0.063621 
0.005250 0.053707 0.063861 
0.006750 0.053731 0.064101 
0.005250 0.055094 0.063859 
0.006750 0.055105 0.063979 
0.007750 0.053731 0.064101 
0.008750 0.053719 0.063981 
0.007750 0.055105 0.063979 
0.008750 0.055105 0.063979 
0.005250 0.056460 0.063741 
0.006750 0.056472 0.063861 
0.005500 0.057161 0.063861 
0.006500 0.057161 0.063861 
0.007750 0.056483 0.063981 
0.009000 0.055794 0.063980 
0.008000 0.057172 0.063981 
0.009000 0.057172 0.063981 
0.000500 0.058414 0.062542 
0.001500 0.058448 0.062902 
0.000500 0.059804 0.062663 
0.001500 0.059838 0.063023 
0.002500 0.058482 0.063262 
0.003000 0.058493 0.063382 
0.004000 0.058516 0.063622 
0.003000 0.059883 0.063504 
0.004000 0.059905 0.063744 
0.000500 0.061217 0.063025 
0.001750 0.060550 0.063264 
0.000250 0.061929 0.063265 
0.002000 0.061261 0.063505 
0.000750 0.061940 0.063386 
0.001750 0.061962 0.063625 
0.003000 0.061272 0.063625 
0.004250 0.060594 0.063744 
0.003250 0.061983 0.063866 
0.004250 0.061995 0.063986 
0.005500 0.058539 0.063863 
0.006500 0.058550 0.063983 
0.005500 0.059917 0.063864 
0.006500 0.059928 0.063984 
0.007500 0.058550 0.063983 
0.009000 0.058550 0.063983 
0.008000 0.059939 0.064104 
0.009000 0.059939 0.064104 
0.005250 0.060617 0.063984 
0.006750 0.060617 0.063984 
0.005250 0.061995 0.063986 
0.006750 0.062016 0.064226 
0.007750 0.060628 0.064104 
0.009250 0.060628 0.064104 
0.007750 0.062016 0.064226 
0.008750 0.062016 0.064226 
0.013750 0.053493 0.061699 
0.013750 0.054905 0.061938 
0.014000 0.055595 0.061939 
0.011750 0.053624 0.063020 
0.011750 0.055023 0.063139 
0.010250 0.053671 0.063501 
0.011000 0.054357 0.063378 
0.010250 0.055082 0.063739 
0.011250 0.055046 0.063379 
0.012750 0.053576 0.062540 
0.013250 0.053540 0.062180 
0.012750 0.054988 0.062779 
0.013250 0.054940 0.062298 
0.010250 0.056472 0.063861 
0.011250 0.056437 0.063501 
0.010000 0.057172 0.063981 
0.011000 0.057149 0.063741 
0.012750 0.056379 0.062900 
0.013750 0.056320 0.062300 
0.012500 0.057091 0.063141 
0.013750 0.057735 0.062661 
0.012250 0.057815 0.063502 
0.015000 0.054072 0.060496 
0.015250 0.054764 0.060497 
0.015750 0.054705 0.059897 
0.014500 0.054120 0.060977 
0.014750 0.054811 0.060977 
0.015750 0.056135 0.060379 
0.015500 0.056872 0.060860 
0.016250 0.057506 0.060260 
0.014750 0.056251 0.061579 
0.015000 0.056930 0.061460 
0.010000 0.058550 0.063983 
0.011500 0.058516 0.063622 
0.010000 0.059939 0.064104 
0.011500 0.059905 0.063744 
0.013000 0.058470 0.063142 
0.014000 0.058425 0.062662 
0.014000 0.059827 0.062903 
0.012500 0.058493 0.063382 
0.012500 0.059883 0.063504 
0.010250 0.060617 0.063984 
0.011250 0.060605 0.063864 
0.010250 0.062005 0.064106 
0.011250 0.062005 0.064106 
0.014000 0.061228 0.063145 
0.014250 0.061929 0.063265 
0.012500 0.061283 0.063745 
0.013500 0.061261 0.063505 
0.012750 0.061973 0.063745 
0.013750 0.061951 0.063506 
0.016500 0.058197 0.060261 
0.015000 0.058334 0.061701 
0.015750 0.058979 0.061222 
0.015500 0.059715 0.061703 
0.016000 0.059681 0.061343 
0.017250 0.058855 0.059901 
0.017500 0.059558 0.060022 
0.016500 0.061074 0.061464 
0.016250 0.061808 0.061945 
0.017500 0.060985 0.060504 
0.018000 0.060930 0.059904 
0.017500 0.062390 0.060746 
0.018000 0.062346 0.060266 
0.017000 0.061030 0.060984 
0.017000 0.062455 0.061466 
0.014500 0.058379 0.062182 
0.014500 0.059793 0.062543 
0.015000 0.061184 0.062665 
0.015250 0.061874 0.062665 
0.016000 0.062531 0.062306 
0.001750 0.063415 0.064467 
0.002750 0.063415 0.064467 
0.004250 0.063415 0.064467 
0.005250 0.063405 0.064347 
0.006250 0.063405 0.064347 
0.007750 0.063405 0.064347 
0.008750 0.063405 0.064347 
0.008000 0.064104 0.064467 
0.009000 0.064104 0.064467 
0.000250 0.063437 0.064707 
0.002000 0.064168 0.065187 
0.000500 0.064308 0.066748 
0.002250 0.064995 0.066748 
0.003000 0.064158 0.065067 
0.004000 0.064147 0.064948 
0.002750 0.064952 0.066268 
0.004000 0.065639 0.066269 
0.004750 0.066337 0.066389 
0.000750 0.065090 0.067828 
0.001750 0.065026 0.067108 
0.000500 0.065871 0.068908 
0.001500 0.065829 0.068428 
0.002250 0.066557 0.068909 
0.003000 0.065734 0.067348 
0.004500 0.067139 0.067709 
0.002750 0.066546 0.068789 
0.004000 0.067211 0.068549 
0.005250 0.064856 0.065188 
0.006750 0.064835 0.064948 
0.007750 0.064824 0.064828 
0.008750 0.064814 0.064708 
0.006500 0.065566 0.065429 
0.005000 0.065597 0.065789 
0.006750 0.066295 0.065909 
0.005500 0.067045 0.066629 
0.006500 0.067024 0.066389 
0.008000 0.065534 0.065069 
0.009000 0.065523 0.064949 
0.009500 0.066952 0.065550 
0.007750 0.066274 0.065669 
0.007500 0.067004 0.066150 
0.009000 0.066973 0.065790 
0.005000 0.067066 0.066869 
0.004250 0.067928 0.068909 
0.006750 0.067732 0.066630 
0.007750 0.067722 0.066510 
0.009000 0.068399 0.066390 
0.009250 0.069106 0.066631 
0.005250 0.067794 0.067350 
0.006500 0.068440 0.066870 
0.006750 0.069147 0.067111 
0.005000 0.068573 0.068430 
0.005250 0.069299 0.068910 
0.007500 0.068440 0.066870 
0.007750 0.069137 0.066991 
0.009000 0.069814 0.066871 
0.006750 0.070620 0.068311 
0.007750 0.070541 0.067351 
0.008750 0.070520 0.067112 
0.008000 0.071257 0.067712 
0.009000 0.071227 0.067352 
0.007500 0.071326 0.068551 
0.008750 0.072002 0.068432 
0.010250 0.063405 0.064347 
0.011250 0.063394 0.064227 
0.010250 0.064793 0.064468 
0.011250 0.064782 0.064348 
0.012750 0.063372 0.063987 
0.013750 0.063351 0.063747 
0.012750 0.064761 0.064108 
0.013750 0.064729 0.063748 
0.011500 0.065471 0.064349 
0.012500 0.065450 0.064109 
0.013500 0.065429 0.063869 
0.013000 0.066838 0.064230 
0.014000 0.066796 0.063750 
0.016500 0.063890 0.062067 
0.017750 0.063081 0.060746 
0.018250 0.063027 0.060146 
0.018250 0.064442 0.060508 
0.017250 0.063124 0.061226 
0.017250 0.064538 0.061588 
0.018750 0.065783 0.060030 
0.018750 0.067176 0.060151 
0.017250 0.065929 0.061709 
0.017500 0.066599 0.061470 
0.015250 0.063286 0.063027 
0.015750 0.063243 0.062547 
0.015250 0.064665 0.063028 
0.016250 0.064601 0.062308 
0.014500 0.064008 0.063387 
0.015000 0.065365 0.063149 
0.016250 0.066002 0.062549 
0.015500 0.066734 0.063030 
0.016000 0.066713 0.062790 
0.014750 0.066076 0.063389 
0.015000 0.066765 0.063390 
0.016750 0.065971 0.062189 
0.016750 0.067351 0.062191 
0.012750 0.067547 0.064470 
0.014000 0.068205 0.064111 
0.018500 0.067898 0.060512 
0.018500 0.069291 0.060633 
0.017500 0.067980 0.061472 
0.017500 0.069371 0.061593 
0.018000 0.069331 0.061113 
0.019000 0.070654 0.060395 
0.018750 0.071365 0.060636 
0.017500 0.070753 0.061595 
0.018000 0.070733 0.061355 
0.017750 0.071443 0.061595 
0.018250 0.071404 0.061115 
0.015500 0.068133 0.063271 
0.016000 0.068093 0.062791 
0.016000 0.069482 0.062913 
0.015000 0.068164 0.063631 
0.015000 0.069582 0.064112 
0.016750 0.068732 0.062192 
0.016250 0.070162 0.062793 
0.016250 0.071561 0.063034 
0.015250 0.070271 0.064113 
0.015750 0.070211 0.063393 
0.015750 0.071629 0.063874 
0.016750 0.070122 0.062314 
0.016750 0.071512 0.062435 
0.009750 0.064803 0.064588 
0.010000 0.065502 0.064709 
0.011250 0.066191 0.064709 
0.010000 0.066931 0.065310 
0.011500 0.066890 0.064830 
0.012000 0.066869 0.064590 
0.010750 0.067629 0.065430 
0.011250 0.067609 0.065190 
0.010000 0.068379 0.066151 
0.011000 0.068338 0.065671 
0.010250 0.069076 0.066271 
0.011250 0.069056 0.066031 
0.012500 0.068276 0.064951 
0.012750 0.068985 0.065191 
0.013750 0.068954 0.064831 
0.012500 0.069723 0.065792 
0.010750 0.070491 0.066752 
0.011250 0.070481 0.066632 
0.011500 0.071178 0.066752 
0.013750 0.070391 0.065552 
0.014250 0.071767 0.065553 
0.012250 0.070451 0.066272 
0.013250 0.070421 0.065912 
0.012750 0.071835 0.066393 
0.013750 0.071796 0.065913 
0.010250 0.070501 0.066872 
0.010250 0.071914 0.067352 
0.011250 0.071894 0.067112 
0.014500 0.069633 0.064712 
0.014750 0.070331 0.064833 
0.014750 0.071737 0.065193 
0.000000 0.065914 0.069388 
0.000750 0.066630 0.069749 
0.002000 0.067336 0.069989 
0.000500 0.067419 0.070949 
0.003000 0.067284 0.069389 
0.000750 0.068155 0.071549 
0.001750 0.068113 0.071069 
0.002000 0.068838 0.071549 
0.003250 0.068010 0.069869 
0.003750 0.067979 0.069509 
0.003500 0.068726 0.070229 
0.004250 0.069390 0.069990 
0.003250 0.069461 0.070830 
0.003750 0.069431 0.070470 
0.004500 0.070095 0.070230 
0.003500 0.070186 0.071310 
0.004000 0.070145 0.070830 
0.000250 0.068165 0.071669 
0.000500 0.068910 0.072389 
0.001750 0.069583 0.072269 
0.000250 0.069674 0.073349 
0.002000 0.070296 0.072629 
0.000500 0.070397 0.073829 
0.001500 0.070346 0.073229 
0.003000 0.070226 0.071790 
0.003750 0.070919 0.071910 
0.004000 0.071652 0.072510 
0.003000 0.071721 0.073349 
0.005750 0.070760 0.069990 
0.006250 0.070720 0.069511 
0.006500 0.071464 0.070231 
0.005250 0.070800 0.070470 
0.005500 0.071514 0.070830 
0.006250 0.072208 0.070951 
0.007750 0.072110 0.069751 
0.005250 0.072267 0.071670 
0.000000 0.070417 0.074069 
0.001000 0.071850 0.074909 
0.001500 0.071830 0.074669 
0.000000 0.071880 0.075268 
0.019250 0.068529 0.059793 
0.019500 0.070604 0.059795 
0.019500 0.071998 0.059917 
0.045250 0.034506 0.041583 
0.044750 0.034618 0.042599 
0.045250 0.035993 0.042214 
0.046000 0.035119 0.040693 
0.045750 0.035869 0.041072 
0.045000 0.036756 0.042720 
0.045000 0.038159 0.042589 
0.045750 0.037288 0.041069 
0.046000 0.037970 0.040813 
0.044250 0.034729 0.043614 
0.044750 0.036089 0.043102 
0.043750 0.034799 0.044248 
0.043750 0.036323 0.045259 
0.044500 0.036866 0.043735 
0.044500 0.038240 0.043350 
0.044000 0.036948 0.044496 
0.044000 0.038362 0.044492 
0.045000 0.039562 0.042459 
0.045000 0.041006 0.042709 
0.046000 0.039375 0.040683 
0.045750 0.040125 0.041062 
0.045250 0.042936 0.040801 
0.045250 0.041648 0.042073 
0.044750 0.043052 0.041943 
0.045750 0.041517 0.040805 
0.044500 0.039683 0.043600 
0.044750 0.040364 0.043345 
0.043750 0.039109 0.044871 
0.043750 0.040550 0.045121 
0.044250 0.041819 0.043722 
0.043750 0.043208 0.043464 
0.043750 0.041911 0.044609 
0.043500 0.042605 0.044480 
0.043000 0.035755 0.046530 
0.042000 0.034399 0.047042 
0.042500 0.035838 0.047292 
0.043000 0.037167 0.046526 
0.043000 0.038551 0.046268 
0.042500 0.037235 0.047160 
0.042500 0.038632 0.047029 
0.041500 0.034578 0.048664 
0.041750 0.035296 0.048782 
0.042000 0.035921 0.048053 
0.041000 0.034658 0.049385 
0.041500 0.036080 0.049500 
0.042000 0.037344 0.048175 
0.041750 0.038127 0.048894 
0.042000 0.038793 0.048531 
0.041250 0.036837 0.049978 
0.043250 0.034938 0.045517 
0.043500 0.035658 0.045642 
0.043500 0.037057 0.045511 
0.043250 0.037791 0.045763 
0.042750 0.039338 0.047027 
0.042750 0.040775 0.047277 
0.042750 0.042107 0.046511 
0.043000 0.042722 0.045622 
0.042500 0.041494 0.047401 
0.042500 0.042852 0.046890 
0.041750 0.039536 0.048889 
0.042250 0.039459 0.048169 
0.042250 0.040855 0.048038 
0.041250 0.039640 0.049850 
0.041500 0.040305 0.049487 
0.041750 0.042342 0.048760 
0.042000 0.041586 0.048282 
0.041500 0.043059 0.048878 
0.042000 0.042944 0.047777 
0.041500 0.041701 0.049363 
0.041000 0.043134 0.049599 
0.043250 0.039230 0.046012 
0.043250 0.040656 0.046135 
0.043250 0.042055 0.046004 
0.042750 0.044649 0.043714 
0.042500 0.045344 0.043585 
0.042500 0.044083 0.045111 
0.042000 0.045433 0.044473 
0.042750 0.046090 0.043964 
0.041750 0.046203 0.045104 
0.042500 0.046910 0.045102 
0.044750 0.044355 0.040798 
0.045000 0.045115 0.041303 
0.043750 0.044496 0.042193 
0.043500 0.045255 0.042698 
0.044750 0.045938 0.042443 
0.045500 0.045051 0.040670 
0.046750 0.045799 0.041048 
0.045750 0.045887 0.041935 
0.047500 0.046558 0.041553 
0.046000 0.046684 0.042821 
0.047000 0.046646 0.042441 
0.047250 0.047405 0.042946 
0.043500 0.043890 0.043209 
0.043250 0.046064 0.043710 
0.045000 0.046747 0.043455 
0.043500 0.046860 0.044595 
0.045500 0.046709 0.043074 
0.046250 0.047467 0.043580 
0.047500 0.048187 0.043704 
0.046000 0.048324 0.045098 
0.047250 0.048993 0.044716 
0.047500 0.049749 0.045221 
0.040500 0.045637 0.046501 
0.040000 0.045726 0.047388 
0.042000 0.044186 0.046125 
0.041000 0.045560 0.045740 
0.041500 0.044289 0.047139 
0.040750 0.044982 0.047010 
0.040250 0.046393 0.047006 
0.041250 0.046267 0.045738 
0.042000 0.046973 0.045736 
0.042750 0.047754 0.046495 
0.041250 0.047854 0.047509 
0.042250 0.047792 0.046875 
0.040250 0.045097 0.048151 
0.040500 0.044480 0.048994 
0.039750 0.045259 0.049712 
0.041000 0.044405 0.048274 
0.040750 0.043814 0.049356 
0.038750 0.046507 0.048147 
0.039500 0.047174 0.047764 
0.038750 0.047965 0.048623 
0.040250 0.047916 0.048142 
0.039000 0.046001 0.050070 
0.040750 0.047916 0.048142 
0.043750 0.047704 0.045988 
0.044750 0.047667 0.045607 
0.045500 0.048386 0.045732 
0.042500 0.048559 0.047507 
0.040000 0.048694 0.048861 
0.038750 0.049447 0.049339 
0.039750 0.049435 0.049219 
0.039000 0.050176 0.049577 
0.040000 0.050152 0.049337 
0.041500 0.048658 0.048501 
0.042250 0.049362 0.048498 
0.042500 0.050103 0.048856 
0.041250 0.049411 0.048979 
0.041000 0.050152 0.049337 
0.042000 0.050127 0.049096 
0.039250 0.050904 0.049815 
0.040000 0.051620 0.049933 
0.040250 0.052336 0.050051 
0.041500 0.051584 0.049572 
0.042500 0.051560 0.049332 
0.041250 0.052312 0.049810 
0.042250 0.052288 0.049570 
0.044000 0.048460 0.046493 
0.045250 0.049141 0.046237 
0.043750 0.049240 0.047251 
0.044750 0.049178 0.046617 
0.044000 0.049982 0.047629 
0.045000 0.049921 0.046995 
0.045750 0.049116 0.045984 
0.046000 0.049847 0.046235 
0.047250 0.050529 0.045979 
0.045750 0.050638 0.047120 
0.047500 0.051271 0.046358 
0.046000 0.051356 0.047245 
0.047000 0.051295 0.046611 
0.046500 0.052790 0.047494 
0.047000 0.052766 0.047240 
0.043500 0.050006 0.047882 
0.044250 0.050699 0.047754 
0.044000 0.051464 0.048372 
0.044500 0.051428 0.048005 
0.045000 0.052874 0.048367 
0.043500 0.052957 0.049208 
0.046000 0.052826 0.047874 
0.048000 0.046533 0.041300 
0.048750 0.047230 0.041171 
0.049500 0.047964 0.041423 
0.048500 0.048100 0.042817 
0.049000 0.048026 0.042057 
0.050500 0.047902 0.040789 
0.048000 0.048137 0.043197 
0.049750 0.048821 0.042942 
0.051250 0.048660 0.041295 
0.051750 0.048623 0.040914 
0.050750 0.048747 0.042182 
0.052500 0.049468 0.042307 
0.048750 0.048895 0.043703 
0.049250 0.048858 0.043322 
0.050000 0.049639 0.044081 
0.048250 0.048944 0.044209 
0.048500 0.049725 0.044968 
0.049750 0.050419 0.044839 
0.051500 0.049566 0.043320 
0.051000 0.049590 0.043574 
0.052250 0.050285 0.043445 
0.050750 0.050358 0.044206 
0.050000 0.051162 0.045217 
0.052500 0.051029 0.043823 
0.051000 0.051102 0.044584 
0.051750 0.051809 0.044582 
0.051000 0.052564 0.045086 
0.052000 0.052528 0.044707 
0.053250 0.050237 0.042938 
0.053250 0.051713 0.043568 
0.053500 0.052421 0.043566 
0.054000 0.052421 0.043566 
0.048250 0.050492 0.045599 
0.048500 0.051235 0.045977 
0.049500 0.051187 0.045471 
0.048500 0.052695 0.046480 
0.049500 0.052659 0.046100 
0.048000 0.052719 0.046733 
0.050250 0.051893 0.045469 
0.050500 0.052600 0.045467 
0.040500 0.034778 0.050465 
0.040500 0.036278 0.051301 
0.040000 0.034938 0.051906 
0.040250 0.035628 0.051783 
0.040750 0.035495 0.050583 
0.040250 0.037047 0.051899 
0.040250 0.038466 0.052015 
0.040750 0.036942 0.050939 
0.041250 0.038271 0.050214 
0.038750 0.034368 0.053108 
0.039500 0.035071 0.053106 
0.039750 0.035734 0.052744 
0.039000 0.035164 0.053946 
0.039250 0.035853 0.053824 
0.039750 0.037139 0.052740 
0.039750 0.038596 0.053215 
0.039250 0.037323 0.054420 
0.039250 0.038740 0.054536 
0.039500 0.037973 0.053938 
0.040250 0.039872 0.052011 
0.040500 0.040550 0.051768 
0.041000 0.039014 0.050572 
0.041000 0.040447 0.050808 
0.040500 0.043274 0.050919 
0.040250 0.041291 0.052126 
0.040000 0.043387 0.052000 
0.041000 0.041828 0.050563 
0.040750 0.042532 0.050561 
0.040000 0.039247 0.052733 
0.040000 0.040665 0.052849 
0.039500 0.039377 0.053934 
0.039250 0.040144 0.054532 
0.039500 0.040781 0.053929 
0.040000 0.042058 0.052724 
0.039750 0.042786 0.052963 
0.039250 0.041534 0.054407 
0.039500 0.042173 0.053805 
0.039250 0.042913 0.054163 
0.038750 0.036052 0.055625 
0.038250 0.036158 0.056585 
0.039000 0.036713 0.055263 
0.039000 0.038116 0.055258 
0.038500 0.036832 0.056343 
0.038500 0.039572 0.055734 
0.038750 0.040247 0.055492 
0.038250 0.038948 0.056457 
0.038250 0.040363 0.056573 
0.038750 0.041650 0.055488 
0.038250 0.043116 0.056084 
0.038250 0.041740 0.056329 
0.040000 0.044656 0.050675 
0.039250 0.045372 0.050793 
0.039750 0.044065 0.051758 
0.038750 0.045459 0.051633 
0.038500 0.046088 0.050911 
0.039250 0.044153 0.052598 
0.038250 0.045609 0.053074 
0.038750 0.044292 0.053919 
0.038500 0.044981 0.053797 
0.039000 0.051704 0.050773 
0.039500 0.051656 0.050293 
0.039250 0.052455 0.051252 
0.039750 0.052396 0.050651 
0.038750 0.052479 0.051492 
0.038500 0.043729 0.055242 
0.041250 0.053738 0.050050 
0.042250 0.053715 0.049810 
0.042750 0.055124 0.049932 
0.047250 0.053467 0.047242 
0.047750 0.054890 0.047498 
0.044750 0.053609 0.048729 
0.043750 0.053668 0.049329 
0.044250 0.053644 0.049089 
0.043750 0.055101 0.049692 
0.044750 0.055066 0.049332 
0.045750 0.053562 0.048248 
0.046250 0.054973 0.048371 
0.046750 0.054949 0.048131 
0.043500 0.055834 0.050054 
0.045000 0.055788 0.049573 
0.046500 0.055695 0.048613 
0.047000 0.055661 0.048253 
0.045750 0.056475 0.049455 
0.046750 0.056429 0.048974 
0.046000 0.057208 0.049816 
0.047000 0.057174 0.049456 
0.051000 0.053977 0.045215 
0.052000 0.053930 0.044709 
0.051000 0.055355 0.044964 
0.051750 0.054631 0.044710 
0.052250 0.055974 0.044078 
0.052250 0.057353 0.043827 
0.050750 0.056056 0.044965 
0.051750 0.055997 0.044332 
0.050750 0.057423 0.044587 
0.051750 0.057400 0.044334 
0.054500 0.055120 0.042429 
0.054500 0.056512 0.042305 
0.054250 0.057248 0.042686 
0.055000 0.056407 0.041164 
0.055750 0.057109 0.041164 
0.056500 0.057834 0.041419 
0.055500 0.057903 0.042179 
0.053500 0.053847 0.043822 
0.054000 0.053811 0.043442 
0.053500 0.055226 0.043570 
0.054250 0.054489 0.043189 
0.053000 0.053882 0.044202 
0.052750 0.054584 0.044203 
0.053250 0.055915 0.043444 
0.053250 0.057306 0.043320 
0.051000 0.058147 0.044842 
0.052000 0.058124 0.044588 
0.054500 0.057950 0.042686 
0.055750 0.058651 0.042687 
0.056250 0.058605 0.042180 
0.056500 0.059342 0.042562 
0.057000 0.060756 0.042690 
0.053500 0.058043 0.043701 
0.054750 0.058732 0.043575 
0.053250 0.058848 0.044843 
0.054500 0.059526 0.044590 
0.055500 0.059411 0.043322 
0.056250 0.060112 0.043323 
0.054500 0.060985 0.045227 
0.054750 0.061685 0.045228 
0.056000 0.060859 0.043832 
0.056500 0.060825 0.043451 
0.056000 0.062273 0.043960 
0.056500 0.062227 0.043453 
0.055500 0.060893 0.044212 
0.055500 0.062318 0.044468 
0.049750 0.053348 0.045975 
0.049750 0.054761 0.046104 
0.048250 0.053431 0.046861 
0.049000 0.054107 0.046609 
0.048250 0.054867 0.047244 
0.049250 0.054808 0.046611 
0.050500 0.054001 0.045469 
0.050250 0.054701 0.045470 
0.049750 0.056150 0.045979 
0.050000 0.056850 0.045980 
0.048750 0.056279 0.047373 
0.049250 0.056244 0.046993 
0.049500 0.056944 0.046995 
0.050250 0.057655 0.047123 
0.048250 0.056361 0.048254 
0.048500 0.057083 0.048496 
0.049250 0.057760 0.048257 
0.048250 0.057850 0.049217 
0.051250 0.058906 0.045477 
0.052000 0.059641 0.045858 
0.052500 0.061088 0.046368 
0.051250 0.060491 0.047508 
0.052000 0.061122 0.046749 
0.052250 0.061834 0.046877 
0.049500 0.058482 0.048498 
0.050000 0.059914 0.048861 
0.048500 0.058561 0.049339 
0.048750 0.059271 0.049460 
0.049500 0.059947 0.049221 
0.050500 0.058414 0.047758 
0.051000 0.059848 0.048141 
0.049750 0.060657 0.049343 
0.049750 0.062088 0.049705 
0.050750 0.060581 0.048503 
0.050750 0.061991 0.048625 
0.051500 0.062613 0.047766 
0.050250 0.062034 0.049105 
0.053000 0.059606 0.045478 
0.053000 0.061053 0.045988 
0.054000 0.061008 0.045480 
0.053250 0.061777 0.046243 
0.054000 0.062454 0.045990 
0.053000 0.062511 0.046624 
0.057000 0.063562 0.042694 
0.057000 0.064921 0.042188 
0.057250 0.065578 0.041681 
0.057250 0.066960 0.041429 
0.056750 0.065623 0.042189 
0.056000 0.066391 0.042951 
0.056750 0.067004 0.041936 
0.054750 0.064489 0.045232 
0.056000 0.063653 0.043709 
0.056500 0.063619 0.043328 
0.055750 0.064354 0.043710 
0.056250 0.064331 0.043456 
0.055250 0.063031 0.044596 
0.055250 0.064421 0.044471 
0.054750 0.065890 0.045235 
0.054750 0.067291 0.045237 
0.055750 0.065723 0.043331 
0.055750 0.067126 0.043333 
0.055250 0.065823 0.044473 
0.055250 0.067236 0.044602 
0.057250 0.068364 0.041430 
0.057000 0.069077 0.041558 
0.056750 0.068408 0.041938 
0.056750 0.069844 0.042321 
0.057000 0.070470 0.041432 
0.057250 0.071183 0.041560 
0.055750 0.068572 0.043842 
0.056250 0.068507 0.043081 
0.056000 0.069263 0.043716 
0.056500 0.069208 0.043082 
0.055250 0.068660 0.044858 
0.055500 0.069350 0.044732 
0.055750 0.069986 0.043971 
0.056500 0.070687 0.043972 
0.056750 0.071399 0.044100 
0.056500 0.072175 0.044991 
0.052250 0.063279 0.047387 
0.052250 0.064679 0.047389 
0.052250 0.066068 0.047265 
0.052000 0.066790 0.047520 
0.048750 0.063517 0.050068 
0.049750 0.063464 0.049468 
0.048750 0.064904 0.049951 
0.049500 0.064163 0.049469 
0.050750 0.063390 0.048628 
0.050750 0.064778 0.048511 
0.051750 0.064713 0.047770 
0.050250 0.063432 0.049108 
0.048500 0.065602 0.049952 
0.049500 0.065550 0.049352 
0.048500 0.066999 0.049955 
0.049500 0.066938 0.049235 
0.051000 0.065457 0.048272 
0.051500 0.065424 0.047898 
0.051000 0.066856 0.048275 
0.051500 0.066824 0.047901 
0.053750 0.063177 0.046245 
0.054250 0.063143 0.045864 
0.053750 0.064590 0.046374 
0.054250 0.064545 0.045867 
0.052750 0.063245 0.047006 
0.052750 0.064657 0.047136 
0.053750 0.065979 0.046250 
0.054250 0.065946 0.045869 
0.053500 0.066691 0.046378 
0.054000 0.066657 0.045997 
0.053000 0.065335 0.046883 
0.053000 0.066735 0.046886 
0.052500 0.068201 0.047650 
0.048750 0.067698 0.049956 
0.049500 0.068376 0.049717 
0.051000 0.068296 0.048758 
0.052000 0.068224 0.047904 
0.052250 0.068965 0.048399 
0.050500 0.068336 0.049237 
0.050750 0.069065 0.049599 
0.052000 0.069754 0.049480 
0.052250 0.070473 0.049721 
0.052500 0.071191 0.049962 
0.054000 0.068069 0.046127 
0.054500 0.069492 0.046383 
0.053000 0.068158 0.047142 
0.053250 0.068902 0.047651 
0.054000 0.069591 0.047526 
0.055000 0.069437 0.045748 
0.054750 0.070258 0.047146 
0.055250 0.070182 0.046257 
0.055500 0.070915 0.046639 
0.055750 0.071636 0.046895 
0.053000 0.069675 0.048521 
0.053250 0.070404 0.048882 
0.054250 0.070334 0.048035 
0.054750 0.071745 0.048165 
0.052750 0.070443 0.049361 
0.053250 0.071851 0.049484 
0.040250 0.053844 0.051130 
0.040500 0.054554 0.051252 
0.038750 0.053927 0.051971 
0.039750 0.053892 0.051611 
0.039000 0.054636 0.052092 
0.040250 0.055298 0.051733 
0.040750 0.053785 0.050530 
0.041250 0.055205 0.050773 
0.039000 0.056065 0.052455 
0.040000 0.056018 0.051975 
0.039250 0.056761 0.052456 
0.040000 0.057447 0.052337 
0.041500 0.055891 0.050654 
0.042250 0.056578 0.050535 
0.041500 0.057333 0.051137 
0.042500 0.057299 0.050777 
0.040750 0.056681 0.051616 
0.041000 0.057379 0.051617 
0.039000 0.057481 0.052697 
0.039500 0.057470 0.052577 
0.043750 0.056567 0.050415 
0.044250 0.056544 0.050175 
0.043500 0.057299 0.050777 
0.044500 0.057276 0.050536 
0.040250 0.058155 0.052458 
0.042250 0.058042 0.051258 
0.041500 0.058807 0.051980 
0.042500 0.058773 0.051619 
0.041750 0.059549 0.052461 
0.042250 0.059504 0.051981 
0.038750 0.058200 0.052939 
0.040000 0.058897 0.052940 
0.038750 0.059627 0.053301 
0.040250 0.059604 0.053061 
0.041250 0.059582 0.052821 
0.042000 0.060268 0.052702 
0.038750 0.061030 0.053424 
0.040250 0.061019 0.053303 
0.038750 0.062422 0.053426 
0.040000 0.061726 0.053425 
0.041250 0.061008 0.053183 
0.042250 0.060975 0.052823 
0.041250 0.062422 0.053426 
0.042250 0.062390 0.053066 
0.043750 0.058042 0.051258 
0.045000 0.058717 0.051019 
0.045250 0.059426 0.051140 
0.043500 0.058773 0.051619 
0.044500 0.058751 0.051379 
0.043750 0.059504 0.051981 
0.044750 0.059471 0.051621 
0.046000 0.058684 0.050659 
0.047000 0.058661 0.050419 
0.046250 0.059404 0.050901 
0.047250 0.059382 0.050660 
0.045500 0.060146 0.051382 
0.043750 0.060942 0.052463 
0.044750 0.060920 0.052223 
0.043750 0.062336 0.052466 
0.044750 0.062314 0.052226 
0.047250 0.060811 0.051023 
0.047250 0.062217 0.051146 
0.045750 0.060855 0.051503 
0.045750 0.062282 0.051866 
0.046750 0.062239 0.051385 
0.043250 0.062347 0.052586 
0.048000 0.060069 0.050542 
0.048250 0.060767 0.050543 
0.048250 0.062163 0.050545 
0.043000 0.064426 0.052469 
0.039000 0.063140 0.053667 
0.040000 0.063129 0.053547 
0.038750 0.063857 0.053908 
0.040250 0.063847 0.053788 
0.039000 0.064574 0.054149 
0.040000 0.064564 0.054029 
0.041500 0.063119 0.053427 
0.042500 0.063086 0.053067 
0.042500 0.064500 0.053309 
0.040750 0.063847 0.053788 
0.041000 0.064553 0.053909 
0.038750 0.065312 0.054630 
0.040000 0.066007 0.054631 
0.040250 0.066723 0.054872 
0.042750 0.065207 0.053430 
0.041000 0.065986 0.054391 
0.042500 0.065945 0.053911 
0.041250 0.066692 0.054512 
0.042250 0.066671 0.054272 
0.043750 0.063708 0.052228 
0.044750 0.063687 0.051988 
0.043500 0.064405 0.052229 
0.045000 0.064363 0.051749 
0.047250 0.063602 0.051028 
0.046500 0.064321 0.051269 
0.047500 0.064279 0.050789 
0.046000 0.062969 0.051747 
0.046000 0.064342 0.051509 
0.043500 0.065799 0.052232 
0.044500 0.065747 0.051632 
0.044000 0.067132 0.051514 
0.045000 0.067142 0.051634 
0.046000 0.065706 0.051152 
0.047000 0.065675 0.050792 
0.046000 0.067112 0.051274 
0.047000 0.067061 0.050674 
0.045500 0.065727 0.051392 
0.045500 0.067122 0.051394 
0.043500 0.067336 0.053914 
0.041750 0.068113 0.054874 
0.042250 0.068093 0.054635 
0.042750 0.069494 0.054757 
0.043000 0.070189 0.054758 
0.044750 0.067860 0.051875 
0.044750 0.069294 0.052357 
0.047250 0.067769 0.050796 
0.047750 0.069205 0.051278 
0.046000 0.068547 0.051757 
0.046250 0.069254 0.051878 
0.047250 0.069224 0.051518 
0.045000 0.070001 0.052479 
0.046250 0.070688 0.052360 
0.047250 0.070659 0.052000 
0.046500 0.071395 0.052481 
0.047500 0.071366 0.052121 
0.043250 0.068063 0.054275 
0.043750 0.069444 0.054157 
0.044000 0.070021 0.052719 
0.044750 0.070747 0.053080 
0.045000 0.071453 0.053201 
0.043500 0.070159 0.054398 
0.043500 0.071570 0.054640 
0.044750 0.072207 0.053921 
0.046250 0.072121 0.052842 
0.046750 0.072101 0.052602 
0.038500 0.066038 0.054991 
0.038750 0.066754 0.055232 
0.039750 0.066733 0.054992 
0.038750 0.068184 0.055714 
0.039750 0.068164 0.055474 
0.038750 0.069593 0.055956 
0.040250 0.069573 0.055716 
0.041250 0.068123 0.054994 
0.041250 0.069544 0.055356 
0.042250 0.069514 0.054997 
0.039000 0.070298 0.056077 
0.040000 0.070288 0.055957 
0.038750 0.071002 0.056198 
0.039000 0.071716 0.056439 
0.040000 0.071696 0.056199 
0.041000 0.070258 0.055597 
0.042500 0.070219 0.055117 
0.041500 0.071667 0.055839 
0.042500 0.071638 0.055479 
0.048250 0.063538 0.050308 
0.048000 0.064247 0.050429 
0.048000 0.065633 0.050312 
0.048000 0.067020 0.050194 
0.048500 0.068437 0.050437 
0.048750 0.069165 0.050798 
0.049250 0.069155 0.050678 
0.050500 0.069833 0.050440 
0.048500 0.069902 0.051279 
0.049750 0.070590 0.051160 
0.049750 0.071995 0.051283 
0.048250 0.070620 0.051520 
0.049250 0.070610 0.051400 
0.048250 0.072043 0.051883 
0.049250 0.072015 0.051523 
0.050750 0.070551 0.050681 
0.050750 0.071976 0.051043 
0.051750 0.071928 0.050443 
0.057750 0.059905 0.041040 
0.058000 0.060630 0.041295 
0.058000 0.062069 0.041677 
0.057500 0.060710 0.042183 
0.057500 0.062137 0.042438 
0.058000 0.063472 0.041679 
0.058000 0.064843 0.041299 
0.057500 0.063529 0.042313 
0.057750 0.064186 0.041806 
0.057750 0.065534 0.041173 
0.057750 0.066905 0.040794 
0.057750 0.068309 0.040795 
0.057750 0.069724 0.040924 
0.058000 0.070437 0.041051 
0.058000 0.071885 0.041561 
0.059000 0.071809 0.040672 
0.022500 0.072932 0.054282 
0.023000 0.072913 0.054042 
0.022500 0.074370 0.054884 
0.023500 0.074332 0.054404 
0.023250 0.075056 0.054765 
0.024500 0.072894 0.053803 
0.026000 0.072922 0.054162 
0.024500 0.074323 0.054284 
0.025750 0.073637 0.054403 
0.027000 0.072951 0.054522 
0.028000 0.072961 0.054642 
0.026750 0.073656 0.054643 
0.027750 0.073675 0.054883 
0.024250 0.075037 0.054525 
0.025250 0.075056 0.054765 
0.021500 0.073037 0.055601 
0.021250 0.072448 0.056920 
0.021500 0.074539 0.057042 
0.022000 0.072989 0.055002 
0.022000 0.074408 0.055364 
0.021500 0.075936 0.057164 
0.022250 0.075102 0.055365 
0.023000 0.075779 0.055126 
0.022250 0.076538 0.055966 
0.023250 0.076474 0.055127 
0.021750 0.075195 0.056564 
0.021750 0.076593 0.056685 
0.021000 0.073238 0.058120 
0.021250 0.073883 0.057521 
0.020250 0.072631 0.059198 
0.020500 0.073295 0.058839 
0.020250 0.074016 0.059200 
0.020750 0.073968 0.058600 
0.021250 0.075307 0.058003 
0.021250 0.076666 0.057645 
0.020250 0.075391 0.059082 
0.020750 0.075354 0.058602 
0.020000 0.076111 0.059442 
0.020500 0.076055 0.058723 
0.027000 0.074389 0.055124 
0.028000 0.074408 0.055364 
0.025750 0.075074 0.055005 
0.024750 0.076474 0.055127 
0.025750 0.076501 0.055487 
0.026750 0.075093 0.055245 
0.028250 0.075130 0.055724 
0.026750 0.076519 0.055726 
0.027750 0.076547 0.056086 
0.028250 0.076556 0.056206 
0.021500 0.077314 0.057046 
0.021500 0.078710 0.057168 
0.022250 0.077918 0.055848 
0.023250 0.077900 0.055608 
0.022500 0.078621 0.055969 
0.023500 0.078603 0.055729 
0.021750 0.077972 0.056568 
0.022000 0.078639 0.056209 
0.021500 0.080089 0.057050 
0.023500 0.080019 0.056091 
0.022000 0.080045 0.056451 
0.022000 0.081476 0.057052 
0.023500 0.081416 0.056213 
0.021000 0.077368 0.057765 
0.021000 0.078781 0.058127 
0.020500 0.077431 0.058605 
0.024250 0.077891 0.055489 
0.025750 0.077918 0.055848 
0.024500 0.078603 0.055729 
0.025500 0.078621 0.055969 
0.025750 0.079333 0.056210 
0.027000 0.077241 0.056087 
0.026750 0.077945 0.056208 
0.028250 0.077981 0.056688 
0.027000 0.078657 0.056449 
0.028000 0.078683 0.056808 
0.024500 0.080010 0.055971 
0.024250 0.080713 0.056092 
0.026000 0.080045 0.056451 
0.024500 0.081416 0.056213 
0.025500 0.081433 0.056453 
0.027000 0.080071 0.056810 
0.028000 0.080097 0.057170 
0.027000 0.081476 0.057052 
0.027750 0.080799 0.057291 
0.028500 0.080115 0.057409 
0.028500 0.081519 0.057651 
0.029000 0.072980 0.054882 
0.029500 0.072989 0.055002 
0.030500 0.073008 0.055242 
0.029500 0.074426 0.055603 
0.030250 0.073732 0.055602 
0.031000 0.074473 0.056203 
0.031500 0.073046 0.055721 
0.032750 0.072361 0.055840 
0.031750 0.073770 0.056082 
0.033000 0.073085 0.056201 
0.031500 0.074483 0.056323 
0.032750 0.073798 0.056442 
0.029250 0.075149 0.055964 
0.029500 0.075871 0.056325 
0.030750 0.075177 0.056324 
0.029250 0.076574 0.056446 
0.030250 0.076602 0.056805 
0.031750 0.075205 0.056684 
0.032750 0.075242 0.057163 
0.031500 0.075926 0.057044 
0.033250 0.075261 0.057403 
0.031750 0.076657 0.057525 
0.032750 0.076684 0.057884 
0.034000 0.073113 0.056561 
0.035000 0.073133 0.056801 
0.033750 0.073826 0.056802 
0.035250 0.073855 0.057161 
0.036500 0.073142 0.056920 
0.037500 0.073142 0.056920 
0.036250 0.073864 0.057281 
0.037750 0.073855 0.057161 
0.034500 0.074567 0.057402 
0.035500 0.074586 0.057642 
0.036500 0.074586 0.057642 
0.037500 0.074586 0.057642 
0.034250 0.075279 0.057643 
0.035250 0.075298 0.057883 
0.033750 0.076702 0.058124 
0.035000 0.076019 0.058243 
0.035250 0.076748 0.058724 
0.036250 0.075307 0.058003 
0.037750 0.075288 0.057763 
0.036500 0.076028 0.058363 
0.037500 0.076019 0.058243 
0.036250 0.076757 0.058844 
0.037750 0.076739 0.058604 
0.029500 0.077296 0.056806 
0.030500 0.077323 0.057166 
0.029000 0.078710 0.057168 
0.030750 0.078052 0.057647 
0.029250 0.079421 0.057409 
0.030500 0.078754 0.057767 
0.031500 0.077368 0.057765 
0.033000 0.077404 0.058245 
0.031500 0.078790 0.058247 
0.033250 0.078124 0.058605 
0.033000 0.078826 0.058726 
0.029500 0.080141 0.057769 
0.030500 0.080167 0.058129 
0.029500 0.081544 0.058011 
0.030250 0.080860 0.058130 
0.031000 0.081587 0.058610 
0.031750 0.079501 0.058487 
0.032000 0.080211 0.058728 
0.033000 0.080237 0.059088 
0.032000 0.081613 0.058969 
0.032750 0.080938 0.059208 
0.033500 0.077413 0.058365 
0.034250 0.078151 0.058965 
0.035500 0.077468 0.059084 
0.034000 0.078861 0.059206 
0.035500 0.078888 0.059565 
0.036500 0.077468 0.059084 
0.037500 0.077468 0.059084 
0.036500 0.078897 0.059685 
0.038000 0.078888 0.059565 
0.034000 0.080272 0.059567 
0.035250 0.079589 0.059686 
0.033750 0.080955 0.059448 
0.022250 0.082136 0.056573 
0.023000 0.082821 0.056455 
0.022250 0.083540 0.056815 
0.023250 0.083515 0.056456 
0.022500 0.084242 0.056936 
0.023250 0.084936 0.056937 
0.023500 0.085646 0.057177 
0.021250 0.085091 0.059213 
0.021000 0.085791 0.059334 
0.022250 0.084977 0.057536 
0.022500 0.085695 0.057896 
0.023250 0.086388 0.057897 
0.021750 0.086468 0.059095 
0.024500 0.082813 0.056335 
0.025750 0.082144 0.056693 
0.024250 0.083515 0.056456 
0.025750 0.083532 0.056695 
0.026750 0.082170 0.057053 
0.027500 0.082880 0.057293 
0.026750 0.083557 0.057055 
0.024250 0.084912 0.056577 
0.025750 0.084920 0.056697 
0.024750 0.086316 0.056819 
0.025750 0.086308 0.056699 
0.026750 0.084936 0.056937 
0.027750 0.084961 0.057296 
0.026750 0.086316 0.056819 
0.027750 0.086332 0.057058 
0.028250 0.082203 0.057532 
0.028250 0.083590 0.057534 
0.028250 0.084969 0.057416 
0.028500 0.085662 0.057417 
0.021500 0.087191 0.059575 
0.023500 0.087112 0.058377 
0.022000 0.087176 0.059336 
0.023000 0.087128 0.058617 
0.022250 0.087868 0.059337 
0.023500 0.088544 0.059098 
0.023750 0.089233 0.058978 
0.023750 0.090664 0.059577 
0.025000 0.087017 0.056940 
0.025500 0.087010 0.056820 
0.025500 0.088405 0.056942 
0.027000 0.087010 0.056820 
0.028000 0.087025 0.057060 
0.027000 0.088382 0.056582 
0.028000 0.088397 0.056822 
0.026000 0.089778 0.056583 
0.025750 0.090492 0.056823 
0.027000 0.091138 0.055984 
0.028000 0.091123 0.055745 
0.027000 0.089763 0.056343 
0.028000 0.089763 0.056343 
0.026750 0.090454 0.056224 
0.024500 0.087073 0.057778 
0.024500 0.088467 0.057900 
0.024000 0.088506 0.058499 
0.024750 0.089172 0.058020 
0.025250 0.089126 0.057301 
0.024750 0.090574 0.058140 
0.025500 0.091227 0.057422 
0.024000 0.089938 0.059098 
0.024250 0.090619 0.058859 
0.029250 0.082229 0.057892 
0.030250 0.082254 0.058251 
0.029250 0.083615 0.057894 
0.030250 0.083649 0.058373 
0.031000 0.082972 0.058612 
0.031750 0.082297 0.058851 
0.032750 0.082314 0.059090 
0.031750 0.083682 0.058852 
0.032750 0.083690 0.058972 
0.029250 0.084993 0.057776 
0.030250 0.085018 0.058135 
0.029500 0.085686 0.057776 
0.030500 0.085711 0.058136 
0.031000 0.084358 0.058613 
0.031250 0.085042 0.058495 
0.031500 0.085727 0.058376 
0.031750 0.085050 0.058614 
0.032750 0.085067 0.058854 
0.032250 0.086428 0.058496 
0.033000 0.085751 0.058735 
0.033750 0.082339 0.059450 
0.033750 0.083707 0.059212 
0.034750 0.083732 0.059571 
0.034250 0.085091 0.059213 
0.035250 0.085107 0.059453 
0.034000 0.085775 0.059094 
0.035000 0.085783 0.059214 
0.036250 0.085116 0.059573 
0.037750 0.085116 0.059573 
0.036500 0.085791 0.059334 
0.037500 0.085791 0.059334 
0.029000 0.087041 0.057299 
0.029000 0.088413 0.057061 
0.029000 0.091131 0.055865 
0.030000 0.091145 0.056104 
0.029500 0.089786 0.056702 
0.030500 0.089801 0.056942 
0.029250 0.090462 0.056343 
0.030250 0.090477 0.056583 
0.031500 0.089809 0.057062 
0.032500 0.089816 0.057182 
0.031750 0.090484 0.056703 
0.032750 0.090499 0.056942 
0.029500 0.087057 0.057539 
0.030500 0.087073 0.057778 
0.030500 0.088436 0.057421 
0.031500 0.087097 0.058138 
0.032500 0.087112 0.058377 
0.031500 0.088451 0.057660 
0.033000 0.088467 0.057900 
0.033000 0.087120 0.058497 
0.030750 0.089126 0.057301 
0.031750 0.089134 0.057421 
0.032750 0.089142 0.057541 
0.034000 0.091183 0.056703 
0.035000 0.091190 0.056823 
0.036500 0.091205 0.057062 
0.037500 0.091197 0.056943 
0.033750 0.087805 0.058378 
0.034000 0.088482 0.058139 
0.035000 0.088490 0.058259 
0.034000 0.087136 0.058737 
0.035500 0.087152 0.058976 
0.036500 0.088498 0.058379 
0.037500 0.088490 0.058259 
0.036500 0.087152 0.058976 
0.037500 0.087144 0.058856 
0.036250 0.087829 0.058738 
0.034250 0.089157 0.057780 
0.035500 0.089847 0.057661 
0.035250 0.090522 0.057302 
0.036500 0.089854 0.057781 
0.037500 0.089847 0.057661 
0.036250 0.090529 0.057421 
0.037250 0.090522 0.057302 
0.018750 0.109939 0.054554 
0.019000 0.105165 0.057067 
0.017750 0.103193 0.059461 
0.018500 0.102490 0.059341 
0.015500 0.105288 0.059581 
0.016000 0.105270 0.059222 
0.017750 0.104532 0.058384 
0.018500 0.103835 0.058383 
0.017500 0.105224 0.058264 
0.018500 0.105188 0.057546 
0.017500 0.103865 0.058982 
0.018000 0.103847 0.058623 
0.016750 0.104556 0.058862 
0.014250 0.108764 0.059462 
0.013750 0.110131 0.058864 
0.019000 0.107896 0.055751 
0.018500 0.106544 0.056708 
0.017500 0.107940 0.056708 
0.018250 0.107236 0.056589 
0.015250 0.110056 0.057188 
0.016250 0.110019 0.056350 
0.017500 0.109299 0.055871 
0.018750 0.108584 0.055512 
0.017250 0.109977 0.055392 
0.018250 0.109955 0.054913 
0.017250 0.108633 0.056589 
0.016500 0.106612 0.058145 
0.015500 0.108012 0.058265 
0.016250 0.107298 0.057905 
0.015000 0.106681 0.059581 
0.015750 0.105955 0.058983 
0.015250 0.107332 0.058624 
0.017250 0.105903 0.057905 
0.016750 0.107287 0.057666 
0.015250 0.108699 0.058026 
0.016250 0.108666 0.057307 
0.014750 0.110067 0.057427 
0.014750 0.108721 0.058504 
0.014500 0.109434 0.058864 
0.037500 0.100281 0.044770 
0.033000 0.100559 0.049162 
0.036750 0.098362 0.047694 
0.037750 0.098362 0.047694 
0.035500 0.099049 0.047440 
0.035500 0.100449 0.047314 
0.036750 0.099677 0.046296 
0.037500 0.098981 0.046423 
0.037000 0.100323 0.045406 
0.036500 0.099006 0.046804 
0.036500 0.100407 0.046678 
0.034250 0.098436 0.048921 
0.035250 0.098388 0.048076 
0.035250 0.097090 0.049999 
0.034000 0.097780 0.049759 
0.035000 0.097740 0.049041 
0.036500 0.097726 0.048801 
0.037500 0.097720 0.048682 
0.036250 0.097090 0.049999 
0.037750 0.097097 0.050118 
0.034000 0.099114 0.048443 
0.034000 0.100521 0.048444 
0.034750 0.099779 0.047822 
0.033500 0.099198 0.050000 
0.028500 0.107635 0.050124 
0.024500 0.110445 0.050125 
0.026000 0.110419 0.049527 
0.028500 0.110372 0.048449 
0.027000 0.109040 0.050124 
0.028000 0.109013 0.049526 
0.026750 0.109727 0.049766 
0.027750 0.109700 0.049167 
0.036500 0.101726 0.045280 
0.037500 0.101693 0.044771 
0.036750 0.102432 0.045280 
0.037750 0.102399 0.044772 
0.038000 0.104453 0.043756 
0.037750 0.105168 0.043884 
0.036750 0.103843 0.045281 
0.037750 0.103787 0.044391 
0.036750 0.105254 0.045283 
0.037250 0.105207 0.044519 
0.038000 0.110026 0.042362 
0.035250 0.108077 0.045285 
0.037750 0.106581 0.043885 
0.036750 0.108009 0.044140 
0.037500 0.107287 0.043885 
0.036750 0.106627 0.044648 
0.036500 0.107341 0.044776 
0.035500 0.110128 0.044142 
0.034500 0.108782 0.045285 
0.035500 0.108752 0.044777 
0.034000 0.110172 0.044905 
0.035000 0.110142 0.044396 
0.036500 0.108715 0.044141 
0.037500 0.108678 0.043505 
0.036500 0.110084 0.043379 
0.037250 0.109377 0.043379 
0.036000 0.108738 0.044522 
0.033250 0.101250 0.048923 
0.033250 0.102644 0.048684 
0.032750 0.101268 0.049282 
0.032250 0.102681 0.049403 
0.032750 0.102669 0.049163 
0.030750 0.105510 0.049764 
0.032750 0.104051 0.048685 
0.031750 0.105470 0.048925 
0.032750 0.105435 0.048207 
0.031750 0.104087 0.049404 
0.032500 0.103366 0.049044 
0.031500 0.104796 0.049524 
0.035250 0.102473 0.045916 
0.035500 0.101858 0.047315 
0.036000 0.101767 0.045916 
0.036250 0.102440 0.045408 
0.036250 0.101112 0.046678 
0.035250 0.103883 0.045917 
0.034250 0.105309 0.046173 
0.035250 0.105286 0.045791 
0.034250 0.103995 0.047698 
0.036250 0.103859 0.045536 
0.036250 0.105262 0.045410 
0.034000 0.101922 0.048325 
0.035000 0.101891 0.047823 
0.033750 0.102626 0.048325 
0.034750 0.102595 0.047824 
0.033750 0.104027 0.048206 
0.033500 0.104723 0.048080 
0.033250 0.108130 0.046175 
0.033250 0.106781 0.047191 
0.033000 0.107485 0.047191 
0.031000 0.108924 0.047700 
0.030500 0.110303 0.047193 
0.033000 0.108842 0.046302 
0.032000 0.110245 0.046176 
0.032750 0.109540 0.046175 
0.031500 0.108902 0.047319 
0.032500 0.108864 0.046684 
0.031750 0.109577 0.046811 
0.031000 0.107557 0.048448 
0.029250 0.106927 0.050004 
0.030500 0.106207 0.049644 
0.029500 0.107607 0.049525 
0.030000 0.107596 0.049286 
0.032000 0.106150 0.048447 
0.032500 0.106139 0.048207 
0.031500 0.107539 0.048081 
0.029500 0.108976 0.048688 
0.030500 0.108939 0.047955 
0.029250 0.109668 0.048449 
0.030250 0.109636 0.047828 
0.029250 0.108299 0.049286 
0.031250 0.108228 0.047827 
0.034000 0.106014 0.046173 
0.035000 0.105991 0.045792 
0.034000 0.107417 0.046047 
0.035000 0.107386 0.045538 
0.033500 0.106038 0.046554 
0.036000 0.105968 0.045410 
0.034000 0.108797 0.045539 
0.033750 0.109503 0.045540 
0.028500 0.095198 0.053710 
0.027750 0.095912 0.053950 
0.026750 0.097352 0.054669 
0.028000 0.096633 0.054310 
0.027000 0.098065 0.054909 
0.028000 0.098045 0.054550 
0.028500 0.100800 0.053712 
0.027000 0.099464 0.054909 
0.028000 0.099445 0.054550 
0.027250 0.100151 0.054670 
0.028250 0.100131 0.054311 
0.023750 0.092042 0.059338 
0.023750 0.093450 0.059578 
0.023750 0.094843 0.059579 
0.023500 0.095539 0.059579 
0.026250 0.091866 0.056464 
0.026250 0.093306 0.057183 
0.027250 0.091829 0.055865 
0.028250 0.091815 0.055625 
0.028250 0.093220 0.055746 
0.026500 0.092572 0.056584 
0.026750 0.093285 0.056823 
0.028500 0.093926 0.055866 
0.028000 0.095337 0.056105 
0.027250 0.094688 0.056944 
0.027750 0.094660 0.056465 
0.027000 0.095386 0.056944 
0.027500 0.095365 0.056585 
0.025250 0.091954 0.057901 
0.025000 0.092666 0.058141 
0.025750 0.093342 0.057782 
0.024250 0.092020 0.058979 
0.024250 0.093428 0.059219 
0.025500 0.094061 0.058141 
0.026000 0.095449 0.058022 
0.024500 0.094104 0.058860 
0.025250 0.094779 0.058501 
0.024500 0.095511 0.059100 
0.025250 0.096173 0.058501 
0.026750 0.094716 0.057423 
0.026500 0.095421 0.057543 
0.021500 0.098324 0.059579 
0.023500 0.096918 0.059340 
0.022000 0.098318 0.059460 
0.023250 0.097608 0.059220 
0.021250 0.099014 0.059460 
0.020250 0.100388 0.059101 
0.020750 0.100375 0.058861 
0.023500 0.099639 0.058143 
0.022250 0.100349 0.058382 
0.023250 0.100324 0.057903 
0.022250 0.098995 0.059101 
0.023250 0.098968 0.058621 
0.021750 0.100362 0.058622 
0.026000 0.098178 0.056945 
0.026500 0.098079 0.055148 
0.027000 0.096768 0.056705 
0.026000 0.099490 0.055388 
0.025000 0.100920 0.055988 
0.025750 0.100189 0.055389 
0.025000 0.099574 0.056945 
0.025750 0.098870 0.056825 
0.024750 0.100266 0.056826 
0.025250 0.100234 0.056227 
0.026500 0.099477 0.055149 
0.025000 0.096864 0.058381 
0.025500 0.096850 0.058142 
0.024500 0.098251 0.058262 
0.025500 0.098205 0.057424 
0.024500 0.096884 0.058741 
0.024250 0.097581 0.058741 
0.024750 0.098922 0.057783 
0.024250 0.100292 0.057305 
0.031750 0.095823 0.052393 
0.032750 0.095802 0.052034 
0.029250 0.093155 0.054667 
0.030250 0.093162 0.054787 
0.031250 0.093169 0.054907 
0.029250 0.094498 0.053710 
0.030750 0.094484 0.053470 
0.029250 0.095885 0.053471 
0.030250 0.095857 0.052992 
0.029500 0.093826 0.054189 
0.030500 0.093826 0.054189 
0.031750 0.094484 0.053470 
0.032750 0.094498 0.053710 
0.031500 0.095149 0.052872 
0.033000 0.095149 0.052872 
0.031500 0.093833 0.054309 
0.033000 0.093847 0.054548 
0.034250 0.095802 0.052034 
0.035250 0.095816 0.052273 
0.036250 0.095823 0.052393 
0.037750 0.095830 0.052513 
0.034000 0.095149 0.052872 
0.035000 0.095163 0.053111 
0.034250 0.094512 0.053949 
0.035250 0.094519 0.054069 
0.036500 0.095177 0.053351 
0.037500 0.095177 0.053351 
0.036250 0.094526 0.054189 
0.037750 0.094519 0.054069 
0.032750 0.097144 0.050957 
0.032250 0.098561 0.051197 
0.033000 0.097826 0.050598 
0.032000 0.096510 0.052154 
0.032500 0.096483 0.051675 
0.032000 0.097886 0.051675 
0.031000 0.099334 0.052514 
0.031000 0.100711 0.052036 
0.033000 0.099237 0.050718 
0.032000 0.100673 0.051318 
0.032750 0.099952 0.050958 
0.031500 0.099302 0.051916 
0.031500 0.100692 0.051677 
0.029500 0.096585 0.053471 
0.030500 0.096564 0.053112 
0.030500 0.097979 0.053352 
0.029250 0.097305 0.053831 
0.029000 0.098025 0.054190 
0.031250 0.097245 0.052753 
0.029500 0.099399 0.053712 
0.030500 0.099360 0.052993 
0.029250 0.100087 0.053473 
0.030250 0.100061 0.052994 
0.029000 0.099419 0.054071 
0.028750 0.100112 0.053952 
0.034000 0.096449 0.051076 
0.035000 0.096462 0.051316 
0.035500 0.096469 0.051435 
0.038000 0.096462 0.051316 
0.036500 0.096476 0.051555 
0.037500 0.096469 0.051435 
0.029250 0.091807 0.055505 
0.030250 0.091822 0.055745 
0.028750 0.093184 0.055147 
0.031750 0.091837 0.055985 
0.033000 0.092521 0.055745 
0.031750 0.093177 0.055027 
0.032750 0.093184 0.055147 
0.032750 0.091851 0.056224 
0.034000 0.092528 0.055865 
0.035000 0.092535 0.055985 
0.034250 0.093198 0.055386 
0.035250 0.093198 0.055386 
0.034250 0.091851 0.056224 
0.035250 0.091866 0.056464 
0.036500 0.092543 0.056104 
0.038000 0.092535 0.055985 
0.036250 0.093205 0.055506 
0.037750 0.093205 0.055506 
0.036250 0.091873 0.056583 
0.037750 0.091866 0.056464 
0.023750 0.104354 0.054792 
0.023500 0.105048 0.054672 
0.026250 0.105637 0.052398 
0.028250 0.104235 0.052397 
0.027000 0.104930 0.052278 
0.028000 0.104925 0.052158 
0.026250 0.101556 0.054791 
0.024750 0.102961 0.054911 
0.025750 0.102943 0.054552 
0.028250 0.101487 0.053473 
0.027250 0.102876 0.053234 
0.028250 0.102858 0.052875 
0.027250 0.101537 0.054431 
0.027750 0.101512 0.053952 
0.027000 0.102219 0.054072 
0.025750 0.104283 0.053355 
0.024750 0.105678 0.053236 
0.025500 0.104966 0.052996 
0.024750 0.104330 0.054313 
0.025500 0.103625 0.054193 
0.024500 0.105013 0.053954 
0.026750 0.104259 0.052876 
0.028000 0.103552 0.052756 
0.026500 0.104948 0.052637 
0.021500 0.110508 0.051562 
0.022000 0.110492 0.051203 
0.023750 0.109775 0.050843 
0.022500 0.109132 0.052160 
0.023250 0.108431 0.052159 
0.022250 0.109812 0.051681 
0.022750 0.109801 0.051442 
0.021000 0.107840 0.054554 
0.023500 0.106401 0.053715 
0.022500 0.107791 0.053476 
0.023000 0.107774 0.053117 
0.022500 0.106441 0.054553 
0.023000 0.106418 0.054074 
0.022250 0.107124 0.054194 
0.021000 0.109191 0.053477 
0.020250 0.109886 0.053357 
0.020750 0.109870 0.052998 
0.020000 0.109224 0.054195 
0.020750 0.108524 0.054195 
0.019750 0.109908 0.053836 
0.022250 0.108474 0.053117 
0.022750 0.108453 0.052638 
0.025000 0.106344 0.052518 
0.026000 0.106327 0.052158 
0.024500 0.107724 0.052039 
0.025500 0.107707 0.051680 
0.028500 0.106264 0.050841 
0.027000 0.107674 0.050962 
0.028000 0.107652 0.050483 
0.027000 0.106304 0.051679 
0.027500 0.106293 0.051440 
0.026750 0.106995 0.051440 
0.024500 0.109083 0.051082 
0.025500 0.109067 0.050723 
0.024250 0.109764 0.050604 
0.025250 0.109748 0.050245 
0.024250 0.108409 0.051681 
0.026750 0.108365 0.050723 
0.024500 0.106361 0.052877 
0.023750 0.103016 0.055988 
0.023250 0.101675 0.057066 
0.022250 0.103059 0.056827 
0.023250 0.103034 0.056348 
0.021500 0.105112 0.055989 
0.019750 0.104473 0.057186 
0.021000 0.103763 0.056947 
0.019500 0.105147 0.056708 
0.021000 0.105118 0.056109 
0.022250 0.104413 0.055989 
0.023500 0.103703 0.055749 
0.022000 0.105100 0.055750 
0.023000 0.105065 0.055031 
0.022000 0.103739 0.056468 
0.023000 0.103721 0.056108 
0.021250 0.101731 0.058143 
0.019750 0.103120 0.058024 
0.021000 0.102410 0.057784 
0.019750 0.101769 0.058862 
0.020500 0.101066 0.058742 
0.019500 0.102453 0.058623 
0.021750 0.101706 0.057664 
0.023000 0.101002 0.057544 
0.019500 0.103811 0.057904 
0.020500 0.103781 0.057306 
0.024750 0.101606 0.055748 
0.025750 0.101575 0.055150 
0.024250 0.102979 0.055270 
0.024250 0.101644 0.056467 
0.024000 0.102330 0.056228 
0.024000 0.103667 0.055031 
0.020000 0.106510 0.055990 
0.021000 0.106481 0.055391 
0.019500 0.107885 0.055511 
0.020750 0.107169 0.055152 
0.019500 0.106521 0.056229 
0.022000 0.106458 0.054912 
0.019250 0.108567 0.055152 
0.030750 0.101406 0.051917 
0.029250 0.102833 0.052396 
0.030250 0.102797 0.051678 
0.032000 0.102052 0.050839 
0.031750 0.102730 0.050361 
0.031250 0.101394 0.051677 
0.029750 0.104182 0.051319 
0.030750 0.104158 0.050840 
0.029250 0.105562 0.050841 
0.030500 0.104843 0.050481 
0.029250 0.104188 0.051439 
0.030000 0.103486 0.051439 
0.029250 0.101462 0.052994 
0.028750 0.102858 0.052875 
0.029000 0.106253 0.050602 
0.028750 0.106944 0.050363 
0.009500 0.072736 0.069032 
0.018750 0.072757 0.060757 
0.018750 0.074129 0.060639 
0.017750 0.072834 0.061717 
0.018250 0.072795 0.061237 
0.017750 0.074215 0.061718 
0.018000 0.073505 0.061478 
0.018500 0.074840 0.060879 
0.018250 0.075568 0.061360 
0.018500 0.076268 0.061480 
0.016250 0.072998 0.063755 
0.016500 0.073687 0.063756 
0.017250 0.072872 0.062196 
0.017250 0.074319 0.063037 
0.016750 0.074376 0.063757 
0.016500 0.075112 0.064357 
0.017500 0.075018 0.063158 
0.018000 0.076369 0.062799 
0.017000 0.075074 0.063877 
0.017500 0.076434 0.063639 
0.019000 0.077640 0.061362 
0.019000 0.079048 0.061723 
0.016500 0.079235 0.064240 
0.018500 0.077721 0.062441 
0.018500 0.079093 0.062323 
0.017500 0.077830 0.063880 
0.018000 0.077785 0.063280 
0.017250 0.078528 0.064000 
0.015500 0.080612 0.064242 
0.016250 0.079915 0.064121 
0.015250 0.081301 0.064242 
0.016250 0.081284 0.064002 
0.017750 0.079827 0.062923 
0.018250 0.079800 0.062563 
0.018750 0.081206 0.062924 
0.016750 0.079897 0.063881 
0.017250 0.081249 0.063523 
0.012500 0.072542 0.066633 
0.013750 0.073191 0.066154 
0.012500 0.073926 0.066754 
0.013500 0.073887 0.066274 
0.012500 0.075290 0.066635 
0.013500 0.075262 0.066275 
0.013000 0.076628 0.066156 
0.013500 0.076628 0.066156 
0.010000 0.072629 0.067713 
0.011000 0.072610 0.067473 
0.011500 0.074021 0.067953 
0.010250 0.073422 0.069032 
0.011000 0.074060 0.068433 
0.012250 0.073248 0.066873 
0.012000 0.073964 0.067234 
0.011250 0.074793 0.069033 
0.012000 0.075450 0.068674 
0.012250 0.076154 0.068914 
0.015250 0.073104 0.065075 
0.015750 0.073055 0.064475 
0.015000 0.073811 0.065315 
0.015750 0.074461 0.064836 
0.014750 0.074527 0.065675 
0.015000 0.075206 0.065556 
0.016000 0.075140 0.064717 
0.015000 0.076581 0.065557 
0.016000 0.076535 0.064957 
0.014500 0.075225 0.065796 
0.014500 0.076600 0.065797 
0.014000 0.079333 0.065559 
0.013750 0.077297 0.065917 
0.013750 0.078654 0.065678 
0.014250 0.079994 0.065200 
0.013000 0.078229 0.069155 
0.013250 0.078887 0.068795 
0.014000 0.080857 0.067598 
0.013500 0.079573 0.068796 
0.013750 0.081587 0.068198 
0.015000 0.077957 0.065558 
0.016000 0.077912 0.064959 
0.015250 0.078627 0.065319 
0.015750 0.078600 0.064959 
0.014750 0.077278 0.065677 
0.016750 0.077187 0.064479 
0.014750 0.079976 0.064960 
0.015750 0.079941 0.064481 
0.014750 0.081370 0.065201 
0.015500 0.081964 0.063883 
0.016250 0.082662 0.064004 
0.016000 0.083334 0.063765 
0.018750 0.082602 0.063165 
0.018750 0.083981 0.063166 
0.017250 0.082645 0.063764 
0.018250 0.082619 0.063405 
0.017500 0.083334 0.063765 
0.018250 0.084006 0.063526 
0.016500 0.084712 0.063766 
0.016000 0.086082 0.063647 
0.019000 0.084662 0.063047 
0.018500 0.086050 0.063168 
0.017500 0.084712 0.063766 
0.018000 0.084704 0.063646 
0.017500 0.086082 0.063647 
0.018000 0.086074 0.063528 
0.015500 0.087500 0.064248 
0.016000 0.087492 0.064128 
0.016250 0.088196 0.064368 
0.018500 0.087421 0.063050 
0.018750 0.088095 0.062811 
0.017000 0.087476 0.063888 
0.018000 0.087437 0.063289 
0.017250 0.088134 0.063410 
0.016250 0.089571 0.064249 
0.016250 0.090957 0.064249 
0.017750 0.089502 0.063171 
0.018750 0.089471 0.062692 
0.017750 0.090882 0.063051 
0.018750 0.090860 0.062692 
0.017250 0.089517 0.063410 
0.017250 0.090905 0.063410 
0.013500 0.082315 0.068797 
0.015000 0.082075 0.065441 
0.015250 0.082780 0.065682 
0.015250 0.084197 0.066282 
0.015750 0.084164 0.065802 
0.015000 0.084918 0.066762 
0.015500 0.086243 0.066044 
0.015750 0.085540 0.065803 
0.014500 0.082290 0.068438 
0.015000 0.083678 0.068678 
0.015000 0.086340 0.067481 
0.014750 0.084397 0.069158 
0.014500 0.086421 0.068679 
0.014250 0.089708 0.066405 
0.014250 0.088501 0.069040 
0.013750 0.091167 0.067603 
0.014000 0.089195 0.069160 
0.013500 0.090575 0.069160 
0.015250 0.088220 0.064727 
0.015750 0.088212 0.064608 
0.015250 0.086979 0.066763 
0.015250 0.089647 0.065447 
0.015750 0.089624 0.065087 
0.015500 0.090332 0.065327 
0.015750 0.091002 0.064968 
0.014750 0.089670 0.065806 
0.014750 0.091100 0.066525 
0.015000 0.087689 0.067123 
0.014750 0.088415 0.067722 
0.014750 0.087075 0.068201 
0.014500 0.089133 0.068202 
0.004750 0.072316 0.072270 
0.004500 0.073096 0.073469 
0.006500 0.072921 0.071311 
0.009000 0.072804 0.069871 
0.007500 0.072892 0.070951 
0.007750 0.073605 0.071311 
0.009000 0.074270 0.071071 
0.009250 0.074963 0.071191 
0.005500 0.072979 0.072030 
0.006000 0.072950 0.071670 
0.005750 0.073711 0.072630 
0.006500 0.074375 0.072390 
0.005000 0.073047 0.072870 
0.005250 0.073779 0.073470 
0.006000 0.074413 0.072870 
0.007500 0.074337 0.071911 
0.006750 0.075077 0.072630 
0.006250 0.075143 0.073470 
0.007750 0.075029 0.072031 
0.009000 0.075685 0.071671 
0.008250 0.076415 0.072271 
0.008750 0.076396 0.072031 
0.007250 0.076489 0.073230 
0.008250 0.077818 0.072751 
0.008750 0.077790 0.072391 
0.009000 0.078474 0.072392 
0.007500 0.077209 0.073710 
0.008500 0.078564 0.073590 
0.009500 0.079867 0.072751 
0.001750 0.072551 0.075149 
0.000750 0.072590 0.075628 
0.002000 0.073281 0.075748 
0.002250 0.074000 0.076228 
0.002750 0.072512 0.074669 
0.004000 0.073174 0.074429 
0.004250 0.073885 0.074789 
0.003000 0.073242 0.075268 
0.002750 0.073971 0.075868 
0.004000 0.074633 0.075628 
0.003000 0.074681 0.076228 
0.004250 0.075333 0.075868 
0.004500 0.076032 0.076108 
0.000500 0.073339 0.076468 
0.000750 0.074058 0.076948 
0.001750 0.074019 0.076468 
0.000500 0.074786 0.077547 
0.001750 0.075446 0.077307 
0.002000 0.076136 0.077427 
0.000750 0.075494 0.077907 
0.001250 0.075475 0.077667 
0.000500 0.076201 0.078266 
0.001750 0.076843 0.077787 
0.002750 0.075409 0.076827 
0.003000 0.076098 0.076947 
0.004250 0.076750 0.076588 
0.005000 0.074556 0.074669 
0.005250 0.075266 0.075029 
0.005500 0.075957 0.075149 
0.006750 0.076573 0.074309 
0.005250 0.076694 0.075868 
0.001000 0.077578 0.078506 
0.001500 0.077550 0.078146 
0.002000 0.078909 0.078146 
0.003000 0.077495 0.077427 
0.004000 0.077449 0.076827 
0.003500 0.078854 0.077427 
0.004000 0.078836 0.077187 
0.002750 0.078193 0.077666 
0.003000 0.078872 0.077666 
0.002250 0.079597 0.078266 
0.003500 0.080222 0.077546 
0.004500 0.080187 0.077067 
0.004250 0.080876 0.077187 
0.003000 0.080258 0.078026 
0.003250 0.080937 0.078026 
0.006500 0.077310 0.075029 
0.005500 0.077384 0.075988 
0.006250 0.078047 0.075748 
0.006500 0.078736 0.075868 
0.007750 0.077946 0.074429 
0.008000 0.078637 0.074549 
0.008750 0.079309 0.074430 
0.007750 0.079372 0.075269 
0.007000 0.080116 0.076108 
0.006500 0.081494 0.076348 
0.009000 0.080000 0.074550 
0.009000 0.081407 0.075149 
0.007500 0.080098 0.075868 
0.008000 0.081459 0.075868 
0.008500 0.081433 0.075509 
0.005000 0.078800 0.076707 
0.005500 0.080160 0.076707 
0.006000 0.080142 0.076468 
0.005500 0.081529 0.076827 
0.006000 0.081512 0.076587 
0.010500 0.074165 0.069752 
0.010750 0.074878 0.070112 
0.011500 0.075516 0.069513 
0.011750 0.076219 0.069753 
0.010000 0.075638 0.071072 
0.010250 0.076322 0.071072 
0.011250 0.076275 0.070473 
0.012000 0.076923 0.069993 
0.010250 0.077726 0.071552 
0.011250 0.077681 0.070953 
0.010500 0.078410 0.071552 
0.011250 0.079067 0.071193 
0.012250 0.077608 0.069994 
0.012750 0.078950 0.069634 
0.011500 0.079733 0.070953 
0.011500 0.081110 0.071074 
0.012750 0.080329 0.069755 
0.012500 0.081032 0.069995 
0.012000 0.079697 0.070474 
0.012000 0.081066 0.070474 
0.009750 0.077745 0.071792 
0.010250 0.079121 0.071912 
0.010000 0.079831 0.072272 
0.010500 0.081162 0.071793 
0.009750 0.080646 0.074070 
0.010000 0.081328 0.074070 
0.009500 0.090878 0.073951 
0.004250 0.082261 0.077546 
0.004750 0.083612 0.077426 
0.003750 0.082287 0.077906 
0.004250 0.083646 0.077906 
0.004000 0.084376 0.078625 
0.006750 0.082175 0.076348 
0.006750 0.083535 0.076348 
0.009250 0.082079 0.075029 
0.009250 0.083451 0.075149 
0.007750 0.082149 0.075988 
0.009000 0.082787 0.075389 
0.007750 0.083510 0.075988 
0.008750 0.083476 0.075509 
0.006750 0.084896 0.076348 
0.007000 0.085569 0.076228 
0.009250 0.084813 0.075149 
0.009250 0.086167 0.075029 
0.007750 0.084863 0.075868 
0.008750 0.084830 0.075389 
0.007750 0.086224 0.075868 
0.008750 0.086192 0.075389 
0.005250 0.082209 0.076827 
0.006250 0.082183 0.076467 
0.005250 0.083578 0.076947 
0.006250 0.083544 0.076467 
0.005250 0.084955 0.077186 
0.006250 0.084905 0.076467 
0.005500 0.085643 0.077306 
0.006250 0.086290 0.076827 
0.005250 0.086396 0.078385 
0.007000 0.086938 0.076348 
0.009250 0.087514 0.074790 
0.009000 0.088203 0.074910 
0.007750 0.087586 0.075868 
0.008500 0.086873 0.075389 
0.008000 0.088251 0.075629 
0.008500 0.088227 0.075269 
0.009000 0.089566 0.074910 
0.009250 0.090222 0.074431 
0.008000 0.089636 0.075988 
0.008500 0.089613 0.075629 
0.008250 0.090337 0.076228 
0.009000 0.090984 0.075628 
0.006500 0.086954 0.076587 
0.006500 0.088322 0.076707 
0.005500 0.087083 0.078504 
0.007250 0.089002 0.076707 
0.007000 0.089721 0.077306 
0.007000 0.091106 0.077545 
0.005500 0.089806 0.078624 
0.006500 0.089744 0.077665 
0.005750 0.090498 0.078743 
0.006500 0.091144 0.078144 
0.007500 0.089682 0.076707 
0.007500 0.091083 0.077186 
0.011500 0.082512 0.071554 
0.013000 0.082375 0.069636 
0.013500 0.083771 0.069996 
0.012000 0.082478 0.071074 
0.012500 0.083880 0.071554 
0.014000 0.085148 0.070117 
0.014250 0.085817 0.069877 
0.013000 0.085247 0.071554 
0.013500 0.085198 0.070836 
0.013750 0.085874 0.070716 
0.010500 0.082598 0.072752 
0.011000 0.082547 0.072033 
0.011250 0.083264 0.072513 
0.010000 0.082641 0.073351 
0.010250 0.083340 0.073591 
0.011000 0.083989 0.073112 
0.012000 0.083930 0.072273 
0.011750 0.084647 0.072753 
0.010750 0.084713 0.073711 
0.011250 0.084688 0.073352 
0.010750 0.086094 0.073951 
0.011250 0.086061 0.073472 
0.012250 0.084605 0.072154 
0.012750 0.085964 0.072034 
0.014500 0.085115 0.069637 
0.014250 0.087187 0.069878 
0.014000 0.087895 0.070238 
0.013750 0.087234 0.070597 
0.012750 0.088666 0.071556 
0.013250 0.088627 0.070957 
0.011750 0.091393 0.071196 
0.013750 0.089892 0.069280 
0.013000 0.090620 0.069879 
0.012750 0.089992 0.070837 
0.012500 0.090666 0.070597 
0.011750 0.088728 0.072514 
0.010750 0.087442 0.073712 
0.011250 0.087410 0.073233 
0.010500 0.088124 0.073712 
0.011000 0.088101 0.073353 
0.012750 0.087322 0.071915 
0.012250 0.088697 0.072035 
0.010750 0.090115 0.072754 
0.011500 0.089411 0.072514 
0.010500 0.090787 0.072514 
0.011000 0.090749 0.071915 
0.010500 0.089466 0.073353 
0.011000 0.089435 0.072874 
0.010000 0.090840 0.073353 
0.012000 0.089373 0.071915 
0.009750 0.082054 0.074670 
0.010000 0.084065 0.074190 
0.010250 0.084755 0.074310 
0.010250 0.086127 0.074430 
0.010000 0.086808 0.074431 
0.010000 0.088156 0.074191 
0.019250 0.072718 0.060277 
0.019250 0.074092 0.060159 
0.019250 0.075493 0.060401 
0.019500 0.076157 0.060042 
0.019500 0.077577 0.060523 
0.019750 0.078295 0.060883 
0.020500 0.078950 0.060405 
0.019500 0.079030 0.061483 
0.021000 0.080316 0.060166 
0.021250 0.081024 0.060407 
0.019750 0.079730 0.061604 
0.020500 0.080377 0.061005 
0.020250 0.081120 0.061725 
0.020750 0.081068 0.061006 
0.019500 0.080455 0.062084 
0.019250 0.081189 0.062684 
0.035500 0.080298 0.059927 
0.035250 0.080990 0.059927 
0.036500 0.080307 0.060047 
0.037500 0.080307 0.060047 
0.036250 0.080998 0.060047 
0.037750 0.080998 0.060047 
0.021500 0.083124 0.060769 
0.020250 0.082517 0.061966 
0.020750 0.082484 0.061487 
0.020750 0.083881 0.061728 
0.021750 0.082416 0.060528 
0.020750 0.086516 0.059814 
0.021000 0.084555 0.061489 
0.020500 0.085969 0.061970 
0.019750 0.082543 0.062326 
0.019750 0.083940 0.062567 
0.019500 0.084638 0.062688 
0.019500 0.086017 0.062689 
0.021000 0.087223 0.060054 
0.021000 0.088645 0.060655 
0.020000 0.088699 0.061494 
0.020500 0.088676 0.061134 
0.022000 0.088591 0.059816 
0.021250 0.089341 0.060655 
0.019750 0.089425 0.061973 
0.020750 0.089371 0.061134 
0.020250 0.090815 0.061973 
0.020750 0.090792 0.061614 
0.022250 0.089302 0.060056 
0.023000 0.090006 0.060176 
0.022250 0.090740 0.060775 
0.023250 0.090702 0.060176 
0.021750 0.090755 0.061015 
0.019500 0.087397 0.062690 
0.019750 0.088071 0.062451 
0.019250 0.089471 0.062692 
0.019750 0.090830 0.062213 
0.035250 0.082365 0.059809 
0.035250 0.083740 0.059691 
0.036250 0.082382 0.060049 
0.037750 0.082382 0.060049 
0.036750 0.083757 0.059931 
0.037750 0.083757 0.059931 
0.035500 0.084432 0.059692 
0.036500 0.084432 0.059692 
0.038000 0.084440 0.059812 
0.019000 0.095678 0.061974 
0.016250 0.092329 0.064010 
0.016000 0.093030 0.064129 
0.017750 0.092263 0.062932 
0.018750 0.092241 0.062572 
0.017500 0.092964 0.063051 
0.018500 0.092943 0.062692 
0.017000 0.091599 0.063411 
0.016750 0.093673 0.063291 
0.016000 0.094395 0.063770 
0.016000 0.095789 0.063890 
0.017500 0.094338 0.062812 
0.018500 0.094317 0.062453 
0.017500 0.095720 0.062693 
0.018000 0.095706 0.062453 
0.018500 0.097061 0.061855 
0.018750 0.097729 0.061376 
0.018750 0.100471 0.060658 
0.017750 0.099132 0.061615 
0.018250 0.099113 0.061256 
0.017250 0.100516 0.061496 
0.018000 0.099808 0.061256 
0.016500 0.097136 0.063172 
0.016500 0.098504 0.062813 
0.016250 0.096490 0.064010 
0.016250 0.097837 0.063292 
0.017250 0.096414 0.062693 
0.018250 0.096380 0.062094 
0.017250 0.097789 0.062453 
0.016250 0.099192 0.062693 
0.016250 0.100555 0.062214 
0.015750 0.100670 0.064370 
0.017250 0.099159 0.062094 
0.014000 0.091866 0.067723 
0.014000 0.093263 0.067962 
0.013000 0.091955 0.069160 
0.013500 0.091896 0.068202 
0.013500 0.093284 0.068322 
0.014000 0.094644 0.067962 
0.013750 0.095321 0.067723 
0.013750 0.093968 0.068202 
0.015250 0.092417 0.065447 
0.015750 0.092373 0.064728 
0.015000 0.093117 0.065567 
0.015000 0.091792 0.066525 
0.015500 0.094481 0.065207 
0.015500 0.095887 0.065567 
0.015000 0.094516 0.065806 
0.015000 0.095908 0.065926 
0.014500 0.091829 0.067124 
0.014500 0.093241 0.067603 
0.014500 0.094630 0.067723 
0.014500 0.095970 0.067004 
0.014250 0.099395 0.066405 
0.014000 0.100080 0.066286 
0.013750 0.096682 0.067363 
0.013750 0.098052 0.067124 
0.011750 0.100907 0.068801 
0.012750 0.099448 0.067364 
0.013500 0.098743 0.067124 
0.012500 0.100139 0.067364 
0.013500 0.100113 0.066885 
0.012000 0.100236 0.069160 
0.015500 0.097211 0.064489 
0.015250 0.097937 0.065088 
0.015750 0.097904 0.064489 
0.014750 0.096614 0.066166 
0.014750 0.098005 0.066286 
0.015250 0.099336 0.065328 
0.015750 0.099297 0.064609 
0.015000 0.100029 0.065328 
0.014750 0.099356 0.065687 
0.014500 0.100061 0.065926 
0.009500 0.102997 0.069160 
0.009000 0.104317 0.067962 
0.009250 0.104990 0.067603 
0.009250 0.103662 0.068681 
0.008750 0.110412 0.065209 
0.009250 0.109076 0.066286 
0.007750 0.110455 0.066167 
0.008500 0.109768 0.066286 
0.008250 0.106366 0.067483 
0.008750 0.106372 0.067603 
0.007750 0.107748 0.067483 
0.008750 0.107737 0.067244 
0.006750 0.109142 0.067723 
0.005750 0.110519 0.067603 
0.006500 0.109827 0.067603 
0.005750 0.109207 0.069160 
0.006500 0.108517 0.069160 
0.005500 0.109865 0.068441 
0.008000 0.108434 0.067364 
0.008500 0.108417 0.067005 
0.007500 0.109795 0.066885 
0.014000 0.105522 0.064370 
0.016250 0.103254 0.060658 
0.016250 0.101913 0.061616 
0.016000 0.102589 0.061257 
0.017750 0.101850 0.060418 
0.018250 0.101838 0.060179 
0.017500 0.102533 0.060179 
0.018000 0.102515 0.059820 
0.017000 0.101211 0.061496 
0.015500 0.103949 0.060658 
0.016000 0.103931 0.060299 
0.015750 0.104609 0.059940 
0.016000 0.101243 0.062095 
0.015500 0.102638 0.062215 
0.015250 0.103376 0.063053 
0.015000 0.105452 0.062934 
0.015000 0.104094 0.063532 
0.014750 0.104794 0.063652 
0.014250 0.107490 0.061976 
0.013250 0.110178 0.059941 
0.013750 0.108841 0.061138 
0.012250 0.110253 0.061617 
0.013500 0.109531 0.061019 
0.013750 0.107540 0.063054 
0.013000 0.106909 0.064370 
0.013750 0.106204 0.064131 
0.012750 0.107591 0.064131 
0.013250 0.107568 0.063652 
0.011250 0.110301 0.062695 
0.011750 0.108967 0.063892 
0.010250 0.110354 0.063892 
0.011000 0.109660 0.063892 
0.012750 0.108918 0.062814 
0.013500 0.108212 0.062575 
0.012500 0.109590 0.062336 
0.012500 0.108268 0.063772 
0.014750 0.107383 0.059701 
0.014750 0.106141 0.062814 
0.013000 0.101490 0.066765 
0.013500 0.101471 0.066406 
0.012500 0.102873 0.066765 
0.013500 0.102842 0.066166 
0.011500 0.105628 0.066525 
0.014000 0.104172 0.065089 
0.013000 0.105569 0.065328 
0.013750 0.104859 0.064969 
0.012500 0.104238 0.066406 
0.013500 0.104208 0.065807 
0.012250 0.104924 0.066286 
0.011500 0.101540 0.067723 
0.010500 0.102922 0.067723 
0.011500 0.102898 0.067244 
0.011000 0.101604 0.068920 
0.010000 0.102960 0.068441 
0.012500 0.101509 0.067124 
0.012250 0.102200 0.067124 
0.010000 0.104293 0.067483 
0.011250 0.103583 0.067124 
0.010250 0.104972 0.067244 
0.011250 0.104954 0.066885 
0.015000 0.101395 0.064969 
0.014500 0.102793 0.065208 
0.014500 0.104154 0.064729 
0.011250 0.107653 0.065448 
0.010750 0.106331 0.066765 
0.011250 0.106314 0.066406 
0.010250 0.107698 0.066406 
0.011000 0.106995 0.066166 
0.012750 0.106250 0.065089 
0.013250 0.106233 0.064730 
0.012250 0.107613 0.064610 
0.010250 0.109032 0.065329 
0.011000 0.108334 0.065209 
0.010000 0.109709 0.064969 
0.010000 0.108379 0.066166 
0.009750 0.106349 0.067124 
0.010000 0.107029 0.066885 
0.009500 0.092185 0.072873 
0.009000 0.093583 0.073232 
0.008750 0.094299 0.073711 
0.008250 0.095687 0.073951 
0.008750 0.095652 0.073352 
0.009000 0.100359 0.071435 
0.009250 0.096978 0.072513 
0.008250 0.098368 0.072753 
0.009000 0.097666 0.072513 
0.008250 0.097033 0.073471 
0.008750 0.097006 0.072992 
0.008000 0.097714 0.073352 
0.008500 0.097694 0.072992 
0.008000 0.099042 0.072513 
0.009000 0.099015 0.072034 
0.008000 0.100379 0.071794 
0.007500 0.100496 0.073950 
0.004250 0.095954 0.078502 
0.009000 0.092297 0.074670 
0.008750 0.093005 0.075029 
0.008250 0.091715 0.076347 
0.008750 0.091700 0.076107 
0.008250 0.093064 0.075987 
0.008500 0.093713 0.075388 
0.006750 0.095814 0.076106 
0.008250 0.094385 0.075149 
0.007750 0.095715 0.074430 
0.007750 0.094443 0.076107 
0.007500 0.095114 0.075867 
0.006750 0.091820 0.078024 
0.005750 0.093226 0.078622 
0.006250 0.093196 0.078143 
0.007750 0.091760 0.077066 
0.007750 0.093101 0.076586 
0.006750 0.094507 0.077185 
0.005750 0.095877 0.077184 
0.006500 0.095178 0.076945 
0.005250 0.094586 0.078502 
0.006250 0.094536 0.077664 
0.005500 0.095242 0.078023 
0.007250 0.094471 0.076586 
0.004250 0.097267 0.077543 
0.004000 0.097938 0.077304 
0.003250 0.097315 0.078382 
0.004000 0.096624 0.078262 
0.003000 0.097993 0.078262 
0.002000 0.099388 0.078740 
0.002000 0.100749 0.078620 
0.003500 0.099315 0.077423 
0.004000 0.099301 0.077183 
0.003500 0.100677 0.077303 
0.004000 0.100658 0.076944 
0.003000 0.099354 0.078142 
0.002750 0.100052 0.078381 
0.006750 0.097109 0.074789 
0.006500 0.097809 0.075028 
0.005750 0.097171 0.075867 
0.006500 0.096464 0.075507 
0.005500 0.097857 0.075866 
0.006000 0.097823 0.075268 
0.007500 0.096395 0.074310 
0.007500 0.097768 0.074309 
0.007000 0.099168 0.074788 
0.007000 0.100528 0.074548 
0.005500 0.099228 0.075866 
0.006000 0.099208 0.075507 
0.005500 0.100600 0.075866 
0.006000 0.100580 0.075507 
0.007500 0.099155 0.074549 
0.007250 0.099842 0.074549 
0.005500 0.096541 0.076825 
0.011500 0.092096 0.071436 
0.011750 0.092785 0.071436 
0.012500 0.092044 0.070597 
0.012500 0.093459 0.071196 
0.013000 0.096158 0.070238 
0.013500 0.096137 0.069879 
0.012750 0.094140 0.071076 
0.013250 0.094119 0.070717 
0.012250 0.095525 0.071196 
0.010000 0.092156 0.072394 
0.011000 0.092126 0.071915 
0.010250 0.092836 0.072274 
0.011000 0.093502 0.071915 
0.009750 0.091505 0.072993 
0.010250 0.094219 0.072394 
0.011250 0.094184 0.071795 
0.010250 0.095588 0.072274 
0.011250 0.095560 0.071795 
0.011750 0.096896 0.071076 
0.010750 0.098294 0.071435 
0.011250 0.098267 0.070956 
0.012750 0.096848 0.070238 
0.013250 0.096820 0.069759 
0.012750 0.098200 0.069759 
0.012250 0.096868 0.070597 
0.012000 0.097564 0.070717 
0.011750 0.099586 0.069878 
0.010750 0.100965 0.069878 
0.011500 0.100262 0.069639 
0.010500 0.098969 0.071196 
0.011000 0.098949 0.070836 
0.010000 0.100321 0.070717 
0.012500 0.098883 0.069639 
0.010250 0.096951 0.072034 
0.011000 0.096249 0.071795 
0.010000 0.097632 0.071914 
0.009500 0.101680 0.070357 
0.009000 0.103034 0.069878 
0.008000 0.101718 0.071076 
0.009000 0.101699 0.070716 
0.007750 0.102394 0.070836 
0.008750 0.102375 0.070477 
0.007000 0.104479 0.071195 
0.006750 0.105162 0.071075 
0.008000 0.104425 0.070118 
0.008750 0.103717 0.069758 
0.007750 0.105120 0.070237 
0.007750 0.103754 0.070477 
0.007000 0.103163 0.072393 
0.007000 0.101857 0.073710 
0.006750 0.102538 0.073590 
0.007750 0.101151 0.073351 
0.007250 0.102500 0.072872 
0.006750 0.103857 0.072512 
0.006250 0.105233 0.072512 
0.005750 0.103924 0.073829 
0.006250 0.103894 0.073231 
0.005250 0.105275 0.073350 
0.006000 0.104581 0.073231 
0.004000 0.109946 0.070237 
0.004500 0.108617 0.071314 
0.003000 0.109984 0.071075 
0.002250 0.108047 0.073829 
0.004500 0.107291 0.072392 
0.004250 0.106649 0.073350 
0.003000 0.107360 0.073829 
0.004000 0.107320 0.072991 
0.002000 0.110027 0.072033 
0.002000 0.108723 0.073589 
0.000500 0.110102 0.073709 
0.001750 0.109388 0.073110 
0.003000 0.108678 0.072631 
0.004000 0.108639 0.071793 
0.002750 0.109344 0.072153 
0.002500 0.108695 0.072991 
0.006750 0.107850 0.069638 
0.006750 0.106522 0.070716 
0.005250 0.107929 0.071315 
0.006000 0.107223 0.070955 
0.007750 0.106470 0.069638 
0.007500 0.107154 0.069519 
0.005500 0.108573 0.070357 
0.006000 0.108545 0.069758 
0.005000 0.108601 0.070955 
0.005250 0.106597 0.072273 
0.006000 0.105903 0.072153 
0.005000 0.107274 0.072033 
0.005000 0.105956 0.073230 
0.004500 0.101990 0.076225 
0.004250 0.102669 0.076105 
0.001750 0.105417 0.076224 
0.004750 0.103979 0.074907 
0.003250 0.105364 0.075146 
0.004250 0.105328 0.074428 
0.003250 0.104040 0.076104 
0.003750 0.104022 0.075745 
0.003000 0.104714 0.075865 
0.002250 0.101413 0.078261 
0.001750 0.102769 0.078021 
0.003250 0.101362 0.077303 
0.004250 0.101330 0.076704 
0.003250 0.102707 0.076823 
0.003750 0.102688 0.076464 
0.002750 0.101388 0.077782 
0.001750 0.104101 0.077302 
0.000750 0.105471 0.077302 
0.001500 0.104774 0.077062 
0.000750 0.104138 0.078020 
0.001500 0.103447 0.077901 
0.000500 0.104810 0.077781 
0.002750 0.104059 0.076464 
0.006750 0.101208 0.074429 
0.005750 0.102594 0.074668 
0.006250 0.102563 0.074069 
0.005250 0.101285 0.075866 
0.005250 0.102625 0.075267 
0.005250 0.103955 0.074428 
0.005000 0.104636 0.074308 
0.002250 0.106725 0.074907 
0.000750 0.108103 0.075026 
0.002000 0.107394 0.074547 
0.000750 0.106782 0.076104 
0.001500 0.106091 0.075984 
0.000500 0.107451 0.075745 
0.003000 0.106038 0.074907 
0.004000 0.105997 0.074069 
0.002500 0.107377 0.074188 
0.002500 0.106056 0.075266 
0.000500 0.108773 0.074667 
0.000250 0.109448 0.074427 
0.000000 0.108800 0.075265 
0.000500 0.106138 0.076942 
0.010000 0.101654 0.069878 
0.009750 0.102325 0.069519 
0.009750 0.100997 0.070477 
0.021250 0.092182 0.061614 
0.020250 0.093594 0.061974 
0.021000 0.092884 0.061734 
0.023250 0.092101 0.060296 
0.022500 0.092826 0.060776 
0.023250 0.093471 0.059937 
0.021750 0.092160 0.061255 
0.022000 0.092848 0.061135 
0.021500 0.095602 0.060657 
0.020000 0.094289 0.061974 
0.021000 0.094253 0.061375 
0.020000 0.095650 0.061495 
0.020500 0.095636 0.061255 
0.022500 0.094203 0.060537 
0.023000 0.094182 0.060177 
0.022000 0.095588 0.060417 
0.023000 0.095560 0.059938 
0.022000 0.094224 0.060896 
0.019750 0.092226 0.062333 
0.019500 0.092921 0.062333 
0.019500 0.094296 0.062094 
0.021000 0.096979 0.060417 
0.020000 0.098391 0.060777 
0.020750 0.097675 0.060417 
0.019500 0.097027 0.061256 
0.020750 0.096311 0.060896 
0.019750 0.097709 0.061016 
0.022000 0.096952 0.059938 
0.022750 0.096249 0.059818 
0.021750 0.097641 0.059819 
0.019750 0.099080 0.060657 
0.020750 0.099034 0.059819 
0.019750 0.100439 0.060059 
0.019250 0.099093 0.060897 
0.057250 0.072597 0.041689 
0.057250 0.076997 0.043981 
0.057000 0.076401 0.045251 
0.057000 0.079091 0.043857 
0.057000 0.077719 0.044237 
0.056500 0.079153 0.044620 
0.057250 0.079771 0.043604 
0.057250 0.081204 0.043988 
0.056000 0.080606 0.045258 
0.056750 0.079833 0.044367 
0.056750 0.081266 0.044751 
0.052500 0.073994 0.050088 
0.052500 0.075382 0.049970 
0.052000 0.076779 0.049973 
0.056750 0.072908 0.045373 
0.056750 0.074352 0.045883 
0.055750 0.073069 0.047278 
0.055750 0.074469 0.047281 
0.056500 0.075074 0.046139 
0.056500 0.076464 0.046014 
0.056000 0.075159 0.047155 
0.055500 0.076570 0.047285 
0.054750 0.073173 0.048527 
0.054500 0.073900 0.048889 
0.053250 0.073267 0.049727 
0.054250 0.073211 0.049007 
0.053500 0.073947 0.049488 
0.054000 0.073919 0.049128 
0.055250 0.073123 0.047913 
0.055000 0.073853 0.048289 
0.054500 0.075281 0.048651 
0.054500 0.076661 0.048414 
0.053000 0.075364 0.049730 
0.054000 0.075317 0.049131 
0.053000 0.076743 0.049493 
0.055000 0.075253 0.048292 
0.055000 0.076633 0.048048 
0.052250 0.077460 0.049734 
0.051750 0.078857 0.049737 
0.052250 0.080194 0.048901 
0.052000 0.080885 0.048782 
0.051750 0.080211 0.049140 
0.051500 0.080902 0.049022 
0.054750 0.078670 0.047289 
0.056000 0.077865 0.046016 
0.056250 0.077165 0.046015 
0.055750 0.078566 0.046018 
0.056250 0.078514 0.045382 
0.055500 0.077928 0.046779 
0.055250 0.078628 0.046780 
0.053750 0.080101 0.047673 
0.054250 0.080070 0.047291 
0.053750 0.081501 0.047676 
0.054250 0.081470 0.047294 
0.055750 0.079936 0.045639 
0.055250 0.081378 0.046149 
0.053500 0.078087 0.048777 
0.054250 0.077352 0.048296 
0.053250 0.078787 0.048778 
0.054250 0.078711 0.047797 
0.053250 0.077415 0.049135 
0.052750 0.078804 0.049018 
0.053250 0.080151 0.048301 
0.053250 0.081532 0.048057 
0.057250 0.084019 0.044119 
0.056000 0.082007 0.045260 
0.056750 0.082678 0.044880 
0.057000 0.083358 0.044627 
0.057250 0.085382 0.043612 
0.057000 0.086083 0.043613 
0.056000 0.084800 0.045138 
0.056500 0.084770 0.044756 
0.055500 0.086202 0.045140 
0.056250 0.085471 0.044757 
0.057000 0.087426 0.042851 
0.057000 0.088782 0.042089 
0.057250 0.089423 0.041198 
0.056750 0.090858 0.041454 
0.056750 0.089480 0.041962 
0.056000 0.090255 0.042853 
0.056250 0.090915 0.042218 
0.054750 0.088309 0.045143 
0.056000 0.087515 0.043997 
0.056500 0.087476 0.043487 
0.055750 0.088231 0.044124 
0.056250 0.088182 0.043488 
0.055500 0.087554 0.044506 
0.055250 0.088270 0.044634 
0.054750 0.089711 0.045016 
0.054250 0.091132 0.045145 
0.055750 0.089605 0.043616 
0.055250 0.091028 0.043745 
0.055250 0.089663 0.044380 
0.055000 0.090379 0.044508 
0.051250 0.082975 0.048666 
0.052000 0.082284 0.048785 
0.052000 0.083691 0.048908 
0.052500 0.085073 0.048671 
0.052250 0.085789 0.048912 
0.051000 0.085138 0.049629 
0.052000 0.085105 0.049150 
0.051250 0.085844 0.049750 
0.051750 0.085821 0.049391 
0.053750 0.082901 0.047678 
0.054500 0.082160 0.047168 
0.054500 0.083550 0.047044 
0.055500 0.082069 0.046023 
0.055500 0.083470 0.046026 
0.055000 0.082119 0.046659 
0.054500 0.086282 0.046158 
0.053500 0.085001 0.047682 
0.054000 0.084951 0.047046 
0.053500 0.086371 0.047303 
0.054000 0.086331 0.046794 
0.055500 0.084840 0.045647 
0.055250 0.085541 0.045648 
0.053000 0.082250 0.048306 
0.053000 0.083649 0.048308 
0.053000 0.085049 0.048311 
0.052750 0.085757 0.048432 
0.052500 0.090617 0.047690 
0.052250 0.087179 0.048795 
0.052250 0.088574 0.048676 
0.051250 0.087257 0.049993 
0.051750 0.087211 0.049274 
0.051250 0.088651 0.049874 
0.051750 0.088613 0.049275 
0.052250 0.089959 0.048318 
0.051250 0.091403 0.048918 
0.052000 0.090670 0.048438 
0.051000 0.089354 0.049875 
0.051500 0.089323 0.049396 
0.051000 0.090729 0.049396 
0.051500 0.090707 0.049037 
0.054250 0.086992 0.046287 
0.053750 0.088417 0.046543 
0.054250 0.088378 0.046034 
0.053250 0.087081 0.047432 
0.053250 0.088456 0.047052 
0.053750 0.089798 0.046162 
0.054250 0.089759 0.045653 
0.053500 0.090512 0.046290 
0.054000 0.090474 0.045780 
0.053250 0.089855 0.046926 
0.053000 0.090569 0.047053 
0.052750 0.087140 0.048196 
0.052750 0.088514 0.047816 
0.047500 0.072769 0.052244 
0.044000 0.072970 0.054762 
0.045000 0.072922 0.054162 
0.044750 0.073656 0.054643 
0.046000 0.072874 0.053563 
0.047000 0.072808 0.052723 
0.047500 0.074220 0.052965 
0.045500 0.072903 0.053923 
0.046000 0.074314 0.054164 
0.045250 0.075056 0.054765 
0.045250 0.076456 0.054887 
0.047250 0.074963 0.053566 
0.047250 0.076364 0.053688 
0.045750 0.075028 0.054405 
0.047000 0.075686 0.053927 
0.046250 0.076410 0.054288 
0.046750 0.076392 0.054048 
0.045250 0.077846 0.054889 
0.047750 0.077756 0.053691 
0.046250 0.077801 0.054290 
0.047250 0.077774 0.053930 
0.046000 0.078514 0.054531 
0.047250 0.079183 0.054172 
0.046500 0.079905 0.054533 
0.047000 0.079896 0.054413 
0.046500 0.081313 0.054775 
0.047000 0.081287 0.054415 
0.039000 0.073123 0.056681 
0.040000 0.073113 0.056561 
0.038750 0.073836 0.056921 
0.040250 0.073817 0.056682 
0.041250 0.072381 0.056080 
0.042500 0.073056 0.055841 
0.042750 0.073751 0.055842 
0.041000 0.073094 0.056321 
0.041250 0.073798 0.056442 
0.042000 0.074483 0.056323 
0.039250 0.075251 0.057283 
0.040250 0.075242 0.057163 
0.042750 0.075158 0.056084 
0.041250 0.075214 0.056803 
0.042250 0.075186 0.056444 
0.041500 0.075917 0.056924 
0.042250 0.076602 0.056805 
0.038750 0.075270 0.057523 
0.039000 0.075982 0.057764 
0.040250 0.076684 0.057884 
0.041250 0.076647 0.057405 
0.043500 0.072989 0.055002 
0.043500 0.074417 0.055484 
0.044500 0.074379 0.055004 
0.043750 0.075102 0.055365 
0.044750 0.075074 0.055005 
0.043750 0.076529 0.055846 
0.044750 0.076492 0.055367 
0.043250 0.076556 0.056206 
0.042500 0.077323 0.057166 
0.040000 0.077413 0.058365 
0.039000 0.077450 0.058844 
0.039750 0.078142 0.058845 
0.039000 0.078870 0.059326 
0.040000 0.078843 0.058966 
0.041000 0.077386 0.058005 
0.042250 0.078052 0.057647 
0.041500 0.078808 0.058486 
0.042500 0.078772 0.058007 
0.041000 0.078817 0.058606 
0.039000 0.080281 0.059687 
0.040000 0.080254 0.059327 
0.040250 0.080946 0.059328 
0.042750 0.079483 0.058248 
0.043000 0.081579 0.058490 
0.041000 0.080237 0.059088 
0.042500 0.080202 0.058608 
0.041250 0.080929 0.059088 
0.042250 0.080912 0.058849 
0.044000 0.077232 0.055967 
0.044750 0.077900 0.055608 
0.045000 0.078568 0.055250 
0.043750 0.077981 0.056688 
0.044250 0.077945 0.056208 
0.044000 0.078701 0.057048 
0.044500 0.078657 0.056449 
0.045000 0.079949 0.055132 
0.044500 0.080097 0.057170 
0.045000 0.081493 0.057292 
0.045500 0.079940 0.055012 
0.046000 0.081330 0.055014 
0.043500 0.078728 0.057408 
0.043500 0.080158 0.058009 
0.043750 0.080843 0.057890 
0.044500 0.081510 0.057531 
0.050000 0.072693 0.051284 
0.050000 0.074079 0.051167 
0.048500 0.072722 0.051644 
0.049500 0.072702 0.051404 
0.048500 0.074144 0.052006 
0.049500 0.074098 0.051407 
0.051000 0.072664 0.050924 
0.052000 0.072626 0.050445 
0.051000 0.074051 0.050807 
0.052000 0.074013 0.050327 
0.050000 0.075484 0.051289 
0.048750 0.074851 0.052127 
0.049500 0.075511 0.051649 
0.049750 0.076227 0.051890 
0.051000 0.075428 0.050570 
0.052000 0.075400 0.050210 
0.050750 0.076135 0.050691 
0.051750 0.076099 0.050211 
0.050250 0.076190 0.051410 
0.048500 0.075603 0.052848 
0.048250 0.076327 0.053209 
0.049250 0.076282 0.052609 
0.049750 0.077666 0.052492 
0.049750 0.079060 0.052494 
0.050750 0.077568 0.051173 
0.051250 0.078919 0.050576 
0.050250 0.077630 0.052012 
0.050750 0.078981 0.051415 
0.050000 0.079739 0.052256 
0.050000 0.081125 0.052138 
0.051250 0.080324 0.050699 
0.051500 0.079591 0.050218 
0.051000 0.081048 0.051059 
0.050500 0.079713 0.051896 
0.050500 0.081099 0.051778 
0.048750 0.077711 0.053091 
0.049250 0.077693 0.052851 
0.048750 0.079113 0.053213 
0.049250 0.079095 0.052974 
0.048500 0.079835 0.053574 
0.049500 0.079774 0.052735 
0.048500 0.081219 0.053456 
0.049500 0.081167 0.052737 
0.048000 0.079853 0.053814 
0.048000 0.081245 0.053816 
0.047750 0.083324 0.053700 
0.046500 0.082695 0.054657 
0.047000 0.082670 0.054297 
0.046250 0.083407 0.054898 
0.047250 0.083349 0.054059 
0.047750 0.084700 0.053462 
0.047750 0.086036 0.052626 
0.046250 0.084798 0.054900 
0.047250 0.084740 0.054061 
0.046250 0.086180 0.054782 
0.047250 0.086124 0.053943 
0.047750 0.087414 0.052388 
0.047500 0.088103 0.052270 
0.047500 0.089513 0.052390 
0.047500 0.090923 0.052511 
0.046250 0.087563 0.054665 
0.047250 0.087523 0.054066 
0.046000 0.088258 0.054666 
0.047000 0.088219 0.054067 
0.045000 0.091034 0.054307 
0.047000 0.089597 0.053708 
0.046500 0.090982 0.053469 
0.047000 0.090960 0.053110 
0.046000 0.089650 0.054546 
0.046000 0.091004 0.053828 
0.040250 0.082339 0.059450 
0.039250 0.083732 0.059571 
0.040250 0.083715 0.059331 
0.043000 0.082964 0.058492 
0.042750 0.083657 0.058493 
0.041250 0.082314 0.059090 
0.042250 0.082297 0.058851 
0.041250 0.083698 0.059092 
0.042250 0.083665 0.058612 
0.038750 0.085107 0.059453 
0.040250 0.085075 0.058974 
0.039000 0.085783 0.059214 
0.040000 0.085759 0.058855 
0.041750 0.085042 0.058495 
0.042250 0.085026 0.058255 
0.041250 0.086404 0.058137 
0.042500 0.085695 0.057896 
0.041000 0.084382 0.058973 
0.042000 0.084358 0.058613 
0.041000 0.085743 0.058615 
0.045000 0.082737 0.055256 
0.044750 0.083424 0.055137 
0.046000 0.082721 0.055016 
0.045750 0.083424 0.055137 
0.044750 0.084855 0.055739 
0.044750 0.086252 0.055861 
0.044250 0.084936 0.056937 
0.043750 0.086308 0.056699 
0.044250 0.086276 0.056220 
0.045750 0.084814 0.055140 
0.045750 0.086204 0.055142 
0.043750 0.082237 0.058012 
0.044750 0.082203 0.057532 
0.043750 0.083615 0.057894 
0.044250 0.083590 0.057534 
0.043250 0.084993 0.057776 
0.042500 0.087041 0.057299 
0.042500 0.088397 0.056822 
0.040000 0.089809 0.057062 
0.039000 0.091183 0.056703 
0.040250 0.090484 0.056703 
0.043000 0.089748 0.056104 
0.041500 0.091138 0.055984 
0.042500 0.091123 0.055745 
0.041000 0.089794 0.056822 
0.042500 0.089763 0.056343 
0.041250 0.090469 0.056463 
0.038750 0.087805 0.058378 
0.040000 0.087112 0.058377 
0.039000 0.088475 0.058020 
0.040000 0.088451 0.057660 
0.038500 0.087136 0.058737 
0.039500 0.087120 0.058497 
0.041000 0.087089 0.058018 
0.042000 0.087057 0.057539 
0.041000 0.088436 0.057421 
0.038750 0.089157 0.057780 
0.039750 0.089142 0.057541 
0.045000 0.086923 0.055502 
0.044000 0.088343 0.055983 
0.045000 0.088304 0.055384 
0.043500 0.086994 0.056580 
0.043500 0.088359 0.056223 
0.045500 0.086899 0.055143 
0.045500 0.088281 0.055025 
0.043500 0.089733 0.055864 
0.044500 0.089703 0.055385 
0.043500 0.091101 0.055385 
0.044750 0.090379 0.055026 
0.050000 0.082502 0.051901 
0.049500 0.083905 0.052023 
0.051000 0.082426 0.050822 
0.051000 0.083789 0.050345 
0.050500 0.082468 0.051421 
0.050250 0.083183 0.051662 
0.048750 0.084626 0.052384 
0.049750 0.084586 0.051785 
0.048750 0.086004 0.052146 
0.049750 0.085972 0.051667 
0.050750 0.084520 0.050826 
0.050500 0.086614 0.050830 
0.050250 0.084561 0.051425 
0.048500 0.082594 0.053219 
0.049000 0.082569 0.052860 
0.048500 0.083971 0.052982 
0.048250 0.084659 0.052863 
0.049750 0.088743 0.051312 
0.048750 0.087390 0.052029 
0.049250 0.087375 0.051789 
0.048500 0.088095 0.052150 
0.049500 0.088057 0.051551 
0.050750 0.087289 0.050472 
0.050500 0.088003 0.050713 
0.050000 0.089414 0.050833 
0.049500 0.090811 0.050714 
0.048500 0.089483 0.051911 
0.049000 0.089460 0.051552 
0.048500 0.090863 0.051552 
0.050500 0.089392 0.050474 
0.058250 0.072587 0.041562 
0.059000 0.073224 0.040800 
0.058250 0.073991 0.041563 
0.058750 0.073948 0.041055 
0.057750 0.072608 0.041816 
0.057750 0.074012 0.041817 
0.058250 0.075373 0.041311 
0.058750 0.075331 0.040802 
0.058000 0.076065 0.041184 
0.058000 0.077438 0.040804 
0.058000 0.078904 0.041569 
0.058250 0.079617 0.041697 
0.059000 0.080267 0.041062 
0.059250 0.080969 0.041062 
0.058000 0.080390 0.042588 
0.058250 0.081092 0.042588 
0.058750 0.081031 0.041825 
0.057500 0.079049 0.043349 
0.057500 0.080462 0.043478 
0.057750 0.081143 0.043224 
0.057500 0.075021 0.045503 
0.059250 0.082424 0.041700 
0.059250 0.083818 0.041574 
0.058750 0.082475 0.042336 
0.058500 0.083217 0.042845 
0.058750 0.083878 0.042337 
0.059250 0.085202 0.041321 
0.059000 0.085914 0.041449 
0.058250 0.085302 0.042594 
0.059000 0.084550 0.041957 
0.058000 0.086003 0.042594 
0.057750 0.082576 0.043608 
0.057750 0.083979 0.043610 
0.058000 0.084650 0.043229 
0.057500 0.086043 0.043104 
0.058000 0.087338 0.041705 
0.057750 0.088026 0.041451 
0.057500 0.087387 0.042342 
0.057750 0.089384 0.040689 
0.040250 0.100837 0.042481 
0.041250 0.100779 0.041591 
0.042500 0.100062 0.041463 
0.041500 0.100121 0.042353 
0.042000 0.100087 0.041845 
0.039000 0.100222 0.043880 
0.040000 0.100189 0.043371 
0.038750 0.099567 0.044642 
0.040250 0.099558 0.044515 
0.041250 0.099567 0.044642 
0.042250 0.099558 0.044515 
0.047250 0.099371 0.041717 
0.046250 0.099405 0.042225 
0.047250 0.098129 0.044260 
0.043750 0.099524 0.044006 
0.044750 0.099507 0.043752 
0.044000 0.098903 0.045278 
0.045000 0.098886 0.045023 
0.046500 0.098792 0.043624 
0.047500 0.098775 0.043370 
0.046000 0.098835 0.044260 
0.044750 0.095685 0.049998 
0.047750 0.095589 0.048321 
0.046500 0.094989 0.050117 
0.047500 0.094948 0.049399 
0.046250 0.095657 0.049519 
0.046750 0.095644 0.049279 
0.038750 0.098362 0.047694 
0.040250 0.098354 0.047567 
0.041250 0.098362 0.047694 
0.042250 0.098336 0.047313 
0.039000 0.098964 0.046168 
0.040000 0.098972 0.046295 
0.041500 0.098946 0.045914 
0.042500 0.098946 0.045914 
0.039000 0.097720 0.048682 
0.040000 0.097720 0.048682 
0.038750 0.097077 0.049759 
0.040250 0.097077 0.049759 
0.041500 0.097706 0.048442 
0.042500 0.097700 0.048322 
0.041250 0.097063 0.049520 
0.042250 0.097050 0.049280 
0.045250 0.098276 0.046422 
0.043750 0.098319 0.047058 
0.044750 0.098293 0.046677 
0.045750 0.098250 0.046041 
0.047000 0.097562 0.046294 
0.047250 0.096901 0.046930 
0.046000 0.097615 0.047058 
0.043500 0.098921 0.045532 
0.043750 0.097023 0.048801 
0.044750 0.097003 0.048442 
0.043500 0.097685 0.048075 
0.043500 0.096374 0.049759 
0.044500 0.096354 0.049399 
0.045750 0.096972 0.047948 
0.047000 0.096292 0.048322 
0.045500 0.096340 0.049160 
0.052000 0.095974 0.043749 
0.052000 0.094661 0.045147 
0.051000 0.096028 0.044512 
0.051750 0.095330 0.044639 
0.054750 0.093791 0.042856 
0.056750 0.092237 0.040946 
0.055750 0.093690 0.041457 
0.056500 0.092945 0.040947 
0.055750 0.092358 0.042601 
0.055500 0.093065 0.042601 
0.054000 0.095770 0.040823 
0.054500 0.094480 0.042603 
0.053500 0.095885 0.042477 
0.054250 0.095160 0.042222 
0.055500 0.094371 0.041076 
0.055000 0.094425 0.041839 
0.054750 0.092432 0.043619 
0.054500 0.093130 0.043492 
0.053750 0.092544 0.045146 
0.054500 0.091791 0.044509 
0.053500 0.093240 0.045019 
0.055500 0.091688 0.043109 
0.055000 0.093102 0.043110 
0.053500 0.094552 0.043621 
0.054000 0.094534 0.043366 
0.053250 0.095241 0.043367 
0.053000 0.094606 0.044384 
0.049750 0.097999 0.042351 
0.052500 0.097230 0.041460 
0.051250 0.097930 0.041334 
0.051750 0.097921 0.041207 
0.051000 0.097318 0.042732 
0.052000 0.097274 0.042096 
0.050750 0.097973 0.041970 
0.048750 0.099303 0.040699 
0.049250 0.099303 0.040699 
0.048500 0.098681 0.041970 
0.050500 0.098612 0.040953 
0.050000 0.097361 0.043368 
0.048750 0.098085 0.043623 
0.049500 0.097414 0.044132 
0.049750 0.096769 0.045022 
0.048250 0.098129 0.044260 
0.049000 0.097440 0.044513 
0.050750 0.096699 0.044004 
0.051750 0.096637 0.043113 
0.048000 0.098749 0.042988 
0.053000 0.097186 0.040824 
0.052750 0.096584 0.042350 
0.052500 0.093305 0.045910 
0.052500 0.091978 0.047054 
0.051500 0.093397 0.047182 
0.049500 0.096134 0.046039 
0.050000 0.094833 0.047565 
0.049250 0.095519 0.047311 
0.051000 0.094742 0.046292 
0.051750 0.094028 0.046165 
0.050750 0.095411 0.045784 
0.050750 0.094110 0.047310 
0.050000 0.093499 0.048679 
0.050000 0.092150 0.049637 
0.048500 0.093563 0.049757 
0.049750 0.092831 0.049278 
0.051000 0.092106 0.048918 
0.051500 0.092063 0.048199 
0.050500 0.093478 0.048320 
0.050500 0.092128 0.049277 
0.050250 0.092817 0.049038 
0.048500 0.094899 0.048560 
0.049750 0.094181 0.048320 
0.048250 0.095564 0.047947 
0.048250 0.094237 0.049279 
0.050250 0.094156 0.047946 
0.053500 0.091885 0.045782 
0.053000 0.093277 0.045528 
0.048750 0.096831 0.045912 
0.048000 0.097501 0.045404 
0.048500 0.096206 0.047057 
0.040000 0.101536 0.042355 
0.039250 0.102276 0.042864 
0.040000 0.102951 0.042356 
0.041500 0.101445 0.040956 
0.041000 0.102886 0.041339 
0.040250 0.103642 0.042102 
0.039250 0.105097 0.042739 
0.039750 0.105066 0.042231 
0.041250 0.103578 0.041085 
0.042000 0.104263 0.040704 
0.041250 0.105010 0.041341 
0.042250 0.104971 0.040705 
0.039000 0.101627 0.043754 
0.039500 0.101577 0.042991 
0.038500 0.103032 0.043628 
0.038250 0.102366 0.044263 
0.038750 0.103723 0.043374 
0.038750 0.105128 0.043248 
0.040250 0.107865 0.041725 
0.039250 0.106488 0.042359 
0.039750 0.106481 0.042232 
0.039000 0.107203 0.042487 
0.040000 0.107180 0.042106 
0.041250 0.106427 0.041342 
0.042250 0.106380 0.040579 
0.041250 0.107820 0.040962 
0.042000 0.107097 0.040707 
0.040000 0.108566 0.041598 
0.039000 0.109989 0.041727 
0.040000 0.109945 0.040964 
0.039000 0.108603 0.042234 
0.039500 0.108588 0.041980 
0.038500 0.110004 0.041981 
0.041000 0.108521 0.040836 
0.038750 0.106527 0.042995 
0.038500 0.107234 0.042996 
0.038750 0.095823 0.052393 
0.040250 0.095809 0.052154 
0.042750 0.095761 0.051315 
0.041250 0.095802 0.052034 
0.042250 0.095781 0.051675 
0.043000 0.093791 0.053590 
0.042500 0.092470 0.054907 
0.041250 0.093162 0.054787 
0.042250 0.093141 0.054428 
0.040250 0.094498 0.053710 
0.039000 0.095170 0.053231 
0.040000 0.095163 0.053111 
0.038750 0.094519 0.054069 
0.039750 0.094505 0.053830 
0.041250 0.094491 0.053590 
0.042250 0.094470 0.053231 
0.041000 0.095149 0.052872 
0.042000 0.095135 0.052632 
0.041000 0.093833 0.054309 
0.042500 0.093805 0.053829 
0.045000 0.093698 0.052033 
0.047500 0.093627 0.050835 
0.047500 0.092288 0.051912 
0.046250 0.093011 0.052272 
0.047250 0.092968 0.051553 
0.044750 0.094357 0.051315 
0.043750 0.095712 0.050477 
0.045000 0.095017 0.050596 
0.043750 0.094399 0.052033 
0.044250 0.094371 0.051554 
0.043500 0.095066 0.051435 
0.046250 0.094329 0.050836 
0.047250 0.094301 0.050356 
0.046000 0.094996 0.050237 
0.045000 0.092368 0.053230 
0.043500 0.093769 0.053231 
0.044750 0.093040 0.052751 
0.043500 0.092441 0.054428 
0.044750 0.091704 0.053829 
0.043250 0.093119 0.054069 
0.046000 0.092354 0.052990 
0.046750 0.091653 0.052990 
0.043250 0.094442 0.052752 
0.039000 0.096449 0.051076 
0.040000 0.096456 0.051196 
0.038500 0.096469 0.051435 
0.041000 0.096435 0.050836 
0.042500 0.096415 0.050477 
0.039000 0.092528 0.055865 
0.040000 0.092514 0.055625 
0.038750 0.093198 0.055386 
0.040250 0.093184 0.055147 
0.038750 0.091859 0.056344 
0.041250 0.091815 0.055625 
0.042250 0.091800 0.055386 
0.043250 0.091778 0.055026 
0.048500 0.092230 0.050954 
0.049250 0.091513 0.050714 
0.048250 0.092910 0.050595 
0.048250 0.091565 0.051553 
0.038500 0.080289 0.059807 
0.038750 0.080990 0.059927 
0.038750 0.082373 0.059929 
0.038750 0.083740 0.059691 
0.038500 0.084432 0.059692 
0.000500 0.035210 0.079282 
0.002000 0.035197 0.079162 
0.000750 0.035928 0.079521 
0.001750 0.035914 0.079401 
0.003000 0.035197 0.079162 
0.004000 0.035183 0.079042 
0.002750 0.035914 0.079401 
0.004250 0.035887 0.079161 
0.000750 0.037308 0.079517 
0.001750 0.037308 0.079517 
0.000500 0.037999 0.079516 
0.002000 0.037985 0.079396 
0.002750 0.037295 0.079397 
0.004250 0.037295 0.079397 
0.003000 0.037985 0.079396 
0.004000 0.037972 0.079275 
0.005250 0.035860 0.078920 
0.005250 0.037282 0.079277 
0.005500 0.037959 0.079155 
0.006250 0.038623 0.078914 
0.000500 0.039353 0.079272 
0.001500 0.039353 0.079272 
0.000500 0.040695 0.078908 
0.002000 0.040695 0.078908 
0.003000 0.039327 0.079032 
0.004000 0.039327 0.079032 
0.005500 0.039313 0.078912 
0.000500 0.077606 0.078866 
0.000500 0.079026 0.079705 
0.000000 0.079063 0.080184 
0.002000 0.080365 0.079464 
0.002250 0.081069 0.079824 
0.000500 0.080454 0.080663 
0.001500 0.080409 0.080064 
0.000750 0.081149 0.080903 
0.001750 0.081096 0.080183 
0.003000 0.081704 0.079224 
0.001750 0.082503 0.080902 
0.002250 0.083849 0.080782 
0.003250 0.082374 0.079104 
0.003250 0.083773 0.079703 
0.002750 0.083815 0.080302 
0.002000 0.084552 0.081141 
0.003500 0.084443 0.079583 
0.003750 0.085113 0.079463 
0.004000 0.085807 0.079703 
0.002750 0.085196 0.080661 
0.003000 0.085873 0.080661 
0.003750 0.086526 0.080302 
0.000750 0.082547 0.081501 
0.001250 0.082529 0.081262 
0.000500 0.083258 0.081980 
0.001750 0.083883 0.081261 
0.001000 0.084619 0.082100 
0.001500 0.084586 0.081620 
0.001000 0.085988 0.082339 
0.001500 0.085964 0.081979 
0.000250 0.085329 0.082579 
0.000500 0.086005 0.082579 
0.004500 0.087172 0.079822 
0.004750 0.087850 0.079822 
0.003000 0.087260 0.081140 
0.004000 0.087204 0.080301 
0.003500 0.088615 0.081139 
0.004000 0.088591 0.080780 
0.004750 0.090574 0.079941 
0.003500 0.089969 0.081139 
0.004250 0.089253 0.080540 
0.003250 0.090651 0.081139 
0.004250 0.090605 0.080420 
0.002000 0.087317 0.081979 
0.002000 0.088670 0.081978 
0.000500 0.087373 0.082817 
0.000500 0.088733 0.082937 
0.001250 0.088025 0.082458 
0.002500 0.087285 0.081500 
0.003000 0.088630 0.081379 
0.001750 0.089362 0.082217 
0.001000 0.091394 0.082097 
0.001750 0.090697 0.081858 
0.000750 0.089393 0.082697 
0.001250 0.089378 0.082457 
0.000250 0.090751 0.082696 
0.002750 0.089315 0.081499 
0.002750 0.090666 0.081378 
0.005000 0.087139 0.079343 
0.005500 0.088472 0.078983 
0.005250 0.089190 0.079582 
0.005250 0.090528 0.079222 
0.001750 0.093373 0.081018 
0.004750 0.091926 0.079701 
0.004250 0.093299 0.079820 
0.003250 0.092000 0.080899 
0.004250 0.091955 0.080180 
0.002750 0.093351 0.080659 
0.003750 0.093321 0.080179 
0.002250 0.096032 0.079819 
0.000750 0.094737 0.081017 
0.001750 0.094716 0.080658 
0.000500 0.095413 0.080897 
0.002000 0.095384 0.080418 
0.004250 0.094637 0.079341 
0.003000 0.095349 0.079819 
0.004000 0.095313 0.079221 
0.003000 0.094019 0.080419 
0.002500 0.095363 0.080059 
0.000750 0.092068 0.081977 
0.001750 0.092038 0.081498 
0.000250 0.093410 0.081617 
0.001500 0.092713 0.081377 
0.000000 0.091424 0.082576 
0.000500 0.094070 0.081257 
0.005250 0.091903 0.079342 
0.005250 0.093255 0.079102 
0.005000 0.093939 0.079101 
0.002000 0.096701 0.079580 
0.001000 0.098067 0.079579 
0.001500 0.098040 0.079100 
0.000500 0.096743 0.080298 
0.000500 0.098095 0.080058 
0.003000 0.096666 0.078981 
0.001000 0.099408 0.079099 
0.001500 0.099394 0.078860 
0.000750 0.100137 0.079938 
0.001750 0.100078 0.078860 
0.000500 0.099467 0.080177 
0.000250 0.100157 0.080297 
0.000750 0.101471 0.079338 
0.001250 0.101458 0.079099 
0.000250 0.102832 0.079218 
0.000000 0.103503 0.078978 
-0.043000 0.110597 0.053597 
-0.042250 0.111313 0.053956 
-0.042500 0.112033 0.054435 
-0.050000 0.148442 0.040930 
-0.049000 0.148482 0.042454 
-0.048250 0.147775 0.042709 
-0.048500 0.148496 0.042962 
-0.047500 0.147064 0.042837 
-0.047000 0.147095 0.043980 
-0.045750 0.146378 0.043854 
-0.047750 0.147799 0.043598 
-0.046500 0.147109 0.044488 
-0.047250 0.147819 0.044359 
-0.046000 0.147141 0.045630 
-0.047000 0.148573 0.045881 
-0.046250 0.147867 0.046137 
-0.045500 0.147169 0.046646 
-0.045750 0.147891 0.047025 
-0.045250 0.146435 0.045885 
-0.045000 0.147183 0.047154 
-0.043500 0.145781 0.047918 
-0.045500 0.148633 0.048167 
-0.044500 0.147207 0.048042 
-0.043750 0.146501 0.048291 
-0.044750 0.147926 0.048528 
-0.043500 0.147234 0.049967 
-0.044500 0.148650 0.049605 
-0.042250 0.145095 0.049372 
-0.042500 0.145814 0.049969 
-0.043750 0.147947 0.050205 
-0.043500 0.148679 0.052001 
-0.041750 0.145110 0.050450 
-0.042000 0.145831 0.051167 
-0.041500 0.145839 0.051766 
-0.042250 0.146535 0.050807 
-0.042500 0.147259 0.051884 
-0.042000 0.147278 0.053321 
-0.041250 0.146569 0.053323 
-0.042750 0.147977 0.052601 
-0.041000 0.147295 0.054639 
-0.042250 0.147992 0.053799 
-0.041750 0.147999 0.054398 
-0.042500 0.140308 0.059442 
-0.042750 0.141015 0.059561 
-0.042500 0.141719 0.059560 
-0.041250 0.148011 0.055357 
-0.041500 0.144541 0.059675 
-0.041250 0.145238 0.059195 
-0.042500 0.110885 0.060181 
-0.042000 0.111042 0.063772 
-0.041500 0.111053 0.064012 
-0.041500 0.112440 0.064012 
-0.042750 0.114496 0.063414 
-0.041000 0.111089 0.064850 
-0.041250 0.111772 0.064610 
-0.040750 0.111885 0.067244 
-0.040500 0.111189 0.067124 
-0.040250 0.111911 0.067843 
-0.040000 0.111278 0.069159 
-0.042000 0.114018 0.068681 
-0.041750 0.113338 0.068920 
-0.045500 0.120856 0.066766 
-0.046000 0.122220 0.066167 
-0.045250 0.120148 0.066287 
-0.046500 0.123573 0.065210 
-0.046250 0.124282 0.065449 
-0.045750 0.122927 0.066646 
-0.045750 0.124320 0.066645 
-0.045500 0.122267 0.067603 
-0.045250 0.121580 0.067723 
-0.045000 0.120902 0.068082 
-0.045000 0.122287 0.068202 
-0.045500 0.123642 0.067364 
-0.045250 0.122970 0.067962 
-0.045250 0.124346 0.067483 
-0.044750 0.122994 0.068680 
-0.044750 0.124376 0.068440 
-0.046250 0.125682 0.065327 
-0.046250 0.127082 0.065206 
-0.045750 0.125711 0.066285 
-0.046000 0.126398 0.065805 
-0.046000 0.127790 0.065444 
-0.045500 0.129210 0.066041 
-0.045500 0.125032 0.067004 
-0.045500 0.126433 0.067002 
-0.045250 0.125747 0.067482 
-0.045250 0.127145 0.067360 
-0.044750 0.125776 0.068439 
-0.044500 0.126483 0.068678 
-0.044000 0.126483 0.068678 
-0.045500 0.127831 0.066881 
-0.045000 0.127855 0.067719 
-0.045000 0.129246 0.067358 
-0.044500 0.127879 0.068557 
-0.044000 0.127890 0.068916 
-0.044500 0.129266 0.068076 
-0.044000 0.129286 0.068795 
-0.041000 0.112683 0.069758 
-0.039500 0.111304 0.069758 
-0.039250 0.110614 0.069758 
-0.040500 0.112683 0.069758 
-0.039000 0.111377 0.071434 
-0.041250 0.113388 0.070117 
-0.040750 0.113413 0.070716 
-0.038500 0.111430 0.072631 
-0.040000 0.112785 0.072152 
-0.039250 0.112102 0.072272 
-0.038750 0.112169 0.073828 
-0.042250 0.114888 0.073109 
-0.043750 0.117579 0.071553 
-0.044500 0.119602 0.070356 
-0.044000 0.118237 0.070715 
-0.044250 0.118926 0.070715 
-0.043250 0.116235 0.072391 
-0.043500 0.116914 0.072152 
-0.043250 0.117629 0.072870 
-0.043500 0.118286 0.072032 
-0.044000 0.119649 0.071672 
-0.043500 0.119696 0.072989 
-0.042500 0.115585 0.073349 
-0.043000 0.116946 0.072989 
-0.038250 0.112210 0.074786 
-0.041250 0.114966 0.075025 
-0.040750 0.115009 0.076102 
-0.040250 0.113563 0.074307 
-0.039750 0.113613 0.075504 
-0.039250 0.113643 0.076222 
-0.040000 0.114333 0.076342 
-0.040250 0.115053 0.077179 
-0.038750 0.113708 0.077778 
-0.039750 0.115087 0.078017 
-0.039000 0.114422 0.078496 
-0.043250 0.119048 0.074066 
-0.042250 0.116319 0.074546 
-0.042500 0.117006 0.074545 
-0.041500 0.115676 0.075623 
-0.042000 0.117066 0.076101 
-0.043000 0.118379 0.074545 
-0.043000 0.119761 0.074784 
-0.042500 0.118424 0.075742 
-0.042500 0.119799 0.075861 
-0.041000 0.115718 0.076700 
-0.041500 0.117098 0.076939 
-0.040750 0.116446 0.077777 
-0.041000 0.117140 0.078016 
-0.040500 0.115747 0.077418 
-0.040000 0.115785 0.078376 
-0.042000 0.118472 0.077059 
-0.041750 0.117788 0.077059 
-0.042000 0.119851 0.077298 
-0.041750 0.119175 0.077537 
-0.041000 0.118530 0.078615 
-0.041250 0.119201 0.078255 
-0.044750 0.120274 0.069877 
-0.044750 0.121641 0.069518 
-0.044500 0.120989 0.070595 
-0.044250 0.121694 0.071074 
-0.044000 0.122383 0.071074 
-0.044250 0.123048 0.070356 
-0.044250 0.124410 0.069517 
-0.044000 0.123738 0.070356 
-0.043750 0.123084 0.071433 
-0.043750 0.124455 0.070954 
-0.043750 0.120354 0.072151 
-0.043750 0.121718 0.071792 
-0.043250 0.120409 0.073707 
-0.043250 0.121755 0.072869 
-0.043250 0.123095 0.071792 
-0.043750 0.125834 0.070354 
-0.043500 0.129309 0.069633 
-0.043500 0.126611 0.072986 
-0.043750 0.127291 0.072387 
-0.043250 0.128697 0.072745 
-0.043500 0.128003 0.072866 
-0.043000 0.129420 0.073702 
-0.043250 0.124587 0.075142 
-0.043000 0.121125 0.074545 
-0.042750 0.121828 0.075023 
-0.042500 0.121171 0.075861 
-0.042750 0.123240 0.076220 
-0.042750 0.124613 0.075980 
-0.042250 0.120510 0.076579 
-0.042250 0.121889 0.076818 
-0.041250 0.120582 0.078614 
-0.041750 0.121921 0.077776 
-0.042250 0.123275 0.077297 
-0.042500 0.123952 0.077057 
-0.041500 0.122626 0.078374 
-0.041500 0.123994 0.078373 
-0.043500 0.125253 0.074184 
-0.043000 0.126658 0.074542 
-0.042500 0.125320 0.076338 
-0.042500 0.126700 0.075979 
-0.042500 0.128057 0.074781 
-0.042500 0.129443 0.074540 
-0.042250 0.127399 0.076098 
-0.042000 0.129480 0.075857 
-0.042000 0.125353 0.077415 
-0.041750 0.126052 0.077535 
-0.042000 0.126732 0.077056 
-0.041500 0.125379 0.078253 
-0.041000 0.126775 0.078492 
-0.042000 0.128109 0.076576 
-0.041500 0.128129 0.077294 
-0.041500 0.129499 0.076575 
-0.041000 0.128157 0.078252 
-0.040750 0.128858 0.078491 
-0.040500 0.129559 0.078730 
-0.045750 0.129853 0.063886 
-0.044750 0.131301 0.065560 
-0.045000 0.130609 0.065920 
-0.044750 0.129947 0.067358 
-0.044250 0.131341 0.067117 
-0.044250 0.129972 0.068315 
-0.043750 0.129982 0.068674 
-0.043750 0.131391 0.069032 
-0.044250 0.132787 0.068911 
-0.044000 0.132090 0.069031 
-0.043250 0.136923 0.066033 
-0.043000 0.136217 0.065794 
-0.043000 0.137635 0.066511 
-0.042500 0.137662 0.067828 
-0.042500 0.139051 0.067228 
-0.042000 0.137684 0.068906 
-0.042250 0.138367 0.068067 
-0.041500 0.139084 0.068905 
-0.042250 0.141021 0.059920 
-0.042250 0.142428 0.059798 
-0.042000 0.143137 0.060037 
-0.041250 0.143853 0.060755 
-0.041250 0.142461 0.061715 
-0.041500 0.143158 0.061354 
-0.040750 0.143887 0.062911 
-0.040500 0.143176 0.062432 
-0.040250 0.143896 0.063510 
-0.041000 0.144544 0.059915 
-0.041000 0.145976 0.061470 
-0.040750 0.148093 0.061947 
-0.040750 0.145296 0.063148 
-0.040500 0.146001 0.063267 
-0.040500 0.144601 0.063629 
-0.040250 0.145307 0.063867 
-0.040750 0.146702 0.063147 
-0.040250 0.146715 0.064105 
-0.040250 0.148115 0.063744 
-0.039750 0.143945 0.066624 
-0.042250 0.139756 0.067467 
-0.042000 0.140459 0.067586 
-0.041750 0.141157 0.067466 
-0.041250 0.139786 0.069024 
-0.040750 0.141180 0.068783 
-0.041500 0.141851 0.067106 
-0.040000 0.143258 0.067464 
-0.040250 0.142574 0.068422 
-0.039500 0.143280 0.068781 
-0.038750 0.143983 0.069020 
-0.040000 0.144623 0.065066 
-0.039500 0.144646 0.066624 
-0.040000 0.146036 0.065783 
-0.040000 0.147425 0.064704 
-0.039750 0.148128 0.064823 
-0.039250 0.148134 0.065302 
-0.039750 0.146739 0.065902 
-0.039000 0.144664 0.067821 
-0.038750 0.145365 0.067821 
-0.038500 0.144675 0.068540 
-0.039250 0.146754 0.066981 
-0.043500 0.130710 0.069751 
-0.043250 0.131453 0.071426 
-0.043750 0.132817 0.070108 
-0.043750 0.134209 0.069867 
-0.043500 0.132142 0.071067 
-0.043500 0.133527 0.070587 
-0.043000 0.130745 0.071068 
-0.042750 0.131490 0.072863 
-0.042750 0.132882 0.072742 
-0.042750 0.134262 0.072142 
-0.042250 0.132902 0.073580 
-0.042250 0.134285 0.073100 
-0.041750 0.134305 0.073938 
-0.043500 0.134913 0.070106 
-0.042500 0.136317 0.070345 
-0.043000 0.134941 0.071304 
-0.042750 0.135637 0.071183 
-0.041500 0.137714 0.070343 
-0.041250 0.138394 0.069385 
-0.041750 0.137033 0.071182 
-0.040750 0.138432 0.071301 
-0.040000 0.139133 0.071420 
-0.042500 0.134963 0.072262 
-0.042000 0.136351 0.071901 
-0.041500 0.136364 0.072500 
-0.042000 0.134985 0.073220 
-0.041500 0.134999 0.073818 
-0.041000 0.136382 0.073338 
-0.040500 0.136393 0.073817 
-0.041250 0.137049 0.071901 
-0.040500 0.137752 0.072140 
-0.039750 0.138457 0.072498 
-0.040250 0.137079 0.073338 
-0.038750 0.138483 0.073816 
-0.042250 0.130153 0.075019 
-0.042250 0.131533 0.074539 
-0.041750 0.130182 0.076096 
-0.042000 0.130859 0.075377 
-0.041750 0.131561 0.075616 
-0.042000 0.132235 0.074778 
-0.041750 0.132935 0.074897 
-0.041500 0.133625 0.074657 
-0.041250 0.132950 0.075496 
-0.041000 0.133646 0.075495 
-0.040250 0.134356 0.076094 
-0.041250 0.130208 0.077054 
-0.041250 0.131582 0.076454 
-0.040750 0.130227 0.077772 
-0.040250 0.131626 0.078130 
-0.041000 0.132281 0.076574 
-0.040250 0.132994 0.077292 
-0.040000 0.133683 0.077052 
-0.039250 0.134389 0.077530 
-0.040000 0.132323 0.078250 
-0.039250 0.133026 0.078609 
-0.039500 0.133700 0.077770 
-0.039000 0.133712 0.078249 
-0.041000 0.135015 0.074537 
-0.040750 0.135709 0.074416 
-0.040500 0.135029 0.075135 
-0.040000 0.136408 0.074536 
-0.040000 0.135046 0.075854 
-0.039750 0.135733 0.075494 
-0.039000 0.136435 0.075733 
-0.039750 0.137097 0.074176 
-0.039000 0.137799 0.074415 
-0.038250 0.138503 0.074774 
-0.038750 0.137123 0.075373 
-0.039500 0.135062 0.076572 
-0.039000 0.135079 0.077290 
-0.038750 0.135766 0.076931 
-0.038500 0.135090 0.077769 
-0.040750 0.139797 0.069623 
-0.039750 0.141206 0.070220 
-0.040250 0.139818 0.070701 
-0.039500 0.140527 0.071299 
-0.039250 0.141219 0.070939 
-0.039500 0.141899 0.069861 
-0.039250 0.142594 0.069620 
-0.039000 0.143291 0.069500 
-0.039000 0.141914 0.070699 
-0.039250 0.139840 0.071898 
-0.038750 0.141236 0.071897 
-0.038750 0.139859 0.072857 
-0.038500 0.140556 0.072856 
-0.038500 0.141932 0.071777 
-0.038250 0.144008 0.070577 
-0.038500 0.146163 0.074769 
-0.038750 0.146862 0.075008 
-0.038250 0.146880 0.076326 
-0.038750 0.148262 0.075606 
-0.038250 0.148280 0.077044 
-0.037750 0.110747 0.072751 
-0.038000 0.111471 0.073589 
-0.037500 0.111513 0.074546 
-0.036750 0.110805 0.074068 
-0.036250 0.110864 0.075385 
-0.037750 0.112241 0.075504 
-0.035750 0.110890 0.075983 
-0.036000 0.111608 0.076701 
-0.037250 0.112282 0.076462 
-0.036750 0.112313 0.077180 
-0.036250 0.112355 0.078138 
-0.034750 0.110938 0.077061 
-0.035000 0.111660 0.077898 
-0.033750 0.110986 0.078138 
-0.035750 0.112375 0.078616 
-0.038000 0.113003 0.077299 
-0.037500 0.113034 0.078018 
-0.033250 0.111007 0.078617 
-0.038000 0.139197 0.074653 
-0.038000 0.137826 0.075732 
-0.037750 0.138522 0.075732 
-0.038000 0.136466 0.077170 
-0.038000 0.135106 0.078488 
-0.037750 0.135793 0.078128 
-0.037000 0.136495 0.078487 
-0.037750 0.137156 0.076930 
-0.037250 0.138544 0.076810 
-0.037250 0.137171 0.077649 
-0.036750 0.137187 0.078367 
-0.036750 0.138573 0.078247 
-0.037750 0.141260 0.073215 
-0.037750 0.142646 0.072735 
-0.038000 0.143336 0.072255 
-0.038000 0.141951 0.072855 
-0.037750 0.144040 0.072614 
-0.037750 0.139891 0.074533 
-0.037500 0.139223 0.075971 
-0.037500 0.143383 0.075130 
-0.037500 0.142005 0.075969 
-0.037000 0.142005 0.075969 
-0.037250 0.139939 0.077048 
-0.037500 0.140627 0.076689 
-0.036500 0.140643 0.077527 
-0.036750 0.139957 0.078006 
-0.037250 0.144077 0.075010 
-0.037500 0.144781 0.075488 
-0.037000 0.144790 0.076087 
-0.037750 0.145482 0.075847 
-0.037250 0.145498 0.076926 
-0.036750 0.145505 0.077405 
-0.037000 0.146211 0.078243 
-0.037750 0.146886 0.076805 
-0.038000 0.147585 0.077044 
-0.037250 0.146908 0.078362 
-0.037750 0.148287 0.077643 
-0.000250 0.145466 0.074769 
-0.000500 0.146171 0.075368 
-0.000250 0.146859 0.074768 
-0.000250 0.148249 0.074528 
-0.000750 0.146872 0.075727 
-0.001250 0.148269 0.076205 
-0.000750 0.148261 0.075486 
-0.001750 0.148295 0.078242 
-0.057500 0.162809 0.040902 
-0.057750 0.163537 0.041027 
-0.057750 0.164988 0.041024 
-0.058000 0.165710 0.040768 
-0.052750 0.150584 0.040799 
-0.053250 0.152024 0.041178 
-0.053000 0.152742 0.041303 
-0.052750 0.152039 0.041812 
-0.050750 0.149150 0.040675 
-0.052250 0.150591 0.041053 
-0.050500 0.149904 0.042197 
-0.051750 0.150613 0.041942 
-0.051250 0.150625 0.042450 
-0.049750 0.149187 0.042072 
-0.052500 0.151321 0.041687 
-0.052250 0.153465 0.041683 
-0.052250 0.152057 0.042574 
-0.052000 0.152771 0.042573 
-0.051250 0.153491 0.042825 
-0.050750 0.150647 0.043338 
-0.049500 0.149937 0.043467 
-0.048750 0.149226 0.043595 
-0.048250 0.149252 0.044611 
-0.049750 0.150688 0.044989 
-0.051750 0.152069 0.043082 
-0.051250 0.152084 0.043717 
-0.051500 0.152786 0.043208 
-0.051000 0.152800 0.043842 
-0.050750 0.152102 0.044478 
-0.050500 0.152818 0.044604 
-0.050000 0.152827 0.044985 
-0.052000 0.154172 0.041301 
-0.051750 0.154881 0.041046 
-0.051250 0.154892 0.041553 
-0.051000 0.154197 0.042443 
-0.050750 0.154906 0.042188 
-0.051750 0.156304 0.040662 
-0.051250 0.156322 0.041551 
-0.050750 0.156337 0.042312 
-0.050000 0.154219 0.043459 
-0.049750 0.154933 0.043457 
-0.049000 0.154244 0.044601 
-0.048500 0.154256 0.045109 
-0.048750 0.154960 0.044727 
-0.049250 0.150707 0.045750 
-0.048500 0.149991 0.045625 
-0.048250 0.150738 0.047020 
-0.049500 0.151423 0.045876 
-0.049500 0.152839 0.045492 
-0.048500 0.152856 0.046254 
-0.048500 0.151453 0.047145 
-0.048000 0.152868 0.046762 
-0.048000 0.154267 0.045617 
-0.049500 0.155724 0.047137 
-0.051000 0.157130 0.046246 
-0.051750 0.157832 0.045737 
-0.051250 0.157847 0.046498 
-0.050250 0.156430 0.046882 
-0.050750 0.157859 0.047133 
-0.049750 0.156446 0.047644 
-0.050000 0.157158 0.047642 
-0.049000 0.155743 0.048026 
-0.048500 0.155747 0.048512 
-0.048000 0.155750 0.048992 
-0.049250 0.156454 0.048024 
-0.048750 0.156459 0.048631 
-0.049750 0.157879 0.048148 
-0.048250 0.156462 0.049110 
-0.048250 0.157884 0.049347 
-0.047250 0.149302 0.046515 
-0.046750 0.149321 0.047277 
-0.047500 0.150040 0.047529 
-0.047750 0.152177 0.047652 
-0.047500 0.152877 0.047143 
-0.046250 0.149346 0.048285 
-0.047250 0.150769 0.048402 
-0.046500 0.150062 0.048763 
-0.046250 0.150779 0.049361 
-0.045250 0.149361 0.049603 
-0.047500 0.151478 0.048161 
-0.046250 0.152195 0.048759 
-0.046000 0.152900 0.048158 
-0.046000 0.151491 0.049479 
-0.044750 0.152203 0.049718 
-0.044500 0.152913 0.049596 
-0.047500 0.154278 0.046124 
-0.046750 0.153592 0.047268 
-0.046250 0.153597 0.047522 
-0.045750 0.153614 0.048397 
-0.047750 0.155039 0.048873 
-0.046500 0.154334 0.049713 
-0.047250 0.155044 0.049592 
-0.045250 0.153619 0.049116 
-0.047250 0.156467 0.050069 
-0.047250 0.157888 0.050066 
-0.056750 0.162091 0.041411 
-0.055500 0.161386 0.042682 
-0.056500 0.162828 0.042171 
-0.055750 0.162113 0.042807 
-0.054000 0.159959 0.043955 
-0.053250 0.159249 0.044718 
-0.053500 0.159970 0.044590 
-0.055000 0.161399 0.043444 
-0.055250 0.162121 0.043315 
-0.054500 0.161409 0.044078 
-0.054500 0.162853 0.043821 
-0.054000 0.161415 0.044459 
-0.053500 0.161422 0.044840 
-0.054250 0.162135 0.044204 
-0.053250 0.162145 0.044838 
-0.052500 0.158535 0.045228 
-0.052500 0.162872 0.045090 
-0.057250 0.163544 0.041535 
-0.057250 0.164993 0.041405 
-0.056750 0.163551 0.042043 
-0.055750 0.163562 0.042804 
-0.056750 0.164998 0.041785 
-0.055750 0.165005 0.042293 
-0.054750 0.165013 0.042927 
-0.056750 0.166441 0.041147 
-0.055750 0.166447 0.041655 
-0.056500 0.167163 0.040892 
-0.055500 0.167169 0.041399 
-0.055500 0.165728 0.042164 
-0.054250 0.166456 0.042416 
-0.053250 0.166462 0.042924 
-0.054000 0.167177 0.042034 
-0.053000 0.167182 0.042542 
-0.055250 0.163568 0.043185 
-0.054250 0.163577 0.043819 
-0.053750 0.163581 0.044073 
-0.054250 0.165017 0.043181 
-0.053250 0.165023 0.043689 
-0.053250 0.163586 0.044454 
-0.053000 0.164308 0.044325 
-0.053000 0.165744 0.043433 
-0.052000 0.167185 0.042795 
-0.052250 0.163596 0.045088 
-0.051750 0.165035 0.044577 
-0.050750 0.165042 0.045085 
-0.051750 0.166470 0.043559 
-0.050750 0.166475 0.043939 
-0.051000 0.167188 0.043049 
-0.051500 0.165756 0.044322 
-0.050500 0.165760 0.044702 
-0.049750 0.166476 0.044066 
-0.049500 0.167190 0.043176 
-0.048500 0.167191 0.043303 
-0.049500 0.165764 0.044956 
-0.048500 0.165765 0.045083 
-0.052750 0.159261 0.045353 
-0.052750 0.160709 0.045476 
-0.052000 0.158550 0.045989 
-0.052000 0.159999 0.046240 
-0.050750 0.159295 0.047257 
-0.051500 0.160006 0.046620 
-0.051000 0.160013 0.047001 
-0.052000 0.161440 0.045982 
-0.051750 0.162163 0.045980 
-0.051000 0.162888 0.046106 
-0.050500 0.161457 0.046997 
-0.050750 0.162173 0.046615 
-0.050000 0.161463 0.047378 
-0.049500 0.162903 0.047121 
-0.048500 0.162911 0.047628 
-0.050250 0.159304 0.047764 
-0.049500 0.158591 0.048387 
-0.048750 0.159314 0.048864 
-0.049500 0.160033 0.048143 
-0.048500 0.160035 0.048863 
-0.048250 0.159315 0.049224 
-0.048000 0.160036 0.049222 
-0.049500 0.161469 0.047759 
-0.048500 0.161476 0.048380 
-0.048250 0.162197 0.048258 
-0.050750 0.163610 0.046104 
-0.050500 0.164328 0.045721 
-0.049750 0.165049 0.045593 
-0.048250 0.165054 0.045973 
-0.049250 0.163621 0.046865 
-0.048250 0.163629 0.047373 
-0.048500 0.164340 0.046610 
-0.045000 0.167182 0.042542 
-0.045750 0.166476 0.044066 
-0.047000 0.167191 0.043303 
-0.046000 0.167190 0.043176 
-0.047500 0.165767 0.045210 
-0.046000 0.165767 0.045210 
-0.044750 0.166475 0.043939 
-0.043750 0.166468 0.043432 
-0.045000 0.165767 0.045210 
-0.043500 0.165760 0.044702 
-0.041750 0.165035 0.044577 
-0.043000 0.165757 0.044449 
-0.047250 0.159317 0.049824 
-0.047500 0.160036 0.049462 
-0.047000 0.162918 0.048376 
-0.046000 0.162918 0.048616 
-0.047000 0.161477 0.049219 
-0.046000 0.161478 0.049699 
-0.045750 0.162198 0.049217 
-0.045000 0.162918 0.048736 
-0.044000 0.162918 0.048856 
-0.045000 0.161478 0.050058 
-0.044750 0.162198 0.049577 
-0.043750 0.162198 0.049577 
-0.042500 0.162918 0.048856 
-0.042250 0.162198 0.049817 
-0.041250 0.162198 0.049817 
-0.040000 0.162918 0.048736 
-0.039000 0.162918 0.048136 
-0.039750 0.162198 0.049697 
-0.038750 0.162198 0.049457 
-0.047250 0.165056 0.046100 
-0.046250 0.165056 0.046100 
-0.047250 0.163632 0.047627 
-0.047000 0.164345 0.046990 
-0.046000 0.164345 0.046990 
-0.044750 0.165056 0.046100 
-0.043750 0.165056 0.046100 
-0.045000 0.164347 0.047117 
-0.043500 0.164347 0.047117 
-0.046750 0.163636 0.047881 
-0.045750 0.163638 0.048007 
-0.044750 0.163638 0.048007 
-0.043750 0.163640 0.048134 
-0.042750 0.165052 0.045846 
-0.041000 0.164333 0.046102 
-0.040750 0.163632 0.047627 
-0.042500 0.164347 0.047117 
-0.041500 0.164345 0.046990 
-0.039750 0.163605 0.045723 
-0.040250 0.163627 0.047246 
-0.042250 0.163640 0.048134 
-0.041250 0.163634 0.047754 
-0.044750 0.149370 0.050442 
-0.044750 0.150795 0.050919 
-0.044250 0.149384 0.051640 
-0.043750 0.149390 0.052239 
-0.044500 0.150090 0.051399 
-0.043750 0.150805 0.051877 
-0.044500 0.151502 0.050678 
-0.043750 0.152212 0.050676 
-0.043500 0.152926 0.051154 
-0.043250 0.149397 0.052838 
-0.043500 0.150103 0.052598 
-0.042500 0.151517 0.052235 
-0.042250 0.150816 0.052956 
-0.041750 0.150822 0.053555 
-0.042250 0.149415 0.054396 
-0.042000 0.150124 0.054515 
-0.042250 0.152233 0.052953 
-0.043000 0.152940 0.052832 
-0.041750 0.152246 0.054391 
-0.042500 0.152948 0.053791 
-0.046000 0.154339 0.050313 
-0.047000 0.155758 0.050190 
-0.046250 0.155050 0.050551 
-0.045500 0.155766 0.051509 
-0.044750 0.153633 0.050913 
-0.044500 0.154350 0.051871 
-0.044000 0.154354 0.052350 
-0.044750 0.155060 0.051989 
-0.046750 0.156469 0.050429 
-0.046250 0.156471 0.050788 
-0.046750 0.157889 0.050426 
-0.046250 0.157891 0.050786 
-0.045750 0.156475 0.051388 
-0.045500 0.157184 0.051386 
-0.044750 0.156478 0.051987 
-0.044750 0.157896 0.051865 
-0.043750 0.157899 0.052464 
-0.043500 0.154360 0.053189 
-0.043750 0.155066 0.052828 
-0.043750 0.156483 0.052826 
-0.043250 0.157900 0.052704 
-0.043000 0.154363 0.053549 
-0.043000 0.155778 0.053427 
-0.042500 0.154365 0.053908 
-0.042250 0.155075 0.054147 
-0.041500 0.155786 0.054625 
-0.042750 0.156487 0.053545 
-0.042250 0.157902 0.053303 
-0.041250 0.157904 0.053663 
-0.042250 0.156489 0.053905 
-0.041250 0.156493 0.054504 
-0.042000 0.157197 0.053784 
-0.041000 0.157200 0.054383 
-0.040250 0.157907 0.054262 
-0.038750 0.157909 0.054742 
-0.041250 0.149434 0.056074 
-0.041500 0.150139 0.055953 
-0.040750 0.149443 0.056912 
-0.041250 0.150851 0.056431 
-0.040250 0.149446 0.057152 
-0.041500 0.151554 0.056070 
-0.041500 0.152961 0.055349 
-0.041000 0.151560 0.056669 
-0.040500 0.151565 0.057269 
-0.040000 0.152976 0.057027 
-0.040250 0.150863 0.057629 
-0.040000 0.151569 0.057628 
-0.039250 0.152278 0.057987 
-0.039500 0.152980 0.057506 
-0.039000 0.152984 0.057986 
-0.041000 0.154378 0.055586 
-0.041250 0.155081 0.055106 
-0.040500 0.154380 0.055946 
-0.040250 0.155086 0.055825 
-0.040000 0.154384 0.056425 
-0.039750 0.155090 0.056304 
-0.039250 0.155092 0.056664 
-0.039750 0.156498 0.055463 
-0.039250 0.156500 0.055823 
-0.039500 0.157203 0.055102 
-0.039000 0.157205 0.055462 
-0.038250 0.156503 0.056422 
-0.038500 0.154396 0.058103 
-0.038250 0.155098 0.057503 
-0.038250 0.153694 0.058584 
-0.047000 0.158598 0.050185 
-0.046000 0.158601 0.050784 
-0.046000 0.160039 0.050421 
-0.045250 0.159321 0.051142 
-0.045000 0.160040 0.050901 
-0.044500 0.158604 0.051743 
-0.043750 0.159324 0.051862 
-0.043500 0.160042 0.051500 
-0.045750 0.160758 0.050180 
-0.044750 0.160759 0.050659 
-0.043500 0.161479 0.050418 
-0.042750 0.159326 0.052341 
-0.042500 0.160043 0.051860 
-0.041500 0.160043 0.051980 
-0.040000 0.160044 0.052220 
-0.039000 0.160044 0.052220 
-0.042500 0.161479 0.050538 
-0.041000 0.161479 0.050538 
-0.041250 0.160761 0.051379 
-0.040000 0.161479 0.050538 
-0.039000 0.161479 0.050538 
-0.040250 0.160761 0.051499 
-0.038750 0.160761 0.051499 
-0.042500 0.158609 0.052822 
-0.041500 0.158610 0.053182 
-0.040250 0.159328 0.052941 
-0.038750 0.159328 0.053180 
-0.039500 0.158613 0.053781 
-0.039000 0.158613 0.053901 
-0.055750 0.167889 0.040890 
-0.054000 0.168615 0.040888 
-0.053000 0.168616 0.041015 
-0.053250 0.167900 0.041905 
-0.052000 0.168618 0.041142 
-0.051000 0.168618 0.041142 
-0.051750 0.167903 0.042159 
-0.050750 0.167903 0.042159 
-0.049500 0.168618 0.041142 
-0.048500 0.168619 0.041269 
-0.049750 0.167904 0.042286 
-0.048250 0.167904 0.042286 
-0.047500 0.168618 0.041142 
-0.047250 0.167904 0.042286 
-0.046250 0.167900 0.041905 
-0.039750 0.149497 0.061705 
-0.040000 0.148806 0.062785 
-0.039000 0.148810 0.063144 
-0.039500 0.148822 0.064103 
-0.039250 0.149565 0.067697 
-0.039500 0.150262 0.067456 
-0.039250 0.150965 0.067695 
-0.039000 0.150277 0.068774 
-0.038750 0.152362 0.067214 
-0.038500 0.151676 0.068773 
-0.038250 0.152375 0.068653 
-0.038750 0.149643 0.074647 
-0.038500 0.148964 0.076085 
-0.022750 0.157871 0.047768 
-0.022250 0.157882 0.048868 
-0.021750 0.157884 0.049347 
-0.021250 0.157886 0.049827 
-0.037500 0.161478 0.049818 
-0.021750 0.162083 0.040904 
-0.021000 0.162824 0.041917 
-0.021750 0.160694 0.044588 
-0.021500 0.161399 0.043444 
-0.020750 0.162129 0.043823 
-0.020000 0.162847 0.043440 
-0.021000 0.161422 0.044840 
-0.019750 0.162147 0.044965 
-0.020750 0.163537 0.041027 
-0.020000 0.164264 0.041152 
-0.019250 0.164983 0.040643 
-0.019750 0.163561 0.042677 
-0.019250 0.163568 0.043185 
-0.022000 0.159986 0.045478 
-0.021750 0.159298 0.047384 
-0.021250 0.160711 0.045603 
-0.021000 0.160011 0.046874 
-0.020750 0.160722 0.046238 
-0.020000 0.161438 0.045855 
-0.019750 0.160739 0.047253 
-0.022000 0.158590 0.048147 
-0.020750 0.159312 0.048385 
-0.020250 0.159313 0.048745 
-0.019500 0.160033 0.048383 
-0.020500 0.158595 0.049466 
-0.020000 0.158597 0.049825 
-0.038000 0.155801 0.057022 
-0.037250 0.157911 0.055221 
-0.036250 0.157912 0.055341 
-0.037750 0.156505 0.056662 
-0.036750 0.156507 0.057021 
-0.036500 0.157209 0.056301 
-0.035250 0.157913 0.055581 
-0.034250 0.157914 0.055820 
-0.035750 0.156508 0.057261 
-0.035000 0.157211 0.056661 
-0.034000 0.157212 0.056780 
-0.038000 0.154397 0.058223 
-0.037750 0.155101 0.057982 
-0.036500 0.155807 0.057981 
-0.037500 0.154401 0.058822 
-0.036500 0.154402 0.058942 
-0.036250 0.155108 0.059061 
-0.035500 0.155809 0.058341 
-0.034500 0.155808 0.058221 
-0.035250 0.155107 0.058941 
-0.034000 0.155811 0.058700 
-0.035250 0.156509 0.057381 
-0.034250 0.156510 0.057501 
-0.032750 0.157914 0.055820 
-0.032250 0.157912 0.055461 
-0.032750 0.156507 0.057021 
-0.032250 0.156507 0.057021 
-0.033000 0.157211 0.056661 
-0.032000 0.157209 0.056181 
-0.033250 0.156510 0.057501 
-0.020750 0.157888 0.050186 
-0.019750 0.157891 0.050786 
-0.019500 0.157184 0.051386 
-0.037500 0.160044 0.052220 
-0.036500 0.160043 0.051980 
-0.035500 0.160042 0.051500 
-0.038000 0.161479 0.050298 
-0.036750 0.160760 0.050899 
-0.037750 0.159329 0.053300 
-0.036250 0.159329 0.053300 
-0.037500 0.158614 0.054141 
-0.036500 0.158615 0.054381 
-0.035250 0.159328 0.053180 
-0.035000 0.158615 0.054381 
-0.034000 0.158615 0.054381 
-0.010250 0.157820 0.045102 
-0.010250 0.156405 0.045613 
-0.011250 0.157845 0.046371 
-0.010750 0.157832 0.045737 
-0.011250 0.156428 0.046755 
-0.011750 0.157862 0.047260 
-0.012250 0.157879 0.048148 
-0.013250 0.156465 0.049590 
-0.012750 0.156463 0.049230 
-0.013750 0.157885 0.049587 
-0.013000 0.157174 0.049468 
-0.011750 0.156457 0.048271 
-0.009500 0.157115 0.045484 
-0.018500 0.162868 0.044836 
-0.017500 0.162870 0.044963 
-0.016000 0.162870 0.044963 
-0.015000 0.162867 0.044709 
-0.009750 0.160640 0.041415 
-0.009750 0.159217 0.042941 
-0.010000 0.159933 0.042432 
-0.012000 0.162840 0.042933 
-0.010000 0.161362 0.041159 
-0.010250 0.162085 0.041031 
-0.011000 0.161391 0.042936 
-0.010500 0.161376 0.042048 
-0.011500 0.162830 0.042298 
-0.010750 0.162099 0.041919 
-0.012250 0.160705 0.045222 
-0.010250 0.159228 0.043576 
-0.011250 0.160685 0.044080 
-0.010500 0.159950 0.043447 
-0.010500 0.158528 0.044847 
-0.011000 0.159968 0.044463 
-0.013500 0.162857 0.044075 
-0.012500 0.162845 0.043313 
-0.012500 0.161420 0.044713 
-0.013750 0.162147 0.044965 
-0.012750 0.162135 0.044204 
-0.011500 0.161403 0.043698 
-0.011750 0.162121 0.043315 
-0.018750 0.164988 0.041024 
-0.018500 0.164283 0.042548 
-0.017250 0.165001 0.042039 
-0.014500 0.164289 0.042929 
-0.016250 0.165007 0.042420 
-0.014750 0.165005 0.042293 
-0.017000 0.165714 0.041022 
-0.016000 0.165718 0.041403 
-0.015000 0.165720 0.041530 
-0.018750 0.163572 0.043439 
-0.017250 0.163581 0.044073 
-0.016750 0.163583 0.044200 
-0.016250 0.163581 0.044073 
-0.014750 0.163577 0.043819 
-0.012000 0.164268 0.041406 
-0.012250 0.164990 0.041151 
-0.013500 0.164283 0.042548 
-0.012250 0.163557 0.042423 
-0.013750 0.165001 0.042039 
-0.011250 0.163542 0.041408 
-0.010750 0.163531 0.040646 
-0.011750 0.164985 0.040770 
-0.011750 0.163549 0.041916 
-0.013500 0.165717 0.041276 
-0.012500 0.165712 0.040895 
-0.013750 0.163572 0.043439 
-0.014500 0.160024 0.047636 
-0.019000 0.161449 0.046490 
-0.018250 0.162161 0.045853 
-0.017250 0.162161 0.045853 
-0.018500 0.161453 0.046744 
-0.017500 0.161455 0.046871 
-0.015000 0.161447 0.046363 
-0.016250 0.162163 0.045980 
-0.015250 0.162157 0.045600 
-0.016000 0.161453 0.046744 
-0.014750 0.160735 0.046999 
-0.018500 0.160034 0.048503 
-0.017500 0.160034 0.048623 
-0.018750 0.159316 0.049464 
-0.017250 0.159316 0.049464 
-0.014750 0.159313 0.048625 
-0.016000 0.160033 0.048383 
-0.015000 0.160031 0.048016 
-0.016250 0.159315 0.049344 
-0.015000 0.158595 0.049466 
-0.018250 0.160748 0.047761 
-0.017250 0.160750 0.047888 
-0.012500 0.159999 0.046240 
-0.013250 0.159302 0.047637 
-0.012750 0.159293 0.047130 
-0.013500 0.160015 0.047128 
-0.013000 0.160006 0.046620 
-0.011250 0.159265 0.045607 
-0.014000 0.161438 0.045855 
-0.014250 0.160731 0.046746 
-0.013750 0.159309 0.048018 
-0.013000 0.158590 0.048147 
-0.014000 0.158593 0.048986 
-0.009250 0.160636 0.041161 
-0.009500 0.159926 0.042051 
-0.009500 0.161353 0.040652 
-0.009500 0.158502 0.043451 
-0.018750 0.157891 0.050905 
-0.017250 0.157892 0.051025 
-0.018500 0.157185 0.051506 
-0.017000 0.157185 0.051626 
-0.016250 0.157890 0.050666 
-0.015250 0.157890 0.050546 
-0.016500 0.157185 0.051506 
-0.014000 0.157178 0.050188 
-0.018500 0.158599 0.050305 
-0.017500 0.158599 0.050305 
-0.037500 0.153061 0.067094 
-0.038000 0.151683 0.069492 
-0.037750 0.152388 0.070091 
-0.037000 0.153085 0.069970 
-0.036500 0.153100 0.071648 
-0.035250 0.153810 0.073206 
-0.030500 0.155903 0.073324 
-0.029500 0.155905 0.073683 
-0.037750 0.151046 0.075604 
-0.036000 0.153121 0.074165 
-0.037000 0.151748 0.076323 
-0.036750 0.152436 0.075484 
-0.035500 0.153129 0.075123 
-0.038000 0.148979 0.077403 
-0.037500 0.150369 0.077402 
-0.037500 0.148989 0.078241 
-0.036750 0.151075 0.078480 
-0.036250 0.152445 0.076442 
-0.036500 0.151762 0.077761 
-0.035000 0.153149 0.077401 
-0.035750 0.152457 0.077761 
-0.034500 0.153153 0.077880 
-0.033500 0.154518 0.074643 
-0.034250 0.153832 0.075962 
-0.033750 0.153839 0.076801 
-0.033000 0.154519 0.074763 
-0.031250 0.155214 0.074643 
-0.032000 0.154529 0.076201 
-0.030750 0.155214 0.074523 
-0.029000 0.155912 0.074762 
-0.030250 0.155223 0.075961 
-0.031500 0.154538 0.077400 
-0.032750 0.153852 0.078479 
-0.031000 0.154538 0.077400 
-0.029250 0.155231 0.077040 
-0.030500 0.154544 0.078239 
-0.026750 0.156598 0.072964 
-0.025750 0.156602 0.073683 
-0.028000 0.155913 0.075002 
-0.027500 0.155918 0.075841 
-0.026500 0.155918 0.075721 
-0.025250 0.156607 0.074522 
-0.024750 0.156606 0.074402 
-0.027750 0.155238 0.078119 
-0.027250 0.155240 0.078358 
-0.025500 0.155923 0.076560 
-0.024500 0.155924 0.076680 
-0.026250 0.155242 0.078718 
-0.023250 0.156613 0.075601 
-0.022250 0.156615 0.075960 
-0.020750 0.156613 0.075601 
-0.019750 0.156612 0.075481 
-0.023500 0.155927 0.077279 
-0.022000 0.155929 0.077519 
-0.019500 0.155928 0.077399 
-0.021000 0.155933 0.078118 
-0.020000 0.155932 0.077998 
-0.002250 0.153777 0.069011 
-0.014750 0.156600 0.073323 
-0.010500 0.155888 0.070927 
-0.012250 0.156587 0.071046 
-0.012000 0.155906 0.073803 
-0.011500 0.155895 0.072125 
-0.010000 0.155894 0.071885 
-0.013750 0.156599 0.073203 
-0.014500 0.155920 0.076081 
-0.017250 0.156609 0.074882 
-0.018750 0.156613 0.075601 
-0.017750 0.156613 0.075601 
-0.016250 0.156607 0.074642 
-0.018500 0.155928 0.077399 
-0.017500 0.155926 0.077040 
-0.016000 0.155926 0.077040 
-0.015000 0.155923 0.076560 
-0.016250 0.155241 0.078598 
-0.014750 0.155241 0.078478 
-0.012500 0.155912 0.074882 
-0.013500 0.155918 0.075841 
-0.010250 0.155218 0.075122 
-0.011250 0.155223 0.075961 
-0.010750 0.155221 0.075602 
-0.013250 0.155232 0.077280 
-0.012250 0.155231 0.077040 
-0.013750 0.155236 0.077759 
-0.011000 0.154539 0.077520 
-0.010000 0.154537 0.077280 
-0.011750 0.155227 0.076441 
-0.001500 0.153087 0.070210 
-0.001000 0.153081 0.069491 
-0.000500 0.151699 0.071170 
-0.002000 0.153097 0.071288 
-0.000250 0.151005 0.071650 
-0.000250 0.149628 0.073328 
-0.001250 0.151029 0.073927 
-0.000500 0.150324 0.073208 
-0.003000 0.153112 0.073086 
-0.001000 0.151709 0.072248 
-0.001750 0.152408 0.072368 
-0.001500 0.151718 0.073207 
-0.002250 0.152419 0.073566 
-0.009500 0.155885 0.070447 
-0.005000 0.154487 0.070448 
-0.007250 0.155196 0.071886 
-0.008750 0.155208 0.073684 
-0.007750 0.155203 0.072965 
-0.005500 0.154503 0.072606 
-0.006750 0.155194 0.071646 
-0.006500 0.154506 0.072965 
-0.002750 0.153784 0.069850 
-0.004500 0.154493 0.071287 
-0.003750 0.153801 0.072007 
-0.003250 0.153801 0.072007 
-0.004250 0.153811 0.073325 
-0.005000 0.153135 0.075843 
-0.007500 0.153158 0.078479 
-0.006500 0.153150 0.077520 
-0.005500 0.153141 0.076562 
-0.007000 0.153154 0.078000 
-0.005250 0.152459 0.078000 
-0.000750 0.149642 0.074527 
-0.001750 0.151037 0.074765 
-0.001000 0.150336 0.074286 
-0.001250 0.149654 0.075605 
-0.001000 0.148959 0.075725 
-0.001500 0.150346 0.075245 
-0.004000 0.153124 0.074524 
-0.002750 0.152427 0.074405 
-0.003000 0.151744 0.075843 
-0.004500 0.153131 0.075363 
-0.002000 0.151729 0.074286 
-0.002500 0.150364 0.076923 
-0.003750 0.151075 0.078480 
-0.003000 0.150375 0.078001 
-0.001750 0.149666 0.076683 
-0.002000 0.150359 0.076443 
-0.002000 0.148985 0.077882 
-0.003500 0.151752 0.076682 
-0.004750 0.152451 0.077161 
-0.004500 0.151769 0.078480 
-0.008500 0.154522 0.075123 
-0.007500 0.154514 0.074164 
-0.009000 0.154525 0.075602 
-0.008000 0.154523 0.075362 
-0.007000 0.154514 0.074164 
-0.005250 0.153820 0.074404 
-0.006750 0.153832 0.075962 
-0.009500 0.154534 0.076801 
-0.007750 0.153841 0.077160 
-0.009250 0.153851 0.078359 
-0.008250 0.153847 0.077880 
-0.004750 0.153817 0.074044 
-0.038500 0.114452 0.079214 
-0.038250 0.115183 0.080411 
-0.039500 0.115823 0.079334 
-0.040000 0.117199 0.079572 
-0.038500 0.115876 0.080650 
-0.039500 0.117222 0.080171 
-0.039000 0.117250 0.080889 
-0.040000 0.118570 0.079692 
-0.040250 0.119245 0.079452 
-0.039500 0.118602 0.080530 
-0.039250 0.117923 0.080650 
-0.039750 0.119284 0.080529 
-0.038500 0.117273 0.081488 
-0.038750 0.117951 0.081368 
-0.039500 0.119993 0.081247 
-0.038750 0.119341 0.082085 
-0.038250 0.119367 0.082803 
-0.040750 0.120612 0.079452 
-0.041250 0.121958 0.078853 
-0.040250 0.120645 0.080409 
-0.040250 0.122015 0.080528 
-0.041250 0.123329 0.078972 
-0.041000 0.124021 0.079211 
-0.040500 0.124044 0.079929 
-0.040250 0.123380 0.080528 
-0.040000 0.124070 0.080767 
-0.039750 0.120675 0.081247 
-0.039250 0.120696 0.081845 
-0.039750 0.122043 0.081366 
-0.039250 0.122064 0.081964 
-0.038750 0.120721 0.082563 
-0.038750 0.122092 0.082802 
-0.039500 0.122737 0.081725 
-0.039250 0.123427 0.081964 
-0.039500 0.124093 0.081485 
-0.039000 0.124116 0.082203 
-0.038500 0.122785 0.083161 
-0.038500 0.124136 0.082801 
-0.041000 0.125397 0.078851 
-0.040750 0.126099 0.079091 
-0.040500 0.125431 0.079929 
-0.040500 0.126803 0.079449 
-0.040000 0.125445 0.080407 
-0.040000 0.126828 0.080287 
-0.040750 0.127480 0.078851 
-0.040250 0.127504 0.079688 
-0.040250 0.128881 0.079329 
-0.039750 0.127525 0.080407 
-0.039250 0.127543 0.081005 
-0.039750 0.128901 0.080047 
-0.039250 0.128918 0.080645 
-0.039500 0.125475 0.081365 
-0.039000 0.125493 0.081963 
-0.039000 0.126871 0.081723 
-0.038500 0.125512 0.082562 
-0.038500 0.126892 0.082442 
-0.038750 0.127567 0.081843 
-0.038750 0.128942 0.081483 
-0.038250 0.127588 0.082561 
-0.039750 0.130275 0.079568 
-0.039750 0.131650 0.079088 
-0.039250 0.131666 0.079687 
-0.038750 0.130308 0.080765 
-0.038750 0.131681 0.080285 
-0.039500 0.132341 0.078968 
-0.039000 0.132359 0.079686 
-0.038500 0.133729 0.078967 
-0.038500 0.132375 0.080285 
-0.038250 0.130320 0.081243 
-0.034000 0.111707 0.078976 
-0.035250 0.112401 0.079215 
-0.033500 0.111723 0.079335 
-0.033750 0.112442 0.080173 
-0.037750 0.113758 0.078975 
-0.036500 0.113100 0.079574 
-0.038000 0.114476 0.079813 
-0.036250 0.113828 0.080651 
-0.037500 0.114511 0.080651 
-0.037000 0.114530 0.081130 
-0.035000 0.113145 0.080651 
-0.034500 0.113161 0.081010 
-0.037250 0.115232 0.081608 
-0.036500 0.114550 0.081608 
-0.036250 0.115275 0.082685 
-0.035250 0.113868 0.081609 
-0.034250 0.113888 0.082088 
-0.033750 0.113908 0.082566 
-0.035000 0.114599 0.082805 
-0.034000 0.114624 0.083404 
-0.032750 0.111023 0.078976 
-0.031750 0.111045 0.079455 
-0.033000 0.111733 0.079574 
-0.032750 0.112468 0.080771 
-0.031500 0.111770 0.080412 
-0.030750 0.111066 0.079934 
-0.030250 0.111076 0.080173 
-0.029250 0.111098 0.080652 
-0.030500 0.111786 0.080771 
-0.031250 0.112499 0.081490 
-0.030250 0.112509 0.081729 
-0.029250 0.112530 0.082208 
-0.028750 0.112540 0.082447 
-0.033000 0.113196 0.081848 
-0.032000 0.113217 0.082327 
-0.032750 0.113928 0.083045 
-0.031750 0.113938 0.083284 
-0.030500 0.113237 0.082806 
-0.029500 0.113247 0.083045 
-0.037500 0.115928 0.081967 
-0.038000 0.117292 0.081966 
-0.036500 0.115966 0.082925 
-0.037500 0.117315 0.082565 
-0.036750 0.116657 0.083164 
-0.037500 0.118704 0.083282 
-0.037750 0.119385 0.083282 
-0.033500 0.114634 0.083643 
-0.033000 0.114643 0.083883 
-0.031500 0.114658 0.084242 
-0.030250 0.113958 0.083763 
-0.029250 0.113978 0.084242 
-0.030500 0.114673 0.084601 
-0.030000 0.114683 0.084840 
-0.029000 0.114703 0.085319 
-0.036000 0.117379 0.084241 
-0.035000 0.116014 0.084122 
-0.034500 0.116028 0.084481 
-0.035250 0.116704 0.084361 
-0.033500 0.116047 0.084959 
-0.035000 0.117411 0.085078 
-0.033750 0.116746 0.085438 
-0.036250 0.118064 0.084360 
-0.037250 0.119411 0.084000 
-0.036750 0.119429 0.084479 
-0.036000 0.118762 0.084838 
-0.036250 0.119446 0.084958 
-0.035250 0.118100 0.085317 
-0.035250 0.119477 0.085795 
-0.033500 0.117453 0.086156 
-0.033750 0.118141 0.086395 
-0.034750 0.119494 0.086274 
-0.034250 0.119512 0.086753 
-0.033250 0.115348 0.084481 
-0.033000 0.116062 0.085318 
-0.032000 0.116081 0.085797 
-0.033250 0.116760 0.085797 
-0.030750 0.115387 0.085438 
-0.031500 0.116090 0.086037 
-0.033000 0.117462 0.086395 
-0.031750 0.116788 0.086515 
-0.031500 0.117494 0.087233 
-0.030500 0.116109 0.086515 
-0.029500 0.116124 0.086874 
-0.030750 0.116807 0.086994 
-0.029000 0.116138 0.087234 
-0.030500 0.117513 0.087712 
-0.029250 0.116835 0.087712 
-0.033250 0.118155 0.086754 
-0.032500 0.118864 0.087591 
-0.031750 0.118191 0.087711 
-0.032750 0.119551 0.087830 
-0.031750 0.119564 0.088289 
-0.030750 0.118200 0.087951 
-0.028250 0.111119 0.081131 
-0.027750 0.111135 0.081490 
-0.026750 0.111156 0.081969 
-0.028000 0.111838 0.081969 
-0.027000 0.111848 0.082208 
-0.028250 0.112551 0.082687 
-0.026750 0.112576 0.083285 
-0.025750 0.111172 0.082328 
-0.025250 0.111188 0.082687 
-0.024250 0.111199 0.082927 
-0.025500 0.111890 0.083166 
-0.025000 0.111901 0.083405 
-0.028500 0.113257 0.083285 
-0.023250 0.111215 0.083286 
-0.022250 0.111220 0.083406 
-0.021250 0.111225 0.083525 
-0.020000 0.110539 0.083406 
-0.025750 0.112597 0.083764 
-0.024750 0.112618 0.084243 
-0.028250 0.113988 0.084482 
-0.027000 0.113288 0.084003 
-0.026750 0.114013 0.085080 
-0.028000 0.114698 0.085199 
-0.027000 0.114727 0.085918 
-0.026000 0.113313 0.084602 
-0.025750 0.114028 0.085439 
-0.024500 0.113333 0.085080 
-0.026500 0.114732 0.086037 
-0.025500 0.114752 0.086516 
-0.023500 0.111927 0.084004 
-0.022000 0.111922 0.083884 
-0.020750 0.111231 0.083645 
-0.019750 0.111246 0.084004 
-0.021500 0.111922 0.083884 
-0.028250 0.115430 0.086516 
-0.027250 0.115445 0.086875 
-0.028000 0.116147 0.087473 
-0.027000 0.116170 0.088065 
-0.028250 0.116851 0.088178 
-0.026250 0.115474 0.087593 
-0.038000 0.121432 0.083401 
-0.038000 0.125530 0.083160 
-0.038000 0.126917 0.083279 
-0.038000 0.129647 0.081962 
-0.037750 0.127609 0.083279 
-0.037750 0.128972 0.082561 
-0.037250 0.120780 0.084239 
-0.037000 0.120109 0.084479 
-0.037750 0.122129 0.083879 
-0.037000 0.121477 0.084717 
-0.036250 0.120818 0.085316 
-0.036500 0.121494 0.085196 
-0.035750 0.120835 0.085795 
-0.037500 0.122825 0.084358 
-0.037500 0.124189 0.084477 
-0.037250 0.123521 0.084836 
-0.036500 0.122865 0.085554 
-0.036500 0.124227 0.085673 
-0.035250 0.120852 0.086273 
-0.034500 0.120190 0.086753 
-0.035250 0.122222 0.086632 
-0.034500 0.121560 0.087111 
-0.033750 0.120898 0.087590 
-0.034000 0.121576 0.087590 
-0.036000 0.122881 0.086033 
-0.035500 0.122897 0.086512 
-0.035500 0.124258 0.086631 
-0.034750 0.123603 0.087349 
-0.034000 0.122944 0.087948 
-0.034000 0.124300 0.087947 
-0.033000 0.120233 0.087949 
-0.037500 0.125564 0.084237 
-0.037500 0.126931 0.083758 
-0.037000 0.126953 0.084476 
-0.036500 0.125600 0.085434 
-0.036500 0.126971 0.085075 
-0.037250 0.127630 0.083997 
-0.036750 0.127644 0.084476 
-0.036750 0.129012 0.083997 
-0.036250 0.127665 0.085194 
-0.035750 0.127679 0.085673 
-0.035250 0.129059 0.085673 
-0.035500 0.125634 0.086511 
-0.035250 0.126324 0.086511 
-0.034500 0.127031 0.087109 
-0.034750 0.124966 0.087229 
-0.034000 0.125671 0.087708 
-0.033750 0.126363 0.087827 
-0.035250 0.127693 0.086152 
-0.034250 0.127717 0.086989 
-0.034750 0.129073 0.086152 
-0.034250 0.129083 0.086511 
-0.033750 0.127731 0.087468 
-0.033000 0.127060 0.088174 
-0.033250 0.127742 0.087827 
-0.032750 0.129116 0.087708 
-0.031750 0.129128 0.088287 
-0.031250 0.119570 0.088516 
-0.030500 0.118890 0.088403 
-0.029250 0.118218 0.088630 
-0.030250 0.119579 0.088856 
-0.029250 0.119590 0.089309 
-0.025000 0.114888 0.090443 
-0.024500 0.114926 0.091688 
-0.024000 0.114961 0.092820 
-0.023500 0.113540 0.090557 
-0.022250 0.112871 0.090783 
-0.021750 0.112913 0.092028 
-0.019250 0.111560 0.091916 
-0.021000 0.112207 0.091123 
-0.020500 0.112250 0.092368 
-0.023000 0.113577 0.091689 
-0.022500 0.113613 0.092820 
-0.023250 0.114284 0.092707 
-0.021250 0.112943 0.092934 
-0.026500 0.116190 0.088744 
-0.028000 0.117547 0.088857 
-0.027250 0.116867 0.088744 
-0.026750 0.116906 0.090103 
-0.025750 0.115547 0.089877 
-0.028250 0.118237 0.089309 
-0.028500 0.118916 0.089422 
-0.027750 0.118249 0.089762 
-0.027250 0.118270 0.090555 
-0.028250 0.119605 0.089875 
-0.026500 0.117626 0.091687 
-0.025250 0.115591 0.091348 
-0.026250 0.116942 0.091348 
-0.024750 0.115625 0.092480 
-0.025750 0.116967 0.092254 
-0.026750 0.118298 0.091574 
-0.027250 0.119634 0.091007 
-0.026750 0.119663 0.092140 
-0.026250 0.118323 0.092480 
-0.026250 0.119683 0.092932 
-0.019500 0.112300 0.093839 
-0.022000 0.113635 0.093499 
-0.023500 0.114979 0.093386 
-0.022250 0.114330 0.094179 
-0.022000 0.115039 0.095311 
-0.020750 0.112969 0.093726 
-0.021000 0.113672 0.094631 
-0.019750 0.113007 0.094858 
-0.021250 0.114366 0.095311 
-0.019500 0.113716 0.095990 
-0.021000 0.115067 0.096216 
-0.019750 0.114406 0.096556 
-0.019500 0.115102 0.097348 
-0.024500 0.116333 0.093612 
-0.025250 0.116993 0.093159 
-0.024750 0.117010 0.093726 
-0.024250 0.117029 0.094405 
-0.025250 0.118359 0.093838 
-0.025750 0.119700 0.093612 
-0.024250 0.118393 0.095084 
-0.024750 0.119732 0.094857 
-0.024000 0.119080 0.095650 
-0.023750 0.115670 0.093952 
-0.023250 0.115687 0.094518 
-0.023750 0.117049 0.095084 
-0.021750 0.115738 0.096216 
-0.023250 0.117065 0.095650 
-0.022250 0.117091 0.096556 
-0.021750 0.117107 0.097122 
-0.021250 0.115752 0.096669 
-0.020750 0.115762 0.097009 
-0.019750 0.115786 0.097801 
-0.021250 0.117117 0.097462 
-0.023250 0.118421 0.096103 
-0.022500 0.117765 0.096669 
-0.023500 0.119092 0.096103 
-0.022250 0.118455 0.097349 
-0.022750 0.119793 0.097236 
-0.022250 0.119804 0.097689 
-0.021500 0.117793 0.097688 
-0.032750 0.120922 0.088402 
-0.031750 0.120933 0.088855 
-0.032750 0.122282 0.088628 
-0.031500 0.121618 0.089194 
-0.030500 0.120261 0.089082 
-0.029500 0.120270 0.089422 
-0.030500 0.121626 0.089534 
-0.029250 0.120955 0.089761 
-0.030250 0.122307 0.089760 
-0.029000 0.121639 0.090100 
-0.033000 0.122959 0.088627 
-0.032000 0.122971 0.089194 
-0.032500 0.124316 0.088740 
-0.032000 0.124323 0.089080 
-0.031000 0.124332 0.089533 
-0.030500 0.122984 0.089760 
-0.029500 0.122994 0.090213 
-0.030500 0.124337 0.089759 
-0.029500 0.124348 0.090326 
-0.032500 0.125693 0.088740 
-0.031500 0.125702 0.089193 
-0.032750 0.126377 0.088513 
-0.031750 0.126388 0.089080 
-0.031000 0.125708 0.089533 
-0.031000 0.127082 0.089419 
-0.030500 0.125712 0.089759 
-0.029500 0.125723 0.090326 
-0.030250 0.126402 0.089873 
-0.029250 0.126413 0.090439 
-0.031750 0.127759 0.088740 
-0.031250 0.129136 0.088740 
-0.030750 0.127770 0.089419 
-0.030750 0.129139 0.088966 
-0.029750 0.129148 0.089533 
-0.030250 0.127774 0.089646 
-0.029250 0.127784 0.090212 
-0.030000 0.128462 0.089646 
-0.029250 0.129154 0.089873 
-0.028000 0.120295 0.090441 
-0.028500 0.121647 0.090440 
-0.028500 0.123004 0.090666 
-0.027750 0.120982 0.090894 
-0.027250 0.120998 0.091573 
-0.028000 0.121657 0.090893 
-0.027250 0.122351 0.091686 
-0.026750 0.121017 0.092366 
-0.026500 0.121702 0.092819 
-0.026250 0.121034 0.093045 
-0.026250 0.122381 0.093045 
-0.028000 0.123013 0.091119 
-0.028000 0.124364 0.091119 
-0.027000 0.124380 0.091912 
-0.026500 0.123048 0.092705 
-0.026500 0.124389 0.092365 
-0.026000 0.124401 0.092932 
-0.028500 0.127104 0.090665 
-0.028250 0.127792 0.090665 
-0.028250 0.129161 0.090325 
-0.028000 0.125738 0.091119 
-0.027000 0.125751 0.091798 
-0.027750 0.126427 0.091232 
-0.027250 0.126432 0.091458 
-0.026500 0.125760 0.092252 
-0.026000 0.125768 0.092705 
-0.025750 0.126455 0.092704 
-0.027750 0.127798 0.091005 
-0.026750 0.127809 0.091685 
-0.027500 0.128485 0.091005 
-0.026750 0.129177 0.091345 
-0.026250 0.127813 0.091911 
-0.026250 0.129183 0.091685 
-0.025750 0.127821 0.092364 
-0.025750 0.129190 0.092138 
-0.024750 0.129203 0.092931 
-0.025750 0.121053 0.093838 
-0.025500 0.121729 0.093951 
-0.025250 0.121066 0.094404 
-0.024500 0.120413 0.095197 
-0.024500 0.121760 0.095310 
-0.025500 0.123070 0.093725 
-0.025500 0.124410 0.093385 
-0.025000 0.124421 0.093951 
-0.024500 0.123097 0.094971 
-0.024500 0.124433 0.094517 
-0.024000 0.120430 0.095877 
-0.024000 0.121771 0.095763 
-0.023500 0.120441 0.096330 
-0.023500 0.121784 0.096330 
-0.023000 0.120461 0.097122 
-0.022500 0.120469 0.097462 
-0.023000 0.121800 0.097009 
-0.022500 0.121810 0.097462 
-0.023500 0.123122 0.096103 
-0.023000 0.124465 0.096103 
-0.022000 0.123156 0.097689 
-0.022000 0.124490 0.097350 
-0.021500 0.124501 0.097916 
-0.025250 0.125098 0.093498 
-0.024750 0.125107 0.093951 
-0.025250 0.126463 0.093158 
-0.024750 0.126471 0.093611 
-0.024250 0.125120 0.094631 
-0.024250 0.127844 0.093724 
-0.024250 0.129206 0.093157 
-0.023500 0.125818 0.095310 
-0.023250 0.126503 0.095310 
-0.023750 0.127854 0.094290 
-0.023250 0.129221 0.094063 
-0.023250 0.127862 0.094743 
-0.023000 0.128545 0.094630 
-0.022250 0.129237 0.095082 
-0.023250 0.125142 0.095763 
-0.022500 0.125837 0.096330 
-0.022750 0.126511 0.095763 
-0.022250 0.126523 0.096443 
-0.021750 0.125176 0.097462 
-0.021750 0.126532 0.096896 
-0.021000 0.125865 0.097802 
-0.021250 0.126538 0.097236 
-0.020000 0.127231 0.097802 
-0.021750 0.127885 0.096102 
-0.021250 0.127893 0.096555 
-0.020750 0.129255 0.096215 
-0.020250 0.129261 0.096555 
-0.020750 0.127901 0.097008 
-0.019750 0.127913 0.097688 
-0.020500 0.128581 0.096782 
-0.019750 0.129266 0.096895 
-0.018500 0.110566 0.084004 
-0.018000 0.110837 0.090558 
-0.017500 0.110861 0.091237 
-0.018750 0.111587 0.092708 
-0.015500 0.110873 0.091576 
-0.016000 0.110917 0.092821 
-0.015000 0.110925 0.093047 
-0.010000 0.110925 0.093047 
-0.018250 0.111623 0.093726 
-0.017250 0.111627 0.093839 
-0.019000 0.112315 0.094292 
-0.018500 0.112327 0.094632 
-0.017500 0.112354 0.095424 
-0.016250 0.111650 0.094518 
-0.014750 0.111670 0.095084 
-0.018750 0.113030 0.095537 
-0.017000 0.112361 0.095650 
-0.016000 0.112365 0.095763 
-0.015000 0.112377 0.096103 
-0.019000 0.113727 0.096329 
-0.017250 0.113056 0.096329 
-0.018000 0.113742 0.096782 
-0.017000 0.113757 0.097235 
-0.018750 0.114431 0.097348 
-0.017250 0.114445 0.097801 
-0.016000 0.113764 0.097461 
-0.015000 0.113771 0.097687 
-0.014000 0.110949 0.093726 
-0.012500 0.110941 0.093500 
-0.013750 0.111666 0.094971 
-0.012750 0.111670 0.095084 
-0.011500 0.110929 0.093161 
-0.010250 0.111630 0.093952 
-0.011750 0.111654 0.094632 
-0.010000 0.112346 0.095197 
-0.013500 0.112385 0.096329 
-0.012500 0.112377 0.096103 
-0.011500 0.112373 0.095990 
-0.013500 0.113771 0.097687 
-0.012500 0.113771 0.097687 
-0.010250 0.113056 0.096329 
-0.011500 0.113768 0.097574 
-0.010500 0.113757 0.097235 
-0.010250 0.114442 0.097688 
-0.008500 0.110917 0.092821 
-0.007500 0.110909 0.092595 
-0.006000 0.110877 0.091689 
-0.005500 0.110865 0.091350 
-0.006250 0.111583 0.092594 
-0.005750 0.111575 0.092368 
-0.006000 0.112269 0.092934 
-0.005500 0.112261 0.092707 
-0.005250 0.112947 0.093047 
-0.003000 0.110792 0.089313 
-0.004500 0.110824 0.090218 
-0.003500 0.110808 0.089766 
-0.000250 0.111453 0.088860 
-0.001750 0.111504 0.090331 
-0.000750 0.111481 0.089652 
-0.000500 0.112192 0.090670 
-0.004250 0.111540 0.091350 
-0.003250 0.111528 0.091010 
-0.002500 0.112234 0.091915 
-0.004500 0.112246 0.092255 
-0.003000 0.112238 0.092028 
-0.001500 0.112215 0.091349 
-0.000750 0.112883 0.091123 
-0.004250 0.112947 0.093047 
-0.002750 0.112943 0.092934 
-0.001750 0.112928 0.092481 
-0.000500 0.113610 0.092707 
-0.008750 0.111623 0.093726 
-0.007750 0.111607 0.093273 
-0.009000 0.112311 0.094179 
-0.008000 0.112300 0.093839 
-0.009500 0.112319 0.094405 
-0.006500 0.112281 0.093273 
-0.007500 0.113654 0.094066 
-0.008750 0.112999 0.094632 
-0.008000 0.113665 0.094405 
-0.007250 0.114338 0.094405 
-0.006500 0.113639 0.093613 
-0.005500 0.113643 0.093726 
-0.006250 0.114330 0.094179 
-0.005250 0.114334 0.094292 
-0.006500 0.115025 0.094858 
-0.005500 0.115025 0.094858 
-0.009000 0.113731 0.096442 
-0.007750 0.114395 0.096216 
-0.009250 0.114427 0.097235 
-0.008000 0.115091 0.097008 
-0.004000 0.113646 0.093839 
-0.003000 0.113643 0.093726 
-0.002750 0.114334 0.094292 
-0.004000 0.115025 0.094858 
-0.003000 0.115021 0.094745 
-0.002000 0.113635 0.093499 
-0.001750 0.114327 0.094065 
-0.000500 0.115000 0.094065 
-0.002000 0.115018 0.094631 
-0.006750 0.115711 0.095311 
-0.005250 0.115711 0.095311 
-0.008750 0.115786 0.097801 
-0.007750 0.115769 0.097235 
-0.007750 0.117126 0.097801 
-0.006500 0.116396 0.095763 
-0.005000 0.116393 0.095650 
-0.006750 0.117081 0.096216 
-0.005250 0.117071 0.095877 
-0.007000 0.116429 0.096896 
-0.006250 0.118430 0.096443 
-0.005250 0.118424 0.096216 
-0.006250 0.119778 0.096669 
-0.005250 0.119770 0.096330 
-0.006750 0.118442 0.096896 
-0.006750 0.119802 0.097575 
-0.004250 0.115711 0.095311 
-0.002750 0.115700 0.094971 
-0.001750 0.115697 0.094858 
-0.000750 0.115690 0.094631 
-0.001750 0.117062 0.095537 
-0.000250 0.117049 0.095084 
-0.000500 0.117733 0.095537 
-0.004000 0.116393 0.095650 
-0.004250 0.117071 0.095877 
-0.003250 0.117071 0.095877 
-0.002250 0.117065 0.095650 
-0.004250 0.118424 0.096216 
-0.002750 0.118421 0.096103 
-0.004250 0.119773 0.096443 
-0.002750 0.119770 0.096330 
-0.001750 0.118418 0.095990 
-0.000750 0.118412 0.095763 
-0.001750 0.119761 0.095990 
-0.000750 0.119758 0.095877 
-0.018750 0.129275 0.097461 
-0.017750 0.129283 0.097914 
-0.006000 0.120450 0.096669 
-0.005500 0.120447 0.096556 
-0.006500 0.120461 0.097122 
-0.006500 0.121808 0.097349 
-0.005500 0.121797 0.096896 
-0.006250 0.122486 0.097689 
-0.005250 0.122478 0.097349 
-0.004000 0.120444 0.096443 
-0.003000 0.120444 0.096443 
-0.004000 0.121792 0.096670 
-0.003000 0.121789 0.096556 
-0.004250 0.122468 0.096896 
-0.002000 0.120441 0.096330 
-0.000500 0.120433 0.095990 
-0.001500 0.121784 0.096330 
-0.000500 0.121779 0.096103 
-0.002500 0.123134 0.096670 
-0.004000 0.123146 0.097236 
-0.003000 0.123136 0.096783 
-0.003750 0.123831 0.097916 
-0.003250 0.123822 0.097463 
-0.001500 0.123127 0.096330 
-0.000500 0.123122 0.096103 
-0.001500 0.124474 0.096556 
-0.000500 0.124463 0.095990 
-0.002000 0.124485 0.097123 
-0.000750 0.125151 0.096216 
-0.001750 0.125178 0.097576 
-0.001000 0.125855 0.097236 
-0.001250 0.126546 0.097689 
-0.000750 0.126540 0.097349 
-0.000750 0.127911 0.097575 
-0.000750 0.129273 0.097348 
-0.038000 0.133747 0.079686 
-0.037750 0.133077 0.080644 
-0.037500 0.133764 0.080404 
-0.037000 0.133778 0.081003 
-0.037750 0.130340 0.081962 
-0.037500 0.131029 0.081842 
-0.037250 0.130356 0.082560 
-0.036750 0.130382 0.083518 
-0.036250 0.131758 0.083278 
-0.037500 0.132399 0.081243 
-0.036500 0.132423 0.082200 
-0.036500 0.133790 0.081482 
-0.036000 0.132444 0.083039 
-0.035500 0.133810 0.082320 
-0.035250 0.133142 0.083278 
-0.035000 0.133822 0.082799 
-0.034500 0.133833 0.083278 
-0.037500 0.135115 0.078847 
-0.037000 0.135128 0.079446 
-0.036500 0.136508 0.079086 
-0.036500 0.135145 0.080164 
-0.035500 0.136537 0.080403 
-0.036250 0.137202 0.079086 
-0.036250 0.138595 0.079324 
-0.035250 0.137235 0.080642 
-0.035250 0.138621 0.080642 
-0.035000 0.135183 0.081841 
-0.034500 0.135192 0.082200 
-0.034750 0.135871 0.081601 
-0.034250 0.135881 0.082080 
-0.034750 0.134508 0.082559 
-0.034000 0.135203 0.082679 
-0.033750 0.135889 0.082439 
-0.034750 0.137250 0.081361 
-0.034250 0.137266 0.082079 
-0.034750 0.138636 0.081360 
-0.034250 0.138648 0.081959 
-0.033750 0.137276 0.082558 
-0.033750 0.138658 0.082438 
-0.033000 0.135219 0.083397 
-0.033000 0.136595 0.083038 
-0.032750 0.137291 0.083277 
-0.033250 0.138667 0.082917 
-0.036250 0.130398 0.084116 
-0.036000 0.131086 0.083996 
-0.035750 0.130411 0.084595 
-0.035250 0.131789 0.084475 
-0.035250 0.130424 0.085074 
-0.034250 0.130446 0.085912 
-0.035000 0.131111 0.084954 
-0.034250 0.131811 0.085313 
-0.035000 0.132474 0.084236 
-0.034250 0.133168 0.084355 
-0.034000 0.133848 0.083876 
-0.034000 0.132498 0.085193 
-0.033750 0.130459 0.086391 
-0.033500 0.131146 0.086271 
-0.033000 0.133868 0.084714 
-0.033000 0.132514 0.085792 
-0.032250 0.133204 0.085792 
-0.032500 0.133877 0.085074 
-0.032000 0.133885 0.085433 
-0.033250 0.130469 0.086750 
-0.033000 0.131155 0.086630 
-0.031750 0.131857 0.087109 
-0.032500 0.129802 0.087588 
-0.031750 0.130498 0.087827 
-0.031500 0.131184 0.087708 
-0.030750 0.131876 0.087827 
-0.032500 0.132523 0.086151 
-0.031500 0.132541 0.086870 
-0.030750 0.133227 0.086750 
-0.030500 0.133911 0.086510 
-0.030500 0.132556 0.087468 
-0.029500 0.132571 0.088174 
-0.030250 0.133239 0.087229 
-0.029000 0.133940 0.087708 
-0.032750 0.134545 0.084116 
-0.031500 0.135244 0.084475 
-0.031750 0.135922 0.083876 
-0.031250 0.134573 0.085313 
-0.030750 0.135935 0.084474 
-0.030500 0.135263 0.085313 
-0.030250 0.135946 0.084954 
-0.029250 0.135962 0.085672 
-0.032500 0.137990 0.083636 
-0.031750 0.137307 0.083995 
-0.031750 0.138694 0.084234 
-0.030750 0.137317 0.084474 
-0.030750 0.138704 0.084714 
-0.029250 0.137332 0.085193 
-0.030250 0.138708 0.084953 
-0.029250 0.138716 0.085312 
-0.030250 0.134593 0.086151 
-0.029000 0.135288 0.086390 
-0.028750 0.134618 0.087229 
-0.028500 0.133946 0.087947 
-0.028500 0.136655 0.085792 
-0.028250 0.137342 0.085672 
-0.028250 0.138725 0.085791 
-0.028500 0.135296 0.086750 
-0.027750 0.135983 0.086630 
-0.027000 0.136676 0.086750 
-0.028250 0.134627 0.087588 
-0.027000 0.135324 0.087947 
-0.026750 0.136002 0.087468 
-0.026000 0.136699 0.087827 
-0.026750 0.137365 0.086750 
-0.027750 0.138730 0.086031 
-0.027250 0.138738 0.086390 
-0.025750 0.137388 0.087827 
-0.025750 0.138771 0.088174 
-0.036000 0.139291 0.079444 
-0.036250 0.141394 0.080641 
-0.035750 0.139989 0.079683 
-0.035250 0.140014 0.081001 
-0.037000 0.143459 0.079801 
-0.036500 0.142085 0.080521 
-0.036500 0.143473 0.080640 
-0.034750 0.140030 0.081839 
-0.034500 0.139333 0.081600 
-0.035000 0.140727 0.082078 
-0.033750 0.140049 0.082797 
-0.034750 0.141428 0.082557 
-0.034000 0.140745 0.083036 
-0.036000 0.142101 0.081479 
-0.036000 0.143487 0.081478 
-0.035500 0.142112 0.082078 
-0.035500 0.143500 0.082317 
-0.035000 0.142120 0.082557 
-0.034000 0.142135 0.083395 
-0.035000 0.143506 0.082676 
-0.034500 0.143514 0.083155 
-0.033250 0.140056 0.083156 
-0.036500 0.146220 0.078842 
-0.036500 0.144852 0.080160 
-0.036250 0.145545 0.080160 
-0.036250 0.146927 0.079800 
-0.036750 0.148311 0.079560 
-0.036250 0.148323 0.080518 
-0.035750 0.146940 0.080758 
-0.035500 0.144879 0.081957 
-0.035250 0.145571 0.081957 
-0.035000 0.144888 0.082556 
-0.034500 0.144895 0.083035 
-0.034750 0.145580 0.082556 
-0.034250 0.145587 0.083035 
-0.035250 0.146950 0.081477 
-0.035250 0.148339 0.081836 
-0.034250 0.146969 0.082915 
-0.034750 0.148348 0.082555 
-0.034250 0.148354 0.083035 
-0.033500 0.142141 0.083755 
-0.034000 0.143522 0.083635 
-0.031750 0.140072 0.083995 
-0.032500 0.140763 0.083995 
-0.031500 0.140769 0.084354 
-0.030750 0.140083 0.084594 
-0.030500 0.140776 0.084713 
-0.030250 0.140088 0.084833 
-0.029250 0.140097 0.085312 
-0.030000 0.140783 0.085073 
-0.029500 0.140787 0.085312 
-0.033000 0.142147 0.084114 
-0.032000 0.142156 0.084593 
-0.033000 0.143531 0.084234 
-0.032250 0.142846 0.084593 
-0.031500 0.142160 0.084833 
-0.031500 0.143545 0.085072 
-0.030500 0.142166 0.085192 
-0.031000 0.143549 0.085312 
-0.029000 0.140805 0.086270 
-0.030000 0.142181 0.086031 
-0.029500 0.142189 0.086510 
-0.030500 0.143563 0.086150 
-0.029750 0.142879 0.086510 
-0.029000 0.142201 0.087228 
-0.029000 0.143586 0.087588 
-0.033750 0.144215 0.083754 
-0.033750 0.148362 0.083634 
-0.033000 0.144914 0.084233 
-0.032250 0.144230 0.084713 
-0.032750 0.145605 0.084233 
-0.032250 0.145612 0.084712 
-0.031500 0.144930 0.085312 
-0.031750 0.145620 0.085311 
-0.033250 0.146984 0.083993 
-0.032750 0.148372 0.084472 
-0.031750 0.147005 0.085551 
-0.032500 0.147686 0.084832 
-0.031750 0.148382 0.085311 
-0.030750 0.148390 0.085910 
-0.030250 0.144260 0.086629 
-0.029750 0.144268 0.087109 
-0.030250 0.145643 0.086869 
-0.029250 0.144273 0.087468 
-0.029250 0.145652 0.087468 
-0.030250 0.147021 0.086749 
-0.029750 0.147024 0.086989 
-0.030500 0.147706 0.086389 
-0.029250 0.148399 0.086629 
-0.029250 0.147027 0.087228 
-0.028500 0.139416 0.085791 
-0.028250 0.140120 0.086510 
-0.028500 0.140816 0.086869 
-0.026750 0.140147 0.087947 
-0.028000 0.140825 0.087348 
-0.027000 0.140837 0.088173 
-0.026000 0.139460 0.088173 
-0.028000 0.142215 0.088060 
-0.028000 0.143593 0.088173 
-0.028250 0.144282 0.088173 
-0.028250 0.145659 0.087947 
-0.027250 0.145660 0.088287 
-0.028250 0.148403 0.086989 
-0.028250 0.147032 0.087588 
-0.026750 0.147037 0.088060 
-0.028000 0.147718 0.087348 
-0.027000 0.147723 0.087707 
-0.025750 0.147037 0.088287 
-0.025750 0.148412 0.087707 
-0.024750 0.148414 0.087827 
-0.023250 0.148415 0.088286 
-0.030250 0.130513 0.088740 
-0.029250 0.130521 0.089306 
-0.030500 0.131196 0.088400 
-0.029500 0.131204 0.088966 
-0.029000 0.129840 0.089759 
-0.029000 0.132575 0.088513 
-0.028250 0.131897 0.089306 
-0.028000 0.129849 0.090325 
-0.027250 0.130538 0.090439 
-0.028000 0.131216 0.089759 
-0.027000 0.131224 0.090325 
-0.026250 0.131913 0.090439 
-0.028000 0.132583 0.089079 
-0.027750 0.133268 0.088853 
-0.027000 0.133955 0.088740 
-0.027000 0.132592 0.089759 
-0.026000 0.133963 0.089419 
-0.026000 0.132599 0.090325 
-0.025500 0.133967 0.089759 
-0.024500 0.133977 0.090552 
-0.026500 0.129863 0.091232 
-0.025750 0.130553 0.091458 
-0.025500 0.131238 0.091345 
-0.024750 0.131927 0.091458 
-0.024500 0.129885 0.092704 
-0.024500 0.131250 0.092137 
-0.024500 0.132611 0.091231 
-0.024000 0.133982 0.091004 
-0.023750 0.130575 0.092930 
-0.023500 0.131259 0.092817 
-0.023500 0.132620 0.091911 
-0.023500 0.133986 0.091344 
-0.023000 0.132625 0.092364 
-0.022500 0.132631 0.092817 
-0.022750 0.133312 0.092363 
-0.022000 0.134005 0.092930 
-0.026750 0.134641 0.088513 
-0.025500 0.135335 0.088966 
-0.025000 0.135340 0.089419 
-0.025250 0.136023 0.088966 
-0.024750 0.136028 0.089419 
-0.024500 0.135347 0.090099 
-0.024250 0.136036 0.090212 
-0.025250 0.137395 0.088400 
-0.024750 0.137403 0.089306 
-0.025250 0.138774 0.088626 
-0.024750 0.138779 0.089306 
-0.024250 0.137410 0.090098 
-0.024250 0.138785 0.090098 
-0.023750 0.137415 0.090664 
-0.023250 0.134674 0.091457 
-0.023250 0.136047 0.091344 
-0.022750 0.134681 0.092024 
-0.022250 0.134687 0.092590 
-0.022250 0.136059 0.092589 
-0.023250 0.137421 0.091344 
-0.023250 0.138796 0.091457 
-0.022750 0.137427 0.092023 
-0.022250 0.137431 0.092476 
-0.022250 0.138803 0.092363 
-0.024000 0.129892 0.093157 
-0.023000 0.129903 0.093837 
-0.022250 0.130593 0.094176 
-0.023000 0.131264 0.093157 
-0.022000 0.131277 0.094063 
-0.022000 0.129918 0.094856 
-0.021250 0.130607 0.095082 
-0.021000 0.131290 0.094969 
-0.020250 0.131981 0.095422 
-0.022000 0.132637 0.093270 
-0.021750 0.133324 0.093383 
-0.021500 0.132645 0.093836 
-0.021000 0.134018 0.094062 
-0.020500 0.132658 0.094855 
-0.020000 0.132665 0.095421 
-0.020500 0.134025 0.094628 
-0.020000 0.134030 0.095081 
-0.020500 0.129938 0.096102 
-0.019750 0.130625 0.096328 
-0.019500 0.131307 0.096215 
-0.019500 0.129948 0.096781 
-0.019500 0.132670 0.095761 
-0.019250 0.133354 0.095761 
-0.021750 0.134695 0.093269 
-0.021000 0.135388 0.093948 
-0.020750 0.136074 0.094062 
-0.020500 0.135392 0.094401 
-0.019750 0.134716 0.095194 
-0.019750 0.136082 0.094854 
-0.020750 0.137443 0.093835 
-0.020250 0.137446 0.094174 
-0.020750 0.138812 0.093608 
-0.019750 0.138817 0.094287 
-0.019750 0.137449 0.094514 
-0.019250 0.138819 0.094514 
-0.026750 0.141529 0.088626 
-0.025750 0.140152 0.088739 
-0.025000 0.139467 0.089192 
-0.025500 0.140843 0.089079 
-0.025000 0.140845 0.089532 
-0.024250 0.140161 0.090098 
-0.024500 0.140848 0.089985 
-0.027500 0.142216 0.088400 
-0.027000 0.142217 0.088626 
-0.027500 0.143594 0.088513 
-0.027000 0.143595 0.088739 
-0.026000 0.142219 0.089079 
-0.026000 0.143596 0.089079 
-0.025000 0.143597 0.089532 
-0.024500 0.142223 0.089985 
-0.024500 0.143598 0.089758 
-0.023750 0.141539 0.090551 
-0.023500 0.142226 0.090551 
-0.023500 0.143600 0.090211 
-0.023250 0.140168 0.091230 
-0.023000 0.140855 0.091230 
-0.022500 0.140858 0.091796 
-0.022000 0.139490 0.092476 
-0.022000 0.140860 0.092136 
-0.021250 0.140179 0.092928 
-0.021000 0.140865 0.092928 
-0.020250 0.141551 0.093041 
-0.023000 0.142228 0.091003 
-0.022000 0.142231 0.091683 
-0.022750 0.142915 0.090890 
-0.022000 0.143603 0.091117 
-0.021000 0.143605 0.091683 
-0.021000 0.142234 0.092362 
-0.020000 0.142237 0.092928 
-0.020750 0.142920 0.092249 
-0.019500 0.143607 0.092362 
-0.027500 0.144971 0.088400 
-0.026750 0.144283 0.088739 
-0.026750 0.145660 0.088513 
-0.025750 0.144284 0.089079 
-0.024500 0.144973 0.089419 
-0.025750 0.145660 0.088739 
-0.024750 0.145661 0.089079 
-0.024250 0.144286 0.089645 
-0.025250 0.147037 0.088400 
-0.024250 0.147037 0.088739 
-0.024000 0.147726 0.088513 
-0.023500 0.146349 0.089305 
-0.023250 0.144287 0.090211 
-0.022000 0.144976 0.090550 
-0.023250 0.145662 0.089645 
-0.022250 0.145663 0.090211 
-0.021250 0.145663 0.090550 
-0.020000 0.146351 0.090550 
-0.023250 0.147037 0.089079 
-0.022250 0.147038 0.089418 
-0.023000 0.147726 0.088853 
-0.022250 0.148414 0.088626 
-0.021750 0.147038 0.089645 
-0.020750 0.148414 0.088966 
-0.019750 0.148414 0.089192 
-0.020750 0.147038 0.089871 
-0.019750 0.147038 0.090211 
-0.019500 0.147726 0.089758 
-0.021750 0.144290 0.091003 
-0.020750 0.144291 0.091456 
-0.020000 0.144977 0.091343 
-0.020750 0.145663 0.090777 
-0.019750 0.145664 0.091116 
-0.019250 0.144292 0.092022 
-0.020500 0.139497 0.093495 
-0.019750 0.140185 0.093947 
-0.020500 0.140866 0.093155 
-0.019500 0.140869 0.093721 
-0.019500 0.142238 0.093154 
-0.002250 0.148327 0.080878 
-0.000500 0.144899 0.083275 
-0.002000 0.146279 0.083035 
-0.000750 0.145587 0.083035 
-0.002750 0.148335 0.081477 
-0.003750 0.148356 0.083154 
-0.003250 0.148350 0.082675 
-0.001750 0.146961 0.082316 
-0.002000 0.147642 0.081477 
-0.002250 0.146964 0.082556 
-0.000500 0.143541 0.084833 
-0.000250 0.141501 0.086630 
-0.000750 0.141527 0.088287 
-0.000500 0.142189 0.086510 
-0.001500 0.143576 0.086989 
-0.000750 0.142875 0.086270 
-0.001000 0.142214 0.087947 
-0.002000 0.143590 0.087827 
-0.005250 0.148382 0.085311 
-0.005000 0.146348 0.088060 
-0.008750 0.148415 0.088060 
-0.007750 0.148409 0.087468 
-0.006750 0.148400 0.086749 
-0.005500 0.147710 0.086749 
-0.006250 0.147037 0.088287 
-0.005250 0.147031 0.087468 
-0.006500 0.147721 0.087588 
-0.002500 0.146302 0.084712 
-0.003000 0.146311 0.085311 
-0.001500 0.144917 0.084473 
-0.000750 0.144226 0.084473 
-0.001750 0.145598 0.083754 
-0.001250 0.144236 0.085072 
-0.002250 0.145624 0.085551 
-0.002750 0.146985 0.084113 
-0.004250 0.148366 0.083993 
-0.003500 0.147673 0.083873 
-0.003750 0.147008 0.085791 
-0.004500 0.147695 0.085551 
-0.002500 0.144952 0.086749 
-0.004000 0.146335 0.086989 
-0.002750 0.145633 0.086150 
-0.003000 0.144963 0.087468 
-0.003750 0.145654 0.087588 
-0.001750 0.144262 0.086749 
-0.002250 0.144272 0.087348 
-0.004250 0.147014 0.086270 
-0.019000 0.131314 0.096667 
-0.018500 0.129957 0.097347 
-0.017250 0.130645 0.097687 
-0.018500 0.131317 0.096894 
-0.017500 0.131325 0.097460 
-0.016500 0.131330 0.097800 
-0.015250 0.132015 0.097913 
-0.018500 0.132680 0.096554 
-0.018500 0.134042 0.096100 
-0.017500 0.134049 0.096667 
-0.018000 0.132683 0.096780 
-0.017000 0.132689 0.097233 
-0.017250 0.133368 0.096893 
-0.016000 0.132693 0.097573 
-0.015000 0.132696 0.097800 
-0.016000 0.134054 0.097120 
-0.015000 0.134058 0.097459 
-0.014000 0.134062 0.097799 
-0.019000 0.135404 0.095534 
-0.018750 0.136088 0.095420 
-0.018750 0.137455 0.095193 
-0.017750 0.137458 0.095533 
-0.018250 0.138822 0.094967 
-0.017250 0.138826 0.095419 
-0.018250 0.134726 0.096100 
-0.017500 0.135412 0.096213 
-0.018250 0.136090 0.095647 
-0.017250 0.136096 0.096213 
-0.016750 0.134734 0.096780 
-0.016500 0.135416 0.096666 
-0.016250 0.136099 0.096553 
-0.015000 0.136784 0.096666 
-0.015750 0.134738 0.097119 
-0.014750 0.134740 0.097346 
-0.015750 0.136101 0.096779 
-0.014750 0.136104 0.097006 
-0.017250 0.137460 0.095760 
-0.017000 0.138143 0.095646 
-0.016250 0.137463 0.096099 
-0.015250 0.137466 0.096439 
-0.016000 0.138146 0.095986 
-0.014750 0.138830 0.095986 
-0.013750 0.134744 0.097686 
-0.012500 0.135428 0.097798 
-0.013750 0.136106 0.097232 
-0.012750 0.136108 0.097458 
-0.011500 0.135428 0.097798 
-0.010500 0.135430 0.097912 
-0.011250 0.136109 0.097572 
-0.010250 0.136110 0.097685 
-0.014250 0.137468 0.096665 
-0.013750 0.138831 0.096099 
-0.012750 0.138833 0.096325 
-0.013750 0.137469 0.096779 
-0.012750 0.137470 0.096892 
-0.011250 0.138833 0.096325 
-0.010250 0.138832 0.096212 
-0.011250 0.137471 0.097005 
-0.010250 0.137471 0.097005 
-0.000250 0.138784 0.089985 
-0.000250 0.136061 0.092703 
-0.000250 0.137421 0.091344 
-0.001250 0.138797 0.091570 
-0.000750 0.138793 0.091117 
-0.000750 0.137429 0.092250 
-0.001750 0.138803 0.092476 
-0.001000 0.138113 0.092023 
-0.000500 0.134030 0.095081 
-0.000250 0.130628 0.096555 
-0.000500 0.131314 0.096667 
-0.001250 0.130642 0.097461 
-0.000500 0.129953 0.097121 
-0.001500 0.131325 0.097460 
-0.001000 0.131319 0.097007 
-0.003000 0.132698 0.097913 
-0.004000 0.134061 0.097686 
-0.003000 0.134054 0.097120 
-0.000500 0.132674 0.096101 
-0.001500 0.134041 0.095987 
-0.000750 0.133355 0.095874 
-0.002000 0.132690 0.097346 
-0.002250 0.133371 0.097120 
-0.005250 0.138824 0.095193 
-0.009000 0.135430 0.097912 
-0.008000 0.135428 0.097798 
-0.008750 0.136109 0.097572 
-0.007750 0.136108 0.097458 
-0.005500 0.136783 0.096552 
-0.006500 0.135426 0.097572 
-0.005500 0.135425 0.097459 
-0.006750 0.136106 0.097232 
-0.005750 0.136105 0.097119 
-0.007750 0.137468 0.096665 
-0.008750 0.138830 0.095986 
-0.007750 0.138829 0.095872 
-0.009250 0.137470 0.096892 
-0.008250 0.137469 0.096779 
-0.006250 0.137466 0.096439 
-0.005250 0.137464 0.096212 
-0.006500 0.138147 0.096099 
-0.005500 0.138144 0.095759 
-0.003000 0.136772 0.095420 
-0.000500 0.135389 0.094062 
-0.001500 0.136759 0.094061 
-0.000750 0.136071 0.093722 
-0.001500 0.135401 0.095194 
-0.000750 0.134712 0.094854 
-0.001750 0.136082 0.094854 
-0.002750 0.138811 0.093495 
-0.003750 0.137457 0.095420 
-0.003250 0.137454 0.095080 
-0.004250 0.138821 0.094740 
-0.003000 0.138133 0.094401 
-0.001750 0.137443 0.093835 
-0.002000 0.138125 0.093382 
-0.003000 0.135414 0.096440 
-0.004250 0.136099 0.096553 
-0.003250 0.136094 0.096100 
-0.004250 0.134742 0.097459 
-0.003250 0.134735 0.096893 
-0.004750 0.136101 0.096779 
-0.001750 0.134724 0.095874 
-0.004250 0.137460 0.095760 
-0.018500 0.143608 0.092701 
-0.017500 0.143609 0.093041 
-0.016500 0.143609 0.093041 
-0.012000 0.143609 0.093041 
-0.011500 0.143609 0.092928 
-0.010000 0.143608 0.092815 
-0.018750 0.148414 0.089418 
-0.017250 0.148414 0.089418 
-0.018750 0.147038 0.090437 
-0.017250 0.147038 0.090663 
-0.018500 0.147726 0.089984 
-0.017500 0.147726 0.090097 
-0.016250 0.148414 0.089305 
-0.014750 0.148414 0.089305 
-0.016250 0.147038 0.090663 
-0.014750 0.147038 0.090550 
-0.016000 0.147726 0.089984 
-0.015000 0.147726 0.089871 
-0.018500 0.144979 0.091909 
-0.018750 0.145664 0.091343 
-0.017250 0.145665 0.091569 
-0.018250 0.144293 0.092362 
-0.017250 0.144294 0.092588 
-0.016250 0.145665 0.091682 
-0.014750 0.145665 0.091682 
-0.016250 0.144294 0.092701 
-0.014750 0.144295 0.092814 
-0.010000 0.146351 0.090664 
-0.013750 0.148414 0.089192 
-0.012750 0.148414 0.089192 
-0.013750 0.147038 0.090437 
-0.012750 0.147038 0.090324 
-0.013500 0.147726 0.089871 
-0.012500 0.147726 0.089758 
-0.011250 0.148414 0.088852 
-0.010250 0.148414 0.088626 
-0.011250 0.147038 0.090211 
-0.010250 0.147038 0.090098 
-0.011500 0.147726 0.089645 
-0.013750 0.145665 0.091569 
-0.012750 0.145665 0.091456 
-0.013750 0.144294 0.092701 
-0.012750 0.144294 0.092588 
-0.011500 0.144979 0.091909 
-0.010000 0.144978 0.091796 
-0.011250 0.145664 0.091343 
-0.010250 0.145664 0.091229 
-0.011250 0.144293 0.092362 
-0.010250 0.144293 0.092248 
-0.019000 0.140871 0.093947 
-0.017250 0.141558 0.094287 
-0.018500 0.139505 0.094627 
-0.017500 0.139508 0.095080 
-0.018000 0.140873 0.094400 
-0.017000 0.140875 0.094626 
-0.016250 0.140193 0.095079 
-0.014750 0.140194 0.095306 
-0.016000 0.140876 0.094853 
-0.015000 0.140877 0.094966 
-0.018500 0.142240 0.093607 
-0.017500 0.142241 0.093834 
-0.018250 0.142924 0.093268 
-0.017250 0.142925 0.093494 
-0.016000 0.142242 0.094060 
-0.015000 0.142243 0.094173 
-0.016250 0.142926 0.093607 
-0.014750 0.142926 0.093720 
-0.015000 0.139512 0.095646 
-0.013750 0.140195 0.095419 
-0.012750 0.140195 0.095419 
-0.013500 0.140877 0.095079 
-0.012500 0.140877 0.095079 
-0.009750 0.141558 0.094287 
-0.011250 0.140195 0.095419 
-0.010250 0.140194 0.095306 
-0.011500 0.140877 0.094966 
-0.010000 0.140876 0.094853 
-0.013500 0.142243 0.094173 
-0.012500 0.142243 0.094173 
-0.013750 0.142926 0.093720 
-0.012750 0.142926 0.093720 
-0.011500 0.142242 0.094060 
-0.010000 0.142241 0.093834 
-0.011250 0.142925 0.093494 
-0.010250 0.142925 0.093381 
-0.013500 0.139513 0.095759 
-0.012500 0.139513 0.095872 
-0.011500 0.139513 0.095872 
-0.010000 0.139513 0.095759 
-0.009000 0.143608 0.092701 
-0.008000 0.143607 0.092475 
-0.006500 0.143605 0.091909 
-0.005500 0.143603 0.091343 
-0.006000 0.142237 0.092928 
-0.005500 0.142236 0.092702 
-0.006750 0.142922 0.092702 
-0.005750 0.142920 0.092249 
-0.000250 0.140151 0.088626 
-0.001250 0.141531 0.089079 
-0.000500 0.140839 0.088513 
-0.001250 0.140162 0.090324 
-0.000500 0.139471 0.089759 
-0.001500 0.140848 0.089985 
-0.003000 0.143596 0.089192 
-0.002500 0.142224 0.090211 
-0.004000 0.143600 0.090211 
-0.003250 0.142912 0.090211 
-0.001500 0.142218 0.088739 
-0.002250 0.142907 0.088966 
-0.003750 0.141546 0.091909 
-0.002500 0.140857 0.091570 
-0.003250 0.140177 0.092702 
-0.004000 0.140864 0.092815 
-0.003500 0.140862 0.092362 
-0.001500 0.139481 0.091230 
-0.001000 0.139478 0.090777 
-0.002000 0.140852 0.090777 
-0.002000 0.139487 0.092136 
-0.004000 0.142231 0.091570 
-0.003500 0.142229 0.091230 
-0.004250 0.142916 0.091117 
-0.004500 0.142233 0.092136 
-0.009000 0.146350 0.090324 
-0.007750 0.145663 0.090437 
-0.006500 0.146349 0.089192 
-0.005250 0.145661 0.089079 
-0.006500 0.144976 0.090664 
-0.005500 0.144975 0.090098 
-0.006750 0.145662 0.089984 
-0.007750 0.147037 0.089192 
-0.009000 0.147726 0.088853 
-0.008000 0.147726 0.088513 
-0.009250 0.147038 0.089758 
-0.006750 0.147037 0.088626 
-0.009000 0.144978 0.091569 
-0.008000 0.144977 0.091343 
-0.009250 0.145664 0.091003 
-0.008250 0.145663 0.090777 
-0.008750 0.144293 0.092135 
-0.008250 0.144292 0.092022 
-0.006750 0.144291 0.091456 
-0.005750 0.144289 0.090777 
-0.004000 0.144972 0.088739 
-0.003250 0.144283 0.088739 
-0.004750 0.145660 0.088626 
-0.004250 0.144286 0.089758 
-0.008750 0.141557 0.094173 
-0.007750 0.141557 0.094060 
-0.008750 0.140193 0.095079 
-0.007750 0.140192 0.094966 
-0.009000 0.140875 0.094626 
-0.008000 0.140874 0.094513 
-0.005250 0.140187 0.094174 
-0.006500 0.140872 0.094174 
-0.005500 0.140869 0.093721 
-0.006500 0.139509 0.095193 
-0.005500 0.139505 0.094740 
-0.007000 0.140873 0.094400 
-0.009000 0.142240 0.093721 
-0.008000 0.142240 0.093607 
-0.009250 0.142924 0.093268 
-0.007000 0.142239 0.093381 
-0.009000 0.139512 0.095646 
-0.004250 0.140183 0.093608 
-0.003500 0.139498 0.093608 
-0.004500 0.140867 0.093268 
-0.004500 0.139503 0.094400 
-0.019500 0.116473 0.098367 
-0.019750 0.117149 0.098594 
-0.021750 0.119816 0.098141 
-0.020750 0.118488 0.098594 
-0.020000 0.117822 0.098707 
-0.021000 0.119155 0.098481 
-0.020250 0.119839 0.099047 
-0.019750 0.118504 0.099160 
-0.019750 0.119848 0.099387 
-0.022000 0.120483 0.098028 
-0.021000 0.120503 0.098821 
-0.021000 0.121842 0.098821 
-0.019500 0.120523 0.099614 
-0.020500 0.121850 0.099161 
-0.019500 0.121863 0.099727 
-0.021750 0.122496 0.098142 
-0.021000 0.123176 0.098595 
-0.021000 0.124508 0.098256 
-0.020000 0.124520 0.098822 
-0.019500 0.123196 0.099501 
-0.019750 0.123860 0.099275 
-0.020750 0.125191 0.098256 
-0.019750 0.125202 0.098822 
-0.019750 0.126559 0.098368 
-0.018000 0.115123 0.098027 
-0.017500 0.115130 0.098254 
-0.016000 0.115144 0.098706 
-0.014750 0.114460 0.098254 
-0.013750 0.114460 0.098254 
-0.012750 0.114460 0.098254 
-0.011500 0.115137 0.098480 
-0.010500 0.115130 0.098254 
-0.018250 0.115803 0.098367 
-0.017250 0.115817 0.098820 
-0.018750 0.117162 0.099047 
-0.017000 0.116499 0.099273 
-0.018250 0.117165 0.099160 
-0.017250 0.117175 0.099500 
-0.016250 0.115823 0.099046 
-0.014750 0.115827 0.099160 
-0.016250 0.117182 0.099726 
-0.014750 0.117185 0.099839 
-0.018750 0.118516 0.099613 
-0.017250 0.118525 0.099953 
-0.018500 0.119191 0.099840 
-0.017500 0.119197 0.100066 
-0.016250 0.118528 0.100066 
-0.015000 0.117860 0.100066 
-0.016000 0.119203 0.100293 
-0.016250 0.119874 0.100406 
-0.014750 0.119877 0.100520 
-0.012250 0.115823 0.099046 
-0.013750 0.115827 0.099160 
-0.012750 0.115827 0.099160 
-0.013750 0.117185 0.099839 
-0.012750 0.117182 0.099726 
-0.011250 0.115820 0.098933 
-0.010250 0.115810 0.098594 
-0.009750 0.117162 0.099047 
-0.011500 0.116499 0.099273 
-0.011250 0.117175 0.099500 
-0.010250 0.117169 0.099273 
-0.013500 0.117860 0.100066 
-0.012500 0.117857 0.099953 
-0.012500 0.119203 0.100293 
-0.011250 0.118528 0.100066 
-0.010250 0.118519 0.099726 
-0.011500 0.119200 0.100180 
-0.010000 0.119191 0.099840 
-0.013750 0.119877 0.100520 
-0.012750 0.119874 0.100406 
-0.009250 0.115793 0.098027 
-0.008750 0.117146 0.098481 
-0.008250 0.117136 0.098141 
-0.008500 0.117825 0.098820 
-0.007750 0.118482 0.098368 
-0.007750 0.119825 0.098481 
-0.009250 0.118513 0.099500 
-0.009000 0.119182 0.099500 
-0.018500 0.120534 0.100067 
-0.017500 0.120539 0.100293 
-0.018500 0.121871 0.100067 
-0.017500 0.121876 0.100294 
-0.018500 0.123205 0.099955 
-0.017500 0.123210 0.100181 
-0.018500 0.124536 0.099615 
-0.017500 0.124543 0.099955 
-0.016000 0.124547 0.100182 
-0.015000 0.124550 0.100295 
-0.017000 0.120542 0.100407 
-0.017000 0.121879 0.100407 
-0.016000 0.120545 0.100520 
-0.015000 0.120548 0.100633 
-0.016000 0.121881 0.100520 
-0.015000 0.121884 0.100634 
-0.016750 0.122547 0.100407 
-0.016000 0.123215 0.100408 
-0.015000 0.123218 0.100521 
-0.015750 0.123884 0.100408 
-0.014750 0.123884 0.100408 
-0.012000 0.121876 0.100294 
-0.011000 0.120537 0.100180 
-0.010000 0.120534 0.100067 
-0.011000 0.121874 0.100181 
-0.010000 0.121868 0.099954 
-0.012500 0.123213 0.100294 
-0.013500 0.124547 0.100182 
-0.012500 0.124545 0.100068 
-0.011500 0.123210 0.100181 
-0.010000 0.123203 0.099841 
-0.011500 0.124543 0.099955 
-0.010000 0.124538 0.099729 
-0.014000 0.120548 0.100633 
-0.012500 0.120542 0.100407 
-0.013500 0.121881 0.100520 
-0.012500 0.121879 0.100407 
-0.011750 0.121211 0.100407 
-0.014000 0.123218 0.100521 
-0.013000 0.123215 0.100408 
-0.013250 0.123884 0.100408 
-0.019000 0.125887 0.098935 
-0.018750 0.126567 0.098821 
-0.017500 0.127252 0.098934 
-0.018250 0.125216 0.099502 
-0.017250 0.125220 0.099728 
-0.017250 0.126575 0.099274 
-0.016250 0.125224 0.099955 
-0.015000 0.125906 0.099954 
-0.016250 0.126582 0.099614 
-0.014750 0.126584 0.099727 
-0.018250 0.127924 0.098368 
-0.017250 0.127930 0.098707 
-0.018000 0.128603 0.098141 
-0.017250 0.129286 0.098141 
-0.016250 0.127936 0.099047 
-0.016250 0.129292 0.098480 
-0.014750 0.129297 0.098820 
-0.016000 0.127260 0.099387 
-0.014750 0.127940 0.099274 
-0.013750 0.125229 0.100181 
-0.012250 0.125224 0.099955 
-0.013750 0.126584 0.099727 
-0.012750 0.126584 0.099727 
-0.011250 0.125222 0.099841 
-0.010250 0.125220 0.099728 
-0.011250 0.126584 0.099727 
-0.010250 0.126586 0.099841 
-0.013750 0.129301 0.099047 
-0.013750 0.127942 0.099387 
-0.012250 0.127944 0.099500 
-0.013500 0.128622 0.099274 
-0.012250 0.129306 0.099386 
-0.011250 0.127948 0.099727 
-0.010250 0.127950 0.099840 
-0.011250 0.129310 0.099613 
-0.010250 0.129313 0.099840 
-0.008500 0.120509 0.099048 
-0.008000 0.120500 0.098708 
-0.007500 0.121831 0.098368 
-0.009000 0.120523 0.099614 
-0.009000 0.121858 0.099501 
-0.008500 0.123183 0.098935 
-0.007500 0.123176 0.098595 
-0.007750 0.123855 0.099049 
-0.009000 0.123191 0.099275 
-0.009000 0.124533 0.099502 
-0.008000 0.124529 0.099275 
-0.006500 0.123171 0.098369 
-0.005500 0.123164 0.098029 
-0.006250 0.123850 0.098822 
-0.005250 0.123846 0.098595 
-0.006500 0.124529 0.099275 
-0.004000 0.124515 0.098596 
-0.003000 0.124504 0.098029 
-0.008750 0.125218 0.099615 
-0.007750 0.125218 0.099615 
-0.008750 0.126588 0.099954 
-0.007750 0.126586 0.099841 
-0.006750 0.125216 0.099502 
-0.005500 0.125898 0.099501 
-0.006750 0.126586 0.099841 
-0.005250 0.126582 0.099614 
-0.008750 0.127954 0.100067 
-0.007750 0.127954 0.100067 
-0.008750 0.129315 0.099953 
-0.007750 0.129317 0.100066 
-0.006750 0.127952 0.099953 
-0.005250 0.127948 0.099727 
-0.006750 0.129313 0.099840 
-0.005250 0.129312 0.099726 
-0.004250 0.125207 0.099049 
-0.003250 0.125198 0.098595 
-0.002750 0.126567 0.098821 
-0.004500 0.125893 0.099275 
-0.004250 0.126578 0.099388 
-0.003500 0.127256 0.099161 
-0.002000 0.125872 0.098142 
-0.001750 0.126555 0.098142 
-0.002750 0.127936 0.099047 
-0.002750 0.129299 0.098933 
-0.004250 0.127944 0.099500 
-0.003250 0.127938 0.099160 
-0.004250 0.129308 0.099500 
-0.003500 0.128622 0.099274 
-0.001750 0.127924 0.098368 
-0.001750 0.129288 0.098254 
-0.017000 0.129967 0.098027 
-0.016000 0.129973 0.098367 
-0.015000 0.129976 0.098593 
-0.015000 0.131336 0.098253 
-0.013750 0.130660 0.098706 
-0.012750 0.130665 0.099046 
-0.013500 0.131341 0.098593 
-0.012500 0.131346 0.098933 
-0.012500 0.129985 0.099160 
-0.012000 0.131349 0.099159 
-0.011750 0.132030 0.099046 
-0.011500 0.129990 0.099499 
-0.010000 0.129995 0.099839 
-0.011500 0.131351 0.099272 
-0.010000 0.131356 0.099612 
-0.013500 0.132703 0.098366 
-0.012500 0.132708 0.098706 
-0.013750 0.133383 0.098139 
-0.012500 0.134068 0.098252 
-0.011500 0.132711 0.098932 
-0.010500 0.132712 0.099045 
-0.011500 0.134070 0.098478 
-0.010000 0.134072 0.098592 
-0.010000 0.132714 0.099159 
-0.012250 0.134748 0.098025 
-0.011250 0.134749 0.098138 
-0.010250 0.134750 0.098252 
-0.009000 0.129997 0.099952 
-0.007500 0.129995 0.099839 
-0.009000 0.131356 0.099612 
-0.008000 0.131356 0.099612 
-0.005250 0.132028 0.098932 
-0.006500 0.129993 0.099726 
-0.005500 0.129992 0.099613 
-0.006500 0.131352 0.099386 
-0.005500 0.131351 0.099272 
-0.007500 0.132712 0.099045 
-0.009000 0.134070 0.098478 
-0.008000 0.134070 0.098478 
-0.009000 0.132714 0.099159 
-0.008000 0.132714 0.099159 
-0.006500 0.132711 0.098932 
-0.005500 0.132708 0.098706 
-0.006500 0.134068 0.098252 
-0.005250 0.133386 0.098365 
-0.003750 0.130664 0.098933 
-0.003000 0.129979 0.098820 
-0.004000 0.131344 0.098819 
-0.003000 0.131340 0.098480 
-0.004500 0.129988 0.099386 
-0.002000 0.129973 0.098367 
-0.004000 0.132703 0.098366 
-0.003500 0.132701 0.098139 
-0.004250 0.133382 0.098026 
-0.008750 0.134750 0.098252 
-0.007750 0.134749 0.098138 
-0.006750 0.134748 0.098025 
-0.036750 0.149697 0.079439 
-0.036500 0.150392 0.079559 
-0.036250 0.149708 0.080398 
-0.036000 0.150400 0.080278 
-0.035750 0.149715 0.080997 
-0.035500 0.150408 0.080997 
-0.036000 0.151773 0.078839 
-0.035500 0.151781 0.079678 
-0.034750 0.152470 0.079199 
-0.033500 0.153165 0.079318 
-0.035000 0.151785 0.080158 
-0.034500 0.151790 0.080637 
-0.033750 0.152481 0.080397 
-0.035250 0.149723 0.081716 
-0.035000 0.150414 0.081596 
-0.034500 0.150419 0.082075 
-0.034000 0.149047 0.083154 
-0.034000 0.150424 0.082555 
-0.033500 0.151799 0.081596 
-0.033000 0.153168 0.079678 
-0.032500 0.153172 0.080157 
-0.031500 0.153177 0.080756 
-0.031000 0.153180 0.081116 
-0.033250 0.149743 0.083513 
-0.033000 0.150432 0.083274 
-0.031750 0.151126 0.083513 
-0.033000 0.151802 0.081955 
-0.032750 0.152488 0.081236 
-0.031750 0.152494 0.081835 
-0.031500 0.151811 0.082794 
-0.030500 0.153183 0.081475 
-0.029500 0.153187 0.081955 
-0.030500 0.151815 0.083273 
-0.030250 0.152499 0.082434 
-0.029250 0.152503 0.082914 
-0.031750 0.153860 0.079438 
-0.030750 0.153863 0.079917 
-0.029000 0.154552 0.079198 
-0.030250 0.153864 0.080037 
-0.029250 0.153869 0.080636 
-0.033500 0.149053 0.083633 
-0.033000 0.149059 0.084113 
-0.031750 0.149755 0.084592 
-0.032500 0.150436 0.083633 
-0.031500 0.150441 0.084113 
-0.031500 0.149070 0.085071 
-0.030500 0.150447 0.084712 
-0.029250 0.151136 0.084472 
-0.030250 0.149763 0.085311 
-0.029250 0.149769 0.085790 
-0.030000 0.150449 0.084831 
-0.029500 0.150452 0.085191 
-0.029000 0.151821 0.083872 
-0.029000 0.149086 0.086389 
-0.028000 0.153190 0.082314 
-0.028250 0.152506 0.083153 
-0.027000 0.153193 0.082674 
-0.025500 0.153196 0.083033 
-0.024500 0.153197 0.083153 
-0.023500 0.153198 0.083273 
-0.022000 0.153199 0.083393 
-0.020500 0.153200 0.083513 
-0.028000 0.154555 0.079677 
-0.028250 0.153873 0.081116 
-0.026500 0.154559 0.080276 
-0.025750 0.155244 0.078958 
-0.024250 0.155244 0.078958 
-0.025500 0.154559 0.080276 
-0.024500 0.154562 0.080636 
-0.027750 0.153874 0.081235 
-0.026750 0.153877 0.081595 
-0.025750 0.153879 0.081835 
-0.024750 0.153879 0.081955 
-0.023250 0.155246 0.079317 
-0.022250 0.155249 0.079677 
-0.023500 0.154561 0.080516 
-0.022000 0.154563 0.080756 
-0.020750 0.155248 0.079557 
-0.019750 0.155248 0.079557 
-0.021000 0.154564 0.080876 
-0.019500 0.154566 0.081115 
-0.023250 0.153881 0.082194 
-0.022250 0.153881 0.082194 
-0.021250 0.153882 0.082314 
-0.019750 0.153882 0.082314 
-0.020750 0.153884 0.082554 
-0.019250 0.153883 0.082434 
-0.028000 0.150456 0.085550 
-0.027000 0.150460 0.085910 
-0.025750 0.151147 0.085550 
-0.024750 0.151149 0.085790 
-0.028000 0.151823 0.084112 
-0.027000 0.151827 0.084472 
-0.026750 0.152511 0.083753 
-0.026000 0.151829 0.084711 
-0.025750 0.152513 0.083992 
-0.024750 0.152514 0.084112 
-0.025500 0.151830 0.084831 
-0.024500 0.151834 0.085191 
-0.028000 0.149088 0.086629 
-0.027000 0.149091 0.086869 
-0.026500 0.150461 0.086030 
-0.025750 0.149779 0.086749 
-0.024750 0.149782 0.086988 
-0.025500 0.150464 0.086269 
-0.024500 0.150467 0.086509 
-0.025500 0.149097 0.087348 
-0.024500 0.149100 0.087587 
-0.023250 0.152518 0.084472 
-0.022250 0.152519 0.084591 
-0.023500 0.151834 0.085191 
-0.022000 0.151837 0.085550 
-0.021000 0.153201 0.083633 
-0.019750 0.152519 0.084591 
-0.021000 0.151838 0.085670 
-0.019500 0.151838 0.085670 
-0.020750 0.152521 0.084831 
-0.023500 0.150469 0.086749 
-0.022000 0.150473 0.087108 
-0.023500 0.149103 0.087827 
-0.022250 0.149789 0.087587 
-0.021000 0.150473 0.087108 
-0.019750 0.151155 0.086389 
-0.020750 0.149793 0.087947 
-0.019750 0.149793 0.087947 
-0.020500 0.150476 0.087348 
-0.019500 0.150474 0.087228 
-0.020500 0.149103 0.088626 
-0.019500 0.149103 0.088739 
-0.017000 0.153200 0.083513 
-0.016000 0.153199 0.083393 
-0.015000 0.153197 0.083153 
-0.010000 0.153176 0.080636 
-0.012500 0.153189 0.082194 
-0.013500 0.153195 0.082914 
-0.012250 0.152509 0.083513 
-0.011500 0.153186 0.081835 
-0.010250 0.152497 0.082195 
-0.010000 0.151814 0.083154 
-0.011250 0.152503 0.082914 
-0.010750 0.152502 0.082794 
-0.018750 0.155247 0.079437 
-0.017250 0.155245 0.079077 
-0.018500 0.154565 0.080996 
-0.017000 0.154564 0.080876 
-0.015750 0.155244 0.078958 
-0.016000 0.154561 0.080516 
-0.015000 0.154558 0.080037 
-0.016750 0.153881 0.082194 
-0.018250 0.153884 0.082554 
-0.017250 0.153883 0.082434 
-0.016250 0.153881 0.082194 
-0.014750 0.153879 0.081835 
-0.013500 0.154554 0.079557 
-0.012500 0.154550 0.078958 
-0.012250 0.153869 0.080636 
-0.011500 0.154549 0.078838 
-0.010250 0.153858 0.079198 
-0.011250 0.153866 0.080277 
-0.013750 0.153876 0.081475 
-0.012750 0.153874 0.081235 
-0.018500 0.153201 0.083633 
-0.017500 0.153201 0.083633 
-0.018500 0.151837 0.085550 
-0.017500 0.151837 0.085550 
-0.016250 0.152519 0.084591 
-0.014750 0.152514 0.084112 
-0.016000 0.151837 0.085550 
-0.015000 0.151835 0.085311 
-0.018750 0.151156 0.086509 
-0.017250 0.151155 0.086389 
-0.018750 0.149793 0.088060 
-0.017250 0.149793 0.088060 
-0.018500 0.150474 0.087228 
-0.017000 0.150476 0.087348 
-0.016250 0.151155 0.086389 
-0.015000 0.150473 0.087108 
-0.016250 0.149793 0.087947 
-0.014750 0.149792 0.087827 
-0.016000 0.150474 0.087228 
-0.013250 0.151150 0.085910 
-0.012750 0.151148 0.085670 
-0.010250 0.151137 0.084592 
-0.011250 0.151144 0.085311 
-0.010000 0.150458 0.085670 
-0.012500 0.151829 0.084711 
-0.013750 0.152512 0.083872 
-0.012750 0.152511 0.083753 
-0.014000 0.151832 0.085071 
-0.013000 0.151830 0.084831 
-0.011500 0.151824 0.084232 
-0.010500 0.151819 0.083633 
-0.013500 0.150470 0.086869 
-0.012500 0.150468 0.086629 
-0.013750 0.149790 0.087707 
-0.012750 0.149788 0.087468 
-0.011250 0.149784 0.087108 
-0.010250 0.149781 0.086869 
-0.011500 0.150464 0.086269 
-0.011500 0.149104 0.088173 
-0.010000 0.149101 0.087707 
-0.005250 0.151098 0.080757 
-0.008500 0.153166 0.079438 
-0.008000 0.153162 0.078959 
-0.009500 0.153174 0.080397 
-0.007750 0.152481 0.080397 
-0.005500 0.151781 0.079678 
-0.006750 0.152473 0.079558 
-0.006500 0.151789 0.080517 
-0.008750 0.151126 0.083513 
-0.007750 0.151119 0.082794 
-0.006250 0.151108 0.081716 
-0.005500 0.150419 0.082075 
-0.005250 0.149739 0.083154 
-0.006500 0.150428 0.082914 
-0.008500 0.151805 0.082195 
-0.008000 0.151801 0.081835 
-0.009250 0.152492 0.081595 
-0.009000 0.151807 0.082434 
-0.002750 0.149700 0.079679 
-0.004250 0.151086 0.079559 
-0.003500 0.150393 0.079679 
-0.003250 0.149709 0.080518 
-0.004000 0.150402 0.080518 
-0.004250 0.149724 0.081836 
-0.003500 0.149035 0.082076 
-0.004500 0.149047 0.083154 
-0.008500 0.150446 0.084592 
-0.008000 0.150442 0.084232 
-0.007750 0.149763 0.085311 
-0.009000 0.150451 0.085071 
-0.006750 0.149754 0.084472 
-0.005500 0.149060 0.084233 
-0.006500 0.149076 0.085551 
-0.009250 0.149777 0.086509 
-0.008000 0.149088 0.086629 
-0.009000 0.149095 0.087228 
-0.007000 0.149081 0.086030 
-0.018500 0.149103 0.088739 
-0.017500 0.149103 0.088739 
-0.016000 0.149103 0.088739 
-0.015000 0.149103 0.088626 
-0.014000 0.149103 0.088626 
-0.012500 0.149103 0.088400 
0.015000 0.120066 0.045166 
0.016000 0.120029 0.044404 
0.017500 0.120017 0.044150 
0.018500 0.119980 0.043388 
0.017250 0.119360 0.045166 
0.018750 0.119342 0.044785 
0.019000 0.114651 0.049888 
0.014250 0.119448 0.046945 
0.014000 0.118867 0.049890 
0.013750 0.119541 0.049053 
0.019000 0.117308 0.046435 
0.017500 0.117361 0.047451 
0.018500 0.117328 0.046816 
0.016250 0.119392 0.045801 
0.015500 0.118775 0.047579 
0.016000 0.118750 0.047071 
0.014750 0.119448 0.046945 
0.017500 0.118699 0.046055 
0.018750 0.118001 0.046181 
0.016750 0.119379 0.045547 
0.017250 0.118039 0.046944 
0.016500 0.117408 0.048453 
0.015500 0.117466 0.050009 
0.016000 0.117435 0.049171 
0.019000 0.115997 0.048333 
0.017000 0.117393 0.048087 
0.018250 0.116689 0.048086 
0.017500 0.116043 0.049530 
0.018750 0.115335 0.049410 
0.016750 0.116741 0.049410 
0.015250 0.118130 0.048932 
0.015750 0.118103 0.048214 
0.014750 0.118165 0.049890 
0.008500 0.124137 0.041228 
0.009500 0.124166 0.041864 
0.004750 0.126404 0.044019 
0.006000 0.125629 0.042623 
0.005750 0.126321 0.042114 
0.007750 0.124909 0.042497 
0.006500 0.125651 0.043131 
0.009250 0.123701 0.047327 
0.007000 0.124460 0.048454 
0.005500 0.124504 0.049890 
0.006500 0.124489 0.049411 
0.009500 0.123041 0.048576 
0.007500 0.124447 0.048087 
0.008750 0.123745 0.048335 
0.009000 0.123061 0.049174 
0.007750 0.123794 0.049891 
0.005500 0.125836 0.047322 
0.006750 0.125113 0.047070 
0.007250 0.125096 0.046689 
0.005250 0.125174 0.048572 
0.006250 0.125167 0.048333 
0.013750 0.121999 0.041230 
0.014000 0.121327 0.041992 
0.009750 0.123439 0.041611 
0.012000 0.122678 0.040596 
0.011750 0.122148 0.044406 
0.014250 0.120705 0.043770 
0.012750 0.122136 0.044152 
0.012250 0.122154 0.044533 
0.013500 0.121472 0.045040 
0.011500 0.122813 0.043517 
0.014750 0.121999 0.041230 
0.016250 0.121981 0.040849 
0.015000 0.121327 0.041992 
0.016000 0.121321 0.041865 
0.017250 0.121993 0.041103 
0.018750 0.121969 0.040595 
0.017250 0.120656 0.042753 
0.018750 0.120644 0.042499 
0.017500 0.121321 0.041865 
0.015250 0.120686 0.043389 
0.015750 0.120692 0.043516 
0.016750 0.120668 0.043007 
0.013750 0.120790 0.045548 
0.012000 0.121592 0.047581 
0.010000 0.123007 0.047709 
0.010250 0.122342 0.048695 
0.011500 0.121626 0.048336 
0.011750 0.120947 0.049054 
0.012750 0.120927 0.048455 
0.013500 0.120227 0.048574 
0.012500 0.120256 0.049412 
0.014500 0.120103 0.045929 
0.007750 0.119743 0.054797 
0.008750 0.119722 0.054199 
0.009000 0.115028 0.059344 
0.009250 0.117031 0.057071 
0.006750 0.119772 0.055635 
0.006750 0.118423 0.056951 
0.006500 0.119104 0.056473 
0.009250 0.118379 0.055754 
0.008000 0.119073 0.055635 
0.008500 0.119069 0.055515 
0.007750 0.118414 0.056712 
0.009000 0.117711 0.056592 
0.007500 0.119091 0.056114 
0.007000 0.116416 0.059225 
0.006250 0.117104 0.058986 
0.009000 0.116365 0.057908 
0.007750 0.117072 0.058148 
0.008750 0.117045 0.057430 
0.008250 0.115715 0.059105 
0.008750 0.115705 0.058865 
0.007250 0.117085 0.058507 
0.006500 0.117774 0.058268 
0.007500 0.117738 0.057310 
0.014000 0.114799 0.053599 
0.014000 0.113438 0.054556 
0.013500 0.114808 0.053838 
0.018750 0.112623 0.051802 
0.016250 0.114050 0.052401 
0.015500 0.114742 0.052162 
0.016000 0.114737 0.052042 
0.018750 0.113987 0.050845 
0.017500 0.114699 0.051085 
0.018500 0.114665 0.050247 
0.017500 0.113339 0.052162 
0.018500 0.113315 0.051563 
0.016250 0.112698 0.053598 
0.015250 0.112728 0.054316 
0.016000 0.112028 0.054316 
0.018750 0.111272 0.052999 
0.017500 0.111982 0.053238 
0.018500 0.111962 0.052759 
0.017250 0.111313 0.053956 
0.018500 0.110618 0.054076 
0.015500 0.113393 0.053478 
0.016000 0.113379 0.053119 
0.014500 0.114775 0.053000 
0.015000 0.113418 0.054077 
0.014000 0.116149 0.052283 
0.013750 0.116850 0.052283 
0.011750 0.119646 0.052045 
0.014250 0.118191 0.050608 
0.012750 0.119608 0.050968 
0.013500 0.118906 0.050967 
0.012750 0.118252 0.052283 
0.013250 0.118230 0.051685 
0.012500 0.118940 0.051925 
0.011750 0.116913 0.053959 
0.013000 0.116181 0.053120 
0.013750 0.115476 0.053000 
0.012750 0.116877 0.053001 
0.013250 0.116868 0.052762 
0.012750 0.115504 0.053719 
0.011750 0.118287 0.053241 
0.010250 0.119692 0.053361 
0.011250 0.119671 0.052763 
0.010250 0.118331 0.054438 
0.010000 0.119022 0.054199 
0.012250 0.118274 0.052882 
0.012000 0.118962 0.052523 
0.015500 0.116107 0.051205 
0.016000 0.116098 0.050966 
0.015000 0.117484 0.050488 
0.015750 0.116782 0.050487 
0.015000 0.116121 0.051564 
0.015750 0.115419 0.051564 
0.014750 0.116818 0.051445 
0.017250 0.115382 0.050607 
0.014250 0.112798 0.055992 
0.014250 0.111447 0.057069 
0.014000 0.112130 0.056710 
0.013000 0.114894 0.055993 
0.013000 0.113526 0.056710 
0.013500 0.113516 0.056471 
0.012500 0.114904 0.056232 
0.013250 0.114205 0.056232 
0.013750 0.111499 0.058266 
0.013000 0.112201 0.058386 
0.013500 0.112181 0.057907 
0.012750 0.111529 0.058984 
0.013500 0.110822 0.058745 
0.012500 0.112216 0.058745 
0.010500 0.114985 0.058267 
0.011000 0.114970 0.057908 
0.010500 0.113644 0.059583 
0.011000 0.113615 0.058865 
0.010250 0.114321 0.059104 
0.012500 0.113566 0.057668 
0.015250 0.111385 0.055632 
0.015750 0.111370 0.055273 
0.015000 0.112064 0.055154 
0.014750 0.111426 0.056590 
0.014500 0.112120 0.056470 
0.017000 0.110660 0.055033 
0.014500 0.110759 0.057308 
0.011500 0.116287 0.055873 
0.010500 0.117667 0.055395 
0.011250 0.116972 0.055514 
0.010500 0.116319 0.056711 
0.011250 0.115621 0.056711 
0.009750 0.117022 0.056831 
0.012250 0.115593 0.055993 
0.009750 0.118353 0.055036 
0.010250 0.115663 0.057788 
0.009250 0.122424 0.051208 
0.007750 0.122455 0.052166 
0.009000 0.121754 0.052165 
0.005750 0.123820 0.050729 
0.006750 0.123816 0.050609 
0.006500 0.123137 0.051568 
0.008000 0.123114 0.050850 
0.008500 0.123107 0.050610 
0.007250 0.123805 0.050250 
0.007500 0.123129 0.051328 
0.006500 0.121790 0.053243 
0.006500 0.120438 0.054678 
0.007750 0.121097 0.053482 
0.008750 0.121089 0.053242 
0.007500 0.121782 0.053003 
0.008500 0.121770 0.052644 
0.007500 0.120422 0.054199 
0.009000 0.120405 0.053721 
0.011250 0.121008 0.050849 
0.010500 0.121706 0.050729 
0.010250 0.121053 0.052165 
0.011000 0.120356 0.052285 
0.010000 0.121738 0.051687 
0.012000 0.120314 0.051088 
0.010000 0.120384 0.053122 
0.028250 0.115119 0.045036 
0.022500 0.119942 0.042626 
0.023500 0.119930 0.042372 
0.022000 0.117250 0.045291 
0.023500 0.117237 0.045037 
0.019500 0.119980 0.043388 
0.020750 0.119285 0.043641 
0.020000 0.118648 0.045038 
0.021000 0.118629 0.044657 
0.022500 0.118604 0.044149 
0.023500 0.118591 0.043895 
0.022250 0.119273 0.043387 
0.023250 0.119254 0.043006 
0.022250 0.117936 0.044911 
0.023250 0.117923 0.044657 
0.026000 0.119899 0.041736 
0.024500 0.119924 0.042245 
0.025750 0.119229 0.042498 
0.027000 0.119887 0.041482 
0.028000 0.119868 0.041101 
0.027000 0.118534 0.042751 
0.028000 0.118515 0.042370 
0.026750 0.119216 0.042244 
0.027750 0.119197 0.041863 
0.024500 0.117230 0.044910 
0.025500 0.117211 0.044529 
0.028250 0.116478 0.044020 
0.027000 0.117185 0.044021 
0.028000 0.117159 0.043513 
0.027000 0.115825 0.045036 
0.028000 0.115812 0.044782 
0.026750 0.116511 0.044656 
0.024500 0.118572 0.043514 
0.025750 0.117878 0.043767 
0.024250 0.117910 0.044402 
0.026750 0.117865 0.043513 
0.027750 0.117840 0.043005 
0.020750 0.115227 0.047069 
0.023250 0.115194 0.046434 
0.022250 0.113853 0.047704 
0.023250 0.113832 0.047322 
0.022000 0.114523 0.047068 
0.023500 0.114509 0.046814 
0.021250 0.112553 0.050126 
0.023250 0.112488 0.048570 
0.023250 0.111138 0.049886 
0.022250 0.112518 0.049288 
0.023000 0.111825 0.049527 
0.021250 0.113895 0.048571 
0.020250 0.115268 0.047831 
0.020500 0.114603 0.048691 
0.019750 0.113953 0.050007 
0.021000 0.113241 0.049768 
0.019500 0.114642 0.049649 
0.022500 0.113187 0.048451 
0.023000 0.113177 0.048211 
0.028250 0.112424 0.047321 
0.024750 0.115180 0.046179 
0.025750 0.115173 0.046052 
0.024250 0.113818 0.047068 
0.025750 0.113812 0.046941 
0.024500 0.114502 0.046687 
0.025500 0.114496 0.046560 
0.028250 0.113763 0.046051 
0.027000 0.114468 0.046052 
0.028000 0.114441 0.045543 
0.027000 0.113121 0.047195 
0.028000 0.113100 0.046813 
0.024750 0.112478 0.048331 
0.025750 0.112473 0.048211 
0.024250 0.111127 0.049647 
0.025750 0.111112 0.049288 
0.024000 0.111805 0.049049 
0.027250 0.111086 0.048689 
0.028250 0.111065 0.048210 
0.026750 0.112459 0.047957 
0.028000 0.111755 0.047956 
0.021500 0.115892 0.046307 
0.020000 0.117282 0.045927 
0.021000 0.117263 0.045545 
0.020000 0.115939 0.047196 
0.021000 0.115905 0.046561 
0.019250 0.116636 0.047070 
0.022000 0.115885 0.046180 
0.023500 0.115879 0.046053 
0.022250 0.116564 0.045672 
0.023250 0.116557 0.045545 
0.019750 0.117975 0.045673 
0.020750 0.117962 0.045419 
0.019500 0.115979 0.047959 
0.019250 0.115321 0.049050 
0.024500 0.115865 0.045799 
0.025500 0.115852 0.045545 
0.031750 0.114998 0.042748 
0.032750 0.114985 0.042494 
0.033250 0.112240 0.044017 
0.032000 0.111598 0.045160 
0.033000 0.111569 0.044652 
0.031750 0.112282 0.044779 
0.032750 0.112254 0.044271 
0.030750 0.115052 0.043765 
0.030750 0.113694 0.044780 
0.029250 0.115099 0.044654 
0.030500 0.114380 0.044400 
0.031750 0.113646 0.043891 
0.032750 0.113618 0.043382 
0.031500 0.114345 0.043764 
0.032500 0.114311 0.043129 
0.031250 0.113673 0.044399 
0.034500 0.112883 0.042874 
0.035250 0.112176 0.042873 
0.038000 0.111398 0.041601 
0.036500 0.112820 0.041730 
0.037750 0.112091 0.041348 
0.036500 0.111455 0.042618 
0.037750 0.110719 0.042109 
0.036250 0.112148 0.042364 
0.035750 0.113528 0.041730 
0.034250 0.114937 0.041605 
0.035250 0.114910 0.041096 
0.034250 0.113570 0.042493 
0.035250 0.113542 0.041984 
0.034000 0.114257 0.042112 
0.036750 0.113494 0.041095 
0.037250 0.113480 0.040841 
0.036500 0.114188 0.040841 
0.034500 0.111526 0.043889 
0.035250 0.110820 0.043889 
0.034250 0.112212 0.043508 
0.034750 0.112197 0.043254 
0.033750 0.110870 0.044778 
0.036250 0.110776 0.043126 
0.031000 0.117068 0.041734 
0.029750 0.116412 0.042750 
0.030250 0.116393 0.042368 
0.029500 0.117094 0.042242 
0.030500 0.117074 0.041861 
0.031750 0.116360 0.041733 
0.032750 0.116353 0.041606 
0.031500 0.117061 0.041607 
0.033000 0.117042 0.041225 
0.031500 0.115672 0.042114 
0.032500 0.115665 0.041986 
0.030500 0.118471 0.041481 
0.029250 0.119172 0.041355 
0.030250 0.119154 0.040973 
0.029000 0.118496 0.041989 
0.030250 0.117782 0.041861 
0.031500 0.118445 0.040973 
0.032750 0.117737 0.040972 
0.029500 0.115772 0.044020 
0.030500 0.115739 0.043384 
0.029000 0.115785 0.044274 
0.034000 0.115632 0.041351 
0.035000 0.115605 0.040843 
0.034000 0.117016 0.040717 
0.030500 0.111662 0.046304 
0.029750 0.112367 0.046305 
0.030250 0.112353 0.046050 
0.029250 0.111029 0.047575 
0.030250 0.110993 0.046939 
0.029250 0.112388 0.046686 
0.031750 0.110935 0.045922 
0.031250 0.112318 0.045415 
0.029250 0.113742 0.045670 
0.030500 0.113030 0.045542 
0.028750 0.111044 0.047829 
0.020000 0.121291 0.041230 
0.021000 0.121291 0.041230 
0.019750 0.120644 0.042499 
0.020750 0.120625 0.042118 
0.022000 0.121279 0.040976 
0.023250 0.120601 0.041610 
0.022250 0.120619 0.041991 
0.022750 0.120613 0.041864 
0.024250 0.120589 0.041356 
0.025750 0.120570 0.040975 
0.026750 0.120552 0.040594 
0.021250 0.111184 0.050963 
0.019750 0.112593 0.051084 
0.020750 0.112568 0.050485 
0.020250 0.111236 0.052161 
0.021000 0.110534 0.052160 
0.019500 0.111922 0.051802 
0.022250 0.111169 0.050604 
0.022000 0.111856 0.050246 
0.020000 0.113280 0.050725 
0.019250 0.111267 0.052879 
0.009500 0.112348 0.061857 
0.006750 0.114423 0.061618 
0.009000 0.113694 0.060780 
0.008000 0.115070 0.060421 
0.008750 0.114375 0.060421 
0.008000 0.113718 0.061379 
0.008500 0.113713 0.061259 
0.007750 0.114399 0.061020 
0.007000 0.112450 0.064251 
0.009250 0.111689 0.062695 
0.009000 0.112363 0.062216 
0.009000 0.111063 0.064251 
0.007500 0.112429 0.063773 
0.006250 0.114486 0.063174 
0.006500 0.113817 0.063773 
0.005750 0.114515 0.063892 
0.007750 0.113093 0.063054 
0.007250 0.113113 0.063533 
0.006750 0.115771 0.060541 
0.005750 0.115790 0.061020 
0.007250 0.115747 0.059943 
0.004500 0.113876 0.065209 
0.004750 0.114539 0.064491 
0.004250 0.113243 0.066646 
0.003500 0.112607 0.067962 
0.004000 0.112582 0.067364 
0.003500 0.111267 0.068920 
0.004000 0.111252 0.068561 
0.003250 0.111947 0.068681 
0.003750 0.111932 0.068321 
0.003750 0.113258 0.067005 
0.006500 0.112465 0.064611 
0.006500 0.111157 0.066406 
0.005500 0.112531 0.066167 
0.006250 0.111823 0.065807 
0.008000 0.111105 0.065209 
0.008500 0.111084 0.064730 
0.007250 0.111772 0.064610 
0.007500 0.111126 0.065688 
0.005250 0.113193 0.065449 
0.005500 0.111199 0.067364 
0.006000 0.111183 0.067005 
0.005250 0.111870 0.066885 
0.005250 0.110540 0.068082 
0.011250 0.111597 0.060540 
0.011000 0.112282 0.060301 
0.010250 0.111658 0.061977 
0.011500 0.110953 0.061737 
0.010000 0.112328 0.061378 
0.012500 0.110890 0.060301 
0.012000 0.110922 0.061019 
0.010000 0.113659 0.059942 
0.009750 0.113003 0.060900 
0.010500 0.110995 0.062695 
0.011000 0.110974 0.062216 
0.004250 0.128495 0.065563 
0.002250 0.111983 0.069518 
0.001500 0.111367 0.071194 
0.003000 0.111299 0.069638 
0.003750 0.110598 0.069399 
0.002750 0.110646 0.070476 
0.000750 0.110736 0.072511 
0.001250 0.110720 0.072152 
0.000250 0.110774 0.073349 
0.004500 0.126579 0.071909 
0.004000 0.127992 0.072507 
0.003500 0.129368 0.071787 
0.003750 0.128687 0.072386 
0.003250 0.130053 0.071308 
0.002750 0.131428 0.070469 
0.002500 0.132130 0.070588 
0.000750 0.146848 0.073930 
0.000750 0.148235 0.073449 
0.000500 0.144759 0.074051 
0.000250 0.145459 0.074290 
0.000250 0.146851 0.074169 
0.039000 0.111362 0.040966 
0.039750 0.110639 0.040711 
0.038750 0.112056 0.040712 
0.000250 0.151004 0.071530 
0.000000 0.151692 0.070451 
0.000500 0.150311 0.072010 
0.000500 0.148930 0.073209 
0.004750 0.126373 0.088287 
0.000500 0.112161 0.089765 
0.001750 0.112849 0.090104 
0.002000 0.113540 0.090557 
0.002500 0.113532 0.090330 
0.003250 0.114212 0.090443 
0.004000 0.114884 0.090330 
0.000250 0.112879 0.091010 
0.001000 0.113569 0.091462 
0.001500 0.113562 0.091236 
0.002250 0.114237 0.091236 
0.000000 0.113591 0.092141 
0.001000 0.114958 0.092707 
0.001500 0.114947 0.092367 
0.003000 0.114909 0.091122 
0.004250 0.115564 0.090443 
0.004750 0.116916 0.090442 
0.001750 0.115625 0.092480 
0.003250 0.115595 0.091462 
0.004000 0.116263 0.091235 
0.004250 0.116938 0.091235 
0.003000 0.116293 0.092254 
0.003250 0.116974 0.092480 
0.004250 0.118304 0.091800 
0.004500 0.118979 0.091800 
0.003750 0.118335 0.092933 
0.004250 0.119668 0.092366 
0.005000 0.116226 0.089990 
0.005250 0.116903 0.089989 
0.005750 0.118240 0.089423 
0.006250 0.119584 0.089082 
0.005250 0.118267 0.090442 
0.005750 0.119608 0.089988 
0.005250 0.119636 0.091121 
0.000500 0.114979 0.093386 
0.000750 0.115663 0.093726 
0.001500 0.116326 0.093386 
0.001750 0.117016 0.093952 
0.000500 0.116360 0.094518 
0.000250 0.117045 0.094971 
0.003000 0.117670 0.093272 
0.001750 0.118372 0.094291 
0.002000 0.119045 0.094291 
0.000750 0.118393 0.095084 
0.001250 0.118378 0.094518 
0.001000 0.119069 0.095197 
0.001750 0.119732 0.094857 
0.002750 0.118356 0.093725 
0.003250 0.119703 0.093725 
0.003750 0.119689 0.093159 
0.000250 0.119752 0.095650 
0.004000 0.120343 0.092366 
0.004000 0.121700 0.092706 
0.004500 0.124378 0.091799 
0.004000 0.123053 0.092932 
0.003500 0.124401 0.092932 
0.004000 0.124392 0.092478 
0.006250 0.120936 0.088968 
0.006250 0.122287 0.088854 
0.005750 0.123644 0.088967 
0.006000 0.122959 0.088627 
0.005500 0.124334 0.089646 
0.005250 0.120993 0.091347 
0.005500 0.121663 0.091120 
0.005000 0.123021 0.091459 
0.005000 0.124362 0.091006 
0.003750 0.127790 0.090552 
0.003250 0.129154 0.089873 
0.004500 0.125738 0.091119 
0.003500 0.127125 0.091798 
0.004250 0.126427 0.091232 
0.003500 0.125764 0.092478 
0.003750 0.125078 0.092478 
0.003250 0.126450 0.092478 
0.002250 0.129186 0.091911 
0.002250 0.127831 0.092931 
0.001750 0.129205 0.093044 
0.003250 0.127805 0.091458 
0.002750 0.129174 0.091118 
0.002750 0.127821 0.092364 
0.002500 0.128502 0.092025 
0.005000 0.125697 0.088966 
0.001000 0.120419 0.095424 
0.002000 0.120405 0.094857 
0.001000 0.121763 0.095424 
0.002000 0.121747 0.094744 
0.003250 0.121055 0.093951 
0.003750 0.121042 0.093385 
0.003000 0.121734 0.094178 
0.003750 0.122389 0.093385 
0.002750 0.121066 0.094404 
0.002500 0.121742 0.094518 
0.001000 0.123109 0.095537 
0.002000 0.123095 0.094857 
0.001000 0.124449 0.095310 
0.001500 0.124444 0.095084 
0.003000 0.123075 0.093951 
0.003000 0.124410 0.093385 
0.002500 0.123087 0.094517 
0.000500 0.120424 0.095650 
0.000500 0.121771 0.095763 
0.000500 0.123114 0.095763 
0.000000 0.124460 0.095877 
0.002000 0.125799 0.094291 
0.002250 0.126473 0.093724 
0.000750 0.125133 0.095310 
0.001750 0.125122 0.094744 
0.000750 0.126503 0.095310 
0.001250 0.126494 0.094857 
0.002750 0.125100 0.093611 
0.002750 0.126465 0.093271 
0.001750 0.127846 0.093837 
0.001500 0.128536 0.094063 
0.001250 0.127862 0.094743 
0.001000 0.128556 0.095309 
0.001250 0.129232 0.094743 
0.000250 0.125140 0.095650 
0.000250 0.126513 0.095876 
0.000250 0.127891 0.096442 
0.000500 0.128569 0.096102 
0.000000 0.128581 0.096782 
0.001250 0.138747 0.086869 
0.001250 0.137392 0.088060 
0.000750 0.138771 0.088174 
0.000500 0.142149 0.084234 
0.000250 0.142838 0.084114 
0.000000 0.142179 0.085911 
0.000750 0.140122 0.086630 
0.000500 0.140803 0.086150 
0.000500 0.139451 0.087588 
0.002250 0.130541 0.090665 
0.002250 0.131908 0.090099 
0.002750 0.130531 0.089986 
0.002500 0.131221 0.090099 
0.002250 0.133272 0.089193 
0.002000 0.132600 0.090438 
0.002000 0.133967 0.089759 
0.002000 0.131233 0.091005 
0.001750 0.130565 0.092251 
0.001500 0.131253 0.092364 
0.002500 0.129857 0.090892 
0.001500 0.132614 0.091458 
0.001000 0.133981 0.090891 
0.001500 0.133979 0.090778 
0.001000 0.132628 0.092590 
0.000750 0.133317 0.092817 
0.001000 0.136714 0.089193 
0.001750 0.136019 0.088513 
0.001000 0.135346 0.089985 
0.001750 0.134659 0.090099 
0.001250 0.136030 0.089645 
0.000750 0.137399 0.088853 
0.000250 0.138774 0.088626 
0.000250 0.137415 0.090664 
0.000000 0.138099 0.090325 
0.000500 0.135365 0.091797 
0.000750 0.136044 0.091004 
0.000750 0.134681 0.092024 
0.001000 0.129924 0.095196 
0.001250 0.130597 0.094403 
0.000500 0.131296 0.095422 
0.000500 0.134011 0.093496 
0.000500 0.132656 0.094742 
0.000250 0.133340 0.094628 
0.000500 0.129934 0.095875 
0.000000 0.131304 0.095988 
0.000250 0.134693 0.093156 
0.000000 0.139465 0.088966 
