3.745401188473624643e+01 9.507143064099162189e+01 7.319939418114050511e+01 7.004593255275263175e+01
5.986584841970366000e+01 1.560186404424365136e+01 1.559945203362026511e+01 2.630099593280306891e+01
5.808361216819946549e+00 8.661761457749351223e+01 6.011150117432087825e+01 6.843989657689036221e+01
1.834045098534338081e+01 3.042422429595377054e+01 5.247564316322378630e+01 5.847879146812240236e+01
4.319450186421157412e+01 2.912291401980419181e+01 6.118528947223794745e+01 5.551799127698565428e+01
1.394938606520418389e+01 2.921446485352181455e+01 3.663618432936917202e+01 4.201906090559046447e+01
3.046137691733706987e+01 9.767211400638387886e+00 6.842330265121569255e+01 6.209787466072452844e+01
4.401524937396013115e+01 1.220382348447788345e+01 4.951769101112702032e+01 5.440751607612662610e+01
3.438852111521839561e+00 9.093204020787820241e+01 2.587799816000169173e+01 2.545178351430439534e+01
6.625222843539819451e+01 3.117110760894109589e+01 5.200680211778107775e+01 5.501570513427441256e+01
1.959828624191451851e+01 4.522728891053806599e+00 3.253303307632643282e+01 4.038120559921500075e+01
3.567533266935893010e+01 2.809345096873807535e+01 5.426960831582484701e+01 5.077069459480186708e+01
5.522117123602399147e-01 8.154614284548341629e+01 7.068573438476171589e+01 6.699366086074732607e+01
3.109823217156622022e+01 3.251833220267470637e+01 7.296061783380640975e+01 6.875655382600750443e+01
6.375574713552131101e+01 8.872127425763265762e+01 4.722149251619492816e+01 4.686732297856865159e+01
1.195942459383017109e+01 7.132447872229950292e+01 7.607850486168973703e+01 6.580000599190864818e+01
5.612771975694962379e+01 7.709671799545610327e+01 4.937955963643907609e+01 5.010459122324591164e+01
1.078914269933044423e+01 3.142918568673425117e+00 6.364104112637804178e+01 5.651731157964714214e+01
2.492922291488749309e+01 4.103829230356297586e+01 7.555511385430486371e+01 7.250004209550205303e+01
2.287981654916224628e+01 7.697990982879298727e+00 2.897514529137680128e+01 3.298765105984364965e+01
1.865700588860358522e+01 8.925589984899777107e+01 5.393422419156507175e+01 5.425834368534227536e+01
8.074401551640625030e+01 8.960912999234932386e+01 3.180034749718638665e+01 3.844200652910814853e+01
1.100519245276767677e+01 2.279351625419416649e+01 4.271077886262563084e+01 4.444783125110114241e+01
3.232029320207552558e+01 5.187906217433661027e+01 7.030189588951778035e+01 7.111389542211573200e+01
2.517822958253641730e+01 4.972485058923854240e+01 3.008783098167696579e+01 2.670377730394539384e+01
2.848404943774676212e+01 3.688694735453279527e+00 6.095643339798968441e+01 6.195279446173191218e+01
5.026790232288615101e+01 5.147875124998934737e+00 2.786464642366114219e+01 2.814359456674391069e+01
7.282163486118595586e+01 3.677831327192532029e+01 6.323058305935794721e+01 6.141122906704138273e+01
4.077514155476391622e+00 5.908929431882418015e+01 6.775643618422823522e+01 5.938694654248429572e+01
6.451727904094498456e+01 1.743664290049914456e+01 6.909377381024658860e+01 6.728210151887226687e+01
8.773393533809810663e+01 2.579416277151555903e+01 6.599840460341791015e+01 6.606042951915084416e+01
8.172222002012158271e+01 5.552008115994622983e+01 5.296505783560064629e+01 5.586494072038694014e+01
9.004180571633304453e+01 6.331014572732679113e+01 3.390297910487007016e+01 3.779195286347712113e+01
8.870864242651173015e+01 7.798755458576238198e+01 6.420316461542877562e+01 6.852469990968647551e+01
5.487337893665861088e+01 6.918951976926932446e+01 6.519612595026005408e+01 6.041362450188995581e+01
3.253996981592677429e+01 7.464914051180241472e+01 6.496328990472146359e+01 6.094732842908618409e+01
8.492234104941779549e+01 6.576128923003433613e+01 5.683086033354716449e+01 6.069397526338732973e+01
9.367476782809248448e+00 3.677158030594335258e+01 2.652023676817254483e+01 2.617383116652688457e+01
2.439896433790835673e+01 9.730105547524455289e+01 3.930977246667603708e+01 3.770554299500054896e+01
8.920465551771133050e+01 6.311386259972628920e+01 7.948113035416484706e+01 7.307278077089991086e+01
5.026370931051921076e+01 5.769038846263590870e+01 4.925176938188639042e+01 4.891479811591742788e+01
1.952429877980445028e+01 7.224521152615052699e+01 2.807723624408557939e+01 2.523929446916183394e+01
8.530094554673600271e+01 2.944488920695856748e+01 3.850977286019252688e+01 3.226328823151679615e+01
5.568012624583501236e+01 9.361547741607809314e+01 6.960297966749729426e+01 6.371787772738382216e+01
5.700611700893649925e+01 9.717649377076853057e+00 6.150072266991697489e+01 6.046872738271426329e+01
9.900538501042632333e+01 1.400840152365240243e+01 5.183296523637367414e+01 5.243794240819117647e+01
8.773730719279554080e+01 7.407686177542043993e+01 6.970157409952679473e+01 7.105069226141270633e+01
7.024840839871092157e+01 3.594911512197551673e+01 2.935918442644933535e+01 3.089694901509157177e+01
9.132405525564712434e+01 5.113423988609378057e+01 5.015162946871996041e+01 5.544364400919583602e+01
7.982951789667751541e+01 6.499639307777651709e+01 7.019668772577033167e+01 6.798556009572956782e+01
7.957926694361010789e+01 8.900053418175663467e+01 3.379951568515357962e+01 3.605026448545223872e+01
3.755829526399440255e+01 9.398193984086899988e+00 5.782801409961739836e+01 5.700723693214831655e+01
3.594227379674208578e+00 4.655980181324601830e+01 5.426446347075766141e+01 5.614256962927287020e+01
3.734818874921441711e+00 8.226005606596582709e+01 3.601906414112628596e+01 3.798723852399911749e+01
5.168172116860770160e+00 5.313546315681480081e+01 5.406351216101064949e+01 4.997008694495465875e+01
1.564370426710860507e+01 2.502428981645953243e+01 5.492266647061205020e+01 4.965448340038011565e+01
7.145959227000624026e+01 6.601973767177312880e+01 2.799338969459428483e+01 2.832115832034567759e+01
9.548652806631940848e+01 7.378969166957685388e+01 5.543540525114006812e+01 5.032134203077658441e+01
8.554605840110072279e+01 7.036578593800236092e+01 4.741738290873252026e+01 5.017662081194507095e+01
9.783416065100148273e+00 4.916158751168323704e+01 4.734717707805656772e+01 5.024240156774575183e+01
1.732018699100151693e+01 4.338516492379730494e+01 3.985047343973734257e+01 3.191005286451547107e+01
3.746126146264712276e+01 6.258599157142364078e+01 5.031362585800876985e+01 4.932971669109508639e+01
5.857755812734632883e+01 9.402302414249575691e+01 5.754741778758789650e+01 5.629528170040408952e+01
3.881699262065219358e+01 6.432882184423532124e+01 4.582528904915166379e+01 4.838291740974109700e+01
5.456167893159349092e+01 9.414648087765252171e+01 3.861026378007742466e+01 3.901649916127643536e+01
7.350710438038858285e+01 8.034809303848486195e+01 2.820345725713064766e+01 3.082752577217739542e+01
9.905051420006732599e+01 4.126176769114265142e+01 3.720180857927831397e+01 3.008321948575864013e+01
8.584127518430118187e+01 4.289940273750183763e+01 7.508710677914973530e+01 6.829066152204890727e+01
5.052523724478571410e+01 8.264574661077416806e+01 3.200496010306117256e+01 3.114394928016486830e+01
9.053819764192635944e+01 9.128667678613355818e+00 3.193136375904148849e+01 3.476529571198251034e+01
9.500619670508049808e+01 9.506071469375561378e+01 5.734378881232861147e+01 6.402675919005110927e+01
3.286645453699159702e+01 6.725184560770384223e+01 7.523745294376800530e+01 7.268620399512535357e+01
4.944203047025814612e+01 5.755876001664428365e+00 5.495288823237355302e+01 5.639285979450855280e+01
4.415305013733770068e+01 8.877041827582998224e+01 3.509150125520786645e+01 4.060109040841477679e+01
9.866395785011754072e+01 3.742707957561203358e+01 3.706421470668909279e+01 3.867282156676808569e+01
7.771469159274367655e+01 5.584042497358050383e+01 4.242220092469762704e+01 4.360740704401275991e+01
9.063543850947360170e+01 1.111974823061513362e+01 4.926251042908591415e+01 5.320341047481163343e+01
1.188179162680719259e+01 1.175262467771048769e+01 6.492103021160635024e+01 6.706330361940798923e+01
5.538542844013208111e+01 9.693025356190989328e+01 5.230978441701488180e+01 4.260763328947307826e+01
6.293986381352625159e+01 6.957486889846171607e+01 4.545410647677732641e+01 4.261479074052024885e+01
8.902637838909163293e+01 4.556567527857129107e+01 6.201325978015367468e+01 5.790066155924525759e+01
2.773811829811326746e+01 1.881211597237613020e+01 4.636984049399821828e+01 4.874443986296724063e+01
9.743948076661665425e+01 9.862107444796028233e+01 6.981617140197451477e+01 5.965705362036381132e+01
1.504168911035281830e+01 5.941307153521351125e+01 3.808908566310215349e+01 4.464904961506263703e+01
4.686931597949703132e+01 4.148195023376651847e+01 2.734070719307062447e+01 2.763062192601487510e+01
9.997176732861305481e+01 9.966368370739053262e+01 5.554317056026274457e+01 6.004749276300771754e+01
6.717006844058566628e+01 6.181282404578958278e+01 3.581627180328405302e+01 3.874841431157913263e+01
1.135575921996290205e+01 6.715731955927995500e+01 5.203077009037932754e+01 5.401793995965808648e+01
7.551372556736190234e+01 6.203095513534646699e+01 7.040797680992235996e+01 7.370584659695565222e+01
3.505875588065969595e+01 5.899176868546330610e+01 3.922440450997323325e+01 4.073935879330187504e+01
4.374749220237290359e+01 9.041586944937483850e+01 3.482554670233003691e+01 3.986320371477273738e+01
5.139894891598108018e+01 7.836530127411430158e+01 3.965427823212701242e+01 3.159002355830617148e+01
1.470734809290379275e+01 9.265876251614943726e+01 4.921162930795382096e+01 5.224006036359978111e+01
4.926180939928696034e+01 3.287516102875082424e+01 6.334008543167257699e+01 6.251660519438294727e+01
6.408747448032146110e+01 1.818800843991448346e+01 3.456672833238631881e+01 4.411890649305338741e+01
8.967884099060118785e+01 4.739616402628723790e+01 6.675577385210272041e+01 6.181075166067265769e+01
8.870253375705560828e+00 1.206358711006008022e+01 4.607787680327257362e+01 4.008697303846621196e+01
2.063337184057925100e+01 3.642698610480754695e+01 5.034172708548568664e+01 5.041825995971323948e+01
2.093493233367102846e+01 3.704721027913819853e+01 4.845229851910212915e+01 4.817342683070306464e+01
6.182547715302959546e+01 3.689136395697724424e+01 4.625347161331478674e+01 5.126709436372291151e+01
7.133495858845523685e+01 8.952068376871993394e+01 5.116774421156661390e+01 4.986696031343323909e+01
5.321134852653156599e+01 1.071720113397760521e+01 4.474123668234546614e+01 4.399358485962912368e+01
5.326172664550231417e+01 2.424705036347296527e+01 2.692432309493809584e+01 2.736934364770550587e+01
3.772841631046226496e+01 2.007119777772636837e+00 3.220791655831782663e+01 3.024510817152987840e+01
8.905272807398949908e+01 5.935924535540486602e+01 6.791023191444895701e+01 5.865834349003974779e+01
4.316595462296793784e+01 1.275803027955637603e+01 2.837759057987244660e+01 3.262881817671687656e+01
3.630822963986351226e+01 6.459172413316012751e+01 5.707783046689118578e+01 5.472226534893468397e+01
3.560967258978462269e+01 9.865152487929796621e+01 6.057748193568871642e+01 6.707491192659752244e+01
8.023374566164221733e+00 5.245113895702546358e+01 4.103968269896615340e+01 4.713097231206478455e+01
9.823786169086064035e+01 1.120389021680523456e+01 3.978555990457416414e+01 3.792054127826879295e+01
2.579028270449398264e+01 1.708875873900658249e+01 6.686432199244309516e+01 5.556794113526542134e+01
9.293759891275857399e+01 5.567628930139297694e+01 5.716126894698998484e+01 5.518268839261426706e+01
3.236792364042436532e+01 4.254364386164167655e+01 5.076103786844549859e+01 4.727258214821447524e+01
2.424097324150802280e+01 1.148368247392035357e+01 6.106200424416326200e+01 5.579577844349390148e+01
5.956387406078442837e+01 4.715761885501584061e+01 4.118409141472685064e+01 4.365497286184562142e+01
9.650269106665125207e+01 1.242972234855447233e+01 7.308674752036442612e+01 6.984451684328318777e+01
6.651972206962001621e+01 5.230654247691192893e+01 3.588304841235024867e+01 3.980352639421273864e+01
4.391349085702184141e+01 3.769444294249075966e+01 4.626797856696064315e+01 4.784054728597412520e+01
3.013778741641420922e+01 7.476093801762510793e+01 5.027203900924791213e+01 5.103040493825493229e+01
2.322126951468172962e+01 8.995745732745685075e+01 3.838912213732113798e+01 4.059371627636293312e+01
5.435528611139886124e+01 9.064721109645469710e+01 6.242379959139920942e+01 6.115020564146975346e+01
1.168980407083640749e+01 9.398321236134751189e+01 6.277080530714178508e+01 6.036251805186891062e+01
7.885972112245308097e+01 1.516748797327511866e+01 3.117220677955482344e+01 2.556204092644023973e+01
8.464522917345182407e+01 1.274886623319824253e+01 3.972872905603672677e+01 4.493942851921261195e+01
7.222525683930662410e+01 7.200365365460743305e+01 6.411476328852972983e+01 6.185557964751212978e+01
6.939484444670999608e+01 5.427244433475961927e+01 2.517990589069527374e+01 3.653777818521807319e+01
5.833917947661204551e+01 4.008514167636398895e+01 4.620058036441326976e+01 5.107863674672238119e+01
9.472833396118153360e+01 1.533514031160802027e+01 5.862298320167972321e+01 5.806565278778264627e+01
8.721239089441515091e+01 9.321182824836124325e+01 5.651331835892089117e+01 5.705808694527492975e+01
6.966508238768922467e+01 9.224993811772957031e+01 7.072386343133986486e+01 6.136263812011357288e+01
1.525390429142613513e+01 5.762883601668131917e+01 6.067150463828559026e+01 6.114880697607973303e+01
9.208418826173723915e+01 8.698963620621282189e+01 5.188380571260721297e+01 5.343984368347107505e+01
3.334991716911441983e+01 3.981686935909433345e+01 5.373956029379228738e+01 5.719264790452037772e+01
9.198556164127604973e+01 3.463459943659612605e+01 3.469532018962276965e+01 4.014284248743804540e+01
3.623938991166330936e+01 5.805883502780434213e+01 6.322642879195304033e+01 6.214539420303641037e+01
9.610703174694550910e+01 1.486627277531129465e+01 4.146241237270237434e+01 4.432239055966579855e+01
8.534966807864385885e+00 9.968742518459472990e+01 5.021950103312425995e+01 4.597012140753724907e+01
1.906877206636665534e+01 3.654966784809488001e+00 4.720669451099992386e+01 4.589493174019983002e+01
4.532888347480275826e+01 5.243902693275800431e+01 4.407627469382281760e+01 4.055729109389260145e+01
3.733093162797529629e+01 2.707446731435537757e+01 6.439995432390158214e+01 6.304520095701686699e+01
2.219721619329494544e+01 2.310747965880714005e+01 6.718927435987284014e+01 7.270065699279959404e+01
8.556964681062856926e+01 8.302198645669915322e+01 3.971835296184548270e+01 3.653051333523110600e+01
8.174435617384409625e+01 3.418173516978760063e+01 2.594234334312924872e+01 2.889950633973458594e+01
6.241489078491340337e+01 4.094116521912404494e+01 5.520471808519802437e+01 5.875728852080732878e+01
4.252135044692334276e+01 2.246930832011739820e+00 2.686773593849460795e+01 3.243882628989118189e+01
5.416342146608668884e+01 6.334782198261472530e+01 2.578876854332022717e+01 2.779819185895795997e+01
5.256901823026858267e+01 1.716792858483034934e+01 2.723073265193689707e+01 3.305439786250347112e+01
5.765164755142535569e+01 2.740552206872060026e+01 5.541780025157934375e+01 5.646811831636648549e+01
8.738900775625153017e+01 5.974131021703082922e+01 6.005168604336533633e+01 5.669481844606590926e+01
4.187705248920730838e+01 3.831385282494974831e+01 5.189177052828375736e+01 5.901880019014841849e+01
3.892956140419765632e+01 2.886937367706998714e+01 3.556727164649491613e+01 3.222229948429639279e+01
7.190459051842455551e+01 2.971217156231750067e+01 5.664046402968971705e+01 6.235307812721043774e+01
4.963662472012363480e+01 5.968428489168891815e+01 3.342438908169608425e+01 3.222072827297570541e+01
7.281887562036033046e+01 4.954913162061984622e+01 6.884023964277361074e+01 7.010120039626407618e+01
7.994158789689792854e+01 6.946964708544267353e+01 2.721451372299626925e+01 2.878996843907478720e+01
4.460057729579557417e+01 1.851329288386196481e+01 5.419009473783581399e+01 5.495294098154048612e+01
2.496680088591859459e+01 4.894249636431404582e+01 2.212094418196022261e+01 2.550545037043201191e+01
9.710582451653677083e+01 9.442664891134339200e+01 4.742142166574637940e+01 5.591147009017764447e+01
8.620426509893134437e+01 8.445493985350704236e+01 3.191004732432556423e+01 3.275055463063354466e+01
8.289154741506773405e+01 3.700763471549262107e+00 5.962698784820530307e+01 5.601225026203004376e+01
6.535634079894236947e+00 3.152903378306103477e+01 5.394912923753372525e+01 4.508933071636353418e+01
7.907231648389635836e+01 3.187525029320699232e+01 6.258913764370090860e+01 5.996083605748164302e+01
7.987832357736654387e+01 9.979341105333374173e+01 3.507118154517101516e+01 3.586107840869731689e+01
7.671882889311268627e+01 4.019309136092421397e+01 4.798756203039088319e+01 4.207010261851176836e+01
7.682734138645182043e+01 4.177667821673337301e+01 4.213570022770701939e+01 4.217301942333218534e+01
3.546221576407765497e+01 2.872389916540817367e+01 2.963081204559900783e+01 3.422861477991312995e+01
9.877223897360315163e+01 4.277731337358623165e+01 3.843266471596816558e+01 3.698397928170636106e+01
7.863450144155520150e+01 8.941100231225950878e+00 4.175807757849283774e+01 4.538939726646956530e+01
8.791183075621647447e+01 9.447320222914102317e+01 4.674015112498697277e+01 4.573683540942793968e+01
2.316717013834433914e+01 9.427317741351257041e+01 6.496466489923685117e+01 6.739934768623648154e+01
9.949078226464352781e+01 1.738952492194873045e+01 3.962420189026587281e+01 3.963287656963523631e+01
5.369744228934136032e+01 5.929399348417031490e+01 5.800862078378111875e+01 5.341263194689220484e+01
9.148683739775487211e+00 8.774608626303803760e+01 2.656000425887060601e+01 2.625851168119873336e+01
8.621276172654506809e+01 8.095160747248780808e+01 6.552419806390217616e+01 6.688433254704631281e+01
5.508573706091392808e+01 8.698675991141014308e+00 4.084532130706987374e+01 4.229143101165296770e+01
4.951465270139743069e+01 4.805865773266479835e+01 5.924077846595176311e+01 6.515765749511706417e+01
8.246809659251491098e+01 3.478092079021930516e+01 6.780161525590635563e+01 7.026553512552399638e+01
8.672942009598023105e+01 7.083629767150347334e+01 8.370133283636720023e+01 7.274141851266621472e+01
6.974714616692835989e+01 6.801407717603004244e+01 6.186113782151843310e+01 5.844480433542930342e+01
6.169269183757422326e+01 9.811861780274234945e+01 6.318135270166683881e+01 6.052316185103196489e+01
2.598035810641598076e+01 6.340057030996113241e+01 5.399853797158554869e+01 5.608553435926819475e+01
5.412665786761102993e+01 9.629920038589946785e+01 3.418721660386860606e+01 3.173522034105650036e+01
5.821704601762732523e+01 3.458830569529567356e+01 6.209155177674771409e+01 5.354271274009940385e+01
6.832953766065051582e+01 4.459027063767483412e+01 2.736266662816658624e+01 2.700812609276279375e+01
9.971245001577111111e+01 4.261813022359729786e+01 4.513870243296754836e+01 4.111598935949713507e+01
1.636238211916691654e+01 7.948095487499293199e+01 6.936822257814885972e+01 7.264312154771805297e+01
4.197273169261222847e+01 6.385259476640855780e+01 3.975943979627943037e+01 3.490769804921142594e+01
2.742152023486700330e+01 9.839776479598282322e+01 4.093340063150429842e+01 3.348107066123503728e+01
3.113408288451136041e+00 6.516668253758849971e+01 3.685263437237611583e+01 3.875099865079813810e+01
4.915945467414368864e+01 6.420893707513409154e+00 5.819714019143987827e+01 6.109993548347235759e+01
2.689934044350976805e+01 7.975591006371881519e+01 3.103619589235737664e+01 3.200710042032947911e+01
3.924935564066848315e+01 4.799388347171235125e+01 6.000205481193037116e+01 5.821459057557173367e+01
7.798509888933497791e+01 3.961882534835714509e+00 4.805069472578289691e+01 4.598368023433233986e+01
1.424955429015132324e+01 4.988881534513560467e+01 6.181557343181191300e+01 6.353876812916962535e+01
3.969232762015960958e+01 1.327157540430603433e+01 5.675408482615581818e+01 6.473461740272043130e+01
1.674825822590697655e+01 1.045678403344002483e+01 6.364302495436366769e+01 6.363496159239112870e+01
4.523182845183001177e+01 6.435776951965249282e+01 5.264026609361132358e+01 4.813042540171955608e+01
2.192139873580443066e+01 9.758652558191313631e+01 3.368957917711068717e+01 3.243869603087611608e+01
1.821179156886992700e+01 7.896985071424791158e+01 6.587077755008760960e+01 6.290015950025978952e+01
4.981957164531389992e+01 5.553635509376312029e+01 7.192017782722638231e+01 6.311658126098315336e+01
6.503256863469368909e+01 1.995424509291451187e+01 6.802282424312913633e+01 7.086796497303643605e+01
7.219840897917584321e+00 3.065250220580606477e+00 2.576828885112136902e+01 2.974833870115065793e+01
7.427065211999810401e+01 4.254933344480753732e+01 3.459349925469629028e+01 3.376984811090147076e+01
8.670314961224485728e+01 5.786754085723934082e+01 4.386154191895904830e+01 5.130455162871901820e+01
9.007018640112585217e+01 4.217209268734553973e+01 2.768277972350515626e+01 3.062040617382512764e+01
5.923503285933622209e+01 9.123633456166909639e+01 2.106621890056665691e+01 2.541897248656921349e+01
1.809769527094897512e+01 8.543850933695790673e+01 4.922778564480347541e+01 5.311598783468318885e+01
2.472310744031770469e+01 8.707499012725114085e+01 4.453052550026654899e+01 4.841053979994018164e+01
5.148173539296902135e+01 3.592333693997657207e+01 5.929508514349274151e+01 6.513624813859004803e+01
2.581334327011275320e+01 6.567366645412921855e+01 3.251900642246948792e+01 3.550203449042976445e+01
1.697579050875407347e+01 5.197739485560176576e+01 3.370031764312862776e+01 3.760347101488609667e+01
2.058412100367682385e+01 1.119196193977278853e+01 2.697496115169896314e+01 2.549426325253041270e+01
3.934354066850964671e+00 1.221099140100267988e+01 4.521990282834352826e+01 4.955820353362160091e+01
9.338750175279048449e+01 3.161561049767504983e+01 5.072348086883924623e+01 5.054098448160841883e+01
6.391199378155003785e+01 8.679182945200221866e+01 4.547398556338590936e+01 4.638198625903231687e+01
5.155960285792502162e+01 4.888465802569201912e+01 6.668642575461043975e+01 6.380014664965170823e+01
1.396512547563128948e+01 2.997358987267795261e+00 3.079299415911908966e+01 3.318769510378224652e+01
7.046807627366466420e+01 2.018534521229483758e+01 6.734324333249173833e+01 7.219933539845428072e+01
9.699120461072703847e+01 9.390071578941839192e+00 6.726021182251263042e+01 6.222184649857382510e+01
6.832480282896457879e+01 4.971747640084272746e+01 6.178472402012138787e+01 6.404615984903877290e+01
9.309486955069777991e+01 6.895267510315611048e+01 6.765133857772465831e+01 6.489396902132723710e+01
2.156751523977171558e+01 6.588854702326571555e+01 3.938644056541584604e+01 3.192268468588572006e+01
6.512329770414920915e+01 1.065930303079907304e+01 6.578453046030359985e+01 7.094352423330060731e+01
4.041403216510330054e+01 3.270331615632387212e+01 6.675933855635847181e+01 6.757155808237884287e+01
4.355833148129330112e+01 8.178342161750215666e+01 1.202090553706084464e+01 2.721231360516998876e+01
6.034485933813778757e+01 6.682127985550162919e+01 6.194903460096144698e+01 6.673534998185726863e+01
3.412478276261563792e+01 3.801956187858570502e+01 3.988227808969004684e+01 3.543439566491493053e+01
5.801723692273322541e+01 5.336025467268784439e+01 6.079050927934446236e+01 6.542875672289255817e+01
7.648832615421282810e+01 8.129857387160934934e+01 7.181230762264944190e+01 7.240229550336975706e+01
3.072899649262865651e+01 8.030258978326634178e+01 5.391612766752545127e+01 5.702588887992010314e+01
3.113076991560036433e+01 6.103337833109183919e+01 7.161506742231935618e+01 6.975313149520613365e+01
4.835456467199247044e+01 8.059925497751581247e+01 5.502265421562617576e+01 5.111395185450350453e+01
2.280797719489324749e+01 2.120448399082266633e+01 6.109809888509916931e+01 5.446867850033072500e+01
2.748060355481360872e+01 8.226143185136784552e+01 4.237382536487628215e+01 4.425189475060457056e+01
6.675498992914704388e+01 9.553531383466818738e+00 6.238593246765729816e+01 6.535362739964887169e+01
9.571455552016171708e+00 2.363858604633639615e+00 6.419715004432660521e+01 6.288501206586503400e+01
3.909059959055147004e+01 5.944763351861730172e+01 4.967668588591693890e+01 4.561171258886725610e+01
9.877855202148873559e+01 1.364397525567331293e+01 6.951445540475937435e+01 7.303247474515305271e+01
4.043187681042921611e+01 4.281996149256147532e+01 7.175977656581761721e+01 6.296126357256530071e+01
1.041096493841663317e+01 7.243388171287411126e+01 5.783869170064090781e+01 5.622104639283490002e+01
8.941908746641182404e+01 1.918673247187428998e+01 3.233715621155207742e+01 2.521209629444032174e+01
6.508773690471942075e+01 5.329577865513353174e+01 3.243337531153756004e+01 2.706173544722887314e+01
4.652056122837181817e+01 6.014234260078521466e+00 5.622968158779097791e+01 5.714217814335447798e+01
9.576252845053801366e+01 1.753029423576596457e+01 6.900048908206657927e+01 7.180276034681561725e+01
4.503709362581851394e+01 7.561633288952461385e+01 3.475715242389820503e+01 2.681340067525807314e+01
9.924835021583751882e+01 9.270009679242953382e+01 5.399571302805595963e+01 4.966910139781694511e+01
8.420332943764212530e+01 5.209579772720422142e+01 6.235856880027596816e+01 6.701996057440783261e+01
8.260676302525283177e+01 7.820280876703859008e+01 7.087446977429763706e+01 6.803374524802056555e+01
5.538022407123762747e+01 3.055243106580235590e+01 3.969815170742834454e+01 4.075800638567826439e+01
4.472025405048356816e+01 6.005943333606172985e+01 5.156794276964977541e+01 4.549515955803632039e+01
1.163663978854760828e+01 8.174497084911915579e+01 3.806232934765800735e+01 3.194993322107021783e+01
4.029801787651614831e+01 1.735245149865086844e+01 6.949510889024617200e+01 7.023309673441194434e+01
3.460997265377855570e+01 9.756102008599148689e+01 6.409720773453319964e+01 6.109502435219717853e+01
9.227571905133943631e+01 4.870619188189358795e+01 6.062529377509774520e+01 5.342524109349758987e+01
7.648098009029953914e+01 1.748386272604125580e+01 5.025660764634424282e+01 5.214008188972617575e+01
3.986630277723131144e+01 1.463739921622491025e+01 3.675344222915314418e+01 4.400832384390307084e+01
4.324978783301320107e+01 3.118161330852595725e+01 5.061418628402441300e+01 5.410159173808034438e+01
4.395116886329100936e+01 1.056646842617439219e+01 6.408263146902062601e+01 6.065289519949688923e+01
2.160381825095996078e+01 6.195879548978295759e+01 6.502010923981534063e+01 6.639252377795745019e+01
3.032751475675955533e+01 1.010458110106466911e+01 6.921613416941319485e+01 7.223879888991797316e+01
8.139702695060188375e+01 6.152194382310108978e+01 3.062536207866116555e+01 2.603189027406085998e+01
6.238958362916384459e+01 5.270414639116516042e+01 4.260833838903715076e+01 4.808801912707502169e+01
1.307103767401994787e+01 8.866042152404666865e+01 4.497846488213225058e+01 4.817356725947717422e+01
1.946225118207650695e+01 3.677593508772896058e+01 4.141297525289269998e+01 3.391499477009585917e+01
1.103126442864721390e+00 4.161539981797615440e+01 4.813441516353235983e+01 4.556804447955897075e+01
1.919227682305668647e+00 2.598132087450342098e+01 7.602898231221350045e+01 6.829996393058542026e+01
8.015371118829895636e+01 9.595766443210334273e+01 4.878540439263624506e+01 4.954344473585906172e+01
1.097361986775035092e+01 5.479594889736929275e+01 4.543773345599608859e+01 4.489204053176731435e+01
8.443570827396159473e+01 9.808258078424458404e+00 4.882411370217781865e+01 4.717118700988616098e+01
4.760181293687665516e+01 3.758882851457693164e+01 3.944762785700353191e+01 3.353478091436030439e+01
9.553346865039283387e+01 7.869033862552950609e+01 3.154068957480127366e+01 3.161780442924619194e+01
4.614774646247341394e+01 6.372014768082804181e+01 6.593539222057826521e+01 5.897072903263517674e+01
8.951177407065364378e+01 6.366696821672073270e+01 6.139335847600617768e+01 5.841590644197191295e+01
7.374337687214855919e+01 5.122219208126745116e+01 6.802277792083532404e+01 6.026719262783967679e+01
4.167290060238427074e+00 8.479201604580321572e+00 7.163233880626822270e+01 7.416425149870850930e+01
9.565013982994801722e+01 7.375083594590068969e+01 3.532514085020641659e+01 2.806653606013865243e+01
2.965355812876552122e+01 3.497032297458495265e+01 7.746535311811818758e+01 7.206326443897633283e+01
6.613706110704143271e+01 1.851955678674679362e+01 1.741093353340843564e+01 2.829070434258586886e+01
9.839564971339731514e+00 6.603027197013381056e+01 7.643726622217359079e+01 6.654694551282939585e+01
9.678600348450304125e+01 2.954447774774202529e+01 7.692231478381336274e+01 7.316413342871692294e+01
9.684887775943838051e+01 7.987141916545745346e+01 2.928220367009647518e+01 2.587872157428752118e+01
9.799703293588505915e+01 6.018815896363221185e+01 5.824226582072464709e+01 5.145314578755817791e+01
7.480731794295320469e+01 8.117697880901376095e+01 6.564786073315026727e+01 6.875856560165345854e+01
2.246156118438519300e+01 3.721670238375133266e+01 4.320768829441959724e+01 4.178284075047865542e+01
5.058526929518289705e+01 8.407030280111999332e+01 7.328015447662505721e+01 7.268557621924209400e+01
5.422372054918482576e+01 5.903476904587729024e+01 5.083605469162799295e+01 4.424277514553865132e+01
2.975484513188205682e+01 5.650219928590161089e+01 6.888853020500906155e+01 6.791925442352264497e+01
6.159854502601790216e+01 1.880247346154161292e+01 3.553845686857394526e+01 3.330698131100234605e+01
2.024805601652374065e+01 9.580734801193801786e+01 3.679407513020844789e+01 4.154942688890299252e+01
3.269316163380791096e+01 1.488880503324446813e+01 3.056042154902148766e+01 2.517535804477762440e+01
8.766507618282005865e+01 9.963343376272473506e+01 3.683095305068483327e+01 4.044643248645223821e+01
5.930443341867841411e+01 3.915256981778293266e+01 4.126218408486237621e+01 3.569313965979140590e+01
6.956181464968068440e+01 3.218263604278681633e-01 6.195893374598406922e+01 6.466121776992994796e+01
5.882022669483905020e+01 4.809728898861237667e+01 6.423255259052274369e+01 5.208608775215530073e+01
6.485359448296835083e+00 5.799837874281313077e+01 5.614845879595237221e+01 5.534794672749212197e+01
5.606600944161709066e+01 6.034876665964547726e+01 6.764679372263621815e+01 6.893586724891116546e+01
3.342383186960608299e+01 7.848969771114676064e+01 7.076809347409157169e+01 7.266234962026643984e+01
7.886149646724064155e+01 5.172690564416093650e+01 4.401989979554905830e+01 4.475560889204255943e+01
1.474525267062839440e+01 3.281927536093115805e+01 4.340193661738752695e+01 4.554989313395797979e+01
8.860042967961723193e+00 2.206119527112112522e+01 5.982252940637388150e+01 5.761593438437339643e+01
6.425651995351915957e+01 4.212480532940720224e+01 6.361773647082327443e+01 6.542274620170877597e+01
7.856516180802319127e+01 1.183361909233873277e+01 4.099048896962882793e+01 4.256634748909128518e+01
8.398022856356172383e+01 3.838329519330439865e+01 5.718722712271865305e+01 5.406662600838395605e+01
5.877693608621981980e+01 1.844762531336393607e+01 3.622354416522883724e+01 2.840189253298337135e+01
8.316970436757735285e+01 2.730708099728123983e+01 5.180787662388154047e+01 5.322104590518100053e+01
1.861014178462773216e+01 8.026433097957104223e+01 4.581868867378926780e+01 4.465687928950774221e+01
7.279393069737652411e+01 4.964611523552997596e+01 4.368507026151795714e+01 3.880094963214138915e+01
6.102251494776412954e+01 1.353540822776855279e+01 7.513750860290457467e+01 7.193273787114759443e+01
5.705472115125431287e+00 2.821870746932001595e+01 2.617056837359059784e+01 2.534479775844872407e+01
2.469787990719998305e+01 9.062545805210366723e+01 2.495461998495061096e+01 3.263620785404084756e+01
2.719497261286310064e+01 7.593982624179636787e+01 4.497398424505399817e+01 3.768110220582408942e+01
7.767105569551812039e+01 6.536615756438523661e+00 4.875711936733843288e+01 4.935408061930942836e+01
1.392453711175951625e+01 5.324206822752171320e+01 4.110956026007065134e+01 5.260971368579291152e+01
6.637896861755891109e+01 9.633944342135504257e+01 5.601681834618419487e+01 5.285681532316262832e+01
9.368224620330917674e+01 5.225787928602376731e+00 4.187933190741613743e+01 3.604587092771980394e+01
1.512468287349345530e+01 2.253169299512351031e+01 2.509666613402979962e+01 2.951652534742243006e+01
8.506160578411378026e+01 5.612227882825249026e+01 5.233909113743664676e+01 5.813038254132678162e+01
6.766836190000158346e+00 7.078350972297687349e+01 5.435382173426460639e+01 4.632719532749601399e+01
8.172534574677825958e+00 4.583006415286564561e+01 4.846962871300469544e+01 5.150538391690122353e+01
6.690223373291082964e+01 4.622955610006071936e+01 4.117655415845084832e+01 4.146675566877205199e+01
5.125026487703316747e+01 8.064036172328394514e+01 4.592398775969580527e+01 4.747490385023713344e+01
2.586208348880387575e+01 1.647063534322958844e+01 3.302150648714975745e+01 3.298133846935339619e+01
4.639313768123327719e+01 9.092202058615600890e+01 5.387017979527142586e+01 4.602319268958838450e+01
4.978125080342902464e+01 1.054736999566305755e+01 6.567801047242940626e+01 7.337812140205119249e+01
9.644766539008115558e+01 2.037664591276890746e+01 5.233296311947412960e+01 5.586275015601140126e+01
2.871379580845755441e+01 7.928544190338394060e+01 5.775933658811575100e+01 5.437783703194223506e+01
6.345824175503037878e+01 7.979141596158940786e+01 3.959704726624548954e+01 2.701206950518790251e+01
6.958991181688024596e+01 7.932613504382544534e+01 3.167616770675266835e+01 3.350960157602804657e+01
8.571792569987529475e+01 9.061432547657663861e+01 2.769044873778089411e+01 2.581713719242000948e+01
9.835214727152219893e+01 1.407115280487584208e+01 2.020156684024899718e+01 2.582559837373838008e+01
1.842248392380261279e+01 8.939897100078704284e+01 6.542925523249618891e+01 6.966924290231044381e+01
1.521042832222728691e+01 4.403234183683489533e+01 6.152980250698020370e+01 6.241027994813445190e+01
5.052067735766382128e+01 9.671266152591704213e+01 4.177609792750997286e+01 4.203093651550837961e+01
9.841103190364978559e+01 6.679199988036270952e+01 6.346712732539414503e+01 6.686682668956787268e+01
1.659548952957850076e+01 8.819277583046439872e+01 4.274896879206151823e+01 3.846158705934657718e+01
1.622334057824793518e+01 1.260751997575904060e+00 5.597556836383825640e+01 5.810548397276343735e+01
7.940658464302952524e+00 7.314964903403622998e+01 1.874119440975822215e+01 2.542397026851939401e+01
8.581770531571639538e+01 8.190635138616561051e+01 5.407937549855444104e+01 5.674001835643061042e+01
7.102427986233115575e+01 3.143501131837484053e+01 4.711678989328146372e+01 4.367564858508681880e+01
8.216368977104716009e+01 4.592651971732139060e+01 3.577982653254417755e+01 3.618280565269292737e+01
4.942124472502998600e+01 8.282492524372183595e+01 3.352080473708727482e+01 2.925187283694707219e+01
6.511475848816741063e+01 6.209285674784311482e+01 3.523749466096543870e+01 4.302077749923832783e+01
6.341421382957368280e+01 1.262647415645027316e+01 6.761775620754339400e+01 7.143531904341737970e+01
8.370411252429400406e+01 2.792760884544104272e+01 6.428819100587077173e+01 6.464371029245749867e+01
6.941505735098310481e+01 5.126547531450529505e+01 3.053106766967312780e+01 3.519935067681761609e+01
2.126443763710961221e+01 3.318935456242622095e+00 3.039464012407238158e+01 3.362712995205234989e+01
7.660647765353026273e+01 7.884473432532986692e+01 6.649849034759952815e+01 5.556434349124218386e+01
2.602868575660030004e+01 9.071950307058298790e+01 6.707323119058339955e+01 6.619559087759816407e+01
5.604406309804399200e+01 1.109894692134810690e+01 4.470555438064253906e+01 3.422098348451664407e+01
4.603582712019262857e+01 8.645636095226699069e+01 5.466482201877884961e+01 4.970973533825110735e+01
4.225484283119445905e+01 4.202467517140529019e+00 7.399041207669303333e+01 7.114720052199240286e+01
2.418938282588389654e+01 1.240403627731478942e+00 4.687679654645058491e+01 4.692778495648616399e+01
9.028949951919872774e+01 8.522638743911814174e+01 6.678046832264065813e+01 5.631492758604217386e+01
9.385728482335620626e+00 9.096268194365923421e+01 6.692002629380783674e+01 6.882414977299738723e+01
8.292867993167554630e+01 8.789789002822672614e+01 5.717723520483222188e+01 6.066724314238488347e+01
5.174463517550412917e+01 4.304274103209901625e+01 3.169465877911192919e+01 2.989865834027865077e+01
4.345959608587117629e+01 7.738796557301563439e+01 6.019234310151315981e+01 6.095193742029720596e+01
8.925232899548460352e+01 4.433800143791876991e+01 6.070895787187539838e+01 6.075921573304639622e+01
6.313075530919887512e+01 5.916971623063255237e+01 7.026337730855163954e+01 7.020063258547091323e+01
3.845113276448125816e+01 4.876670686212644057e+01 6.522242595454724778e+01 5.900976538093372170e+01
9.505310525862034865e+01 6.006510665483558853e+01 7.435939161765597305e+01 7.267509987120860160e+01
2.543915808418469737e+01 3.618530932051386628e+01 4.724933550065135535e+01 4.356568056306690551e+01
4.564874550238373629e+00 1.400240975533176879e+01 2.768143077913057937e+01 3.194169968818070160e+01
9.715326909010506995e+01 3.313470071030507569e+01 4.820410581120825100e+01 4.234307272193018434e+01
1.960977127383929286e+01 6.107800710757682339e+01 2.806832155159743181e+01 2.721077575714122432e+01
5.720486433693008621e+01 5.126677259564164046e+01 2.934888232081216586e+01 2.639497943394103174e+01
6.170665161178013136e+01 1.138383934766014072e+01 3.452231428016921200e+01 2.920746229527855320e+01
5.074119387178088658e+01 8.742225246851758413e+01 4.935465803401186946e+01 4.797528825492916837e+01
2.747315255195195149e+01 3.945760755976463940e+01 4.218281785388313665e+01 3.930361679289308796e+01
4.110210752655457611e+01 9.076110025565549222e+01 7.140326444668563965e+01 6.959419450626300829e+01
6.364013701834070247e+01 5.113538144210072467e+00 2.576072203337218625e+01 3.004278956340114348e+01
5.952470034777168628e+00 6.037954529493877232e+01 6.865899134926067404e+01 6.774674133488932171e+01
1.144876380659051129e+01 3.838388830449795108e+01 4.562365089555419928e+01 4.663083361514063085e+01
3.690530217609165931e+01 1.210250004851930505e+01 4.189477901874754195e+01 4.271366337471181396e+01
3.547712918359842149e+01 9.417257116189250610e+01 6.685726467229140724e+01 6.732128740257354593e+01
6.786699566725647514e+01 3.619199908378649866e+01 5.936607912085383987e+01 5.783899302069873016e+01
4.220342601276389871e+01 2.950407076541562290e+01 4.860004937976029993e+01 4.800594516611489837e+01
6.522916485919397189e+01 8.456043629899068037e+01 6.924928266692252521e+01 6.238404494359730279e+01
4.299310773901481042e+01 6.729666223944323633e+01 2.753811742554185216e+01 3.083699121875073956e+01
3.063134987782126828e+01 7.889851599207932509e+01 4.464195164015821859e+01 5.027556982405138797e+01
9.166352358412072476e+01 4.309852205132962411e+01 3.188668183211388296e+01 3.098092744845751056e+01
5.821987465941138851e+01 3.711724234376275433e+01 6.010741668002329874e+01 5.478482681460810255e+01
7.055858626438245551e+01 6.884050184921368043e+01 3.745528870201213323e+01 3.960793676039730826e+01
2.544775990575087743e+00 6.458223862864842602e+01 6.369023174547432120e+01 6.163495270908195067e+01
3.406041665812916364e+01 7.171188884765101079e+00 4.096288948952319942e+01 4.456370665336454095e+01
3.112174950633935921e+01 6.771206397350093198e+01 6.057792494526903226e+01 6.172308974825972427e+01
4.855896996593978088e+01 2.753671986946548689e+00 5.054551179104499425e+01 5.340796619330568262e+01
2.335209632818591174e+00 7.562136139501768639e+01 4.585230088818907035e+01 3.967832713209647011e+01
2.884054378187457246e+01 9.611354854075929666e+01 3.894818949024203647e+01 4.231403856434329924e+01
3.855119047369223040e+01 3.403871042545056724e+01 5.414076073475852269e+01 5.689759923117172491e+01
1.541450431784871000e+01 5.537114853580111884e+01 5.417048124100040241e+01 6.020936369987838077e+01
7.619018126048699457e+01 8.336499619375855730e+01 4.404413503124240492e+01 3.876094395771479384e+01
5.764758219902487824e+00 3.424479788347133535e+01 2.702476921307832569e+01 2.730888952382485613e+01
9.664173858664074146e+01 5.577088262500438987e+01 3.472770390305075239e+01 3.556063639883004868e+01
5.804676009936959957e+01 1.391967013456955016e+01 4.440437492022029176e+01 4.753248939696833020e+01
6.262343214210638109e+01 4.888978317924513561e+01 4.017788006543242574e+01 3.639647131012020509e+01
5.693773611822827974e+01 6.206604798245840726e+01 2.013121078224332550e+01 2.679061230362009383e+01
3.951377432643185728e+01 3.945953289089931815e+00 4.755460374868266626e+01 4.489607397870586425e+01
9.094546109372420517e+01 7.221432354559058808e+01 5.333866287653626159e+01 5.289914206751280545e+01
1.248208139668482985e+01 7.942106625494054128e+01 2.757675682513569626e+01 3.290483312367724977e+01
4.626756050653935404e+01 9.809873781626851041e+01 4.834074359731466330e+01 4.976817831331049291e+01
8.635475225145451361e+01 5.887315221313198776e+01 3.753299079196018795e+01 2.988791566988624027e+01
3.865405068230278829e+01 5.112754622007511784e+01 4.923254800011819299e+01 4.869502689782793681e+01
4.075842085738169374e+01 8.275189221063030232e+01 7.645277946547176384e+01 6.872276674437337363e+01
5.735289514555732637e+01 9.560471436119331656e+01 2.004745155284027902e+01 2.690049346029080368e+01
1.092642103096214079e+01 8.539619669554221559e+01 4.391498166337483156e+01 3.539582498754374029e+01
8.834647629860606344e+01 4.483190553694221592e+01 5.104324890042322238e+01 4.265777610806239295e+01
4.768434683178170985e+01 6.877220424305606628e+01 7.227069576982285071e+01 6.640220171605417931e+01
3.587155254170134810e+01 8.044372076795049509e+01 2.787598724145530227e+01 2.888982524957220477e+01
2.946193963461931631e+01 1.431527766705997795e+00 7.378695185615301000e+01 7.297585611104524617e+01
7.534279222569691115e+01 7.689227821076410407e+01 6.585405156700548446e+01 6.658323289821534274e+01
7.661159327955861897e+01 8.459214396777321099e+01 6.136041142374584467e+01 6.538886879335709068e+01
5.006242680704178127e+01 7.945155444907486242e+01 7.070864772666980969e+01 7.223566113613694029e+01
5.022601146397375871e+00 7.290183536790351582e+00 4.028732826326370997e+01 3.058023792883049552e+01
8.034827432968846495e+01 9.292280536318538964e+01 4.051026945275664559e+01 4.505756531524446018e+01
9.061110021324971342e+01 3.214957012478819820e+01 4.764369863437916308e+01 4.432496640138444377e+01
6.034930960433786140e+01 3.578140841135488870e+01 6.478174459905284266e+01 6.561393658590694145e+01
1.229206784653875673e+01 8.886590802653986998e+01 5.030839507798363286e+01 4.838003209237428592e+01
4.493497420396420949e+01 5.858647884535191963e+01 6.247838627894024910e+01 6.456632818715419830e+01
7.753461504031355389e+01 2.714093804467143656e+01 4.966954228179465503e+01 5.063751639819929551e+01
2.842740929275166906e+01 1.338283629996931445e+01 6.295576968917365690e+01 6.848121512335087857e+01
5.433203482290382524e+00 7.486452341262000232e+01 3.175867952611166700e+01 2.891993844554067294e+01
8.393384923560023481e+01 3.819922658583108088e-01 2.468238692019022551e+01 2.835479520007991283e+01
4.338174195765295593e+01 9.099431438543919626e+01 3.773180539631928809e+01 4.379979320783053254e+01
9.640784164901081965e+01 8.928952452557293640e+00 6.870192665032426760e+01 6.988241312139965089e+01
4.938140404569286801e+01 3.876488054556470786e+01 6.327118787486008955e+01 6.566384202940207615e+01
7.610377902507829617e+01 9.507727077313380448e+01 7.025405015348069071e+01 7.345573570812905473e+01
6.441492214759159651e+01 4.818601239329622921e+00 3.600504659009783381e+01 3.539177822882446378e+01
9.567998154842861425e+01 5.004011457102011917e+01 4.327291360197046544e+01 4.816245494833601981e+01
4.576996051592939807e+01 2.088827240051637091e+01 3.687071708647952306e+01 3.383969670125322438e+01
3.698132559871766034e+01 5.235502018747240527e+00 7.675676285179181946e+01 6.784238777043515256e+01
2.119940546986580543e+01 6.573534821701285580e+01 4.722818041629817287e+01 5.317820328186989087e+01
6.516397604772765817e+01 7.385974581323307575e+01 3.156273437633500123e+01 3.178067269604391853e+01
6.448326040223138023e+01 3.951309076115032326e+01 7.132068832826176674e+01 7.391834049084154401e+01
1.992152748940531026e+01 8.902150026361744040e+01 2.874095964655797175e+01 2.741921255223914855e+01
1.469338865495384283e+00 3.790940486719362212e+01 3.373455467690926923e+01 3.879139596286016456e+01
1.932763091760103524e+00 1.243683990005102302e+01 4.136426749186352936e+01 4.497917005735264695e+01
4.928645844474466031e+01 4.042897472548690985e+01 5.309376784120938453e+01 5.714490700272154555e+01
5.951316749056815070e+01 9.923821127835630307e-01 4.640951594535038538e+01 4.538292772133994646e+01
2.933086107805646847e+01 7.731418739186715072e+01 5.179605277125789087e+01 5.236795157477106955e+01
7.831984132986259795e+01 7.803761235709804112e+01 4.579957590035714787e+01 4.607917920497323649e+01
2.282353634936990971e+01 2.466036349780246084e+01 4.840770697102016129e+01 4.773135426749883692e+01
7.560504061675077381e+00 3.656807482613713489e+01 2.253812680067658292e+01 3.280010426128261258e+01
1.958330841342700168e+01 1.408029488926760919e+01 6.224136415659966559e+01 6.563325015482280378e+01
8.111237699334708395e+01 6.359547071637285143e+01 3.881657061269955022e+01 3.708953585353687998e+01
6.741302955360629312e+01 2.599049792428328587e+01 3.451922084942105329e+01 3.749903739357650778e+01
9.174858431319901797e+01 2.905045056714203966e+01 4.699882681579366306e+01 4.941527929793878116e+01
1.473030442789703365e+01 7.841590771916817637e-01 6.309217902291634061e+01 6.260542405146335909e+01
5.296597239456198736e+01 2.418932941128891656e+01 5.006035711547075806e+01 5.882247713505095277e+01
6.796203327351078372e+01 7.623921797356447705e+00 2.747038150478919860e+01 2.776373452163738520e+01
8.069654908839936525e+01 4.596648704026612364e+01 5.465771420322948870e+01 4.957434232312391487e+01
8.436496640518237200e+01 9.811925291641158253e+01 7.931428739967394392e+01 6.183906128723091911e+01
7.117228057460486923e+01 9.811437317918219492e+01 5.695397795671036789e+01 5.902404266643382158e+01
2.595417831760903482e+01 4.369958856656208468e+01 5.935609353787859277e+01 5.284381311791834435e+01
9.437015928202208670e+01 9.601356044054472250e+01 5.214596387214719186e+01 4.945951881768524316e+01
5.650853124527562699e+01 7.716269109786077252e+01 4.988956645359419184e+01 5.585980137190706785e+01
1.210311677610742542e+00 9.038469079292177355e-01 3.570293439700121496e+01 3.761014202359640279e+01
9.261940684317819716e+01 2.286767796036087574e+01 6.343636888716871169e+01 6.964196074964557681e+01
7.288614422699468776e+01 9.539927731321062865e+00 4.287020209864336096e+01 4.501695045110350435e+01
2.916976364526446819e+00 4.808901466030089722e+01 6.624340117010680729e+01 6.807757551426753651e+01
1.185026235981515619e+01 2.888849389091656761e+01 3.978366255021569486e+01 4.285087888346644291e+01
7.610079234953920491e+01 3.717240664023432117e+01 3.924581862294800061e+01 3.273644936358407165e+01
2.510013832623002727e+01 5.640740288335177866e+01 3.585784615248731910e+01 3.711774020701754040e+01
9.182390866754370506e+01 1.018036829495368956e+01 5.059579077349316378e+01 4.280720519084497511e+01
9.504591705752957864e+01 5.816222929891935678e+01 4.366141897687661100e+01 3.621648146368698207e+01
9.464565131504055273e+01 8.925582274864744647e+01 4.194479939573135852e+01 4.367134717655520859e+01
7.803655030068816245e+01 4.763357333010988270e+01 4.975398521461021772e+01 4.895750720180084414e+01
8.358259279105159578e+01 3.321910331156045970e+01 6.936180574737952043e+01 6.323526737980471069e+01
7.655467505158608787e+01 1.163475536614111405e-03 4.165658284822922042e+01 4.285863891657250235e+01
2.261253312496719303e+01 3.041987196362808632e+01 3.039425122550273173e+01 3.252129437259565492e+01
2.304166621173499152e+01 1.473822086311415980e-01 7.293447940879963198e+01 6.612769005256112109e+01
9.668454997992853350e+01 2.242934832850450633e+01 6.630471918034224643e+01 6.074383218836079124e+01
7.418963269587150933e+01 8.484253790905246717e+01 4.226291970136091436e+01 4.169683321323707048e+01
8.167794665056359804e+01 1.816139677566026478e+01 3.709410081577652107e+01 4.143109852322285036e+01
7.542482596820806862e+01 3.931952010279222520e+01 5.906378339946377309e+01 5.718083902537622265e+01
6.610142542473202809e+01 7.845581631712395421e+00 5.444969591038650947e+01 5.381218931699498853e+01
7.093208284726095769e+01 1.673213040010603692e+01 7.806317174255570990e+01 7.289979409746577232e+01
2.653261375554669854e+01 6.015538792998241036e+01 2.965599122059306936e+01 3.079885165223069521e+01
5.138544642067677160e+01 5.088905555910558576e+01 3.692807702155410965e+01 4.308997302164056009e+01
9.329248625696720865e+01 8.275063198732212300e+01 6.972093819096367895e+01 6.240900953162672238e+01
8.565372237479267881e+01 7.011698615902596998e+01 7.270567616153901724e+01 6.932627398099947413e+01
5.620727944025711054e+01 9.470906671085191419e+01 4.962587528823615202e+01 4.704695495063665334e+01
8.389973277180106948e+01 1.141798345407363247e+00 7.036997796290509655e+01 6.728254640750505189e+01
7.048710100433817161e+01 8.171281420155851549e+01 5.464303160778472801e+01 5.363346360637935817e+01
9.670352752561461784e+01 5.166872165796110750e+00 5.047955983045281414e+01 5.158664513907412186e+01
8.000034817636813500e+01 5.527070757185452976e+01 3.965536819899632093e+01 3.865128202628807230e+01
6.727029942088979908e+01 7.966813971913722980e+01 2.504678987924989642e+01 3.049339666239066560e+01
9.060870604812605222e+01 1.215677147738680741e+00 6.740199190587927092e+01 7.043445503667297203e+01
5.183579911972902465e+00 5.488586650773559228e+01 2.876327290436782036e+01 2.911265482235023683e+01
3.067765995221412112e+01 3.529585034523565668e+01 6.212924490496101271e+01 4.717623766393833051e+01
3.340499656687691754e+01 7.326990505902803363e+01 4.045273855738697222e+01 4.257419422065928671e+01
6.835320030995861273e+00 7.837598424841073097e+01 2.857583245927060034e+01 2.661918043312627802e+01
4.327668795992626372e+01 6.854438832219015865e+01 3.324561571487119949e+01 3.201424365778350278e+01
6.417343972985581502e+01 6.714791486672069709e+01 6.322821536376398655e+01 6.569615779313494386e+01
1.989921389594367795e+01 4.183338641022801596e+01 7.509397983633182605e+01 6.785107460219705899e+01
1.013728975531591558e+01 2.778527760897122789e+01 2.763191084658536312e+01 2.822403357654233602e+01
7.045544280274452831e+01 4.227286368939322614e+01 3.465241679527182583e+01 3.091746490423592419e+01
6.567560634745571235e+01 9.685373316998922633e+01 6.036372005593750600e+01 6.551937222934012084e+01
2.972907903073336300e+01 9.206698608247542381e+00 5.990445871503815312e+01 6.224624832985680456e+01
6.760262880525475282e+01 7.066298698787095134e+01 6.100074170794857054e+01 5.904754013185128514e+01
3.129073942136482245e+01 2.710962537640657644e+01 5.976682827027030953e+01 6.531836414901091814e+01
1.548286125977198502e+01 9.447362587830797054e+01 7.365352283347925777e+01 6.588833818591700719e+01
8.829938248297730752e+01 2.026326341353431459e+01 5.875858711094018361e+01 5.313494891384047492e+01
7.011395944174736883e+01 6.801118854469726216e+01 4.081516908666981180e+01 4.708092609093121439e+01
1.539489169130847657e+00 5.829260568042631263e+01 2.531015391796087499e+01 2.774971767860030525e+01
4.502542461428903664e+01 9.575810150838172774e+01 3.990353176424347481e+01 3.373353116054383349e+01
8.398016066644267141e+01 1.885406057492511422e+01 6.724604980250288122e+01 5.841689232162991630e+01
4.335827926326143711e+01 9.262548305136720117e+00 7.483843496762312952e+01 6.558164142767353155e+01
9.145486638485589026e+01 4.340209727087588476e+01 2.587116421554409484e+01 2.509199176550909272e+01
5.894539894846971606e+01 6.132916848873790627e+01 6.376882468959355066e+01 5.578404431109768780e+01
1.374555401134525123e+00 2.483762603698001925e+01 2.144064829931645733e+01 2.518608759081693194e+01
4.589405165968203448e+01 7.327334747861651465e+01 6.067317247174364070e+01 5.994142912090265440e+01
5.214490241668801218e+01 6.845871933357805972e+00 3.711129384301278122e+01 3.401041572543900315e+01
9.207666084633572723e+01 5.844489097574260228e+01 5.383319432557134121e+01 5.288401868525402705e+01
6.664630475268357657e+01 7.873870267523328437e+01 4.543454230676551475e+01 4.656116820446803928e+01
4.276013337033373318e+01 4.425455148147455731e+01 6.493223245768817264e+01 6.808047252483764566e+01
7.644407280755044098e+01 4.096710533759926420e+01 6.551737145243380667e+01 6.471080783856611163e+01
7.049194564314465339e+00 1.856467049012430337e+01 6.642193849889682156e+01 6.532292497085815342e+01
8.816906118435080941e+01 8.141256855911618118e+01 6.851343098744841598e+01 7.080579383344282007e+01
1.104318634111026753e+01 2.891874462959498260e+01 3.098068753224689686e+01 3.220071784796089531e+01
2.499569463976212091e+01 5.150056597097231048e+01 5.355538148796726006e+01 5.099640141970736096e+01
9.528150170025060106e+01 3.267425420300408234e+01 3.544249487930548526e+01 3.346874677762895089e+01
1.025679625835898001e+01 3.927307432714162161e+01 5.533711897497718724e+01 6.018754890586376405e+01
7.483558536657398008e+01 4.392106012497173140e+01 6.105467550154245515e+01 6.132619501817411845e+01
8.908555349831466685e+01 2.415368417016817659e+01 3.542713272172156280e+01 3.008278228303027646e+01
1.053454844813331803e+01 2.223613047481702765e+01 5.192245707802051413e+01 4.769400297919577270e+01
9.598628027134552099e+01 6.163004859257240753e+01 5.568784431720958850e+01 6.003113052088740176e+01
4.157751035233219028e+01 4.289443334301442690e+01 5.409050038380808445e+01 5.910451405540850089e+01
6.056378893234114713e+01 1.172039056802334223e+01 3.372065755657520469e+01 3.208171910845413066e+01
3.918593731880260123e+01 8.956747776187786769e+01 2.043163833989702738e+01 2.635541585695231248e+01
7.927581135728128459e+01 6.904590631459972982e+00 4.742550209769535741e+01 4.749122604049419749e+01
5.606782949389499038e+01 6.284264566145870390e+01 6.886316293078755280e+01 6.484927455644456984e+01
8.433261677878832074e+01 4.850946599795401681e+01 3.336283958368656499e+01 3.563736722790997646e+01
8.549740195614742788e+01 8.825598767723472804e+01 4.663097561401701086e+01 4.456840036739916400e+01
8.773504531328386236e+01 3.894049389788752791e+01 5.417609642675632386e+01 5.397929330270557813e+01
9.680658120507588649e+01 6.656472791422284985e+00 6.483180074520956282e+01 6.489652064593572334e+01
4.334722327556343657e+01 9.971823539029503536e+01 5.590592849466021619e+01 5.655548685802045838e+01
3.211621526359535039e+01 2.201113259047531301e+01 3.505205342861618334e+01 3.535326358533471591e+01
3.725332737595508092e+01 6.871367772396097529e+00 3.695741994267731911e+01 3.143809899161660937e+01
4.642385197392249552e+01 7.227377522388046316e+01 6.567294847216079745e+01 6.491189371713277012e+01
8.044946424318223421e+01 7.728095732903373971e+01 5.484191629935626366e+01 5.961066759633195744e+01
6.646332577627211968e+00 7.665150495325846691e+01 5.837135877313639298e+01 6.147179172063366792e+01
5.180080664046248273e+01 1.403245181935149866e+01 6.711574733796886960e+01 6.628261179769690159e+01
9.082284887003228846e+01 7.587153211639207484e+01 5.971553059903018834e+01 5.970062359983668898e+01
6.541327370278736453e+01 8.891279239400098788e+01 5.788067545119405111e+01 6.093828379739329648e+01
6.323913243283874408e+01 1.564767160036005755e+01 4.739212201161026883e+01 4.827876382731598426e+01
7.163971119580989466e+01 2.709426983163654157e+01 2.022541805245349167e+01 2.637814307849624385e+01
4.248508428680869287e+01 9.078385138835341195e+01 5.070596467387182571e+01 4.655301207218543880e+01
1.879203808153230426e+01 7.697166938087407928e+00 6.961561451379252219e+01 6.727921141295142604e+01
3.827987644363878417e+01 8.218309465853592144e+01 6.595107686407702374e+01 6.897002221773581709e+01
7.962414505413684651e+01 2.719460394184487484e+01 6.923589224610580573e+01 6.116505092357738249e+01
2.640619846937187631e+01 9.390684794502915622e+01 6.363742815333743863e+01 5.690802607953721548e+01
6.946409588937278556e+01 2.187156129979273089e+01 5.953032659274890648e+01 6.428493718535473533e+01
8.838494698451871301e+00 6.989488284873856117e+01 3.683472137943513047e+01 4.213886481436455256e+01
4.323462264033472735e+01 3.114909279339106440e+00 2.595764492750491925e+01 2.631898447634941007e+01
5.573371695730080688e+01 3.897932066113041216e+00 6.668473913056580216e+01 6.664435644817395143e+01
9.988926120332905612e+01 3.266392494259109469e+01 7.481839120488463379e+01 6.731981715034183367e+01
2.414964852568678566e+01 4.035082685969970662e+00 4.111915179945859933e+01 2.901806444216007108e+01
1.300806698289469487e+01 2.242588916205512373e+00 3.604268271414861147e+01 3.345185626500910558e+01
7.837382510752364340e+01 5.661806912250708734e+01 3.127779892103540504e+01 3.243295054974961289e+01
3.893801668766561086e+00 8.371196278306521776e+01 6.195262000363032939e+01 6.790765275238379672e+01
3.892304716917885088e+01 2.288754624834989926e+01 5.968518768877594027e+01 5.967865001750049458e+01
9.281820981139514970e+01 9.291395200154627787e+01 3.419052781054902823e+01 2.721813492005392732e+01
4.547643425526610628e+01 6.747863021674105255e+01 6.775316138836846847e+01 7.078282185999141518e+01
5.003594462155606237e+01 6.908839765508227515e+01 6.971358058918092127e+01 7.042432065183112400e+01
5.359350788521182096e+01 4.884956326599053966e+01 4.018871998907300735e+01 4.676012920422063246e+01
9.213075122129754391e+01 5.831908042770975698e+01 5.928401805081101372e+01 5.834293013071598466e+01
4.233351441531974757e+01 8.456537809723785770e+00 6.068469555401391347e+01 6.546556273181712982e+01
8.809730056396574582e+01 8.829148165187221764e+01 6.590454101322323766e+01 7.253140230717419001e+01
1.966535849529586955e+01 7.374260857706772754e+01 2.865195489271229334e+01 2.596642281564537669e+01
2.107931015500286165e+01 2.293657770376723448e+01 4.691072110475786872e+01 4.762297990001817283e+01
7.982931972091866157e+01 3.262539180411467754e+01 2.993833737053482835e+01 3.130656730788377828e+01
8.273683561818989673e+00 4.845379950800108304e+01 3.024195112785363904e+01 2.815963745054947864e+01
6.239984855289824139e+01 2.736404178607716631e+01 4.878343185440125040e+01 4.739041333827707803e+01
8.223812111853543172e+01 5.697872699736827862e+00 4.186072749183299635e+01 4.159069148223670709e+01
4.584314241314380212e+01 7.250060762991186891e+01 5.742875750902109644e+01 4.916753967431620254e+01
9.894511309650565067e+01 8.895193110437631390e+01 3.714672626243768150e+01 3.647539789524057596e+01
1.951665172186504194e+01 4.893925374065887013e+01 7.416414518360421937e+01 7.136753529622581027e+01
3.614037790671863348e+01 8.597946748116456206e+01 4.068048009517235641e+01 3.884876349222479774e+01
1.754916273813573824e+01 5.677273179310545714e+01 5.793144666619378569e+01 7.012811805979012547e+01
4.896244620502447731e+01 6.447452485768185682e+01 2.298267257976184297e+01 3.144092462175016323e+01
5.526622677767482372e+01 3.721732552468971278e+01 6.616672596291890329e+01 6.018203632957838067e+01
3.745482433795812938e+01 7.977322633482140191e+01 3.673907286970704433e+01 4.877702997744484037e+01
7.959263871435024384e+01 1.751231401303532209e+01 6.727646144124666705e+01 6.370880576017517427e+01
8.706690341255176691e+01 7.925948132091346565e+01 6.273289350906780015e+01 6.470079676074638542e+01
7.502657639388422695e+01 1.520485674244918073e+01 4.583235945875754425e+01 5.100564630809859068e+01
3.512193873487808560e+01 9.377652625701649924e+00 4.861304852149240929e+01 5.104554360515255951e+01
9.207396503426353718e+01 4.005911905069448053e+00 2.914609134937938961e+01 3.010491951489185070e+01
4.680690542342901495e+01 4.662994129398187937e+01 7.605756424552822637e+01 7.159222146300336931e+01
1.544922040049257994e+01 4.872653541000507715e+01 4.299852141210597267e+01 4.051670576462596784e+01
3.046368630896012508e+00 2.044483724642730493e+01 3.404115561142596391e+01 4.112407472814942366e+01
3.491155265622380988e+00 5.511599619163720831e+01 4.381786132483445328e+01 3.566529693662916856e+01
7.245982868476289696e+01 1.115929999572474784e+01 6.083195000077716941e+01 6.486909925225516815e+01
2.810497501668891474e+01 1.734960503550220068e+01 3.797515229193174946e+01 2.759207223093882533e+01
2.654964074290723275e+01 6.114636112256608413e+01 6.784999682926378739e+01 5.625300612978159620e+01
8.848551176960043563e+01 7.390669759393725258e+01 2.774646797249540242e+01 2.851487678837992235e+01
7.160499732421445174e+01 7.062461625552622024e+01 6.226895409497974754e+01 5.313440257514983500e+01
9.901088460868658103e+01 3.118794357637252190e+01 3.399718637932481613e+01 3.778732327312717132e+01
6.877962219649313980e-01 2.124472771954729566e+01 6.635235939134523164e+01 7.331983587658284307e+01
8.955628481318387912e+01 9.091752640535857211e+01 3.138780765150272956e+01 3.529705943941772972e+01
6.910558127392617678e+01 2.716331812743696261e+01 1.906098330744497815e+01 2.633762798185596665e+01
1.846324573473692254e+01 3.421076208635940219e+01 4.299576197798216981e+01 4.978168321285352960e+01
8.309491710550683763e+01 1.198910934727121003e+01 7.349258473948941628e+01 7.156613772143336405e+01
5.314549141893053275e+01 2.879453426759924639e+01 4.928195845328245639e+01 5.446412023200829111e+01
2.999420697770226596e+01 5.960819552383059516e+01 4.338439228552442017e+01 4.462824808576038293e+01
1.644055290788787360e+01 1.165830745556967152e+01 5.466956820721301824e+01 6.025571819588258649e+01
1.725238769463620514e+01 5.679742973160804809e+01 2.963576135132883849e+01 2.676923674017184140e+01
2.596708389504139802e+01 9.697236327979770465e+01 4.312338697915578933e+01 4.840467924639554553e+01
6.139703063252326132e+01 2.528581182501111613e+01 5.776317543444226033e+01 5.072092973143203665e+01
3.592087469826903146e+01 8.235522266118189805e+01 8.206961607667793146e+01 7.342473807565399113e+01
4.773503981224013160e+01 3.508191093350156109e+01 3.625597965590945648e+01 2.976190536458716451e+01
8.468834187530681845e+00 4.666931208844084011e+01 4.821320989198418516e+01 5.513939679002487537e+01
8.409087104029072179e+01 2.212386964460639760e+01 3.809912736683999412e+01 3.786823130354365219e+01
8.084057388936909661e+01 8.236236107489735048e+01 3.846110759787681843e+01 3.664478990219323151e+01
1.186437657415803137e+01 9.337494230014699781e+01 6.838664518353432697e+01 6.767101319617762556e+01
5.315721526867312008e+01 3.265906078449587469e+00 4.755961918220082651e+01 3.887297886937986391e+01
4.077481050027322595e+01 1.612188119751225557e+01 6.564096035006569707e+01 6.379387449363387219e+01
6.127958355365103671e+01 9.384821582141546514e+01 6.617777324716385579e+01 6.512878244539120942e+01
7.680304831442152924e+00 3.546662049850828424e+01 5.506633794408515570e+01 5.855695597111693473e+01
1.058743182131293104e+01 3.548976834865540297e+01 4.131725172077194941e+01 4.983789986843616049e+01
8.273021497372458555e+01 4.191521671625753065e+00 4.191828759021213102e+01 4.344845400202968477e+01
1.682036557665182031e+01 8.793302156784740475e+01 5.570405132750351385e+01 5.102288029871627373e+01
9.343041141674902406e+01 9.164205445320662591e+01 6.354143568619098659e+01 6.686098732402527389e+01
5.312940183509319070e+01 6.774380712282945183e+01 4.284579038487954250e+01 4.163072973175039238e+01
2.511692675484012938e+01 8.442123252861431126e+01 4.840205725094040901e+01 5.427672346408061088e+01
5.140954425512597226e+01 3.084682814894840064e+01 5.730422006190156736e+01 6.615863110020376325e+01
3.252111962762113251e+01 3.926941424165231176e+00 2.719986053443560436e+01 2.807014073115070829e+01
3.951552974723050227e+01 7.283708543396460300e+01 3.458060984104249513e+01 4.496459276769022750e+01
9.903323037936483786e+01 2.576959876435114261e+00 6.035288065011209824e+01 5.940394692058803372e+01
9.385297834731304079e+01 1.811832790500827883e+01 6.227534032398411057e+01 6.490608444960084000e+01
2.226760791230849534e+01 3.072164170212709067e+01 5.464585417281243451e+01 5.161751226401987225e+01
1.659248063259788353e+00 6.617186826439565550e+01 6.024494419665877842e+01 6.032286705950706818e+01
3.064328227033715635e+01 4.025800300923210173e+00 5.883522209831533445e+01 6.093406024946670385e+01
3.976844144330546982e+01 9.738004133571494947e+01 5.441986625037021952e+01 5.023652235825498735e+01
9.042432914075651240e+01 3.747219705073764118e+01 5.498685627762051809e+01 5.131525376125064497e+01
8.056488053633418644e+01 2.243185588535262553e+01 2.260790710105626999e+01 2.904381233458672540e+01
5.129384898121558400e+00 4.925353807142892748e+01 4.421070346797200301e+01 4.225779190472915303e+01
3.344011789887486685e+01 3.945723153189237564e+01 5.299405869302329108e+01 4.958213576566546266e+01
1.613673583883831242e+01 5.719958782835927735e+01 8.054323292999863781e+01 7.311453560138610897e+01
2.681743677449133401e+01 3.610747263410372199e+01 4.084555814084826153e+01 3.402624239251257166e+01
4.113039720662312959e+01 2.405315851801487170e+01 6.723838432917035846e+01 6.656607105156864179e+01
3.604745051415538626e+01 6.712708252291325550e+01 2.706439419817656500e+01 2.712941801809311215e+01
2.894395216194879339e+01 4.676812124848770225e+01 6.193899693665019157e+01 5.634624213894091582e+01
4.111904758694910811e+01 4.274864540902679977e+01 3.302846675020843747e+01 3.662086544361166318e+01
6.738388982700045915e+01 8.468872244289528339e+01 3.243293773515180334e+01 3.443536536135903958e+01
6.764837495206043627e+01 5.942418273085971947e+01 6.031501201229470155e+01 5.729971286530491170e+01
6.825324595377215076e+01 5.753591731290985933e+01 4.290623693026659424e+01 4.610057041041083892e+01
6.923543061544141608e+01 2.333328226493266300e+01 6.253301699544538650e+01 5.637359576769290470e+01
4.499682123542436685e+00 7.341512590416462558e+01 3.413186459500521153e+01 4.308128617275948358e+01
4.785283699195225182e+01 9.288595498455656241e+01 3.319715047358454996e+01 3.562981698748137660e+01
2.585915911347840179e+01 2.785224082107440324e+00 6.313753260482509688e+01 6.465704161530051408e+01
5.041677360220919724e+00 8.903843208552660826e+01 5.768812013112084713e+01 5.989284023073393115e+01
8.987685173616066336e+00 6.009120056590860770e+01 3.409585714355583264e+01 3.251599521673426807e+01
7.147188335020359773e+01 2.933534214410098429e+01 5.254703073558931692e+01 5.024673452448848820e+01
2.958240974965360337e+01 1.112094196187407569e-01 2.719545593981986897e+01 2.869689039775739303e+01
2.178913796267439906e+01 6.618345851139982017e+01 6.337115997655290300e+01 6.195608233803083920e+01
5.934613827047238033e+01 1.624344320945370068e+00 7.287780544506475167e+01 6.757981792001163512e+01
3.235304124854915386e+01 6.650559890066311652e+01 5.565784285021533151e+01 5.446469427585621759e+01
8.315183331122236154e+01 9.183975420815579582e+01 6.497880467642995939e+01 5.954735880841219853e+01
9.576316462725878864e+01 5.657449506132892481e+01 5.144613277398941875e+01 5.552105795101062569e+01
8.505638548924110864e+00 5.488728015425997597e+01 3.799790789653945922e+01 3.614036176903027098e+01
6.071352808835769110e+01 3.887263478765466829e+01 2.402991234503667428e+01 2.616809397279851623e+01
1.768969508239839428e+01 9.873361585795458950e+01 4.441035569066185928e+01 4.094695729426386066e+01
5.827144493446814977e+01 8.124738210441717001e+01 3.269410243366752411e+01 3.107259300706650862e+01
3.057439574472910948e+01 4.027037209945601859e+01 6.725072626736491088e+01 6.762821631236192843e+01
6.323962564655085572e+01 1.283258621887645212e+01 5.784925082293300846e+01 6.240531634190989507e+01
6.934221280563089351e+01 7.006114963944516205e+01 7.534721106595966944e+01 7.259674460667928031e+01
2.845413856769337713e+01 4.430337063376194351e+01 6.171059444286562723e+01 6.396266524944415011e+01
9.634799474743275027e+01 1.080445593764071077e+01 4.784910701071891737e+01 4.974400382253607233e+01
5.702691400361937113e+00 1.054834274610356815e+01 5.855876838726125300e+01 6.897912475552369926e+01
5.443448876343210685e+01 2.337407920367442671e+01 6.377741418455915579e+01 5.927091564645758126e+01
8.200675020556494133e+01 4.157895984659376154e+00 4.981299435480423909e+01 5.467075290964654499e+01
6.893104121026902931e+01 2.523119270696870942e+01 3.077709052931491129e+01 2.561859893047325443e+01
5.831302190995835133e+01 7.302217177572491380e+01 3.648224702077986592e+01 3.936119690703878149e+01
7.017382738772572282e+01 5.564646373488220377e+01 3.586215819535914306e+01 3.338553614264062475e+01
9.113391900786307076e+01 2.093411782673326726e+00 3.157731512494959958e+01 3.228298957867609431e+01
5.688139777764655847e+00 7.665273162216271885e+01 7.021074541137926417e+01 7.154579707853014270e+01
3.313522187363170701e+01 6.756629022070730173e+01 3.959372261959498474e+01 4.854340505112639903e+01
7.562537914224343183e+01 4.541836627367060686e+01 4.122797278316655678e+01 3.686627135666507371e+01
5.845431132594581669e+01 9.693218122841788897e+01 3.778392137271866602e+01 3.920759915806534934e+01
6.203676362878152162e+00 3.393052673095674265e+01 5.059316543195584615e+01 4.931289647997958525e+01
4.517394759814438032e+01 3.547285567302126452e+01 4.007041668344666618e+01 4.542217586026546883e+01
1.151461783952011331e+01 8.832736014262238200e+01 4.148256555213519903e+01 2.738123303498902317e+01
3.872744114248413183e+01 6.596902729304743218e+01 4.420334209311235441e+01 4.121359536802329870e+01
6.482334688078459806e+01 6.144629013078750646e+00 8.137233437222273835e+01 7.266048824096648673e+01
1.514323143699632901e+01 4.774161894803536654e+01 6.018067339454472631e+01 7.220379585490707086e+01
5.817366474211866745e+01 4.014617790890432047e+01 3.380844093662614114e+01 3.679928160638992551e+01
5.769816124176819017e+01 3.454808537234457333e+01 8.030118815263205079e+01 7.146836561503080532e+01
5.402788931874210476e+01 7.928028463119174418e+00 5.658505603132466888e+01 6.177654809017267468e+01
9.080185454216623953e+01 3.963126254982205410e+01 2.963258018998000765e+01 2.553335959718050674e+01
1.434694570180200479e+01 1.514455219353573234e+01 4.327714843418188906e+01 4.062056933755232535e+01
8.018675681211329120e+00 4.768388777331244199e+01 6.300931268616633929e+01 6.343241292813408450e+01
4.028551877799846359e+00 4.054228251391549520e+01 5.162832991976740260e+01 4.896589443926843188e+01
5.806452259096340640e+01 9.359372482485595413e+01 6.722506872941946199e+01 7.379975395612093791e+01
4.398556397138349183e+01 6.439565794476135352e+01 3.809518450234750020e+01 3.468818493884945298e+01
3.832153659472516694e+01 2.163327776308270245e+01 4.425773459328154047e+01 5.413099640439058646e+01
5.546870247883671823e+01 8.259323085500162165e+01 6.314587925830205961e+01 5.928218524355194319e+01
7.844054732127972329e+01 5.985629932177599954e+01 4.141410682156661949e+01 4.793712033830324515e+01
9.579458599261376150e+01 5.411138248788447669e+01 6.050895185405384069e+01 6.689242285075208372e+01
2.204876394147492391e+01 6.256507894272764503e+01 5.716076494829438559e+01 6.440731056263776111e+01
1.848383979470249372e+01 5.958709735314371869e+00 6.043593197147711038e+01 6.027174021819737249e+01
7.636922693503206006e+01 5.234013709220081978e+01 2.267726253196456909e+01 2.786629723960009386e+01
6.665219766930349010e+01 8.010572660960225022e+00 4.418337048019546387e+01 4.393917352456511338e+01
3.867070570439778976e+01 5.115020562039762630e+00 3.977934409290981677e+01 4.540022801847158007e+01
5.117074471147008552e+01 4.832942849663252360e+01 3.827841004030405259e+01 4.644776143169507776e+01
8.391466080707525066e+01 1.453266924205041022e+01 5.056967437813739963e+01 4.546666451423079991e+01
6.204141695655430055e+00 7.115567887790974488e+00 5.738658496770963069e+01 5.218943015320628120e+01
5.660184248878209701e+01 8.780335128444569648e+01 5.578736756600731894e+01 5.598727723715794014e+01
4.406586157038139717e+00 1.852768503335400396e+01 5.412701109416781264e+01 4.845791512539804557e+01
5.185616886657339109e+01 2.458474424934003011e+01 3.581397165291444651e+01 3.182453754543499258e+01
1.425565550331155862e+01 3.821394748325693058e+01 5.547318032823542922e+01 5.468210627414688929e+01
7.675806188873801617e+00 4.187443627957865289e-01 6.704343337969174854e+01 6.235773076128653258e+01
6.418195168014352703e+01 4.107888099996117859e+01 4.896440760320326291e+01 4.928285738033770258e+01
5.993597250421656497e+01 7.286562842366026871e+01 3.153637432661174955e+01 3.322337967823505522e+01
1.790316374415838041e+01 7.975140452964858184e+01 6.775458051837757978e+01 5.489889625285051977e+01
7.273494777866840622e+00 2.806008132379159647e+01 3.499378535707140259e+01 4.162942813457325286e+01
1.808919013788983321e+01 7.991579711047820922e+01 3.341927141731099482e+01 3.139702300496544041e+01
7.308703457761603772e+01 4.200110042956628575e+01 5.783597631165400088e+01 5.917828581098765994e+01
4.158185680184109856e+01 5.485884150546884541e+01 4.027394847468307404e+01 4.174467789412859986e+01
3.554393373640617426e+01 6.692190299248666463e+01 4.838025398606472294e+01 3.689069132213606395e+01
4.183895333783335246e+01 3.578112493355930468e+01 5.937806319434522351e+01 6.079336092688978255e+01
5.755934286400820099e+01 1.614578340642400889e+01 4.717398375184390602e+01 4.112842730690115189e+01
7.422713922522868302e+01 2.519909482106963416e+00 3.548318555431626464e+01 3.503106505093979450e+01
7.802126485356335195e+01 5.638929210554023541e+01 2.611624325108602562e+01 2.664184873373822882e+01
7.350251861898233585e+01 6.101079220362346689e+01 4.881776753108140099e+01 4.418514869937672529e+01
1.331821256675234011e+01 2.613330178853837538e+01 4.190994729170852651e+01 4.375618950846330790e+01
5.992992870063886812e+01 5.137078552153047895e+01 2.881845259595294806e+01 3.015655785876627348e+01
6.464357789710550861e-01 4.962392219008139449e+01 2.856259885622430872e+01 2.763869469301034343e+01
7.346083007105350760e+01 2.394626527048349107e+00 5.848278113057908456e+01 5.384185012676139337e+01
9.414742375060653501e+01 1.744092671114995241e+01 4.716494907505953904e+01 5.014114089533536145e+01
9.142199181713817069e+00 6.256819122613526218e+01 5.505316805962255700e+01 5.857044078171913526e+01
5.771170823879064926e+01 8.906584554618423510e+01 5.969452234131725987e+01 5.705727717668998622e+01
3.064154493510363864e+01 5.551337867531884740e+01 5.879916294638327656e+01 5.598014562486139312e+01
8.778823705815996803e+00 1.718294603576584478e+01 5.180774980403447216e+01 5.139164190701932711e+01
2.139946786983135496e+01 2.832844034925773258e+01 4.003128361729940821e+01 3.352465719717517345e+01
8.118661240103797638e+01 1.386213591286011848e+00 6.493788202366224027e+01 6.385021813179557171e+01
4.585185621870153483e+01 5.645906389334635378e+01 6.630272037231473803e+01 6.571288245147131590e+01
8.591117576469164874e+01 5.000582591910867336e+01 6.748932030541547533e+01 6.344737611926913701e+01
2.390663840750296742e+01 7.580404210112165231e+01 7.600055449620984405e+01 7.300178330541578475e+01
6.916556518665414899e+01 9.656389752668003723e+01 3.935553361063155364e+01 3.800848051896821289e+01
1.307173235897572994e+01 6.717088592440607897e+01 7.293098004772062382e+01 6.566294782217300963e+01
5.750605734588146589e+01 2.068178931333962822e+01 5.044559416693553544e+01 5.745941571983903629e+01
3.121897365691294013e+01 4.274665281666890593e+01 6.452185758446638886e+01 6.795913957385653248e+01
7.452147426908345551e+01 2.322246909013431093e+01 4.053253606469533565e+01 4.378977631905087264e+01
2.691615709916291976e+01 1.986316138618690985e+01 7.833872199958383931e+01 7.036356091480276120e+01
9.092526944369923569e+01 3.702321856845767201e+01 7.512789243737668698e+01 7.215044247493025864e+01
6.903228469007289902e+01 9.450240645805688189e+01 6.825404787671570261e+01 6.884066536088707267e+01
3.316168491078339287e+01 5.005793174308313098e+01 6.457250433510536425e+01 7.118659568085746514e+01
5.105704087285035797e+01 1.199529417309698154e+01 3.120640446520206268e+01 2.993831207046729403e+01
9.523867523987246386e+01 3.288226178486092977e+01 6.623137387307200186e+01 5.690128550534954854e+01
7.050409063535927601e+01 7.419777295139859064e+01 6.777232412013204055e+01 6.412561482531673107e+01
5.363479152083083790e+00 7.174649906119121567e+01 4.754757152327336911e+01 4.831259838916669480e+01
7.203839985864458129e+01 5.111136384895005591e+01 6.043129822403198403e+01 6.854308901784881414e+01
6.710129805329097508e+01 6.970241660042995591e+01 3.629828404038716627e+01 3.911886867238815313e+01
9.614166196420495680e+01 6.791625683195627516e+01 6.313759776433766291e+01 6.800738123206726016e+01
2.982724542341227547e+01 7.755052967189993751e+01 3.931217982070791805e+01 3.465152374514025979e+01
1.392540707847039805e+01 1.071529769535894960e+00 5.442573370152508261e+01 4.959827274653490292e+01
9.757788185489326338e+01 3.691361938092045136e+01 3.571923339930448549e+01 3.783165650897584698e+01
3.440916178494421018e+01 5.205438373048584566e+01 4.406648834242935209e+01 3.952959391659687327e+01
8.799146267270144506e+01 5.055207917234903192e+01 5.077578381885687975e+01 5.046462853399438586e+01
1.383715947205566010e+01 9.827395409103858981e+01 2.499728908688296869e+01 3.028321177963842459e+01
7.336406745960266207e+00 6.631462489752088629e+01 5.953663701568726907e+01 6.105648790515893864e+01
1.957126400996490645e+01 8.202533189448897133e+01 6.487471138950181171e+01 7.192464894758251148e+01
4.189697737795243881e+01 4.580286165838685974e+01 2.566472071860957982e+01 2.840409690358308836e+01
7.521143326969747989e+01 5.128747423052677590e+01 3.208545427498435743e+01 3.717441921100480329e+01
5.960501157609502343e+01 9.957344520513230179e+01 4.352622796565538721e+01 3.218843624960887695e+01
2.042421063684288640e+01 4.186951433276841783e+01 2.196349285945690255e+01 2.617428204135637060e+01
4.305358209130369573e+01 1.191406719960481553e+01 5.123928207321065997e+01 5.946118350171688149e+01
3.488319074586301127e+01 3.748249243499977013e+01 6.213306241557072696e+01 5.204661752917583328e+01
1.898753290959199802e+01 3.895784634846422012e+00 3.918108946171716411e+01 3.754605114845763580e+01
8.024017844513242892e+01 3.412444497577206448e+01 4.441834068783665401e+01 4.196786838750520587e+01
4.607336002416738552e+01 9.888405413036630875e+01 4.832320758754351431e+01 4.723696094545302770e+01
9.868959453882975197e+01 7.545693612057365840e+01 2.486048846133063250e+01 2.892266296545023962e+01
9.736689379122109855e+00 7.063719968099960056e+01 3.455795858708130197e+01 3.724787994979138972e+01
5.555495698856199027e+01 2.913610728377445014e+01 4.173947823291479153e+01 4.097222897728036628e+01
9.534028793820949943e+01 6.022694490029745218e+00 2.976502775682804369e+01 2.651858445002298836e+01
7.831614309236971394e+01 1.224978619659892232e+01 6.349066591531627779e+01 6.310798621897427552e+01
1.901287663187056864e+01 8.212501545597042707e+01 5.446308711071358033e+01 6.354992875962281573e+01
2.889685249210585027e+01 3.770539310016987855e+01 3.933206703851887198e+01 3.782452034001823193e+01
5.445553246546754877e+01 1.598797633664413809e+01 6.912466637859893126e+01 6.479643365570734659e+01
1.675665393045064988e+01 3.103084821045475294e+01 5.033451306061540720e+01 5.896679492000885148e+01
7.964405615234772995e+01 7.394692332387272415e+01 6.455343564105223209e+01 6.355255745705967740e+01
3.816164991091349634e+01 7.752345388990559627e+01 3.425910828111318551e+01 4.289078483339611836e+01
3.347890418906791865e+01 3.137031247571562176e+01 6.356453219526132159e+01 6.198600443412652083e+01
3.559577734706405039e+01 1.485067816436808030e+01 5.964670754135437392e+01 6.011325723165920465e+01
1.966881973128230499e+01 2.374833051693839892e+01 2.998975929945362395e+01 2.908141145136916705e+01
6.427950705063091164e+01 6.009454845377189969e+01 6.960798615670391598e+01 6.267313391704995240e+01
1.098631137407829428e+01 8.836839676879897354e+01 3.429296627591958924e+01 3.444132540080681082e+01
6.838701249090320289e+01 2.534860426393847899e+00 6.900468884094496502e+01 6.555204871183742910e+01
3.161013115469705070e+01 5.574085358744174101e+00 6.098127615481170238e+01 6.760266497046005441e+01
9.108262646863151701e+01 6.047043183978417780e-01 4.838602188643113777e+01 4.585774049553877774e+01
1.662293620516587112e+01 9.164891511155141757e+01 3.278381988500341038e+01 3.710899228816387563e+01
3.720822549628959308e+01 7.598236584283884554e+01 3.388234824228073450e+01 3.279321916812205018e+01
9.520624466390027862e+01 7.379277689988002464e+01 5.974292425734199696e+01 6.032122934539409442e+01
4.650363342209099216e+01 2.269785394715210103e+01 7.439051873021519157e+01 6.986137491612983297e+01
9.192080310537251364e+01 4.237701199309233857e+01 3.421326001118949733e+01 4.170969880356793169e+01
9.615507321375662286e+01 4.448524328275408379e+01 4.890484004492832071e+01 4.003864715361625315e+01
3.516498723419053363e+01 9.095484730121383166e+01 5.689554832818507180e+01 5.162455318927121084e+01
7.621745871816446538e+01 8.118067183508863138e+01 3.418490419172582051e+01 4.158736495507122299e+01
4.336943313203800443e+01 8.484717744062646716e+01 3.632553516758102319e+01 3.952926707257429229e+01
7.939351334518512715e+01 9.409923225744371678e+01 6.232103730680069731e+01 6.069372464808859746e+01
3.950533378567959630e+01 5.126345917599817170e+00 4.018762712367395551e+01 4.242192770565399940e+01
2.919111734978072548e+01 7.486087085818323317e+01 4.826012356615206755e+01 5.078858607263933322e+01
9.571348325397961787e+01 4.271050453603432118e+01 4.751003406917205041e+01 4.653557001080869071e+01
8.979552161850192249e+01 5.250493402453846414e+01 7.072789119056672291e+01 6.990765524982570867e+01
7.281164373361663422e+01 6.002514100995830404e+01 7.312505893473750973e+01 7.040672021536087755e+01
7.697466228570871749e+01 9.754103676847451254e+01 5.735632800267099896e+01 5.750653482527742710e+01
8.973973183215862548e+01 1.193810113381967852e+01 3.278428378858182413e+01 2.793868706709029226e+01
8.157453806261209195e+01 5.973123783307118373e+01 3.936355202774420547e+01 4.011075779081279080e+01
4.734356593750214159e+01 8.545473932021803876e+01 3.400043860598921697e+01 3.152816559188695322e+01
8.696496848121712731e+01 8.813443097669148685e+00 7.767984372086307587e+01 7.245684477397098533e+01
8.475476330547363091e+01 1.818176528373387413e+01 4.303465323722004143e+01 4.548385706090950009e+01
1.654997746636556144e+01 7.066041289942177173e+01 5.353477680616567369e+01 5.312352637289905744e+01
4.149732550990636426e+00 3.220675351957297039e+01 5.597446613336749266e+01 4.559873130252854878e+01
8.579349139973288629e+01 6.669274474586806889e+01 4.353963233997514237e+01 4.068957484710387007e+01
7.260848514838504286e+01 1.213029980055341284e+01 3.027751282719671622e+01 3.592235883420714515e+01
5.324709078838974108e+01 5.644165877797476583e+01 6.005831969871360343e+01 5.956976524938713879e+01
1.662553303497006496e+01 3.797374048216487807e+01 6.171942271169667293e+01 6.039219082056915511e+01
6.666856518925131070e+01 6.233795659599070405e+01 6.024691704572664719e+01 6.230179787079748621e+01
4.897858679882407529e+01 5.286566039892755953e+01 3.344425271181040671e+01 3.279075107814770718e+01
1.857769546987078257e+01 8.496628988946641314e+00 4.362460263571573904e+01 4.058645921309074112e+01
9.226451396035720620e+01 5.023718199720954658e+01 3.278839940182584911e+01 3.159025999791327877e+01
7.371324139566391409e+01 3.671294348306664013e+00 4.747690060436512738e+01 4.531548395871530488e+01
5.528148757183490858e+01 7.406635810666260511e+01 4.850179875240412741e+01 4.810924022859534688e+01
8.540303016272165593e+00 9.724613900279021550e+01 5.180104313760979551e+01 5.295488583093283097e+01
6.141862443190113652e+01 2.366097827075073212e+01 4.834980851068038277e+01 5.306529369528835360e+01
4.490785141348758458e+01 5.776130806371336490e+01 5.709070537521447619e+01 6.014862500412318980e+01
6.307704201726206605e+01 4.556495494398774326e+01 4.820173397769325163e+01 4.603136486889621892e+01
7.577765603751579704e+01 2.819183555972516331e+01 3.180396116945198770e+01 4.271530021792945320e+01
9.246417911286366120e+01 5.622429485097224955e+00 4.856342984133404173e+01 4.957733165535901776e+01
9.128008004078617432e+01 6.103630078181569729e+01 5.464070742121320734e+01 6.614295730480451141e+01
1.602815645512312148e+00 9.636851886870491057e+01 3.769861672868416491e+01 2.502693576964858835e+01
6.032130620995042847e+01 7.971507318728498603e+00 6.831142857230464926e+01 6.831025114773073881e+01
5.817215274734767405e+01 7.663472131046523828e+01 4.064165365740186786e+01 4.483110413238324554e+01
6.235053112473372039e+01 1.312879720048242227e+01 3.096917111051891069e+01 3.616462322040258925e+01
2.017949482524569049e+01 9.088264977168623204e+01 7.604000672874826705e+01 7.337143292852479703e+01
6.166219781652750953e+01 4.033385213845197548e+00 3.261702541282534895e+01 2.693507865916369326e+01
7.690611331597241929e+01 4.255056592718428021e+01 5.654159397525380371e+01 6.197818586854694445e+01
2.100915698636074413e+00 3.443130857331455630e+00 4.458255498270161610e+01 4.980611119152462152e+01
5.383631021010227613e+01 9.132296862792705383e+01 3.879727543978863480e+01 4.487791167814664561e+01
7.514233175313026436e+01 9.413343927869016170e+01 6.766172335525064341e+01 6.245721403288619911e+01
3.634039319994270301e+01 9.381811725247224842e+01 2.755667763091784650e+01 2.980093178762536965e+01
3.321725220617325647e+01 7.008084180017402787e+01 7.653162995253862277e+01 7.141679052819827689e+01
7.385460533969634866e+01 6.379455625359787163e+00 3.872231412102069470e+01 4.279124784563117601e+01
3.772017824576386857e+01 8.018401684528059548e+01 4.345309633044954012e+01 3.554315810693185540e+01
3.937551415654066744e+01 6.082113767664466764e+01 4.445735010694284739e+01 5.563577351407043636e+01
5.978080134015139890e+01 6.647392049108462686e+01 4.193346804192883326e+01 3.896250668923455152e+01
7.010975873642699696e+01 4.107315434910120189e+01 5.046372879774349229e+01 4.966829547590042182e+01
7.353044554426979573e-01 6.917201141346887994e+01 6.613426789447244403e+01 6.994843110284486443e+01
8.643662664559732889e+01 4.568880717372668698e+01 4.751083649318353963e+01 4.535745453338246591e+01
3.860509356518358004e+01 9.667061400184606157e+01 6.971662542903503379e+01 6.888504012938660992e+01
8.322306620807228938e+00 8.629596233130185112e+01 4.805599408362680691e+01 4.926577109523186238e+01
6.875390642248746076e+00 5.497172551633110515e+01 4.171642789757020608e+01 4.605732426283630332e+01
5.126152441031999274e+01 2.908768542315824845e+01 4.694068419892580835e+01 5.033859994585404252e+01
3.327294765103791008e+01 9.399243728857088342e+01 3.430267125900243741e+01 3.148112178830158570e+01
7.204567414627561561e+01 2.818250032954719941e+01 1.843013969500990612e+01 3.088638134504623878e+01
3.936187981972949501e+00 2.184671198620180554e+00 7.744856031197909374e+01 6.962985487362219317e+01
1.344334273695499959e+01 4.677206159711509059e+01 6.058968151794829993e+01 6.140448987223003741e+01
4.283518005688462438e+01 2.710665233623310577e+00 7.835015025879089023e+01 7.247838544720431742e+01
4.328399210571723188e+01 5.355424730977982506e+01 4.769833926176537631e+01 3.979096212155447176e+01
9.620584989413515586e+01 5.089590404220475506e+01 4.528248052843267857e+01 4.661164137770967386e+01
5.798295760477250127e+01 2.825502675186388757e+01 2.790082903477966170e+01 2.497362272178419573e+01
4.395629417728986965e+01 5.104601313464412726e+01 2.587924083645240003e+01 3.331648777804502259e+01
3.164571308744161726e+01 8.696702025593305407e+00 3.032197838442505144e+01 3.375153398276989236e+01
9.665584393805440300e+01 9.447073816724817164e+01 3.348782901369850151e+01 3.186494531477528014e+01
1.614476860329210339e+01 9.607463027713554027e+01 5.375401436403463151e+01 4.890920408746688963e+01
1.419663447172370141e+00 2.576319987635291398e+01 4.499436742688595814e+01 4.627693612684517888e+01
2.875111993837590063e+01 5.382201018684752114e+01 5.333235478596050427e+01 4.989423119065376255e+01
8.533171866665860250e+01 4.983330282942372236e+01 6.032454226840297906e+01 6.075683771861518778e+01
2.272610535596622938e+01 5.437870703917469228e+01 6.949701331214758682e+01 6.769590445561740921e+01
5.151670283865887967e+01 9.902851705849413122e+01 6.113416562477262062e+01 6.852980506704983554e+01
3.845158137062665560e+01 3.469589503775858219e+01 4.318070951077772435e+01 3.997683314034482294e+01
2.382896705530915682e+01 2.243829797997954856e+01 5.045029240548358018e+01 4.348127017598532973e+01
2.608492459620889292e+01 9.087034951216321765e-01 6.482975272988015547e+01 5.971586152494139554e+01
5.692064631294277177e+01 8.679796267309029645e+01 5.831057572798980004e+01 5.804958820067550107e+01
9.666222208961075069e+01 4.434391028360440146e+01 3.209970456408978379e+01 2.969494091564764915e+01
5.260940132515420231e+01 6.877692063657347887e+01 2.734745153749798163e+01 3.953944826335124674e+01
3.862877051455452460e+01 3.534731920607205780e+01 3.156332153671522889e+01 3.820959968461563960e+01
3.094695490886009281e+01 9.749042728102349997e+01 4.111134169948486061e+01 5.115128223183563705e+01
2.416012764357630260e+01 6.812821105324337623e+01 7.159846935417240843e+01 6.743544729422123396e+01
6.073244167930658932e+01 8.857833963664408117e+00 6.768722758275764306e+01 6.505736728573772609e+01
6.409471103617548238e+00 5.961426495498969302e+01 7.395811772217426494e+01 6.894340370672385632e+01
1.990934199359256596e+01 3.478223474330459908e+01 6.202348489611204485e+01 6.196132813520304694e+01
5.448010852760983624e+01 1.256434924123139751e+01 2.897279837382146184e+01 2.963857101467953825e+01
2.387517710860240783e+01 2.135428544903413695e+01 4.111443364799870182e+01 4.979605269224814634e+01
7.040314525916568300e+01 2.174529322172359258e+01 3.666788797029813907e+01 3.976814730849356039e+01
3.169041377206247745e+01 2.667945494338308521e+01 5.059258001463938825e+01 4.251463652229899992e+01
3.596755612230677457e+01 6.872343434606828794e+01 3.128341975242200235e+01 4.169746970346457715e+01
4.091825874584885980e+01 3.293792693020757412e+01 6.933775385188523899e+01 6.625399713112557265e+01
6.929202292247886419e+01 9.873684723121999696e+01 2.251610242159318886e+01 2.590041310826525134e+01
1.563621416448750523e+01 7.517981635869330148e+01 5.682686162687683407e+01 6.433054354016654486e+01
2.746658697879054145e+01 4.744349141471740694e+01 3.337765970697977735e+01 2.932299358378567078e+01
5.793134027884608628e+01 8.890006108146658903e+01 5.693049844122020176e+01 6.177417130832914438e+01
2.328585568760942337e+01 4.920017294320827261e+01 3.102352837447047662e+01 3.033598465231659347e+01
1.817635977611942266e+01 5.041328419184382881e+01 3.228097934478503106e+01 2.681103331502821874e+01
9.277457330754073439e+01 8.677020979192390371e+01 7.076205857405352617e+01 7.060425001089208763e+01
7.677646177143377315e+01 1.139658871192411560e+01 6.439079570677647268e+01 6.902986409963665437e+01
8.343247957493986178e+01 5.773534012196677168e+01 6.464073752280890517e+01 6.323534630520829580e+01
6.389630219732845973e+01 8.144721289115919305e+00 4.350145943402233684e+01 5.033908820359949488e+01
6.103760597816921063e+01 8.349737856829622729e+01 7.103515007123321823e+01 7.269052952618567076e+01
6.527675756646389438e+00 8.218393227529024614e+01 6.463099336573813503e+01 5.828700380309368256e+01
6.473421343730912270e+01 1.283499266146947981e+01 6.501871664456533040e+01 6.384605368197492936e+01
9.824825806012478324e+01 9.118185695394470258e+01 4.391306608048505211e+01 5.374989663594251965e+01
6.410861035821594101e+01 3.116529166546488838e+01 5.253182644507214150e+01 5.275915907623811307e+01
6.605530782216007424e+00 9.725682356497368630e+01 3.600599019307259852e+01 3.260675051980534533e+01
4.778673549131357845e+01 3.552839742369226173e+01 6.825117301162001127e+01 7.081527082991114241e+01
6.622321583295929770e+01 7.153223105291355921e+01 2.681432296119208303e+01 2.778927442168956219e+01
3.156684811640659660e+01 1.252512310962079489e+01 6.555099718461126201e+01 6.125547728365972233e+01
8.908321482896334942e+01 4.490377603699617026e+01 4.593036882130737553e+01 4.819826808203403345e+01
8.771204676622879504e+01 2.431799802642259323e+01 5.505706345413642566e+01 5.471139562969616321e+01
8.437287927102575225e+01 4.380440759053837496e+01 3.423951232958596336e+01 3.274287746310653802e+01
5.464763610253764625e+01 9.135324272355582309e+00 7.566465493523988073e+01 7.188795083660374985e+01
1.842486515726742269e+01 5.700238755193398177e+00 5.877984493716847680e+01 7.212425872828475804e+01
5.727702766869457918e+01 8.194956853860523438e+01 3.267388905686335931e+01 3.949918066442447895e+01
3.496143988077221820e+01 5.963464974967759247e+01 2.742128891241469901e+01 3.584125560001005084e+01
2.660836607768413131e+00 7.352285181015960802e+01 6.256499129414530813e+01 6.164707984667951024e+01
5.807559990556590890e+01 7.416841289918231439e+01 6.752308375620374647e+01 6.936523279837759048e+01
1.056503454489307003e+01 8.128509715367577826e+01 5.787564763599992546e+01 5.811988997052129235e+01
6.182850210137198133e+01 7.814620887547091854e+01 7.032772277324515642e+01 6.820315508020217976e+01
8.508527573220953855e+01 2.861350424583143237e+01 6.404472739932528214e+01 6.286186270585218949e+01
5.797928438329550715e+01 1.665035470495151060e+01 7.122202051771586184e+01 6.884006353703813375e+01
1.758902834186620723e+01 2.353832618983575742e+01 4.943708110457581029e+01 5.899808320762048197e+01
1.567604286516393053e+01 6.834294151572704834e+01 5.936846199087332110e+01 6.225304789289176455e+01
7.548274583623312139e+01 3.094625764461823536e+01 4.479716563821899200e+01 5.326073280362524542e+01
4.054716763304184468e+01 9.840894639665141597e+01 2.922489567393878929e+01 2.850075820363810308e+01
2.948172383467668567e+01 3.545482088286073719e+01 5.645940812903214834e+01 5.476242405219905862e+01
2.523227442637452356e+01 9.152899403792739008e+01 2.656855648662634906e+01 2.533474379232590579e+01
8.958157315601947346e+01 1.034750636465846441e+01 6.565627023996523803e+01 7.375682826499742362e+01
3.015868698735515352e+01 1.883025249171064175e+01 3.037350462250994099e+01 3.194161817493128908e+01
1.303204331723358855e+01 6.434289495173307216e+01 1.971829819680662865e+01 2.506909086886932769e+01
8.214712527761908234e+01 3.540645623550940968e+01 6.558207673273928151e+01 7.242546169952321122e+01
5.372756736680381096e+01 6.771242634825640039e+01 6.826711524627593519e+01 7.009626803160531949e+01
4.555667819901088222e+01 8.909738846907038123e+01 5.694972585185759328e+01 6.136719298738356798e+01
9.856007339528002831e+01 6.866786117241294107e+01 2.436147919821942764e+01 2.886906918941025779e+01
9.101961241446964834e+01 3.828333947684352268e+01 6.306352949830804278e+01 6.578193399269150632e+01
4.301427320968262791e+01 4.377650549881284547e+01 3.103708891081200605e+01 3.653144285003193659e+01
2.528374006902892646e+01 6.728461292151455275e+00 2.679972668843779715e+01 3.261484320322297492e+01
8.230035744469347492e+01 2.350312988119186386e+01 6.522811128184461893e+01 6.042066528653729307e+01
1.691279992160732437e+00 9.095644273803011970e+01 2.696300087671827939e+01 2.875813973874818075e+01
2.717175988981797019e+01 8.159557894152065671e+01 3.783156071652594932e+01 3.352241645934366687e+01
9.861767972836948104e+01 8.208490092631286927e+01 2.814773024509193888e+01 2.540295503868639315e+01
5.807685836144216296e+01 9.287634212054923921e+01 4.967434280059844554e+01 5.271090570393991470e+01
8.429454824561972259e+01 4.458866198598078512e+01 7.085835457678251714e+01 6.312069944933784171e+01
7.318727372865008363e+01 1.739637059033386635e+01 3.612160589758117624e+01 3.877349935677011672e+01
6.373021565380238940e+01 7.069660818436618754e+00 3.615401877629565774e+01 3.876641789176629516e+01
5.347994662811924371e+01 9.962244930446387059e+01 4.745335626224407122e+01 4.956799930480049454e+01
5.954148016201084204e+01 8.865954415023983870e+01 4.109425523501099065e+01 3.639391795805173047e+01
6.043044198214788310e+01 6.300186806188273891e+01 4.173829418004733327e+01 4.846935801061043492e+01
7.360354004260655358e+01 3.200161130873917159e+01 5.060446924118365786e+01 5.289181267162369693e+01
8.637896229650033320e+01 4.067737485720051893e+01 7.623612137071728512e+01 7.149069122929168429e+01
5.866017374045604527e+01 4.553949052479408266e+01 5.180153489085197549e+01 4.847454606926160636e+01
7.463140417219404910e-01 4.226866196574257373e+01 7.180681612008608283e+01 6.724560486016321192e+01
4.426937019674358709e+01 7.322192063122223260e+01 2.330189643968347823e+01 2.733395525099227541e+01
6.692682917508349760e+01 4.480854872830764890e+01 4.879001952793018404e+01 4.015221433974850385e+01
2.042564679363963975e+01 6.268026300648439531e+01 3.587425105428886241e+01 3.661810280053594369e+01
9.956451766743492726e+01 4.801835152618878766e+01 4.858856061896131706e+01 5.786845522799339392e+01
4.923670487012488906e+01 1.923157727843505427e+01 4.639362634548908915e+01 4.805392195023453183e+01
2.458185870225746328e+01 9.148421498516546535e+01 3.354068134963469561e+01 3.471844240607514820e+01
9.522640145333723183e+01 5.330552900947112249e+01 6.315443786761603207e+01 5.237762451232644878e+01
5.429404444893278026e+01 1.293806169667008987e+01 3.758212190079409964e+01 3.972185910373674034e+01
9.914611227762392787e+00 6.229540441833817255e+01 4.468741952004388907e+01 4.553075832014034319e+01
4.063322309637678131e+01 9.265853832183810823e+01 7.104218150124117415e+01 7.035828716594582488e+01
9.845758963761130644e+01 6.664073046949189916e+01 2.854040684634224689e+01 2.764076108168192647e+01
7.175613826485357549e+01 7.768213672402811198e+01 6.734197289114327134e+01 6.818854151041256273e+01
3.893897796668734657e+01 7.326126992403987970e+01 6.847251638810045904e+01 6.935633488796149493e+01
2.120812374773777265e+01 2.389976802115513266e+01 2.812845635530340971e+01 2.672890348945100314e+01
8.793930568071954212e+01 9.656098313808840317e+01 3.415703870315679325e+01 3.537357982960054414e+01
3.385068794254728886e+01 7.091812774370986894e-01 6.802506883303740892e+01 6.647718746513865540e+01
6.225469904622816841e+01 3.089177228437660716e+01 3.687251554708459622e+01 4.403892641068557623e+01
7.697314182968801788e+01 8.109351926726105830e+01 4.003566268398306249e+01 4.431937856320242020e+01
4.986014639916424684e+00 1.499092532471396666e+01 5.375811380515143156e+01 4.911993805071387698e+01
5.420152984797260842e+01 4.595629775055218857e+01 4.989679442207930293e+01 4.789535201543385767e+01
7.221318533518794602e+00 6.844353610693075041e+01 5.032204148586344417e+01 4.728738334908607044e+01
7.651488498612638978e+01 4.852906340617153802e+01 1.493816362264320752e+01 2.761082646567388821e+01
5.183654633353206265e+01 7.289845187165500562e+00 6.268329044150672047e+01 5.911550798681295049e+01
9.789473558546617937e+01 5.018695310245037433e+01 4.549568797277371601e+01 4.648580197566406724e+01
7.534756054464806141e+01 1.324706563419265670e+01 5.469155137931242194e+01 5.461042033579094834e+01
5.462476001308509410e+01 8.947312281038721338e+00 4.179840855069135586e+01 4.370704178463078904e+01
2.336904488253636103e+01 6.392018293899598547e+01 2.356825345758849366e+01 2.504174526171663473e+01
4.275418553597120308e+01 1.608602934850978983e+01 7.003478888665695479e+01 6.273717201637882113e+01
7.588681344179497046e+01 1.057965202727989507e+01 5.061398526946443610e+01 5.110295918356280964e+01
8.146250560259171891e+01 9.361630415509965530e+01 5.135178667417699927e+01 5.350063478370188363e+01
9.502792236114071045e+01 5.356889704560298071e+01 3.941904945999079501e+01 4.872143122595227283e+01
8.482031285528954356e+01 4.929827104580890307e+01 4.719025105645230411e+01 4.953776346240152861e+01
4.035199924402112259e+01 3.332998598705250259e+01 4.919280240391292836e+01 4.239440696548248155e+01
5.727725097371090612e+01 2.383372106279969671e+01 7.939550847155906865e+01 7.328907344323167194e+01
2.388451604036069398e+01 9.492811717559837348e+01 3.050996868195266032e+01 3.990017885919957052e+01
1.688592893670353234e+01 4.606727916549932189e+01 3.070877433602487017e+01 3.214782682065671793e+01
3.515925027119415347e+00 3.231452172794172384e+01 5.441086239394685720e+01 5.149603129763739418e+01
5.517123720199668924e+01 3.565589211768887168e+01 4.473027562526006307e+01 3.993097759949374392e+01
2.434670440667601099e+01 4.577646127041341373e+01 7.595201487169440213e+01 7.290551789916250414e+01
4.189329779839459889e+01 7.758650652027868944e+01 3.387329557744314457e+01 3.372357834215439709e+01
5.637371014453994889e+01 2.049792328259108132e+01 7.419953911261723078e+01 6.696220702624748355e+01
5.227910326875962355e+00 8.525426448755003150e+01 1.981963864216681515e+01 3.137193501581867139e+01
8.743980317083307341e+01 3.525292413005173131e+01 7.226835744744866474e+01 6.656755175061917384e+01
3.762593293304219344e+01 9.232860210139357093e+01 5.448246756734317131e+01 5.213285256922212341e+01
2.697424658737670455e+01 7.023987210805987047e+01 6.589018065748571473e+01 5.973334602701653751e+01
9.891253191087334073e+01 2.650472874092832853e+01 6.720595026617354506e+01 6.237249972154840805e+01
6.374024812092216052e+01 8.018258998755150913e+01 4.663745945045485541e+01 4.810313998157430149e+01
7.831600290279028798e+01 1.681180975977251180e+01 5.122605638762605196e+01 5.041209797887820798e+01
8.360789007952809015e+01 1.547860348461119706e+01 3.011755869973588062e+01 3.737179537839655552e+01
2.489768991613649973e+01 3.723070985730478100e+01 2.546637658899618728e+01 2.757248778617237406e+01
5.119386306819278332e+01 5.270076245815337046e+01 5.615945077121941864e+01 5.876967845244296029e+01
1.708137063062107330e+01 1.976903031144875555e+01 3.188173228730046915e+01 3.403328010983355512e+01
1.456286467054234102e+01 6.974316172371925404e+01 6.428065910861737109e+01 6.338696851016769784e+01
7.827456742513867027e+01 9.374811723991047074e+01 6.919273632665920104e+01 7.350682410281086732e+01
2.093060758342085848e+01 7.252231695448141835e+00 7.032800540422505264e+01 7.167961163344189401e+01
4.025263554901420093e+01 9.200400525459035350e+01 6.502550710936615985e+01 6.436713819708955953e+01
4.965154222306048837e+01 1.233184910752922470e+01 4.009703266883517614e+01 3.905835393208941753e+01
3.507097879920843297e+01 7.728400834265033836e+01 8.031705116327310634e+01 7.295201886972537864e+01
1.534128823890880078e+01 3.665511873792262065e+01 3.733531610318316751e+01 2.832998557959324515e+01
7.806820746878622685e+01 3.902385495839950380e+01 5.785639322793544181e+01 5.813115269607619240e+01
3.787033555811593288e+01 8.431448650297454606e+01 6.442130159896179009e+01 7.420464388503849307e+01
9.197925717794362299e+01 9.484919325315610550e+00 5.441260019631008760e+01 5.819076760972041740e+01
7.405095212183185538e+01 7.569268451270137632e+01 6.067162019700038655e+01 6.209570127369943293e+01
1.667873351836741591e+01 7.974205539416642807e+01 7.201113335149457839e+01 7.085343623590716788e+01
3.374770457129719148e+01 1.808109220568543396e+00 4.003298684107582517e+01 4.732570066937824294e+01
5.498769211562104431e+01 6.195825928270868133e+01 6.634903451287101461e+01 7.178956097587315810e+01
9.737672910800421633e+00 3.030657611751016489e+01 6.382244150406114613e+01 6.161985678226208307e+01
5.494118320609645423e+01 5.908662673951145194e+01 6.527281237772241695e+01 6.910803302209880883e+01
1.949427689701598254e+01 8.268678471733620938e+01 5.626554229027424014e+01 4.098895255867668652e+01
7.621875111940821057e+01 7.136073662634714765e+01 2.075114953848790122e+01 3.307002803013754999e+01
5.688127364338728853e+01 8.677231528050923259e+01 4.321162368019293609e+01 4.035861798775135867e+01
3.894346800776732209e+01 9.517024063905371634e+01 3.197208493398542117e+01 4.033014339728725162e+01
8.680981598670628330e+01 8.812506816818897448e+01 3.501865243319610954e+01 2.897739517920853203e+01
8.325765805063213065e+00 7.245579091588182052e+01 3.115122990139860093e+01 3.683425933406443420e+01
7.829236142575723534e+01 4.426548482604331269e+01 4.852667423426215976e+01 4.558946201714205415e+01
7.779094067485368669e+01 3.823633310616278891e+01 4.431273453229145076e+01 3.769375730930715918e+01
3.761904687696221572e+01 3.673405152772799909e+01 5.259465769014594372e+01 6.112324649703662516e+01
8.087994445011507594e+01 3.617683119225658572e+01 5.242547205377366737e+01 5.704095678908630163e+01
6.707273254426007725e+01 2.694394463036550036e+01 2.775228049023925792e+01 3.235228541281447434e+01
9.334131270234547628e+01 7.235345733310886374e+01 5.771866762233089077e+01 5.955694535627476682e+01
6.477200544206120014e+01 2.929944310341836555e+00 6.181029655616968910e+01 6.480580472155808991e+01
5.095088732242019347e+01 5.457496797794356524e+01 3.594238268308171058e+01 2.978159255934149385e+01
3.756622954398058933e+00 7.171814470467576541e+01 5.380946641211112791e+01 4.686476381679585757e+01
1.682365791084918882e+01 1.899347436610200290e+01 4.607121713482754899e+01 5.186196491312527002e+01
2.862798621119409148e+01 2.474629812331463796e+01 6.452376445533316485e+01 6.260692033419284286e+01
6.509717452185445552e+01 8.245170697999292031e+01 4.177085669729758877e+01 4.071079223562487925e+01
5.182057321825208618e+01 3.752865753180312236e+00 5.692302120914479957e+01 6.072340177108686987e+01
9.207708496360753259e+01 9.684191305004078743e+01 5.405526753889241576e+01 5.801290622253127793e+01
4.582048052522159765e+01 9.450170942484939474e+01 6.736098319966950498e+01 7.008686407782417405e+01
4.698043214486815344e+01 4.554655720063617252e+01 5.821448028147420217e+01 5.496383506433844701e+01
3.567704903492512614e+01 1.642704494559280448e+01 5.037194345899563075e+01 5.434896582520029540e+01
8.302028843457620155e+01 6.640122280676023081e+01 3.383678659252158383e+01 3.789678125360524064e+01
9.678645659513553312e+01 8.898363940883106693e+01 6.005347682064148529e+01 6.588971228786998324e+01
4.596147517329264076e+01 6.285039000835678280e+01 5.572518333184106609e+01 5.945484445445997324e+01
7.426359896816904893e+01 2.797669308870408500e+01 5.649526076524732332e+01 5.581104489095682908e+01
8.814224339079213877e+00 4.136655235832069621e+01 7.501608329546010623e+01 6.977841939027510421e+01
6.934008534290440195e+01 9.906427371721790109e+01 2.778911259877559914e+01 3.585067329889410814e+01
4.981892991739791654e+01 3.295304137739967132e+01 4.406031140591747430e+01 4.466063088457485719e+01
8.885992804371524301e+01 3.290737794607279199e+01 3.145876334140664810e+01 2.500875935022247987e+01
3.522309750707452736e+01 8.565719886833356611e+01 3.960544774354667652e+01 4.923109216121464016e+01
1.991568975970670152e+01 4.247941813314118065e+01 3.855525014916693038e+01 3.563194075579571773e+01
9.154162014667033986e+01 7.619343757430971209e+01 5.051155557440063149e+01 5.774882973613165404e+01
8.816353491754107097e+01 5.151922261382136981e+01 7.746526197930175783e+01 7.318541971948248204e+01
4.842131393476416434e+01 6.360143637779735570e+00 5.516879678064616854e+01 5.173740475255566196e+01
8.410961706161013751e+01 9.968492842814399069e+01 4.303431736890724579e+01 4.414310610107418853e+01
9.340329911306393740e+01 7.663512805573901687e+01 6.579499112045922971e+01 5.612541706207206005e+01
7.139579478647715405e+01 9.246586095822468110e+01 5.171318920106380546e+01 5.998564884883833059e+01
5.924934791764050601e+01 4.824930605276629336e+01 6.225753978327816895e+01 6.602361496327290524e+01
1.004698105483159409e+00 1.948404916553641186e+01 4.913304319121309049e+01 4.355765799916402159e+01
9.505035615891348755e+01 3.836090403551584416e+01 4.243720260536346700e+01 4.998707254524852317e+01
7.146960890066222305e+01 6.037927572861180181e+01 2.989261500983332454e+01 3.214152809955508872e+01
9.151388204048960517e+01 8.545154359107495168e+01 6.831755632398180467e+01 7.153575486164737640e+01
1.556925977559329155e+01 2.256645830520550433e+01 2.117981498815026953e+01 2.514351343478815792e+01
3.653668415506528078e+01 8.416154597578152163e+01 5.546204912111449659e+01 6.269547996855100536e+01
7.541217599278827066e+00 2.503587295708554805e+01 6.693154163635016118e+01 7.239273884585391272e+01
8.882721965115059959e+01 4.599419512939627452e+01 6.069731162742654362e+01 5.794658713568455255e+01
4.420662131180750265e+01 3.341046520865632630e+01 5.218308753051893234e+01 5.555558352269178357e+01
7.549325397850503805e+01 9.551751604781324545e+01 2.401515960220141821e+01 2.633825940392709697e+01
3.235246137370378960e+01 1.838128894818149561e+01 5.769361233448396575e+01 5.137133603985474650e+01
1.548413946474549441e+01 3.561939434613794475e+01 6.970130139342629150e+01 7.105029676621623480e+01
5.601159830093484260e+01 3.864625643279352118e+01 4.202496018075419215e+01 3.920561066822752849e+01
8.812580677630116099e+01 7.787898909129076230e+00 7.068035962105051340e+01 6.923116015766400722e+01
9.200381641090525875e+01 2.706836043017311155e+01 3.704914370595142259e+01 3.796532170112687510e+01
7.395632481112680523e+01 8.661976085469403230e+00 6.691541555348507586e+01 7.219553927918641989e+01
1.910621393463581796e+01 7.905136075336477575e+01 4.539588330478597555e+01 4.707728745857275499e+01
2.519982216440716982e+01 9.207564510547337022e+01 5.815888378497553646e+01 6.199501110322346165e+01
5.334802087447828711e+01 5.963935996924615068e+01 3.660282657465152312e+01 3.903776726883684489e+01
3.083521216761987560e+01 8.695411688592183452e+01 7.640955865788792778e+01 7.367864184067883571e+01
7.284939338474401893e+01 1.996697380406466849e+01 3.712709205053938177e+01 3.035562741890469596e+01
4.063664052774614532e+01 4.850729091426953943e+01 5.408270639715397010e+01 6.126554815578816005e+01
8.183606413952166747e+01 1.716781950432169168e+01 8.078314518266222422e+01 7.124704982762261807e+01
6.928784276966521816e+01 5.558708141989593088e+01 6.995278704025719207e+01 7.064753990553266760e+01
4.120177389516563693e+01 1.383975859681245701e+01 6.657652402653673107e+01 7.015359423275694439e+01
5.246723066856222317e+01 6.393748005427755032e+01 3.379987810284900007e+01 3.505969612348933140e+01
5.722838145420011813e+01 4.418537080910639503e+01 3.467187612359111881e+01 3.004931175484627559e+01
7.464521288571140190e+01 8.935099713933179544e+01 7.567892229023969719e+01 6.844088882886400427e+01
5.552958253281813228e+01 5.275796224253503652e+01 6.554359784406612732e+01 6.601377483764163401e+01
2.331875544216163121e+01 8.644029871943976673e+01 3.093685620800128433e+01 2.735456362619488146e+01
6.941316539762368620e+01 1.612464637221489028e+00 3.726571298941472321e+01 4.222748664564866772e+01
7.901313737261082792e+01 2.177808017675685193e+01 6.770378148820101671e+01 6.484465255957877616e+01
3.789559098125076275e+01 3.027676076174250497e+01 4.593460101728227585e+01 3.862142649862264676e+01
8.179634943491535637e+01 9.299217631456647837e+01 5.450834128598901174e+01 5.415291062206244277e+01
4.377814772996199366e+01 2.307345902070537846e+01 2.911964549966241833e+01 4.051018861658997139e+01
8.072616493262503923e+01 4.596327543564602536e+01 2.236025483236711153e+01 2.946525065345120709e+01
7.407490721044773352e+00 9.928321316819753406e+01 4.078942367801904112e+01 3.585058824414670653e+01
2.874025338454825373e+01 5.578791835778855557e+01 3.043075918208642960e+01 3.465446473770352043e+01
8.645750712015232153e+00 1.428343079176719321e-01 4.495833529202622714e+01 5.171854713535191905e+01
4.298312575130025692e+01 2.872576948770676353e+01 7.367945687101969554e+01 6.996451735765924695e+01
3.550152661362466944e+01 4.819001671099773887e+01 5.031335547483197956e+01 5.252538929396049383e+01
3.984787621092144150e+01 3.169130138185443002e+01 4.673873354479254516e+01 4.627563941885684784e+01
2.855796162386363690e+01 9.616114422544468709e+01 3.128446280056681417e+01 3.643505205101912736e+01
1.105431663085805205e+01 2.193893891962462916e+01 4.643502498821416680e+01 4.651765705888692537e+01
4.332509323090278741e+01 7.996918620027912539e+01 7.394746538841133088e+01 6.467441883391927604e+01
4.263182939907012781e+01 3.337042075756298942e+01 3.164687840614985959e+01 2.511956829478398845e+01
7.097850502239725756e+01 4.822252303373265647e+01 5.203236261913857419e+01 5.419457817126014021e+01
9.041136604795050857e+01 1.565292134157412107e+01 3.666377000964564559e+01 3.133656131189271576e+01
4.162849285443547132e+01 4.488513656520029826e+01 5.990110442135675584e+01 5.576076845522682390e+01
3.270067684961021115e+01 6.279587353429077723e+01 2.751902117734756814e+01 3.413406752088776841e+01
5.323602348613148649e+01 3.033642822141704443e+01 3.928390764814023584e+01 3.986036899599120176e+01
5.030726002716090761e+01 8.291458139448115716e+00 6.200013334774083518e+01 6.163639035548191458e+01
3.402229944512570370e+01 8.559251895912977659e+01 4.346781483164702564e+01 3.791717512673554324e+01
9.317314247538246264e+01 2.068718754222878076e+01 3.582190412430728088e+01 3.528699026453487164e+01
1.493993884537723105e+01 5.099850793134971383e+01 4.605825506946666081e+01 3.973708516024472459e+01
9.007601624507324800e+01 9.300053777910726183e+01 3.835673910072920734e+01 4.446986548210883683e+01
3.656311344649276762e-01 3.200595641835825234e+01 4.217742419361258754e+01 4.996255995466415101e+01
4.846423247582231753e+00 2.102761779018613808e+01 5.658886051017589836e+01 5.304290414760728822e+01
6.155526231931791870e+01 3.955750656261314280e+00 4.030387579071322079e+01 4.105814297474738339e+01
6.491539648308727806e+01 6.980705464034015506e+01 6.381399025162692595e+01 6.225546918058819301e+01
3.205632243609245791e+01 9.352012359790951024e+00 4.271124464193341197e+01 3.895019622034843110e+01
1.287544373680554699e+01 9.476236585206670782e+01 4.751708660226282888e+01 4.629007463932654076e+01
3.172591743568675682e+01 7.663040711189000831e+01 4.979485925822638848e+01 5.253975157924491413e+01
6.730081662886769323e+01 4.696442240766729448e+00 5.663228801665320589e+01 4.861766845069826104e+01
8.193982309664927755e+01 3.598249006365664826e+01 5.407656313005428927e+01 5.347803446485079348e+01
8.425545014651812892e+01 3.621816027941515870e+01 6.604697213644311660e+01 6.164222508645534049e+01
4.708164193658981134e+01 1.989297797950383284e+01 6.016866086204650799e+01 7.022881099990574683e+01
6.068306895068231732e+00 4.133424598711922471e+01 5.466149396636710378e+01 5.880712782447509568e+01
8.425345083518016054e+01 3.032081937596748844e+01 4.294478970787025673e+01 4.937629413548003043e+01
8.337905376875953678e+00 9.285077519437786009e+01 5.797371149397719847e+01 6.114985388793321874e+01
6.670368571253538903e+01 9.115768872630525266e+01 3.456201689007895084e+01 4.244380462153356603e+01
6.215073111380841198e+01 3.879945472888746139e+00 1.867725282311293356e+01 2.623749589955946959e+01
8.312458050899425643e+01 7.667683563383357637e+01 3.506426914571468956e+01 3.802850713701467100e+01
2.412443360380278534e+01 2.082318086082144504e+01 2.504829467497634710e+01 2.852850673045877627e+01
5.042634607930315127e+01 8.656450363727319086e+01 2.413497038374998738e+01 3.062863008081619753e+01
7.853624279279869391e+00 3.564047358496647178e+01 7.476518245649778294e+01 7.358226203647853936e+01
7.926624767516170778e+01 6.038030788437534113e+01 4.933415880523804731e+01 5.104913437559457634e+01
4.006908634826666926e+00 9.843219788140412163e+01 3.834811225750425479e+01 4.160277037000400213e+01
1.522282139168668103e+01 6.667088553964568121e+01 2.842882890954593478e+01 3.533857551721590795e+01
5.857782709310475866e+01 5.867679078445912211e+01 4.457298209028691360e+01 4.830829334074030612e+01
8.361186155450425872e+01 2.649670615554430242e+01 4.486325916177341355e+01 4.944323697753761593e+01
2.034108188217764734e+00 2.051871429048069828e+01 4.870825443235779773e+01 4.933858302156028230e+01
9.108242203303960594e+01 9.433101118741497260e+01 5.202304891030900080e+01 4.800438579569259190e+01
6.770937847836442813e+01 7.785158800616635233e+01 1.310146186504655930e+01 2.652798840922598345e+01
6.009571949974971972e+01 3.429790130331167308e+00 4.975660833887258860e+01 5.189008255039446027e+01
1.548426816202274026e+01 1.829229259620846904e+01 3.650475666926015350e+01 3.745910506241798998e+01
5.036917612374446662e+01 1.826251302531011333e+01 5.739751750317418555e+01 6.343969750803138652e+01
3.356092442409013188e+01 7.651065916331309325e+01 4.327670817081936860e+01 3.995076546715264243e+01
6.539942214202483228e+01 6.185851490721153567e+01 3.098471167532799342e+01 2.923107603248866226e+01
6.892793212258371227e+01 1.271026137707403869e+01 3.567231693089063782e+01 4.178428411914351415e+01
2.013991027938874012e+01 9.590241759729659066e+01 6.134018465221711125e+01 7.393684860843519857e+01
2.447450796369272652e+01 8.814858195889104309e+01 4.159136542975095097e+01 3.741866266758742654e+01
7.203333691659929627e+01 9.182850353799577192e+01 4.080404616028165776e+01 4.815076762686270229e+01
8.043744141377005974e+01 6.582984336315378826e+00 6.925728000775818316e+01 6.237757839068177645e+01
5.340361132046565729e+01 8.794626935118922972e+01 4.100237867417430238e+01 4.228067194466067491e+01
9.457764972463471054e+01 1.325740774844823555e+01 7.746729371817983179e+01 6.774826948371560320e+01
2.648163217783188372e+01 9.335931437012516199e+01 7.199595393694795575e+01 7.244807857677507457e+01
7.538137129783689261e+01 2.190591730598833209e+01 4.430399766351607838e+01 4.690154710405759175e+01
9.623653164545284255e+01 8.902206705545559373e+01 2.703485904955843466e+01 3.250097353491280217e+01
8.227602430323319993e+01 5.183239230398234554e+01 4.618064815620186181e+01 3.932784198518118046e+01
3.144341058114054022e+01 5.809685866315924585e+01 7.298891177035977762e+01 6.948346426347920612e+01
4.109329049627582719e+01 6.292191930082920948e+01 6.993129211553036839e+01 6.828111888427592646e+01
4.582533147650479322e+01 2.624160816962144338e+01 2.417645074796815763e+01 2.526898867819875960e+01
4.830141128439504428e+01 8.868315394689591358e+01 3.783475816826469185e+01 4.855158808197678155e+01
7.497257467835433431e+01 9.681873098721860416e+00 4.760567021510617991e+01 4.357674073023671468e+01
5.014414736979107090e+01 2.336247636485665424e+01 4.095609272625092245e+01 4.990153764091623145e+01
9.222233181548601522e+01 5.925681827648268296e+01 3.799242909620145525e+01 4.140774265319667791e+01
5.019355807808606329e+01 6.050712534377436924e+01 5.598905318457853753e+01 5.109570297446869347e+01
3.690177324111727586e+01 1.355168735607540320e+01 5.183996266330651537e+01 4.573110722094114777e+01
2.527658599511640602e+01 4.066365268849704506e+01 3.831644685591258082e+01 4.213076466184483593e+01
2.447155970237009370e+01 1.315653066393546133e+01 3.022767004964484983e+01 2.892020772676474749e+01
1.100177211275435951e+01 9.474279980597931683e+01 4.233580273507860170e+01 3.890948619272636222e+01
5.438779211611175413e+01 3.385540274370513458e+01 4.734349335940487435e+01 5.290979368241556813e+01
6.131703607431170155e+01 8.688010958178202259e+01 6.619015764719286210e+01 6.679468722262313918e+01
4.388108836874360819e+00 7.203732127322028589e+01 4.444799779777910231e+01 4.906013655087065217e+01
2.562923753692175666e+01 1.904134960249102093e+01 6.699534908592180216e+01 6.791951352771727102e+01
1.914896149081194565e+01 3.862363952990895655e+01 4.848587397161035994e+01 4.376844307753834329e+01
6.415796812433941909e+01 2.343295536738820850e+00 4.301759084443131798e+01 3.906544727268398276e+01
7.583847715899177899e+01 6.060138319360812886e+01 5.703125078265038894e+01 5.696451845880048381e+01
5.357655960740792978e+00 1.404990097955173312e+01 6.225493962131137948e+01 5.226350623862269629e+01
2.078238414588358296e+01 5.040700797484242912e+01 5.448816860293934639e+01 5.813895442309655692e+01
1.585202340274094368e+01 4.874678354639739553e+01 3.641210568415053928e+01 3.561437928472751935e+01
6.393864214540979418e+01 1.290364088894249051e+01 4.303164280423909105e+01 3.340588374110773628e+01
9.137274940064592954e+01 8.329941385530004538e+01 2.975707164408154526e+01 3.626519983473349384e+01
5.265949425897893121e+01 3.032810260654452605e+01 3.625832125946770645e+01 4.553464180734952294e+01
2.459997403067951538e+01 5.320868239380113351e+01 4.823562085827529700e+01 4.498412609593952283e+01
3.962772624917005970e+01 6.938633423283945945e+01 4.893227474751213890e+01 4.246016988957866545e+01
5.125762159242116667e+01 2.677743146041174782e+01 4.549507768419996978e+01 4.029265219297080591e+01
3.293212774825042999e+01 4.220046858129844480e+00 4.962951255006397133e+01 5.141094529161547655e+01
5.444613321491685554e+01 1.684405511319152637e+01 7.604646062760667746e+01 7.159234728760546318e+01
8.753632399007607034e+01 7.044936364116847471e+01 4.538465638069115471e+01 4.606888642063043449e+01
5.406109943247290062e+01 8.496001749824580429e+01 4.801349396383731971e+01 4.824792325892927636e+01
3.732073691051268582e+01 4.932474930259858326e+01 5.791298040350491050e+01 5.465290978422202528e+01
1.890776537783488465e+01 9.009077302669906828e+01 6.741869488296138968e+01 6.075179690278447708e+01
6.332689173374889435e+01 9.949622618063813206e+00 6.041739381725918179e+01 6.889965371676288441e+01
1.209606622384923291e+01 7.869767519539905720e+00 5.273108956423933336e+01 5.588261914652646567e+01
5.611502124351743959e+01 6.874368609408672626e+01 3.254182806826078433e+01 3.172170085696009423e+01
9.473891477934415661e+00 9.758708627835366656e+01 2.862590353831831891e+01 3.107920194194525720e+01
6.906153123866363330e+01 5.724077259677650886e+01 4.045195244582350114e+01 3.605347404847272941e+01
3.636114491900638512e+01 2.168142759291082911e+01 6.696112565375176473e+01 6.862516128000549998e+01
9.706680277938704648e+01 1.757152458368258507e+01 5.971166200155033721e+01 6.011889817386451540e+01
4.241850557459761717e+01 4.466887217446648606e+01 2.541472801278143834e+01 3.237905146153832447e+01
8.251348756614190449e+01 4.852556041472411152e+01 5.434058521982640855e+01 6.670938100538921844e+01
7.141191409249158539e+01 1.962342816878556206e+01 6.900753541887976894e+01 6.974406148872199651e+01
3.903764460469538733e+01 4.157748009896514674e+01 4.691774960927717331e+01 4.764537900031204742e+01
3.677085081275431833e+01 1.006199772225900801e+01 3.096318100028457820e+01 3.089219065146126653e+01
6.447567265900929101e+01 3.396606204814427343e+01 7.079478267011890580e+01 6.956503374739088486e+01
5.574247446701420472e+01 2.560211730615130676e+01 6.508279504893280887e+01 6.579108456453921860e+01
1.162736802928806590e+01 5.364103830800303996e+01 4.371481050450346828e+01 3.894830815233130039e+01
9.989046997630767066e+01 6.077627687434245018e+01 4.047058743291701433e+01 3.606582451553406088e+01
2.252071002162016100e+01 2.570960893951117399e+01 4.794549781497656937e+01 4.874897585826116142e+01
3.672777012807092234e+01 9.138145226249442032e+01 3.682954676557095297e+01 4.352652737776674030e+01
6.507883208469019110e+01 6.141688503188926518e+01 3.341430223838622027e+01 3.502365415030150331e+01
5.127498997939296288e+01 3.982502348634127998e+01 4.971672807176857134e+01 4.269893634940225979e+01
4.394653743584421335e+01 4.963227712843788453e+01 4.036466944934777956e+01 4.476297443619246508e+01
3.972912929459057096e+01 3.368477014471527298e+01 5.694823881365918083e+01 6.199266949749299016e+01
4.149977583707542550e+01 3.269421002546949495e+01 6.066893231978858125e+01 5.809511968019756267e+01
2.256858320237709048e+00 1.128581447127622361e+01 6.094677633666220373e+01 5.935563851290640258e+01
7.869757993812008579e+01 5.638185385323158272e+00 3.693826475825851219e+01 3.824855567104568621e+01
5.058092225923297747e+01 5.603486743503233924e+01 7.286151567927768724e+01 6.574600012486536116e+01
3.548457234306582109e+01 6.126843446746072175e+01 5.853754227909563213e+01 5.734248122316123641e+01
5.476161006537471110e+01 6.404832931422122044e+01 2.594491710680762964e+01 2.882617406691820605e+01
8.464875358462897736e+00 1.192716720397434216e+01 2.245823826539010781e+01 2.583578664285269255e+01
5.001979355227852153e+01 8.404427505460201075e+01 7.012933420883841507e+01 6.083025832815177836e+01
7.890406042020471489e+01 3.509756239260914157e+01 4.046537416485501382e+01 4.399740720812113182e+01
4.089272357566719762e+01 6.619698394506340833e+01 4.648547808132706649e+01 4.736947250638354490e+01
3.769739042267061802e+00 3.671696256950226456e+01 5.422999756210791134e+01 5.428997790680084279e+01
9.166431026939162052e+01 7.054966519346238840e+01 6.717792702548659634e+01 6.326047531711135008e+01
5.345545447560391494e+01 6.751298858444197037e+01 4.174482838964625131e+01 4.140584070074665135e+01
5.802285321991417533e+01 9.040349864545592595e+01 3.201811674284385845e+01 3.370107693735416632e+01
6.702539760443592343e+01 1.879035887984165143e+01 6.247953987187252523e+01 6.006902728202790342e+01
3.364503518175101249e+01 2.112082585879516827e+01 3.131820507036351486e+01 3.719161073300367093e+01
1.788410685077993634e+01 9.019161078378827767e+01 3.971868863171288666e+01 3.578295565406337175e+01
2.452793049743673492e+01 4.484078410159328598e+01 3.205361668064955438e+01 3.477618279279176505e+01
7.444192538133259518e+01 9.712199118854944402e+01 4.380336566976468049e+01 4.437333361672314425e+01
6.906227420813415563e+01 5.134344971258201440e+01 6.506065232521034147e+01 6.626090146767005251e+01
7.506690142816549383e+01 4.886049258779847548e+01 6.032221356579636762e+01 6.075645616107335201e+01
3.255811325190114758e+01 9.835972997387742112e+01 6.673511630503959680e+01 6.722153963067088966e+01
4.384685249662990003e+00 3.266219057480087429e+01 6.233144337590574935e+01 5.796752623663737580e+01
5.633327779923980039e+00 2.388419131914276683e+00 4.500242395278025498e+01 5.072344794230093612e+01
3.326901796926699717e+01 4.382986080331659196e+01 2.626933098800051525e+01 3.149206387871643287e+01
1.647177469429809094e+01 6.891433569803376713e+01 5.145711162678004769e+01 4.940431568334756207e+01
2.001542112493668313e+01 3.195894262599983193e+01 5.918079076633259206e+01 5.855934846891761225e+01
8.123173327141188338e+01 7.524092332120092408e+01 7.533129318792570928e+01 6.966343908268842711e+01
7.163253434760279958e+01 6.693854236698692262e+01 4.769919153781749799e+01 5.072063349461140547e+01
6.422781635071149253e+01 3.836155478797464990e+00 6.214644226567845919e+01 5.935337340002281792e+01
7.778777055368772153e+01 5.003583603843901528e+01 3.575133284272369139e+01 4.464172222648189603e+01
2.774267348009791334e+01 6.428020501620824234e+01 6.928011986299087255e+01 6.959735350631756035e+01
5.613558241893379375e+01 8.828364906780791443e+01 5.278121082956207744e+01 4.897457408725643546e+01
5.176298283979672021e+01 5.778770814409091372e+01 7.493153551424343561e+01 6.868889210262209133e+01
9.375503374073385032e+01 5.298756255182060926e+01 6.149030145669360792e+01 6.280371874642779062e+01
4.824236015947288791e+01 9.365745260747448953e+00 7.680893784186665130e+01 7.425527943178458656e+01
7.472246450885869251e+01 3.117033214928120088e+01 3.062392452284004207e+01 3.441546165421488013e+01
6.781225015366464959e+01 4.144298124670365979e+01 6.895342089054152268e+01 7.171748078650652758e+01
7.507902311797877815e+01 6.447199773818176993e+01 3.552896432193188048e+01 3.372097741354928502e+01
4.916082915504816242e+00 3.105687603515561168e+00 5.541812554487988507e+01 6.318378156257666234e+01
2.232554010693609214e+01 9.223077754835847486e+01 4.258931550366818186e+01 3.982794305155496062e+01
1.397205669789540750e+01 9.612585173215148160e+00 4.245726071859555617e+01 3.383554231661312883e+01
9.336789061329351114e+01 5.423865601904387290e+01 5.274564637217321916e+01 5.322092249084176530e+01
6.037551438376129909e+01 1.639317209532027420e+01 7.359535605151779691e+01 7.141495496604170512e+01
3.012312947939081909e+01 4.633910088046462050e+01 5.994305420276216978e+01 5.675699507846709935e+01
1.712734106662395916e+01 7.416378186176208942e+01 3.026403406368145710e+01 3.289654965422198529e+01
6.623718599127535356e+01 1.582830506993736464e+01 6.881176592063502540e+01 6.109835597077238134e+01
1.281880728104617440e+01 4.253564962699836371e+01 2.472060737388768104e+01 2.925400253240171011e+01
8.918202114066127706e+01 1.964413152227858461e+01 6.138459450077242963e+01 6.633102488274288078e+01
6.594232468499163247e+01 6.247006694066079291e+01 2.825408636624435843e+01 3.145485357803006465e+01
3.780249494344020178e+01 1.029461447002861796e+01 7.190228204336010265e+01 6.784241557971854775e+01
2.439099311009673698e+00 5.814248948690870833e+01 5.489325244993376174e+01 6.029635849470460585e+01
2.193204012113820767e+01 4.288874313502105906e+01 6.522640059437702575e+01 6.912009952117477951e+01
1.645253723928124145e+01 2.335804342223591945e+01 2.634734456938482339e+01 2.953677485651684975e+01
7.194599676699718316e+01 8.545686640326408678e+01 2.569522995084698636e+01 2.680035610660222289e+01
1.033949366300415207e+01 4.315081198476423907e+01 2.299183708616325816e+01 2.675870650531966533e+01
9.059439679262645484e+01 5.668061050104660126e+01 3.544239919873861311e+01 3.103882404320382449e+01
8.765604907887176012e+01 1.582862560590980650e+01 4.556608215530919637e+01 4.962478372414498295e+01
6.056992404598756963e+01 6.918639081608444030e+01 3.830693697265067499e+01 3.799989421831988778e+01
8.690990687247285962e+01 5.683191510779255395e+01 4.395077804475518235e+01 4.757017647775790437e+01
6.145410182213154826e+01 8.321624537291182833e+01 4.940116705993056456e+01 4.746489678943580515e+01
1.184617050944818395e+01 1.363984583588107036e+00 3.032195467185911752e+01 3.333221728790974225e+01
6.979904714977924129e+01 7.902599039416938353e+01 2.957528346203294234e+01 2.791641649330922093e+01
4.956539208832471388e+01 4.211189044340816423e+01 4.105227843514278874e+01 5.208119190888359640e+01
1.937170507762978744e+01 3.458285703095938857e+01 3.578411586415332124e+01 3.338071381427073447e+01
9.401798347292414348e+01 8.920743510936206633e+01 5.355219160859635252e+01 5.802836769191401345e+01
5.435955749112920898e+01 6.537779229561563454e+01 3.870500119348869816e+01 4.497267148238644552e+01
3.940836485100318498e+01 3.166024348274128997e+01 4.001552728653989988e+01 3.860737470667616833e+01
7.060581146380307871e+01 4.904544085197846925e+01 2.576956481891796713e+01 2.749287634213787967e+01
2.347473867453153673e-01 2.447998730017258850e+01 6.805830929187672496e+01 7.374819235490589620e+01
1.212648933591367140e+01 1.137619588045494190e+01 4.109606080359032632e+01 4.671257345915960713e+01
7.958814737204244594e+00 9.403970339455442229e+01 2.606663825621017239e+01 2.583018502766749691e+01
8.533464976087238085e+01 8.634914504628183352e+01 7.725225917625444083e+01 7.356951806355046131e+01
5.967229901062170683e+01 3.372020351689527473e+01 2.625086042665440900e+01 2.836255843731117565e+01
1.218892120803589663e+01 5.097570669008714361e+01 5.852608755098464854e+01 5.125791805739316942e+01
3.593389905157872022e+01 4.753590676808685345e+01 3.635144573692667080e+01 3.558669209009562451e+01
3.814088099031233980e+01 1.408686039508613064e+01 6.249437704078319911e+01 6.756358284612390719e+01
7.288705094885958147e+01 9.319127325974558573e+01 2.788719262609649263e+01 2.513865061531294032e+01
9.502112058654302018e+01 6.326267182067479844e+00 6.030138633645881896e+01 6.194248799636375935e+01
5.713271934332997404e+00 8.937741877619448871e+01 5.298090570700541235e+01 4.948080424232752961e+01
1.289789079271652739e+01 4.684612370870865306e+01 5.983060756960188087e+01 6.220980945382171257e+01
7.574690507231029812e+01 7.317052727231515519e+01 7.091807037944046499e+01 7.206440458491752565e+01
2.003398210964423143e+01 2.110066917075260662e+01 6.882929984272550428e+01 6.958804554760300221e+01
2.731596203699451308e+01 2.095192243125321241e+01 4.553287498086021401e+01 4.520447261682527085e+01
8.394080376092719575e+01 4.481708470213185080e+01 6.366929143579417172e+01 5.840708180272206107e+01
4.732131868843987377e+01 6.177269240617943069e+01 4.563259238223985648e+01 5.166982260205454480e+01
4.060821325597709830e+01 8.262173757752201197e+01 2.276325358193923520e+01 2.683695371103225469e+01
5.244363458577493731e+01 8.060967479607474218e+01 3.534774751283787708e+01 3.367216217386809518e+01
7.943842250928562976e+01 9.896862340870683283e+00 2.713813950795845997e+01 2.529416018347765416e+01
3.976349857327529946e+01 3.363127275049555465e+01 2.344840067831699315e+01 2.558061425962170432e+01
4.806480283124089681e+01 5.518287335341685207e+01 6.317748436527553935e+01 6.455413717093459525e+01
9.656531747664122634e+01 1.485612250750378838e+00 4.811256918168456309e+01 5.294206550415246681e+01
3.333678381165627513e+01 4.491234139302508055e+01 5.706645789807890168e+01 6.203035439854025412e+01
4.355891580127090634e+01 4.148468503015949693e+01 7.327234154133066113e+01 6.933115421547775270e+01
6.858762750864646307e+01 8.332712820358479178e+01 2.499589812394955501e+01 2.765651808069934603e+01
6.095285097540635633e+01 5.851947853928538734e+01 3.697378108726887547e+01 4.134873701410876379e+01
2.138012106627328279e+01 1.055136464012010933e+01 6.830695751901241408e+01 6.682677907279065721e+01
1.910518687086828393e+01 4.407549434413178346e+01 5.847568083373047187e+01 4.949409900960299069e+01
8.162278518628002644e+01 9.882621151431868611e+01 3.888514964741164448e+01 4.430984851834904958e+01
4.741563614008493133e+00 8.011715032953247828e+01 6.043807190828081133e+01 5.049741283732247155e+01
7.704117870686437186e+01 4.996184119987619709e+01 3.052145301288591384e+01 3.457986998666201117e+01
9.737425820384935093e+01 6.633626109564929152e+01 4.082375193462986829e+01 3.935577216256353239e+01
1.717099889736881835e+01 5.298338889620703185e+01 2.899873926441418703e+01 3.016295151809738329e+01
6.289051449236150404e+01 1.179386748742334845e+01 6.549411045673215881e+01 6.550327545970456811e+01
3.962473468164059653e+01 9.638176611881804945e+01 5.389808744501205240e+01 5.415032465888435098e+01
2.878795033348445642e+01 1.202709631286068515e+01 7.035283401815304671e+01 7.411300481413738339e+01
3.209354383194403937e+01 2.522528338551703797e+01 5.342204099312473176e+01 5.191059877765721353e+01
9.627848079807321824e+01 1.266558728471939332e+01 4.206302368788193746e+01 4.245534315512401236e+01
4.809416080843035246e+01 3.763118169549976244e+01 3.631891237162250263e+01 3.900957511838967662e+01
5.226866756159653349e+00 6.855386205626233220e+01 4.362144171200453968e+01 4.775561530136907606e+01
4.863916280888938104e+01 2.984506611477605276e+01 6.380927257964523847e+01 6.005237196271244926e+01
2.888099699540895671e+01 1.492680126692472697e+01 2.409962579959179507e+01 2.503536323397846530e+01
9.361255715401345867e+01 5.201602230243956626e+01 3.648180963078569050e+01 3.525354287015802157e+01
8.733914579092193264e+01 3.949902705490324450e+01 3.350085699576958120e+01 4.042155761600189834e+01
2.072825225497355461e+01 3.777968239094114722e+01 3.166843560169260030e+01 3.317437039208143545e+01
6.773039592981410806e+01 2.895827046707271180e+01 5.771997464225614749e+01 5.838708781480259802e+01
6.589216503197270924e+00 1.912891566965143753e+01 4.074052716113487804e+01 3.473870613292190512e+01
9.369492539086954253e+01 3.772519857156954259e+01 6.640741211998340532e+01 6.970850114566255229e+01
7.607593083869500106e+01 1.583807094487421629e+00 5.578101257354344256e+01 5.332826834651758219e+01
3.794613805934648099e+01 5.065499999085471927e+01 5.628302372146028887e+01 5.847819289493680373e+01
3.133676944572781764e+01 2.951088601842852910e+01 7.334018493349057621e+01 6.566330356561212511e+01
8.977958063920259235e+01 3.498954636473986568e+01 5.513173906628141197e+01 6.003313402182830316e+01
3.595431445200034659e+01 1.258023363460513089e+01 5.893316449477280372e+01 5.270482014807276983e+01
5.251408517696296485e+01 2.029935591911972281e+01 4.518690446522778359e+01 4.605129926990070999e+01
6.773418460815163655e+01 2.442688294063322108e+00 4.117476675902431538e+01 3.292232084129927472e+01
3.329502469623732708e+01 6.694120642536434218e+01 2.161358123109206986e+01 2.544173292195015179e+01
2.518147020091316790e+01 9.810294891150761032e+01 6.137079695437472537e+01 6.514029514074290717e+01
1.394901869191145227e+00 6.571188390612732633e+01 3.650939202318058818e+01 3.705857666920095994e+01
6.114948527191991445e+01 6.960314069891137478e+01 3.424752191863041872e+01 3.339608628992141348e+01
1.079624481108355560e+01 6.964586774826564408e+00 5.889360225625478762e+01 4.889016285748716939e+01
5.206553537341115145e+01 7.422010091211325289e+01 5.097355100039371223e+01 4.851943008550691872e+01
5.103927213487066439e+01 9.694393756758783809e+01 6.932095422188677958e+01 6.569283712870107195e+01
8.414397599562447283e+01 6.176945861885908329e+01 6.444231696298166412e+01 5.897693320458795796e+01
3.377479967348472201e+01 4.184494971754580916e+01 5.085388914977079367e+01 5.707783608026877431e+01
6.051016222371507070e+01 3.957448298473543957e+01 2.986721573875497171e+01 3.930751694498410131e+01
4.949827947124610006e+01 1.309312521267774798e+01 6.962214361212724612e+01 7.376651935340990462e+01
8.642306022615571237e+01 4.645827644392460343e+01 7.443682043039906659e+01 6.756918732251139659e+01
6.194450738181532756e+01 8.030756423377448527e+01 4.318051007859120460e+01 4.363502936462936077e+01
8.215776917608378938e+01 5.544891143211707885e+01 1.797978134950754026e+01 2.790466576198361537e+01
4.677582309575794994e+01 9.680725029096784340e+01 7.529861930391851388e+01 6.918480218779913571e+01
8.111626038791321491e+01 3.282549881924012869e+00 4.678594626341598683e+01 4.828828037494528047e+01
3.172552164497000149e+01 2.819295517515607585e+01 5.308590342884757973e+01 5.681011510487000038e+01
1.326039907468110712e+01 2.333962694581269659e+01 4.533706056041572907e+01 4.421189921560778657e+01
5.171208881133304658e+01 7.636104796141586348e+01 4.473324266661877857e+01 4.148424104029563608e+01
1.563314383928385887e+01 4.370337254497707846e+01 3.968893930890396149e+01 4.822737289467081467e+01
7.435442696372945193e+01 5.807371397973518867e+01 3.881330810022492983e+01 3.430654838710680821e+01
1.707602834503856215e+01 2.268371023254951524e+01 5.755010184690589625e+01 6.710842127419475389e+01
6.629062523445658428e+01 8.525387408559670632e+01 2.579395067869005942e+01 3.264071751657889564e+01
4.915142258318265789e+01 9.755273290209018455e+01 3.332417405507276698e+01 3.486633595972077160e+01
5.950463449237611968e+01 9.019570020024437085e+00 6.060150024794431545e+01 6.645714912549378539e+01
8.963177330461791215e+00 9.592354353238221165e+01 7.156626520723114027e+01 6.652210879497800988e+01
7.881597881357063784e+01 7.041043607716368058e+01 5.897290360764657891e+01 5.563268406840401781e+01
4.990361729040812833e+01 9.315350491552619872e+01 5.833329099885175140e+01 5.981251627497083234e+01
3.719660818059189467e-01 2.415062268560612679e+01 5.097231716035651772e+01 3.845927270731940695e+01
4.795773243698764787e+00 7.754095145924947019e+01 5.706831750719786100e+01 5.953598906375537325e+01
7.607048060438950188e+01 1.498627988865516336e+01 5.718287711826909003e+01 5.622703447543290878e+01
8.624341301411568850e+01 9.614996792371472623e+01 2.467474206673808723e+01 3.568581779014895261e+01
4.500952685908593764e+01 2.213445102949707088e+00 6.407102247272214868e+01 6.808198138613769856e+01
1.174758988764929057e+01 7.856666019444561755e+01 6.735167868172590033e+01 5.705490728285001722e+01
1.150109368280978117e+01 6.948207298717207436e+01 4.415472888798304041e+01 4.376583073293521409e+01
9.449847855558431320e+01 1.416113506178993120e+01 6.428333908157379994e+01 5.342771719379155826e+01
3.819800454629459807e+01 9.568146705908777960e+01 3.299748952902764643e+01 3.349170707097518118e+01
9.621859094918001176e+01 9.014858511007490449e+01 2.703832353106563247e+01 3.130867478462539921e+01
8.035417768264277072e+01 9.956042018035059016e+01 2.526630021712823293e+01 2.666337789014639270e+01
4.367771693233196828e+01 5.201807365667596628e+01 2.949311358038643149e+01 3.418366037523941969e+01
1.526483964602975973e+00 2.201292441975266456e+01 2.819368843417584714e+01 3.801782314247542161e+01
5.138758347782336244e+01 2.315829912889994091e+01 1.812180436136172546e+01 2.621837425951513723e+01
8.103032991233325788e+01 1.350381366805474315e+01 4.686516369963852213e+01 5.207371469235167183e+01
7.333279087168622823e+01 4.102894391748712621e-02 5.961826694023768880e+01 5.113316787362010984e+01
6.516797948784270034e+01 7.126014072983932124e+01 6.880305189519813780e+01 6.975845407835939227e+01
4.441130051754063857e+01 7.813562183952002727e+01 6.800460563742699094e+01 6.129415111360190593e+01
5.570475861922341210e+01 7.873488484097070739e+01 5.413353827012672070e+01 5.464795165081058315e+01
4.707623923876029437e+01 8.781151969857013739e+01 5.858521224331683186e+01 5.265148417117500657e+01
6.741921166150007139e+01 8.042611543784499872e+01 6.591555446001343910e+01 6.350770104617477330e+01
9.145844352217477535e+01 9.103631494544172753e+00 6.482091774485559199e+01 5.956654049659798744e+01
4.131944788027976756e+01 4.056193902554423403e+01 6.795518365726839249e+01 6.940154491728992525e+01
6.561460918474422499e+01 8.818548008206828115e+01 4.852807171101982675e+01 4.571315814163516222e+01
4.481608733690020330e+01 2.744126316356817341e+01 3.931704345642641840e+01 3.836435700779151148e+01
8.610629364797193830e+01 6.986192068466168692e+00 6.776111820995942026e+01 7.294233998496640936e+01
2.215271519023670521e+01 4.635478392589218544e+01 4.703240479372063731e+01 3.917714376954701549e+01
8.735753057597341353e+01 7.627990528758054722e+01 5.130772183680498699e+01 4.758342044112892921e+01
4.028900310500485915e+01 9.072431672770787259e+01 7.403130308439513385e+01 6.648959277499164955e+01
5.428413743340746578e+01 5.296445270351334500e+01 3.477700976044377512e+01 3.352026336223531189e+01
5.205205336415145467e+01 6.553831994634532521e+01 4.183630384287931037e+01 4.175462503111121038e+01
4.515470228174244482e+01 4.080200912850811079e+01 6.874648040497281443e+01 6.126062572584074672e+01
2.834611492640791752e+01 6.867557202819088502e+01 6.742196324473968616e+01 6.979051726927754373e+01
2.214935488596400148e+01 3.479919986835011692e+00 4.092495737853973026e+01 4.345909193542881610e+01
4.570239521926254866e+01 6.065122253232188854e+01 6.042595159869252086e+01 5.438466289058739989e+01
8.271581484276234164e+01 4.250024141231975250e+01 2.754466797905090658e+01 3.213974629164968633e+01
2.650349181405474752e+01 5.361922792822041117e+01 4.491482027322125958e+01 4.499712838541149296e+01
4.401207709849362004e+01 9.113733908970722553e+00 7.186037406901955649e+01 6.996975116717159437e+01
2.137366879819106913e+01 1.969536302087213642e+01 4.127583202773934801e+01 3.552957943178793698e+01
2.277783416178014164e+01 5.838582673080153995e+01 3.714633393344715273e+01 4.017928824116145847e+01
1.557516228655297930e+01 8.804219028736048358e+01 4.337237028314210363e+01 4.596140321802781870e+01
4.120936096325391418e+01 3.561215027284148071e+00 4.979763025873932492e+01 5.943678412357498786e+01
9.471706168433939865e+01 1.359327473673206299e+01 4.976495545052181768e+01 4.616993156439665569e+01
2.141762527395868432e+01 6.007316835498244245e+00 3.255033381261354464e+01 3.636399904327352317e+01
1.436876251842127417e+01 7.099330734342463245e+01 5.337254136714444286e+01 4.765146659146249419e+01
1.761944061642475390e+01 6.062166422207659622e+01 3.369219130767455539e+01 4.239855158877015384e+01
2.229500085577535984e+01 1.880585664790756084e+01 4.280193524396438676e+01 4.835871616482985047e+01
5.894708030932468290e+01 4.711725593781418553e+01 5.734016258977037950e+01 5.100515270916401533e+01
9.279006298620269888e+01 8.283781456016463096e+01 3.229787333638080327e+01 3.492387816645920395e+01
2.372543636571372616e+01 2.626336123660736277e+01 5.044210397152129843e+01 4.965911114193698239e+01
8.452255581607398938e+01 5.254319983096422675e+01 6.915055458135944377e+01 7.028243059555977368e+01
7.536661379095812663e+01 2.200662547846917860e+01 3.885311480060420308e+01 3.442601302012931797e+01
8.657272371067936945e+01 7.244223402693150149e+01 4.038110052474992528e+01 3.123033945916566978e+01
1.760892879438539183e+01 7.433329135656566677e+01 2.520698868501715140e+01 2.795307410834288930e+01
5.907537213530648046e+01 5.993635517382656275e+01 4.187589904826549514e+01 3.667715850360858099e+01
4.318436923120296456e+01 5.393258284087121268e+00 5.165465103892622523e+01 5.725690349647888411e+01
1.235724905994904965e+01 1.010282464912585176e+01 6.097081955367598027e+01 6.113933861496352051e+01
3.275662939221260217e+01 2.098928423049971670e+01 4.918759594608237506e+01 5.033033479544199196e+01
1.961053247425359469e+00 6.713680088967957715e+01 5.231581498176416289e+01 5.443312743977126189e+01
7.919610144667157670e+01 1.271811892168869207e+01 3.985592241441275974e+01 4.311778931821164207e+01
1.701526411445168918e+01 2.547205004575489085e+01 2.632461748305443550e+01 2.871023333620227191e+01
8.578891852462399470e+01 3.088608992364632044e+01 6.588554042268421540e+01 6.982789562275016237e+01
5.664436850866265871e+01 4.717563093908743355e+01 4.958194726485390902e+01 4.989644685188711293e+01
7.322379140922875251e+01 8.777291412344057520e+00 6.681806619579052153e+01 7.241901349782474995e+01
7.166319367020314246e+01 4.372816482446175712e+01 4.035486208136883590e+01 3.141254233273475904e+01
4.766204563105404191e+01 7.636152989616566344e+01 2.582643578871635270e+01 3.173761188382465903e+01
4.807861681797272979e+01 9.920159693968356862e+01 6.866504233540372582e+01 6.743117667804924054e+01
4.050917294132183599e+00 1.229111825422449833e+01 2.030705929200621185e+01 2.600351188030193583e+01
4.019519246152195535e+01 8.457448783257632385e+01 3.462660507879304816e+01 3.459454899193384136e+01
6.546211935154629202e+01 7.093142948034834205e+01 5.861823540883413841e+01 5.880457345678087933e+01
3.572419681701362038e+01 5.770533417135442988e+01 3.422655927897461936e+01 2.988291311501597391e+01
7.234838383605735501e+00 8.785307492071558499e+01 3.018346608928951369e+01 3.311602718412363089e+01
6.502969740735076698e+01 3.290057296622328664e+01 3.914542707944711708e+01 3.625601789443283707e+01
2.621129720167964905e+01 3.430440057930101716e+01 4.107004005865431395e+01 3.645993316712498000e+01
4.188039383877550925e+00 5.030683226320281420e+01 5.842247888317181292e+01 5.795793653393040046e+01
9.201969860742738661e+01 4.915852362142758558e+00 5.734995849352160491e+01 5.393149679547514808e+01
2.142718093102595844e+01 6.449068045584627207e+00 5.742935397085735616e+01 6.531164398163552676e+01
6.952296557477356487e+01 4.179992169203515573e+01 5.655574832263869922e+01 5.710248341274926531e+01
3.330076330522442163e+01 3.735662860390805662e+01 2.143000723228786342e+01 2.710934481426548714e+01
3.196520622553006419e+01 8.104329135731704525e+01 6.897015348618685948e+01 6.428522411864443598e+01
7.248708535798805030e+01 6.981169240835235712e+01 3.109730213830332701e+01 3.036286161879337087e+01
1.400448121342290264e+01 3.220805753162657936e+01 5.785853485929497708e+01 6.432566923410972493e+01
7.509364580531396882e+00 9.433572987098816043e+01 3.650836732844007315e+01 3.163758061954986900e+01
9.125842179248230934e+01 7.805218027570217032e+01 7.554372725155810997e+01 7.235759876132860313e+01
6.067195797822320458e+01 6.267838170518446361e+01 6.380032352162481146e+01 6.098882759715040436e+01
2.156397627258491667e+01 8.380415909506078620e+00 4.828944365985986309e+01 3.928956080776458748e+01
5.140806956192732002e+01 8.291817799499176544e+01 4.437835792823356940e+01 4.981855210704213732e+01
1.234635737307360159e+01 9.800519429764847246e+01 3.937191696530375395e+01 4.795573071122550601e+01
2.274217287235292773e+01 1.713245444543749585e+01 6.676017135832350391e+01 6.347495287195894775e+01
8.935345834984369162e+01 3.892663968090482740e+01 3.133694064303579196e+01 2.910234883160571329e+01
5.324190571064257860e-01 5.648191628863961000e+01 3.392034312719179923e+01 3.442473845025978108e+01
5.568121431407401190e+01 6.615243241461749335e+01 5.919144044190700527e+01 6.686023928368365432e+01
1.164455240847114226e+01 5.964745775439524067e+01 2.749791919736401979e+01 2.942174430621912862e+01
7.964512903476583361e+00 4.296027434485467467e+01 5.543225980836553646e+01 4.986380223292417924e+01
3.287459883496065771e+01 7.204337022257779211e+01 6.437706081012446191e+01 7.310204214876412721e+01
3.328183610916719459e+01 7.548725289085605539e+01 6.486950425330354619e+01 6.450898845445180996e+01
8.179847710772052949e+01 5.876944695313122224e+01 2.521819818192694385e+01 2.510672257565829568e+01
2.037173932776665808e+01 3.403848376775491147e+01 4.765679435800185360e+01 4.182844392984244308e+01
9.135780114026948695e+01 5.253604818194980197e+01 7.249102718360843767e+01 5.744432147019256973e+01
4.360482979725878039e+01 6.300345775424381856e+01 3.405759374211186952e+01 2.964904278136121007e+01
3.011590197854453521e+01 5.782297861695136731e+01 4.981296741839803843e+01 4.717428956405878182e+01
5.795363691499810699e+01 2.866605812870229997e+01 3.669578318169952524e+01 3.091755763523428513e+01
8.389796062890930273e+00 5.227637227220571781e+00 2.534571296730162615e+01 2.822194562787181482e+01
3.887369701668930144e+00 6.589427939347427809e+01 2.725577488154005223e+01 2.964790588571233343e+01
5.176389356894345184e+01 3.819580190452688129e+01 5.643010646698301969e+01 6.097620107239571041e+01
1.145328683263482361e+01 9.969905028125511137e+01 4.255558776967175305e+01 3.617317513633929593e+01
1.074532164418865499e+01 8.461191855551118124e+01 7.357179867781098892e+01 6.929232965915512921e+01
2.117167784619656956e+01 1.452860097457866573e+01 3.162923487256243860e+01 4.041388016355948309e+01
9.760705860319043836e+01 2.568315745670586381e+01 4.561272089466332602e+01 4.843568040070367431e+01
3.002022571733631295e+00 3.972275295662325334e+01 5.713200154331027392e+01 6.108331813521653686e+01
5.471276425689005407e+01 4.078501343551810265e+00 3.150082751897740252e+01 3.206422425022275036e+01
2.283556141788476523e+01 2.201098300191635104e+01 2.011729671139007536e+01 2.652399683236161820e+01
3.927351142242275728e+01 5.043807042987668154e+01 4.643317447951528010e+01 4.279229024553222871e+01
1.318103734974591745e+01 8.865895961689463434e+01 7.516797670314232960e+01 6.459975963121756592e+01
4.228684090590870426e+01 5.171503622838772429e+01 3.699988859599774571e+01 4.359768260379881610e+01
7.226117248344495181e+01 2.045043386927958196e+01 3.379699792404787928e+01 3.978783126466327502e+01
3.293535242499546456e+01 1.382320867853371560e+01 3.990404520483041040e+01 3.948316857812479697e+01
9.799144327823803735e+01 2.258814129335758736e+01 6.121586589432290992e+01 6.068245397185779666e+01
4.329730498397063343e+01 7.102456764932663091e+00 4.878766059980594605e+01 4.263946015095166331e+01
5.277722090688769896e+01 5.400291922606876938e+01 4.610335680978120365e+01 4.613128991411794289e+01
3.258901433936427594e+01 4.756550309249170994e+01 6.028075322667594094e+01 5.801197263861839559e+01
8.891305357048582891e+01 4.678491832920429516e+01 6.574443271774647712e+01 7.107151086876264401e+01
5.522222801738465847e+01 6.609738206496757584e+01 3.229010685779010004e+01 2.728109102182478196e+01
4.812739518276050177e+01 6.173542509880670792e+01 4.049108142698440105e+01 4.181467076755174617e+01
1.983725398477013258e+01 9.616404923153039874e+01 5.114675400426173724e+01 5.156621710099219058e+01
7.339203702877004787e+01 4.110471935560580903e+01 3.551317640257163077e+01 4.008895809009536748e+01
4.071642984671250076e+01 4.091966437856498118e+01 5.441801159419535594e+01 5.366351124558288888e+01
9.326457173411677104e+01 6.049500131477042686e+01 6.594900581245842375e+01 6.135537263743119496e+01
4.017936703333637638e+01 9.089808919148642019e+01 6.379304895796654762e+01 7.102759868206884164e+01
2.709632078712195380e+01 2.856265996835770693e+01 2.709092232468711714e+01 3.111066303454986581e+01
2.739148706299037173e+01 1.998729746494436554e+01 2.318596138828483788e+01 2.811240755383995094e+01
6.761417886014571366e+01 7.020971883794911150e+01 7.208932190520977201e+01 6.244177345750141228e+01
4.429371217344360190e+01 5.992935663104786670e+01 4.763382934943661695e+01 5.868862540580099108e+01
9.328462213602990971e+01 7.608472676550725566e+00 5.011197008253481755e+01 5.479703976663223131e+01
6.869524413854382772e+01 7.919065384222369630e+01 5.830186474441363487e+01 5.284246188573831660e+01
4.023705395413743702e+01 2.345902172115443829e+00 3.294166573744428916e+01 2.513450443920237731e+01
1.274997266719857336e+01 9.303037474089570935e+00 5.892673387566670584e+01 5.920062271060357517e+01
3.839488942629726154e+01 7.368168318297001917e+01 4.759422175477241268e+01 4.527543328077481277e+01
1.225831565071829843e+01 9.279342012370214832e+01 4.540965933775365926e+01 4.068487798385491061e+01
1.005303586918359038e+01 4.962194794899244243e+01 6.899643571263624153e+01 6.632964092653446642e+01
3.347353265792790467e+01 6.954884591776503555e+01 6.986355894319559923e+01 7.094725938252047115e+01
3.076550873563365229e+01 4.233449251830334603e+00 6.335352936161702075e+01 6.579700509035441769e+01
2.485357439270928737e+01 3.041552544854651075e+01 7.708145216643211484e+01 7.087335185814126248e+01
7.748584021819559098e+01 1.297062579900268808e+01 4.537537602503535084e+01 4.814910506624925546e+01
5.069301160771944126e+01 6.873899126857145347e+01 6.332834823329955043e+01 6.702846949720003522e+01
8.107206729451748117e+01 4.475143392623815330e+00 2.964407247793971933e+01 2.775067901418906757e+01
2.801341187753797612e+01 1.460169055921082304e+01 2.891782538564431349e+01 2.981260744207652635e+01
3.097653141429034207e+01 5.218844619274782559e+01 6.637044789262560585e+01 6.668734223695223307e+01
3.811005136118140513e+01 7.194702313133811344e+01 3.361653385795799664e+01 3.287568183418684242e+01
4.041098477429571290e+01 2.215010508538527390e+01 5.120233891087593037e+01 5.612934799541062603e+01
5.488417555934738346e+01 5.383263720099120775e+01 5.650737914801052852e+01 6.246309601175070725e+01
3.513559346549267559e+01 2.648662578135714085e+01 3.498616942224784765e+01 3.874022061650588000e+01
7.083240490779702725e+01 3.678471811428010341e+01 5.552633226079402107e+01 5.304722107663676667e+01
9.993187705440965019e+00 8.050176932346278136e+01 3.698886256481248580e+01 4.186636036112402337e+01
6.485341590333423767e+01 7.253896016618325859e+01 2.096609221117003941e+01 2.749095441541884810e+01
8.846749849533499344e+01 6.162242516069529330e+01 4.287251417514814733e+01 4.859087338505050013e+01
6.956776632153389528e+01 7.657842927157243196e+01 4.412011022129323834e+01 4.500611559113855265e+01
6.326770348413599265e+01 9.760139255987941453e+01 3.106009713953296014e+01 3.075810751457926884e+01
4.609695922125396095e+01 6.740013710698535476e+01 5.415062821224878320e+01 5.686152308275700307e+01
1.626522181899006014e+01 8.543459827827155095e+01 6.867677955971696235e+01 6.768119836747186469e+01
5.200826832165839164e+01 8.302501927813850102e+01 4.192492493189657665e+01 4.541299730547560642e+01
1.939939562233972126e+01 2.848526766106136421e+01 5.051640182933147827e+01 4.941251881132582469e+01
2.466884297439973039e+01 6.953189496243845724e+01 4.094479376273091020e+01 4.207175667278726650e+01
3.006556405607441107e+01 5.780750491848316841e+01 3.759383754032933211e+01 3.033023302766729401e+01
2.659740646541121123e+01 4.621404732699006956e+01 5.491440152414511999e+01 4.987585413529418332e+01
9.252522435902355014e-01 4.605660075622557770e+01 4.883349130043346520e+01 4.180372798250510158e+01
2.256969657344265467e+00 6.869274167743024861e+01 2.940033885949531367e+01 3.710951758369918707e+01
4.071737385988753033e+01 2.322733647905007714e+01 5.348009769191680363e+01 4.232625942617981707e+01
4.678024120373392236e+01 7.087170065487358173e+00 5.981824455420024123e+01 5.539340641773617335e+01
2.644042979296453666e+01 5.276244568387078715e+01 5.174610093842911596e+01 5.529781334519154257e+01
9.243543461938004668e+01 5.490832225687228885e+01 5.829984797183156786e+01 5.605905987790547584e+01
4.016531257643802633e+01 9.490796031828168111e+01 7.771859094396096168e+01 7.195560793787153386e+01
2.854052903028415500e+01 8.442095857762321032e+01 4.323963601850899607e+01 4.547090356829522051e+01
7.011411313835769477e+01 2.906429693065311071e+01 2.974926699926682261e+01 3.243362781246604953e+01
1.044823953078346435e+01 2.375161205940601405e+01 3.799005223227040062e+01 3.822729488545142829e+01
7.160630534195581731e+01 3.231940653243361794e+01 3.186972572853973418e+01 3.023334995884375331e+01
5.121699559338871666e+01 3.601421141389380409e+01 4.650353247306727411e+01 4.673527596625721969e+01
1.122410719915886190e+01 2.912233185782761069e+01 6.141837239845392560e+01 6.334949926717885660e+01
8.043203260971725399e+01 8.992503069815647621e+01 6.237533843692327906e+01 6.331455047327911245e+01
3.484779757956552970e+01 1.791796746253225692e+01 6.470701662588739111e+01 6.066445566213903362e+01
4.642723693243399907e+01 4.953176469339087618e+01 4.276917880334610800e+01 4.843213534795546593e+01
9.560197104865669360e+01 2.147351251215632217e+01 5.166642598438743050e+01 5.549156196016001985e+01
6.089991110519284945e+01 2.882119684481060418e+01 1.603090395155688697e+01 2.625069776409782563e+01
4.694348621540438415e+01 7.203229164785599892e+01 5.294357405412765161e+01 5.835184996297605409e+01
3.954890761835702051e+01 3.223384580809436528e+01 6.103938666440535599e+01 5.811961781605349842e+01
4.183833377132715015e+01 4.408551127025158678e+01 6.342430909775426073e+01 6.420846993043521422e+01
7.744774192759832943e+01 3.378915094824863630e+00 5.931559955271342943e+01 5.503464902975283479e+01
1.867329940973709768e+01 3.459495178632029422e+01 3.479686661552165106e+01 3.492619916696314419e+01
1.456287385254514355e+01 3.343798556109767173e+00 4.702490853287542905e+01 4.743676078614461744e+01
7.333615147320935534e+01 6.374988029341631801e+01 6.452777553235628716e+01 6.617270192687927022e+01
8.267276483962821487e+01 1.069198643798213766e+01 5.047543235655417249e+01 5.277137497101221442e+01
7.227170901135149705e+00 6.907010394991660007e+01 5.340277303847177137e+01 5.515407827830701137e+01
3.791608639799434144e+01 3.402749822340308583e+01 6.208326327741928452e+01 5.683791147946561750e+01
5.133437132367757449e+00 3.801501419576699448e+01 3.372377508358420783e+01 3.607258853175474655e+01
2.211232628890149599e+01 2.742618501588997049e+01 5.476119841428094048e+01 5.408940052806117649e+01
8.042029072977810245e+01 1.806549020911702996e+01 4.065678079054909944e+01 4.255109120426077851e+01
3.556219992575655198e+01 7.910040740654072522e+01 5.102129164781220538e+01 4.957140774789784388e+01
1.278497369934670225e+01 7.389920631562438302e+01 3.968879782249189248e+01 3.451264360839283540e+01
2.629242476321470434e+01 3.754986220207201342e+01 4.977565636068963784e+01 4.567711235455587371e+01
3.431155164170094451e+01 2.419057725917578239e+01 3.985020288039803660e+01 3.251615555343357755e+01
4.390461363063725031e+00 6.536986929050792128e+01 7.739361288236722203e+01 7.308291897009885929e+01
7.223111683237077330e+01 1.904569970300459403e+01 4.421561381128117318e+01 4.394207145501130185e+01
3.864433509308173598e+01 3.302941754681341280e+01 5.953557225103119066e+01 4.947382970442689043e+01
8.722045289988949435e+01 4.758319254611242499e+00 3.854704346997353781e+01 4.793314621880610105e+01
9.363525578249853254e+01 1.852457674595586745e+00 4.377772718895689508e+01 3.932092878519657830e+01
2.162699246179378143e+00 4.835930481043290285e+01 5.010473777944181961e+01 4.791440094878949907e+01
3.216624713947469871e+01 1.321617775250236804e+01 3.763875377344753304e+01 4.068550825133773685e+01
6.722629399325660415e+01 7.823958086444591231e+01 5.307506023881423118e+01 5.623545715647129839e+01
5.898343944397556271e+01 2.006163711246527015e+01 2.873303332276494615e+01 3.207500017571888407e+01
5.602414637830525379e+01 2.550036525010757060e+01 2.625502300200002281e+01 3.010429279085738941e+01
7.826515628228766275e+01 4.553184100619284180e+01 6.980743384786488548e+01 6.997312115881544514e+01
3.879521686548920201e+01 1.599132450241275194e+01 3.981494935229065391e+01 3.981140613312572185e+01
5.073940938449605653e+01 3.289197782107243739e+01 5.083116942766945101e+01 5.692732011562964090e+01
9.672132068082683531e+01 4.386553813503745403e+01 3.933528387477618082e+01 5.512999279771949546e+01
8.465507758198627641e+01 4.269053206363035713e+01 5.520181722956512260e+01 5.389447441686046147e+01
2.309416645987444383e+01 7.435025357790752309e+01 5.319883182707818747e+01 5.258991711202534702e+01
7.156355505577623433e+01 8.000544079513713314e+01 3.461072407823950670e+01 3.949536859230687469e+01
1.726091129022745463e+01 2.632155579588180139e-01 4.509036530931481934e+01 4.593929089158859824e+01
7.700890312540819593e+01 4.623284974592826302e+01 7.140870226850174163e+01 7.146341784241911910e+01
1.256611455795827403e+01 1.383785625419183773e+01 7.481617990286962083e+01 7.076147587614609336e+01
3.297694368259340703e+00 8.518879824703832071e+01 6.840248616920717950e+01 7.032748211540477712e+01
3.451798382956305034e+01 1.064817632847063678e+01 4.918568713931473724e+01 6.194488761217651529e+01
7.684677956641337460e+01 2.216473146175591680e+01 2.694900501333633613e+01 2.498594135291421736e+01
3.388011699271129373e+01 1.756264655680023168e+01 4.213769412138549342e+01 3.978242626946101979e+01
7.938359121486163872e+01 4.648498037040521780e+01 5.375231002030484717e+01 6.033503888341828514e+01
9.951594102001212150e+01 3.991092995574260271e+01 6.154007547092398056e+01 6.254840670835785943e+01
3.652442016153718640e+01 3.927856463287049138e+01 6.956407534454081087e+01 6.764007324538899013e+01
8.920655881696381684e+00 2.111580374319269637e+01 5.021316409195324582e+01 4.963209720617524567e+01
2.001172362877479127e+00 2.528549787625588152e+01 5.174012898249661419e+01 5.301484818961536405e+01
1.496119825630071176e+00 2.645462862260416870e+01 5.140308194758694782e+01 5.228028367048862890e+01
5.731492479812456509e+01 9.257516930553055090e+01 6.453456232506079004e+01 6.388508927030474638e+01
2.000089211127475863e+01 1.308423613488197645e+01 6.758116357427329035e+01 6.335616402881516507e+01
6.252115338575150361e+01 9.863821716288921948e+01 5.335897301104086665e+01 4.456720286907872008e+01
5.960301609498011288e+01 4.603861756750406187e+01 3.644098659954032371e+01 3.016008646593139275e+01
3.530047509718362875e+01 6.363727057095906048e+01 7.512731169377458684e+01 6.532751743359028751e+01
6.785170694844143213e+01 1.984101011935627312e+01 4.939871801434912157e+01 4.324163716901818333e+01
7.916400721830629550e+01 4.757040781890562187e+01 5.366232797354938100e+01 6.236261431953305134e+01
7.711360481708221926e+01 6.612653062650915103e+01 4.093449208823926000e+01 3.197518338687568473e+01
8.589863910321167850e+01 9.915942356641667743e+01 2.940397100399990649e+01 2.722386651309622252e+01
7.102433419272591664e+01 1.153998582808282158e+01 4.068092913568494140e+01 3.827714660204977548e+01
8.479716933125904177e+01 3.676580460591083721e+01 5.910953805356140833e+01 6.839020705058709382e+01
4.813827117484274964e+01 7.852718594157281906e+00 5.605393524167708819e+01 5.774694147328075644e+01
6.929717937736673150e+01 5.025503365311934090e-01 4.278234566382499793e+01 4.078329319105846196e+01
2.860600516592855058e+01 5.168367677344991762e+01 2.633636189980792608e+01 2.579636564217966210e+01
5.548067582739479775e+01 4.228764684667788742e+01 5.657515642245824239e+01 6.692744799922860466e+01
7.296066492353425303e+01 1.002413702675913854e+01 7.177605448162309187e+01 7.093207742367310686e+01
5.583844775702219465e+01 9.173489015067488594e+01 3.914797303340156986e+01 3.077522858717504306e+01
9.695212359898775389e+00 6.064097767438003928e+01 4.514959391194442162e+01 4.430615060809162031e+01
2.954196861149327447e+00 4.339352496313737362e+01 2.778328995646542765e+01 3.026671805298782658e+01
8.699059338903208527e+01 6.049408131977550340e+01 6.140907379757016571e+01 5.807307980509960288e+01
5.319106968813024139e+01 9.185033722920099564e+00 4.450186837253552596e+01 4.416960775419589424e+01
1.217983541654144020e+00 6.613381138362126421e+01 2.893524102222462346e+01 2.953291667374913843e+01
5.114364063015872830e+01 4.401484472241325108e+01 5.124285513766563582e+01 4.732405429081478587e+01
6.727136115004361727e+01 3.871305089711483305e+01 2.513076871421568015e+01 3.095094070045720969e+01
5.880862458546977223e+01 5.706896615768479819e+01 4.842661981097254653e+01 4.914830649722106415e+01
5.499789863838642390e+01 4.917906326236681025e+01 5.654563660741082032e+01 5.650364652073910321e+01
9.569917688704414616e+01 6.043654494056404758e+00 4.432534414749621732e+01 4.863786781433942963e+01
9.506117747428902476e+01 6.342526534515373271e+01 3.539056672118170610e+01 3.407528503173394796e+01
8.704004631058369057e+01 5.582317502796610142e+01 3.247989153803605689e+01 3.668554624687009635e+01
4.503832130390079413e+01 3.251329284002644471e+01 4.711103549977539018e+01 4.361657002062620592e+01
8.975088351083539351e+01 9.467079150338881277e+01 3.974879924226277694e+01 4.359482248670857985e+01
2.171404040376718569e+01 3.736408184666984766e+01 3.329120962314032539e+01 2.523844361691012494e+01
1.761539125028600594e+01 6.072666701014879465e+01 4.766241605086288757e+01 4.588537152296052568e+01
8.657009923240036642e+01 3.210958048205825310e+00 6.438679275551263004e+01 6.973970610389145008e+01
7.290337428294940025e+01 9.278100616476963580e+01 3.326565998208914721e+01 3.462974364347835632e+01
2.401266204515198766e+01 1.008071971390852539e+01 2.602113679357536213e+01 3.048278506056121273e+01
9.122296219995999422e+01 8.927959395898858475e+01 6.539011463692573045e+01 6.991393414557079211e+01
8.778326035758144030e+01 8.951062257300920066e+01 6.592445370508718838e+01 6.548420307851247912e+01
3.447869286545365242e+01 8.936486490904808022e+01 2.915169281511923316e+01 2.888396455365709770e+01
1.407704577712133265e+01 2.248968057304072587e+01 5.581341581282149633e+01 6.264791926290796198e+01
7.640930002129815080e+01 6.193513059362989281e+01 2.321339128001561747e+01 2.855122188330539856e+01
4.098476731183500021e+01 5.249340842434675380e+01 4.771297673956832597e+01 4.633880970682704259e+01
4.476238726655249422e+01 7.751907692939057881e+01 5.267689072694919616e+01 5.156545735849968537e+01
8.073709397924893949e+01 6.355934820081871806e+01 3.037209535911886604e+01 2.791767557081507078e+01
5.884335564164248211e+01 5.569520916641752706e+01 6.557962798997198206e+01 6.452074234363259109e+01
4.970236477772066763e+01 3.206351709454158261e+00 6.123112888403967702e+01 4.841728957473368666e+01
7.161738769564306040e+01 4.167490606240531292e+01 7.572955720711928507e+01 6.790864019542485153e+01
3.828242079635037953e+01 5.891187359802365364e+01 7.208163164749156238e+01 6.775381751550949616e+01
2.628807019893260133e+01 3.574839446586464131e+00 7.044236214774866767e+01 6.294646355824491479e+01
7.542823330352160838e+01 2.051091932039117438e+00 2.493757879958921109e+01 2.728497988955072628e+01
2.323355459240181631e+01 6.239455747613883574e+01 4.603213900573983608e+01 4.396111399995034219e+01
6.490917405385481231e+01 5.671630879133922321e+01 5.534295611637274703e+01 4.889924663827435580e+01
3.975918693106466151e+01 6.249224697884563540e+01 7.798186756231434913e+01 7.133426277072348398e+01
2.802164069905710519e+01 5.312062419900110299e+00 7.955818365422828720e+01 6.485004129540946849e+01
9.013999412292331215e+01 8.339166004610369498e+01 5.535308853571832799e+01 4.740101585191422373e+01
6.161108004157210871e+01 4.743255705502910047e+01 3.916665428788088832e+01 3.946407898786669932e+01
9.154768812183314708e+01 1.256127035203020625e+01 4.184467897162279826e+01 4.160291069543777098e+01
3.445619079878753155e+01 4.981507202511483712e+01 4.576318745451750658e+01 4.604261564297777909e+01
5.188895316510814126e+01 1.399189772269940946e+01 5.131415015132770918e+01 5.111051975760178578e+01
7.626525587561408770e+01 4.274419208565599604e+01 6.266436833117583660e+01 5.538488772347590583e+01
7.275933433047433141e+01 6.793166653135534716e+01 4.705007190896822777e+01 4.667680154911111146e+01
3.878985289517298440e+01 3.759599096406637386e+01 6.400487969300563407e+01 6.909950263868410048e+01
1.705603780065184694e+01 1.362336515457256425e+01 6.304009260359995181e+01 6.185013596706991734e+01
2.269007672438082679e+01 9.292806516858091470e+01 7.174344508782536423e+01 7.424558098326983213e+01
7.626534899114842858e+01 2.014614957931604167e+01 2.341944256168129357e+01 3.088565035904181499e+01
5.212677538240657782e+01 1.720998526498621573e+01 3.054316926830322743e+01 2.811168621578049098e+01
6.293549426289384030e+01 9.759831193924499360e+01 3.312138146231213653e+01 3.477062641363964701e+01
7.840617798284787909e+01 6.225158684127160313e+01 3.150564966075993922e+01 2.505134662802095846e+01
5.418801732762199208e+01 9.124484130425535966e+00 6.789454242806699824e+01 6.526881881797591234e+01
7.250960188976507936e+01 9.650316229099188092e+01 2.603973587450716565e+01 3.081365135798217381e+01
1.845641904302264269e+00 5.456084644271506079e+01 7.067905043968144696e+01 7.375985659225541724e+01
7.904074758829879954e+01 1.937389330248106134e+01 2.617528690370236433e+01 3.135501760527663961e+01
4.737601537387202910e+01 7.995786441020030111e+01 5.806197604823537262e+01 5.635645840865184653e+01
9.841649594832149717e+01 1.990148374007782994e+00 6.990274140420950744e+01 6.755688511921286477e+01
2.529118055562871348e+01 4.048782432830444478e+00 4.028895789566308139e+01 4.426520373249947227e+01
9.352178101708750546e+01 1.176509436699768596e+00 5.878856919297816574e+01 5.653264261698751625e+01
6.815260298866503774e+01 6.801096984332772877e+01 6.690800168622831734e+01 6.969849854826185265e+01
4.710828507045131630e+01 3.979530562013334816e+01 3.101472210908020699e+01 3.031285543102308111e+01
4.513367251540972802e+01 3.841941849259774244e+01 4.323338998786653065e+01 3.935572276648952794e+01
3.604630291492555472e+01 4.304219080879668979e+01 4.095184802787139233e+01 4.132402418041669989e+01
1.089999898629761077e+01 1.081233524770960308e+01 4.278695148529912018e+01 4.202583521190000226e+01
5.223732639668010336e+01 7.219947003717752665e-01 3.165963484126467264e+01 2.985720870772864899e+01
7.092720116698130539e+01 5.321111338370037203e+01 4.778770771227306113e+01 4.776408889500945776e+01
4.140678257678164442e+01 2.327302418700535469e+01 4.913490902687852468e+01 5.938244561779620767e+01
8.724655232585389797e+01 7.120634214091707292e+01 5.799619805351110813e+01 5.315286166497753584e+01
7.863673859616979200e+01 2.500567585101531876e+01 4.170487283209008922e+01 4.091063285379340897e+01
5.656448823847885876e+01 1.420616094430622312e+01 7.047958361321866505e+01 7.105406968062945339e+01
9.050781277944811620e+01 4.346076538672534184e+01 4.880922602649759057e+01 4.957643079195759128e+01
9.274228364827622784e+01 5.209913886493571056e+01 4.875984380495609116e+01 3.558825256491144273e+01
3.802411664133902036e+01 8.185425799055030893e+01 3.662530059984742081e+01 3.725819713346207607e+01
9.044739272812876152e+01 5.032283453861175815e+01 4.647842059375008006e+01 4.073504933206126566e+01
9.975137456618958254e+01 4.935003640726166907e+01 1.783982519285810397e+01 2.664063056863465562e+01
7.885817651084710178e+01 7.080237839979118064e+01 2.542178290666882035e+01 2.785802970049454785e+01
8.932361472099466937e+01 8.863763846243951150e+01 5.416868240337283424e+01 5.046534622012725180e+01
7.455030853527726720e+01 5.053320333358802685e+01 6.477090747902298062e+01 6.117383873151703710e+01
2.787137151411489455e+01 1.588526919439557972e+01 1.956662956253424213e+01 2.606275168426571298e+01
7.937174257852123560e+01 7.852028679128250133e+01 2.373177042038910756e+01 2.742942685380786472e+01
6.977970330625238660e+01 8.223322151060052931e+00 4.182640809025757278e+01 3.762538519606334120e+01
5.593018720768269958e+01 1.874112879837769441e+01 4.482265821082245338e+01 4.113404527203823591e+01
8.292715250972603869e+00 6.417754044410112613e+01 4.719373657552943513e+01 4.386946664001695950e+01
5.007349061441983906e+01 4.559461857686613229e+01 3.444280462171882817e+01 3.748851924277171577e+01
3.942582354957452395e+01 6.770819719511081303e+01 4.759816903492203011e+01 4.204003238251629426e+01
4.591591303759113885e+01 2.517884533468843955e+01 3.703201754505221999e+01 3.639268236097116471e+01
2.023623263995044663e+00 5.239931674646671667e+01 5.050578002704087055e+01 5.427762365670191969e+01
1.617127783301079802e+01 3.688825215558891557e+01 4.239561794632619041e+01 4.612932916038056419e+01
3.605329178516477384e+01 7.984959636039130260e+01 5.240376698675868994e+01 5.427848702955716220e+01
1.322115228202996917e+01 7.139145840836343382e+01 4.354361289020355485e+01 3.878711890772095927e+01
2.946489030625004801e+01 5.001882090218634502e+00 4.872495603454509450e+01 5.250933236186169495e+01
3.554366807245313709e+01 2.515130396764008225e+01 6.946717295969575900e+01 6.483548562312751073e+01
6.121662207231456421e+01 1.665455885938013125e+01 5.286298375366192914e+01 4.875260027885357061e+01
3.180097048142981464e+01 7.963001859676636229e+01 4.317328238428491716e+01 4.071466506299866950e+01
4.529981008299638034e+01 5.128826025095737151e+01 7.130314563751039714e+01 7.066258516192304739e+01
2.735028658297070692e+01 1.215873495335269006e+01 5.560573351914614904e+01 5.493459659947644269e+01
3.269776232427392415e+01 4.424913136680373782e+01 6.469467083373054095e+01 7.017269251987428902e+01
4.941257411412706091e+01 6.202788171008428719e+01 5.442000021136278320e+01 6.408597131895098187e+01
7.397963719360991774e+01 7.059366177116200447e+01 5.341898918086192083e+01 5.421822627880535350e+01
6.789030208597068849e+01 8.735596022726127785e+01 4.322712877881686211e+01 4.244211543653227636e+01
4.127630727487936468e+01 7.642456208523800854e+01 5.825538370419940293e+01 5.263809866840234264e+01
5.413440840232075502e+00 5.968568607844909479e+01 4.278405706270529407e+01 3.880483226508795269e+01
3.306329548595419965e+01 9.031856029907302741e+00 5.626541196713091608e+01 4.581113798056534137e+01
4.790407256746136255e+01 1.045544581510242566e+01 6.124895070970833899e+01 6.664310047840889695e+01
2.965015710239390501e+01 1.592830373494584784e+01 4.353893961280134306e+01 4.908585951660529645e+01
4.018987079559666142e+01 5.757193053312042963e+01 5.833862323277480044e+01 5.298284284575842662e+01
2.310361379470594656e+01 4.657994208654159252e+00 7.051131466389949765e+01 6.645960823235313342e+01
1.273720360333608959e+01 8.237242861369873026e+01 4.098384781095940355e+01 4.290503499231618889e+01
9.908013559459378428e+01 4.722809643288010761e+01 5.538360825022206058e+01 5.086435702000375869e+01
7.767682713500728653e+01 6.258466660506100254e+01 4.091437879176223191e+01 4.131580355110283165e+01
2.540211490955627127e+01 8.597287835022325453e+01 7.001882592940530969e+01 6.798456056808917936e+01
6.613039622868667777e+01 9.112561518342880618e+01 4.037566104783465448e+01 4.418033393490277660e+01
7.483188011224908109e+01 8.687572305365871728e+01 5.365546710107993533e+01 5.255342018499990786e+01
7.518762443691909425e+01 1.400645593589364779e+01 3.482746153631914865e+01 3.947480434281710870e+01
3.576405495889113695e+01 2.907438658906739093e+01 6.147709531562622942e+01 5.653103839657932639e+01
9.027760477645449555e+01 9.622915416725868454e+01 6.536029525352265068e+01 6.610442889868082261e+01
8.381592014010867331e+01 5.252022002307970894e+01 2.083269468600397190e+01 2.536998419794210946e+01
2.198829897073490969e+01 3.683103820867317069e+01 3.640274692145663238e+01 2.751667963355262003e+01
7.508113813744390086e+01 2.655441848032413787e+01 5.718696893717321217e+01 5.963520724804819650e+01
8.476811979622166859e+01 9.925898759338447519e+01 6.793934881124260983e+01 7.121701869370012616e+01
4.321171756158944532e+01 5.388193672496690567e+01 4.461143071251877501e+01 4.617370499327739708e+01
8.820481860076986891e+01 4.443938189157697849e+01 5.889436485073487404e+01 5.961145261549835084e+01
6.141627026161988567e+01 1.881999816798622760e+01 2.852779969408797456e+01 2.911758621010441317e+01
4.759266973649632604e+01 9.543459516233008344e+01 2.473513718177428089e+01 3.006222737753306973e+01
8.094732096154343992e+01 9.678599240814159543e+01 4.778906609457496302e+01 5.165350698593492496e+01
9.624649114071637257e+00 5.892117234526204328e+01 6.264638552540559147e+01 6.699303104563665556e+01
3.946290699060319440e+01 3.724689389121083138e+01 4.557358140084847520e+01 4.379443576383091141e+01
1.770414410599063615e+01 6.340007674159880935e+01 3.641528191046054985e+01 3.237932259028097803e+01
8.523653492620437078e+01 7.565526600578162686e+01 6.105131640921600678e+01 6.269265163650175765e+01
3.642022226495160453e+01 2.099318316734844103e+01 7.761518641056228773e+01 7.240363524712604715e+01
1.654009045013590296e+01 7.771611962055949618e+01 2.289871853003117153e+01 3.045036437909980975e+01
5.266422635251974782e+01 4.515463609730564798e+01 5.796108992282839267e+01 6.700440506446238942e+01
8.771549003711942305e+01 8.677473900817305719e+01 4.510760718248596390e+01 4.214728882107355190e+01
1.536625073472330794e+00 4.264438057143031813e+01 6.061935374241404162e+01 6.595612729199493174e+01
6.465350987807325112e+01 1.826516187437722394e+01 7.505239806967489358e+01 6.798324161112314812e+01
4.078600255909133665e+01 7.050345222633328035e+01 2.268705163314941231e+01 3.044255062913408949e+01
7.952870447972225065e+01 6.307797331049319922e+01 5.875617721497982870e+01 5.162220205085894520e+01
3.535488542043371041e+01 4.824514703811176020e+01 5.973493009778530904e+01 7.113992678815959891e+01
4.724621139148904803e+01 6.983133239405600534e+01 4.336969331069595768e+01 4.051288243113706500e+01
2.024675420957500194e+01 9.590439968714076713e+01 5.024027934801267037e+01 5.423979730551842948e+01
1.733731567575081911e+01 3.408765395839365198e+01 4.084873888822733079e+01 4.044267883947165387e+01
5.959268121167337995e+01 6.443657004925672993e+01 7.575098228185059668e+01 7.290042020075991047e+01
1.179789994370257133e+01 8.332094569102623893e+01 7.056198041801440013e+01 6.185068557061430283e+01
2.016999626310254001e+01 4.297453810756667281e+01 4.940428669357332581e+01 5.032112671023264028e+01
9.247474758643616610e+01 8.518368088189332354e+01 5.242579279038355367e+01 5.678367530187433943e+01
2.289423361394452527e+01 1.216228906800942511e+01 3.633924794321266205e+01 3.252998022316053550e+01
5.749534932296413814e+01 8.899310558900978663e+01 6.508788374957772760e+01 5.952310749928103917e+01
4.752465265872004352e+01 8.546075627333712532e+01 4.713681101729974898e+01 3.981455074167567432e+01
9.378272069923832532e+01 5.362839037144917498e+00 5.009693018588683344e+01 5.390107624349941773e+01
1.344310828357340171e+01 8.140669059512669037e+01 6.061095998529730622e+01 6.492825736682360116e+01
3.868495825719153736e+00 7.535039011073079962e+01 5.251023981422440556e+01 5.733312228757434070e+01
3.686206524982886634e+01 6.584216450865465475e+00 6.221669241736077538e+01 5.637564873633469631e+01
3.041100073428368944e+01 4.497254105921061296e+01 5.437624559186556894e+01 5.697356779493310341e+01
1.002318781762861022e+01 9.321617192136322672e+01 3.745361524510411044e+01 3.966788271429654600e+01
8.077921387434361833e+00 3.872911736753299294e+01 6.002025470925806871e+01 6.186423624904956853e+01
3.124058976796317921e+01 5.143832465110202179e+01 5.887594635650095398e+01 5.162720410222368628e+01
7.898681073797429519e+01 6.562398932483586123e+01 6.087583251295529863e+01 6.777450856838815696e+01
4.117820274857746199e+01 4.738084349601386691e+01 4.145208293901811203e+01 4.412127143775830973e+01
7.167977166993706817e+01 5.949160209188715243e+01 3.248241097485546902e+01 3.394766191894768070e+01
8.344737434626283346e+01 4.202902600542552136e+01 5.770774426317654360e+01 6.334842799878621378e+01
8.729487304090018540e+01 8.636230009199533697e+01 3.715195752435732857e+01 4.238097478119728123e+01
2.088888927148431307e+01 7.751460777285946335e+01 4.330802036021312063e+01 4.640460690821106482e+01
2.580716819123107797e+00 2.027997376741996760e+00 6.223153564542642613e+01 6.691877322118411087e+01
6.616750607175303855e+01 3.110417050569839148e+01 3.200109892470634065e+01 3.062136031068629549e+01
4.035703924496013428e+01 7.023961425404267800e+01 5.570659326839171399e+01 5.361788143318381827e+01
8.529561136737487459e+01 3.150559693186544408e+01 5.236723999989851563e+01 4.868510008107217857e+01
1.658779246625354631e+01 1.495086395206961427e+01 5.769095353227513812e+01 5.771144571952775948e+01
6.574942299849419669e+01 1.946192543245651763e+01 3.907174422546241033e+01 3.986060078173075283e+01
9.465638429787436792e+01 2.466174226906739975e+01 6.683607021173941121e+01 7.044216545104910665e+01
7.366567352187904305e+01 4.579245798608978646e+01 5.693352017760939532e+01 6.241625650904050815e+01
3.568886622804011921e+01 2.998857400558049235e+01 2.138388894952642971e+01 3.053397038010217557e+01
6.783931464059072880e+01 6.605324154364861045e+01 6.146428189348860371e+01 6.665248196730453856e+01
3.594450261822391468e+01 9.267075043390904909e+01 6.986569800812401354e+01 6.399003262769416267e+01
2.571771360244272842e+01 5.640849216886250872e+01 5.330305614882555432e+01 5.183502035383742168e+01
5.234876680960242723e+00 9.486561577065648976e+01 6.414903690642877621e+01 6.715345915063579696e+01
8.769189318708470182e+01 6.760560050132531273e+01 3.569836921401129359e+01 3.726315984119253955e+01
6.704155146589565106e+01 9.312666274013378143e+01 3.978785874773684839e+01 4.382024489735247386e+01
9.068728318190527204e+01 4.844728090331925330e+01 4.603269847778328483e+01 3.966525339660999805e+01
5.664666059796342523e+01 1.493845467712279174e+01 4.691660485673986614e+01 4.524116336062314758e+01
8.311272167177456538e+01 1.548245913751533642e+00 2.729171603243712951e+01 2.741033416559950808e+01
2.454586443844219978e-01 4.157113091498483470e+01 7.283155104937347346e+01 7.253849394136575768e+01
7.987718291146285310e+01 9.451897611270065624e+01 6.085046129707865248e+01 6.529693522425721142e+01
7.123940284729216899e+01 3.683745075847340189e+01 7.130282022890966687e+01 6.435344156488784506e+01
4.027816273538786795e+00 3.864155618305812112e+01 4.063230318455792656e+01 4.135642245855482457e+01
1.670417813381526173e+01 7.176455863427426607e+01 7.549787331491631903e+01 7.215260364133617088e+01
3.347435317993622306e+01 5.092889906799261723e+01 5.323477279546288088e+01 4.912676443226047951e+01
2.676667597694426348e+01 9.115968865602741289e+01 3.682627898719131565e+01 3.508383047334544358e+01
4.555015596535250566e+00 3.002271115413863711e+01 5.311094225441554784e+01 5.145370995637374278e+01
8.191645000962297729e+01 9.961452421241918387e+01 3.295421335238820859e+01 3.397042272178041600e+01
3.920295348035912752e+01 9.049295169818152829e+01 5.600039892289183285e+01 5.353404031724141987e+01
7.945522944217054828e+01 4.001313053512434159e+00 3.323099107399596619e+01 3.974779558864425155e+01
4.705446849512227203e+01 3.145175722091052606e+01 7.001875608304565901e+01 6.821337225679242522e+01
2.725476478930291080e+01 8.749894950244214442e+01 7.666226651744861442e+01 6.984573523626058034e+01
7.893334823405523082e+01 5.323306025871026037e+01 2.922901727092531843e+01 2.755680281093620465e+01
3.039741481152613556e+00 4.336225869016738699e+01 5.695118693444211999e+01 6.356105532205135233e+01
8.766052783705984552e+01 9.282167956475943527e+01 5.288052181567663723e+01 4.869048671446907406e+01
2.048015249391669101e+01 3.710647348035314508e+01 6.342279988136147750e+01 6.435698106901885751e+01
3.099299092291663982e+01 8.999832768786541237e+01 6.881744367222634651e+01 6.341554198939913789e+01
6.707600217115339092e+01 4.692822781202414006e+01 3.467600719200686399e+01 3.476219486702221673e+01
6.095051224494309849e+01 3.678322243209564135e+01 4.156610015004491743e+01 4.604916809917065734e+01
1.796338263721407458e+01 6.627224233681778287e+01 6.721050670137647387e+01 6.558681492777175492e+01
7.618052549549524599e+01 3.290958803147595546e+01 5.339565469349339111e+01 5.290318266284569404e+01
6.168029625309545239e+00 2.087458823986292344e+01 4.858205588603991032e+01 4.648966321132614610e+01
8.597373527921160274e+00 8.433323548919375412e+01 7.180062101076478598e+01 6.754435252294396719e+01
6.421291468642603206e+01 3.078656886074659926e+00 7.238027766305232547e+01 7.046264458132139907e+01
9.054686921374155872e+01 7.955802497943265905e+01 5.838332726254225946e+01 6.053035266299381334e+01
6.672448286332395639e+01 2.833976945705938277e+01 6.400903965861701295e+01 5.954184934688676378e+01
6.216295780432135132e+01 1.282299473037741322e+01 2.651808751303228462e+01 2.920643921222430706e+01
8.352455477380024718e+01 3.270915060016385922e+01 4.880601562696629259e+01 4.969588979790256644e+01
9.411403351458402256e+01 2.271490888369462979e+01 3.896260173580103725e+01 3.680601748289358000e+01
8.365937791309511340e+01 2.487432662911822590e+01 4.322270754910422141e+01 4.768321775133921392e+01
6.679337354557424078e+01 4.294187868522533336e+01 4.412878027999433783e+01 4.851063622916445439e+01
9.151763371865978058e+01 4.134971370633717669e+01 4.235858268790788372e+01 4.767899905153556972e+01
7.026271063236521286e+01 9.427720011052765869e+01 2.670609402393602139e+01 3.623561679658324408e+01
4.401442065379368529e+01 7.959732435523011418e+01 6.096935693740385176e+01 5.938831926108971260e+01
8.742518766843360822e+01 1.710108544182283907e+01 4.258685608831437008e+01 4.304246123498197107e+01
1.871731149269469796e+01 7.733040401143753684e+01 4.743726399746189770e+01 4.240359868486995509e+01
2.746368798169829262e+01 2.730814503213183642e+01 3.026222850818886911e+01 2.524618840887060855e+01
6.123133848469222329e+01 4.383327756143538068e+01 7.267348363533426436e+01 7.007943222445986464e+01
1.387758841126307630e+01 3.000304805954966270e+01 2.816530096844638109e+01 3.172237581446957222e+01
8.236241591960125064e-01 8.797205330602157858e+01 1.997285191224049683e+01 2.854677658057029177e+01
9.472843230897677813e+01 3.423072848275197089e+01 4.403517738932522718e+01 4.297181310587763647e+01
7.071206139443809491e+01 5.876690514732602821e+01 3.179393297068228108e+01 4.534031621303746107e+01
6.643442914647144448e+01 2.140524562274341847e+01 4.328511067956709724e+01 4.552422006205711824e+01
1.081603522351821667e+01 5.088762514093346567e+01 4.648709301543436823e+01 3.604092564621747385e+01
6.021018301273497286e+01 4.549603173930110245e+01 3.561785343284210370e+01 3.509116281888447020e+01
9.470875469755554832e+01 6.029088114246855667e+01 5.790725276859944870e+01 6.228339591441476841e+01
1.402850127879667852e+01 8.865641126311520281e+01 7.297726373361574304e+01 7.382942611803905208e+01
1.646702625073050896e+01 5.658179928594680774e+01 3.126563143552194646e+01 3.352275052950309231e+01
1.782330989115834541e+01 8.591821994111083427e+01 4.035227665072294201e+01 4.199345448152421767e+01
3.985437143653825132e+01 1.698866748066200216e+01 3.830656760857786480e+01 4.440806652360329565e+01
4.288543613066384808e+01 7.584557473091265933e+01 3.718029912745357279e+01 3.559990038043466143e+01
2.440945724926023530e+01 7.290134212929686441e+01 4.196722921572683163e+01 4.762789767801170626e+01
9.329625485670794660e+01 2.418529470647461466e+01 7.982211815880133088e+01 7.116553847974626024e+01
4.330745051445651228e+01 9.175247272303479917e+01 4.501242726352388246e+01 3.822600816496609610e+01
7.443037173373660664e+01 4.669674091637978819e+01 2.278007557128561800e+01 2.775091580279221404e+01
1.993501289446862756e+01 4.254311942563455773e+01 7.554946570142149653e+01 7.070167898484038460e+01
6.050714851807668282e+01 6.886292899005432844e+01 2.823263507319424548e+01 3.022185715079778845e+01
1.697926395509473707e+01 6.525268777504187767e+01 6.120793182038591596e+01 6.005410329480286435e+01
6.879840215236697532e+01 3.228144977138433092e+01 5.454881480569619612e+01 6.403939988478872181e+01
4.211913798253907970e+01 8.395667064754219666e+01 5.902533652596944336e+01 5.676466358049451344e+01
1.918767131023567529e+01 5.811062446978964147e+01 5.059833291570634373e+01 6.625996366974865737e+01
3.986413351963840057e+01 1.196304395160703393e+01 4.167086638472298432e+01 3.627661157808003622e+01
7.276237623962710899e+00 9.876905139875125528e+00 4.159165329327160521e+01 4.131653555367986286e+01
3.053814819684637172e+01 9.255443258622234737e+01 3.757058053802705189e+01 3.768282513655418597e+01
7.578581220721001444e+01 5.302475263662427096e+01 7.040856686423354915e+01 7.039687737516068466e+01
2.601159830153991948e+01 9.419049728383291153e+01 5.300884969144239278e+01 4.431529108878976331e+01
6.737116477208488163e+01 7.759648337424485121e-01 4.752929765655083116e+01 4.267754719958924881e+01
4.644029063206459540e+01 8.174982565256667044e+01 5.077841869511210149e+01 4.349859348293899330e+01
7.858004651879744529e+01 2.962557533167841228e+01 5.450084157239405158e+01 4.342023833763461482e+01
2.238972333056850061e+01 4.439166980465397927e+01 4.842130657597905952e+01 3.764938804427544028e+01
8.316400401693309163e+01 8.960283653249931035e+01 4.146200623964778487e+01 3.726524644818461951e+01
6.218819638903935498e+01 2.497090043413119353e+00 3.995064752605642866e+01 4.727927959100360056e+01
9.859603021153498048e+01 1.006936011038030898e+01 4.236931519996423390e+01 4.216635601865474570e+01
2.376987603062288201e+01 8.118778705043116162e+00 6.271383940611174523e+01 6.081490643272836394e+01
9.985602484850686267e+01 4.330761025867926151e+01 7.029656635446434620e+01 6.119231565987487187e+01
1.826630488570136635e+01 6.098687349855376993e+01 7.261060683694185514e+01 7.428937680619823425e+01
3.144766358665105344e+01 8.288971119758777206e+01 6.034175784722832958e+01 6.165217492072908101e+01
3.891230096150302131e+01 5.576423933431586022e+01 5.767608474359242621e+01 6.156264918002168685e+01
1.655352926938660119e+01 4.027323698669661667e+01 3.434305880194931149e+01 3.541765023765628939e+01
4.009027225791260918e+01 7.611105884852578640e+01 4.825384074666726519e+01 5.838482063263710131e+01
9.403161532392643096e+01 2.936764133584361858e+01 4.157035782849290229e+01 4.245049601188045330e+01
7.869568104790414509e+01 5.460245933207502844e+01 5.470281464244477831e+01 5.966194821413537852e+01
5.334016300518351628e+00 3.985996627184557894e+01 2.707337324217324692e+01 2.545282782717773173e+01
6.762337350404774838e+01 3.409164091920904127e+01 5.435343783741236479e+01 5.794191368834554368e+01
5.982377598518965556e+01 8.548200529921879820e+01 3.815743878255177890e+01 3.992212149177518654e+01
7.400359449841769788e+01 6.277004136007398927e+01 3.756487354930008138e+01 3.359980691534929775e+01
1.105791870686594436e+01 8.383378205933851746e+01 5.555089783954831972e+01 6.195895339717758787e+01
9.012240229777891898e+01 1.261026959874093123e+01 3.929588066366822829e+01 4.507585293202980381e+01
8.514386963311143575e+01 9.062542367378682684e+01 5.063716735451453133e+01 5.262525152478049506e+01
1.215111695376661594e+01 8.100693082292276870e+01 4.812761505116167626e+01 4.394383659564874733e+01
4.506234251081689735e+01 4.238997519969982619e+01 5.092115852460425884e+01 5.199265968487299716e+01
6.791288313348618999e+01 6.069222802265403516e+01 5.648127810861822695e+01 4.641128650069569517e+01
2.634036119558444966e+01 3.929321422217801896e-01 4.954591929029443520e+01 5.916564901994402703e+01
1.002282566428842614e+01 7.543759555249096138e+01 2.760751360694103695e+01 3.088208910037866417e+01
4.436456466034787383e+01 8.703356509155424803e+00 2.866592484472526436e+01 4.347234332948202251e+01
7.814902432585719794e+01 1.515879119023194654e+01 6.471595611269573567e+01 5.782625522990153399e+01
7.151056136180892508e+01 6.395538263773111964e+01 6.637667361216999495e+01 6.698289708864952274e+01
4.142005543046434468e+01 4.455663161765322400e+00 7.844415420707289854e+01 7.330954233065665449e+01
2.150714714650524684e+01 6.562279904088066473e+01 3.850412378404116964e+01 3.283814371919066133e+01
3.775454229955571606e+01 7.886864292314240288e+01 3.514416734706834688e+01 3.362195199287174319e+01
1.671000877656339156e+01 3.339320486585739545e+00 3.857167127610200197e+01 4.362174986220858131e+01
1.396423302095836050e+01 5.517792837256953931e+01 2.740542074295477804e+01 3.141239236187168871e+01
7.136701388938004875e+00 7.605581155199229215e+01 4.855662022834291491e+01 5.090222200266668295e+01
3.196480275876247745e+01 3.811093260082828493e+01 6.137121818542280494e+01 6.003415415598006888e+01
6.236259472972641760e+01 4.816998380123409618e+01 4.006578484379532767e+01 3.869194687191793491e+01
9.861803116086950638e+01 8.211236261177243989e+01 4.349801978880451969e+01 3.462746822741075192e+01
8.147920016358960993e+01 3.591934023891815286e+01 5.804181657801470351e+01 6.192701290985623075e+01
7.817458588152744881e+01 3.553397082195469636e+01 5.742703802570871829e+01 6.049812260312786094e+01
3.095693522382314455e+01 6.168840719663948136e+01 5.341016900858654992e+01 4.876924086169602646e+01
3.288452882089896434e+01 6.534889320582475136e+01 2.795943705232319942e+01 3.530917583327740061e+01
2.611271444330770564e+01 3.348569509989811621e+01 4.642664202859396738e+01 3.897508691782317669e+01
3.455808733486974660e+01 1.483853782174776548e+01 6.360403551318858462e+01 6.972133621076930865e+01
9.494954317391616883e+01 9.967337702943814293e+01 3.752411324969148154e+01 3.913608872532618221e+01
4.027536187474419904e+01 7.596028696491686105e+00 6.954071485893057059e+01 6.051254840081784891e+01
8.646591138898916995e+01 4.934442792827385915e+01 5.721468777864002675e+01 5.908136547215638501e+01
5.694326830948546103e+01 4.104931145413417681e+01 1.925299154381394828e+01 2.494993333584686113e+01
7.101450375965033857e+01 2.088370204519838325e+01 3.067727513528323158e+01 3.047324073596356442e+01
4.752274670017402514e+01 4.493513167295461841e+01 7.085791250649991468e+01 6.285295028312296495e+01
2.926127274234653441e+01 3.223333118004736519e+01 4.379977478955541415e+01 4.936848345072101552e+01
2.440634510429252657e+01 1.142912858368565487e+01 5.333381148925720794e+01 6.109655681499119595e+01
8.391216031061648550e+01 9.097183119077759272e+01 5.092452505028751375e+01 5.623212398156965719e+01
6.942747464358629372e+01 1.118003712339371525e+01 5.652889599539820864e+01 6.150046290393883197e+01
2.486918094711351301e+01 4.317168850266111235e+01 6.340505083067193937e+01 5.743757290022617923e+01
3.060061052089432110e+01 1.274207833593990991e+01 5.455625441677579346e+01 5.849206200686665369e+01
5.789365594070032728e+01 4.298563691112122598e+01 6.415702955650998263e+01 5.425792272850655706e+01
3.950763253881925863e+01 1.771354547930025092e+01 3.636277487711569734e+01 3.363002146784340596e+01
2.405350865159470075e+01 5.155469940751421376e+01 5.697046320354098725e+01 5.520253913839993487e+01
2.215934304394473386e+01 7.566227880899451463e+01 3.095531694026507807e+01 2.768517889354074768e+01
9.221313255294103328e+01 6.567227064567305206e+01 4.363511943036117202e+01 4.771266055104661064e+01
7.899120017028454299e+01 8.179146260466647789e+01 2.904816056089436671e+01 2.548887978899878703e+01
4.215041696293420515e+00 4.540553226095491368e+01 8.012099002436289652e+01 7.352519701580189349e+01
7.716681063107458272e+01 9.195306289128325261e+01 5.332006643690402115e+01 5.424705187878658563e+01
5.936525794468104067e+01 8.867343919459044344e+01 6.706633160020994922e+01 7.135261428351860502e+01
5.319717344964982431e+01 3.567962556549345265e+01 7.922170331553517997e+01 7.366004244719024996e+01
3.980431741040957405e+01 3.319062848974967039e+01 6.244249271843924731e+01 6.781528576066918390e+01
2.438390996959404333e+01 2.978763315227933717e+01 5.603798601367683574e+01 4.812319562760306724e+01
1.239391942644394362e+01 4.992115035332667361e+01 3.369647878468298074e+01 3.514505390086365821e+01
9.748725334312430846e+01 6.811725504395049313e+01 4.174560710937414854e+01 3.068776922380132888e+01
9.843754900099078498e+00 9.794205136775995868e+01 2.960245515206103661e+01 3.931435353780437936e+01
4.658713086963683736e+01 2.387146839350635474e+01 6.898412834359642432e+01 6.673103259466397219e+01
4.160702355532800567e+01 9.343186684249927154e+00 4.843429022721248600e+01 4.949494891367806559e+01
3.340772174178472653e+01 2.724464411088316496e+01 5.491556907902391771e+01 4.932118400847503636e+01
1.000316710671537201e+01 2.577400613115186090e+01 7.517989445187085096e+01 7.199849270324483541e+01
9.498664497731212464e+00 3.207644140217001905e+01 3.871553940539831729e+01 3.627012193642057980e+01
4.475422354662742208e+01 9.170217118805564382e+01 4.678699136339316311e+01 5.620872178087643078e+01
5.321574849848356337e+01 1.071566969269234271e+01 3.917277636311781919e+01 4.863121085901034490e+01
3.073251809877495333e+01 9.385888581772965722e+01 3.169452886355854559e+01 3.139018300247739290e+01
4.287514083413542920e+01 8.698123658139230940e+01 4.489554374782375135e+01 3.463323020994263857e+01
9.792482787019852708e+01 9.598343813988768147e+01 3.291367055560803578e+01 3.921786963828131434e+01
1.745458835034965261e+01 7.081470138576451134e+00 4.002190955388111604e+01 4.243072309924934160e+01
5.651732562239374147e+01 4.478913448444631484e+01 3.092688787921896676e+01 3.533517018178127245e+01
5.438936964926411122e+01 8.768477741541119030e+01 5.435439146494420726e+01 5.354980783167010827e+01
2.382624133399300348e+01 8.510918822321444566e+01 5.572190449300439496e+01 5.365301585291180686e+01
2.068410381435612422e+01 6.235078099562221610e+01 3.577167649424275453e+01 3.264398469291940330e+01
8.444056122920657970e+01 4.532997386465428491e+01 7.264413581074167325e+01 6.903135536843919340e+01
8.084602894771482795e+01 1.599408023669286472e+01 2.777640494772550994e+01 2.672968963576681034e+01
3.298158088563610590e+01 6.503655604954457203e+01 7.569947594896555643e+01 7.157295686985472116e+01
4.370780827574750305e+01 1.238805652955619152e+01 5.644418416538132988e+01 5.590040370408841852e+01
9.523013846011066619e+01 7.929936513925113672e+01 5.787006476922423559e+01 5.569907667950508312e+01
6.468056603490968826e+01 9.305620270355726120e+01 4.283427944349605099e+01 3.712744457708672030e+01
3.230435846186023952e+01 4.637805973609228261e+01 4.150781290077990349e+01 5.036827665490614692e+01
1.490956786714339088e+01 9.578193238132590182e+01 4.043124312197588210e+01 4.524418419189700558e+01
8.753290826379080158e+01 1.893562276806650857e+01 5.478708106372197761e+01 5.118614100534175293e+01
2.396138512426981837e+00 7.642204838423086244e+01 5.809138982462783929e+01 5.784024140167815631e+01
6.255895834697526681e+01 5.172088255465345341e+00 2.110383302086153989e+01 2.880597777929884273e+01
7.433087235358016187e+00 2.889143158038117676e+01 6.274390076821509865e+01 5.687540255432763558e+01
5.661859843173752438e+01 6.121498216133902304e+01 5.492512713778943123e+01 5.883810277121555998e+01
8.490708749034921254e+01 6.164793585412444799e+01 1.865110125040597566e+01 2.707128938756262215e+01
1.772093798212395299e+01 8.730356015261367020e+01 7.427308637633193200e+01 7.212151375257698760e+01
6.593990799053713658e+01 4.068641075392997664e+01 2.619755642785175453e+01 3.734277505047082002e+01
9.794507631128237790e+01 7.972395750228001532e+01 3.017792231362764710e+01 3.881824130683679641e+01
8.475647962784947254e+01 7.589319486146814597e+01 2.970805498779983722e+01 2.917590243989289789e+01
9.956087115144261190e+01 7.661981392964866799e+00 4.730351250837002652e+01 4.640271767513721102e+01
8.020625593108030671e+01 7.889508965412335328e+01 7.599971583309684320e+01 7.399188101516888594e+01
3.489949353019109424e+01 4.538532556850523036e+01 5.949683573414702664e+01 5.120626946125554468e+01
2.693569181804941337e+01 9.890744654737045494e+01 6.702636868275916981e+01 6.147397307397797306e+01
4.635114803585509691e+01 6.133904280636048867e+01 2.725311690402067910e+01 3.001135543614686085e+01
3.476717414689113639e+01 7.628554778963716387e+01 6.079711675981624808e+01 6.450053677943422770e+01
1.025845603310208176e+01 8.522365249759108963e+01 6.013676269900663840e+01 6.184863814714417174e+01
1.491026415480789513e+00 1.294030005985679033e+01 2.516644350454707535e+01 2.913026922276895547e+01
6.733915791158308650e+01 5.961380616965348622e+01 2.944640988411602223e+01 3.004134199109105197e+01
1.365988343529200844e+00 7.764791535329074179e+00 3.916947755108394347e+01 3.844216960473432465e+01
1.539743511656839203e+01 3.768196061479708447e+01 6.281826045103551337e+01 7.113009379908793051e+01
5.472374278792835156e+01 2.311758831373942513e+01 3.438224912587524074e+01 3.863998980219786006e+01
5.534000268334149553e+01 3.622929983164861767e+01 3.650512775418054190e+01 2.792165908435336519e+01
2.779220107693590691e+01 8.903144562136512263e+01 5.499884158659529021e+01 4.718177422288708556e+01
4.134165751739087113e+01 7.268215584081094249e+00 7.141215274023056736e+01 6.597330962874272586e+01
7.028508233960324958e+01 6.140436069725635804e+01 5.102626462206492164e+01 5.068617718253600657e+01
4.337844022073726791e+01 5.932710929879922901e+01 2.333954517284066910e+01 2.891132406379297493e+01
9.412590641776476730e+01 5.887945291802295600e+01 3.111924443543765406e+01 2.816662158624053802e+01
2.928356224602604030e+01 6.795080227365554038e+01 3.154892064822238851e+01 4.045438062465342455e+01
9.832159866537458015e+01 6.350245661416096254e+01 4.428705061058904846e+01 4.714604122766462524e+01
5.502955231831295890e+01 2.712685864831767546e+01 6.149341779171474087e+01 5.490456756898352353e+01
9.771877391324183293e+01 1.113143214775501555e+01 2.121253987219399306e+01 2.553745079752511060e+01
5.958075323899696230e+01 3.145460976033576017e+01 5.611101087684006927e+01 5.878190515160781615e+01
7.071375179356864749e+01 3.297121754142035854e+01 3.907503477090932620e+01 3.669332844250675407e+01
7.408093647327442000e+01 6.014711008812073345e+01 6.716429214549451387e+01 6.101514761972407541e+01
2.139228704997177033e+01 4.178561865221313809e+01 2.918231875739672887e+01 3.052960071838701950e+01
7.651115104398498090e+01 7.640126256657207193e+01 2.924454609973958696e+01 3.142353248159055212e+01
8.139031663298290198e+00 1.143267667220404515e+00 4.274505332424855197e+01 3.640275771963469253e+01
4.103375943357708877e+01 9.883898786398628999e+01 4.698020756976796264e+01 4.229182398614361205e+01
2.564183695754206482e+01 8.912294410314673598e+01 4.910679496535784949e+01 5.273007636382395447e+01
5.991756352105777950e+01 9.566871042821267324e+00 3.829164073297740600e+01 4.083238119605672267e+01
9.442236744737867582e+01 5.895053841754253909e+01 3.445018551424616504e+01 3.888569882447792736e+01
6.256671806315930695e+01 9.104110895781161616e+01 2.739906004725900601e+01 3.423821218314180470e+01
7.196639255967114934e+01 6.144810082029823661e+01 6.796751311406347895e+01 6.589347497820911315e+01
3.512196306675696889e+01 3.138793734837649296e+01 6.842096705883704999e+01 6.899521434924663765e+01
2.155432851045453546e+01 4.196547448590051488e+01 1.881746460529179998e+01 2.711695010992870891e+01
8.304841123329742558e-01 9.700573600380694472e+01 4.317029786564190630e+01 5.699254285456883906e+01
9.693496144198252296e+01 1.403235197678260882e+01 5.873667794574860324e+01 6.105215977446039943e+01
1.501536441838752189e+01 6.597315322607570920e+01 3.235776040395118258e+01 3.412964263969526257e+01
3.412020723921534682e+01 6.619177301579263428e+01 4.669994195332202480e+01 4.510984242329394789e+01
8.120332930259938564e+01 1.559185096628270628e+01 7.899482697670384823e+01 7.139134503981816238e+01
6.423524805742086841e+00 1.940538802456049794e+01 6.561497145031654554e+01 6.927703918838780339e+01
8.549256565110712813e+01 2.526796277393490442e+01 3.271916058289129126e+01 3.378345215902181309e+01
7.736366450057607835e+01 1.452917119657816158e+01 4.638297318166321048e+01 4.073337185669007710e+01
7.748277666546213993e+01 3.373295311034147659e+01 6.331068227177316743e+01 6.661784651868941864e+01
8.305833251144512985e+01 3.554494635804784508e+01 2.815538627281956963e+01 2.965359221003859602e+01
8.408889767114850144e+01 5.014402307181020646e+00 3.966087993343447948e+01 4.387863197927894987e+01
7.509283935167222523e+01 6.392316419193877053e+00 7.146874494349540896e+01 6.951504607170321037e+01
5.272991331287939687e+01 9.008678944015791501e+01 3.129456173483584536e+01 2.504768931246127295e+01
5.741619996095829492e+01 5.007552747409859961e+01 4.895609062276056989e+01 5.189118682173651820e+01
6.827438396270410692e+01 9.407170796391083911e+01 6.634583230160924927e+01 6.888037330307354011e+01
8.712729076173945941e+01 8.274809597570060760e+01 3.601177154890038423e+01 4.391934714255943106e+01
6.001239399394965091e+01 1.562613398113555974e+01 5.355258826955995488e+01 5.524682375176800520e+01
2.304219718143372120e+01 7.437368149524455418e+01 5.280584218921246276e+01 5.082144146482352198e+01
9.710724586278196568e+01 9.792381683199845099e+01 6.549277347721358922e+01 5.900181340194847479e+01
5.731279232725646722e+01 7.809744007180523795e+01 3.666671778746331256e+01 3.508411271744488857e+01
4.587682899565928807e+01 5.936068260491674664e+01 2.673447121588533548e+01 3.374963835351966424e+01
8.865306707051678359e+01 5.622825027675227716e+01 2.520986595622999360e+01 3.418475913695304058e+01
9.548897100092578683e+01 4.833543030588989353e+01 3.316902516733856032e+01 3.861962827322612668e+01
1.211385738489014763e+01 6.087530975590005333e-01 5.078620376159938132e+01 4.984858024709762958e+01
9.983069303819881668e+01 6.949652688186390037e+01 3.083945919651460699e+01 4.162323163963304751e+01
2.263308397370745695e+01 4.685798043751390196e+01 4.248679270680110420e+01 4.276197180195382685e+01
2.888872993742267425e+01 1.722183222070326991e+01 7.622307896421692419e+01 6.283236703495119002e+01
9.901097837349171016e+01 7.777915804196904048e+01 2.959369676715412112e+01 3.279612458549893717e+01
5.513305496923012328e+01 6.054003719533442052e+01 7.055026606631372488e+01 7.030528622311099696e+01
6.802133709336679601e+01 2.923333112833824643e+01 3.303110053968465820e+01 3.919635556211172656e+01
3.934354894368602373e+01 6.413525223738325565e+00 2.262695847584351583e+01 2.940985281880490732e+01
9.921717144484094320e+01 6.555939512448392748e+01 5.420965091983187278e+01 5.527487903020380600e+01
1.653944928987660656e+00 1.868078981904984914e+01 6.549053021178310985e+01 5.611936021829746579e+01
3.757593478039629531e+01 9.824826510611069352e+01 6.654047926382540368e+01 6.632231191513533020e+01
5.163398188383266074e+01 7.928445338371219009e+01 4.326424806040358817e+01 4.575813331916695148e+01
4.680840601876467133e+01 9.863557955057410709e+01 4.253081503011533471e+01 3.678240739732571285e+01
1.494319021420190730e+01 5.801763697965338906e+01 6.617651547273958101e+01 6.757103350943464193e+01
6.055702738939302776e+01 6.798728739471748383e+01 6.429312081607599794e+01 6.458392937459690586e+01
2.894051307044126631e+01 6.624299734213518320e+01 6.131219737415598559e+01 5.522188814695874015e+01
5.310031297429625141e+01 6.829644186886871182e+01 6.373908503732993580e+01 6.655849280210291852e+01
3.857323278998332228e+01 7.791041873386465966e+01 7.247893011954353426e+01 7.295114674703681601e+01
1.217519976476784116e+01 5.944738549126189753e+01 3.448891741731833349e+01 3.867403244917299077e+01
3.490585907310927993e+00 5.416415078330530974e+01 3.878450996858469324e+01 3.455228809450508010e+01
7.565939340141299851e+01 8.224223100162772937e+01 2.164905672661173597e+01 2.807858132993818145e+01
6.386990948831725490e+01 3.876599005587990376e+01 4.257616149303051856e+01 4.272738563140376300e+01
7.532143216740482927e+00 3.145719524602608175e+00 6.954756041890773588e+01 7.091212634473791354e+01
4.384288920111806220e+01 5.522150680546295121e+01 5.576612476224163117e+01 4.822847463128439927e+01
2.773758133333014086e+01 4.758925108294906892e+01 4.707602216677022966e+01 5.108897898886105793e+01
3.884272212278570180e+01 8.206753834010704907e+01 4.511640036875959225e+01 4.569771375583045625e+01
1.556761255419754164e+01 6.304217481689231306e+01 7.354140255070031174e+01 7.417789196932997697e+01
3.097724847240490575e+01 2.403228807448306625e+01 3.587615674661377341e+01 3.369581015638195254e+01
5.379230312678857473e+01 7.187890348200257051e+01 2.153305275287315013e+01 2.605716334847012661e+01
7.219095739923039901e+01 8.106657734835124529e+01 4.118974783621111868e+01 3.878845639859029149e+01
7.464192328441049540e+01 4.040299503284599325e+01 6.783506294550200266e+01 6.174315993179787654e+01
7.639970493195430379e+01 9.919266183081107613e+01 3.453966620635961249e+01 3.633659659296213107e+01
6.933950025983777721e+01 9.170455901544760025e+01 3.946049516612405483e+01 4.337890491130588799e+01
1.798444468355412340e+01 2.850994993829940682e+01 4.550517048081385951e+01 4.554286363310185948e+01
2.662282863174682035e+01 6.032915106120173476e+01 6.689001056186178573e+01 6.760694187801088617e+01
6.550246964050899123e+01 4.458496341987176947e+01 3.465779878757791721e+01 3.116148275065833673e+01
8.359240730278133924e+01 7.584459569998642792e+01 3.212551734139125159e+01 2.602364907601015176e+01
5.828693611920427742e+01 5.166217582898968708e+00 3.369268749640384186e+01 3.097030203752454725e+01
7.454670382070553103e+01 2.458271326332163298e+01 7.288221800927455263e+01 7.002751601181125807e+01
5.212708068918691140e+01 9.213975880001963503e+01 6.396167324320619940e+01 6.461906035568954110e+01
1.729224976272611869e+01 6.827569247335199520e+01 4.272030272818345509e+01 4.286620603157182785e+01
5.915287973553729728e+01 7.340640350231079481e+01 5.149473515144448044e+01 4.903447009139348722e+01
8.139839745733085863e+01 7.221555793166277226e+01 6.150733400185106348e+01 6.070121667262043275e+01
1.369651238092948198e+01 4.882411294334305296e+01 2.588887419705044834e+01 2.924240302404633240e+01
8.770272712616372246e+01 1.809730639780022798e+01 7.972590256481075244e+01 7.380750864220959784e+01
4.569803596280048907e+01 3.282722935581512047e+01 1.582392626742135100e+01 3.025666657599796849e+01
1.676142561466294012e+01 6.618905547009002532e+01 5.504303879471205363e+01 6.029929984608316573e+01
8.114530304136906125e+01 8.285385759270494077e+01 5.697078505699332140e+01 5.599943103381349374e+01
4.680608627954644163e+01 2.330500985246155565e+01 5.886436697160616660e+01 6.105709946574184244e+01
9.231760284563299024e+01 7.480893657031263899e+01 6.664266141489130746e+01 7.167383479124376322e+01
7.500151792286952457e+01 1.756155343311663941e+01 3.718959995411760389e+01 3.686576766931906946e+01
3.733154063659409871e+01 8.745764767182006949e+01 2.133465745601264985e+01 2.544169907151401944e+01
3.253904235612395013e+01 1.507369930311683959e+01 6.205591954189986126e+01 6.208023081656781983e+01
2.990643096088431108e+01 3.591639386339531370e+01 7.177033617093368889e+01 6.686894149445343771e+01
6.113055170553867157e+01 1.785329045397148207e+01 3.761473100104901590e+01 3.756291979084401333e+01
9.244300917842622312e+01 7.623187616939758016e+01 4.813558321078522795e+01 4.772543287440318238e+01
3.625489544152737942e+00 9.840181501963604660e+01 4.549066028823971664e+01 3.833595534513116831e+01
3.592311406217230285e+01 2.927244378397718805e+01 1.743567076508716340e+01 2.510750583607859454e+01
7.915739089300278408e+01 9.554141647460964748e+01 4.136447548453981682e+01 2.765739018039395347e+01
9.524206947534563028e+01 8.237976154350342028e+01 4.810511274763182854e+01 5.886023461189431316e+01
6.740261791261326607e+01 4.349841791704629657e+01 5.587234082125524282e+01 5.443581325347086164e+01
3.236627810358002932e+01 4.813103785582932659e+01 5.966629069324815049e+01 6.159231785744905352e+01
2.873536617419967243e+01 5.924864046319250122e+01 2.977870732292988620e+01 2.977739131659567207e+01
7.922507001640181556e+01 9.614313123833370867e+01 4.269661992812192608e+01 4.924121147490285466e+01
5.126839534499427486e+01 1.468481690734261313e+01 5.510313526801569850e+01 5.793111566676994784e+01
3.754972413216209759e+01 1.107485078305090553e+01 3.524754415956994080e+01 3.786807917548663482e+01
1.735369196388835178e+01 3.733049901228874035e+01 4.175228061075303287e+01 3.902591198284693519e+01
4.005953741052723416e+01 1.923431564750214307e+01 2.707227581959833529e+01 2.628441281348313652e+01
8.540008234963690370e+01 5.716397232701478970e+01 4.550110323069572615e+01 4.439273587007022570e+01
1.496367215089266978e+01 4.497273083237819691e+01 2.784920033573866505e+01 2.660463474857399291e+01
5.166534892612428820e+01 2.250583455146720624e+01 4.107770895242906306e+01 3.844421228775605925e+01
8.768479982514564597e+01 5.275145198885448394e+01 3.342152933707598095e+01 3.698739554770398996e+01
2.078883541049970773e+01 8.003248594064892529e+01 6.245180153643471499e+01 6.233974532191589901e+01
4.680654604262311835e+01 2.174843538629780326e+01 3.342463741571313562e+01 2.699870526643438851e+01
9.598434267385185592e+01 5.200899376058343648e+01 4.006992812432529405e+01 4.489308440028548119e+01
5.214220423483239131e+01 7.789885058996087253e+01 3.401089365028687439e+01 3.251789285256989359e+01
1.787061209326088473e+01 5.849361183390477947e+01 6.652041034810672215e+01 6.041253289479910649e+01
7.127180029585495902e+01 8.819875907661295855e+01 3.711741206891130673e+01 4.814747437726638424e+01
7.535489622889180339e+00 9.583485836309422723e+01 4.350119274374751654e+01 3.823532977130874144e+01
6.232575096731313380e+01 6.663053231282923150e+01 5.465137087012035266e+01 5.904882842654890140e+01
8.395166149978383174e+00 3.395648455635287633e+01 3.108461555173932567e+01 2.657371073489844804e+01
9.536564509632712827e+01 7.836227424434298428e+01 6.599242952590599032e+01 5.979590861953769831e+01
3.750406982402100198e+01 1.069256024472448097e+01 4.937988957157460845e+01 5.140634229724660997e+01
8.477902703628743097e+01 8.638667559882082969e+01 5.962310798423500557e+01 7.072486695486746555e+01
4.998222577485890383e+01 3.875663382998320827e+01 6.130723098827149897e+01 5.823680941265884314e+01
4.285638378056972897e+01 3.583676323323983581e+01 4.405366481233782139e+01 4.499208048751100364e+01
4.521022057643142489e+01 8.174809350901402638e+01 5.337206613520806542e+01 5.398180100256617209e+01
3.384805103679776295e+01 6.579508281194141261e+01 7.177222547434914190e+01 7.236495493230782472e+01
2.852977208902282058e+01 2.826256059514930996e+01 6.734208002468704990e+01 7.055482924809000167e+01
8.844713135755274891e+01 8.536877932656528500e+00 4.443823623010649015e+01 5.326619969923399367e+01
8.494222694548899710e+01 6.158438944212358024e+01 2.923295158426334339e+01 3.263570427335875479e+01
1.994626868330520253e+01 6.076926839624086085e+00 2.371480732365022348e+01 3.059839779666166493e+01
4.261001539808601990e+01 7.305662704334048385e+01 6.243355265512055041e+01 5.821560254064271334e+01
6.929091515680808300e+01 8.676188661891323761e+01 3.664566463399796703e+01 2.945247955281922003e+01
1.609370112024184252e+01 1.812478060661549861e+01 5.655389146196601047e+01 5.370493215130075271e+01
6.373048264283244180e+01 7.394179136658655693e+01 1.810503604721474957e+01 2.570000148595766376e+01
2.547587951998453448e+01 3.049346376976608397e+01 3.600654935507282772e+01 3.762202646166229414e+01
6.739444490730234349e+01 5.373348248430777119e+01 4.441442022201196238e+01 4.096558909797127512e+01
6.344399411683523482e+01 8.276794072035404781e+01 4.276929091162045893e+01 5.013290461849906166e+01
5.605221848950898789e+01 9.813282911384428076e+01 5.183151152025222785e+01 4.987351892719091495e+01
5.792200352275578012e+01 4.226899423593454941e+00 5.867547966913880941e+01 5.743259633238324824e+01
2.757296369807559344e+01 7.965485540464985093e+01 2.882175829558669733e+01 3.203077555479922722e+01
1.943263538737742735e+01 9.739355741044273884e+01 3.616453277550195367e+01 3.601327592394409294e+01
6.013762114431604289e+01 6.099814928144715509e+01 5.604734821735017647e+01 5.208412324644697122e+01
9.146957435212146947e+01 6.744410713668685275e+01 4.037330041049301599e+01 4.417615269562575975e+01
8.623803845242740351e+01 1.810628991159644130e+01 5.442367576104174276e+01 5.459069510208342280e+01
2.729217275327367886e+01 1.696610812567188731e+01 4.839907503325399318e+01 4.988856091055635744e+01
3.429351158367053642e+01 9.688593354677884406e+01 6.949674606058466964e+01 7.165205670756692768e+01
4.013254439412239094e+01 1.925760973468403492e+01 3.560896737547469826e+01 3.173087583115502497e+01
3.297311071462123522e+01 4.616591807614152998e+01 2.048212470758544868e+01 2.924172875895197166e+01
7.125779432472607766e+01 6.349515157609817351e+01 3.872178570792047481e+01 4.545827020885962355e+01
4.364483988231128109e+01 5.817912647777101398e+01 5.220735711373330901e+01 5.266560750173901795e+01
2.234678842685733358e+00 1.715129976480221785e+01 5.648491709995744259e+01 4.649180947368775207e+01
1.824763310992293341e+01 6.134574266312571211e+01 4.119596798957988426e+01 4.358849036033418400e+01
9.530465861598449351e+01 2.818256790996846917e+01 3.820348304112709314e+01 2.994480832249731606e+01
9.163820517572784041e+00 1.122727583289096032e+01 7.267405652293196283e+01 7.088105044677291744e+01
9.443322357482915663e+01 6.107484949543094643e+01 7.158500155268110632e+01 7.040465240460594032e+01
9.148783806173703681e+01 1.402672134591689357e+01 5.376484639876791505e+01 4.771310314378237649e+01
3.187983617505512157e+01 5.127033246315326309e+00 3.956699140963160488e+01 3.585433094061601622e+01
1.885989312715920008e+01 5.616325332843798179e+01 6.928083938491005256e+01 6.652075196330099516e+01
5.321198602047064696e+01 4.342366966113957716e+01 3.873334208566924275e+01 4.190583283930876490e+01
8.416917680970037452e+01 2.193680650652700592e+01 7.342183395288688530e+01 6.992710691171238579e+01
1.116031994518917969e+01 1.871450314622261502e+01 5.041768203380429725e+01 5.013364505022700257e+01
3.638250407977206180e+01 7.268391100262306281e+00 5.688187317664949205e+01 5.903408669569483891e+01
4.799824817370734742e-01 5.091136924888791526e+01 5.555186667025957803e+01 6.682154625173077989e+01
4.625349432957060714e+01 3.134752899341015819e+01 6.650774399984280194e+01 6.649935741417479562e+01
8.396293875689919162e+01 3.603781215565695817e+01 4.269020873228372182e+01 4.926193930086633799e+01
4.387622206516297041e+01 2.340762039841152031e+01 4.118634653864516793e+01 4.381591554508417374e+01
7.160919178315134559e+01 1.094304048359793313e+01 2.704691056165088270e+01 2.620863588606338368e+01
1.482825378959159401e+01 7.020356684821422277e+01 7.257588754532756070e+01 7.200802883481939887e+01
5.807610919522531390e+01 4.836804457578664795e+01 7.288341471223034773e+01 7.268271968229556990e+01
4.413600786856214597e+01 3.386396946864683599e+01 2.934785773590143876e+01 2.979241452572593474e+01
7.467704446194291279e+01 3.254689886766226437e+01 6.682370169773437851e+01 6.094430067471141399e+01
8.622717293529392180e+01 1.678926918050133210e+01 3.268203062517321200e+01 3.055033153684662395e+01
1.724518398764654137e+01 6.013083638147040944e+01 7.121879819794922639e+01 7.396390863355880185e+01
3.170737693630582044e+01 5.395065739842954855e+01 6.909205700711950726e+01 7.204739168879481781e+01
6.466554385057065701e+00 6.211252990908290172e+01 2.353255509597495987e+01 3.120398997249325035e+01
4.045164031151317374e+01 2.915138583443533804e+01 2.344057444082590180e+01 3.079740295709173381e+01
5.325148697565200706e+01 1.142484532580563261e+01 5.492750081282486008e+01 5.380150366690882890e+01
9.712187899607820896e+01 7.272423195699789744e+01 3.496533804622377062e+01 3.320759566720185774e+01
5.364295458983578158e+01 8.353623541788924456e+01 6.157925521013854109e+01 6.550204454708455160e+01
9.319026844206032933e+01 5.127232010735522039e+01 3.057594871435044226e+01 3.752399148319457112e+01
4.595870058794439217e+01 1.865579121956156783e+01 6.363443153180893574e+01 5.895509552307663625e+01
4.796319561995267833e+01 8.875889907188583550e+01 5.663907206310974374e+01 5.676020136841208341e+01
6.815350002084707626e+01 3.390285497439096929e+01 5.714113930442342593e+01 5.849521571967140687e+01
4.933002162389591660e+01 2.959926251439669542e+01 3.261850612779092273e+01 3.438254612945658550e+01
9.609174315580614234e+01 1.826948127113827525e+01 3.112452525785969115e+01 3.179939670061401102e+01
5.098925757308717976e+01 8.630269481496236494e+01 4.166700832063704496e+01 3.437745297979040515e+01
7.438652808881710143e+01 8.563740982148023306e+01 3.100163558218489612e+01 2.618913556751860483e+01
4.434686195360115768e+00 3.084210888286800412e+01 6.794085575951298495e+01 6.416587316888073644e+01
5.654434995653426910e+01 4.362893592936942611e+01 5.399482272213843714e+01 6.025887744905669763e+01
1.975845858283182821e+01 4.307166216080103993e+01 5.017029841763490339e+01 5.020536933687240122e+01
6.442414008259818559e+01 2.034083106760098403e+00 7.246313368993936876e+01 7.000928456992417637e+01
2.973437475400456620e+01 2.574112301967054250e+01 3.814410821056088707e+01 3.670386085053555547e+01
3.561669653144430470e+01 3.723378183853810697e+01 3.182765461194804146e+01 2.645100758835004484e+01
2.471450700302932901e+01 1.756545570396694789e+00 6.192079250298230164e+01 6.284750801981687118e+01
8.380843348716426888e+00 1.607155848915056140e+01 7.332048049529765876e+01 7.309267671242061226e+01
4.313654563880019310e+01 4.459652704044057003e+01 3.086076816354366059e+01 2.981511263988544158e+01
6.073563834777437620e+01 1.851650454162026094e+01 6.269162793138956147e+01 6.527715212492695684e+01
1.737988571352396860e+01 6.382603470971359272e+00 3.303576886990610006e+01 3.525156879914572983e+01
1.766136925741228580e+01 5.487196055830494146e+01 4.810671908474736114e+01 4.744890815520114558e+01
6.588347003588381767e+01 3.654061309015568071e+01 4.704322476632412986e+01 5.022111078360266134e+01
2.665501204542869473e+01 3.448737836932097878e+01 6.490444672682139071e+01 6.874277951107281126e+01
1.408118620929994513e+01 9.173031454640505444e+01 4.594387466183786017e+01 3.538667317622662978e+01
7.546825208681411823e+01 9.334727919475578517e+01 2.201294208357641580e+01 2.556131078483342378e+01
9.350766159804688016e+01 2.910033634002815361e+01 5.206224651714518359e+01 5.650246752533739425e+01
3.913328364661926884e+01 9.599281205835015385e+01 3.350491709384824190e+01 4.090143931594054294e+01
7.785458214226889595e+01 8.554161546311800635e+01 4.356064974809659418e+01 3.608776039295041471e+01
1.883947674004922135e+01 7.845101356775531087e+01 5.961627979106774688e+01 4.764657445934734881e+01
8.933416418276081572e+01 1.719704018435429660e+01 4.206822370409284417e+01 5.114801218525381898e+01
6.577784072381784597e+01 5.811223999290555753e+01 5.298991758050075873e+01 5.545054283539912632e+01
8.434404436647402292e+01 2.349485628333927068e+01 4.424709269935183897e+01 3.264000140627108948e+01
9.193793592083764565e+00 6.859292207082195603e+01 4.289699807175072266e+01 4.434065980531919848e+01
9.915076882785020018e+01 5.311987942415115072e+01 6.827795001941304065e+01 6.418423839010552001e+01
1.674229477462512250e+01 2.655356056137620868e+01 4.454336752860301374e+01 3.693989616201942283e+01
2.259867656614924414e+01 6.564131342296730054e+01 1.642169582273459483e+01 2.702241149354881955e+01
5.517508829395513459e+01 7.963457754796490917e+01 3.326545009050511936e+01 3.710231089663749771e+01
2.573419881895322447e+01 2.698334532910943295e+01 4.113462488815004292e+01 3.570591328331538961e+01
9.152518840307584469e+01 4.042627150651531309e+01 3.936761838890213738e+01 4.489431007895272074e+01
6.785392442143758274e+01 5.825516963846002483e+01 5.529407481892521048e+01 5.500950400187433331e+01
8.593602247528212956e+01 1.015721436446612813e+01 3.470280253256360226e+01 2.617635785949317295e+01
5.382527463447656402e+01 8.112888539460398363e+01 2.164430834116715019e+01 2.740947541873189053e+01
7.589864404434825929e+01 9.089890147454781300e+00 5.147673740754429161e+01 4.326268450361119733e+01
6.387578386188841328e+00 3.564178551577875709e+01 6.010767990063926902e+01 6.536176520482278818e+01
5.561155414872131075e+01 4.046554179046665212e+01 4.290479939721156910e+01 5.250510779504435277e+01
9.335243127166306465e+01 5.267497498807476575e+01 5.378378231493077521e+01 5.832518011384571821e+01
7.807179957065223164e+01 3.146889738713265672e+01 4.819075688360021559e+01 4.963799595708712786e+01
1.332267479843532954e+01 2.042647583330053962e+01 7.667116744207174861e+01 7.424389933514328277e+01
8.791849177790979297e+01 4.568945549824279340e+01 4.108999049918065083e+01 3.890075960361724583e+01
1.479547387739706998e+01 3.781548185607417167e+01 6.837306935105389982e+01 7.278138759309914008e+01
2.284184568319358277e+01 4.230144462417626272e+01 5.573450647164668226e+01 5.409892569019359598e+01
6.021543061264542729e+01 4.539329617429903863e+01 4.079353710542963540e+01 4.263304200206595596e+01
1.435774634485952284e+01 6.610270582343670753e+01 6.614408384507747485e+01 6.031728334586036766e+01
8.479241622784108756e+01 7.518263884262532315e+01 4.496896733693397152e+01 3.998830155850437507e+01
6.128553615653188302e+01 6.882846703680078804e+01 5.127364702852251810e+01 5.691307469175977474e+01
4.756509844516367025e+01 6.450974456426533266e+01 5.574745489756537609e+01 5.211903332331251448e+01
6.439423053359104188e+01 6.128547739633638258e+01 7.191965605136546458e+01 6.986784445262371435e+01
6.428035087828760652e+01 5.197424864372672459e+01 6.817968112843864503e+01 6.250772845158259372e+01
3.614783340942755530e+01 3.941332428283117650e+01 2.017995813421902085e+01 2.862199405544131281e+01
7.053429523732191342e+00 7.728044928617406129e+01 2.496810643393250118e+01 2.825829338989464645e+01
6.089048610300379494e+01 6.877730355454815481e+01 4.712366872916476979e+01 4.448972437204665198e+01
8.763521130271915638e+01 4.437948409797287752e+01 2.849086230417651322e+01 3.390524627693648796e+01
2.596101835392095047e+00 8.998555634962068339e+00 2.865473985538170609e+01 3.542644009034089692e+01
9.722598017417107030e+01 5.585161531608250129e+01 3.732617320292688134e+01 4.838482495490794832e+01
8.887160946127463035e+01 4.531363314784996277e+01 3.152386284010211170e+01 3.666467153643306887e+01
5.732229575562436708e+01 9.838459228475457508e+01 2.909584305179616592e+01 2.917119914820722570e+01
7.630193978156674461e+01 1.685691443921128041e+01 6.314735671327501620e+01 5.987422964221479305e+01
7.119037424413050985e+01 7.416608887180886711e+01 4.994045613802445871e+01 5.890881330122167725e+01
4.747277852704834089e+01 1.100212429914766332e+01 5.598410955839917591e+01 6.159485827267246805e+01
5.568906382730943960e+01 7.870566539903663283e+01 3.143148787246922282e+01 3.507240643791686807e+01
1.881841691679455408e+01 2.119815207992613537e+01 3.402252415223919968e+01 2.690215593890377477e+01
3.181325313334908600e+01 9.565277490780090375e+01 7.890739828816936097e+01 6.905737150593920148e+01
2.722475363704712947e+01 8.086974583210604806e+00 6.568223065142100836e+01 6.210249695449912366e+01
6.538046593843306198e+01 9.493200956561809178e+00 3.188518089365823727e+01 3.683320360744496469e+01
9.928144622555386434e+01 6.784266670087369278e+01 7.300751666033291087e+01 7.148132529907090316e+01
2.129172856043056683e+01 7.878207100391431794e+00 2.769016897409376554e+01 2.678934210544835537e+01
3.551332153157906646e+01 2.810279262702024639e+01 2.623158501655345987e+01 2.742570664623866605e+01
3.959410958139740444e+01 2.714606630209909355e+01 2.916587705009370168e+01 3.005006512652026274e+01
3.125054569852024855e+01 1.744105432164150216e+01 5.890389406083404822e+01 5.460688307216563686e+01
2.542524026145438398e+01 2.589984545280996642e+01 4.883381439953187453e+01 5.369124439087238443e+01
2.471747445945176125e+01 9.737482141179604866e+01 3.971524999429203717e+01 4.118007646360750584e+01
5.989900906310264617e+01 2.415428127159778882e+01 4.904595251574879455e+01 5.058771061957958892e+01
7.411917438595805763e+00 3.474214592232693910e+00 4.687335268214602024e+01 4.261435509695289880e+01
3.986592875184120999e+01 1.368803196918276832e+01 6.876014289207337526e+01 6.953856917686151462e+01
9.929034908992645114e+01 3.956468211967124660e+01 6.245586359173944402e+01 5.778112440439955577e+01
9.629759423644857463e+01 8.315349724468752868e+01 4.635522233026857464e+01 4.896418170481436505e+01
7.374894844599194244e+01 1.281350402505240282e+01 5.121038554637992490e+01 4.463565697316545311e+01
2.790602771799365200e+01 1.611636878961611075e+01 4.262809062545348837e+01 4.093006310949428439e+01
1.310145544336144319e+01 6.989851081744855321e+01 4.562400440533355095e+01 4.436014610704405214e+01
8.758857213669513442e+01 5.242859833747511544e+01 4.082667739264258699e+01 4.360013263509198111e+01
3.096805643514558426e+01 2.971171581278418827e+01 3.058025824494787770e+01 3.332177324942666985e+01
8.848030809601958424e+01 7.237952301747854733e+01 6.697230078311505963e+01 6.531263483196471498e+01
7.987491489520007804e+01 2.571146630041450010e+01 6.180428120817557414e+01 6.690881062580000105e+01
4.600662389579509437e+01 7.824416352001934172e+01 3.092561104732854815e+01 2.914475900081853510e+01
6.431786168698957340e+01 8.822124118173134377e+01 4.021504761949287143e+01 3.156592021984233298e+01
6.662208736746144666e+00 5.160508223417927809e+01 3.459724878070259280e+01 3.352331293836812875e+01
6.722253805471748933e+01 9.510329247486060922e+01 4.856083179968469921e+01 5.082821382290504175e+01
2.535061889250146550e+01 9.189793255003985450e+01 6.699426133637662417e+01 6.256874954277469669e+01
1.344404398341625395e+00 2.046254725590198476e+01 6.828372660288989948e+01 6.213078440200312258e+01
7.643992025625742315e+01 8.398595726740418854e+01 2.921768033820448807e+01 3.315126586174930878e+01
6.185969615011014611e+01 8.381491653763569616e+01 5.157361883740448860e+01 5.410121566690310857e+01
7.364942087167791840e+01 9.253297368745982965e+01 4.468342305199286812e+01 4.506025925219418582e+01
1.731254391651557611e+01 4.781106370247978354e+00 2.464598696375050935e+01 3.716757097433455215e+01
7.019661140771360053e+00 9.803220727278258551e+01 6.162917902544609916e+01 6.789240406201133737e+01
1.834642539688484675e+01 6.790690989769684904e+01 7.633812597835625979e+01 7.204185345846586586e+01
7.871011325358738020e+01 9.632026409714165993e+01 7.072707259444551653e+01 7.285420079063997889e+01
7.976342545107106830e+00 4.019201869926764914e+01 6.465972838024704572e+01 6.715614308447726444e+01
3.507185094542509773e+01 2.733839181137786056e+01 5.773992671330909587e+01 6.047125293837143545e+01
7.897120092105490130e+01 1.952669351910539675e+01 5.996863142280594161e+01 6.350309228840647791e+01
2.846979688875554970e+01 9.599365717988843016e+01 3.790867230488521500e+01 3.055290849500999073e+01
1.028085617358539494e+01 7.748729013574950919e+00 5.932594701753772881e+01 5.958466375858258601e+01
4.243381397962756552e+01 9.156913500516375848e+01 4.979380533956062749e+01 4.910101825740572679e+01
8.947838298241739707e+00 6.519737139229606271e+01 4.869407132392482396e+01 4.857223211144560793e+01
7.904152503192102586e+01 9.162708373435314968e+01 3.883668776715475701e+01 4.973271332669860811e+01
3.507023274307273653e+01 2.167577113219849494e+01 5.855140424810796418e+01 6.234708735982076178e+01
6.437488351503962036e+00 9.966115273124865226e+00 4.189936853102310721e+01 3.434463969432275121e+01
5.743697242390140190e+01 7.683649926926004525e+01 2.888294299196087067e+01 2.847216369450909568e+01
2.598229372578031438e+00 1.528058093182832522e+01 6.268536212535333618e+01 5.886213903703939820e+01
7.361826153368166814e+00 1.896963648501283117e+01 3.378538856953036884e+01 3.065982548017516507e+01
1.929913222698476094e+00 6.534319241743621376e+01 3.844089309151848965e+01 4.064632116652222749e+01
8.472094875733885999e+01 4.919403826093567034e+01 8.225360189134717359e+01 7.250011741924663511e+01
4.060125361882192152e+01 9.846855539152390691e+01 7.704893585012962376e+01 7.247685383956857663e+01
9.659502051125734567e+01 5.143264789098588352e+01 4.736911322907004518e+01 4.815560858987100090e+01
5.455743467454452400e+01 1.798481484091991689e+01 3.473973617503388311e+01 3.179393398038056873e+01
9.313583672064592633e+01 1.460906997730860901e+01 6.324008951351964924e+01 6.287655169983820969e+01
5.929542729274033519e+01 1.207383527089864828e+01 3.259790437688121756e+01 3.652104394167296419e+01
4.549350717974446212e+01 7.477652771400322251e+01 2.816006102352514162e+01 2.703575920411103795e+01
6.946076116267283851e+01 7.191719228421251842e+01 5.627020053710675995e+01 5.998221087632774129e+01
6.993788657332211756e+01 7.351158248403959306e+01 2.904109221422465126e+01 3.209391370617091610e+01
3.034786980138190060e+01 7.829846495760291702e+01 2.967062891698996197e+01 2.717855730795264435e+01
1.105013512276899945e+01 8.294466397616643860e+01 6.027298005076018228e+01 6.503770635431826008e+01
9.859616844014173864e+01 3.153462813122409614e+00 6.624968731842784564e+01 6.245011734896477407e+01
3.712276477574305744e+01 6.460102909466989729e+01 3.562482530875838194e+01 3.737061722769478678e+01
6.737506462588586942e+01 7.292355094683607319e+01 6.905526403996448437e+01 6.375650796563267164e+01
1.139619813581522756e+01 6.568932346546846190e+01 2.799875494540973264e+01 3.189818171707013761e+01
2.880137056933351758e+00 4.148306718889539724e+01 4.335431028038010481e+01 3.718595200283385793e+01
4.671741333524465034e+01 7.048241653907162174e+01 3.088438091424591292e+01 3.224916756177942290e+01
3.152805131039225728e+01 6.055225624126059358e+00 6.868212159922958904e+01 6.769292192809453468e+01
5.678260913995839587e+01 3.494251126937880514e+01 7.051889789173546319e+01 7.102793007786675616e+01
5.373577492268771749e+01 4.692449458705396381e+01 5.113245436611264694e+01 4.915343519530447480e+01
6.363481252670565169e+01 6.600026045745994452e+01 2.889578191407171559e+01 2.679948217721675974e+01
1.407433633911532311e+01 1.566341811905187598e+01 6.393908859030016600e+01 6.471299461034902833e+01
1.072358017695235155e+01 9.257606705209875386e+00 7.126046842547330584e+01 6.927311772687826874e+01
6.958178354357902329e+00 4.963643724663070600e+01 4.727068986362890968e+01 4.224370754460703381e+01
8.762966404914848795e+01 3.193841168336851766e+01 5.863641413229525767e+01 5.199877250244752247e+01
3.151872901539638505e+01 8.751872134587289054e+01 3.471668396742926177e+01 4.685202094520382587e+01
5.618981030014263922e+01 4.333808481149408465e+01 4.589165242987353110e+01 4.198965953785179295e+01
9.695720518365583018e+01 2.961544682638579218e+01 6.273244695231713308e+01 6.886287885816261678e+01
4.200626695794470322e+01 6.114618104768620555e+00 4.893308316242359979e+01 4.847401624373564744e+01
1.536315203932666584e+01 7.644001113893061472e+01 7.239953841447379546e+01 7.408070384647572837e+01
7.666978238334824880e+01 8.119422513018051291e+01 8.132623013506542975e+01 6.882988243697252528e+01
1.565078990804564896e+01 2.498931948673647341e+01 4.885183539308262368e+01 4.520797774970122873e+01
7.014979005657835387e+01 9.863985764852999694e+01 4.415067432891710553e+01 4.691790941517120217e+01
5.181849423431098245e+01 5.218157013832556146e+01 5.394343554879360880e+01 4.702738190012681940e+01
9.758933378958987248e+01 9.390813048870201385e+01 2.718883219185246247e+01 2.886626590768234735e+01
5.097768447035124950e+01 1.754549701969409981e+01 8.062096551724332016e+01 7.052020827135450531e+01
8.884317051440960711e+01 8.512888392975148122e+01 4.333669486968349105e+01 3.922713098759400907e+01
9.725421585553240433e+00 8.556276815352336484e+01 4.799830655289917303e+01 5.432068760063451407e+01
4.734211306334456282e+01 8.292866775305141402e+01 7.296868057943052577e+01 7.347214565940056730e+01
8.982797075437949275e+01 3.044434489903740015e+01 5.001480831643993241e+01 4.592285704280499914e+01
4.223518727007344609e+01 1.718345569169161990e+01 3.581468664016931314e+01 3.013333569282552915e+01
4.890173803465942370e+01 7.979313675113155568e+01 5.689700337612409697e+01 5.423541266881226619e+01
8.932065885508419001e+01 6.365444885767242056e+01 6.893401156326044088e+01 6.778760465297338556e+01
6.676072297270032152e+01 4.494591931837411636e+01 6.893388222000828591e+01 7.412025912320738996e+01
2.265538485262912261e+01 3.951491084976367318e+01 6.537896508367228421e+01 5.517691075793048583e+01
4.380317831344696344e+01 7.759739087498881815e+01 7.192685059486147736e+01 7.280816967071396562e+01
8.869323963171720493e+01 4.108431774809096737e+01 3.715858409125350192e+01 4.155244598416752666e+01
3.066686303131164237e+01 9.615789710389158529e+01 5.784732510018856999e+01 5.824250732325772617e+01
9.875957745132809862e+01 3.724669478256732447e+01 4.576266325894410159e+01 3.966358986309738555e+01
1.503458747317665356e+01 4.235240923010226055e+01 1.863334763444073161e+01 2.681855870604210423e+01
3.638803936268833183e+01 1.290963498596333636e+01 4.565117567217902206e+01 4.416059738403671986e+01
4.281280507101416788e+01 9.832576109615698101e+01 3.288330468811903273e+01 3.747639271506774605e+01
8.748819674421442016e+01 7.065296323031910219e+01 7.605020044172398741e+01 7.335307013442708524e+01
8.438849656656321940e+01 6.730091009630523047e+01 3.045799470872490033e+01 3.443614907256564095e+01
3.562979539013932939e+00 9.356551294095444860e+01 5.861203488054969313e+01 5.902188090386887609e+01
8.365201944475788309e+01 8.145079681305314523e+01 6.450826919667862569e+01 7.111323013942522664e+01
8.336075586882402888e+01 8.743269749364246834e+00 6.307549980407676316e+01 6.431914907057250730e+01
4.050068648191951226e+00 6.126685297394794105e+01 8.061118176584048456e+01 7.381986783853935208e+01
6.105061740418192073e+01 2.247602376588194772e+01 6.130520258694785696e+01 5.538344100132913184e+01
6.282794590652135724e+01 7.341069808811266739e+01 6.208741875568012603e+01 6.304950910976727840e+01
3.805759413781070322e+01 7.693791464631726740e+01 7.069110150989902763e+01 6.150401827522913578e+01
8.586495789026308501e+01 9.194296005584075715e+01 3.535482225634550701e+01 2.950970381024866640e+01
7.195016550477659223e+01 4.421037462077789115e+01 6.552324845763440919e+01 5.725417657102573799e+01
3.403174042981914482e+01 3.225592366332683270e+01 4.244338888575790492e+01 4.238918718713170364e+01
1.455677586525011513e+01 8.311389644353826611e+01 3.486978953616366539e+01 3.839529228324648358e+01
4.001495539058451811e+01 8.940546127021445955e+01 4.966238140631713804e+01 5.443255159993157122e+01
9.690129635029998667e+01 7.734182109053629972e+01 2.433524940335987097e+01 2.838828328383888078e+01
4.011657828851545204e+00 9.854373843696602364e+01 3.404506955436057325e+01 3.619689386853313806e+01
3.119715424324207476e+01 9.059552097493825329e+01 5.850998985449861323e+01 5.662846773692847080e+01
8.667856115083072410e+00 8.622516283024872052e+01 3.905156976843939987e+01 4.654672779584936393e+01
5.617978526621379842e+01 1.360439545066827183e+00 4.118982976099366056e+01 3.160687141739817463e+01
8.352172606087688678e+01 2.097389939385658764e+01 3.283087103579119770e+01 3.333218084010218973e+01
7.189941865749604588e+00 7.156737768553395540e+01 3.907025506881092980e+01 5.413922148240091303e+01
7.660799991182211954e+01 4.452947723752104281e+01 3.460024129722764030e+01 3.144464942826047604e+01
4.684095450243587067e+01 8.852828290969003433e+01 3.615902664203096606e+01 3.276583167869303281e+01
3.941704545835062135e+01 1.701068820120760350e+01 4.949116047766604964e+01 5.386737656554964104e+01
4.713681557014906076e+01 9.562591980273812453e+01 4.337278828959777144e+01 5.317760140670634428e+01
2.086676245115918249e+01 4.960298942535442990e+01 3.477397822959257212e+01 3.336835208425031851e+01
5.997927219151644174e+00 4.879576397907487717e+01 7.740617069461160327e+01 7.298988299765136389e+01
8.674041132245675101e+01 3.270996654000792603e+01 3.290628169009095672e+01 3.628339804929726853e+01
5.981938785178935092e+01 1.835629081199087054e+01 2.848886389030610289e+01 2.782870383823250648e+01
4.166318501194115242e+01 3.536378631401103689e+01 5.248772180055824066e+01 4.771606173562430797e+01
5.996401440689662365e+01 5.666674537501646114e+01 6.541683119919322564e+01 6.812030533867019244e+01
8.507803826306819417e+01 2.570062322224322315e+01 4.070919561580197410e+01 3.903726683631709449e+01
4.985692169635552773e+01 5.333268427529363720e+01 6.594901710876519019e+01 6.625576093542137812e+01
4.682885676728678703e+01 8.276711355691941208e+01 4.512153132783962661e+01 3.964534419827976564e+01
4.819442793927207447e+01 4.247091048841133976e+00 4.625339853783005140e+01 5.222669808845439121e+01
4.189408420801276378e+01 7.793362653194868983e+01 3.549419644892417836e+01 3.393123467492151946e+01
9.825487615395994112e+01 1.807699193009031546e+01 5.909866849681348810e+01 5.286915674626737882e+01
8.191386377516322170e+01 5.557035407203012767e+01 4.847413573996920633e+01 4.564128921951875384e+01
6.310657781676962941e+01 5.139665125226456155e+01 7.087042892136464900e+01 7.158224537931930342e+01
3.908335492672217981e+01 8.413083514997018142e+01 6.771900939767854766e+01 6.816496694922143718e+01
2.520147336790524761e+01 3.811476533610507289e+01 7.776425696776890106e+01 7.044141063796084268e+01
4.927488961293376946e+01 8.892140134241908811e+01 3.463993197628523291e+01 3.418018718792006894e+01
3.693301688196447685e+01 8.887357893866253278e+01 4.643703201820410698e+01 4.811788867976230932e+01
5.161245842024867159e+01 3.327637153356793931e+01 2.766699421790819002e+01 3.117756491379195083e+01
7.792031367651078710e+01 1.907482637058027919e+01 6.940199458245653830e+01 6.347228356661586446e+01
4.089865037338343967e+01 6.992427352454738809e+01 6.387234088170059465e+01 6.337122913480956754e+01
5.322348476766979530e+01 7.684105431140342546e+01 7.579377396061659056e+01 7.312390060757094545e+01
6.178591540622559108e+01 7.869900833848252830e+01 3.342633747792091725e+01 2.711347885735949248e+01
5.462791047902839381e+01 2.184382449886803812e+01 5.424101286783086096e+01 4.636312912193091762e+01
3.711116637765881165e+01 6.974990360370945552e+01 4.757937917347357626e+01 5.066422337075648841e+01
8.361128049276877050e+01 6.780725123219167472e+01 6.845444330313239334e+01 6.140375342804498615e+01
7.890048845606946770e+01 3.302152251600274724e+01 5.356316528472319050e+01 5.823303689481630130e+01
5.530378439896011855e+01 6.487218801549056479e+01 3.901959672499023668e+01 4.746919589752434376e+01
1.855746027450477698e+01 7.650431899704896921e+01 4.051260733368599887e+01 4.321953418663736102e+01
1.907922654758387182e+01 8.071797702024910848e+01 6.574940592562509778e+01 5.731262504973653904e+01
9.945051042205587066e+01 1.200916308426414059e+00 5.409198132872986520e+01 5.570427611775487264e+01
5.736665975490097225e+01 9.142087896808118330e+01 5.060053347669375512e+01 4.937211606973709621e+01
5.437014196449175074e+01 4.716528013283885912e+01 2.689043045614813821e+01 3.320706675173768474e+01
5.504924694659177931e+01 3.072936432422931219e+01 5.336024015254277941e+01 5.627578148960871829e+01
1.899965092022845070e+01 3.434442832940099066e+01 6.134927718519796258e+01 6.364941469071597169e+01
9.155167287166966616e+01 8.525106362892051948e+01 5.798327412668638203e+01 5.315980259023447729e+01
3.572709219960451321e+01 8.910506169305347157e+01 5.936750743979018097e+01 5.313036436467971413e+01
4.337270626460162504e+01 4.572997979968979365e+01 5.509441938406030204e+01 5.445604416199072517e+01
1.055827129044279999e+01 9.914018630496114781e+01 2.441368208069063428e+01 2.536483975197412732e+01
1.985524035370929141e+01 5.268029188559365394e+01 5.372081793948886030e+01 5.349560026782331335e+01
4.398207378332442374e+01 7.718921463252544868e+01 5.166544007286027096e+01 6.426019110730133832e+01
4.051821038009610731e+01 9.262274502058299674e+01 3.531544022825377738e+01 3.582109915506132580e+01
4.587288242002408367e+01 9.815413930443128265e+01 1.993238589505737934e+01 2.503216110760902779e+01
9.562261970761538521e+01 8.795632376127812790e+01 5.800435552980983545e+01 5.855873452421959513e+01
4.556025375016621126e+01 3.633337819162643001e+01 6.295673951687717107e+01 5.802663439602181938e+01
2.899370936623778405e+01 1.866839259143166885e+01 4.063998528544973965e+01 3.006874903678571087e+01
6.719878714023261068e+01 9.707281639857944811e+01 2.547923557313042053e+01 2.622789924567066677e+01
4.857841143552323615e+01 5.012404774253532480e+01 2.391767948573761871e+01 2.884483851508404939e+01
5.900933994880077904e+01 4.432859860792395068e+01 4.467215559898735933e+01 5.012784876496978370e+01
3.627366479724835813e+01 1.692935242553506026e+00 5.220952369147889982e+01 5.860852955285805876e+01
5.076838246350844486e+01 6.924403525181300267e+01 6.301855690545724542e+01 5.549073097998422099e+01
8.037549475691906764e+01 4.520082879870811610e+01 5.190917303397282012e+01 4.691751235111046014e+01
8.104019408589833517e+01 4.277011708192384987e+01 7.015993498995969446e+01 7.426554628800222702e+01
1.748369154662111669e+01 3.385859719415735469e+01 2.241722767469017796e+01 2.604890804588704611e+01
3.591099429675971066e+01 2.303748223660240058e+01 5.794056310866546511e+01 5.329498008465697012e+01
7.981708026178452542e+01 7.866130612179019010e+01 3.645009645487924388e+01 4.381811200569362796e+01
9.887604058942616803e+01 5.938543647058007480e+01 3.994003017782947751e+01 4.338169984703473148e+01
5.040380076287572564e+01 6.834527434210502861e+01 5.879337330342645629e+01 6.465037950448954973e+01
8.423567877183820940e+01 2.845608397616026153e+01 5.754752778863648643e+01 5.596671990543447350e+01
1.232346680098039826e+01 6.902107766994677718e+01 7.319678383527120502e+01 7.014065248454424761e+01
4.283732118899841623e+00 6.757909636279850929e+01 4.146901541657863532e+01 4.459633311680694590e+01
4.155595321233165151e+01 3.843390279585277369e+01 7.383916369360574095e+01 6.960506945481905916e+01
8.188328992141178730e+01 2.002661547179961232e+01 5.792211895711068337e+01 6.094729466116952921e+01
9.205352312396274783e+01 6.844326895815987655e+01 4.678925281320249496e+01 3.903926968310913992e+01
7.154841797743894460e+01 8.089273072177914514e+01 4.525336440293006035e+01 3.334690242935269566e+01
7.807732348871894601e+01 3.637860515990571031e+01 7.360540144827896825e+01 6.888849802180011750e+01
9.210295160538019843e+01 5.351067800006033792e+01 5.115083647656387456e+01 5.664274812355046151e+01
2.656784655028372555e+01 9.357998315292913105e+01 4.579191671996208868e+01 4.319084159048831850e+01
5.025316842570750708e+01 5.612755148562121832e+01 3.377557614935853536e+01 3.360662767145773699e+01
8.388810805051210195e+01 3.668683942862293890e+01 7.608310300194504805e+01 6.967084930360192629e+01
4.918899023202206067e+00 4.411435993690765400e+01 4.520935223903841660e+01 4.569038273854059895e+01
7.839123805872335993e+01 3.324477182476383064e+01 5.913425897986417112e+01 6.201342978088658242e+01
6.083090281035595837e+01 3.883931803838869001e+01 5.032046700749639712e+01 4.347328894938925714e+01
3.848562624930534781e+01 7.761165984135006113e+01 4.316517625939609815e+01 4.122378346590560483e+01
3.322277640662838394e+01 4.113226968232696379e+01 6.028447467863507825e+01 5.886573877334551952e+01
9.998051441338014911e+01 4.929924291045318085e+01 2.084944749542605535e+01 2.719467605219544026e+01
1.628465752790947363e+01 4.234974747641429005e+00 5.588172349183214749e+01 5.973380972582819481e+01
5.445720914888342179e+01 2.052339267803091616e+01 6.953294064525670137e+01 7.219913999103384583e+01
7.411070416296807650e+01 2.590982053821112530e+01 3.440997640297365479e+01 3.551997437612021002e+01
9.904716723472566287e+01 3.742644678507341638e+01 7.608016717561018538e+01 7.390922489703241638e+01
4.527254266299399887e+01 7.933448278609759541e+01 7.690232387826479510e+01 7.263259809434757130e+01
5.799833204520838592e+01 2.374689072227457132e+01 3.986289616440750194e+01 3.639036191205412507e+01
4.996702437290534249e+01 7.467467725125942479e+01 5.626667806563331453e+01 5.711427685431635837e+01
2.578642536448449007e+01 5.654033919505042860e+01 5.039657798253934828e+01 4.841008592482333484e+01
8.487524666688432262e+01 5.115195574628737063e+01 7.066877084605435755e+01 6.875012311962970557e+01
9.993690656861954125e+00 8.811892368943090048e+01 3.042045181350037097e+01 3.423135972949500427e+01
6.543933648305747397e+01 4.875022786202798386e+01 3.663031452623389583e+01 2.987478350516488845e+01
9.188528558831042403e+01 6.090816550210135460e+01 8.073143007690522666e+01 7.223993091835295388e+01
1.585980058380422975e+01 6.416865079747996958e+01 7.169769010638771078e+01 7.030441645442974163e+01
5.826009367844994102e+01 1.433100362756106705e+01 4.454054285778348543e+01 4.270068466035407795e+01
6.707195257070480920e+01 2.363260176094579279e+01 4.383808971409315092e+01 3.791477203020512832e+01
2.397441729382584441e+01 1.000180900243222659e+01 6.919100266195619042e+01 6.483065878961880912e+01
9.451614571778968354e+01 9.330940731098542074e+01 2.255031025209625994e+01 2.610640661551058628e+01
5.229873081917097011e+01 4.322315141777899328e+00 3.424999930081374089e+01 4.278610522558303586e+01
7.684946186123420730e+00 3.929444393733598417e+01 6.699263421613230207e+01 7.425285219212821630e+01
1.352398279847225560e+01 5.953733665488935145e+01 3.427404135888458825e+01 3.246222157939784836e+01
2.259783846551835040e+01 6.394684394921037551e+01 4.570023093769406586e+01 4.093649795784941148e+01
4.001454672845591176e+01 5.928520048922215580e+01 4.912676284900007317e+01 5.779663509133588661e+01
3.034842085515607835e+01 5.590612877652516488e+01 6.694985765506945086e+01 6.191779513977506610e+01
8.828056791884849019e+01 6.994401013863127403e+00 4.191050862867066229e+01 4.038617873755283227e+01
2.166842439890026384e+01 8.271867142453217525e+01 6.705800508269354054e+01 6.665954857779908593e+01
8.943898536984907821e+01 5.717965453026652156e+00 5.969639657164428570e+01 5.725119574694176094e+01
5.690465748936741619e+01 3.567441636053236831e+00 5.135220769124835272e+01 5.615517344260261723e+01
6.095203113099242387e+01 1.912931742021072168e+01 2.733295831246629248e+01 2.910078763434213300e+01
2.693458790611042986e+01 8.193187623469646041e+01 7.106672459428351374e+01 6.931832907035155245e+01
9.816094273320142349e+01 7.115129003118184414e+01 4.182555532560478895e+01 3.532613075074437603e+01
6.989276609452168998e+01 9.994590671864020237e+01 7.101418825625280817e+01 7.015999812817041459e+01
2.109692897116993748e+01 5.039290077242441868e+01 6.805548476444818107e+01 6.580316226508391253e+01
3.334570205316472880e+01 4.415186965108650696e+01 5.291900987465669459e+01 5.460521718217273701e+01
1.085553577726484598e+01 7.492903605492502095e+01 3.051583305372896859e+01 3.076835750616040244e+01
9.514994392273524682e+01 7.143179706103730098e+01 3.267560472430308494e+01 3.264500970136434432e+01
5.138573592691224690e+01 1.056712277444293857e+00 6.735165274721090611e+01 7.258959485846560256e+01
2.839173996644306186e+01 2.429975928608297764e+01 2.485493107511796040e+01 3.490963549791823084e+01
2.022150874589733149e+01 5.429499379481127619e+01 6.368989721654803304e+01 5.953315651504146899e+01
5.815112056640114879e+00 5.265156165216302497e+01 5.394265145762363289e+01 5.686441424900044694e+01
4.770834145387203407e+00 1.476068191575886601e+01 3.488620967702730979e+01 2.687824710440247600e+01
6.196641516197086474e+01 9.173619850652765706e+01 4.637317359313207987e+01 4.004337447413041673e+01
1.035435719527839638e+01 4.578136500846249390e+01 3.757949022880572443e+01 3.728734146159173690e+01
9.939977334136710851e+01 5.435402377305709365e+01 4.736307554846095513e+01 4.256713573798138839e+01
2.715334829085025348e+01 3.318763022500148541e+00 5.170147238867159700e+01 5.348495287503187257e+01
1.966864341268613714e+01 7.578462929324710728e+01 6.411996332321481873e+01 6.912930736132433651e+01
8.322628859701487158e+01 5.738240691889402711e+01 4.660035143530129176e+01 4.834075085379375025e+01
5.541845852539140083e-02 6.083194014000671501e+01 3.621487834802368155e+01 2.997449858507459552e+01
7.523109706734560120e+01 3.751763983131024816e+01 4.860034482382267385e+01 4.706941914258382553e+01
4.070849728153849156e+01 6.505747911093460800e+01 3.561391620149682069e+01 3.776378735262986197e+01
9.203002705727480759e+01 4.491396884593910244e+01 5.364303967894920788e+01 5.159222856479322417e+01
7.163310272566953074e+01 9.978847082284605108e+01 3.485057998315910055e+01 3.398954126738265558e+01
8.329977422394179598e+01 6.976348228326642698e+01 6.913864452150185969e+01 6.074667431078609070e+01
2.185484615205629666e+01 6.254968371167041141e+01 3.921348291027751998e+01 4.224911942952590493e+01
7.573055953348753633e+01 5.861105358981350832e+01 7.827357103601919164e+01 6.100680062008035520e+01
2.270318342822686830e+01 5.533924402297637357e+01 6.442881565277788525e+01 5.949924794647734672e+01
1.686282108850953776e+01 9.762312567009743702e+01 4.881559560873090220e+01 4.831703202175188494e+01
5.764269559739343407e+00 9.372620447778403729e+01 5.862678431932680923e+01 5.458139620425981064e+01
3.313346219321089414e+00 2.683783652771477435e+01 4.696483564026922153e+01 4.313846497383788403e+01
7.660361631371004343e+00 7.059066693266582604e+01 3.936634140556407857e+01 3.599196460598125213e+01
8.338093088728616920e+01 3.950405356814984259e+01 5.642179770333655142e+01 5.929001666901947232e+01
3.813358171222842685e+01 7.651902029810298700e+01 5.976870299435007894e+01 6.166431251669693836e+01
9.270121129250806291e+01 3.983776756594306079e+01 3.190953398729880064e+01 3.717204581447640521e+01
4.016451772120418440e+01 1.868008410450355683e+01 6.244004874721630216e+01 5.355870057562205488e+01
9.418212689647266700e+01 6.555581974173487936e+01 2.314366304634246774e+01 2.977713896122554615e+01
8.085861694290979074e+01 9.202711976015386597e+01 4.274938719943202159e+01 4.240886907654635962e+01
3.650506541055308674e+01 8.022213189713018267e+01 5.294828823793940131e+01 5.690038908675450813e+01
2.505712914221478371e+01 7.338809732737419722e+01 2.846553934935920438e+01 3.301745859841411601e+01
3.177854085868638734e+01 3.100018527823052850e+01 7.478922540260832363e+01 6.731625039374307562e+01
5.568151179693931141e+01 8.829524558474972196e+01 3.073727192040448486e+01 3.239939547550675769e+01
4.005893573198111568e+01 4.828174943504110672e+01 3.556873898943743484e+01 3.084950521154416947e+01
7.093907452511287204e+01 9.350441963907304910e+01 5.651975211777511277e+01 5.908753018136900437e+01
5.955026005728078076e+01 7.247094874643775597e+01 4.453196182237518741e+01 4.109582113333402020e+01
1.576360358329805855e+01 5.142714954425511564e+01 5.971507044831473365e+01 5.396392955710354045e+01
4.575454073734120897e+01 3.407634893488872052e+01 4.678142961809717093e+01 5.057719948783309150e+01
3.114157538811587145e+01 4.381223470808631504e+01 3.589129909980306365e+01 3.588597967242815656e+01
5.008699533821655336e+01 1.941620774145096462e+01 4.770667495672724812e+01 4.161906079467665620e+01
8.664151295248242945e+01 2.180679312439559592e+00 6.795541191072888410e+01 6.222423037523342515e+01
6.385250461916646003e+01 8.982590836748244101e+01 6.298837036711994131e+01 6.600591854790194191e+01
5.085779218687150660e+01 8.245807798395388133e+00 7.359472017232224061e+01 7.317476905571071200e+01
6.060334525203784040e+01 2.115821345704913625e+01 6.140649847273983397e+01 6.463051256872238071e+01
8.535502279583167251e+01 7.727172626717704773e+00 3.432671570724041032e+01 3.291634215852385381e+01
6.871225203598056908e+01 4.985862873912121529e+01 1.906759467547914966e+01 2.520461476221875685e+01
5.527095701666979721e+01 4.074356527661437610e+01 3.900382776543050767e+01 3.242322799683073242e+01
5.694794869844821861e+00 3.743255646128537961e+01 4.638217187676630715e+01 4.868345132335496572e+01
3.639388834040428833e+01 8.480946638011214134e+01 5.349667056654043762e+01 5.066620219005167058e+01
1.304394545333464883e+01 7.975655525345219132e+01 7.098270749198761109e+01 7.302944514323191072e+01
2.635114506489049191e+01 9.023079734420987563e+01 2.843439098197933035e+01 3.031778241675220897e+01
6.539436721799263807e+01 5.348181649431441542e+01 5.963276050038620468e+01 5.295065586536578195e+01
7.442809392941641988e+01 7.460934621942267597e+01 6.707257400787231916e+01 7.132228843861580003e+01
8.087153968854397590e+01 4.911385356958268744e+01 3.068381307026183435e+01 3.214684927778985468e+01
1.019319067805700740e+01 6.272159090138840654e+00 3.488667217951773125e+01 3.432727168417182639e+01
9.200008347496549277e+01 9.077253431293426900e+01 5.272247516003958623e+01 5.480558109039336045e+01
2.672072767565690654e+01 2.332543218225484694e+01 5.149824036958058571e+01 4.795149017807226954e+01
3.218275081690799055e+01 1.541560496253414669e+01 4.531734118938823741e+01 4.270342382440364304e+01
1.958721850791373953e+01 1.669738736725540207e+01 5.755771256984202466e+01 4.604664417206580396e+01
7.513072956521764922e+01 9.422611736585611197e+01 3.982564091570115750e+01 3.541046797956432357e+01
2.888511233316314275e+01 2.078880552631444800e+01 3.965637167970809429e+01 4.137886061222494050e+01
1.112165750022153787e+01 3.184174454809785004e+00 6.567940046300317647e+01 5.736776754835973691e+01
6.102489782898048531e+01 7.083589360386611133e+01 6.603864402713439574e+01 6.490431189213123275e+01
3.413092404898934262e+01 9.666149922642142656e+01 5.941593578796514663e+01 5.880493102238532543e+01
7.839169288465484442e+01 6.858724552314401990e+01 6.809779292117636373e+01 6.275465276794365366e+01
5.526345818291938627e+01 5.635783427765488085e+01 7.356975053062538450e+01 6.667951391685613771e+01
3.088652010121577618e+01 5.463095713792990438e+01 7.026394640066840225e+01 6.968609219163539592e+01
9.999248268331764677e+01 4.352913314953319457e+01 4.280928766249437700e+01 4.255052146603080843e+01
8.425883794336674271e+01 8.055031112598632603e+01 7.310758817345485738e+01 6.458012095423038090e+01
4.632296374090289248e+01 3.239391201607158166e+01 6.087304825848486445e+01 6.070503427217883541e+01
7.525186605703621012e+01 4.605091599081787734e+01 4.292107795416997362e+01 4.081966758052053734e+01
2.370415089186800373e+01 7.741904917143247644e+01 2.400384187641497746e+01 3.046136390458519827e+01
7.291032835948762170e+01 2.519082653674215067e+01 3.952924979506716596e+01 3.925886054856469798e+01
9.831622899114084646e+01 2.448117312841355897e+01 3.763706272982676637e+01 3.932950174034813529e+01
3.010871804652136419e+01 1.096249863300022831e+01 4.898941421308249744e+01 4.620087680484010662e+01
5.442497144956385569e+01 3.219642208733686228e+00 6.189223562347216046e+01 6.606604779692258944e+01
8.130869641138195902e+01 3.051091902120821686e+01 5.866430124456344686e+01 5.932044186021111187e+01
1.772361977723534565e+01 6.822292675765839931e+01 5.304630000408153734e+01 4.727418025288200454e+01
8.319367685150725222e+00 2.852636619415328667e+01 5.203722164409678896e+01 5.635005415033369047e+01
8.523501166838340737e+01 7.075384896146736935e+01 6.218831614549330311e+01 6.493384866986728809e+01
4.090760345660955011e+01 2.851849391129257505e+00 2.110558892668505848e+01 2.792476332770057823e+01
7.578120318921159537e+01 3.616908113002529035e+01 7.382168001363199039e+01 7.147910143670442551e+01
4.793252777715154878e+01 7.230344308507956441e+01 3.932464647920377132e+01 4.043070814815060032e+01
9.226949839543672738e+01 3.761651104310777072e+01 5.062517344973268507e+01 5.253321555170946766e+01
3.396518450169554626e+01 4.281494419923520667e+01 4.036736576240278396e+01 3.050680703620419365e+01
7.126612256467458906e+01 9.177956261106797342e+01 6.667560613073773368e+01 6.725800000589231331e+01
4.715825960942326134e+01 7.792051147388833954e+01 6.409713241221375313e+01 6.314618342021709907e+01
4.568163262063198715e+01 8.258534343389648313e+01 3.130831693513520619e+01 3.323676275944269776e+01
1.605882268011371572e+00 1.070106726044208756e+01 2.925964436239427613e+01 2.926790294805645587e+01
1.810807023079410527e+01 6.319820929833062451e+01 6.157897989801244165e+01 6.125458123316105485e+01
5.507657263721529262e+01 2.505014246959396118e+01 3.711196912187320152e+01 3.798531690053107468e+01
3.919811129069601208e+01 6.459341848009381692e+01 4.364873493077070776e+01 4.396631271940520236e+01
2.505460589311282504e+01 3.344461868783247382e+01 3.415481169231762948e+01 3.798996566474048109e+01
9.593239045082137295e+01 7.986130159234510018e+01 4.585487714794000880e+01 4.085907743068013076e+01
1.317866686341102600e+01 1.222341928545260714e+01 4.939749883052660095e+01 4.619377950194849092e+01
2.764105410936747020e+01 5.687279416481598560e+01 4.516366846832234927e+01 3.742840385970906425e+01
1.134605015247690574e+01 5.341667193451060669e+00 6.082976137418968676e+01 5.673476850682208550e+01
7.153532125002055864e+01 3.728099892032054896e+01 6.796758674906395470e+01 7.258427145757637788e+01
2.733123586537196203e+01 2.977198480585169094e+01 5.607431960154170980e+01 5.387497478949761387e+01
2.580438940367154643e+01 7.295986391295484097e+00 7.307623018532993342e+01 7.033718991770280127e+01
5.764598564592338903e+01 9.338934381498633286e+01 3.230887472945522632e+01 4.038976209532935258e+01
3.656421627042113442e+01 4.547795130603693892e+00 5.892009067638530695e+01 6.180347223408180923e+01
4.441590723125003137e+01 1.768632120939156493e+01 6.621273488542487939e+01 6.168217052031292269e+01
2.914022662882448245e+01 8.509063221509997277e+01 4.584676101457237962e+01 4.064816922617757911e+01
9.853447186873106034e+01 5.881115704556023616e+01 2.565326176109784484e+01 3.177947780001506217e+01
9.253280538641637065e+01 8.744443882061595730e+01 3.417576022985628015e+01 3.235455361533490048e+01
3.257681196433684789e+01 3.508761121629999646e+00 6.514003587009167973e+01 6.353758554489839128e+01
2.233714378273689150e+01 3.328554926345694831e+00 5.028437106431354664e+01 5.415070213813154965e+01
3.140904552335780409e+01 1.804830080681326621e+01 7.500840749486621917e+01 7.063131497264075165e+01
2.044513262325300218e+01 6.876051009937931724e+01 3.492649058476389001e+01 3.539139989578882961e+01
5.002645074774618905e+01 8.544229603276181706e+01 5.879742483703485334e+01 5.807742028139051627e+01
2.768705169651566322e+01 3.976811351450343324e+01 6.802656287285745407e+01 6.520995709992740785e+01
3.250515236095875338e+01 2.327796844374789842e+01 2.649308862224060235e+01 3.044501910301616121e+01
4.081930818174179620e+01 2.628230262123887329e+01 5.757500835203105538e+01 4.850119941639180610e+01
9.281321860154439207e+01 2.381220714277495532e+01 4.238578941692716739e+01 4.881721159876106952e+01
8.614748123426943494e+01 3.293873219865963620e+01 3.681335899811382006e+01 4.310427453937229814e+01
8.775983731614189765e+01 4.360492206218909672e+01 2.737979914019121708e+01 2.652596779441938324e+01
5.893383779505477804e+01 1.421069598325823691e+01 2.593916074208558697e+01 3.521884030975540725e+01
5.462479676028885223e+01 2.375230418480688144e+01 6.791277374008733148e+01 6.164184056849391879e+01
1.158048893474077445e+01 3.346650099845448523e+01 3.195490628784065734e+01 3.472235460562976783e+01
5.555073523270456093e+01 7.913415240196364664e+01 5.738275735838571734e+01 5.425283339086853118e+01
2.653063701204188973e+01 6.675482723343371561e+01 3.614884299652476329e+01 4.022845442568753072e+01
5.448732842857351955e+01 4.875653632789247638e+01 3.811750009651800752e+01 3.711618080050869395e+01
1.776198194552022258e+01 1.591675344798144565e+01 6.574713688561534752e+01 6.128784153370826004e+01
8.701430055517371898e+01 8.924261775360393756e+01 6.437404583772465116e+01 6.800509661153455454e+01
3.196956866662504737e+01 7.441861072315931835e+01 5.319817999050007273e+01 5.163394701247018759e+01
4.411488250468018890e+01 8.090185422666974091e+01 5.053353209771434251e+01 4.950584377312850393e+01
8.654158817884437838e+01 4.178188061062536462e+01 7.503124383797197083e+01 6.765197522428991306e+01
7.575838327190574262e+01 5.256319145995039577e+01 6.247394599064580945e+01 6.699772553097326977e+01
7.575269941328444645e+01 8.410276377574118101e+01 7.618130968758637778e+01 7.057733600012588226e+01
3.540049431812426661e+01 9.967264010577331135e+01 4.345026937193043892e+01 4.361491120571518110e+01
9.289971449411938309e+00 6.316773090303106741e+00 2.677516655395416478e+01 3.150891874963354056e+01
8.759339254453247747e+01 1.760670360376576227e+01 2.649071934978201170e+01 3.473572151082952075e+01
5.719826853440126513e+01 8.710142873937492425e+01 6.454905391663528746e+01 6.963971133755886456e+01
9.461737047963453051e+01 2.813385860456367737e+01 5.953195457828950055e+01 6.017425015698857749e+01
9.798031631041543221e+01 4.937694913726615908e+01 3.906406548043391069e+01 2.577424917816770034e+01
4.719379285564586723e+01 8.527367457319316202e+01 6.454684255181676633e+01 6.577020272355146346e+01
7.785353710034054586e+01 3.283122735424637284e+01 4.720074821173293600e+01 4.023195053214861616e+01
3.979603764451148606e+01 2.299251635455605935e+01 3.379014257750630890e+01 3.924921024577858475e+01
9.370546335657753900e+01 3.409358803141956429e+01 2.970769577964727048e+01 3.091845781625982070e+01
2.340624925720749161e+01 8.301169113081226669e+01 6.795518622851849955e+01 6.440945327871088466e+01
2.361719824828772829e+01 3.769938292104549049e+01 5.067117639327982914e+01 4.682366361068749683e+01
5.281400572737536692e+01 8.887277285517146197e+01 3.805661329472162890e+01 4.287227510504762762e+01
9.085240305005123673e+01 4.413675603197896180e+01 7.463726747923537630e+01 6.965289688347091612e+01
2.057042949765698481e+01 4.769054255322750890e+01 4.315542899531072862e+01 4.462383494510881832e+01
7.852946667226731847e+01 6.971413504923989990e+01 3.546708266103104279e+01 2.817629370424297974e+01
8.874074739689635294e+01 9.758318897827071225e+01 5.578538491301954139e+01 5.284414790643571536e+01
5.657279113442923801e+01 2.975135051137778319e+01 5.845060359833141916e+01 6.303629690593398038e+01
2.527078597091249179e+01 1.978546496776644048e+01 5.420419845539489501e+01 5.527394170284932073e+01
6.016700217635938230e+01 6.085717243060165060e+01 3.881810010456791105e+01 3.596639754239798492e+01
4.212297336854960150e+01 8.342384296406399358e+01 4.762328135171623700e+01 5.556377801351833057e+01
9.877733321371223951e+01 4.396172300088648655e+01 6.495809446178390090e+01 6.204014129300300340e+01
9.424578385332962682e+01 9.973206116397705046e+01 2.821786456492331041e+01 3.170027940450722781e+01
5.753700648257168382e+01 4.507179855321473383e+01 5.638174805751710039e+01 5.867041827036563717e+01
6.710124748448700416e+01 6.456853251742407451e+01 5.594021158982408792e+01 5.695860579508317301e+01
4.577633942872560979e+00 9.319224356855869473e+01 6.279374932994600300e+01 6.508844410476891085e+01
9.940619833831104302e+01 5.373564047728870463e+01 7.101108919062130553e+01 6.848251488282143384e+01
9.364464228117572020e+01 2.894491943043693283e+01 6.892840817509647877e+01 6.769898436393010854e+01
4.977468169563760370e+01 4.280477919420746247e+01 3.260234522779848731e+01 2.537545354249209240e+01
6.455339908801485649e+01 1.310557434216674721e+01 7.166624181336969457e+01 6.848294558052005243e+01
3.596367431790024938e+01 3.248866064812187204e+01 5.170483546901331806e+01 4.494988029206905367e+01
1.519625258782151178e+01 3.813161409147269865e+00 7.194894502594087271e+01 6.630265320183490019e+01
2.802653001744283046e+01 7.144961527843494764e+01 5.550852504728197800e+01 5.358945548402983405e+01
1.088073902300655860e+01 9.321300733011636908e+01 4.523141747634775811e+01 4.106283108370410417e+01
7.344472777986879919e+01 5.010205720156250919e+01 6.043614749612047632e+01 5.985179747635379499e+01
3.027735923566924470e+01 2.003603040034502669e+01 5.425702034080678260e+01 5.018242862513188385e+01
4.402189729710019606e+01 3.901132134339331259e+01 6.725671950946230027e+01 6.604050389300013535e+01
6.905066320111359346e+01 4.592005609126303511e+00 3.387444942436721362e+01 3.028171424861774952e+01
4.117645502263773949e+01 9.689216116416810465e+00 2.359008666982883540e+01 2.886572575167796018e+01
5.164179722275664020e+00 9.962420986170205595e+01 7.365572029698445533e+01 7.406390548558218256e+01
8.745015650275366426e+00 2.024937979009211464e+00 7.192878001522802833e+01 6.691391673041192689e+01
5.993003890163725345e+01 1.871084229172530655e+01 7.821940360464525099e+01 7.342807052449468586e+01
9.558117431743744419e+01 5.802312870599559602e+01 6.819974472807335530e+01 6.037934378351509679e+01
3.374746950366730402e+01 3.815276946603112407e+01 7.346544978530639014e+01 7.345023734814235183e+01
1.716350174153730279e+01 2.119590902579735570e+01 5.320346868333900403e+01 4.406514803875956687e+01
7.915326186668919206e+01 8.081103466143434844e+01 4.637874557553530508e+01 5.014137389133952638e+01
8.448056670360004716e+01 2.586187713104761698e+01 3.256447769498927158e+01 3.327428858203515460e+01
2.362469677151146641e+01 9.083825473712640530e+01 5.026493346222822112e+01 5.898730308915565956e+01
6.561370440820198269e+01 4.154820866996033146e+01 6.310141935045311357e+01 5.712847111534375699e+01
3.858553767217360786e+01 3.396784377292254931e+01 6.344800731734802213e+01 6.856681136803453569e+01
3.685766938381376434e+01 4.151976391419091783e+01 6.286843334246048443e+01 5.542221208696594204e+01
9.145287636368637152e+01 3.618479753292513923e+00 2.436610125418449257e+01 2.716060387289335765e+01
1.937159422795603447e+01 5.022944086937835806e+01 4.297008070431598270e+01 4.333411134862901548e+01
7.290376238201884007e+01 2.424159125448638363e+01 5.944983657497585483e+01 5.990530662454450095e+01
1.975809443504770258e+01 6.488083780526454625e-01 7.068443574290984088e+01 7.103493053762183251e+01
9.374671878137444025e+01 1.869353450416764062e+01 6.369435754268788230e+01 6.490161966788932091e+01
7.464597592217775457e+01 9.276142351480565651e+01 6.468602240172216966e+01 6.841631209614980946e+01
9.702937327487522623e+01 3.446731410125477879e+01 3.499285337714076149e+01 2.735704821025035471e+01
7.317720250869874121e+01 7.517170414784834520e+01 7.469746046867705047e+01 6.892100875338098831e+01
3.450206666104666198e+01 5.222894733111719034e+01 3.599735181766694581e+01 3.980549413839888473e+01
5.799757247270842520e+00 5.835295488659132701e+01 3.493270359759112154e+01 3.020567040161526506e+01
8.434824928142857914e+01 3.612227352342862474e+01 2.604875790573490946e+01 3.139273568152311000e+01
4.319875924251572741e+01 5.671513828222551901e+00 5.880927915139572093e+01 6.647850467657720230e+01
7.562949238603937374e+01 4.133125614011103011e+01 4.202326328014600421e+01 4.292988163633054910e+01
7.323150427723390976e+00 5.998679731550471672e+01 5.264985273282412948e+01 4.319080004928312633e+01
5.162330979358291927e+01 8.731592873828265056e+01 2.055384706954864882e+01 2.892985918998753192e+01
4.077327434137146156e+00 6.722715076341924600e+01 3.451574641359801632e+01 3.448361235270327541e+01
1.758991621252459225e+00 2.513740072904138145e+01 3.093267742168118772e+01 3.338943689249892088e+01
6.168383767842420440e+01 1.725857940492721099e+01 4.130543479533979934e+01 4.458841369833114499e+01
4.550423779029610927e+00 9.509681864523993511e+01 5.819372139940333000e+01 5.932486913748090984e+01
7.957277149698383312e+01 4.303926180160754456e+01 4.538378812569804666e+01 5.335355108822526660e+01
3.223550934061763229e+01 6.520146153391313248e+01 7.081516877406011190e+01 6.085893387390700582e+01
7.786746648941557680e+01 5.639244579209632491e+01 4.024551782789696119e+01 4.586432097949302999e+01
9.670159887989728986e+01 6.113307533028526564e+01 7.285652116332708772e+01 6.524649967329722244e+01
3.449828456958783107e+01 6.699491810030801275e+01 2.577976621641259314e+01 3.082681033658009540e+01
2.450969175286361690e+01 7.147222018094264229e+01 5.213947362629350835e+01 5.409262972854986629e+01
6.832766104223897230e+01 2.694384907480916880e+01 5.987233410567304048e+01 5.939273072530365027e+01
4.439336497031125361e+01 5.969602868455279321e+01 2.908797322442193689e+01 2.859003211838228964e+01
3.006205598556420711e+01 6.611542697190930085e+01 6.955851743035441359e+01 6.545516983313659409e+01
7.040996843974500052e+01 6.826985047758368808e+01 3.928077169525388257e+01 3.825089030210364882e+01
3.948536744036783830e+01 2.548176236443814346e+01 1.568336998963629725e+01 2.672366537718174229e+01
8.378257199236009001e+01 1.696240930315724427e+01 6.973580668337704935e+01 7.196529660741030909e+01
2.244805012327283222e+01 6.845316942604274146e+00 4.814936785493942750e+01 5.237972600451261229e+01
3.424725562358288755e+01 5.674392512644729436e+01 2.849682775773115750e+01 3.827453484417719665e+01
3.779881162099616176e+01 8.156217710403866761e+01 1.792098495610257203e+01 2.553100120228034342e+01
8.220158948193368786e+00 3.283577851330192487e+01 4.243767670138781511e+01 4.517850449614397945e+01
5.426592821365676400e+01 3.724236961750070662e+01 7.899117002228051376e+01 7.283257150893643939e+01
3.931948766847326304e+00 4.317675381985579719e+01 3.822559146564046273e+01 4.023263459556327604e+01
6.475784908068590084e+01 9.662762518973960368e+01 5.103754066288621516e+01 5.244743067070854181e+01
1.656631674764127382e+01 3.951248847745672776e+01 3.163339091885521981e+01 3.958571228030390188e+01
9.705413098337768218e+00 4.326601076907168419e+01 3.381157716595627249e+01 3.293170689287317288e+01
3.020488654893401659e+01 7.139554232420516655e+01 6.120470796577556172e+01 6.323722969574431119e+01
4.271811624083717618e+01 2.390256368036691725e+01 3.690146993459454450e+01 3.544915405628822214e+01
5.921072134710427548e+01 3.507532147493549246e+01 2.148964335742318355e+01 3.348652939095524061e+01
1.164627488916321063e+01 8.797669379095653142e+01 4.403129757519056398e+01 4.818075707529101237e+01
7.871228629394418874e+01 8.358513211799542830e+01 5.451908290902964893e+01 5.376477777510294231e+01
5.544552278666392908e+01 6.319329628514444863e+01 4.391157742826394639e+01 4.458111677348869506e+01
1.609554874567291449e+01 4.093429638289446615e+01 6.615767405740584195e+01 6.668977067112939494e+01
6.337097434231109361e+01 3.826411550655714677e+01 6.132863938331297504e+01 6.202877849444241320e+01
8.137482955675476148e+01 2.628477233760706522e+00 4.506210479302757221e+01 4.769770275081684474e+01
7.585552284667910783e+01 5.461444704633772318e+01 6.514760879290699336e+01 6.226666025737601018e+01
9.467897767251591290e+01 3.361096462206037927e+01 6.397477120376795767e+01 6.064171464273010059e+01
5.337533205937860714e+01 8.155869805157685448e+01 6.274456098169422091e+01 6.053415605267541366e+01
2.524544905621040058e-02 7.631743856097388345e+01 7.468481212961181370e+01 7.312274431045625533e+01
2.708860550263747413e+01 4.334561992732577806e+00 3.644268113352511307e+01 3.815995434366549688e+01
3.799095448241202888e+01 8.052705972072509155e+01 6.531306702896560523e+01 6.238217385947400828e+01
1.802715360183760751e+01 6.269478552417550077e+01 6.413668192253022937e+01 6.042932590631742329e+01
7.741346587074271213e+01 4.029997590536022045e+01 7.225540966161561585e+01 6.698466087979706174e+01
2.011841421666516894e+01 5.232180199672922072e+01 3.461853077136388634e+01 3.919325708400543817e+01
5.811479149732604554e+01 8.147686813470248524e+01 4.231181975477304036e+01 4.555951295223088238e+01
9.033146675661856762e+01 4.833182215522533198e+01 5.739453222006694233e+01 6.128158279885537496e+01
4.917939800626568569e+01 7.332782958676516216e+01 5.666560776020623535e+01 6.309075189694452490e+01
2.715989235803977309e+01 1.455395313226462939e+01 6.061243888829777404e+01 5.241136094516888022e+01
4.891799615470362284e+01 9.597569669611294430e+00 3.956174657932683658e+01 3.500457588638742124e+01
3.484953482460029051e+01 8.226561227103853469e+01 6.484239317715787365e+01 6.078870153705048551e+01
2.899583218037867738e+01 8.453351220226423379e+01 4.932935805626923553e+01 4.795429069499399333e+01
3.585326833698439231e+01 1.405791286630823045e+01 3.256667322780940310e+01 2.617964628465981747e+01
3.048326031138803849e+00 2.076788671039120349e+00 3.955221362514191696e+01 3.774812771447371773e+01
9.410198226972342184e+01 8.713573412322077161e+01 5.114428339176230054e+01 5.571679947852146597e+01
5.652263811708306918e+01 5.933496746056476923e-01 2.155011558337654876e+01 2.519738503246575334e+01
8.690471024768169173e+01 6.433243136757882041e+01 2.294186765157133578e+01 2.799124702052531788e+01
7.183602189143816474e+01 3.485466516033775974e+01 5.873835952686471273e+01 6.037175201841321126e+01
6.143816397567536569e+01 4.232591427658292105e+01 6.181522902595573044e+01 5.867999318968592348e+01
3.416160624673347712e+01 2.886483945803075546e+00 3.950885223566328364e+01 3.435912861706021459e+01
2.970909687803208143e+01 5.772022361259574552e+01 5.446880934339765901e+01 5.118967961968377978e+01
4.914137546228817399e+01 7.175368635126270078e+01 3.165377313349589983e+01 3.372293182591548089e+01
6.638101052502828736e+01 6.832083095475864809e+01 4.815533971272599700e+01 4.970195720632708714e+01
5.554723348764600388e+00 1.487415098714974704e+01 5.767897084972363331e+01 6.365729053864629350e+01
9.736076488006986551e+01 6.059501730077110437e+01 4.812434553768365220e+01 5.316619270685670529e+01
7.413949722797497088e+01 3.283573523272054473e+01 4.932644341051064885e+01 5.190937020040648520e+01
2.624480669638401409e+01 2.324690402167633962e+01 2.976645059293142737e+01 3.783959976486428900e+01
4.413111123884602449e+01 3.141674127919635851e+01 3.742127957390579951e+01 4.030452747380115142e+01
6.206369521207595596e+01 7.625256770939759576e+01 7.355581982679170494e+01 7.407466107515169540e+01
7.893829606886293959e+01 5.330788223246318580e+01 5.781406737621203007e+01 5.546323697840283984e+01
5.258686021437708469e+00 2.553138011712708888e+01 6.383543048854777169e+01 6.131656975566748713e+01
8.591818901106761075e+01 9.169833971814026086e+01 5.004194958350817046e+01 5.455253540006584956e+01
5.454742327381975997e+01 8.330496310689909478e+01 5.376246007473546484e+01 4.894410861249768629e+01
9.090725263612945639e+01 2.182470547811537998e+01 5.243754866553567240e+01 5.167893240101557240e+01
1.829733834148694527e+01 8.081187549853211749e+01 6.120009375568681520e+01 5.773451662153873087e+01
1.932359914848671423e+01 4.733541793328011238e+01 6.819051664607715679e+01 6.944146124597882874e+01
9.221203897976370456e+01 1.771165686783729853e+01 5.283446934365542091e+01 5.815347109804901038e+01
8.035676014003101386e+01 2.154532769556433180e+01 5.273732899708411281e+01 4.720955802509508459e+01
2.406849092233408527e+01 7.596949977999118175e+01 5.643411678731506953e+01 5.305374425244389869e+01
8.559758603951435418e+01 8.945580028773828474e+01 6.487334824453981241e+01 6.780494678911436779e+01
7.253912461589445115e+01 5.492200998868636930e+01 3.844287330673829217e+01 4.216767736148531753e+01
6.481179230208346098e+01 9.082886234873288345e+01 4.166803804314379533e+01 3.470861093700619193e+01
3.144100263737953327e+01 3.884369385525741336e+01 4.353976302115996333e+01 4.644814744723683475e+01
7.356102897771621407e+00 4.984418404349943899e+01 4.943142480500596037e+01 5.007592437208765546e+01
5.884438276405231960e+01 3.628200304713315205e+01 6.131075959555897015e+01 5.672214280625131977e+01
8.782163102742029537e+01 9.554709904951643296e+01 5.836122161410496290e+01 5.441681393742719308e+01
4.259095397031309460e+00 9.692359972671088997e+01 7.058620608962561960e+01 6.041894894988361386e+01
4.390706147419395222e+01 9.503354666683905805e+01 7.232899483428163023e+01 6.945888311453329322e+01
7.066819030807847568e+00 6.817831212123454065e+01 6.867166596048485872e+01 7.324571864223335638e+01
9.058605637925271026e+01 3.729321324700920570e+01 5.849115002718178147e+01 5.601078218138636799e+01
5.109967919343424114e+01 7.914862094972763273e+00 5.873546311379893581e+01 6.573181998996545872e+01
3.133746067672626978e+00 1.067149718683755211e+01 5.499974854873578067e+01 5.949238351414317094e+01
5.914074128989138757e+01 2.898693009375807872e+00 5.733767880015584240e+01 5.788742149182223784e+01
8.246314679891132471e+01 7.449651984608932764e+01 6.334320312819600929e+01 6.571597693998582201e+01
6.786270049882519118e+01 8.063952933349830232e+01 6.624984583613046141e+01 6.992752861516990492e+01
7.062281699579736483e+01 9.939119882317820043e+01 6.875449055283307587e+01 6.344281793114433299e+01
3.436302921686107403e+00 8.270098816469236169e+01 2.846299119393190935e+01 3.054595052645275288e+01
4.460572256644409350e+01 3.120919159070820825e+01 2.685541062096794462e+01 3.898777206717428356e+01
4.314057036697853675e+01 3.787514484406737836e+01 6.333385818425894342e+01 6.942342150955107627e+01
8.131512009875106628e+01 2.970886531872407588e+01 2.137211528220174372e+01 2.925863677455560463e+01
1.594568645331084777e+00 8.530406621165099068e+01 5.210021729483569430e+01 5.376267219878258175e+01
6.213020891720988459e+01 9.137144056141476511e+00 4.326149328720456566e+01 3.809406595092418257e+01
2.273024072385237915e+01 2.542250300825090648e+01 5.040951146760274071e+01 5.516862173286082793e+01
8.124559504031122970e+01 7.437809301448561428e+01 5.909999590859538188e+01 5.873408739589036998e+01
8.300653721957793607e+01 7.041223542324345885e+01 6.618292896781035495e+01 6.574428838631725114e+01
4.490879571685771054e+01 3.558303786676609093e+01 6.822263767059911288e+01 6.189149002525299181e+01
6.645794280090397876e+01 9.416892084419491482e+01 1.996596866489782585e+01 2.716884015443590883e+01
4.069979525380762908e+00 4.882099782764917961e+01 4.506234145701252203e+01 5.352606454101793076e+01
6.615820213755932855e+01 1.628582916378277190e+01 7.343234082185247757e+01 7.141797164484060545e+01
7.954509581775874949e+01 6.217593860953972751e+01 3.149403056812495194e+01 3.710827104337175797e+01
3.571094902814309080e+00 3.651633556780286938e+01 4.791693473954418181e+01 4.394167429049682738e+01
9.394316270997966001e+01 7.880669804540740842e+00 3.490187125424431258e+01 3.493829611545167779e+01
9.582856281444736624e+01 8.316173313246489229e+00 6.436413728787262301e+01 6.235516607307312853e+01
9.722213709670054982e+01 9.782236685813745680e+01 4.712233309037432605e+01 5.005657926435238636e+01
6.854066230403211080e+01 5.340023057474992640e+01 2.369563625881567859e+01 2.912591887228426302e+01
7.438881441186190102e+01 4.734378678382744710e+01 2.947916840075093248e+01 2.998522646025091731e+01
9.035829853016417701e+01 9.949941425661567251e+00 6.561618064448772714e+01 6.013126342632270394e+01
9.671211782547474911e+01 7.043998597026035924e+00 4.712948285333167320e+01 4.092342457362192221e+01
5.483319985297957544e+01 9.291166132970330338e+00 3.774977091375225768e+01 2.901781631267758144e+01
3.170824173929506173e+01 5.360563543270873055e+01 6.611908997319379466e+01 6.055762419421174059e+01
6.785420297907589315e+01 8.890749167467195946e+01 4.493360594354341231e+01 4.341727739065837000e+01
8.938897627221915343e+01 8.657741223560753951e+01 4.384093323592696123e+01 4.970525085097052909e+01
3.811433152929786417e+01 9.328120149702567687e+01 7.151647345384375853e+01 6.877788915934542047e+01
9.282453464380756714e+01 7.969747788958130741e+01 6.092974392914143067e+01 6.933224373002779828e+01
3.194220987142044521e+01 9.325486978537078642e+00 7.075533559193198130e+01 6.901217298812045442e+01
7.340042545436841692e+01 2.854577202871507779e+01 2.976719793463037433e+01 3.369494128031237778e+01
6.614020331187830948e+01 3.248748670992887355e+01 5.163165616611700415e+01 5.664042333503798687e+01
1.410247886003357465e+01 9.773203051129767971e+01 5.877684626060896278e+01 6.035148860283107553e+01
5.097696734990490341e+01 5.231560631441116982e+01 2.152687740328598309e+01 2.504494382367020933e+01
7.187039495019730850e+01 8.478062372975436745e+00 5.733237131030232092e+01 5.427969747243819398e+01
5.707687965859014412e+01 9.141884241335110062e+01 5.261828101048603656e+01 6.108990826183185163e+01
2.037938352999216818e+01 3.110858418741613285e+00 5.132935824594982677e+01 5.204982266242238609e+01
8.124511317205940486e+01 5.618138803383087065e+01 5.460913252963926112e+01 5.313848682299294524e+01
3.539955695446666795e+01 5.543640408284098697e+01 6.154056774277707120e+01 6.553963474440567438e+01
3.215839403624650572e+01 5.702481249473995462e+01 2.366553794797138366e+01 2.544693819667942236e+01
9.161871480738875562e+01 4.577140514982325215e+01 6.428236882754316639e+01 6.254334300434398841e+01
1.030371309751004816e+01 9.044637585523287271e+01 5.686042135699344158e+01 6.252965819139843262e+01
7.803382476251570665e+01 7.944412009213938575e+01 2.564805263681059344e+01 2.584445086378477185e+01
6.830498980295634226e+01 9.622640780351720480e+01 3.005771080540221618e+01 4.062797743216191293e+01
8.614479214043481647e+01 9.336575454082716874e+01 7.470862093948250049e+01 7.228524111478948555e+01
8.314532342453551905e+01 8.496111865110799499e+01 6.327103099661927388e+01 6.566945569935734284e+01
3.525278512638513462e+01 7.681102763992053717e+00 7.530576099149094205e+01 7.244623653026353338e+01
7.265261936099228990e+01 9.126025217389009470e+01 7.305320210053622532e+01 6.647474764821886595e+01
8.286949422440018509e+01 7.459546179039995195e+01 6.306871883123164224e+01 5.790329357895419093e+01
4.269663941910092575e+01 9.021173086422777487e+01 6.509685719074698795e+01 7.075023118001954003e+01
3.983553219659090416e+01 8.346929518195722153e+00 2.907048559043821001e+01 3.774248322462299399e+01
7.701595230861525465e+01 2.229774747876813734e+01 6.161790816070077170e+01 6.711640835055237631e+01
3.712669241150708643e+01 1.473013457118930170e+01 5.057654423348054706e+01 5.674712823318990473e+01
4.557274006802462907e+01 9.971628142794568816e+01 6.112086528155424503e+01 6.038783000544261625e+01
5.486383916955771411e+01 6.340369734136086777e+01 5.890946758165810593e+01 5.570890375279634554e+01
2.708321403399592953e+01 4.274356695512970816e+01 2.383924421890097989e+01 2.550342493466411753e+01
2.223182092142262789e+01 2.129259504826012162e+01 4.091893747197987352e+01 4.997156790981576080e+01
9.917863552879298084e+01 8.536974374032668678e-02 1.972058972310007974e+01 2.718420286655823048e+01
1.883929824035738321e+01 7.171194855322923445e+01 3.524847275980618377e+01 3.098697776430819317e+01
4.572608045918206443e+01 1.486241304699049692e+01 4.049970388769477125e+01 3.061673228771611832e+01
7.905083811731562093e+01 5.666017175404894601e+01 7.239678737735168568e+01 7.263148795854004902e+01
5.238556070428226263e+01 5.145021648570919837e+01 4.681020444496053301e+01 5.051707390734719638e+01
8.620508569761278750e+01 6.140083390389373363e+01 3.547249679475275030e+01 3.974161467143102300e+01
5.683051045948368341e+01 7.981250480064294095e+01 5.255407311257162206e+01 4.979016952523258510e+01
9.106635598747258697e+00 5.828860015472177025e+01 6.117379058424716476e+01 7.115463918895331119e+01
7.287092484753526378e+01 7.612115151654738554e+01 7.707726882106071287e+01 7.044313312672561267e+01
6.634443936389659768e+01 2.158111864186581386e+01 4.042357558394793671e+01 4.620332026659094282e+01
5.355366777971948267e+01 3.125222713243064376e+01 2.253938943168297726e+01 3.150465285776601831e+01
1.806437332246949623e+01 5.945525623609479737e+01 4.266253734763945005e+01 3.451657141415542185e+01
3.348278515553506907e+01 5.656334514375046751e+01 7.823830932235502189e+01 7.148840373724647179e+01
7.511537036455784744e+01 7.603873821805035504e+01 3.890607096186526093e+01 4.404688251921261610e+01
1.772223833064696663e+01 2.923474242151514702e+01 5.513375426990761241e+01 5.883916259735881482e+01
3.192110358872725229e+01 4.242372452952734108e+01 4.924226893985947129e+01 5.446666265312933319e+01
8.563533488135087168e+01 5.231922536086928233e+01 3.624598486145605136e+01 3.282510054245948083e+01
2.477361640351157845e+01 4.086759787921971565e+01 5.157361044143699047e+01 4.457880326985291930e+01
3.796540158686732269e+01 3.603984051195146066e+01 3.917480876052117367e+01 3.628880283103513449e+01
7.935212646403245174e+01 3.241544029621731227e+01 5.018981804026646643e+01 5.213292544127143913e+01
2.434952591851820003e+01 8.831759706143232336e+01 5.610487353667037524e+01 5.962541625150259250e+01
6.015620688219003398e+01 7.531877038481741238e+01 4.333194902328968112e+01 4.694853691773477777e+01
7.958326589504414983e+01 1.145950628256287018e-01 2.824043288458642920e+01 3.084044428796239501e+01
6.134262615212319503e+01 2.977190740713198114e+00 5.041484897283162780e+01 4.486257631783431066e+01
8.042337890322266958e+01 5.499210705196630755e+01 2.696361652166759981e+01 3.260329732163670968e+01
2.566985464645652470e+01 4.443351670829699174e+01 6.591135216215474202e+01 6.414374718774888606e+01
4.397685038881435560e+01 6.973257703179157829e+01 6.339734084404421566e+01 5.957330164330126365e+01
6.558343876174052411e+01 1.550936062710023222e+01 2.679964487953636620e+01 2.986732576595249000e+01
8.053576701617757294e+01 6.382322463602023532e+01 5.654721315502503387e+01 5.737182034465038782e+01
7.949509328246770679e+01 9.666726667052930111e+01 7.270927292242360807e+01 7.359932555205314486e+01
9.928587751846296783e+01 6.510511169779466911e+01 2.174603436038949766e+01 2.728523586052419247e+01
6.816984700828345467e+01 2.686677846278275794e+01 8.151832322927528196e+01 7.024653486375291322e+01
2.209981575236351503e+01 5.009968366121956507e+01 3.502019253129683563e+01 3.657612501481860789e+01
7.719062434000892381e+01 6.224833190290374318e+01 4.759830548605470568e+01 5.313320097589321023e+01
7.793632650477182722e+01 2.351555700084170297e+01 7.536218805843590474e+01 6.559987179196937745e+01
4.080141669982687347e+01 9.818080227178269581e+01 3.795936438224399012e+01 3.334607534223623304e+01
7.634178142206718576e+01 7.747234292206013606e+01 6.717727263622298040e+01 7.068638278762635707e+01
4.715870664591525951e+01 2.438238526004048623e+01 3.490969864940820599e+01 3.147208653692940317e+01
9.199013664369213927e+01 5.304106879754033343e+01 3.967419712627396677e+01 4.432367934942205068e+01
9.235427569362259703e+01 9.958862757597157156e+01 5.998412211431142538e+01 5.783706544639960612e+01
3.319631506556175449e+00 8.159163038692696546e+00 4.815890551078777548e+01 3.947996085859519155e+01
4.061720129114859645e+01 6.061773057817676147e+01 4.388478097113639365e+01 5.422012940806696690e+01
9.340768492714843774e+01 5.347397154135110497e+01 6.937260614624422317e+01 6.509701536191067817e+01
8.964852726424965113e+01 1.468718758332073726e+01 2.297346541185285673e+01 2.851836968841894304e+01
1.073186604740150685e+01 1.396383992299122845e+01 5.125839669342331462e+01 6.034892773288326850e+01
3.912282212834830375e+01 6.490669621466982342e+00 3.881614479603169343e+01 3.629314418778781715e+01
1.457411758739777241e+01 2.299896132914452807e+01 6.180906231649904470e+01 6.982888755584417595e+01
6.742386620368168160e+00 4.647237562500373542e+01 6.094615860107644068e+01 6.270242174918778488e+01
3.671157673405352995e+01 7.785771869332668871e+01 3.256464921874532337e+01 3.912526526462363563e+01
4.750167569934188094e+01 3.884636426109965157e+01 3.425392295096077078e+01 3.773537569323934804e+01
6.903933385936836942e+01 1.454228590954398470e+01 5.911550046227391420e+01 6.019677964064189979e+01
8.678324967344967433e+01 3.015440132888653579e+01 4.540761443123417962e+01 4.260241119941624532e+01
5.438696600157233441e+00 2.657736568174353664e+01 5.149878547278328966e+01 4.526197060933306204e+01
4.799256890043940160e+01 6.047097938873919531e+01 4.794462287370058107e+01 4.832582452581422672e+01
9.343756796404207421e+01 2.405488482145869966e+01 2.740246940384858476e+01 2.545315860353326443e+01
9.207379356930562153e+01 7.673951374525622704e+00 6.095608219048098420e+01 5.645143609814996211e+01
6.817359520656107463e+01 5.055417234297394913e+01 6.942318788231372650e+01 6.750073013485545914e+01
4.008124443157497296e+01 7.525760130820580152e+00 5.452110788174001499e+01 5.073316451159811891e+01
6.697458074256391569e+01 9.412216350952905941e+01 7.393361958960008451e+01 6.843618517922030264e+01
5.411029164541510994e+01 9.326170171703337530e+01 4.784368380408765375e+01 4.644410359108383091e+01
5.612056530988694192e+01 5.960985276700957769e+01 4.099797258865668681e+01 2.959902347383702192e+01
8.384826905658241003e+01 1.851759388450591359e+01 5.548421903716079839e+01 5.643868275470814666e+01
5.087402894301419565e+01 6.431614511633416953e+01 3.942377361293010551e+01 3.883729175178061155e+01
9.483637310214803051e+01 3.612496945736046428e+01 5.186462894216692376e+01 4.409152332328755364e+01
4.941004157584394108e+01 8.569838057113757657e+01 5.461545912071964182e+01 4.799351849268135339e+01
4.116507968016313868e+01 1.078236738519470173e+01 3.934135763504242078e+01 3.701522125343324632e+01
9.601884300099253267e+01 6.409522198481755595e+01 6.170765300062262781e+01 6.282450897422208413e+01
5.534899305004338999e+01 8.845574068553652580e+00 7.295038264293836505e+01 6.342251474861947713e+01
5.688743835614906708e+00 6.715778238282132939e+00 7.310357583283108340e+01 7.139947787253854017e+01
8.383990884866921078e+01 7.765984821966880247e+01 3.272573736996642424e+01 2.892080341841302271e+01
6.581974082133666570e+01 1.241601865478108024e+01 5.070476590476781098e+01 5.131366154207050556e+01
4.751471801568825271e+01 4.216816468528943318e+01 4.443850266380560043e+01 4.979025741916495917e+01
3.689143733536200642e+01 7.151719526095806145e+01 3.694787236337332104e+01 3.786406784236832124e+01
1.088604466466551735e+01 3.291376866117368127e+00 6.079571838100451231e+01 6.311656605297527278e+01
9.490970889284263023e+01 9.897231325547149083e+01 4.841642473920018119e+01 4.196052206834361442e+01
4.680816210850984049e+01 6.449637707451961433e+01 5.556347572049698158e+01 4.920306394897777125e+01
6.340880576141181280e+01 8.739994255378942967e+01 7.463061694876093100e+01 6.408532143365653155e+01
4.968773916867955620e+01 4.618644590001695605e+01 6.396017485131159930e+01 6.779271485550982845e+01
2.787270067271241203e+01 5.226434331311489956e+01 3.449620847592321837e+01 3.651476134319567279e+01
7.849242446690640307e+00 7.197872624682845810e+01 3.475799043575001690e+01 3.415687826807612026e+01
8.107491614729877227e+00 9.142313763441624985e+01 4.908072494527028340e+01 6.163444229800865060e+01
6.501781259610119434e+01 1.271192918570485020e+01 5.061700856552025130e+01 5.048222672873323091e+01
5.291631009556624576e+01 5.144464281353096879e+01 5.694918385200097077e+01 6.324672265178158881e+01
1.154697751778879322e+01 5.702394424458007194e+01 5.683611824357745945e+01 4.987426433202597309e+01
6.824504201904001377e+01 8.539769213508108692e+00 6.265033072660963853e+01 6.877460453342229130e+01
7.056459363630132486e+01 1.189030176779933790e+01 5.911847871160732382e+01 6.505907399488982890e+01
7.025480805537769413e+01 7.740033129097596998e+01 2.819583271426454729e+01 2.705718767659384483e+01
2.878889293798424376e+01 9.060194557764880585e+01 3.598320320925586202e+01 4.614755643016970055e+01
7.848372497826352401e+01 1.121136483381961568e+01 3.810706764344222819e+01 4.063695771864409778e+01
8.649685594304801839e+01 5.363496278995560118e+01 2.890497329457791764e+01 2.934680870509617279e+01
3.513155452531755429e+01 3.428893295960560295e+01 3.266781038095122369e+01 2.936743171544800646e+01
1.442513141165915336e+01 5.414293943049967339e+01 6.144336548350952398e+01 6.032627924286121868e+01
4.796137541640833746e+01 6.580925609396678055e+01 4.327064492487037484e+01 4.525331032126791797e+01
6.794473358165978993e+01 4.511912805538396043e+01 3.335995808422772768e+01 3.523909360676424285e+01
6.685251384461136581e+01 8.451056409802617964e+01 3.546270944431185512e+01 3.130072840264554301e+01
1.266211216907730019e+01 3.697525079730279174e+01 7.385570406335565963e+01 7.014436560939427068e+01
2.939165968905657067e+01 5.747032039194878195e+01 4.155599944371422083e+01 4.761987875223206856e+01
1.177639922766184810e+01 3.302870124921102502e+01 7.248705057140666952e+01 7.174266283107249365e+01
6.407333593074454825e+01 8.134154143208688481e+01 3.494744959581692711e+01 4.055939930691989304e+01
5.953107518434501344e+01 1.706435887521052663e+01 3.113763369053238605e+01 3.361437241645091234e+01
2.027020567305259924e+00 7.682759477995226405e+01 4.010098197729667646e+01 3.139609068741393116e+01
8.982385982001474645e+01 4.671230926931394833e+01 3.921281469692723221e+01 4.385045263710574659e+01
4.482388465553965062e+01 6.107813560779472795e+01 3.185630981259895833e+01 3.375593070405749074e+01
4.586284874314658566e+01 2.082977230846917394e+01 7.069969636304182359e+01 6.752026687362452151e+01
6.069454128382037794e+01 1.230878534032705574e+01 4.715946722767937160e+01 5.228759861672072162e+01
8.173463233827894214e+01 2.349062611312385940e+01 6.767665412396405600e+01 6.695936814936554526e+01
4.306735714824551309e+01 1.146812423786701629e+01 7.142634628218486625e+01 7.095063487819113845e+01
2.177626185490177946e+01 1.766234260245914811e+01 3.583229285893831673e+01 4.389364346710645748e+01
9.953625713364333549e-01 4.716430971017236118e+01 4.286455693151827262e+01 4.681796072290806876e+01
2.338677436373762930e+01 5.365216400969075039e+00 4.292558745958368860e+01 3.503615434445217858e+01
9.582687713155624287e-01 9.664193168045984805e+01 3.414122526274483249e+01 4.008431884188940586e+01
9.903977960919647217e+01 2.526194606017746480e+01 4.715363875782448133e+01 4.129898468071623086e+01
7.464189397373387180e+01 9.921514352300481221e+01 6.135146827175125139e+01 5.602516075044730570e+01
5.515306529322828766e+01 7.004774696901418451e+01 4.067423871913113942e+01 4.907816698345215656e+01
6.204526042182956225e+00 8.163164985133830598e+00 2.984941127873686995e+01 3.376811867955576218e+01
2.621715517416154384e+01 4.911531743104504955e+01 4.192369414973601494e+01 4.096456187780228220e+01
2.912293282312642262e+01 8.075115963051489132e+01 4.814629176373848907e+01 5.702772211037807182e+01
6.548480623891278185e+01 1.892735001678754614e+01 5.335076625164867181e+01 4.666898409650102053e+01
7.689132100912617318e+01 3.542206780342759487e+01 6.942771170796390834e+01 6.486289487643699658e+01
4.746481577818049402e+01 9.311580911106223368e+01 3.948409997650210812e+01 3.994070459171178555e+01
4.281756874621503783e+01 5.785600551991198870e+01 4.629373335771834519e+01 4.848112830412397045e+01
1.686016912375524157e+01 1.855553906986040502e+00 6.098116579787016178e+01 6.484694160965830179e+01
3.702294858249734943e+01 8.087422290211196696e+01 2.692603164709775854e+01 2.942020328848923327e+01
5.607470778737648942e+01 6.587776784877044634e+01 3.676895225363531239e+01 2.787756174735997661e+01
8.406815086175821250e+01 7.869596829641969293e+01 6.564703938869426736e+01 6.479260807977449588e+01
6.444304935146185187e+01 3.718009977172879132e+01 6.180222786815123470e+01 5.820269584474739588e+01
4.070107922373223630e+01 5.739114060333978529e+01 4.281348447110944022e+01 4.772916997763772429e+01
2.635744882013838364e+01 7.609633177608087351e+01 5.314674959574129076e+01 4.747489157914377245e+01
7.660290835821015776e+00 9.612347038921889464e+01 2.457050924846756601e+01 3.250555564784796303e+01
9.094180302419263562e-01 4.338080365183267872e+01 3.589704296870086608e+01 3.549881939615728754e+01
5.395229435126496043e+01 1.829977166020988477e+01 4.387372075104119773e+01 4.198662344288202064e+01
7.238286818229451569e+01 1.867684162700088280e+01 7.385498743701094781e+01 6.599159209410312599e+01
7.086035243406686845e+01 3.291079695493925872e+00 2.961743146016023687e+01 3.958721973494229474e+01
8.709206608498986668e+01 1.832616854519864003e+00 5.452534462619703959e+01 5.531408160962590159e+01
6.456906684495383786e+01 4.024184942569820578e+01 4.719091099145875745e+01 4.521352958932776289e+01
7.167247826814505629e+01 8.763060296667939042e+01 2.722188008397756676e+01 2.879433344580191800e+01
3.420767959710707373e+01 9.307393963624126343e+01 5.785117924094453912e+01 6.172754429924605546e+01
3.298278294248792974e+01 6.205105263543275740e+00 4.759759686597460870e+01 5.826322724857512725e+01
6.909741511515639445e+01 8.869339297092034258e+01 4.530240136012063346e+01 3.794658444633761718e+01
8.096523320704518767e+01 8.232099421806357498e+01 7.087052005490029671e+01 7.072316527131141584e+01
4.255316448008832708e+01 4.135168543785988504e+01 4.428583095794190427e+01 4.301650531818656731e+01
9.979093217902862989e+01 5.851831414984134483e+01 7.511916364513857047e+01 6.863743872445493821e+01
2.026719063073046811e+01 6.675288182241695267e+01 6.497328487573906841e+01 6.903187687214693824e+01
8.459619526959558300e+01 6.074783945031181531e+01 3.804444517659612046e+01 3.969724464177194534e+01
5.651462438806231781e+00 6.776737747680466839e+01 3.282017505376174427e+01 2.818380796178418279e+01
8.254369156049983758e+01 4.505971291035998405e+01 3.877831574463789366e+01 3.686308235615035755e+01
3.528060092659058000e+01 5.470391436206559632e+01 5.328856366408696488e+01 4.752104580137633150e+01
3.550336871863235544e+00 9.508410342291114148e+01 2.753756814749446136e+01 3.496334596604027212e+01
1.618466893189118849e+00 7.644400895028247156e+00 5.801949032479769386e+01 5.799052587862156827e+01
1.377855206750968620e+01 4.172479285350327416e+00 3.796264664127113519e+01 3.825851761424227959e+01
4.177606716245422547e+01 1.594600977867671787e+01 5.060738984667101192e+01 5.133170299092363109e+01
8.521408690177089795e+00 4.651849634506866060e+00 5.198353671551348043e+01 5.158263713114721583e+01
2.478969727508756193e+01 9.537380789802751835e+00 4.239125874876322797e+01 3.589581357413587881e+01
6.866598739832943465e+01 9.949499861219418051e+01 4.673586846189190425e+01 4.686527727286213718e+01
7.236793680928076355e+01 4.950924499931561229e+01 4.319334233634766207e+01 4.083607127055665131e+01
4.103056135599151588e+01 5.046246829316976346e+01 3.668956618653750468e+01 3.792184932128184727e+01
2.276987134258259360e+01 8.959091387314907706e+01 3.415512318551050441e+01 3.651896552744338464e+01
3.093076654852976404e+01 7.267560573982359529e+01 3.046963400862894389e+01 2.782626103876898682e+01
5.296640560971010991e+00 3.736177723103079984e+01 7.214656003583489507e+01 6.682196127116509388e+01
3.269584202701765463e+01 6.295590559951465082e+01 6.601194442631303616e+01 6.246760178412234410e+01
7.337360117263561676e+01 8.971304663109364697e+01 4.325644992684314616e+01 5.046973377110204240e+01
1.664320766624570780e+01 3.189257154318894294e+01 4.321672551739859358e+01 4.799655814843232804e+01
7.138914693281131463e+01 1.312212556163350197e+00 3.157853834398789417e+01 3.764543400698344300e+01
8.118107694391947859e+01 7.832357188779623414e+01 6.821831661527781421e+01 6.588672632941180041e+01
4.396615323705906064e+01 9.835983288781538647e+01 5.690731955900737660e+01 5.838637923604969160e+01
2.027692093688391139e+01 2.928128551047844041e+01 6.935624559704699266e+01 6.973544061128680482e+01
8.815310480420060912e+01 9.152779789128344134e+01 2.763793453158994851e+01 2.619209330543511172e+01
3.772857243712398656e+01 6.601879974978584187e+01 3.299300208424747893e+01 3.345787286970249852e+01
9.139221990663040174e+01 3.679996614480960204e+01 6.706058097213454516e+01 6.752893613383554339e+01
2.254021147688002458e+01 2.403227684918668317e+01 5.747092028675753284e+01 5.809087420708657135e+01
6.225784902212987504e+01 9.901984904623571992e+01 8.193698179343586219e+01 7.328699283685119781e+01
4.430981123832622437e+00 3.205939070803177771e+01 5.718757164709516871e+01 5.233917334100613061e+01
5.733137445715220792e+01 6.885995206754952846e+01 3.261497171193615685e+01 3.392871946269053751e+01
7.017547722584983205e+01 3.680697052172987327e+01 6.713340311030056284e+01 6.820336757591937271e+01
5.900124682736959159e+01 7.410857977382197248e+01 3.191395155341932721e+01 2.967606565897155946e+01
1.047051568624215534e+01 7.167463829100775285e+01 2.996978313800045157e+01 3.342158626089000961e+01
1.663627243117218413e+01 1.477235283971316449e+01 3.149095475267163025e+01 3.474612404408162547e+01
9.889083998231695816e+00 1.447329333380722360e+01 3.064577313504506151e+01 2.991345612505648077e+01
7.658659869388081631e+01 3.057588231556988134e+01 4.084187074986925836e+01 3.851786910328878832e+01
5.485389920711888578e+01 7.878331881854967378e+01 6.583570921852960112e+01 6.457253772855820273e+01
5.142542790619750548e+01 8.967825665938011781e+00 6.427335452703043472e+01 6.433299310526955139e+01
1.553703559368321230e+01 4.143831693562766105e+01 6.291131434804303524e+01 5.798171451929151488e+01
7.822290004721233458e+01 6.850451757086194959e+01 6.715335290546288149e+01 7.018665019402851613e+01
7.194768931764645004e+01 9.525859813174190549e+01 2.641103901790757646e+01 2.592884791211072937e+01
4.506882886051886317e+01 3.718979905749412040e+01 4.610533305271881943e+01 3.728217758384656833e+01
8.703275937046920774e+01 4.196949234995971523e+01 6.545765141741385662e+01 6.537547462325814251e+01
5.040710038566732720e+01 7.273535170759595303e+01 4.792423750393305681e+01 4.350129507384566807e+01
2.569688538992708260e+01 3.071206948720608310e+01 5.980183648366367066e+01 6.486769297190096495e+01
1.718161783012769206e+01 1.042431988847775060e+01 6.788640890855135979e+01 6.867632779741553861e+01
7.790979397931701556e+01 5.009294044165054771e+01 3.638327102683853553e+01 4.463694757683779102e+01
7.680899052191402632e+01 2.080872148501102714e+01 3.841891520539800808e+01 4.085277666300881094e+01
5.440122913631098100e+01 6.129858620636884581e+01 4.681838960287670659e+01 4.555700395579855666e+01
8.101266350119591664e+01 7.676060194582316853e+01 5.051579186281666978e+01 5.742439048347235797e+01
9.564007794334166590e+01 2.664669412092026590e+01 2.676481623668491849e+01 3.103685013741374377e+01
1.216834538203315219e+00 6.302388123829043565e+01 3.590226166900860960e+01 4.221934936882261269e+01
9.416948315016594506e+01 3.200048857613481346e+01 3.339535232893899064e+01 3.173213009671009388e+01
8.398580033995855842e+01 6.477557612860042013e+01 7.101716074030012749e+01 6.918476010816362987e+01
9.890392417557957572e+01 8.309561775565131825e+01 5.889725888763421580e+01 5.657708008390014243e+01
2.180164985319386162e+01 9.614708845247491809e+01 5.343644288593792879e+01 4.178312549575096568e+01
3.783536032619119993e+01 7.620384633890749626e+01 5.245189426558095391e+01 5.114033012310434145e+01
1.316277143189759080e+00 7.362375967151179168e+01 7.322175600528612449e+01 7.174103040126684050e+01
4.577493673821992815e+01 1.147359612609146851e+01 6.032823194505883890e+01 6.159252317455059966e+01
9.561712850478243375e-01 7.979467708924225633e+01 5.714485657480786784e+01 6.609913664203747885e+01
3.458900755820232575e+01 6.180324841811371783e+01 4.895913570556002981e+01 4.055963949811646785e+01
8.664487806342641818e+01 9.095515907751013174e+01 2.172787787671364157e+01 2.515945190193479419e+01
5.712618284426194037e+01 8.516716671055634791e+00 5.973988911871529695e+01 5.437399218185046834e+01
6.865809280212877752e+01 2.203210287124283084e+01 3.941133835127283902e+01 3.021818885805243227e+01
5.985034140516799539e+01 3.741057373165055111e+01 3.749477172386639268e+01 4.116079008506821424e+01
9.730960155522994093e-01 3.696042976137646008e+01 6.067476903255306553e+01 5.819523807862348264e+01
4.527506518580358374e+01 7.779861187205072781e+01 4.254583326344339866e+01 3.698038312529437377e+01
7.176923105413322901e+01 1.431563116640719358e+01 3.290126137839326503e+01 2.632466836016626388e+01
4.420276084304237685e+01 1.922320045270639000e+01 4.499595763686095040e+01 4.123803723403800348e+01
1.571628229917499908e+01 5.590065389858901312e+01 6.637132525201940325e+01 7.267757815901714480e+01
2.253624253203237870e+01 6.613498400830629009e+01 4.687510604344140575e+01 5.026274517794324481e+01
6.170542461042099802e+01 1.353820433094560194e+01 3.739993670255960012e+01 4.148123529947286414e+01
3.727770457892867029e+01 2.426943984557345857e+01 5.174655536537263600e+01 4.942869113451701679e+01
8.433611288719895072e+01 4.362671348044197828e+01 4.333420303683230657e+01 4.010476276466224022e+01
9.053509023270369482e+01 5.761854125072724031e+01 5.661910873974068892e+01 4.537845440942408715e+01
2.619098918753893912e+01 6.077227478371263203e+01 5.759104674173963900e+01 5.777608014307620721e+01
7.495862900768155157e+01 5.373455884130004989e+01 4.620598018946302687e+01 4.271580814605349019e+01
5.083470960136364880e+01 6.469656840213087889e+01 5.168484563079259431e+01 4.850705914395732776e+01
1.299549040769210073e+01 1.303241135601210843e+01 6.811770960705275968e+01 7.177072350261488509e+01
3.726760954958378846e+01 7.333146612659061248e+01 4.054714728869787166e+01 4.502854008056426238e+01
6.276067213320636284e+01 7.698580056788935622e+01 5.482159106549205774e+01 5.430507714729500890e+01
5.395035904500061008e+01 8.823432528563445842e+00 4.107817429094347972e+01 4.363435295224919486e+01
9.065306321194893258e+01 8.219173805887616879e+01 3.752980753731199570e+01 4.086110023856352313e+01
3.429026435508816206e+01 7.096463328553548777e+00 3.317775090046472286e+01 2.806783322539309466e+01
4.607422172611715894e+01 9.554808947808299990e+01 3.134105862196249248e+01 3.122722526586634473e+01
2.210658650472166897e+01 4.556836665013164378e+01 3.310043359831814769e+01 3.527740484071770766e+01
7.799157791054098254e+01 9.631577002561022027e+01 4.985074665241013747e+01 5.003964965139763166e+01
6.158355154644321772e+01 3.348762934795337287e+01 6.781792934120664995e+01 6.559933332655641891e+01
5.063662535617891081e+01 4.902028542056282845e+01 3.618073680354901711e+01 3.949450409232008496e+01
9.941737916817344001e+01 1.111693327538412213e+01 5.902152356286070045e+01 5.751087163725718199e+01
6.438472028115468504e+01 1.168123168121226740e+01 3.737335168314673695e+01 2.722197592641005315e+01
7.575367867972292402e+01 6.522565177735441466e+01 5.070435369367096712e+01 5.618676147966739620e+01
7.249131428523432419e+01 1.602287760220050217e+01 7.021135501716855742e+01 7.206917454895256014e+01
1.137430194137243333e+01 8.290686462160907411e+01 7.610072901859139449e+01 7.358323366430160206e+01
1.863069181742739033e+01 7.191643817788893500e+01 6.685131814678217665e+01 7.075096986983984948e+01
1.155628101418559872e+00 6.991388297007991071e+01 2.792874957941656788e+01 2.774944131272506453e+01
6.426944165480496451e+01 3.251474462311502123e+01 6.327151243009916470e+01 6.016346629778815469e+01
6.045626646042375540e+01 4.038871173236046985e+01 7.742221911560132241e+01 7.393912249037248330e+01
3.771170641716802407e+01 2.199802048981814906e+01 6.081011868520916863e+01 6.461448708994318224e+01
6.240284371728137813e+01 4.390946215718754075e+01 4.866100436893822945e+01 5.892379203481873162e+01
9.150451261446531248e+01 3.038614639887220648e+01 7.418668600865923679e+01 7.288732718654540577e+01
7.140027085235114157e+01 2.946899854393750928e+01 5.508163254507053352e+01 5.990613189020746177e+01
4.902014585562668714e+01 2.463713986279818613e+01 5.073435323222162907e+01 4.960799669163263559e+01
1.418498219192421139e+01 6.916294905987989239e+01 3.359212816239063670e+01 3.332414766762612146e+01
1.915949496844230282e+01 9.433797189947510731e+01 4.014381619988649419e+01 3.205107787584464774e+01
5.283989834014866460e+01 1.227393195443089446e+01 5.401074389217909300e+01 5.084567478061027401e+01
4.554781515951108162e+01 8.518362587619004955e+01 2.163199690189719959e+01 2.499474527473688212e+01
1.131590065896762631e+01 1.084436177512618826e+01 7.243569348298356658e+01 7.313940595215979101e+01
1.417152082475724484e+01 4.677322711144704925e+01 3.569818058777577363e+01 3.827859448095339445e+01
5.505041407702178446e+01 7.064764872194028555e+01 6.847225372213320327e+01 7.250853086181004414e+01
5.155199159143766252e+01 4.643348736103855146e+01 3.978155951222587561e+01 5.105914442690848176e+01
8.619099483043794407e+01 3.308518048726449479e+01 2.593658211674948433e+01 2.655406177174984705e+01
7.747806596373052912e+00 7.132817223822361541e+01 5.354997154223736544e+01 5.087000788539968710e+01
8.065452246242048773e+01 1.020418728524519203e+00 2.878343403015117730e+01 4.179260496934197988e+01
6.162018585572964469e+01 9.281759390662350029e+01 5.000623265902081016e+01 5.746948855319083549e+01
9.164129181004277314e+01 3.879350756788693388e+01 5.034041088444616463e+01 5.052821322154522221e+01
3.642278811462110610e+01 1.686068062895142816e+01 7.573417806725512946e+01 7.085200972131147523e+01
5.061084075717348085e+00 5.534849535843279256e+01 2.949261338453126413e+01 2.728493673868015179e+01
2.236752120549389033e+01 2.750767851379229967e+01 5.867667638280273934e+01 6.034228666751376124e+01
6.596659316907482662e+01 1.760252370134496314e+00 2.418696361137903139e+01 2.545398193746036597e+01
7.877087308864187776e+01 6.258902155388275190e+01 3.380424159970397824e+01 3.810795372588867735e+01
7.006723448461598025e+01 8.436380128457943783e+01 5.948303773589866950e+01 5.819782260550597641e+01
7.844614668933790824e+01 7.491049613997478218e+01 5.717373111603222213e+01 6.413149281484029984e+01
7.433612504879242522e+01 8.862613845298132276e+01 6.508383588369066786e+01 6.171100309743291490e+01
8.741096277181506480e+01 9.779997935612900051e+01 5.120784539376790434e+01 5.434907573203918218e+01
8.307608668132266416e+01 4.272817081273277040e+01 4.223138778560322493e+01 3.994313185781544462e+01
2.563417283472578845e+01 5.613158802107232503e+00 8.155424374190073422e+01 7.235786767281985021e+01
6.202300525347561688e+01 9.596988005510044673e+01 2.522392190769522458e+01 3.745041673330126031e+01
2.617900011027074569e+01 1.259778608191682814e+01 2.241321796600787053e+01 2.956302389995626001e+01
1.061446528213918583e+01 9.539059994272854226e+01 2.785627134497354973e+01 2.751034824630938402e+01
4.438975859925654532e+01 8.986118076342222594e+01 6.773215879614743073e+01 6.363882511014677590e+01
1.389603707422124579e+01 4.514588460004905812e+01 3.848794608843151366e+01 4.185117164866664297e+01
3.150658752609140123e+01 4.289237077401594433e+01 2.747450324400229249e+01 3.078586448245633278e+01
7.457977034187241827e+01 1.865005834048039191e+01 2.355144515566628272e+01 2.827493951486363244e+01
7.929822357248377784e+01 9.330117835725360464e+00 4.374738227708409255e+01 5.077772867593230188e+01
2.306338699722698671e+00 3.468073993179038439e+01 6.989814026107545430e+01 6.051605102404286640e+01
1.049903751251351025e+01 9.907324363757766150e+01 2.975295533954889038e+01 3.834269213894711470e+01
8.410167113160603947e+00 5.067114497262270589e-01 4.085228957638625502e+01 3.414705700346031136e+01
7.166062755650500549e+01 3.501615319680326621e+01 7.343096666086046298e+01 7.199289510148584270e+01
4.633259391166932772e+01 4.979901277547686078e+01 5.421956448860736089e+01 5.231163100206916994e+01
3.006269065386485551e+01 6.672596459823490989e+01 6.450845035298297603e+01 5.976792363236965144e+01
5.778215062716138561e+01 1.137617217108766177e+01 4.769678910959444806e+01 4.653008476110940705e+01
4.805313431584082906e+01 1.398079183951184135e+00 4.388367380841309284e+01 4.216598268126526960e+01
8.206481800493821765e+01 7.800609232181682273e+01 5.133900735281810057e+01 4.936877092583236504e+01
2.497690128593152892e+01 4.650886629145450968e+01 5.637022194181916745e+01 5.766020092577739575e+01
4.949323243392361604e+01 9.946901299645250560e+01 4.571205742680440665e+01 4.461936615679333329e+01
4.942359264076128511e+01 2.864593131025661155e+00 6.168498512759222052e+01 5.552494285772633731e+01
4.114362374266623590e+01 9.218345099671071807e+01 4.995623111402353800e+01 4.365018983595516033e+01
7.089751459393389155e+01 2.188684923295468465e+01 7.609735645316531816e+01 7.321091720015196813e+01
4.106040671489124350e+01 9.421466030661953539e+01 4.359344908911282346e+01 3.413166496658145377e+01
9.854047834806314654e+01 5.683906107981961497e+00 7.178297761408913402e+01 7.063855656965057506e+01
1.296504004911286323e+01 8.959989516809133647e+01 6.912404111366102200e+01 6.384911287897666199e+01
2.589960732996327053e+01 9.016691456322934073e+01 4.292949178610132321e+01 3.999434975463839237e+01
6.366291184450486895e+01 1.410466335837271501e+01 6.496631634695275181e+01 7.008712797998714450e+01
2.201611566711858536e+00 2.118865394499574961e+01 5.363720237241257394e+01 4.774057838017514399e+01
6.851612006141861855e+01 7.042632868203457974e+01 3.579678255596655845e+01 3.617866049947939189e+01
8.811700884741743778e+01 6.440232166355478682e+01 7.130392752586317329e+01 6.999289190363067803e+01
8.224243845798085317e+01 1.231918880428302110e+01 3.741051349563064576e+01 2.879679687235928753e+01
2.274581104729206515e+01 2.593799952211806215e+01 3.866914946387880292e+01 3.180575396532345422e+01
4.448029910366329887e+01 7.261811220000153355e+01 6.822871217636975416e+01 6.551024696080783372e+01
1.042777578315462428e+01 8.964374357187365661e+01 5.854700290228892356e+01 6.403316683061071046e+01
9.344556867627814256e+01 3.458261637856791992e+01 6.771449373291630991e+01 6.887456292995463514e+01
2.080639176285759007e-01 9.315318014095790033e+01 5.548943761752093451e+01 4.354456724575724991e+01
9.269406627820394817e+01 3.338315237020720616e+01 3.277860691617567568e+01 3.327103240127298278e+01
4.006550017730317137e+01 7.060409839581683400e+01 5.658086341861741886e+01 4.869381798377055759e+01
9.253549070991179804e+01 2.544090113243935303e+00 7.081959379725364556e+01 7.069065125981983044e+01
3.303276893665542957e+01 1.802336518184611691e+01 5.103956225200989394e+01 5.460866329373931194e+01
5.050637841799959915e+01 1.370110286884284001e+01 2.018960561328898606e+01 2.888530634203450020e+01
4.081646649015549144e+01 4.088114123923153187e+01 3.175581396196847095e+01 2.706498031978254204e+01
4.458217820716792090e+01 3.401709503884895724e+01 4.676581241880409578e+01 4.640725483692705211e+01
8.288625731675517727e+01 9.238466241926958844e+01 6.354830155464882324e+01 6.408820600023125280e+01
7.508777765144898808e+01 3.672818890591555974e+00 7.989625252569712188e+01 7.402136106433546558e+01
1.379510104683570049e+01 2.223861761968883854e+01 5.771348348692575314e+01 5.005162847971529061e+01
2.649807729168830406e+01 6.613482063119197107e+01 6.080704476990815976e+01 6.105329444950653084e+01
1.611099051858331421e+01 5.970620209428874148e+01 3.418653719366940891e+01 3.434526356572925465e+01
4.596116717736039448e+01 2.870001790789699214e+01 3.541306363476952868e+01 3.701508123781803050e+01
2.891182326655727941e+00 9.815517379172206347e+01 6.247999220727482594e+01 5.176156106263212564e+01
5.007055904938852819e+01 3.837153495003266812e+01 5.393745588240276589e+01 5.738670302069547802e+01
3.801059987158039633e+01 3.599079274936732986e+01 4.639465417220131371e+01 4.054631165742507193e+01
2.759830336711907961e+01 1.800498999667854605e+01 5.566058981802935079e+01 5.554885006520590451e+01
5.958660535285965665e+01 9.292489152431359400e+01 4.452791168372446151e+01 5.299770138181440160e+01
9.832806025751739298e+01 2.963020451192840454e+01 2.403057495159390911e+01 2.562691255557221481e+01
6.380482011470110137e+01 3.781539679503603679e+01 6.263655419762578447e+01 6.715999621239373596e+01
3.049955183026857952e+01 6.179182568379910379e+01 2.757462605850363602e+01 2.832933282951735166e+01
9.707981492726719353e+01 7.165271762214047158e+01 6.827211777353029731e+01 7.035900958424755913e+01
9.228731744878906795e+01 5.227857330514171963e+01 7.155696354730721964e+01 7.233949081652856705e+01
1.290736653068295148e+01 2.332576414539979481e+01 6.423268919507984265e+01 5.853498570638139142e+01
7.372696831257043470e+01 9.019880942931560242e+01 2.364039589531146035e+01 2.707476299017229948e+01
4.562958831277988736e+01 1.844878771643977444e+01 3.712349344741194557e+01 4.110857697158131430e+01
5.222432515668840125e+01 5.333078983858897004e+00 7.148704106773851663e+01 6.468910613874369631e+01
5.432933603710752379e+01 8.289590172106733235e+01 2.717805011911972457e+01 3.358343784270219601e+01
7.778924758331541511e+01 8.123688028737807088e+01 5.737442425445864558e+01 5.439490172513485788e+01
1.901538629126104851e+01 6.770406851477173404e+01 7.127530020599314753e+01 6.827968824246543988e+01
9.853851402679056548e+01 5.413013162563218117e+01 2.713690150250564059e+01 3.117978353245855772e+01
4.346839932371482362e+00 4.289290590169174777e+01 7.622007729260825215e+01 6.724661899802886467e+01
9.531825969108852803e+01 9.854753990044322620e+01 4.219693806087416732e+01 3.798611924111673233e+01
9.503842943791175912e+01 3.541897328086374142e+00 7.459169379985563353e+01 6.839377605659014137e+01
6.427460346336128794e+01 2.495218575861522936e+01 5.073185006796489205e+01 4.938600341548543327e+01
1.295537377604956220e+01 8.715971509515610194e+01 3.578980855456479304e+01 3.911077490593275741e+01
2.958511652120441227e+01 1.645628766198203863e+01 5.030684634788309495e+01 5.547672543436620174e+01
4.946682822273433544e+01 1.749465137579878515e+01 7.332195695814101555e+01 7.067897338354913472e+01
3.617775344387340652e+01 1.863652309305172849e+01 3.319833945432883837e+01 3.329369645809740774e+01
5.636586996350151679e+01 7.264709321804431852e+01 4.818908860574845221e+01 4.802630813464136139e+01
4.071928496858535595e+01 3.196694712345897926e+01 4.632441454838080119e+01 4.864262269606004452e+01
3.224036999655444102e+00 7.517059601793150136e+01 6.554657014764295297e+01 7.088089808585090168e+01
4.384701871096319259e+00 2.343715864038057362e+01 3.965459869736150722e+01 4.588253988226190927e+01
4.497779415657031876e+01 9.213674026995187205e+01 5.600043640772588560e+01 5.155343413826065557e+01
4.511099552039388172e+00 4.078629634256618886e+01 4.164904123690698867e+01 3.692035063504589232e+01
9.654909384377847914e+01 5.991970910211081502e+01 6.356510711589388052e+01 6.570896806657158606e+01
7.132530312512707837e+01 7.700393156821232310e+01 6.350510702024892140e+01 6.166126929372302357e+01
4.977273764780678533e+01 5.805670235907876275e+01 3.292757292224576560e+01 3.398842061656636560e+01
8.394033438945055536e+01 7.624196216457234243e+01 7.208830745081240821e+01 6.774220555755317719e+01
9.971494397581668068e+01 2.593813734083905231e+01 7.354572516754213041e+01 6.504582613442039474e+01
5.453449840015448302e+01 2.199770806540195522e+01 3.375488131003252334e+01 3.214019127472915471e+01
4.765881789196346574e+01 9.638089696209995338e+01 3.955991818498273460e+01 4.656749975113453388e+01
5.910707096477057831e+01 9.021064657183129043e+01 6.883531995402283599e+01 6.568434673313812766e+01
9.710291312450996770e+01 5.098776547604065712e+01 6.387105817628745541e+01 6.246727913619709227e+01
1.910451606552953052e+01 6.501635325176437163e+01 1.996480191813341065e+01 2.952304283556391340e+01
7.369795957211516679e+01 8.968782418299477399e+01 3.228599441694525041e+01 2.864297284016465639e+01
7.304362943536912667e+01 6.986153060111209356e+01 3.396763385456688411e+01 2.615780087484098004e+01
7.425701107424561087e+01 3.309118856783746310e+01 7.221475187427965636e+01 6.843545494050754030e+01
5.810383241712434454e+01 2.866368528482606948e+01 7.341153010644190147e+01 6.774026659066160505e+01
4.449666567350885060e+01 5.076599964512309526e+01 4.157543876756019330e+01 4.541300827856375122e+01
3.503175258723285879e+01 3.718493027039588839e+01 7.240764217904032307e+01 7.234760099585612636e+01
4.999835316048351075e+01 5.705707091303879963e+01 7.129057903648376282e+01 7.273984506086794966e+01
2.917946467237252506e+01 5.075383250920755529e+01 3.421413172970390804e+01 4.081826048052823097e+01
5.683627588475938097e+01 5.346572412562844434e+00 5.097504116137672270e+01 5.197629162721089102e+01
3.679849069377078763e+01 5.346667548928824232e+01 4.225333548849767595e+01 4.794746668735417217e+01
6.813655755805596925e+01 9.246447125824140301e+01 5.386699596854330707e+01 6.054136808214965981e+01
8.764084885794819968e+01 1.248514784332843774e+01 4.937887702564081138e+01 4.613747314637979713e+01
4.570252804809393865e+01 8.118807036994857285e-01 4.432573413593344469e+01 4.328592409646742567e+01
8.579108826203651006e+00 3.274763867146231178e+01 4.440647373942518783e+01 4.888195605313160286e+01
4.551853780343832767e+01 7.748097208422537108e+01 4.433956658334408019e+01 4.600401273016278481e+01
2.206459446789570222e+01 2.351702391246117685e+01 4.307419748812952776e+01 3.443790003343498540e+01
9.281452208956420691e+01 5.217847667148860324e+01 1.920976452013526270e+01 2.596361517290462473e+01
2.660877358689496219e+01 3.840150297271842561e+01 6.232589756927994529e+01 6.708020235810853649e+01
4.400331530040053707e+01 3.924448441769249030e+01 5.647286003989947289e+01 5.462673562397198168e+01
2.512591634671270668e+01 9.159203414446871250e+00 3.363406385207667881e+01 3.301571599416315905e+01
7.729335403597555398e+01 7.162943304868383620e+01 6.109276227880287991e+01 6.417304067195875916e+01
3.992391696691791481e+01 4.008933182666265793e+01 4.053516136255215230e+01 4.292979756839768868e+01
1.522601301118766770e+01 4.485833618538581646e+00 2.924044935605134654e+01 3.019113058056164078e+01
8.666569240289064169e+01 3.394422057373844837e+01 1.236918320673792238e+01 2.590153107418171174e+01
9.815210145762939931e+01 8.146978461200153276e+01 3.147838158128105590e+01 2.866229965364313870e+01
9.145582776881580855e+01 4.188706622460471607e+01 6.565330699030018025e+01 6.923271928848052426e+01
1.655531797746938594e+01 4.349359003634090470e+01 6.314991066734976499e+01 6.312059315074321830e+01
7.192713850692155120e+01 5.487923123698845984e+01 2.692845198087093905e+01 2.611678105073986700e+01
9.992994759634984803e+01 5.897528545321056015e+01 6.811540723304462119e+01 6.044608352407359320e+01
6.853387819213561727e+01 4.134912914936801087e+01 3.615554958702615806e+01 3.626666690552912087e+01
7.379480082833204335e+01 7.412376971371934076e+01 6.070579925056903647e+01 5.837555915052045918e+01
2.914670240973370596e+01 9.251548183905435963e+01 5.518799421186390930e+01 5.891123895744549088e+01
7.904923562483305943e+01 2.143082621618316352e+01 3.440407886147278305e+01 3.614656012361528781e+01
8.745795163873424372e+01 5.010702993996840604e+00 5.123153112566620848e+01 5.004739091165472331e+01
2.190668218595994787e+01 9.261328387732336864e+01 5.717096519584647751e+01 6.251061070524686158e+01
1.956089962521924264e+01 6.104755113536787547e+01 4.201280789956180683e+01 4.328982239928978260e+01
8.855990948498353532e+01 7.551685922953276986e+01 5.969513962618157876e+01 4.641126965061158671e+01
1.073898179798249419e+00 8.797952074934596567e+01 4.446674708387162411e+01 4.427727579829132765e+01
9.315776530185765125e+01 4.955390128542012462e+01 6.942244891827255060e+01 6.821643040089423948e+01
6.929264946664215330e+00 7.451516535267857932e+01 3.379960313119229198e+01 3.070712470592058807e+01
8.462077698789629210e+01 4.548297724386497265e+01 7.751427640453387369e+01 7.240278383436465504e+01
3.480890322516830793e+01 2.258621816221702971e+01 7.189098153252109569e+01 7.226494284845011862e+01
4.900906912143614136e+01 7.510704788480104810e+01 5.152954376314455942e+01 4.841953366700498407e+01
9.035312259127925927e+01 5.719919453067081605e+01 7.535853589994950141e+01 7.274753165929102749e+01
7.088550580912611920e+00 3.199136351403014800e+01 4.735085877410645594e+01 4.269506176535550424e+01
3.586110522811707568e+01 8.963645620810967785e+01 3.819324558691864269e+01 4.392409784154738617e+01
7.838842697025850015e+00 2.076408972446097678e+00 3.708340845939894592e+01 4.214984095055567082e+01
7.458010487660106946e+01 1.727553939907227232e+01 6.058529683838958135e+01 5.970540518110572492e+01
2.888277800310778787e+01 7.969926239790720501e+01 7.983961490029909669e+01 7.341241540775668284e+01
8.094440438786345737e+01 1.861005619392415156e+01 2.897596020286560403e+01 2.763239297251255167e+01
1.839477061606216068e+01 6.742101603876477611e+01 6.862360281158180442e+01 7.001891535500826080e+01
9.111695845150211426e+01 5.077309640122381751e+01 4.069721949110915205e+01 4.088034465186610333e+01
8.925114877785293288e+01 5.307591771858248819e+01 4.834690643233511054e+01 4.666051158467788440e+01
2.971493186889916416e+01 4.823614164647395341e+01 6.911771445774229505e+01 6.918263360225687109e+01
2.426070169534522236e+01 5.348788154675898454e+01 6.846716274158617921e+01 6.646735599380684789e+01
3.362378322936621089e-01 3.806682638039190181e+01 6.010970613725093159e+01 6.269263098510140253e+01
6.738985378607202392e+01 6.642179722788823426e+01 5.976821280278075221e+01 5.907136126141124777e+01
2.029258857019882356e+01 4.282507002599032120e+01 6.958946514633787217e+01 6.743128297590818931e+01
8.448160525721434055e+01 2.605450141097378491e+01 6.164589351662961292e+01 6.502130272069058492e+01
9.232393837281877325e+01 9.601101211365136834e+00 5.030294807967005966e+01 4.913693792937414884e+01
4.274460652460899013e+00 4.091454218740372539e+01 7.184062776983599008e+01 7.150236388684207611e+01
2.037224619305154505e+01 6.464685204315495071e+01 6.870884721037042198e+01 6.061696438203311033e+01
2.552021240155979598e+01 6.005576560606292702e+01 6.848683400268473065e+01 6.082493200783510900e+01
4.666136228021257182e+01 3.367165972800950868e+01 6.191515515743273568e+01 6.410332230779761176e+01
9.778470873280569720e+01 4.268414093689780486e+01 3.917350962851210738e+01 3.279447866468451167e+01
4.642669024261133615e+01 7.621839344504821590e+00 5.531632796713900291e+01 6.461456543515707551e+01
3.286973872172636391e+01 1.214221223312624787e+01 4.662567411173733944e+01 4.194032268994068602e+01
7.676754330372791912e+01 6.659300312206798367e+01 4.985261241463979331e+01 4.608641246412850023e+01
4.677897704725415906e+01 4.974113794914261888e+01 4.370240760986728645e+01 4.428509974794950210e+01
3.928922958311791547e+01 4.996906028861203453e+01 5.285151711597604418e+01 5.223986185478249666e+01
6.919023140836209507e+01 7.112071607340226365e+01 3.776290801401446373e+01 3.907936425437348049e+01
4.135405227434887365e+01 3.736971697362230316e+01 5.365357736257103483e+01 6.146292796585133544e+01
4.533535379141952859e+01 8.895964631361935915e+01 6.963612669164726299e+01 6.690521162801165644e+01
4.176052473023968048e+01 2.120433621929596057e+01 5.215414491935139552e+01 5.420349486572622766e+01
6.487986245788886208e+01 3.151786955158889469e+01 7.147693584992595106e+01 6.905946146207081426e+01
9.751145070457258157e+01 8.969631217106169174e+01 2.915853735121952539e+01 3.124068985324698033e+01
3.267236831445983114e+01 3.715412244495885830e+01 3.945527783936453403e+01 3.856773521191858123e+01
1.003194991932794267e+01 7.619628388892893156e+01 3.653392636107004421e+01 3.002259517122509536e+01
9.885030699282062017e+01 7.100227315001845341e+01 5.203922259929623095e+01 5.101006193147114232e+01
3.895276083725532601e+01 5.185181326097129073e+01 3.246247239784444361e+01 3.307626150489123518e+01
6.226878136965482469e+01 9.298027644479123666e+00 6.211226029118102332e+01 5.927751087512893946e+01
2.753448501384441016e+01 1.763482905234636799e+00 5.527057661628775520e+01 5.199356400133328293e+01
2.029694141641833482e+01 8.622925295542114554e+01 3.425421656593508857e+01 3.697923786327353213e+01
9.465083782919413125e+01 7.174796422571372290e+00 4.862086885198426955e+01 4.773346484447719718e+01
5.971243771775491638e+01 2.476500984746047251e+01 7.713801887202276930e+01 6.700790162964023011e+01
6.268956798107170414e+01 1.810943728795555430e+00 6.083685906962358558e+01 5.679888443153519262e+01
8.971621948276148828e+01 2.925076950290634770e+01 5.410709207986162994e+01 5.273217014841205952e+01
3.588286069143835277e+01 8.055842491436274599e+01 4.984075427132048475e+01 5.312112909874796429e+01
3.965785613115772890e+01 9.384218520987698753e+01 5.104046887190314408e+01 5.240619667725346886e+01
4.674105002574648893e+01 6.724344019623430313e+01 2.612342010182844376e+01 3.191943605917796845e+01
3.247928707883157529e+01 9.320458362386226270e+01 6.785298454369423382e+01 6.629347467609798628e+01
8.266371477710056581e+01 2.711117619354296338e+01 5.437901899298720565e+01 5.566483371383801426e+01
8.885513827033679490e+01 9.907239105537777846e+01 5.685821806899977560e+01 6.326766930870049066e+01
7.746767683734539389e+01 8.590383695462995206e+01 7.009820060218268623e+01 7.411707221591865391e+01
9.879606642056559807e-01 3.059964087572365443e+01 3.923559604815597623e+01 3.866394055285927323e+01
2.410297323359257149e+01 6.460464808632093714e+00 5.298630908366776282e+01 5.291644067251878880e+01
8.425270512876103624e+01 9.547536789459569206e+01 7.161350631535695754e+01 6.996455040912961465e+01
3.610905789952927591e+01 5.457774854056105340e+01 6.539177882733470426e+01 6.787670742545360270e+01
3.556484328316967947e+01 4.340000165954771205e+01 2.606292978749664613e+01 2.496162477264219604e+01
1.726272702692237715e+01 1.389274799128628146e+01 3.663833922565851253e+01 4.138285900596893896e+01
1.550942708607094822e+01 1.521652969097719854e+00 6.902333334145231447e+01 7.045080435788403861e+01
9.831146023723746907e+00 1.154336399835091953e+01 7.446807264245305191e+01 6.914310215584670516e+01
8.702416582470019080e+01 7.847732031423842614e+01 5.306372566656521883e+01 5.312496037143193206e+01
1.024421162326534329e+01 7.097672839415535861e+01 3.628287247268735882e+01 4.382523867328940526e+01
8.565039391541018787e+00 8.424664072126256542e+01 3.382165171825055694e+01 2.830462778835926230e+01
3.389708371915598661e+01 3.548014192813734269e+01 5.796285275831441197e+01 5.574648522568659814e+01
7.334414938106581872e+01 6.314920190686345691e+00 5.933436571884717381e+01 5.808989912057102600e+01
1.630658673600635566e+01 4.820811582322732392e+01 4.635015661671852172e+01 5.564220364501490934e+01
5.219299528037601732e+01 9.528045855639408046e+01 6.038953001447722357e+01 5.895146726540225757e+01
7.728449442346685316e+01 8.772033440940047910e+01 4.143004118309940509e+01 3.238488601968600022e+01
8.631827348616450735e+00 7.382189055403422628e+01 2.732018316729820739e+01 3.383800133912037467e+01
2.435062607385947331e+01 9.000794044593863674e+00 4.420830171893491922e+01 4.495051161315547006e+01
4.258171465117015231e+01 7.897654877946663987e+01 2.366435478819013483e+01 3.141834786346858976e+01
8.770386290433044962e+01 4.681395723422754784e+00 3.036984691289467264e+01 3.263695314042092832e+01
4.433200064790801065e+01 1.722648143557882250e+01 7.299983109899703493e+01 7.328104982711111859e+01
1.845119955987115645e+01 3.466396943698861577e+01 6.632806368578182799e+01 7.274833068101901290e+01
7.418129092665151347e+01 9.721829681870410411e+01 5.990715103352405180e+01 7.338126269450160066e+01
2.417137320913179721e+01 3.276550299216428641e+01 3.198359232919670703e+01 3.516015124710705209e+01
3.264943276632516245e+01 6.729641731118157111e+01 5.308079280904161834e+01 5.010236167849270572e+01
1.124979578138853853e+01 7.242282373068361778e+01 3.856586897760826105e+01 4.309046972590392954e+01
7.337838974377596912e+00 8.127300494315858259e+01 5.796305702366133517e+01 6.195359558908338471e+01
2.018196081977628964e+01 7.520469278058610030e+01 7.093779303098891376e+01 7.246701125305979474e+01
3.136976380699025668e+01 1.957134149282652302e+01 5.160618223609770894e+01 4.692488037390557309e+01
9.102271992824472591e+01 4.354657784337534920e+00 7.658040880308877263e+01 7.194793958870866390e+01
9.128817452226969920e+01 6.689530774573036354e+01 4.379860215619659414e+01 4.656536071040765279e+01
9.198941808189645997e+01 4.268427888956226468e+01 2.934109100193949971e+01 3.683800411442714307e+01
6.396642667898419177e+01 4.157278992795303907e+01 5.945984539489779053e+01 5.558032346431755855e+01
4.199857984559501745e+01 1.529957866781744791e+01 4.694267516589584233e+01 5.009385615952275117e+01
6.909178219410327415e+01 7.992838076676498815e+01 4.933262767965468498e+01 5.307862176229811269e+01
4.128592706170728377e+01 6.965307936042222536e+01 5.072136816780897561e+01 5.133068408565532081e+01
5.029339370832488498e+01 4.995621559349235952e+01 7.069009016757208030e+01 7.121435361977761147e+01
7.447506930519048751e+01 7.277914886928968485e+01 4.095587329167550195e+01 4.321339883523246783e+01
6.316897872265625580e+01 5.769452426439602988e+01 4.215617561169195682e+01 4.083625412710590297e+01
8.823476118397537959e+01 8.285514084650412769e+01 6.520658196852777166e+01 6.904876945551077938e+01
4.993151480812448995e+01 7.018733544543111691e+01 5.669299521796845909e+01 5.219114570264874686e+01
5.879422383882645420e+01 3.309760694374712386e+01 4.620846046248967554e+01 4.710800309459039426e+01
7.812143078974420618e+00 3.573486916645924794e+01 6.958285153621520180e+01 6.709436750473035715e+01
9.532160305061863426e+01 9.630641127630202902e+01 5.557228691248916874e+01 5.446207406932855832e+01
6.066222518095820959e+01 1.857211855009675006e+01 6.953081080935307057e+01 6.321301108633865340e+01
7.065879267438623934e+00 2.846856857994445278e+01 6.683633472854421598e+01 6.792168263178436405e+01
4.928791795440837831e+01 6.880371335531287968e+01 6.519908538658548025e+01 5.741528105599935827e+01
6.011294099302687499e+01 9.248216019311698233e+01 2.285251477067443560e+01 2.835731951248758165e+01
5.588826825307524615e+00 2.333022875582913969e+01 6.330212195380185136e+01 6.344581416083585879e+01
2.598796264498069064e+01 1.902398838087989574e+01 4.588023153582921054e+01 3.923407626317735009e+01
6.135593048115138970e+01 9.457384219894527178e+01 6.747417274380882191e+01 6.473864309998737099e+01
7.829041435845599040e+01 3.668100947554687963e+01 2.722543593844660847e+01 3.205156448277992354e+01
4.542677432026225404e+01 8.071328287116736533e+01 4.562996417905558388e+01 4.708165235526377046e+01
4.541015608370368994e+00 1.495897029133618261e+01 3.843696757343462167e+01 4.045802714643572529e+01
5.136107303271487012e+00 6.081429423831500003e+01 6.420571467374065833e+01 6.409004707831959990e+01
9.530677862704582992e+01 6.003631300235867663e+00 3.913513387005799160e+01 3.784730419703152648e+01
2.841496448900440086e+01 7.830085399381600553e+01 6.709944820283159572e+01 6.721877329395407230e+01
4.734840474656931697e+00 2.407124297822663550e+01 3.454436094605141250e+01 3.341933643043460478e+01
2.398415580575801087e+01 8.623416119638761757e+01 6.218240863057746992e+01 5.553580222100230657e+01
8.172942615886547912e+01 6.515859022678051815e+01 4.239495072741501502e+01 3.615150908910387528e+01
2.280749394417903630e+01 7.003522533116502302e+00 5.355183644607169668e+01 6.686113366644489986e+01
9.903260945268655746e+01 7.380418050142061759e+01 3.273455413990166107e+01 3.505881404425355186e+01
8.272048000867351902e+01 7.689840001764065391e+01 2.816357933534568048e+01 2.681225241363876677e+01
8.365630353048717893e+01 2.952090008783624242e+01 2.851954262844203924e+01 2.965773962467612535e+01
6.055786770307614830e+01 2.426713503318045184e+01 5.257479140952606400e+01 4.998870766598054871e+01
2.335118585932646340e+01 8.080114200967736338e+01 3.869610795177372609e+01 3.790769229076357760e+01
3.333178151652419530e+01 4.401327046176698587e+01 6.154884193426575223e+01 5.956416889915981017e+01
7.028761402991867691e+00 9.482070618154644137e+01 5.736057861238032274e+01 5.912603649903205394e+01
1.132257922512175341e+01 5.967882300144401597e+01 3.540658617935837071e+01 3.917236923378936808e+01
4.642251661891988590e+01 3.280792178971665152e+01 4.047253114449355849e+01 3.412210745193029737e+01
2.301812788712577174e+01 9.049184203442669627e+01 6.398964360832519560e+01 6.644199308057571329e+01
8.937575082770464974e+01 2.561310909621152732e+01 4.205103580765322846e+01 3.904382350193780127e+01
5.183981907879687867e+01 9.115490483051731019e+01 3.259515439544352944e+01 3.058223903989599535e+01
1.566721343475180284e+01 7.087323325648647199e+01 5.393544160068963578e+01 4.887354173155162584e+01
6.095812963036006948e+01 7.172716891873359657e+01 3.687502145056203062e+01 3.301882245431503549e+01
3.235473582966508133e+01 2.524692975212795432e+01 2.789353086376876689e+01 3.171064992868978294e+01
9.849042491349125328e+01 6.080622853051112031e+01 5.007794909406014483e+01 5.542266627899409315e+01
5.955492804058533096e+01 6.090661692544983197e+01 2.184704310194636179e+01 3.204696221278899060e+01
6.511683891270838842e+01 7.654584472468638978e+01 3.578885307256892645e+01 4.068801435787574405e+01
9.812446006823907396e+01 2.817525783417406160e+01 4.413990910803554613e+01 4.386029868146545141e+01
6.297790798663305267e+00 8.733413076045997059e+01 5.685721531402141693e+01 6.194837448003878677e+01
5.302190478209936941e+01 2.829279290829038729e+01 3.502151301315095111e+01 3.432518303127622517e+01
5.117949942754186310e+01 2.521761702820035644e-01 3.750589441131062785e+01 3.487545597361029337e+01
4.387115488838004751e+01 4.319251213459225625e+01 5.567894769188465887e+01 5.758243034303356467e+01
5.816905847476802194e+01 8.562963087989713529e+01 3.083554392289514823e+01 2.797274096012878530e+01
8.216712643680159545e+01 5.659337486920472315e+01 3.005295497171469776e+01 2.989109103979197357e+01
2.951260440060771018e+01 3.611375171057245126e+01 6.226932426199754644e+01 6.885281458457188819e+01
2.308117313599491638e+01 9.203335616722674217e+01 5.749125841779003565e+01 5.334560750013814356e+01
9.200157769960067355e+01 4.640435857915470308e+00 3.426113704614733990e+01 3.202276521636536444e+01
3.660971584220085173e+00 4.361470999157448603e+01 1.175670704732277905e+01 2.754707417825089522e+01
4.168406592603677296e+01 8.388515842643772658e+01 6.230710334025191344e+01 6.534831665278774437e+01
7.092620937795001623e+01 4.217988192845309214e+01 4.264648002270548943e+01 4.648710858209741303e+01
6.078237721413878347e+01 5.013428804247793380e+01 6.240209399944638591e+01 6.422843999974185181e+01
8.911031441677027942e+01 3.214357453070171289e+01 4.060057732820758503e+01 4.238990010992228008e+01
8.084022997975611702e+01 5.951171308246038194e+01 5.479144436766492277e+01 5.424972640570013027e+01
9.266419675334451256e+01 5.360249609770507817e+01 5.149386795873098777e+01 5.422115247297846707e+01
9.132442257836336807e+01 4.083866600177006490e+01 4.685613761334125371e+01 5.067195907698121005e+01
8.453869475924619792e+01 6.092463103757778953e+01 6.095015963905810708e+01 6.564982249480401322e+01
5.437389561639286484e+01 3.860679334517257644e+01 4.425372157772934401e+01 4.182607169541077496e+01
5.236005730592373197e+01 1.283961718022515974e+01 3.594877338521198595e+01 4.064163108443990780e+01
2.585247385449545021e+01 8.912929267033972280e+01 4.827100462391418034e+01 4.578101684444583697e+01
2.002159970845017867e+01 5.202984694984502667e+00 4.382274945490999585e+01 5.188760640460735374e+01
8.066361217252597271e+01 5.859691786998955365e+01 6.063453054846117141e+01 6.490229008966028346e+01
8.785618432651453702e+00 8.579306536685336937e+01 4.836900262647856152e+01 6.212374529408688062e+01
8.371474313251172816e+01 3.180064193944003392e+01 3.388429515830208061e+01 3.022224497650461927e+01
4.049457807988615343e+01 2.529140898963311290e+00 6.028963394464069836e+01 5.558120406316768225e+01
2.896960205987718595e+01 4.329471211954022181e+01 4.884694822499352540e+01 5.761981121280882689e+01
6.451261073803382651e+00 4.859817845641028100e+01 4.263196668043147497e+01 3.543635423338953672e+01
6.572131996684672117e+01 9.944301792002706009e+01 6.521083405159366464e+01 6.079767447000415359e+01
6.066815461912911900e+01 4.099279333510724399e+01 3.125802588597607112e+01 2.815185406131506696e+01
9.110737569064791330e+01 9.690018741421529569e+01 4.967761755877278063e+01 5.366076995545110861e+01
4.960348094062643298e+01 2.460741422768284536e+01 5.820092808819129715e+01 5.763438357011228419e+01
4.199338384714357630e+01 2.059486447171970980e+01 4.236764096178475825e+01 4.290462273990451081e+01
6.638898356775905540e+01 7.091331078599106164e+00 3.334180014460164898e+01 3.175796776652063969e+01
1.779489001282519300e+00 7.494955054616755774e+01 6.406912676167007703e+01 5.761669191388843814e+01
5.619541425098686460e+01 4.093790817702307550e+01 7.728064074086560709e+01 7.423343759583620738e+01
5.413288592698037860e+01 7.939677260436359063e+01 6.104112036936660957e+01 6.494273832088083509e+01
5.749548855528562541e+01 6.806239284027364533e+01 3.396453230720148042e+01 3.465404288775032171e+01
3.619540716482288900e+01 3.142700982209225558e+01 7.121089328535755669e+01 7.077921111235879437e+01
1.616403356707742844e+01 1.302528031292438104e+00 5.961964467224923681e+01 6.028656221468215648e+01
9.423813647342053912e+01 6.094079169963046638e+01 7.829216529408951430e+01 7.402603539030162949e+01
6.727907094660301368e+01 4.974366535230162611e+01 7.183924017838459974e+01 6.934146404153294441e+01
8.241041238552217862e+01 2.247316441716979796e+01 3.361304804831455328e+01 3.278138290715376257e+01
1.786317131268852876e+01 4.043762007162455774e+01 4.948390678198748560e+01 4.966214073580463406e+01
3.155988352855745305e+01 9.640282908324397226e+01 6.893408646762125613e+01 6.414505429195259012e+01
1.461546822742135809e+01 8.296857115563676643e+01 6.455736368731712105e+01 7.123716646792014728e+01
2.937468016255609982e+01 9.783402327965833933e+01 4.373630628517774710e+01 4.661108969934400648e+01
6.039282843853099081e+01 6.936770364519220777e+01 3.894135425491040081e+01 4.241522511151483599e+01
6.845960501163268930e+01 8.445099182672855420e+01 6.005462390010362128e+01 5.409349965532310733e+01
6.956277454030247043e+01 6.203030900433797967e+01 6.449822620531418238e+01 5.764225622448122976e+01
8.111178727406951339e+01 1.386014980982017697e+01 4.868294279374213573e+01 6.542397872143700965e+01
2.487156819788625128e+01 1.681068612061337220e+01 7.343253134949991079e+01 7.231957642948022169e+01
5.380969354728370035e+01 2.161853323786677805e+01 3.100000112115450790e+01 3.325977589376424959e+01
4.600120970807080312e+01 6.238072639208750303e+01 3.767677402044115809e+01 3.127034942046195454e+01
7.771197568889053997e+00 4.010693106567825339e+01 5.939807532071446872e+01 6.156925501671712198e+01
3.671290894369199265e+01 1.249039053242029240e+01 4.048321339852252976e+01 2.855544268319341228e+01
3.966130497427045043e+00 2.725493950616454342e+01 4.007352551136836638e+01 4.812366909006895810e+01
4.781653632766915507e+01 5.436963584751418921e+01 2.749911297899189222e+01 2.957893486067747091e+01
5.230413346148723264e+01 5.090046215620598247e+01 3.161780508762084452e+01 3.198728283813886719e+01
8.302003306564782292e+01 5.456411265935651045e+01 3.322697187465449531e+01 3.111708755419295258e+01
6.922338746454207126e+01 3.782229055060468426e+01 2.808606666790123185e+01 3.034304642998140622e+01
6.633178436744809403e+01 9.808165824953036349e+01 6.267150801038488339e+01 6.467811487901843748e+01
8.816149409898382316e+01 3.291034310477686375e+01 4.069537824742555898e+01 4.603534346994300819e+01
7.747642097322419374e+01 4.485157072182317251e+01 5.310680198223630555e+01 6.313476730032829209e+01
7.437626742528902923e+01 1.093539333549730053e+01 4.049177133688056784e+01 4.229768217208875569e+01
2.319838370673728178e+01 9.847416071366738777e+01 5.022801292685278440e+01 5.473222470175203114e+01
9.510654401441634320e+01 5.050287713869992956e+01 4.718745867712910069e+01 5.356709844102341833e+01
4.491385371444650332e+01 3.348752761329502192e+01 5.337014971765516691e+01 5.240707764886716546e+01
4.525546619485678690e+01 3.674687662355413664e+00 2.604352334235024813e+01 2.835928816004010145e+01
2.131228001055583832e+01 8.674356023210665967e+01 5.988699772268414279e+01 6.110078640215299117e+01
7.636831004497274478e+01 9.568260377492805446e+01 6.440392725264099738e+01 6.449221447854093014e+01
5.058319371390709307e+01 1.621319452751701817e+01 5.768197875912521511e+01 5.351788185970420386e+01
9.113945368072839415e+01 8.426226174758201637e+01 5.868099726353310785e+01 4.979640313939797380e+01
3.770831738849881276e+01 8.697875106421115277e+00 4.696489233316237488e+01 4.680608571671143636e+01
7.520794375295791667e+01 3.602737197330105801e+01 2.354468255516643893e+01 3.082088406591518748e+01
9.313797192709533590e+01 8.215557004579923728e+01 6.382756194201446931e+01 4.985330975000326248e+01
9.929650018193221683e+01 3.663481847086652721e+01 4.536698469670974276e+01 3.624950253063573768e+01
5.759182874984858813e+00 1.690718025567650074e+01 7.545971985577922680e+01 6.976243363301651357e+01
6.888931080324472589e+01 1.332185940401232571e+01 5.020645820015676719e+01 4.517056763012233489e+01
5.297177482036796725e+00 7.821950850680738654e+01 6.158188997898702866e+01 5.596615052832618176e+01
3.151993466543491351e+01 7.209325483419112857e+01 7.823657951511596309e+01 7.220507599935689313e+01
9.338989713039693186e+01 3.677746721542636266e+01 6.860167359799550013e+01 6.830551484028548259e+01
3.167314138400323387e-01 2.821116061035976585e+01 5.382772395448300529e+01 5.761644054172228380e+01
1.782932616365523515e+01 9.078665337327582563e+01 6.475951176130153897e+01 6.981217559649331861e+01
4.778829946319898880e+01 8.147017590666546027e+01 4.508861914651037495e+01 4.907493133860459977e+01
5.586530119300094555e+01 2.750995553920998482e-01 3.657005301950735543e+01 3.308248495611127282e+01
1.387904723509697469e+01 6.896886806622910626e+01 4.790269589757338053e+01 4.945685704315418008e+01
3.017575572502308034e+01 4.678323393717423784e+01 2.096298879513461699e+01 2.645146009984628677e+01
5.113587887333509485e+01 6.189464961388172526e+01 3.026056209087037985e+01 3.123331712771230428e+01
9.666976167943212772e+01 2.818509585194898293e+01 5.888779971403042879e+01 6.148803218499989498e+01
9.934167051071288768e+01 8.810943963834458259e+01 5.363298252861060433e+01 6.594735235445637045e+01
9.903745229672121297e+01 7.013698617326146234e+01 2.087004161418093418e+01 2.506725769996266351e+01
4.055962104358064124e+01 3.344933340115510134e+01 3.440137082711891736e+01 3.282557404113067179e+01
2.206133316835425973e+01 5.326327440287820281e+01 2.243026268249746025e+01 3.044961130971518060e+01
9.694585668207076878e+01 9.186731725779644364e+01 3.807675721577198402e+01 4.898085780960586533e+01
6.886018763161109746e+01 2.781112474243564492e+01 4.468412544652969132e+01 4.252989335845060026e+01
8.717390879121647629e+01 5.109769156255563871e+01 6.597444282694604567e+01 7.016372671832803576e+01
5.633630475609838584e+01 6.944782605440091849e+00 5.958348969007224127e+01 5.273803039179115615e+01
3.040452696358075713e+01 9.398266426442478405e+01 2.501339571492442460e+01 3.245574986554029806e+01
4.008631794863804743e+01 8.327570558710377213e+01 6.716655498036951144e+01 7.005339647143883042e+01
1.759416324782620933e+01 9.180475698814484531e+01 2.455173904884596681e+01 2.708715586299812017e+01
1.474839747372674914e+01 5.476682345123463591e+01 7.112405918029395480e+01 6.118275456874619778e+01
1.671109373772627915e+00 4.962599780418387496e+01 6.146466324829038541e+01 6.340665759104264509e+01
6.896742011028430852e+01 7.197258356007085922e+01 5.581084412165240138e+01 4.567999788967195229e+01
2.233603327342402878e+01 9.422006614765466281e+01 6.966664676636618481e+01 6.871732830554877580e+01
4.849736889393819084e+00 2.839182909183890402e+01 6.291222193389994999e+01 5.792036721570998736e+01
5.841946353345618093e+01 6.338277869439426837e+01 7.172829719321066477e+01 6.280078584668446240e+01
1.903225359273841288e+00 1.050855951724428650e+01 3.594834518272126189e+01 2.717011212050181967e+01
1.548599975215817537e+01 7.532004254455415548e+00 6.409643959973318772e+01 6.677433943901318969e+01
6.658565440578772154e+01 7.353453218142021797e+01 2.717787742083013214e+01 2.542290671283294046e+01
7.948937497064974878e+01 6.290575985596337460e+01 5.200625751846133937e+01 4.587044252494609964e+01
1.498549205852943800e+01 9.459278612960757471e+01 5.074743546634075386e+01 4.696822317613448661e+01
4.828751219726896693e+01 6.268036302454730446e+01 5.043724931391522404e+01 5.231827431254117045e+01
9.671156173713613668e+01 6.921053978139171647e+01 2.513189686263154243e+01 2.856030609363845585e+01
9.096769219050845834e+01 2.940297381551043543e+01 3.716050993008563097e+01 4.791245189417506367e+01
1.021236980202133715e+01 8.999665197961907381e+01 2.861120232278630127e+01 2.831293227126381495e+01
7.851121821074391605e+00 8.252149949045730182e+01 5.474200518730560105e+01 5.252493445034486541e+01
6.691974493788006839e+01 4.928543389049369239e+01 6.978030849052785811e+01 6.472735435355892264e+01
3.136609091756685785e+01 4.540935446043324930e+01 4.287507412983116240e+01 4.492892582579564476e+01
7.350827680267524755e+00 1.915939679029951037e+01 5.515342496463606636e+01 5.978427898873597712e+01
1.565506749278556775e+01 6.411531288601565848e+01 3.989929166702471974e+01 3.785278222585490937e+01
3.000264054648956602e+01 6.267300866887852351e+01 6.851726903015472203e+01 6.077239297226508086e+01
1.242032939637738309e+01 9.438047089917395738e+01 3.410441351902091611e+01 4.140648940870334371e+01
8.462283231154110297e+01 8.182380281919299136e+01 3.960718539166900598e+01 3.497884967523253863e+01
5.886075856938553841e+01 2.578256959359397271e+01 6.898516287463014862e+01 6.689747173299528527e+01
1.480342281846414032e+00 2.685080419679184516e+01 1.910524864594867012e+01 2.729781082546253757e+01
2.413706380040039434e+01 7.069681799126557564e+01 5.784709230137240610e+01 7.101401012838061888e+01
9.566755370794906810e+01 2.337757539544416119e+00 5.379147001977388243e+01 5.826111642692748660e+01
2.179983043884345761e+01 5.578763158688504120e+01 4.664470897588911669e+01 4.844989607511292462e+01
5.521861089347360974e+01 8.462320881248672322e+01 3.198202868008464961e+01 3.759317764978614917e+01
4.381006887910488956e+01 4.704134760448098973e+01 2.787280433353797093e+01 3.104619975446841451e+01
3.797902614779552266e+01 5.985130794667752241e+01 5.801877633045323535e+01 6.960674637931170139e+01
6.364353445734805348e+01 3.518179154201411052e+01 3.158314951530570980e+01 2.909118595553759690e+01
1.952928029691902712e+00 2.454105920874615165e+01 6.549763230620260401e+01 7.425899825662037301e+01
8.700225271891717682e+01 4.659327833010923570e+01 6.663765241924039628e+01 6.560842723734678827e+01
7.825056359493592595e+01 5.752678371465414386e+00 4.782221148831177970e+01 4.255016624958219040e+01
1.350945565953097827e+01 6.636489895040385534e+01 5.216381965906516882e+01 4.874547863934807879e+01
6.449442964700846659e-01 1.506544886606338096e+01 4.229066318539192793e+01 3.663664216262970541e+01
8.023439989819529217e+01 2.817854966045586451e+01 6.256732123887586283e+01 6.511266318852088375e+01
4.111566379553066497e+01 2.343317919660079696e+01 5.142471142828586039e+01 4.946942714362121052e+01
4.403639311787980404e+01 6.477709884140045915e+01 7.017757704875529612e+01 6.207189527815349805e+01
1.760877582692021903e+01 9.721832752385928700e+01 6.152653679709730028e+01 6.127018872342561195e+01
7.970473944545908296e+00 1.410509210702365301e+01 5.748300268556906190e+01 5.297504639101028800e+01
6.035055034496197379e+01 6.868871185923984513e+01 3.935140126636207469e+01 4.012121259769025272e+01
7.738986689668229246e+01 9.743585996158886076e+01 2.710949430798830306e+01 3.463703005073428898e+01
7.030286165379459362e+01 9.284686523951567949e+01 6.862867626170427116e+01 6.817985182533503519e+01
6.811094986442594745e+01 2.237725690852066052e+01 5.351302003196929036e+01 5.394349189094858588e+01
7.429791344889568450e+01 1.363537951107575097e+01 6.224518744903452472e+01 5.727841485686764145e+01
7.037810050346648438e+01 4.121730468096116340e+01 3.072083868231905157e+01 2.882812441354174027e+01
5.081848832868702459e+01 1.170262681089262458e+00 3.009755154104091091e+01 3.045126264999600707e+01
1.903212231560176093e+01 8.717463771925572757e+01 7.575493571438893525e+01 6.814944620320255808e+01
5.940127009080840281e+01 8.631339625231612445e+01 5.844414641406358868e+01 5.891931307371375226e+01
2.132348654455308434e+01 9.051989794921322385e+00 6.995964528177350417e+01 6.459971334984795988e+01
4.082835132231969766e+01 5.827187021330221484e+01 7.060024095671911937e+01 6.348277912568737946e+01
8.511034459651455109e+01 6.783262046312631810e+01 2.505617565679805381e+01 3.205338405281757019e+01
1.097778950573919943e+01 6.475189872990458184e+01 4.377096464167391332e+01 5.038325784971529941e+01
7.254156307864512598e+01 2.022608776840129252e+01 6.897754559960694110e+01 7.015823640423305108e+01
1.072280289438509726e+00 3.051121396784092354e+01 3.988215314075437590e+01 3.956313035211715601e+01
9.235645823926208919e+00 3.598780123338342918e+01 2.742076050602447879e+01 3.576713599214080830e+01
7.125410555436151583e+01 9.728577294847414692e+01 5.374881528341916237e+01 5.124259278699584996e+01
4.984902270344142750e+01 1.873186197019103361e+01 6.337881989072918998e+01 6.320901678122292822e+01
5.487234883490735626e+01 5.949348434973730093e+01 2.075301354128021813e+01 2.694752469767193048e+01
2.083328574885360140e+01 2.762181685109498375e+01 7.117215917272375236e+01 5.934644270519668652e+01
6.062660635323716463e+01 8.457626461178045929e+01 2.956585718430982013e+01 2.588251322983295211e+01
9.120680598883183166e+01 7.437061619833583848e+01 3.950116700136969428e+01 3.450934046962331792e+01
8.068506011387654553e+01 2.756442302422773594e+01 3.302582483688556181e+01 3.634635233443510316e+01
4.143481084316265850e+01 4.337282797746097174e+01 4.113407904150216865e+01 4.199613074674667246e+01
9.893646425518628007e+01 6.106420666317775670e+01 6.128984369815179889e+01 6.181123139193491767e+01
4.043046580626565856e+01 2.304206653566246388e+01 2.326781768220851276e+01 2.595256553764651741e+01
6.623155244421266730e+01 5.010703207072771193e+01 6.589508470054467182e+01 6.477534011243093914e+01
5.326777265912498649e+01 1.910354777600769083e+01 6.325337688044396600e+01 5.638473051812057690e+01
5.521857391706480911e+01 5.857603583708912254e+01 3.024553798310106600e+01 2.674248218979558445e+01
6.814458761198208947e+01 9.376537855579782388e+01 2.118665397323023925e+01 2.495549862671802188e+01
5.576719047025666498e+01 3.310942920003557788e+01 3.439829760610969345e+01 4.300945915910077844e+01
2.902512201909067713e+01 4.554801723926418333e+01 3.370416884881449704e+01 3.720352506881393140e+01
5.479463040706094290e+01 7.735172522712942111e+01 6.744612834443735494e+01 6.855665519064879732e+01
6.820623474272546893e+00 7.829726698690475217e+00 5.561700680497534677e+01 5.362183178919732995e+01
6.391151283898032176e+01 2.114130157759041140e+01 7.452201266915180611e+01 7.423579466397703186e+01
7.513742653580106889e+01 8.364309058326702129e+00 5.652924095178975250e+01 5.459550263940174375e+01
7.229751935086204639e+01 5.311537308992526363e+01 7.305914330966170667e+01 6.912672428837873895e+01
9.432409665177221569e+00 5.286558321768563218e+01 2.912764918164454286e+01 2.924593674259616094e+01
9.726194632229730530e+01 8.571179506239016632e+01 7.332756958339768971e+01 6.765147396000512003e+01
3.252382321067103277e+01 7.327967196911529868e+01 7.364169117764490125e+01 6.945294141562519030e+01
9.970920176102485755e+01 1.221967618292380031e+01 5.428108956481093372e+01 5.172988645595429347e+01
7.905562387626372356e+01 2.012636022608924691e+01 4.850526680954726544e+01 4.438174726387454427e+01
2.993364571893653192e+01 2.110230763388403119e+01 5.582887464374168474e+01 5.765583373939025336e+01
4.833506633888832482e+01 3.592637747255975711e+01 3.255179816312652008e+01 2.994546517650858775e+01
3.107566082035577892e+01 1.900940896880814890e+01 4.754838061832867879e+01 5.424022336601131400e+01
6.903441679766652683e+00 7.012790061297067723e+01 5.183582663019335968e+01 3.919224780872448832e+01
9.048629184955270688e+00 8.698240088870313969e+01 3.767052024159226420e+01 3.575269241956172550e+01
1.337026821096699614e+01 6.356280558356951360e+01 6.626005028802849495e+01 6.444057236985720749e+01
7.466514328375950527e+01 7.202454007749818743e+01 6.595199546699549842e+01 6.905608147155547272e+01
9.123766137307181623e+01 1.821403093197793144e+00 3.665617198714902258e+01 4.494913206621713186e+01
5.518636358344989645e+01 5.067578180237690333e+01 3.183252130562672733e+01 3.100224071654361069e+01
2.566906738660631504e+01 2.098498175628471518e+00 2.729548676404711571e+01 3.324475778318763020e+01
6.179987284969893580e+01 5.277458259928180517e+00 7.408626299617733935e+01 7.057677246918188985e+01
1.795438707941669065e+01 9.048966114731264554e+01 3.126625433459103576e+01 2.755403003602852152e+01
6.914791822415790534e+01 6.661833328505900909e+01 3.653195631648434016e+01 3.673712761674504890e+01
3.722586418947522446e+01 6.003546855090817758e+01 4.822537385606216986e+01 4.877328999394926967e+01
1.985286903854141016e+01 1.103222968790781344e+01 5.769716547767951198e+01 6.398799954009906088e+01
4.789802146742482947e+00 7.998686045285441537e+01 3.944774409821187078e+01 3.913894947973009408e+01
1.106057519406644651e+01 8.667827871156571007e+01 5.442446209836145954e+01 4.521566357244533663e+01
7.082768256572360599e+01 8.178877421287492666e+01 5.438155068426659966e+01 5.163228265162951658e+01
6.751624290976668874e+01 5.605980707077789305e+01 3.554285305079493185e+01 3.782634086324541300e+01
5.688607973611775748e+01 2.574653325319257036e+01 4.402791708407852411e+01 3.838445208026522693e+01
2.807754072602432061e+01 1.228877894613890120e+01 3.218618563899061513e+01 2.726532173042789253e+01
1.386210633674896897e+01 6.174363798900691336e+01 6.074818174490111033e+01 6.242434961176651598e+01
1.742015086764828879e+01 1.921053307351483497e+00 6.519951406635723856e+01 7.317469538823517894e+01
5.349820808868499533e+00 9.799402385724459918e+01 6.096202837988810330e+01 6.442931591381012879e+01
4.703963528439722808e+01 4.299925400243067486e+01 5.730706585169313882e+01 6.071149691358787948e+01
9.062443672021490926e+00 9.300190588194958252e+01 6.256420685518777702e+01 5.953939808608123485e+01
1.839784976109087822e+01 5.625810537646628262e+01 1.332565058330116337e+01 2.535404895549840631e+01
1.755271755831211422e+00 6.305169852139979980e+01 6.484833418701278163e+01 6.265327911564114061e+01
5.836965828034155379e+01 1.834832043600230733e+01 6.034298584947670463e+01 5.677393446302612290e+01
5.651094092451980799e+00 6.092383555719222699e+01 5.540170191076187933e+01 5.893541489553862078e+01
9.806541915625388128e+01 9.762410329365749817e+01 7.723196933737526138e+01 7.314004779116936561e+01
4.896558578716982879e+01 8.146066843749208886e+01 3.129182706552193594e+01 3.131185357186162932e+01
1.940018144152130120e+01 8.467671995266636031e+01 5.710283912504524295e+01 6.039776279241627321e+01
8.448286249545816418e+01 7.313241766744380357e+01 7.340759156936286445e+01 7.365465899786110526e+01
2.398740590360515057e+01 9.701539625917217791e+01 5.972909995612061351e+01 5.168202923903329804e+01
2.372584876346903826e+01 4.971308034842127910e+01 2.190948227001153725e+01 2.873883443533577875e+01
7.584467000075756005e+01 8.706470331296712217e+00 4.894451812312478012e+01 4.634375569064874867e+01
3.600900958135508034e+01 4.772398748089312903e+01 6.046247722022537374e+01 5.698204358689282856e+01
6.686630898116874278e+01 5.542147153188827957e+01 3.513139208218557741e+01 3.244251458717846504e+01
8.909172805649031091e+01 8.139205801795823092e+00 4.662560542434950150e+01 3.913928997915547825e+01
7.755648384674806550e+01 6.087266529140089588e+00 7.053352168113011089e+01 6.828197671370629962e+01
9.626521402274273953e+01 6.515939141137936019e+01 2.969709573515703127e+01 3.877241408002274170e+01
9.296974986654456075e+01 7.405941994761869296e+01 2.846072118270419793e+01 4.152480855131072701e+01
5.172964958900732313e+01 8.960566874979846830e+01 3.464997710168476885e+01 3.048338831316332431e+01
7.522579264738260463e+01 9.012547971029316329e+01 3.072549811288111243e+01 3.640486949795597837e+01
7.820463029629901541e+01 2.067658594337006406e+01 2.861209078237871850e+01 2.766866554128482392e+01
4.932148435955936350e+01 4.497345010699739021e+01 5.205701068698809308e+01 5.422089457881834562e+01
7.684812292873060358e+01 3.999761490871420477e+01 5.058408624590590108e+01 5.668159246189524936e+01
6.446967183511181076e+01 9.096379223066560371e+01 7.075528311402199222e+01 6.424359691651601167e+01
4.724850253713821502e+01 9.695903364546006742e+01 5.473287423431494148e+01 4.536587049473475730e+01
4.596159958719498206e+01 3.314047647274550457e+01 6.575548758333388832e+01 6.648099901514000010e+01
2.923801127152637491e+01 3.957708321670382645e+01 5.520766962812477630e+01 4.762589110986887420e+01
3.648676093204112902e+01 9.552866138494954384e+01 3.920270560789770542e+01 4.596411102250963410e+01
5.262086767240160867e+01 3.552428610103552131e+01 5.961313881282618610e+01 5.345221542318337526e+01
4.043110980204392746e+01 4.944322008289883286e+01 3.567313281123054480e+01 3.122814776931951997e+01
9.855746299043461534e+01 7.077603058254037194e+01 4.489314454335112714e+01 3.927911487755832098e+01
9.453679748120026716e+01 7.294199932542568376e+01 5.581427284406552758e+01 5.725154914659903227e+01
5.906861463822520619e+01 5.389920090919608953e+01 7.070493049229882843e+01 6.590113050394189997e+01
7.020642580272864564e+01 4.140279237553608027e+01 5.983789431994963337e+01 5.528280937001163409e+01
1.123898266537692869e+00 2.271954146877031988e+01 3.327115819323739032e+01 3.862803824198815761e+01
3.156749640988132377e+00 6.079041242971477033e+01 5.688003488837579624e+01 5.266242083407634311e+01
3.536052762364859348e+01 6.365137033462742622e+00 2.959832137162080556e+01 3.757224035405454288e+01
3.217365163129623085e+01 5.232442393090568089e+01 6.610837672688546718e+01 6.985835025334122861e+01
7.490556122084079504e+01 2.459030425632666805e+01 3.217705702484969521e+01 2.514197012116702723e+01
7.779433028274257822e+01 9.749904652686970508e+01 6.931110595470572378e+01 7.420909716258977085e+01
4.062707016472842980e+01 3.897441836269749160e+01 4.885811449750450919e+01 5.676366558704751242e+01
4.168697833644373674e+01 8.283262460927457482e+01 4.650020130266928930e+01 4.764375792904139928e+01
6.129248505227390353e+01 3.033353823949871497e+01 7.425371624554654204e+01 7.122467337477473848e+01
8.960825606325921910e+01 1.393911737303507081e+01 7.245228385789238246e+01 6.857762116701721311e+01
5.145199982883432455e+01 1.121192501626988580e+01 6.515926064807247542e+01 5.918416891312820383e+01
5.210796961040165343e+01 9.905151154502125621e+01 5.092288138481110593e+01 5.802767071211405181e+01
5.971334852174272356e+01 6.931321751936010855e+01 4.684352787070936586e+01 5.550265750431894674e+01
1.488021071284564201e+01 5.324203355333041543e+01 5.675373675354185821e+01 5.316415160296171649e+01
4.363513239631892304e+01 6.547625285062504474e+01 7.002844320692973668e+01 6.981632303401353568e+01
4.457486230680721917e+01 6.955104764582749510e+01 6.528730929701598029e+01 6.934799985258834454e+01
7.966583738498374601e+01 5.862768484196184460e+01 2.535386625191753396e+01 3.118901712928121128e+01
8.178464430604302038e+01 5.475938611030672476e+00 6.991833749902953343e+01 6.541660266347071229e+01
6.878521850421537920e+01 7.670116940184213661e+01 2.099274272794929885e+01 2.597490244405731730e+01
4.896238314101744038e+01 8.928589891793581756e+00 7.467498825153475650e+01 7.168810095756768419e+01
7.715701704845335485e+01 3.469133203708972957e+01 6.902895299335833101e+01 6.156852170790541834e+01
4.812389431174679544e-03 9.317976544659985905e+01 5.503832353083728890e+01 5.933119033846191570e+01
6.203388640619994732e+01 6.646594135390986935e+01 5.613690172183667215e+01 4.953948652113622586e+01
6.833254325358846870e+01 2.427325524497712195e+01 6.078541511077914095e+01 6.044114014668797807e+01
9.699520478171865534e+01 9.875538288615653926e+01 6.423598237167780667e+01 6.242692090539791394e+01
8.869877578719892597e+01 2.003493638486028061e+01 2.460786049522167929e+01 2.915345013321172729e+01
4.205485991200517049e+01 5.895842877533503668e+01 6.038172189682716606e+01 4.774589387674419783e+01
3.920680530523724627e+01 4.342917694302970943e+01 7.024971168239117958e+01 6.606820128913102508e+01
6.629958963989007259e+01 3.822970149609623292e+01 4.142442515210034060e+01 4.574753727903283362e+01
3.480389434215389599e+01 2.353850069533078937e+01 4.581383629241396704e+01 4.604464815130407374e+01
6.864341319025403720e+01 7.419667053142930513e+01 7.788736482559626495e+01 7.206741750495886834e+01
4.770499377168822264e+01 7.939044001326908528e+01 6.300447206413532797e+01 6.095362111297993835e+01
7.445671952103164415e+01 4.190314170841274688e+01 4.859884945659058531e+01 4.842523881806631181e+01
9.683192062321018057e+01 5.530068632834838738e+00 5.916894737431088913e+01 5.155444880361678628e+01
6.353995574791122181e+01 7.141228018277412559e+01 4.291525045518977066e+01 4.873993437382372207e+01
8.015083727334759089e+01 2.335708980467371276e+01 4.684299404952506762e+01 4.760257295936080624e+01
9.159565954656780207e+01 5.859372296875066866e+01 2.101176862323585937e+01 3.023277206789805760e+01
2.840900603188071116e+01 9.204466238957856206e+01 4.271439251099783263e+01 4.686356096921489467e+01
5.869854830067894369e+01 4.599321966253887695e+01 3.784380880484496146e+01 3.380744507471360549e+01
2.232791269324019368e+01 6.861915004846021304e+01 7.182420262721204551e+01 7.358229680998566380e+01
8.708273102516345432e+01 3.264494417513693492e+01 4.144975251389499959e+01 4.817719729492060310e+01
4.463340257206379391e+01 8.482746006672284977e+01 3.378921445934604151e+01 2.950185120122031179e+01
8.922798858564817692e+01 6.169391380480480080e+01 5.272867240336842798e+01 4.913207956544587773e+01
3.256145071274624314e+01 2.437116962811858301e+01 6.240584427773486453e+01 6.820820680447155837e+01
4.468941600565761263e+01 9.105160099320063694e+01 4.916387161140497142e+01 4.739269004687250941e+01
5.117949167011911271e+01 4.167232811360007361e+01 7.892629969912849219e+01 7.401625763203300323e+01
5.968282213652402390e+01 5.915102197690017505e+01 6.108222071639265494e+01 6.396649190002185748e+01
3.716276184384020809e+01 9.302394910430535901e+01 4.423891171074567552e+01 5.411054364850919285e+01
9.542388633182936530e+01 7.780902238487406919e+01 7.679674965078999094e+01 6.552029055257879975e+01
8.734041411394432686e+00 4.169420162710593303e+01 3.757007744220835832e+01 3.349848544850998167e+01
3.498513870303927575e+01 3.076922436530731275e+01 2.100749567900780335e+01 2.646033641292216387e+01
8.301433650525942198e+01 9.714920564732138075e+01 3.491554014678518314e+01 3.553392235918725106e+01
4.554028035496643412e+01 6.300731498609491865e+01 7.165490680232919374e+01 7.230880021222806420e+01
3.921566552412287621e+01 7.232001427265537075e+01 5.724143779729972437e+01 5.319366521831126704e+01
4.866686170088401298e+01 6.980753687315865363e+01 3.957538502235951228e+01 4.729038934864645682e+01
1.261099813368064027e+01 4.888933831212397507e+01 5.219158706823186122e+01 4.620723164068346023e+01
2.019021533999392304e+01 9.356193563286571191e+01 2.274756466462912741e+01 3.108061873245012663e+01
4.092275940840976745e+01 1.549296868447233066e+01 5.357966461869440877e+01 4.654555255980237405e+01
5.377512794871575075e+00 7.792266510822553016e+01 6.410862839596583740e+01 5.934973430964535623e+01
1.697950049356793301e+01 9.307422182814279665e+01 4.785953785959584650e+01 4.512893371084895477e+01
3.707135636457107353e+01 4.073437521701872299e+01 4.331582193471973596e+01 4.368400654480575440e+01
1.849996975019794121e+01 2.303676634248160582e+01 2.635638891855174393e+01 3.272697938158961506e+01
3.910688791514198215e+01 2.785851728470656496e+01 5.780401116288002328e+01 5.940182010871970419e+01
7.265034594069625484e+01 9.471096141455892337e+01 2.529145944977654281e+01 2.880364603565686110e+01
7.421790382951563458e+01 5.462628876648456533e+00 6.312457207616191113e+01 5.851774420047524927e+01
4.169069652234765755e+01 3.608003932591692120e+01 1.831234597845177348e+01 2.560164017675477766e+01
8.944786247667758516e+01 1.480878380401602357e+01 6.357393575301871635e+01 7.159532593713100823e+01
1.761411338741766386e+01 8.174314092138696708e+01 2.765648124156246013e+01 2.676818214591301981e+01
4.333873330247972611e+00 6.145186796748498637e+01 6.933875276153121092e+01 6.754225913893606048e+01
3.846706247974339732e+01 1.071125153151236731e+01 7.626678163876420058e+01 6.822142659657673391e+01
1.522247149149080769e+00 7.008024813019439136e+01 5.501396748253167601e+01 5.916662050462382183e+01
6.507971417200795372e+01 8.131846701995957005e+01 4.342277769929721387e+01 4.167191307587984284e+01
1.245154688336204174e+01 9.399832853908264951e+01 5.452621272468572755e+01 4.489799760189406186e+01
6.808170899535359410e+01 4.084366768920565249e+01 5.598368028535897167e+01 5.382825790290230117e+01
4.158340502680296424e+01 8.883051522966474067e+01 4.824993748657460912e+01 5.167846761898202601e+01
7.221886124756744607e+01 8.548777168075818622e+01 3.872295796229692399e+01 3.878788503659490061e+01
1.146632061419603588e+01 8.424542043725145390e+01 4.981684156873452451e+01 4.876197909567233779e+01
4.888059077349419113e+01 7.315486825385660552e+01 3.813876630735658324e+01 3.823761226254271861e+01
9.747369472575073246e+01 6.481795582653734300e+01 4.324833881994420892e+01 5.248032134700670781e+01
6.280545311504251771e+01 1.227409464589828048e+01 5.140524552935475811e+01 5.543498747304985841e+01
4.349713758317006551e+01 6.524581484879536220e+01 2.048872286917754337e+01 2.684609683057943030e+01
6.364450278487571211e+01 5.755977487667954051e+01 5.650515862904033071e+01 6.427479944721460470e+01
9.144751060090048611e+01 8.784449129510794307e+01 3.769499111663895263e+01 4.865983599694764195e+01
3.945225945362620479e+01 4.599089219551607499e+01 6.561756309664168896e+01 6.713347436805821644e+01
4.401159075767736795e+01 2.820025694262018234e+01 7.645165610361318898e+01 7.261397288684615603e+01
9.206160842256454657e+01 7.555477258413600339e+01 6.745037787662376161e+01 5.938026451381171711e+01
1.090699531779482090e+00 5.753262323301311376e-01 5.048768014355995604e+01 4.399340062470962920e+01
4.880624599134719688e+01 1.633640219009105010e+01 4.945195629702844542e+01 6.004703993774000281e+01
3.011655370012592670e+01 2.451321648345136239e+01 6.501723135725107738e+01 6.699892216555170421e+01
5.535289621161335560e+01 7.797442352181150227e+00 5.265265331751754019e+01 5.334468194155407872e+01
9.935649993533152724e+01 6.442728659696767579e+01 5.674941994810628643e+01 6.229189953399186663e+01
5.078363923675133229e+00 6.093957634322406847e+01 6.140154148945852342e+01 6.922494277865078516e+01
4.996672917814410653e+01 3.067658206529515397e+01 5.317427316146413574e+01 5.868099835917895035e+01
5.163018208762578354e+01 1.941555987656562454e+00 2.824692303274980532e+01 2.756583010541228518e+01
5.318534146714948285e+00 9.001547514476554568e+01 7.252231627851354290e+01 6.457081177136595329e+01
6.030542679324817357e+01 4.531254069036049259e+01 2.225731112886350971e+01 2.560036280583345913e+01
7.499551011040780679e+01 2.845807390476489118e+01 4.199554241477856209e+01 4.158110337094843345e+01
6.533152247691465675e+01 9.704766464417824068e+01 5.801170330420307408e+01 6.388777565570658368e+01
8.211927583636141037e+01 8.131053793945267216e+01 3.373287768335920589e+01 3.330509926747865279e+01
9.655570857640438476e+01 3.389082032837228553e+01 6.481105877909719482e+01 6.805499980824853878e+01
6.030445692995479590e+01 8.159045863814569088e+01 3.122855758892552203e+01 4.169050903394202123e+01
2.285870587048168900e+01 4.306676895328401855e+01 6.777365995807832633e+01 6.408356775866582211e+01
1.872469489387236052e+01 6.803521921518914439e+01 3.940936485720673232e+01 4.242890973525444309e+01
7.955752738926319978e+01 3.683581710330330328e+00 6.679826378293944344e+01 7.099606701070905501e+01
6.498223366499676956e+01 9.409354761253143806e+01 7.133675535640703913e+01 6.989926115878837720e+01
7.963018964232811925e+01 9.045910158531683010e+01 6.750519182919877892e+01 7.030088276859548557e+01
9.756521313912715243e+01 9.523515039590553499e+01 3.253278267641415056e+01 3.489526049312805611e+01
4.216937137181817263e+01 1.095366049773712724e+01 2.475442870180459920e+01 2.528158431654970428e+01
8.824212084869502348e+01 3.608499262793589679e+01 6.205526585948810947e+01 6.604286641712165817e+01
3.048131346144354836e+01 4.483363414581805984e+01 3.648410612382735252e+01 3.492511720686307797e+01
9.829052328596897325e+01 8.349408032137124280e+01 4.796867546204860133e+01 4.807147623129435487e+01
2.236755981064536414e+01 7.723220452263659297e+01 4.564534031957283844e+01 3.690852457621791416e+01
1.074993209922423532e+01 2.732624545555822948e+01 4.022746240235646553e+01 3.568061581880238009e+01
8.919274781260558882e+01 9.404167926325260396e+01 4.471569567717585869e+01 4.106177650695171621e+01
6.563638108010069061e+01 3.904784405261067093e+01 3.507167174921658415e+01 3.557862063986608092e+01
4.315954105976695132e+01 7.430761347826759788e+01 5.014407471415528761e+01 5.179107866334763344e+01
6.302381571061616228e+01 4.365711233085910692e+01 4.566289891511415533e+01 3.711792185455423976e+01
3.217969085876087831e+01 3.354619141411559013e+01 6.987357051503005323e+01 7.360739420883123785e+01
4.737062076893084850e+01 5.176836525300744540e+01 5.920029821593453079e+01 4.920871948349667946e+01
5.632350688751797918e+01 6.690954448552571421e+01 3.275517648407620186e+01 3.471545522552735008e+01
4.970029725103166385e+01 9.960769157965978593e+01 4.897859780612663627e+01 4.157544949412456958e+01
2.779974340199379412e+01 7.796843653655778894e+01 5.814047702136574713e+01 5.298366293315942954e+01
5.883249944624463268e+01 2.045439575449350400e+01 5.036870356947338223e+01 5.379807973301402768e+01
3.565421432142722580e+01 9.405592607568448216e+01 2.404481254080794628e+01 3.315942562157944451e+01
9.500276182293065474e+00 6.928490144422583263e+00 5.046151100994621430e+01 5.135372008101150243e+01
9.854962713920856743e+01 9.365049809018454141e+01 3.561971639189280836e+01 3.335622676393564490e+01
3.140147102448348448e+01 1.185409369756482789e+01 4.548864490728313825e+01 5.627782026768259982e+01
2.216072567423954354e+01 6.639000921162910629e+01 4.347517262399891536e+01 4.442771753543704705e+01
5.967386033710719850e+00 4.721836066344674521e+01 5.167606342967996369e+01 4.442847334781839663e+01
4.568990709144905793e+01 9.843091908625355302e+01 5.146127912377615843e+01 5.319872204448075337e+01
7.807878459797925075e+01 2.825908325375323571e+01 5.639417696444869676e+01 5.580227568679767103e+01
4.043261228494787929e+01 4.899651763271298677e+01 3.551661913907084767e+01 3.553318804673359210e+01
7.688552706898137501e+01 3.825737058156066439e+01 5.572485516185453491e+01 4.888572867376806386e+01
3.665509381665902566e+01 1.960186453048581257e+01 2.485023275022735234e+01 2.779777152934699558e+01
3.884633411734404973e+01 5.877253926912872117e+01 5.781622005994636737e+01 5.547775537629121345e+01
5.434296812585927228e+01 3.386719248874972266e+01 7.064556853165807127e+01 7.008325208173731369e+01
2.963302510918565247e+01 1.373686545749027665e+01 4.673587272271808502e+01 4.366179935611253882e+01
7.387311054624029794e+01 2.756824083584563656e+00 5.547463038319256157e+01 5.527853399795804279e+01
6.715277878140676648e+01 9.894282205052340018e+00 6.640723676838555889e+01 7.321247358665081606e+01
6.116473327375985036e+01 4.733566870432033369e+01 4.192580984256139942e+01 3.801584948442210532e+01
8.870697629157349695e+01 2.451480198974512703e+01 3.983100570133832719e+01 4.517348657024388103e+01
6.990785399174082038e-01 6.340483764363650465e+01 7.389715319532895421e+01 6.919260814228034917e+01
1.105439869700952649e+00 5.446390556178580766e+01 4.352722388639412543e+01 4.126898570461441551e+01
4.995017699989547566e+01 4.469380373650883342e+01 7.610206042154467809e+01 6.755932758837968777e+01
2.648524001824803520e+01 1.310285058122989632e+01 2.947322757766913526e+01 2.583994441636789219e+01
6.857437323304836241e+01 9.266494080645696840e+01 7.841322586084433510e+01 7.163505843577992493e+01
7.278776220711732492e+01 4.140619402133414440e+01 3.247945028633686348e+01 3.228888457668664813e+01
8.462773724729191827e+01 9.053932329290053360e+01 4.518824936509319912e+01 3.833011901580773895e+01
9.063098186644413801e-01 7.925310589064704914e+01 2.850688404722916403e+01 2.813734705867434371e+01
9.887865016920738270e-01 8.049885589761220217e+01 5.174141888168981751e+01 4.937175618424741685e+01
6.852107463384690789e+01 9.146898211444775484e+01 5.411738301381053873e+01 5.526872166574105449e+01
5.031940725789657876e+01 2.906621213482635113e+01 3.051938344399526315e+01 3.364784029953932531e+01
9.452876400049559535e+00 4.729201168617793627e+01 4.649550236177304186e+01 4.875073507258378669e+01
1.506002734275927502e+01 9.416053369059945055e+01 6.209664277671586063e+01 6.153940369732493565e+01
8.470711376911368973e+01 2.466067636802355878e+01 7.394128893979615214e+01 7.357474002922543832e+01
7.810307043339189192e+01 3.974352723870756421e+01 3.839534528834220595e+01 4.038407011557651316e+01
6.577962650257492783e+01 9.340768176021596148e+00 7.356241502175089408e+01 6.839633703163831058e+01
4.288675983941092618e+00 1.905903011208259912e+01 6.641437572413671830e+01 7.356243119460887669e+01
3.014131772252803820e+00 2.905094127781889668e+01 6.085190982103902968e+01 6.254781817589322657e+01
3.573686791491187620e+01 7.750250556294933801e+01 6.516521611507161538e+01 6.491559638072413918e+01
2.344014537237357843e+01 1.459289795923330857e+01 6.290469935870503804e+01 7.014846993938940045e+01
3.030467483185865873e+01 1.081319723393750998e+01 5.469090192652280535e+01 6.090427382885754071e+01
1.275685472154313160e+01 4.356118578222238824e+01 6.094151036580991132e+01 5.176242720179767787e+01
7.247826567743875614e+01 9.934799343336271704e+01 6.933624367011259437e+01 7.214506111951787659e+01
9.968347619611583355e+01 7.790448701974320045e+01 6.125003778578084024e+01 6.466330137360196773e+01
7.755681478094317072e+01 1.245553883994893241e+01 6.537325001261434920e+01 6.251221753870999009e+01
2.957239049516746832e+01 7.602712434028336475e+01 2.403739540314662193e+01 2.624306468307690565e+01
6.333579119730954687e+01 1.132690831589223635e+01 6.592914727882140369e+01 7.035603223140562079e+01
7.874895686293737640e+01 7.392171664576363099e+00 4.071369938772772912e+01 4.051721667437913510e+01
3.373178260096740644e+01 7.851810207232770722e+01 4.102857106531590858e+01 3.432031046289912268e+01
9.377849568016148396e+01 4.276995147387187046e+01 7.235782116411493803e+01 7.416828485090613299e+01
3.020787992734967986e+01 3.202300409685218341e+01 4.344459512198785944e+01 4.468937881517885558e+01
1.692647507154190123e+01 4.962058799500081108e+01 6.632143272984561122e+01 5.915842454441362008e+01
8.759873317074102772e+01 9.390691921010684950e+01 6.179074241186486205e+01 6.897153494373606009e+01
1.191481934725939773e+01 4.080102314975366795e+01 3.238185345582750330e+01 2.862214535008422800e+01
5.855918252204542540e+01 3.015145352395335365e+01 6.373136296671327017e+01 6.107327328440554481e+01
3.673872891519578587e+01 8.607903810304644310e+01 6.338838402196115140e+01 6.237077203337072717e+01
3.864797499874585185e+01 5.357990655656451651e+01 6.489419359523327557e+01 6.337176718768457562e+01
3.478096495859167447e+01 2.939786307580682845e+01 4.752549026080286154e+01 4.323355259129698425e+01
1.065366936083719196e+01 8.145369608625922808e+01 6.235495494176357312e+01 6.381150722319252822e+01
1.909820305402029206e+01 4.047954058617382600e+01 5.386724999816227921e+01 5.467660414205768404e+01
8.436098291374418068e+01 6.041199169449418704e+00 5.967222893673623929e+01 5.608196437701428039e+01
2.523724765214708654e+01 5.854142195007794314e+00 4.012291809806058041e+01 4.234250207733471427e+01
8.198769118260781852e+01 1.265650238139803818e+01 6.718419718044674482e+01 6.682328010779622218e+01
3.615861771567696614e-01 1.097374472124499434e+01 3.508503457684868465e+01 3.468231621165431022e+01
7.555707030995242235e+01 2.424796313956174743e+01 5.232470752399797931e+01 4.523268588656165434e+01
1.841885255233713892e+01 2.812784500731108039e+01 5.160052921737911191e+01 4.534276351940430771e+01
7.350138084607978328e+01 9.465438039363915479e+00 2.966966976280861346e+01 3.355448656276829666e+01
9.914005415521356213e+01 5.266598261114159385e+01 2.880440097848505587e+01 3.318687822924531616e+01
7.907768085725790286e+01 1.593107355250149482e+01 2.520468596720705179e+01 3.452572994757067448e+01
2.769802599749341354e+01 2.212767553722332536e+01 3.798546287624521511e+01 4.026812874247546858e+01
7.634448955760643685e+01 7.137081022743242897e+01 6.625239103837039067e+01 7.102063583750553732e+01
2.719558460388496002e+01 1.464265416489000060e+01 4.103155514738896414e+01 3.996546328323979935e+01
9.656358287081144454e+01 2.023635603217893575e+01 7.046398194407197479e+01 6.765287281134325781e+01
8.419386306424857480e+01 5.398435225427022743e+01 3.233230995267489050e+01 3.654765645797085938e+01
4.785587150803526413e+01 5.122687507844519672e+01 4.006370441880279287e+01 4.241212682425690872e+01
9.298424936337062263e+01 7.438831109425019861e+01 2.413016422549639728e+01 2.812242133479366757e+01
3.584257423801487619e+01 9.055482816039159388e+01 5.671731001852015197e+01 5.235102663425745817e+01
2.169977460603168495e+01 1.227847981191507643e+01 5.182268934748777411e+01 5.393820460668363381e+01
5.476857230291440715e+01 3.344144513546123676e+01 6.304160284191184616e+01 5.828113833002430511e+01
6.868468621938871976e+00 1.451396932661406325e+01 5.462738210112591730e+01 5.306861540595420479e+01
6.739198740845364455e+01 3.912034417144252529e+01 3.997877475422484395e+01 3.692433579387051168e+01
7.648895286111438452e+01 4.994621341729139630e+01 7.256554636438663408e+01 7.301794060115921070e+01
5.051912287527692058e+01 5.929053414052633997e+01 7.607146278696642128e+01 7.378400976448980941e+01
9.490868158193732995e+01 3.767161539353367772e+01 5.771171572259512317e+01 6.340070308050552228e+01
8.627315773354560235e+00 3.588038805688669441e+01 4.120492258893860082e+01 4.060696400204930256e+01
8.352373168240509926e+01 5.133924021256768100e+01 7.310663732984578189e+01 7.046699709768115838e+01
2.243139093057850886e+01 3.152218530711292654e+00 4.334087337134764084e+01 3.398089894563189972e+01
7.044318206475954014e+01 4.544635068414694956e+01 4.599783135112658528e+01 4.488759628247098021e+01
6.698050412383194896e+01 2.543888082830489950e+01 7.518897916419774674e+01 6.829788564659789074e+01
1.531135309057334304e+01 3.957506052859876888e+01 6.560081084709179322e+01 6.916099314389656172e+01
8.283690072301976670e+01 7.915310711650552378e+01 7.216855993076978848e+01 7.231601590376243394e+01
3.590963835363910306e+01 1.223043162937238471e+01 2.168342176929905918e+01 2.947522566498973617e+01
7.598865189554160793e+00 5.368090852774560773e+01 6.486830449042335545e+01 6.123501550412510852e+01
7.106573770668566681e+01 6.438632350104302304e+01 7.700113899022819908e+01 6.760110097838595777e+01
1.930722737967312952e+01 9.709866519036069121e+01 5.494744796854907776e+01 5.800236471379270853e+01
1.825022230005748369e+01 8.407461546868151459e+01 3.951912443125549146e+01 4.146845170393019231e+01
8.992221519747273817e+01 2.606771268344865078e+01 3.932217588042361456e+01 4.404378809602415856e+01
5.743550703038778948e+01 2.217755097808906584e+01 4.033569717378750852e+01 4.824042933355836027e+01
4.498646953614196775e+01 5.320072754668063908e+01 4.289541122325440625e+01 4.101199045610058391e+01
7.029209980619680209e+01 8.514710138868774436e+01 5.073635432245635712e+01 4.612443117714791896e+01
6.267125759567876742e+01 7.722756129146127080e+01 2.716411307441740774e+01 3.435969574541223892e+01
3.128829125959328294e+01 6.816065901683091965e+01 3.042532834097621119e+01 3.400232143140977570e+01
7.390403874984554022e+01 4.629736651457122321e+01 5.975443745272200147e+01 5.915171411346859287e+01
2.083682626208094302e+00 6.623950208835349684e+00 4.574669923029103558e+01 5.095518201789592894e+01
2.320062012818071651e+01 3.990512186711541176e+01 2.249986770175711470e+01 2.623506233547529831e+01
3.525986785447530281e+01 7.285425986619441119e+01 6.110092484541891622e+01 5.259176649895553624e+01
8.118170539169289768e+00 6.377456662457176861e+01 4.770771715592134399e+01 4.780867334708300120e+01
4.911832004296030618e+01 6.788833668893023798e+01 1.458555588835045391e+01 2.694791359061720470e+01
2.578039169919692597e+01 5.861071179372228102e+01 3.190272683733494929e+01 2.943677465189193754e+01
4.996929185709733900e+01 3.740051993732892299e+01 6.405537966440479636e+01 6.116329847601378589e+01
4.871453627808088527e+01 4.609935973168166612e-01 6.496808379453840132e+01 6.599054400381342589e+01
4.333512069306393499e+01 7.932155360131891086e+01 6.616843562366648257e+01 6.396225439830380566e+01
4.832361562451519177e+01 9.086616698450505680e+01 3.226120614414176657e+01 2.998045210824166062e+01
4.619480481247619963e+01 1.806365509475325126e+01 7.450365341015921672e+01 6.655400005138804431e+01
5.525197803669779262e+01 8.731840920006322904e+01 5.110902011564185443e+01 4.777442846467810966e+01
7.460863228216274479e+01 5.916804195320015936e+01 5.405946539617488611e+01 6.067436824826396702e+01
2.406252267293857017e+01 9.016454232550884740e+01 5.805315044577366024e+01 5.187123314809413444e+01
1.532323202346112012e+01 4.760511939304845441e+01 6.470622070490493627e+01 6.078104932134232996e+01
6.832355451381677369e+01 6.554275011031040776e+01 5.554934964649921625e+01 5.197370178920287032e+01
2.928059986951028293e+01 6.208897045993514752e+01 4.101497198886397655e+01 3.927694807812515165e+01
1.906685810211732246e+01 8.176993118476059408e+01 6.601170961251540348e+01 6.976171659387304658e+01
6.309911542136423890e+01 4.182027843427241010e+01 3.962805182393711334e+01 4.783408790724478621e+01
6.902626091854011747e+01 7.400055386090457432e+01 5.102132023643105896e+01 5.343532955895194902e+01
9.692692443485262288e+01 9.556995589188719009e+01 4.124294900127586061e+01 3.824095205284557153e+01
8.206222542831535804e+01 5.432678415984153730e+01 5.117558875571744892e+01 6.146131200049694598e+01
3.584494471335636234e+01 2.332049166502357807e+01 3.159152824556359462e+01 3.187885599406619619e+01
5.795393434937253829e+01 3.647838133702479269e+01 5.606978174642660662e+01 5.696618964368018112e+01
1.437020592674898012e+00 2.086147263740900648e+00 6.119808635302265998e+01 7.158880664999506394e+01
7.107073618692773209e+01 1.550597214124134204e+01 5.400934210977145256e+01 5.728676873334197239e+01
8.061128846621755883e+00 7.667784245332431681e+01 5.849210947248296577e+01 5.453061605463305028e+01
8.616669340141502431e+00 8.485861892000055207e+01 5.470186147767019946e+01 5.630696729039739523e+01
7.842633772952805771e+01 2.740478081979354030e+01 4.016185740792370495e+01 4.724523161154329642e+01
4.524700504143424240e+01 5.107829905154797245e+01 5.317089965810524177e+01 5.192097273463769369e+01
6.631287382441871614e+01 7.973141440866251628e+01 3.193716664382617410e+01 2.946541604407897808e+01
6.453059290176051377e+01 1.469379959460126450e+01 3.419263045780640198e+01 3.266542438858821384e+01
9.092239295496341356e+01 9.113081631625708212e+01 5.753245787430636682e+01 5.151507959805602610e+01
4.898864402897694958e+01 5.615757366260343275e+01 4.156415666478302740e+01 3.131268720215916801e+01
5.271545895806338677e+01 1.074244879370762717e+01 2.007421831657433131e+01 2.657320496871402682e+01
9.002165023806064426e+01 4.967912584296958300e+01 7.585449208966136325e+01 7.312826924315183419e+01
6.438410592868082816e+00 4.168265039248520054e+01 6.742402806643377744e+01 6.956328642194667111e+01
5.771771953713425773e+01 5.182523114132099096e+01 4.062542664278275595e+01 4.477647358298136737e+01
7.288533698737657573e+01 3.284989196978276027e+01 6.978198430863102431e+01 7.161762590389783156e+01
2.521711056651859550e+01 4.532321650999273288e+01 6.390174289267628183e+01 6.783459610962627551e+01
8.774649496717779584e+01 5.246211016193748122e+01 3.735246278123828034e+01 3.394741441736842802e+01
2.864648171450217973e+01 2.788366132106962070e+01 4.404836513396781328e+01 4.178585089551256004e+01
3.569149014715151935e+01 7.363458626893267933e+01 6.417520771315496120e+01 6.740143181476554446e+01
2.049576622322806330e+01 9.743037405035937581e+01 6.931870037873943602e+01 6.356793048223504172e+01
3.691359079641350149e+01 4.989128732895758844e+01 2.114595093868867437e+01 2.496540370938107856e+01
1.731367912738325288e+01 5.084165513575168660e+01 5.859042356275438834e+01 5.642253947844476158e+01
9.239402893708570375e+00 9.581157965679699018e+00 4.760441828876014370e+01 4.076021782440606955e+01
5.881024443177026484e+01 4.258834644650292489e+01 3.264507704175030511e+01 3.848690342030680966e+01
8.935207545890409619e+01 4.339549202495177838e+01 5.733284926111635116e+01 5.269926344876593305e+01
9.675191878052406480e+01 9.825603619264701649e+01 4.498232757179522423e+01 4.579569292959720173e+01
8.473500281430885650e+01 3.019802269539363238e+01 3.718128729306646818e+01 3.611145867693337408e+01
1.648218829902262783e+01 2.091845927767302982e+01 6.568733022593589510e+01 6.335037723074008653e+01
5.107816180070808798e+01 2.311318606256028829e+01 4.029096163616525672e+01 4.137338841860448468e+01
3.879663333838242778e+01 9.139165788960330872e+01 3.426353916281711065e+01 2.565433645798870543e+01
6.679015127348594660e+01 9.666499966821125156e+01 3.902788639885523025e+01 4.972153693519651085e+01
6.798849651049337695e+01 2.959238110626332130e+01 2.663123155979746315e+01 2.715216202660534961e+01
5.741566664315519120e+01 9.792645980332181921e+01 4.531338487201699650e+01 4.618428928182834881e+01
4.018194070843274091e+01 6.433024784941831342e+01 5.180458844113916683e+01 5.629308265860922234e+01
9.595852986317431998e+00 9.936980301271583471e+01 7.526540012112799616e+01 7.259797382039876368e+01
3.373808454831456061e+01 5.313678638213388439e+01 6.973835240876468333e+01 6.833128701914243663e+01
3.400092669079053564e+01 6.487921809393847994e+00 5.054416567178046904e+01 4.969374765010790185e+01
2.072906435941522929e+01 3.480522869909341921e+01 5.410512228305803717e+01 5.088054919817665223e+01
6.250132491160458414e+01 7.172054798944384402e+01 4.312369913906071162e+01 3.489631870388113555e+01
1.993216711971956823e+00 6.461303683672053921e+01 6.319242814281240328e+01 5.340444667375969345e+01
2.050848319719751345e+01 4.610987546341102927e+01 4.611031852005204001e+01 4.668399289137699526e+01
3.654541591882737350e+01 7.203692501852010821e+00 3.494829772240141352e+01 3.367047117054755745e+01
4.536412314437085058e+01 6.324355829402903595e+01 5.391908707225316988e+01 4.422085299626333921e+01
1.506185601132373719e+01 4.612024721321360232e+01 5.448351546889942654e+01 5.003253508911510039e+01
5.423000740240843953e+01 2.424692433030575245e+01 1.916643870158078045e+01 2.637368321862539133e+01
4.450452833148654008e+01 9.884046921559462362e+01 6.701067957222666394e+01 6.094273012054610206e+01
7.597861212004046649e+01 1.190053907182625537e+01 4.731008614900908071e+01 4.291048313648373380e+01
4.587333271367419485e+01 5.880477183456377333e+01 5.140410915785326296e+01 4.937416615002921105e+01
8.302435279704073423e+01 2.314531713196403828e+01 3.773911104236912450e+01 4.334358816734347641e+01
7.920842965739525710e+01 5.280714117368048477e+01 4.021173856479573061e+01 4.620628581557964054e+01
6.202870094885100372e+01 8.565412206887945956e+01 5.168757431949261161e+01 5.260292487006059758e+01
2.316809654233645688e+01 1.444210423514546981e+00 6.533982675899892456e+01 6.135203729463159306e+01
4.931088482482446267e+01 7.820981470876014896e+01 6.946824174353045578e+01 6.091869952176192271e+01
9.879523682065646994e+01 5.103125834120397997e+01 4.271747896730093430e+01 5.165917073461466202e+01
5.978213785879017195e+01 3.315442036954014071e+01 2.230489683220238106e+01 3.128692610800061047e+01
2.764903956848787558e+01 5.010542650497185058e+00 4.751109584833588428e+01 4.759417287168811583e+01
5.732427086440583963e+00 7.184742147759251907e+01 3.719294555328540497e+01 3.156337101784519206e+01
3.029909306643546785e+01 9.762823960852440308e+00 6.444523641647398904e+01 6.273899481983017523e+01
3.267556753320152296e+01 5.666467183541670494e+01 3.975660087891770189e+01 3.079635394920066105e+01
7.403128740591357726e+00 3.628638298967050702e+01 4.080682030359308499e+01 3.815876335233074457e+01
8.957011019115182648e+01 3.244506536463395463e+01 3.792411197620678820e+01 4.314660519691585705e+01
9.537707400760039889e+01 7.955574983947842327e+01 4.076082032178909031e+01 3.333918814236029959e+01
8.215085168980918695e+01 5.086746320899383278e+01 2.777140325185652969e+01 3.342556236766783684e+01
1.835711026531471290e+01 9.016738252269851728e+01 5.063615596305083244e+01 5.577756831857553976e+01
6.716499260555508499e+00 1.413127444941602029e+01 3.089764607868171709e+01 3.237028770372786113e+01
2.355466737636644581e+01 2.391864489385803338e+01 6.867889683583850058e+01 5.909212179180477875e+01
3.401420207477571012e+01 1.970158796150193226e+01 3.296388243277235119e+01 3.846852204110326312e+01
6.093563739279923652e+01 3.671431593120737347e+01 6.728938039892888412e+01 6.616657056056646979e+01
2.369358794224823939e+01 7.009928939891487687e+01 3.474383632484666862e+01 3.918261924381423711e+01
4.558683716019344700e+01 5.577451404428958881e+01 6.862250031859936428e+01 6.694643635271478388e+01
2.387136918487336956e+01 8.359455374108104309e+01 7.218427497552397654e+01 7.173077916893161898e+01
4.524268864667055823e+01 1.575273255535163486e+01 5.332210023081314176e+01 5.186449996228098769e+01
1.647758868271181854e+01 4.294916786978437528e+01 4.087125227395188887e+01 3.911840531118491526e+01
7.199396443474601881e+01 1.923831812242497818e+01 8.218713548708458916e+01 7.283723787104801772e+01
6.253923997135147772e+01 3.080253518019373615e+01 3.862029245458810323e+01 3.507108562731657031e+01
3.057868139896101667e+01 5.947701672771571424e+01 3.326245332068397431e+01 3.399857837574743513e+01
3.102686186798824153e+01 2.214474419101557601e+01 3.903132125514853357e+01 3.680235767768881772e+01
1.891718636017093402e+01 9.464728292974467649e+01 3.428451068821686221e+01 3.408024899041981826e+01
4.608899696277166669e+01 4.643365539104793882e+00 2.942504080884611284e+01 3.189811131852521342e+01
3.219938963267649257e+01 2.987151871246149781e+01 3.050949811535126344e+01 2.640499048107079716e+01
8.113937123444110000e+01 8.316534876101951568e+01 3.297224588276675661e+01 3.146530629956946612e+01
5.925903474444618269e+01 1.389332294404544932e+01 4.687787382810221004e+01 5.030737561852367890e+01
2.135184904433642572e+01 1.686718173485868277e+00 7.247018129156055011e+01 6.953487669953936745e+01
2.991955061317253950e+01 1.349955693306351634e+01 4.225626650193481737e+01 4.325834481910409579e+01
9.096984842685607475e+00 2.632436562732466356e+01 3.713333584273461696e+01 4.553957653804211247e+01
8.518641745141498234e+01 7.925487412932213260e+01 4.427542857506182372e+01 4.071369331379118961e+01
7.245750577523875791e+01 5.686496361790050003e+01 3.408418550780680789e+01 3.368371854033962620e+01
7.258743434952847906e+01 6.834991544663779450e+01 6.190944421936019637e+01 5.651831809137492257e+01
6.179555210432505419e+01 6.829819923269766946e+01 3.845455126425382275e+01 3.484481268253021113e+01
3.422818430319944127e+01 1.250316156086225305e+01 6.000274026791299065e+01 6.122666570774585182e+01
3.759866690704052417e+01 8.154997271035192341e+01 4.307854685287673391e+01 4.520509070032062482e+01
3.880490309488238410e+01 6.068078346024334735e+01 6.569467392113517690e+01 6.192642536660347474e+01
5.782066652980183363e+01 9.880557186241088630e+01 6.910901864951652840e+01 7.164873404224165654e+01
3.109947020119536631e+01 1.365889383764239362e+01 5.258685282282677065e+01 5.229809033657013373e+01
5.189812535232787383e+01 5.750471664439501751e+01 7.452278808310727243e+01 6.831567394556871875e+01
3.957577037223165917e+01 8.901406412016210368e+01 5.203186082438382698e+01 5.550483911973098117e+01
3.928368222679046173e+00 3.083011038682084148e+01 5.732973700866640598e+01 5.598776290429139380e+01
4.095613602934437836e+01 2.822710672491004402e+01 2.751890724275416389e+01 3.231602502806338606e+01
7.977903060062493523e+01 9.739780950872450660e+01 3.480410704487933771e+01 3.525499952834216089e+01
3.914551360901652455e+00 3.656577790910842118e+00 7.592134152107180967e+01 6.614672831545405529e+01
5.523698216091269586e+01 7.835926574173304004e+01 6.974970102885748702e+01 7.394684562484596313e+01
4.751891600421437545e+01 3.081264076038524635e+01 5.070267874446399503e+01 4.185412457883756332e+01
6.556198804449887518e+01 4.566009242058157724e+01 6.202048319408591937e+01 5.567866130101285194e+01
9.895821923187783398e+01 5.337003734151716117e+01 2.889769962480320942e+01 3.295193990961750785e+01
3.082360509299418894e+01 9.882477323959092530e+01 6.051447854452936070e+01 5.933565485940256679e+01
8.444111489426633455e+01 7.281546957842222056e+00 3.482994173861882103e+01 2.860195454093701528e+01
3.562029305097098586e+01 2.634434074875409237e+01 6.133701697618430160e+01 5.704972742765410487e+01
1.545018114953034072e+01 9.133047149587763158e+01 4.284730981565819974e+01 4.261113573284278289e+01
3.778659915617220832e+01 2.313198009048488402e+01 6.357563343675190737e+01 6.232421148289147794e+01
9.185101506885499134e+01 9.803291328763809531e+01 4.310434152118349971e+01 4.426802430956009715e+01
6.136608074093271625e+01 4.502986262437467246e+01 3.218796508861206007e+01 3.486401651433040172e+01
2.550864311192933087e+01 1.919842675606484761e+01 3.779892505692350824e+01 4.168473698655567006e+01
3.925020122702179748e+01 8.741010630165659734e+01 6.184434719336768893e+01 6.571880034912652491e+01
4.210851343386197954e+01 4.971829248796910683e+00 6.549035322851401020e+01 6.480722021488119822e+01
7.749602166174218709e+00 5.802962709428072685e+00 4.851869362088492466e+01 4.920144947948158887e+01
9.577866361101014547e+01 4.267959360631595445e+01 3.564811586605510740e+01 4.301407343093389812e+01
9.979567155022859026e+01 5.319689607791834618e+01 3.752414068902485411e+01 3.814079447711922910e+01
3.858608133416018404e+01 1.949594960335104687e+01 5.122230574475389631e+01 5.429113571378958625e+01
1.537440285839559806e+01 9.476572669690953887e+01 5.428553510313389552e+01 5.498592738081822517e+01
7.388742270463730222e+01 7.499627217200269058e+01 6.510789757492526064e+01 6.499880359057563339e+01
7.322045446193496332e+01 8.796578101305774666e+00 7.267805523552675595e+01 7.330914757362728551e+01
4.775565995631800575e+01 6.240232027687064864e+00 6.302102623992848152e+01 5.169328728172992982e+01
7.870700136851638717e+00 1.753678025403772978e+01 2.588303100692804648e+01 3.145171857762148449e+01
1.319039388308008753e+01 3.524444907015633621e+00 3.950454189696678498e+01 4.104835600215054825e+01
7.511665107956238785e+01 3.121616939935653079e+01 7.172816172257169853e+01 7.151546028044279524e+01
2.000105894433633580e+01 4.600719941981628835e+01 2.652898777489178883e+01 2.742908347196499719e+01
5.157722876737236106e+01 9.283718437210509933e+01 2.637841024482739982e+01 2.971472198115208485e+01
2.403113511192330876e+01 6.138064011754337201e+01 6.212970342167890436e+01 6.394074618487761086e+01
4.654003956497398953e+00 6.077777123868975906e+01 3.744361573490143513e+01 3.406337951100607597e+01
7.474425253205590991e+01 8.081056645452729015e+01 5.521538195470365906e+01 5.464361667877955142e+01
1.705031502265086374e-01 6.363658101666420919e+01 7.488812796659343007e+01 6.929594544770736775e+01
5.588008343539962652e+01 9.497871013080064984e+01 6.086901292003547326e+01 6.155171767798905336e+01
3.033231202376599356e+01 6.385697780674540525e+01 6.248422975977874216e+01 5.893466027406904573e+01
5.969251357296542437e+01 1.594262068883019978e+01 6.345667993449941946e+01 6.238452148406842213e+01
4.301644525144996578e+01 1.859205862303336954e+00 5.397644871474951600e+01 5.402031259069023861e+01
2.735715735552741634e+01 5.708408353221243914e+01 5.927796939767488738e+01 5.840713107126995851e+01
7.752113172341712755e+01 6.153114072274392754e+01 5.936147043805607382e+01 5.542800214339759179e+01
1.617885850236302403e+01 3.999945968094997539e+01 7.127527551936957195e+01 7.038098639139076340e+01
5.927707197430223118e+01 7.613099154523791867e+01 3.321549164526643949e+01 2.635508946808133146e+01
7.788234493358115174e+01 2.006709540696671734e+00 5.434749203843632870e+01 4.761833555911562854e+01
9.723403765956830114e+01 6.083829531497953980e+01 5.221728044843379735e+01 5.669705503726530083e+01
5.189738559443875943e+01 3.864483744543449006e+01 4.686900672291409364e+01 4.212077353352114528e+01
6.354125831353503173e+01 9.329476075562772053e+01 5.958843382560310431e+01 5.840672570999791446e+01
8.571159423173672565e+01 8.627799113025005795e+01 5.188326758482592282e+01 5.281486726392703446e+01
3.474696414976216374e+01 6.395738733320810354e+01 4.458773419148427308e+01 4.744002449198066529e+01
6.487259034753788001e+01 5.697482311632899865e+01 7.075544169787575299e+01 6.060870104754773990e+01
4.323007699841960516e+01 6.653892371680176154e+01 5.313104368892952323e+01 5.588238102787911288e+01
5.604115100156109719e+01 7.366107201705940355e+00 5.448552571193019389e+01 5.506020598389957144e+01
5.526956887627854087e+01 8.744387851607439188e+01 7.250575002722939644e+01 7.369827439627236743e+01
2.495523922151200580e+01 8.884261421878568399e+01 5.732426648480058162e+01 5.850494055459565601e+01
3.022999041223458505e+01 8.611191683627711768e+01 4.888931428637425114e+01 4.952303861712832855e+01
1.639172029435849254e+01 6.688005990334011130e+01 6.841202707058788235e+01 6.477830835575498725e+01
3.197484012265640985e+01 9.516040689185481938e+01 6.456467922587326314e+01 7.237810397872793544e+01
4.554496446401401499e+01 4.683001989551470956e+01 4.107444678353918732e+01 3.958712591025289385e+01
2.329920525459396785e+01 3.866321922137056788e+01 5.278963840433925725e+01 5.739093220918978488e+01
5.280273507302209879e+01 7.617369022125180322e+01 3.587978571573525954e+01 3.481826300785225925e+01
9.502246055934323010e+01 1.069360634957439160e+01 5.632333087435070951e+01 4.738854255221535539e+01
3.300708004491544756e+01 4.298519782898517860e+01 6.101830108368170613e+01 6.414658489090918181e+01
7.161110355892510881e+01 5.039779424338175495e+00 4.803415762222268626e+01 5.107484539107947796e+01
3.675395886521823741e+01 6.956118348641471272e+00 5.843376360811218717e+01 6.604807221662711925e+01
6.075337912780501881e+01 6.215192713256745272e+00 4.023113211741620177e+01 5.108049555159637123e+01
4.140006828847248954e+01 3.338195685526012113e+01 5.577397403311118751e+01 5.407822700781213143e+01
1.621093554302014539e+01 6.191146953034208877e+01 5.055944016908456007e+01 4.702569187425804387e+01
3.050716374793490715e+01 7.275346564904107538e+01 5.511883595411480030e+01 5.218040618566949718e+01
4.122725224743797412e+01 6.701074493444349400e+01 4.897192538409499463e+01 5.366128667096014482e+01
4.370858659594259876e+01 2.902566404358606178e+01 3.825935145010045346e+01 4.156692747724486026e+01
9.263636868780601219e+00 6.600129942084603840e+01 5.462980698788807388e+01 5.877724493717177978e+01
4.302000967426575784e+01 1.524428844079035450e+01 4.110271118693115255e+01 2.651589688041583059e+01
7.897317633200115949e+01 8.896212357892569855e+01 7.025765699642201412e+01 7.246216381388451566e+01
3.152512430264050636e+01 1.958732079599845122e+01 7.757557906202046638e+01 6.814450123593098851e+01
6.486021226372790238e+01 6.118350545991808787e+01 6.679726096692760962e+01 6.882852588058845811e+01
2.367722614039033857e+01 4.446444143253616232e+01 6.332537215489891480e+01 6.627983078427928376e+01
7.703361216968224312e+01 4.401844806169356872e+01 6.701726920589348424e+01 6.108341211763308110e+01
4.557193800652867566e+01 9.486101697909433028e+01 1.793022647416444570e+01 2.825217223341920203e+01
2.504868416012224941e+01 5.909489601516012414e+01 5.341118384025133281e+01 5.538086791022767130e+01
8.581626771823574984e+01 4.663641188326113252e+01 5.306355823724562271e+01 5.327060968295801757e+01
7.539365442663667238e+01 7.794306078033432073e+01 6.426508330805681624e+01 6.416183075004187231e+01
8.241791853439434590e+01 7.056252202442514943e+01 6.633258578816675310e+01 6.720613403132014696e+01
4.101379857214414670e+01 2.503284438020322256e+01 7.584101904270625027e+01 7.043138221622476181e+01
2.992728927440307984e+01 8.064003601313297054e+01 5.339547303979244219e+01 5.880326994485769632e+01
7.939272752349538109e+01 2.758798797170104322e+01 5.080273155538208840e+01 5.442673494313621774e+01
9.366882392848945926e+01 8.048589154657157962e+01 7.308940540866953484e+01 7.204757534408611264e+01
7.868702691851251529e+01 6.054250458800569845e+01 2.440800104624858591e+01 3.445569930023416561e+01
1.894949688398527243e+01 8.663414358503904111e+01 7.251394025958332179e+01 7.331682544875472729e+01
2.132042827609490487e+01 6.150933658744015275e+01 4.475464814142237913e+01 4.673307791742270467e+01
1.586551699630939183e+01 5.318571093571643615e+01 2.815190924664172556e+01 2.510723149098607720e+01
9.624412415757156225e+00 4.669582985454108126e+01 5.901085520935617978e+01 5.744529466671447437e+01
4.690641038115050954e+00 4.020927494109967881e+01 2.576619198366853070e+01 3.332282191258554604e+01
1.828742481179711632e+01 8.033775714379211763e+01 4.394918664781391726e+01 4.359454555344950677e+01
1.470859922703868783e+01 1.002969669278892439e+01 2.979404587290390793e+01 2.983225130258623636e+01
7.980155187044523757e+01 3.644598479396434954e+01 1.598973602939380889e+01 2.871664997146972809e+01
6.738893989463808509e+01 7.123876355626481427e+01 6.288397885586828551e+01 5.960722434779209777e+01
3.419302175984222458e+01 5.296048540659611348e+01 3.871577061334353687e+01 4.261955062528405591e+01
6.430935582189974298e+01 6.872384143378015153e+01 3.707021806146993725e+01 3.932313296879108577e+01
9.042663084858685352e+01 4.408723714950775019e+01 7.237496526342933123e+01 6.308111748116929363e+01
8.140970069672360410e+01 5.051124210696899297e+01 3.991019393708157281e+01 3.500983285251359689e+01
9.154513686150983176e+01 2.308535529354232096e+01 2.569700777191444985e+01 2.583467682030774881e+01
2.200677147548618606e+01 8.638701476312454020e+01 2.582029594685693041e+01 3.038694300659011915e+01
8.034078265896357607e+01 8.661260590941702731e+01 5.837614208779856284e+01 6.233318362522387446e+01
3.660005477505205818e+01 6.526296360752238002e+01 3.056640725924573232e+01 3.459580770428011931e+01
9.416309195000222587e+01 8.063289748473584950e+01 3.547509359462767264e+01 3.615533976558487694e+01
1.472002281601557705e+01 9.655469178939453911e+01 4.620968241927694464e+01 4.920712003711784632e+01
8.549860148320574638e+01 4.650441535582911001e+01 6.608175834598394260e+01 5.949791209095639033e+01
2.414077712233364537e+00 2.498649427193667805e+01 4.362692800425892159e+01 4.751287169262327836e+01
6.463930515080781447e+01 2.929797205044326702e+01 4.943967027742623799e+01 5.663195146823944270e+01
4.193566559886874323e+00 1.924456053612407658e+01 4.244963745271675037e+01 4.417871342347440589e+01
8.340444162214822654e+01 4.796671828600847931e+01 5.863625045259787072e+01 5.765862154745106238e+01
8.737537919937804531e+01 3.088189135888452697e+01 7.006993211020558476e+01 7.163203121070519330e+01
8.616672586782533472e+01 2.026157006961767237e+01 3.564781651478325131e+01 3.262902467112761684e+01
9.798101738893551271e+01 9.832185647962110409e+01 2.232299302939378904e+01 3.544612642520750967e+01
6.644583889262811738e+00 2.709216113100528744e+01 3.977319573036872669e+01 3.684053927819726937e+01
3.924898012342301712e+01 8.967781168692343385e+01 2.414830362074733472e+01 3.420994652952317949e+01
5.566905814103093775e+01 8.348534905367517922e+01 4.094684483426193822e+01 4.238013117709768807e+01
6.172938264580870538e+01 9.000235976577258157e+01 7.896945127369878037e+01 7.418655614977588186e+01
1.938763993928193230e+01 7.333839593650057509e+01 5.018930251601519643e+01 4.481096446817377199e+01
5.699094466892391608e+01 4.921339923973398811e+01 5.179217336414417616e+01 5.908313575004977736e+01
8.789024536458703096e+01 8.948370467062514422e+01 4.535371067657183630e+01 4.261269823082668040e+01
4.557320412800883958e+01 5.151869588726160032e+01 5.195892783342569743e+01 6.299857392239663056e+01
5.315367969539899207e+01 6.272235829079828306e+01 6.397717210139644806e+01 6.512413180514630540e+01
1.544101078422651696e+01 5.693495693731343010e+00 4.823161043863217401e+01 4.513624493647769498e+01
4.126196750590349893e+01 9.267477713451683030e+01 3.844182067297683147e+01 3.796189519307576177e+01
9.310928060046075316e+00 3.028949428617870865e+01 4.980103938344334580e+01 5.298205268045725802e+01
2.752901357668041626e+01 5.948658508876017947e+01 3.609947587924671097e+01 3.128732401766948001e+01
1.778706335342280553e+01 1.730619492007049587e+01 6.163955247768592471e+01 5.866301636052518376e+01
5.838937137265946831e+01 9.790694033834728316e+01 5.719511016191978570e+01 6.378022003432273834e+01
9.490414766166371408e+01 4.441328507580267626e+01 4.358411036520119808e+01 4.271564348764647434e+01
5.000073593158822405e+01 6.974254581555553045e+01 3.676159664513326675e+01 3.791048044680783136e+01
8.638860326789570365e+01 2.928138476814623470e+00 4.397641950284423018e+01 4.612027860778997734e+01
5.109918499799178448e+01 6.070322382630961755e+01 2.760719123658632412e+01 3.662721172953062876e+01
4.274799709858353225e+01 4.845377502140566151e+01 6.869099786832131826e+01 5.982313065725543311e+01
7.735441847358140421e+01 7.378273273437872604e+01 3.415830522895853250e+01 3.787941472459317538e+01
9.994505229919636236e+01 8.486653117871793484e+01 2.600233731449689145e+01 2.788496105419440951e+01
1.951058056728275503e+01 3.140212505833904899e+01 4.523448529996448997e+01 4.338028767373538841e+01
2.719571149103284924e+01 5.934612224518362211e+01 2.832490622773744349e+01 3.202905110688703161e+01
8.510424485859022070e+01 7.518120763276662899e+01 6.621653546947075597e+01 6.635106138592239233e+01
4.217814846854294331e+01 7.305001678916022456e+01 7.241780351404531757e+01 7.151130958569643781e+01
6.314982826872882526e+01 7.962783782978284819e+01 4.487638884268346828e+01 4.764128302841290719e+01
1.212527121323906343e+01 5.590677276092373660e+01 2.650435287113426241e+01 2.634406156370452479e+01
3.844330974291501946e+01 1.741490394122602314e+00 3.827905879178833715e+01 3.834510451711216916e+01
4.698438202398472896e+01 2.914516476454074478e+01 4.775506553971710844e+01 4.708202269226664072e+01
1.138700026053648351e+01 5.132883603864952704e+01 5.210960689927537715e+01 5.266344504391535963e+01
9.716504979316053436e+01 6.549806940388882026e+01 2.878402930768019274e+01 2.685115492603495824e+01
5.872021298768120801e+01 3.039519066617081222e+01 3.815205521893202700e+01 3.465214068897152089e+01
1.758407053782324780e+01 7.229141822013851026e+01 7.077216600217252562e+01 6.064446934651662957e+01
2.805045083774906445e+01 4.136246026107910723e+01 7.140487993824832813e+01 7.022056560415208537e+01
3.525621422424851659e+01 9.805271682972927749e+01 2.989191592840768763e+01 2.536549081802443339e+01
4.606990131165025559e+01 6.768855167565772035e+01 5.382394482471338648e+01 5.144717100809212695e+01
6.298011077219316434e+01 5.967039731879611963e+01 6.658227640555924154e+01 6.650358449471579547e+01
1.996306486731712582e+01 2.687066200367002011e+01 4.399631495076919663e+01 4.793771479642458644e+01
4.461280094191864265e+01 7.744117115869042323e+01 3.673936592295320480e+01 3.935522974789895301e+01
1.625051560591823829e+01 2.514659704910758720e+01 2.147335023842283874e+01 2.522591233648218179e+01
6.698425087026116387e+01 8.638125572362189075e+01 5.079332671720626990e+01 4.372158801650617477e+01
6.230937353277805357e+01 7.792067402682285149e+01 5.428681399782134775e+01 5.037811828236291234e+01
5.594794659862056818e+00 5.914798860744081566e+01 3.724840325041086686e+01 3.093419063958927495e+01
5.988423755724686970e+01 2.729188474043339241e+01 4.754563461620240616e+01 4.579905429778005299e+01
5.431138867153203620e+01 3.018312978744835817e+01 6.608079429275284156e+01 6.081538056837411688e+01
5.412306587611440989e+01 8.703539993056497792e+01 7.725521342662025859e+01 7.422365214172894810e+01
7.009066841294540495e+01 1.394646545990348940e+01 6.577370789874723300e+01 5.484231616487682714e+01
6.253982429914523777e+01 1.447220520999326077e-01 3.531314085110525269e+01 3.283911058447054643e+01
5.187619458015079488e+01 5.532368711396225791e+01 3.320080113171888314e+01 3.311813318373061321e+01
5.196070954723461455e+01 5.775212879124431709e+01 7.424960605073648878e+01 7.161922651315313715e+01
2.348360491475328615e+01 2.933275032907582869e+01 5.695211466330334105e+01 4.913524200880577553e+01
3.004201874306322395e+01 5.773627965098104831e+00 3.715469950031751978e+01 3.228863600860798044e+01
9.812896599200519177e+01 1.052730622063384658e+01 5.623727823711994489e+01 5.356435689884268214e+01
6.070622813812320828e-01 7.126828160440626903e+01 1.971926923720410585e+01 2.853447769709452331e+01
6.513831711560145266e+01 1.443645588696743687e+01 5.949399389939941329e+01 5.350930683954118905e+01
1.314155951412621093e+01 4.012364539631278859e+01 5.689631359252930309e+01 5.283283996844652819e+01
9.961602962166740838e+01 2.539874492050217114e+01 4.878029888688148930e+01 4.969605908042789366e+01
1.272431727430330994e+01 7.188789140512263920e+00 6.935860822641669188e+01 7.159754298344050483e+01
5.035521510169848369e+01 5.587129525945216102e+01 2.400958962784876149e+01 3.494359461506489595e+01
5.330826606748023977e+01 9.709120703627648652e+01 3.572354166167820466e+01 3.805070711208210099e+01
4.909423441029581170e+01 3.807208812354752325e+01 6.675279692631499984e+01 6.337106696394411642e+01
9.748077672500772906e+01 6.064264908049407410e+01 7.214854094365492188e+01 6.530830114756635396e+01
8.800525030570149454e+00 6.278124290700053223e+01 4.538497770464131520e+01 4.633148300887930304e+01
8.857823579196283958e+01 3.882110996431019601e+01 6.794541440499190799e+01 6.132869274437077678e+01
2.281537282590790738e+01 2.593725335241959939e+01 3.761224309222735940e+01 2.770700720686125251e+01
1.254653890680602579e+01 6.526173706265902652e+00 5.630047639806971205e+01 5.759416737167449440e+01
5.024417925747217595e+01 4.912345688318850989e+01 5.745043275013978246e+01 5.116228513325107485e+01
2.870566061191557239e+01 6.629492734296111678e+01 5.024022197071832352e+01 4.603732323031718465e+01
3.347434669573252819e+01 8.265006669807280559e+01 7.277210963267101818e+01 6.137002976688251721e+01
1.894796200955172338e+01 4.842322641726914512e+00 3.274870088731308471e+01 3.092869471457360930e+01
7.269663444610398528e+01 9.232740863535494213e+01 6.372856468144399145e+01 5.476987171913776109e+01
6.041919507436640657e+01 9.661163224927548754e+01 5.027213089547240088e+01 5.903123980059345399e+01
5.151522593930513594e+00 2.212186560774561528e+01 2.447929064157706591e+01 2.596667431790380576e+01
7.585378579492074280e+00 2.019574743856898991e+01 6.577106691553424866e+01 6.949041051069904995e+01
4.435013825500415408e+01 2.906998136469205463e+01 4.186338560479791226e+01 4.020789565526271758e+01
2.797307468076149917e+01 5.375648165827139024e+01 6.982869266305917222e+01 7.101117015130044763e+01
5.570768419744302946e+01 2.146826916735075130e+01 4.508742314022398290e+01 4.140779319187370788e+01
4.008632388049264961e+01 3.368785451388721697e+01 6.373541578683929032e+01 5.804644413049693696e+01
5.356651079334027088e+01 5.959707593878597010e+01 4.719772029376541411e+01 4.589277362182536990e+01
9.388909994653072033e+01 3.112380468647346632e+01 5.126614453672974037e+01 5.526590668531044770e+01
1.088423228275461341e+01 7.093106837100926043e+00 4.295454487186029269e+01 4.059852967296078674e+01
7.416973763796781327e+01 2.693647775485489149e+01 5.623478889353200572e+01 6.723940798138885100e+01
8.558396254949195736e+01 5.160175434176298381e+01 2.381056274720787513e+01 2.972054501832398543e+01
3.681557403627878955e+01 3.515166249107261365e+01 6.374636288776230941e+01 6.682722837961343032e+01
9.615168066268192604e+01 9.762096057964329532e+01 7.072061464669852171e+01 6.555411343758952114e+01
8.597796549704965230e+01 4.860953031950232628e+01 6.198622628301030346e+01 6.724552144401297937e+01
3.556168302055701957e+01 2.081840256006242029e+01 4.562801102736291625e+01 4.136924850449979374e+01
6.309129264658231762e+01 4.749022918309626817e+01 3.469893186486105918e+01 3.840721727837735955e+01
6.275364899453760614e+01 5.270209458741692998e+00 7.530630462874002262e+01 7.427862507042733853e+01
4.479476919707625626e-01 3.069357437923522269e+01 5.039586376846784077e+01 5.242529609556633119e+01
3.770222505665516621e+01 3.074759352055824735e+01 8.308351454680961012e+01 7.180778594118363856e+01
9.348325742719089249e+01 8.737126849058887501e+01 5.224313130499997015e+01 5.475873021481027081e+01
8.841641751934830040e+01 9.208615651815436820e+01 4.092383970474620014e+01 3.732086014566453258e+01
2.834458595054454122e+01 9.826520581332031767e+00 4.790919210492290148e+01 3.851493234913155561e+01
1.128838184918475918e+01 1.435196641422562536e+01 4.644732619596724987e+01 4.945239382844038545e+01
1.202885934257115252e+01 6.170172069337100851e+01 6.006129769105181992e+01 6.630839193975114654e+01
3.696235022056038044e+00 5.344614947418080675e+01 5.285584624336816262e+01 5.198100819095627401e+01
8.440469653678643169e+01 9.488596501778020809e+01 5.385454421401310299e+01 5.046271314805284192e+01
9.284207109439263661e+01 6.674431761818748043e+01 4.140959327426337921e+01 3.512107494496717663e+01
9.896897161914701258e+01 8.080895864043981192e+01 4.686805187128248207e+01 4.484106697724281787e+01
7.237044259670307156e+01 8.436237885896406397e+01 4.653071964186813148e+01 3.811147062703278721e+01
7.850544340254998588e+01 4.826524183128767476e+01 3.864959908767227148e+01 3.928275208479403346e+01
4.946851488165818722e+01 4.725779348875352781e+01 5.795074424343774666e+01 5.230846279318268444e+01
4.755595547831337200e+01 3.360510462505925489e+01 6.748696059036596751e+01 6.819063922250080623e+01
1.076424218334638461e+01 6.470350245670871914e+01 7.557674009492923517e+01 7.337473344124292396e+01
5.939440528068588065e+01 9.754844933503800064e+01 4.776135697110964884e+01 3.561555815851727402e+01
7.747068680155615539e+01 7.681371296148709860e+01 4.974328676330761567e+01 5.017805321386695994e+01
4.251637446553162647e+01 9.436306566335846924e+01 5.007446082025287382e+01 4.608773657157531289e+01
2.423764596492560131e+01 3.767593433261502156e+01 5.406432479523503787e+01 6.071561369101617345e+01
2.580804613579207185e+01 9.279522549656320507e+01 6.729023601653982212e+01 6.134905558398981640e+01
8.026768546375700453e+01 4.935404319916480986e+00 5.985059682406246395e+01 5.393528179196911054e+01
6.231194880946845416e+01 3.108701172174730232e+01 4.408802331348640280e+01 4.722422941894117798e+01
3.599988094397728844e+01 6.483363201525237685e+01 4.701197660664688982e+01 4.099554095828439415e+01
9.634586620379475619e+01 3.523827591064653575e+01 7.402843402628352010e+01 7.097014698391187437e+01
2.572925675830445158e+01 5.087530926261468522e+01 5.525697519019570336e+01 5.504697415036812913e+01
6.000781673981991915e-01 2.156483016378787454e+01 7.000641724932006582e+01 7.007475953702463300e+01
7.709630244853769909e+01 2.802028671389199488e+01 4.080429988180719647e+01 3.486212192651096586e+01
3.736566013861108981e+00 2.370629010976805873e+01 7.792192833722991452e+01 6.966832266944305729e+01
8.168020229895601858e+01 2.090842029449008166e+01 3.341577258471312462e+01 3.547087785917480574e+01
6.643586916546443888e+01 5.611123857080786337e+01 4.608702052338142607e+01 4.810759907831402415e+01
2.597353304667479179e+01 1.035132690166825675e+01 5.133940715850474845e+01 5.198714068460522952e+01
6.970468270673457312e+00 2.234046246362264654e+01 4.399104439122143617e+01 4.325281849153602565e+01
4.739147504020214541e+01 5.653984851469644468e+01 7.056149627507265620e+01 5.968978264193427208e+01
2.230001810384778338e+01 9.392124932899587009e+01 4.864037550971114143e+01 4.255873828057583808e+01
6.073090409481428509e+01 9.351467062503699879e+01 4.222592609870770275e+01 3.927602675764384799e+01
2.594746289659686056e+01 2.892670728360324972e+01 6.778695340174539297e+01 7.290483137958665338e+01
2.127132949517963567e+01 2.291541870254287971e+01 3.052624290174147248e+01 3.162693969368941538e+01
6.789287696603759059e+01 8.893880924232318819e+01 6.745676511269866182e+01 7.413364432227815826e+01
1.004662115085006491e+01 5.543919783669154810e+01 3.278009686421096092e+01 4.123596292061263568e+01
2.205680736369426498e+01 4.662569273026208094e+01 6.664967409043015323e+01 6.276065959126754024e+01
6.447255863408952337e+01 8.554783401603135928e+01 5.795244339139109258e+01 5.245148313472034118e+01
7.895021761153925866e+01 4.144521858399122749e+01 5.904913456548046469e+01 6.053896525792706029e+01
3.102844241803226488e+00 8.646566077360135694e+01 3.963306537361231108e+01 3.984131997441586748e+01
2.638648760399199134e+01 5.616729588389443961e+01 4.208985224757193322e+01 3.613533920693666346e+01
6.516659956875570003e+01 4.837932330545135784e+01 6.972331404402706312e+01 6.414366596966422662e+01
8.534232695091429832e+01 1.955570109557890390e+01 3.294328805654868120e+01 3.410389830059078520e+01
4.368155865706388852e+01 9.620584480276382067e+01 3.653336135474852853e+01 3.320169659563963194e+01
3.810998495926295249e+01 6.534725229595611040e+01 4.191997098899492613e+01 4.862514028380076780e+01
9.512237456396051982e+01 8.944687604754439292e+01 5.134087777756729309e+01 5.038114200040337209e+01
6.447752339478498129e+01 5.803056188362054613e+00 6.957305280323980412e+01 7.316680901877396082e+01
9.150784018170166689e+01 4.267049008051277070e+01 6.537061048017106657e+01 6.236480519430763536e+01
3.332879497625595988e+00 4.140671665768363141e+01 8.172588110138799777e+01 7.182423716662613344e+01
3.875760004007150172e+01 6.031611601368768305e+01 2.098558004845394365e+01 2.691028688655917733e+01
4.165256488395595369e+01 9.276377180531866884e+01 5.664517497010371727e+01 5.175062958661800394e+01
3.489161951764335612e+01 6.208040852687935995e+01 4.023111965189974626e+01 4.504091296459483829e+01
2.555428464937947730e+00 4.764826341747146898e+01 4.421307422703800682e+01 4.424219451665439351e+01
2.559389576766262309e+01 3.037398226298479997e+01 5.991648733671664928e+01 6.500876711944171404e+01
4.715254854520798489e+01 3.368945651790578921e+01 3.743141582836783954e+01 4.043467768780176641e+01
9.931762181254879351e+01 7.564393706335735601e+01 6.824495863507912929e+01 6.412645975907953755e+01
4.053247076766373169e+01 5.552030889142896086e+01 2.532708956674701994e+01 2.508099081580594714e+01
1.783750019360904560e+01 4.218288025747938264e+01 4.227579208341033734e+01 4.162980053445863149e+01
5.629692349042029065e+01 7.617484969288852881e+01 7.861905940651584501e+01 7.158818347517936331e+01
1.479935244304089181e+01 5.255051431507941118e+01 8.575587063627028783e+01 7.132711941784951648e+01
8.931952118376230487e+00 8.594932898889781825e+01 3.111567167308090376e+01 3.648573989981090904e+01
9.347423629769824061e+01 5.164445465913040323e+01 4.600982579549185658e+01 4.519113645912594990e+01
4.342835182201516631e+01 6.925876396716319050e+01 4.522627625236084015e+01 3.990751110809370061e+01
1.286003562251918453e+01 8.801721806407564941e+01 4.283953489256586522e+01 3.749617105723190491e+01
7.400457569950247283e+00 5.293659874977610968e+01 6.473468584557033978e+01 6.744265637643613331e+01
2.755824641577585510e+01 8.003404076738422646e+01 6.697758460373637490e+01 6.450310738087176787e+01
8.108609695187914213e+01 4.342681610636710587e+01 3.411800546003556889e+01 3.975955073284892194e+01
1.854312414047315372e+01 9.581507477598815115e+01 5.896643063845693433e+01 5.940572069677661915e+01
3.901164772942681225e+01 8.014416946695064325e+01 5.251589587779172064e+01 5.007324056730678308e+01
2.416628103745813760e+01 2.067353056415738166e+01 3.968592661698217228e+01 4.223821027093842417e+01
8.931518188525913615e+01 1.217345689692504962e+01 6.296257182641683414e+01 6.024670574403271672e+01
2.135113681210251002e+01 6.058668475118883379e+01 3.831041668442320969e+01 4.058742088539569437e+01
6.802726189658028488e+01 6.370344090727095931e+01 5.002247809355458230e+01 5.372955356686510697e+01
1.106955956956915443e+01 7.972166660964961693e+01 4.466450693099126568e+01 4.655974208777346490e+01
3.239669328305401308e+01 7.391045362087072590e+01 6.143295410607305485e+01 5.993292712743702566e+01
7.800301075933373340e+01 7.432886063293708823e+00 3.185870199574564055e+01 2.797519536524696804e+01
3.193168504167357469e+01 3.297530922877655257e+01 5.024798726438054786e+01 5.646500446359620895e+01
2.830138030809473548e+01 4.443836100875196848e+01 3.677775931154157973e+01 3.993678069752484561e+01
7.352960480205112503e+01 6.035007956750501279e+01 6.536294323173153487e+01 7.192707048432659178e+01
8.212302126692651427e+01 1.188162472651471724e+01 6.699140187964360393e+01 6.675466648086464261e+01
3.154444660818978008e+01 9.077976035468571681e+00 4.073833258044338379e+01 3.824075746162918676e+01
9.115931735574449135e+01 7.815231510618561117e+01 7.229001004453191115e+01 7.223460741386038819e+01
5.330275048627019885e+01 8.834857423355228434e+01 4.494417982413283141e+01 4.995893890330988540e+01
1.496856671006382378e+01 8.375852231207791476e+01 2.796383280517268233e+01 2.716126854471474061e+01
5.363354102444805704e+00 1.260380306687913787e+01 6.090589161941481677e+01 6.485855577030370966e+01
7.736401553995342795e+01 9.205026261336182358e+01 5.849374986782369490e+01 5.410205466691882492e+01
1.262758877751254438e+01 4.632367357373411210e+01 7.309650315859312286e+01 7.052580887959615552e+01
8.337489309206831933e+01 5.463138975047485957e+01 4.747489875467311293e+01 5.504206583833003918e+01
7.040830359006297101e+01 1.938959143833788445e+01 5.103072642112257284e+01 6.060944968022496226e+01
4.440166304226806915e+01 4.238735060906967078e+01 5.425710492038138000e+01 4.960401832175035963e+01
2.632310050652766265e+01 4.418924919666504536e+01 6.420532476558895496e+01 6.751191506359054983e+01
1.635209511974588992e+01 8.529129202647850150e+01 4.817222040133010097e+01 5.233176490127590341e+01
7.025914319318556522e+01 1.734303702555576265e+01 4.760426469439402553e+01 4.546191425266094654e+01
4.668842216333211326e+01 4.925116583336338749e+01 5.356911706429355746e+01 5.586960305603977872e+01
3.117308231773086025e+00 6.863011257436234303e+01 4.871917752884432673e+01 4.964160477106966596e+01
2.874455973905850570e+01 3.279195513714498134e+01 4.238747434344644915e+01 3.845174306592461733e+01
3.732786115727195408e+01 8.556296161590756810e+01 4.983515108518837877e+01 5.179388654567393502e+01
9.647837577454097868e+01 5.036215310887317287e+01 2.758988169218478248e+01 2.795303168789968140e+01
1.933139972452145727e+01 6.945244967855764173e+01 5.363812857774363607e+01 5.887267728236721354e+01
4.336330016822698141e+00 8.025719052950282162e+01 5.327033070517114055e+01 4.849108071316105395e+01
3.917085308147726153e+01 5.375194262680703616e+01 6.124514484573250428e+01 5.885741127608482515e+01
1.495063098737969831e+01 4.174153953264450223e+01 3.355862101881837845e+01 3.366010243994976747e+01
2.106415423547943888e+01 9.929628003132312131e+01 5.707750179663035794e+01 5.329951055491036271e+01
1.246045696194480001e+01 7.971820284078926022e+01 4.957526286603548726e+01 4.966927793016468229e+01
6.312101368487813602e+01 3.312512469919960267e+01 5.536950860673294272e+01 6.023384681577445576e+01
2.575690325236971034e+01 3.080362749282348034e+01 6.522379443667330179e+01 6.235439173836820714e+01
3.489092269558729953e+01 6.105093152379945565e+01 5.594147601185368757e+01 5.990045848018683472e+01
1.812282891837701015e+01 8.951309698154628336e+01 5.568094421117505277e+01 5.007553392150812499e+01
9.359337712453273639e+01 1.760859584167611303e+01 7.920213931794245354e+01 7.427837379314948407e+01
5.978157544533113210e+00 8.831964468027264559e+01 6.741594221996336955e+01 7.137081558057572295e+01
6.032413213948115782e+01 3.604158529480013584e+01 4.438358248025162567e+01 3.959782947674995057e+01
9.112821722034726690e+01 3.873437396580345649e+01 3.483875111152134707e+01 2.945693127858552174e+01
2.043996188759393817e+01 8.974225712283455891e+01 2.175053336878338683e+01 2.674785379228701743e+01
8.287917053001957868e+01 4.105994216897745019e+01 6.579745752652118540e+01 6.634624555648800026e+01
8.240992896335070839e+01 1.691375933224738048e+01 3.922202286020278450e+01 3.791157185838841315e+01
4.977589391019014187e+01 3.661534627172765255e+01 6.624377467363360950e+01 6.024439561013436872e+01
3.413897219809575034e+01 3.472883589963570472e+01 7.335263909383031944e+01 6.415880893176644406e+01
8.053710337272318043e+01 4.975857037068692534e+01 5.266556161629550559e+01 5.557362537259091084e+01
6.960766257676385749e+01 5.092742917624334353e+01 4.170399589692325293e+01 5.154384313091959768e+01
9.948941932967457547e+01 1.476404278525589220e+01 5.927279792398606162e+01 5.236120304765240974e+01
7.558381253766746966e+01 5.489826490248693602e+01 2.686116399104608732e+01 2.588396804573846666e+01
7.529810739761967397e+01 3.034609846332011429e+01 2.768609315465647569e+01 3.194314736442721880e+01
7.585507474717424259e+01 4.477328896813607173e+01 7.069291351881851426e+01 6.932497342425686782e+01
3.221944239762872542e+01 8.443172414063234044e+01 5.348280782401146638e+01 4.066635888952863098e+01
9.436078218236551152e+01 7.881463914403418869e+00 5.142768245420743511e+01 5.185118063777195374e+01
9.723386783438807868e+01 2.982636930758983951e+01 2.492778663663820637e+01 2.633988923947008942e+01
3.932736576589891087e+01 4.399603764622121815e+01 5.349599159338309562e+01 5.315617966255901194e+01
1.798155699810237707e+01 8.028775378898347981e+01 5.795014416659242329e+01 6.710517906897808871e+01
9.560951631253485061e+01 2.314535123237164527e+01 4.856349081312340132e+01 5.053004428088561895e+01
1.889752013707919431e+01 7.694054009097160929e+01 3.475651225959177282e+01 4.012191097945473928e+01
5.305368970467576872e+01 6.091612130395402147e+01 6.093637115242540858e+01 6.427711804763585235e+01
4.573470259491072909e+01 6.640216067199791894e+01 2.959929821657286553e+01 3.042933264067884735e+01
3.130566872163896974e+01 1.245675477546155463e+01 4.186149859748553581e+01 4.182669186830523245e+01
9.868304343061747375e+01 2.853193612880373564e+01 5.314368926860980480e+01 4.989582882957672894e+01
1.456635518636758597e+01 3.225294544775591987e+01 3.454617730632787698e+01 3.793223687133557576e+01
8.477942230280164893e+01 1.120111538823520547e+00 6.411117764696795973e+01 5.954959641037476814e+01
4.999210274112005692e+01 2.126872255123751643e+01 6.344953909655563251e+01 6.624727376806751522e+01
1.562583176576456445e+01 1.900237925926534643e+01 6.266899022253576845e+01 6.342060965551187479e+01
9.912284460886243664e+01 8.910608372525462073e+01 5.931073576836770656e+01 5.483116139051806925e+01
5.385367687674237658e+01 9.983848800081085528e+01 5.473971476338937237e+01 5.823443933341929579e+01
3.731485369529601570e+01 4.235773855817205202e+01 5.475380670492331348e+01 4.983704825200638311e+01
9.916595457479623121e+01 2.209817233331807884e+01 3.757563785069120144e+01 4.458129903270486238e+01
4.820768232358788907e+01 2.458312682899710211e+01 6.208882691817476740e+01 6.471938296850075290e+01
5.391577233688494886e+01 1.711857234037177378e+01 4.056819005021302615e+01 4.448853493500467948e+01
7.343707882735938597e+01 8.887770255029474242e+01 7.354844058287149267e+01 7.224771848917619366e+01
9.034018551257332774e+01 5.455311487950798011e+00 4.560662092669165446e+01 5.178345392898984301e+01
3.404920865285342302e+01 3.177743750266912670e+01 2.613469131843359960e+01 2.645943323786885770e+01
3.781083044655871817e+01 9.487807744991863501e+01 4.196020209341290297e+01 4.229157742382570717e+01
8.166083513547164330e+01 2.826548321636765948e+01 2.990887172438466735e+01 2.812508929555072612e+01
5.955194098784342316e+01 9.979826337074737808e+01 5.175724179791962598e+01 5.522231039634318961e+01
9.363086363932904987e+01 7.862498282487277379e+01 7.958643141772348883e+01 7.407688219285108744e+01
9.639412669836535486e+01 9.593936124438199897e+01 7.470677343101827717e+01 6.745131662709357556e+01
6.654281510817749989e+00 8.435642921413089823e+01 3.554580004824746453e+01 3.194246692760074069e+01
3.541696785202571363e+01 9.520242771695730255e+01 6.990659127712564214e+01 6.927880367357801106e+01
2.032075932604311319e+01 4.912632560812117788e+01 3.681502324753751765e+01 3.902455051771669758e+01
5.123302552695830059e+01 9.114072831381922413e+01 5.122285253655327608e+01 4.786029122150306137e+01
1.573230617876479798e+01 6.278142966875447684e+01 5.922001800085140388e+01 6.019808059404371647e+01
1.362890775618699202e+01 2.594657705609331089e+01 4.541053232355679370e+01 4.218314643531365249e+01
3.717162978989843936e+01 8.906498914045968718e+01 6.121094094063370505e+01 5.867021833820156473e+01
9.121427875264975782e+00 3.294347383382601180e+01 3.888978306401396168e+01 3.168229571149545265e+01
3.062576764059043910e+01 1.352407856245559969e+01 2.508398597217145110e+01 3.343394645266154441e+01
6.822824046021102617e+01 3.859285162931639235e+01 6.325494446185557962e+01 6.489404918345678652e+01
5.215430327681816181e+01 2.359471386320177722e+00 4.317437423249261741e+01 3.469396007480844446e+01
5.726228231899150956e+01 1.819956213541092893e+01 2.565585062489513746e+01 2.537426980016275024e+01
2.195310198156193948e+01 7.055795526542418372e+00 3.478573211400900789e+01 3.971169257291453647e+01
9.789657664519394586e+01 3.538804064636100577e+01 4.605366218369756126e+01 5.924969270694726475e+01
4.393305027932002815e+01 9.773629079086362026e+01 3.795680285699257439e+01 3.374852752387281640e+01
7.395563750993044039e+01 3.040290107864918046e+00 6.948371146303131241e+01 6.841949564740755818e+01
1.066863842265798290e+01 5.459027705119656737e+00 8.048253636154794322e+01 7.390575164916685935e+01
8.098606328053590175e+01 1.205218397920489970e+01 3.015204038886367499e+01 2.992656814292418943e+01
4.810626453460049845e+01 6.769579375655125375e+01 5.097833657415841913e+01 5.263279047659708709e+01
3.266338602809931757e+01 8.527752041652291837e+01 4.979385635121333564e+01 5.530698789312729957e+01
5.359304625596084115e-01 2.805846836934907529e+01 6.050057197835423040e+01 5.349065063693976185e+01
5.752999877208009316e+00 1.247979919861565890e+01 4.485690978307624022e+01 4.605381423679042996e+01
2.112814384987499139e+01 2.869249419378158095e+01 6.478801735123026617e+01 6.689558558701257596e+01
3.585221788028459855e+01 5.573715577180221459e+01 4.124037567365922285e+01 3.874818576779285451e+01
1.689692555198195478e+01 7.401999025589411474e+00 2.362314953098878334e+01 2.825213474815362957e+01
5.770046949104434830e+00 6.186119598898068972e+01 7.957176014661003194e+01 7.389304568213468372e+01
3.397407682374008431e+01 3.871110553523582354e+01 8.161910627593066181e+01 6.698380706338781465e+01
2.226129123735602988e+01 1.191602651948742064e+01 5.011181173310864523e+01 5.152457998682114493e+01
5.675118217302388857e+00 4.282016127583728604e+01 2.385705239456931182e+01 3.035372076285802834e+01
6.102771143241991325e+00 9.974027069430341896e+01 5.226863911662611173e+01 4.868643963757470061e+01
5.442718943008257071e+01 3.575638786996048424e+01 6.902553594121204128e+01 6.357859215390517704e+01
9.256512069332595161e+01 2.909895150524202023e+01 4.363932594298420042e+01 4.841795190774035973e+01
1.895019753263820306e+01 6.936495143896547688e+01 4.065854099658091769e+01 4.701794918860871064e+01
5.629169201201006700e+01 7.429088460488027579e+01 6.330429234757230006e+01 7.133661850497701096e+01
7.314219473614328138e+01 2.726552631534283577e+01 5.718722545093540788e+01 6.098392960216892789e+01
2.423049946965074497e+01 8.388175722068376672e+01 4.805593543007559987e+01 4.745349593689719114e+01
2.488315556658831085e+01 2.395876184940333076e+01 5.131935546949618754e+01 5.265952316756602158e+01
7.508630665348651689e+01 4.472407082285091207e+01 6.338913898924022305e+01 5.847767777305307391e+01
7.971050223340935759e+01 3.279386590359880671e+01 3.573094694080501910e+01 3.129148187358921263e+01
3.360061630988122516e+01 4.987393308123381530e+01 7.024995732190771491e+01 7.098208595551173516e+01
7.718631310005108048e+01 3.925707204031583331e+01 6.631020350451690604e+01 6.310403446523163495e+01
8.946657206444625388e+01 6.771159717815929469e+01 6.481104088762914728e+01 6.759111945891937978e+01
5.890251521197797935e+00 8.178730575039264750e+01 5.660541560860531263e+01 7.128524857107248636e+01
7.506231382764550375e+00 8.511939701767671806e+01 2.801740686116236390e+01 2.724352849147849653e+01
6.953489965083350910e+01 6.042696858066909371e-01 4.030323345425487958e+01 3.892150522894421982e+01
6.552612623007591708e+01 2.243724311175557773e+01 3.552330320665401331e+01 3.843467875528251909e+01
9.766505556584677095e+01 2.240524120323500412e+01 5.615290730544426623e+01 5.372422706550414517e+01
3.408372743502967239e+01 6.603963636993826469e+01 5.490476975177273289e+01 6.010913071881501679e+01
2.784444900554333557e+01 2.719408028130017030e+01 5.386316475323040009e+01 5.400576551266445335e+01
4.757000212554925156e+01 3.996758904418703651e+01 7.218097958857170227e+01 7.187375118396916207e+01
9.355212854644030074e+01 3.921334325530671805e+01 4.741893609269128973e+01 5.422749337382128232e+01
7.973753747701803718e+01 7.741986595291865569e+01 2.963121384470439779e+01 2.868387342944074447e+01
6.815540731434536781e+01 7.038735330949496927e+01 5.625114161047661554e+01 5.671201245167269889e+01
6.702653447137849696e+01 4.697750098386912754e+01 4.384572805414135388e+01 3.906104715759551738e+01
9.884762727946775840e+01 2.702291732075737940e+01 6.637058197957713901e+01 6.572799452625199024e+01
5.885540887207439908e+01 3.094011004280353561e+01 6.735312598991562538e+01 6.620736031041185754e+01
8.448482062686187533e+01 1.713502429619783030e+01 4.525157638414533068e+01 5.461944425928842861e+01
4.216540068218385073e+01 3.390763418039127686e+01 6.035105414260137024e+01 6.105463813610915480e+01
2.194015796373812677e+01 2.298934905680789598e+01 5.202887308715046544e+01 5.058456430630154443e+01
5.189724118513094453e+00 5.936033556722048132e+01 5.642315628575715891e+01 5.487431039367577057e+01
3.638333078401434761e+01 3.376284770778660516e+01 4.308196881586439275e+01 4.886170885328964175e+01
5.033100308809489576e+01 7.578239940304545996e+01 3.921133904575183493e+01 3.744440954799566867e+01
7.940824429776482951e+00 3.258467803907378624e+01 4.483501070408612321e+01 5.336172441734497340e+01
1.870716152005710242e+01 1.799141966106981982e+01 4.248620580135287383e+01 4.847460192402041912e+01
7.398405009171904467e+00 2.166822011459926856e+01 7.566298423841976728e+01 6.915453060025215848e+01
8.418932860006725605e+01 4.231516175137390690e+01 7.398163343882102083e+01 7.274733758045790921e+01
6.715152436963860794e+01 2.132869179489309630e+01 3.390700861189463922e+01 3.240498881930076891e+01
5.131225628054578891e+01 6.378441798877268809e+01 5.428949813566214999e+01 4.731000583197705822e+01
4.729874610064738505e+01 4.431522734549001541e+01 4.982644992950179130e+01 5.192253499490063717e+01
6.328293130546116174e+01 7.226208749885401517e+01 5.974831337307765722e+01 6.196049793748122880e+01
9.995983822000198415e+01 3.360924021289668495e+00 3.951480082336536981e+01 3.576642526349354512e+01
4.259257793580769658e+01 8.011387082987648967e+01 2.727864706808314921e+01 2.590426987162695838e+01
2.564627918062347689e+01 2.512313818144621536e+01 6.161456264079192380e+01 5.425834416127082704e+01
8.149993898456000352e+01 4.522610100752405771e+01 3.792488906410823546e+01 4.565132576567669531e+01
9.735795542016492732e+01 1.167540360116388065e+01 4.866326820448924906e+01 4.404591533411765170e+01
4.084877531814343854e+01 9.812659658689037556e+00 2.682003620882191797e+01 2.935538891515431814e+01
2.844121257911202960e+00 8.769542889829570242e+01 6.078495289904011400e+01 6.291392526927633355e+01
8.150184978702506555e+01 5.215544524029898099e+01 5.995098294218943380e+01 6.189690631181115776e+01
9.808074284900054352e+01 6.381030091372623758e+01 1.935984777548672753e+01 2.781659578300033075e+01
1.192089114139567307e+01 9.460436442804254398e+01 4.339276894625074732e+01 4.817401469725394492e+01
3.387487956394421929e+01 1.499306895400106576e+01 6.044985925331612719e+01 5.555801987503895845e+01
1.588158961735678432e+01 9.991370762165098540e+01 2.951094678816048500e+01 3.120446608786233966e+01
4.055134972242816360e+01 8.713559161780889895e+01 6.418875035428781928e+01 5.753286636735971626e+01
3.686944117452725322e+01 8.983284359238530214e+01 7.497242022136001083e+01 7.063226133381195382e+01
6.904141408952129666e+01 1.024386897660806106e+01 2.445595509312893512e+01 3.003776235230042246e+01
4.053520340221737683e+01 4.572304057323650284e+01 7.016020934701172962e+01 7.244937459162296989e+01
5.964455895078638292e+01 8.675800307940346556e+01 6.857624417600561628e+01 7.198971173035880611e+01
9.417483622312047942e+01 3.882729907962647786e+01 7.286421891840615217e+01 5.928872794842024518e+01
8.342434221115357929e+00 5.303353487867050831e+01 2.146202746712224751e+01 2.546778727692675304e+01
5.938250989731626817e+01 2.834422394537497070e+01 6.694843608080721253e+01 5.707740244214375025e+01
1.415813519130542097e+01 7.358116038161786321e+01 6.456397197629782170e+01 6.577634210446986174e+01
9.712418328803511258e+01 9.112353632581479701e+01 2.833028631997023439e+01 2.996359034065272553e+01
2.731657272543697168e+00 6.553685611117577992e+01 6.028873890046725137e+01 5.808632148766302805e+01
2.742876876644606554e+00 1.226775292025926767e+01 5.847017045359855558e+01 5.940366907533201157e+01
3.845739464052495293e+01 4.320286435217401966e+00 4.692718463629290682e+01 5.891479322776874028e+01
7.530834596732056241e+01 7.899727113656113886e+01 4.989894665965729814e+01 5.063346502423662798e+01
2.296125565197147012e+01 3.197544499127264928e+01 7.468271754630708870e+01 7.056377317038011654e+01
7.335807888859380910e+01 9.122022880249323862e+01 3.881186907203753833e+01 3.630490884215464575e+01
6.008835274328461651e+00 6.779079397348445468e+01 3.720124411459698877e+01 4.684801083463680271e+01
6.868883118360020035e+01 1.923524727323562189e+01 4.225825687039120737e+01 3.563958201714634555e+01
6.247352021229627184e+01 8.727178412956928355e+01 4.560978883919391791e+01 5.112020351537358209e+01
8.084904541911343756e+01 7.829656628006328845e+01 4.145385128512582895e+01 4.869815316669826899e+01
3.244734583231111458e+01 7.631467101641358397e+01 4.563765932479451237e+01 4.731512758554146103e+01
9.985782447202563361e+00 8.651439814378031201e+01 2.962929877694993053e+01 3.055492956163850948e+01
1.062971153117178247e+01 8.930149335126125720e+01 1.972527777307194796e+01 2.685594187104695152e+01
2.206239083102542509e+01 4.919085146648672691e+01 4.200347066632821225e+01 4.168122427213742753e+01
8.293345916321558775e+01 1.048768883490009962e+01 5.861414332423677820e+01 5.874111658673791680e+01
1.427003598293508091e+01 2.976210020509740772e+01 6.235654061672681081e+01 6.265506281358866403e+01
7.262257046938907479e+01 3.918378201125083393e+00 5.309437310723647130e+01 4.533829504283133360e+01
5.653139862898864010e+01 7.882799711020116007e+00 5.006880342007635676e+01 4.649615150894689464e+01
8.332736842131184574e+01 9.456097526746798820e+00 4.038296964446713844e+01 4.171150513747942767e+01
1.994847915246484860e+01 8.760208322908741252e+01 7.049198163017737784e+01 7.255449960449807634e+01
2.536177716072818278e+00 9.523355613956119292e-01 2.912492544816697304e+01 3.147936452693706499e+01
1.432831142805653890e+01 6.303044775601958349e+01 6.637969338825597276e+01 6.918101447004441695e+01
9.419509036613675335e+01 9.520399245458408188e+01 6.588967054113456356e+01 6.902830080683489200e+01
5.675112852708719124e-01 3.589979165696143326e+01 5.131415132472662322e+01 4.819518586451397368e+01
8.331094174196363156e+01 8.243069088192069671e+01 2.753707241216709534e+01 3.118667839669165431e+01
7.305880306861195095e+01 6.720373787178573366e+01 4.735239649699614972e+01 4.134816352801767891e+01
2.014549526790293399e+01 8.886431808940862709e+01 6.778511843068348242e+01 6.258206503126094589e+01
1.689929248783747084e+01 7.048023448408608260e+01 7.414337195769799393e+01 6.891265195390963072e+01
1.533934225269212348e+01 6.006888918595830518e+01 6.571765052734784263e+01 5.998262869668884889e+01
3.809501727351942435e+01 9.576536010649483899e+00 5.680466417875152985e+01 4.765080035433321370e+01
2.801201966013880806e+01 6.595739418718184766e+01 6.581747595137903772e+01 7.058402750020908911e+01
7.050074741207528461e+01 9.924650787777589755e+01 3.866977099474053858e+01 3.146486691794514456e+01
4.653154744851008928e+01 8.046117010253408353e+01 5.783700230218853733e+01 5.585958410725510959e+01
2.568487530471019742e+00 5.502771397236738693e+00 4.424391891788099684e+01 4.391991042547338253e+01
2.528522699826138975e+01 1.265368834188187463e+01 6.587055427265259766e+01 6.976335604253608835e+01
2.261119106342584928e+01 1.894915534480945407e+00 4.184197837673276865e+01 4.163797047021672171e+01
3.104329919783051039e+01 3.186044313464927313e+01 4.452700281815614858e+01 4.149863451768983680e+01
7.553812888481567711e+01 1.407757762142847113e+01 4.911328898204840954e+01 4.576577118241428366e+01
8.116353199647066674e+01 5.182797624491928445e+01 4.530345683557318637e+01 4.097476319358847263e+01
5.839746522882669666e+01 4.659738263472532793e+01 5.428173620781756625e+01 5.651653024066334297e+01
8.085398166969733325e+01 6.126750567852208462e+01 6.470480913867177719e+01 6.855670731485452052e+01
9.714388800365919963e+01 6.183954844254573402e+01 3.802852483345397872e+01 4.120416733921153707e+01
4.673292967858331082e+01 7.429036028823993831e+01 4.990414577211289782e+01 5.491055542244686194e+01
2.928915892038886781e+01 9.212260814607354575e+00 4.300118011540973129e+01 4.764726923174580975e+01
6.720586913854890554e+01 3.771250998562521062e+01 6.313685291006368772e+01 6.470266834946029633e+01
7.790714485987759019e+01 7.610026277600236710e+01 3.753093106356912756e+01 3.924707070830421429e+01
1.675824833240194778e+01 3.670017421308837413e+01 5.642499547629906687e+01 4.854300691275193458e+01
6.567870109644292143e+01 3.313710462860002082e+01 6.674991196239858482e+01 7.010846628790946511e+01
3.503030552129743569e+01 4.229456100566799392e+01 5.986590554864936564e+01 6.168745009373306942e+01
5.635160192069598395e+01 1.216718930038752688e+01 3.152089925197213560e+01 4.784234680631718106e+01
6.616268615323903646e+01 1.574142005921776999e+01 3.088418355046288610e+01 3.744204048460260026e+01
5.772684934923238842e+01 1.472544619186394499e+01 2.522713787144926911e+01 2.560528972483670174e+01
9.575394390168510483e+01 1.728941448946671500e+01 4.794360890595326197e+01 4.364480572747763887e+01
6.001081885608772204e+00 6.207240120242015990e+01 5.814061568565664118e+01 5.413340644239040955e+01
8.062273241275570967e+01 2.664529116386737950e+00 6.568288121363502796e+01 6.693119647329055510e+01
7.876951391490127463e+00 2.512255193123229446e+01 7.219133493118357592e+01 7.030636740206909963e+01
3.926450818362082629e+01 1.618141404978072728e+01 4.337627437925611673e+01 3.707344432600662287e+01
7.718876450029445380e+01 7.807627627484031052e+01 2.305387921709133181e+01 2.534756145669867777e+01
4.806845363474285904e+01 2.984630367454768063e+01 4.171361428103790558e+01 4.397962886743574984e+01
6.649854534886802071e+01 2.098260359487169779e+01 3.569515695140863443e+01 3.918289462580145965e+01
7.825624902926736581e+01 6.437619499528216238e+01 3.262754911512386968e+01 2.739626311850123841e+01
6.643016002599286196e+01 7.653129228919665650e+01 5.924855809527874584e+01 6.409939336125196974e+01
5.852222875080461506e+01 8.210206712716072275e+01 3.896683201081656733e+01 4.441493400251277990e+01
4.886995870706556389e+00 5.969512171607357232e+01 6.431737953393420071e+01 7.249537818444467518e+01
6.023670393482796470e+01 6.500336842370485613e+01 6.313753076041545143e+01 5.751695030981311874e+01
1.304038849803490407e+01 2.349367769489153446e+01 6.189940052890101896e+01 7.385087305365449595e+01
1.769316113677077418e+00 6.347445187232444397e+01 6.653866237850320431e+01 6.214473397607373073e+01
2.391747598616584725e+01 5.981328297531396743e+01 5.340900607237644948e+01 5.316899241398805032e+01
3.502568948034527097e+01 2.276116883658133716e+01 7.473245684517226550e+01 7.241885340811687399e+01
1.699600625561744494e+01 2.464925250702806281e+01 4.309314432700208641e+01 4.734868618846669364e+01
3.314380690146132480e+01 5.853922110366443121e+01 3.378406190748476234e+01 3.260704735105267815e+01
8.277111908134074270e+01 8.648309327046325734e+01 5.697286693391170331e+01 5.425206934205674258e+01
2.716170527149670733e+01 2.957516972635299979e+01 5.080805361856736369e+01 6.459668323969532366e+01
8.524924501155028977e+00 7.050840346141090720e+01 7.356081065021166410e+01 7.401942576834657928e+01
8.109685984700396943e+01 5.018201158603004330e+01 6.985283570817396992e+01 6.407303777602177774e+01
5.656475633753974819e+01 1.309819037679124065e+01 4.060900421839067320e+01 4.124672246573862822e+01
8.809199954597525561e+01 1.991471165201163984e+01 3.521478890555167141e+01 2.783339932339053746e+01
7.623153916708216116e+01 2.085060481402156540e+01 5.915648626042444391e+01 5.687490211032828569e+01
6.997939421248166525e+01 6.539723257107664267e+01 7.064086402755005167e+01 5.522354006170727558e+01
7.066995890287628868e+01 9.648059198489283972e+01 3.464988895203195796e+01 2.873814309750149931e+01
8.785904243758395182e+01 2.180706251510677873e+00 2.882029633232832211e+01 3.239660400083034375e+01
7.147773654346229932e+01 8.620349472569610327e+01 6.611210076621493670e+01 6.448907802084305274e+01
3.052421593503218400e+00 8.579195484604065314e+01 7.324639129340350507e+01 7.337442206904347586e+01
3.784513124839842391e+01 3.286302583155026014e+01 4.798201814074401028e+01 5.337256883495456350e+01
6.832290511181624026e+01 1.846937767423261079e+01 3.082670029862493166e+01 3.136704647143023195e+01
1.523740634154530049e+01 8.627095887795481133e+01 4.207060703931986012e+01 4.294489852061438739e+01
7.324217759293367180e+01 2.935383387370836772e+01 3.339842182660015624e+01 3.491531087010071133e+01
9.391795792622048111e+00 9.995087956637745208e+01 6.050245972029414077e+01 5.871678157641152751e+01
8.537286379643830969e+01 6.666076327786896627e+00 3.894511784919237130e+01 3.968311372711411877e+01
6.696511223036098670e+01 1.064337186997015294e+01 4.889028386540006466e+01 4.964345556699228013e+01
4.426778745441415452e+01 2.160402244735797339e+01 3.002698358518022204e+01 3.508073324969551976e+01
9.671183544949823840e+01 2.886484860099359651e+01 2.134261339684110226e+01 2.615302806054758378e+01
7.542471844969162476e+01 3.683249151475309624e+00 3.937604003795632934e+01 3.438030914695988827e+01
7.739580797830902270e+01 9.048521018001294181e+01 6.022001233327832637e+01 5.541293572736931594e+01
4.169584239647742407e+01 4.626483671148719878e+01 4.064817003150123043e+01 3.051656475772052346e+01
4.633966466060000045e+01 7.132391520201998958e+01 3.692688229555415091e+01 3.689550693323104014e+01
5.477504591506191645e+01 3.033692575287322413e+01 3.536274950904826397e+01 4.240596309131894515e+01
5.605385880517496844e+01 8.035740853838728981e+01 4.434082129947165640e+01 4.258718324474273942e+01
8.770165616176711865e+01 2.807419529426581306e+01 5.072101040289247464e+01 4.948884813997877075e+01
7.496056865823538828e+01 1.205862161182349368e+01 5.165613264852313335e+01 5.557803049810670615e+01
2.286210580294450878e+01 8.874788848112835637e+01 6.474381006389998561e+01 5.861471220125578441e+01
5.603762658820750886e+01 5.066492416787050956e+01 6.501130275414655557e+01 7.175158369239021283e+01
9.768341706503845501e+01 9.953423166088229834e+01 6.693911100886447230e+01 6.128085782492026112e+01
4.065991616412504328e+01 1.589074819807343530e+01 3.339563563444458794e+01 4.441186444406905309e+01
7.672885692980929662e+01 2.328855113299752588e+01 4.782720648259724072e+01 4.665069809626953656e+01
6.614930204143175274e+01 7.862988160773022628e+01 5.818783478916333962e+01 5.094366259349953907e+01
8.335803188619632920e+01 2.636636130697628388e+01 2.098776716687892474e+01 2.796790491769678511e+01
9.263200487579696585e+01 6.934808763573784063e+01 6.715255770582211881e+01 7.187335799687788551e+01
4.672952386284499227e+01 3.766972592935105268e+01 5.556911944786387636e+01 6.359085661683273827e+01
1.205663494216670983e+01 4.547125610831077580e+01 4.553677044654808981e+01 5.108967203409176960e+01
6.521691270917568772e+01 8.837251519534115118e+01 5.563038614691637918e+01 4.977475332673208186e+01
5.796704351975395753e+01 3.957128699580292164e+01 7.988105198655017603e+01 7.107530005055957645e+01
1.476351851214849908e+01 3.948277516556265709e+01 6.649810252380308384e+01 6.862740926984524492e+01
9.803784690587428940e+01 7.738033312474813386e+01 5.236766228041135207e+01 5.124971157975024738e+01
4.425112319453147336e+01 5.396477205303649072e+01 4.628397021877358242e+01 4.231845563903609531e+01
7.804680401549411783e+01 7.374904884584154274e+00 5.400139862592811824e+01 5.133419727510951702e+01
2.775324742105270559e+01 9.150267805923954256e+01 4.513312132594850112e+01 5.284378859639564752e+01
8.984633484785533142e+01 2.990810852545675402e+01 3.873625838213512651e+01 4.453374815000329789e+01
9.471191882470805012e+01 2.013144509316353492e+01 5.785011516511451646e+01 5.042799235646975831e+01
4.372149690046684611e+01 6.989326268452632007e+01 4.070162350061598033e+01 4.797640191247724317e+01
5.853173927537669741e+00 7.051122613353439306e+01 5.031983276849830844e+01 4.923772778196070732e+01
7.077367014030544468e+00 2.261545816418630839e+00 4.641958666449473014e+01 5.135493288587080940e+01
6.565772554235961422e+01 3.321732877884856805e+01 5.158257984924495076e+01 5.027265610337429536e+01
9.655749797267384338e+01 2.164369706323387987e+01 4.995353977440402105e+01 5.326797985577925232e+01
3.958368087568958771e+01 4.962776590574021895e+01 2.455833682738663981e+01 3.513336124521575243e+01
9.642488410362291518e+01 1.308441041002602567e+01 6.048784807504402750e+01 5.911764682755956812e+01
9.994105878566369938e+01 1.384645960696758671e+01 4.239430849398242174e+01 3.724849682829967179e+01
7.804236689714765873e+01 3.219014984996826367e+00 6.897827511400444678e+01 6.956853673607844257e+01
5.876256784477621409e+01 3.461809254097020272e+01 4.057062206413664285e+01 4.407627105494859165e+01
1.190627448625469853e+01 7.482344914331945063e+01 6.015536496435179714e+01 6.210525201504878368e+01
3.642170447482799744e+01 1.715749437631359697e+01 5.934517391705603728e+01 5.029156739122090158e+01
8.056079940497873793e+00 7.771340530657700185e+01 3.955343960629633671e+01 3.624702291347629313e+01
9.462058847148388452e+01 8.273406343452183620e+00 5.976835025337561547e+01 5.540618304743109945e+01
8.776677629335158315e+01 7.976979775019388264e+00 5.538933884160128684e+01 4.306797858294406467e+01
8.242898755244522135e+01 9.863247086457957380e+01 7.243274008140213027e+01 7.308237704167119375e+01
2.783343754632936395e+01 6.995703298454094465e+01 7.057667693076393789e+01 7.173700276984173740e+01
1.167017684236366648e+01 9.197464335671062940e+01 6.638042869107859190e+01 6.386368559448336413e+01
3.120730182954224574e+01 7.933600122366799212e+01 4.883694869548509132e+01 4.914202882722795351e+01
1.421270369158765767e+01 8.845020812264927201e+01 3.386619462364725308e+01 4.335296509394135001e+01
6.988592305298941199e+01 2.905941604996073835e+01 5.000712506737999519e+01 4.808657443218417882e+01
7.244030003178909283e+01 4.197356827623710984e+00 4.852389690303142800e+01 3.997893684674185977e+01
4.870442994699632067e+01 9.212747164488929741e+01 6.172129780442767810e+01 5.673198005873894090e+01
2.556422298996035991e+01 5.331775937602949256e+01 2.802201536107037327e+01 3.755833290709183103e+01
5.419647874261011111e+01 7.077919273761769148e+01 7.343958761703014204e+01 7.255474094531403750e+01
1.646849396610934235e+01 7.504308488338631378e+01 6.726881395923591356e+01 7.268516995441834183e+01
1.200513336870667747e+00 5.887217508975084002e+00 6.462495018603803487e+01 5.848251359677615113e+01
5.277054209342938407e+01 9.415405000545918313e+01 6.191104376816038979e+01 6.345011883594207802e+01
7.256451882806672415e+01 2.826518185058720789e+01 5.889818435891957904e+01 6.208153406472627012e+01
2.166280875826804930e+01 7.486862942267469734e+00 3.877788195072313471e+01 3.613880790173334390e+01
6.564983125788873508e+01 5.095294466308277492e+01 2.368916932613305448e+01 2.705689013767714002e+01
9.221560928441523686e+01 5.420080884203326121e+00 6.889130176988153664e+01 6.241727766596971350e+01
6.212398928093688966e+01 4.410415222565268323e+01 2.403209552926053405e+01 3.159702208632396747e+01
9.413812499770291709e+01 3.077932066252479970e+01 3.871041583688729304e+01 3.229182964169865500e+01
1.872615265986332656e+00 9.429499947200082488e+01 3.293900918172688819e+01 3.394044138903586116e+01
4.041638215329932393e+01 9.078046114473946204e+01 5.265984301668132161e+01 5.150444433211660566e+01
5.661745417554779891e+01 1.762328381509168196e+01 4.986600208186544592e+01 5.695753943149513532e+01
4.261328837083011578e+00 6.097925772911562348e+01 5.234138271181127777e+01 5.146896186495190761e+01
1.601195472360530303e+01 5.413251190911064725e+01 3.209814735924783946e+01 3.111815064339711867e+01
9.065849365917099334e+00 2.972585469036878081e+01 6.501105997281013060e+01 6.058373184215454188e+01
6.447607152270879283e+01 8.704584166251011368e+01 7.092695441722004546e+01 6.838008342559257358e+01
5.193751052108029853e+01 9.797175003857866216e+01 6.948560797893195229e+01 6.723078823876343790e+01
5.042198660994026937e+01 5.127146241182969533e+01 3.621121809808732905e+01 3.744734544843382906e+01
3.027289939719450729e+01 7.153535462678857471e+01 6.575818868033287856e+01 6.563883333659802588e+01
1.880171535535778560e+01 1.117842991049420220e+01 6.608657584017463194e+01 6.827168394588947820e+01
9.782052037999167737e+01 2.056452234493954023e+01 5.770687157060283567e+01 5.392997823687833403e+01
5.346329003939165325e-01 7.130543960262873782e+01 4.142821135633177931e+01 3.863556274282610303e+01
1.111665011759372845e+01 4.099576183803399942e+00 3.340784416691172964e+01 3.018024316995278866e+01
6.259904657610355372e+01 7.934195271886331113e+01 5.460624966304577299e+01 5.663127324153134623e+01
5.807487763069806164e+01 7.998582217528911542e+01 5.288433742187594078e+01 5.585678307129418840e+01
8.194667514944217146e+01 4.117772905623573365e+01 3.478939408812438217e+01 2.776277931422700718e+01
1.422989967586928373e+01 8.912518131481662920e+01 3.287095993874514477e+01 3.366667833078306415e+01
1.265677021186251139e+00 3.912983359830687391e+01 5.091963531380596919e+01 5.121948271038598222e+01
3.776509508391939818e+01 3.526448065343021909e+01 3.388104202306774226e+01 3.290186270504104016e+01
9.230944458836918898e+01 4.875809879019909587e+00 4.450761419929553142e+01 3.853934026866694040e+01
9.539757140805427582e+01 5.930149592722858642e+01 6.262567303206702718e+01 5.493989561662186816e+01
4.337734016604721887e+01 3.422827126663222685e+01 2.126764294948763023e+01 2.640312229790784215e+01
6.039877538322588890e+01 9.545617453482380199e+01 3.597909540924030125e+01 3.468627225309352724e+01
3.504862838980765360e+01 3.797272115933456860e+01 4.628422570343282416e+01 4.260677524997004895e+01
7.182442699476501957e+01 7.196534336890351824e+01 4.795885847196652207e+01 3.970598317213325146e+01
5.231528993139359329e+01 3.001048777414117019e+00 3.042967015583256796e+01 2.777154221494630093e+01
3.460170742306094382e+01 5.587272687257593873e+01 5.582997673713045117e+01 5.397227004826688557e+01
7.098997977278730787e+01 7.170272962180808918e+01 2.352107242120829866e+01 2.498487252578251372e+01
7.701871511048247498e+01 1.960356804628204941e+00 7.161618846067204913e+01 6.984102640622639058e+01
1.020611035194231064e+01 7.296482084212189534e+01 5.271180905684042983e+01 4.912006475835403307e+01
3.811076369451169654e+01 2.587614726335570836e+01 5.187364357889943278e+01 4.789084261004509813e+01
9.762574397174211072e+01 3.185582581880834852e+01 5.324802068605883676e+01 5.200407735461298131e+01
1.954580042955926800e+01 9.332366912398428838e+01 3.158397637974046290e+01 2.713039980088919734e+01
6.921862883801171051e+01 8.189763180165998335e+01 7.409144612371808591e+01 6.820035199537005610e+01
1.826114125761455398e+01 3.047618012267000509e+01 6.362258674316299789e+01 6.647454501916837444e+01
8.415952268003820791e+01 9.608743560212720070e+01 4.055168438263947195e+01 3.805616692861926964e+01
2.248124816988460495e+01 1.931375496208753706e+00 2.372990360935852650e+01 3.294051414880048867e+01
5.532591871619298729e+01 6.955312485118324162e+01 2.763808211062686127e+01 3.532631227907935312e+01
4.524998508199809066e+01 7.478572189189605979e+01 3.017829717398496925e+01 2.788876834901276780e+01
2.130467467721586416e+01 1.873137460906674079e+01 3.588727318257262056e+01 4.072093978429515460e+01
3.587968178884903825e+00 2.829918376652497258e+01 6.522228244432281485e+01 6.833988422121444728e+01
6.479190471601367562e+01 7.355380649149124039e+00 2.874156170806201516e+01 2.826963882776358972e+01
5.695576646779216645e+01 3.185521375031028413e+01 4.179880241888734815e+01 3.548622337254482773e+01
7.128107571157640621e+01 9.266829456630043538e-01 2.763935440884305450e+01 3.342361421997760829e+01
3.765603315624177583e+01 5.270885849096398346e+01 7.338218870696326235e+01 6.552285776547950036e+01
8.619906131778810732e+01 3.729509206408020106e+01 3.748615996517682447e+01 3.514465425188996761e+01
4.786802542001748151e+01 7.400075127727784263e+01 5.137451444804616330e+01 4.534689805234617666e+01
7.189534051450696239e+00 4.401496313459585252e+01 7.089046080428327912e+01 7.070476857956136030e+01
5.809665399018992815e+00 5.984718972688851224e+00 3.706014031809827003e+01 2.900387217908742343e+01
1.949639641237090970e+01 9.347807913084203335e+01 5.813436037397431733e+01 6.051477282286533921e+01
2.873253994058961780e+01 7.047767291149507685e+01 3.749290513593288665e+01 4.866151532574873073e+01
1.321156443790100177e+01 2.372322298435803845e+01 6.427472844593756918e+01 6.107707100011926116e+01
5.839238042429684583e+00 1.674830859762407442e+01 4.144068556705321527e+01 4.346854741231221908e+01
3.724516435038677287e+01 4.180516029630224750e+01 2.064549050427060450e+01 2.524722055603024629e+01
3.919694623499169950e+01 4.335321411952808290e+00 7.061673428895245763e+01 7.278457931305143802e+01
7.238155239078763259e+01 8.188193868703041289e+01 5.880560673389636861e+01 6.214291959384151909e+01
8.190688248064070365e+01 1.713157538327981655e+01 7.201111188748664915e+01 6.433066272438711053e+01
5.473875786942453914e+01 3.037387877157049498e+00 6.465879505288259566e+01 6.403727099643897702e+01
6.349870898624406834e+01 1.440851610514626202e+01 3.489877269966928708e+01 4.216435013110547914e+01
5.281071259750551405e+01 6.201140121686252371e+01 4.037407965014865141e+01 4.022934607345845848e+01
8.209471574549681350e+01 1.629800962492213756e+01 7.802333671518009339e+01 6.990017136458054381e+01
6.750506231463634776e+01 3.264455251408327285e+01 5.465561451762878420e+01 5.309399464812096170e+01
8.307795327869187929e+01 8.624466264552023631e+01 5.279715098083659086e+01 5.092987497374950578e+01
1.041780725080069203e+01 1.356166185430162052e+01 8.135488124382673902e+01 7.213039905270329655e+01
4.915122572262515632e+01 6.418607787630197947e+01 4.114848761365421836e+01 4.255942716615876975e+01
6.955475844155293430e+01 3.607289844960861558e+01 3.211161342991829315e+01 3.842983138176160196e+01
1.242878648679002218e-01 6.355213004547244360e+00 6.232555248926347957e+01 6.221045256851246563e+01
5.659084760216570587e+00 5.602554550011572587e+01 7.553399783554741020e+01 7.198987401432793831e+01
1.980995720311994290e+01 9.824650755191189688e+00 6.906436131395010136e+01 6.985527881818613594e+01
8.228489055224440563e+01 8.504901885825634622e+01 6.416444970912202450e+01 6.607254090462112117e+01
7.620435078849881450e+01 1.793596895503296551e+01 2.366093425909727799e+01 2.544376864697826690e+01
3.946506269986647908e+01 3.145670663263368994e+01 3.216517383029120225e+01 3.252223309986776911e+01
6.487961647364059559e+01 8.016293954628756069e+01 6.161062067028798594e+01 5.855173936861714168e+01
1.568916249739164037e+01 8.531623920501981218e+01 6.272527880187007554e+01 5.928799310851525917e+01
8.076096990350039562e+01 7.741071203760408537e+01 2.978644872250884035e+01 3.621164819849898464e+01
8.010878500159086002e+01 9.145736799875936640e+01 3.541044466378254896e+01 3.640157063024235384e+01
2.145541228704328507e+00 1.507715068111009593e+01 7.098814466086700747e+01 7.067787040190339098e+01
7.118502228763061623e+01 6.411627058451770722e+01 4.773640243842032049e+01 4.032810962213918060e+01
8.886410315486050138e+01 7.945342025661246055e+01 6.947575167143729402e+01 6.569599472821033714e+01
8.202795606708994569e+01 8.033129122072205064e+01 6.144589259733629660e+01 6.104147398871859309e+01
4.388401327161533771e+01 2.603264982360564694e+00 3.271769425285439326e+01 3.530611522229455801e+01
1.087093998001428297e+01 5.188669197797703703e+01 3.679222969582797020e+01 4.557650339563867448e+01
9.900981192160516287e+01 8.618640162829052542e+01 4.387858542389209049e+01 4.713326381082463712e+01
5.558746918267145531e+01 2.262057658036465924e+01 6.363128400762519732e+01 5.720845675723486323e+01
9.374401748839255788e+01 7.861985768350282910e+01 2.731636904190552073e+01 3.542549804963679350e+01
2.968586249660071275e+01 6.928820309031202385e+00 2.858678356462773706e+01 3.492358447248548714e+01
9.262479967781722223e+00 4.994487193256428270e+01 7.083470794982575569e+01 6.899913052499313437e+01
7.511811614991584918e+01 5.952923224817907588e+00 3.399558982382020389e+01 3.740389045025941783e+01
2.881717665474337053e+01 1.043003229873345994e+01 3.624713109320056503e+01 3.915247201044361702e+01
1.064638035876764910e+01 3.096795015205364621e+01 5.524104467155260778e+01 5.279105282324589155e+01
9.879941114063267094e+01 7.933680346575438591e+01 3.804358028919819645e+01 4.252756020601753306e+01
5.758460579035704541e+01 6.233080309392077112e+01 8.227272212473471313e+01 7.267337007402304039e+01
7.364517854198004443e+01 5.692911269711403577e+01 6.691830270396566505e+01 5.193293550774815515e+01
6.885842889075168216e+01 8.504255619876320793e+01 4.092622826997678231e+01 4.230025559075328090e+01
9.798903224712060478e+01 2.160717326733728783e+01 4.166992820434388989e+01 4.176224488585977923e+01
4.707907780422155497e+01 1.872338396153294582e+01 5.212662385624437889e+01 4.357717503326793462e+01
2.553434361504908168e+01 1.753276625366291341e+01 6.011223920250360209e+01 5.718346063866757589e+01
4.968638557447398796e+01 2.779278996707801319e+00 3.392827818059418377e+01 3.133155281479626453e+01
7.767473661838907617e+01 2.988621585266434266e+01 5.804100231779726471e+01 5.615642723537443715e+01
5.850420481447423526e+01 4.081917817720213293e+01 6.544198355397227829e+01 6.721287032345333046e+01
8.273269707849408405e+01 9.055203785046867893e+01 3.927629809475776312e+01 3.619538006699055899e+01
3.138161945989681456e+01 9.520359096782877373e+01 6.276328221388679651e+01 6.175582271431993320e+01
3.806764852414683276e+01 7.918277209316302390e+01 3.044739016157150857e+01 3.842706407867738960e+01
1.764075860698620701e+01 5.439696357977054930e+01 5.662120449106033959e+01 4.951578760556250813e+01
6.541455922412721691e+01 6.991989027572330428e+01 3.451184644346848529e+01 4.141344431636724011e+01
3.199488623515873797e+01 1.833230422249607727e+01 3.655928428755782278e+01 4.199914862485331923e+01
8.817544848758092257e+01 2.883205204172755032e+01 4.551632489675964166e+01 4.933716388576205247e+01
7.472689881834340042e+01 9.165372806020251062e+01 3.371650128568918348e+01 4.194649407578260281e+01
4.444414341769958554e+01 8.994782704536088147e+01 3.584838731584226679e+01 4.356213125452104151e+01
4.805129861917357914e+01 9.045041412180788143e+01 8.022432179898481763e+01 7.318387556285284745e+01
2.434309250098027988e+01 3.247950654119333791e+01 3.529587274593390589e+01 4.037765690394893880e+01
4.843263024935065886e+01 1.017381806747896800e+00 6.974880565979574953e+01 6.989613425302584915e+01
3.893611644977846709e+01 6.329864702286054268e+01 6.066939634624287692e+01 5.340589023229427568e+01
6.752196475396318931e+01 1.023800257599538632e+00 2.853384951746712517e+01 2.783780869583761231e+01
1.890915205037804014e+01 1.669863529424923243e+01 7.284766841211327915e+01 6.689405113279416071e+01
2.395513490931245926e+01 4.747376149873008444e+01 2.469889952856795290e+01 2.960825994874877054e+01
5.802338234353299384e+01 7.205737680599679607e+01 3.310747386981765317e+01 2.926342954170886301e+01
5.456542076143487918e+01 2.262623192677317618e+01 8.213617926691576088e+01 7.384218878215565951e+01
4.289590953107613736e+00 9.865289627089746105e+00 5.209961259858169313e+01 5.663843258842796047e+01
8.417604082132918109e+01 9.531423397737832204e+01 4.990393035948635969e+01 4.900066393956348065e+01
6.532462153559258411e+01 2.104016908704824473e+01 7.852700659100744929e+01 6.960603273085405363e+01
1.027554423205891965e+01 6.206132439459738492e+01 4.364933269432476948e+01 4.528914556294888172e+01
8.476891943646455729e+01 3.264100860344258592e+01 6.810910397298471253e+01 6.961858429019206085e+01
9.475873997767074286e+01 5.649902980821316589e+01 3.971469025198663161e+01 3.491226747076661496e+01
2.682735663487036959e+01 9.340437926474933761e+01 6.820768180511429080e+01 7.351068067789084637e+01
7.136721870094871178e+01 2.831832717810161171e+01 5.995786600250480092e+01 6.375438885918940457e+01
1.228303489197007892e+01 5.099545060026141385e+01 3.362261930848156055e+01 3.391935328189860854e+01
4.083796806314757788e+01 1.823292298165723935e+01 6.136063380493689579e+01 6.776646489299278642e+01
2.288127401968387264e+00 4.311646483110637007e+01 4.267257798733936625e+01 3.876998372077349586e+01
9.629726257427165592e+01 3.079412595458536117e+01 4.499749595778533973e+01 4.703197474426684010e+01
2.842686929945521612e+01 7.284212980337775889e+01 4.856802207195386245e+01 4.785657624665604715e+01
1.323729594025025946e+01 1.042039523594537798e+01 7.253754133245747937e+01 7.058911919328045315e+01
2.370814049312714999e+01 1.377933746384725211e+01 4.994275969978427554e+01 5.627973561392992252e+01
8.027652875363040152e+01 2.787827458731304375e+01 2.764316117008077711e+01 2.718950071734507645e+01
8.338812602603769619e+01 1.478337945687826505e+01 6.167275917865472223e+01 5.559670208906310052e+01
9.029796490563488476e+01 1.277431275090162899e+01 2.043524805283949419e+01 3.245927192916969517e+01
4.080473309345335764e+01 7.806245451637019528e+01 6.118514835317285616e+01 5.876374470398050676e+01
5.192466776348864244e+01 2.956492616573746091e+01 5.399132968619589690e+01 4.923393628167678315e+01
7.895506015797667487e+01 2.594877073758529207e+01 8.165550240405164573e+01 7.406602558921568402e+01
5.114885881219537112e+01 2.137409154893201801e+01 5.193106413968722279e+01 4.970889469933511151e+01
1.407642186992201871e+01 4.298572290174923438e+01 5.979168584012445109e+01 6.443584286589498333e+01
6.199993833810801824e+00 3.987493092510585768e+01 3.025238209896877706e+01 3.081684978400818054e+01
2.403598164886340172e+01 6.045346260844964803e+01 5.885419857654072473e+01 5.489586704938890449e+01
6.306998066776935730e+01 1.588826704325213512e+01 2.857092448623277292e+01 3.061667371080803690e+01
2.096787779950787112e+01 5.405036049978419044e+01 4.610656892096163517e+01 5.016954240970449774e+01
9.855489948896256180e+01 1.898039586663880129e+01 6.299469606983388559e+01 7.103565360128399675e+01
2.147900387392542854e+01 2.683480672485496399e+01 5.109172633186192769e+01 4.657274243144019721e+01
1.987524771685782454e+01 7.569001354287388494e+01 3.495517882033459500e+01 2.832699927247052329e+01
4.743973189397932799e+01 2.912610394612268294e+01 6.964412711073698858e+01 7.012791345030791490e+01
8.445464192747074605e+01 2.862701847395880961e+01 2.422176436635924546e+01 2.704853530278902340e+01
6.814402654638969636e+01 1.951530605677208641e+01 6.398397656097722574e+01 5.665651878701207522e+01
9.442807969363553156e+00 6.201371599606871854e+01 5.134067340104331123e+01 4.873481626913888221e+01
1.139057155763083529e+01 6.491036348645997123e+01 4.465571570340758001e+01 4.749314434625247827e+01
2.171150508170856952e+01 3.533841557021772672e+01 4.921021056389296433e+01 4.376311423451335969e+01
9.155422726438199987e+00 9.576094831283542419e+01 6.655621562121211809e+01 6.497632301164480850e+01
1.025349812876959987e+01 8.228621843284594206e+01 3.225549309461454328e+01 3.769641093928353115e+01
7.230089750001023674e+01 5.520434568724179769e+01 2.409255924715780850e+01 2.629213530340344462e+01
5.950308533415131507e+01 5.883687582441750408e+01 3.787079087479140327e+01 4.242292495451106760e+01
7.497673258508376648e+01 4.281790381143606794e+01 6.767759517913640366e+01 6.464236367050530419e+01
5.171173046351519531e+01 2.484646047028439142e+01 6.065008630101317522e+01 5.635230743125195829e+01
7.369084948458416306e+01 9.739056734370036850e+01 3.801089468024134987e+01 3.724267366248921007e+01
6.447254466635110148e+00 9.879712212213517830e+01 6.238066594255362673e+01 6.733873215536544876e+01
9.464504581607691591e+01 1.038270860111193450e+01 3.420338398704576832e+01 3.575041061124412778e+01
5.881641100802067257e+01 5.063763245853005657e+01 6.947891023676675104e+01 7.181720033021855443e+01
9.052849426076387829e+01 1.626507411744326781e+00 3.269124672523921760e+01 3.594628497996686178e+01
9.435055837880349827e+01 6.540330069815740899e+01 5.327190712832990727e+01 5.755683386749985431e+01
9.533124959788028718e+01 6.020315961413083983e+01 6.378371320100939812e+01 6.610804140216012570e+01
5.988836495702911833e+01 5.078448532241586122e+01 4.776503773982940970e+01 3.640696881993609679e+01
6.188021124619913493e+00 4.544348665747845217e+01 2.875595650906988965e+01 3.302468629689569468e+01
2.745646772243130940e+01 2.223815801790928148e+01 3.325283597545707437e+01 4.313012361124645366e+01
9.911980103191901037e+01 3.559397100173025308e+01 4.451875457397444791e+01 5.095034963884346269e+01
6.893806683365004062e+01 2.057461820460875401e+01 3.393577436718457818e+01 3.060215280430731610e+01
1.450224672701916262e+01 9.962178094965945974e+00 4.383038804020906554e+01 3.987637742892317050e+01
5.633312538407954406e+01 2.943803588779404379e+01 3.025220925138664185e+01 3.205537598992004433e+01
6.933548498991089559e+01 2.725930559835956046e+01 4.560378648144545366e+01 4.295614877417718702e+01
5.800919374896184166e+01 8.259696948354687152e+01 3.635290748895771884e+01 4.054275169884489571e+01
3.479015405478417478e+01 4.680007010813226032e+01 6.445555999643462997e+01 6.118860582266799497e+01
7.516162624323092700e+01 3.267995047994738655e+01 5.863524678251389588e+01 5.695686309299514249e+01
4.601754136509348569e+01 4.190785300453841700e+01 6.002061764059683924e+01 5.984540919908289425e+01
8.119646087075781793e+01 8.414480255830602573e+01 6.701946087055083012e+01 6.692194554108850468e+01
6.415363642455535853e+01 9.490295420448074992e+01 3.836874016384246033e+01 3.928654326341201397e+01
8.327833141884882195e+01 9.215037270922941559e+01 4.915392442651969418e+01 5.246211693511793328e+01
5.865038814724252347e+01 1.964716508495318692e+01 4.575991308038690164e+01 4.205277517095419171e+01
6.064778473818876137e+01 3.310613265948950357e+01 4.179377069259152222e+01 4.230691883942986919e+01
8.984232428642643242e+01 2.177985609037463988e+01 4.260789918642883123e+01 3.905553503582387265e+01
5.085190316125856924e+01 7.300790264950160235e+01 6.983927849992124948e+01 7.411919186299567741e+01
4.648724439193726710e+01 6.478872491732920480e+01 6.085920866051679212e+01 5.318352156839483769e+01
4.096770758231749454e+01 1.814648532600326902e+01 4.672323823097814710e+01 5.470344340359326907e+01
7.978392347787074357e+01 4.955377747441109904e+01 3.885194403786827877e+01 3.730249040406658168e+01
2.740428919265962548e+01 2.389665335885964481e+01 4.987412795633048290e+01 4.218887718271601273e+01
2.915051239545739392e+01 5.160611721863618584e+01 6.692934249467889174e+01 5.811697914088559003e+01
8.493372177151325531e+00 5.270943429794171209e+01 3.267941851077954851e+01 3.571730602498506357e+01
7.585231912607081028e+01 5.769322148886213419e+00 5.088727403562761964e+01 5.328821776098782692e+01
5.626205012141103623e+01 6.953027106815976310e+01 4.977967970337581960e+01 4.482865983485729799e+01
4.834435984145731879e+01 3.679386116776127835e+01 2.714613838991737538e+01 2.918440193103570124e+01
1.672847392934122723e+01 8.572766360412896347e+01 5.866334591233839291e+01 6.050068017901348583e+01
5.739844203751124496e+01 3.665143536856763973e+01 5.580482412457673291e+01 5.472157751805490733e+01
8.354058788830623428e+01 4.131345213313494469e+01 6.164128200931649815e+01 6.006561616061617315e+01
1.172894572254720202e+01 3.863860429623809978e+01 7.338877410898743392e+01 7.196877439255302988e+01
5.748533129340979286e+01 4.663224639621269318e+01 6.471426793301091607e+01 5.467802681269186849e+01
4.662481278433014609e+01 6.443048407191402305e+01 3.074040996601578968e+01 3.382226531038001127e+01
8.384972179114751611e+01 7.019178934652666157e+01 3.299756284276917739e+01 3.112976443878076083e+01
5.738692169072056970e+01 3.180736707794273865e+00 5.429163499329398235e+01 5.374475414452745525e+01
2.243239187161949388e+01 6.042198800928515823e+01 4.332565636892230287e+01 3.420486554192750361e+01
8.369884614476463014e+01 7.497534323255619881e+01 3.823411302911004839e+01 3.209972842303749019e+01
8.284865813896308850e+01 8.076618482357844186e+00 6.247739170331686154e+01 6.561160724055596916e+01
8.681760527142883177e+01 8.388642310312494033e+01 3.727827599418598226e+01 2.825985171470281898e+01
5.900259716088628181e+01 5.502841774693386867e+01 6.099767217351601545e+01 5.667286243107945154e+01
8.496926533102605106e+01 7.986207342302455459e+01 5.037754338390707431e+01 4.900598683378289167e+01
2.178930641891722075e+01 7.633163880745206598e+01 3.025990403605272050e+01 3.169184252975644611e+01
9.857660705627345976e+01 5.008170430938400131e+01 5.165393253077428426e+01 5.659056817832654218e+01
5.383405988104426143e+01 3.956746099587316223e+01 4.155847007446057262e+01 4.239893295151448172e+01
4.995866531218921835e+01 7.904774491418568516e+01 4.432864835522295266e+01 5.389039444318295580e+01
1.658044708265801148e+01 3.132169431566907036e+01 2.123795641050702088e+01 2.718969497418848036e+01
1.258174679148370601e+01 3.775811274353537783e+01 5.409362431980751040e+01 5.870381382682936788e+01
9.641249320200836337e+01 8.291734819991589234e+01 2.663411128024030106e+01 3.144720938238031493e+01
9.382890116708475503e+00 1.236367673380138754e+01 4.305639049413012742e+01 4.157380890590350475e+01
2.907801849330536825e+01 8.069201535406936898e+01 4.737872392009615652e+01 4.844298525590957638e+01
4.845373426885524282e+01 7.170381013253536651e+01 3.619689825357457380e+01 3.758499495448721461e+01
1.439877253281951486e+00 1.437904758407330164e+01 2.130981811484797817e+01 2.610736741365319702e+01
3.516004687578762855e+01 2.914480834319530445e+01 6.685200483882765354e+01 7.117882833991325242e+01
8.281352338029581972e+01 1.920869823560241585e+01 5.629800606019483666e+01 5.598756485291185214e+01
3.678162510810359720e+01 5.057778750460618511e+01 6.207578417833939000e+01 5.783947364105964795e+01
6.272119190453524595e+01 3.941308487726264786e+01 1.629026932929885518e+01 2.752195706737612824e+01
1.170871673548447056e+01 5.589097868740297770e+01 3.004705945281955692e+01 3.165327332921477677e+01
6.288490451172778251e+01 2.442548896905069000e+01 4.940860432311610850e+01 5.208778508545191244e+01
3.331223642433237586e+01 1.806025062801385062e+01 2.795350245067412942e+01 3.481790342590263521e+01
9.143591298520532007e+01 9.867485666111097231e+00 2.792733941000348352e+01 3.455440058705522688e+01
6.196496815183151341e+01 5.014373602112323169e+01 3.739350261713894241e+01 4.200249967490344716e+01
5.939817889923249794e+01 9.196068617206367435e+01 3.569173695931635848e+01 4.719932534466845198e+01
6.951379725274976806e+01 6.486654724626411905e+01 6.704338440627418549e+01 7.242647234960634250e+01
9.786282562320586464e+01 4.529512884250119775e+00 4.677364870282703180e+01 4.800315146016863821e+01
7.453502883125159428e+01 9.052249235299403551e+01 3.954875261869221958e+01 4.987113420268197217e+01
7.463609082634695824e+01 2.799234859992201052e+01 6.398178595985266526e+01 6.949015935260247545e+01
3.162484418152742194e+01 4.506482461009247231e+01 3.824350849805104957e+01 3.142086358287088643e+01
9.136400867900556477e+01 2.341573307438755691e+01 5.776109045737501901e+01 4.980042878668510298e+01
3.609815290338591609e+01 6.630711119142257814e+01 5.645631411774749608e+01 5.447153345537702762e+01
9.239776813659405263e+01 1.016121517012131825e+01 2.206408397567633983e+01 2.962595966315486606e+01
2.916218893674447088e+01 8.094225376960429230e+01 5.202445666101942834e+01 5.796867100204885759e+01
3.537921517331998889e+00 2.819510052747008544e+01 6.391406559794214104e+01 6.814613140373865008e+01
4.713790609477931071e+01 9.156237810667849431e+01 3.918007709246617054e+01 3.919693705351547663e+01
2.350734105640852789e+01 6.614029925267008991e+01 5.732951874701485195e+01 5.512137102386151355e+01
3.352479009312251179e+01 3.436645613239771535e+01 3.982103086341017928e+01 3.434862545801529166e+01
2.911385674793692857e+01 7.102414063609224115e+01 6.513584050512054091e+01 6.329584080453354034e+01
4.407776525463926731e+01 3.978546757792371835e+01 3.650512693597050884e+01 3.098713214004098759e+01
5.984792878167188945e+01 1.295261267542170458e+01 7.223992488915676802e+01 6.804348270579434654e+01
6.002068575926713123e+01 5.069321033959847256e+01 6.932868725572886603e+01 6.718464421220882343e+01
4.440478428379937270e+01 5.238596624082861553e+01 3.983523048032563452e+01 3.595838542154010753e+01
4.396457514247372700e+01 7.493987943269137020e+01 6.402789452771725109e+01 6.840494165480606625e+01
4.159219380294298674e+01 6.786238567402783417e+01 5.489495100466395172e+01 6.160630896542365065e+01
2.757363066355322800e+01 6.463294454971398295e+01 2.042470863445233675e+01 2.596148385528975311e+01
6.939882842591654821e+01 3.110877623242802592e-01 5.487725137617697158e+01 4.983480265396703857e+01
4.010676275561409909e+01 3.031037738019472982e+01 5.157079672346375077e+01 4.895170390511862024e+01
7.171498830838108063e+01 4.789669116791463921e+01 3.921441196643542781e+01 5.785357869025136779e+01
3.840245819762899515e+01 4.615849990621464372e+01 2.718344240249047772e+01 2.771688644452442674e+01
2.741327588133667348e+01 6.187176089174839078e+00 6.138039256198008076e+01 6.474676617070883822e+01
4.480694030453463483e+01 6.059608074907946218e+01 5.468869000288527360e+01 5.167311973083099730e+01
5.426977371655395288e+00 1.526213078502303233e+01 4.195990921766397008e+01 4.181493079495726306e+01
6.139576525680111274e+01 8.200374806721644205e-01 7.193228193111418989e+01 6.814951566087825086e+01
5.587265427899147596e+01 4.847027586769252139e+01 4.234950388278681999e+01 4.196013361938835828e+01
2.896374787518384153e+01 7.095047919853246299e+01 5.882878838354963591e+01 5.204315128519515099e+01
4.801230176190126286e+01 5.715209658959603445e+01 5.592580130393432114e+01 5.306804050297127873e+01
5.999112626239146095e+01 6.977479996808516205e+01 4.639972243669551233e+01 4.021574798421539043e+01
7.001621248132707365e+01 9.157527726815659719e+01 3.489430219976514991e+01 2.721390381457401730e+01
8.073094817842907389e-01 7.767145251284050289e+01 8.155994368807745332e+01 7.249815727471693094e+01
5.269412250360328898e+01 6.868465373717261002e+01 4.909215784782912095e+01 4.900602693394740328e+01
5.779886113627714650e+01 5.336486181176870502e+01 2.082651885347047838e+01 2.541234717340090299e+01
1.412103092774532698e+01 7.589622896186374135e+01 3.225864461496337299e+01 3.109763449811783431e+01
3.457642178215380824e+01 4.274896501846588848e+01 7.267096859306178658e+01 7.332955270853291552e+01
2.115838328954919945e+01 4.687607924752240507e+01 6.535583422580995716e+01 6.619436584638722820e+01
5.394985480087132146e+01 6.083283459044932329e+01 5.462124994767796693e+01 5.065154473455046968e+01
1.992274437900201178e+01 4.102053449726214041e+01 5.319854954775456690e+01 5.052643173935906873e+01
7.800627423459461340e+01 6.539042371695425970e+01 4.265909451859347712e+01 3.759501632938879823e+01
3.413126100316640077e+01 2.285720769879101510e+01 6.254419968060113177e+01 6.880034523292196980e+01
3.955072933625525256e+00 1.774367842734159240e+01 2.933472376586043850e+01 3.837777031589612875e+01
6.833457750793165530e+01 8.758648825811280858e+01 7.984917705530544652e+01 7.361280263215849118e+01
3.105367753528611630e+01 8.059837948283266940e+01 4.566657137433395519e+01 4.407811442333173346e+01
1.499413222758345654e+01 4.385533814883126524e+01 1.980329254622282775e+01 2.678813537980164483e+01
3.931914578639628388e+01 4.878334727478434019e+01 3.495581125110284404e+01 3.563011234199244370e+01
7.607285470555802931e+01 6.611663092677765974e+01 4.968887483025822149e+01 4.596502826945954467e+01
2.173783781587501629e-01 6.134676005520838515e+01 3.559574530024976724e+01 2.793684510478769312e+01
9.616777946987039627e+01 3.741048911220820372e+01 5.427232987049767132e+01 5.603722274425489047e+01
5.096801335283311829e+01 1.859078353539539563e+01 4.879903705755618404e+01 4.290667897796353003e+01
5.695709030874185430e+01 8.669460143678803377e+01 5.100302088032546521e+01 4.405360376996475225e+01
6.070599023910773440e+01 7.587198022716452783e+01 4.254352927105085058e+01 4.354985133401767428e+01
7.358148713877477043e+00 3.501663568576975649e+01 6.239442167959603580e+01 6.681611324011217334e+01
1.923323696394768589e+01 1.483853634996400395e+01 2.930805445914376151e+01 2.791447687389666754e+01
3.852541359327752701e+01 9.385920633819311831e+01 2.742125383706773789e+01 3.338089433668547912e+01
8.520281398272740603e+01 8.468879076509752224e+01 6.610854671689875772e+01 6.604483939380351387e+01
8.262137119506135718e+01 2.083423643430477767e+01 3.879126303871285586e+01 3.425810221823596180e+01
6.408362932947478896e+01 8.747713325615963242e+01 6.604694623687836952e+01 6.073849411533821296e+01
8.390219583342059195e+01 4.739495158492974269e+01 7.173037377050442842e+01 6.889082038793837626e+01
4.096541725523169220e+01 4.186925748900506505e+01 5.271818363471003721e+01 5.220870550411214595e+01
1.910208449685057985e+00 4.966661809433507813e+01 2.910872649942303170e+01 2.898221855660824176e+01
9.279541823917813304e+01 8.773529875303132997e+00 4.593204620198017807e+01 4.283013982505780604e+01
9.474681703773609343e+01 9.010352503184775230e+01 7.013484423745501317e+01 7.261089201065604470e+01
5.893610519960746785e+01 2.807309371328401326e+01 3.669571127524547904e+01 3.575067941450355846e+01
9.013486475412724630e+00 7.861082977582375975e+01 3.238697679038116917e+01 3.346046994627207027e+01
6.677818990302073132e+01 3.575947771986134427e+01 4.643304413962626853e+01 4.271009221495839370e+01
5.342612744754971388e+00 1.198600534136561357e+01 4.713372403206140859e+01 4.666030372458878617e+01
6.334889518377087825e+01 4.048656242175994180e+01 4.647437842994650481e+01 5.053362939722143921e+01
8.734531335663405116e+01 2.121305758663379848e+01 2.940298705546426916e+01 3.828092722053412444e+01
5.410391471686042308e+01 2.925705925387012130e+01 6.889356410085628113e+01 6.624533452384719112e+01
3.443679845410718698e-02 5.968299845957925065e+00 4.325603005193433859e+01 4.258688863593594931e+01
6.757708521739515106e+01 1.351638097674152661e+01 2.999721787600010359e+01 2.590217729370463218e+01
9.124802689900235464e+00 4.112158094824790311e+01 3.512254043741549481e+01 3.096096308968179756e+01
7.911255902100084825e+01 2.628997987518011392e+00 4.431019024958477814e+01 5.334136294131733536e+01
5.874302868858819693e+01 9.569986731397975177e+01 5.739230268696496751e+01 5.590183748881516834e+01
1.587491932713885845e+01 5.175418053439091182e+01 3.957839471914162033e+01 4.163663754495634350e+01
4.793555676002436883e+01 1.970970146590872574e+01 5.008270423112718106e+01 4.179171998114850339e+01
1.500397642908768425e+01 7.440430806908699424e+01 5.939062602255978618e+01 5.387843967596747063e+01
7.852769159178329517e+00 8.896144679289797352e+01 6.163796046156383568e+01 6.630137850967383883e+01
3.161070551278314511e+01 4.564239952731030669e+00 6.322266957716330182e+01 7.156281176988774462e+01
4.932114395719891320e+01 7.878442635970162655e+01 4.949436627067180439e+01 5.346483118179201455e+01
4.291960626245960952e+01 1.157320648945880937e+00 5.680395025367561601e+01 4.584245571277089226e+01
6.741874108086550166e+01 6.462235278246794223e+01 6.166756029300201192e+01 6.146268110246203520e+01
1.280733263042699299e+00 1.815226334539579156e+01 6.101709176419850422e+01 5.913966976325779257e+01
8.170462544031697405e+01 3.583455086728586281e+01 6.534434586108001497e+01 6.986651761446255193e+01
5.571564196202363206e+01 6.454010448203540307e+00 6.217501969306781007e+01 6.205253962048151806e+01
6.143609437085113711e+01 1.224272985556354953e+01 3.785668501891365878e+01 3.911158936426947008e+01
2.613670924884022995e+01 3.611634022710993008e+01 4.926955815009495865e+01 5.073199554801994537e+01
5.078772158556225236e+01 6.486897845498886284e+01 5.646261312134161159e+01 5.193195695455975169e+01
5.076488296842997983e+01 6.542544607656283517e+01 7.592076977130450643e+01 7.171149144134298581e+01
1.133740814094304028e+01 9.905648748916948421e+01 6.061677013350955434e+01 6.118026267874438417e+01
3.631937926123299576e+01 2.490928544567137948e+01 5.728968616834146133e+01 6.169407352356997620e+01
8.817116471665707422e+01 5.205653961413647579e+01 6.614720556049601896e+01 7.152801269726040800e+01
3.576964395405602204e+01 3.881522880889725968e+01 2.861751057718919711e+01 3.280356986900734029e+01
3.694005711662379099e+01 8.538272078327563008e+01 7.382520435769234268e+01 7.411970832429153688e+01
8.783431501234051808e+00 6.613426119979924067e+01 6.008423796554238550e+01 6.682538818766803956e+01
6.476055105817147250e+01 6.883660541620299966e+01 7.568797524806798549e+01 7.070745856611958402e+01
2.071769274864103494e+01 6.223035132347997944e+01 5.800486593363732624e+01 5.947369237155773902e+01
6.534950697145431775e+01 7.401728402367118065e+01 2.831960058075506481e+01 2.926916576360241606e+01
4.272719065033526675e+01 9.715974345719002869e+00 7.446482409555753179e+01 6.626738472093931875e+01
8.988741606264056827e+01 2.602189323248570574e+01 6.287731192513989242e+01 6.465954726277411169e+01
4.233844701181777026e+00 3.865644716927953795e+01 2.929421134277283656e+01 2.844401141915053799e+01
9.353443086576682219e+01 9.423728715025147551e+01 5.516523238192358036e+01 5.499678402340126837e+01
4.953798172859804794e+01 3.353816082269101173e+01 7.155716102024682357e+01 7.373871317345830789e+01
9.904033184215233376e+00 4.556491209889797034e+01 4.275807369730473084e+01 4.090526493296640353e+01
7.313962101375858893e+00 4.107969985443471472e+01 5.133779832839812940e+01 4.790244733834881430e+01
9.789143231615322804e+01 5.316797785898111783e+01 5.150969326029589723e+01 4.686379418358231419e+01
2.855081664163914468e+01 9.971154717121015665e+01 2.742291710252260373e+01 2.938370613043533197e+01
4.529013004399563869e+01 2.934057802676526272e-01 3.492322909091368643e+01 3.407528332256791259e+01
7.144030060882389677e+00 7.438247703851322967e+01 5.610144530299322696e+01 5.559484188028356044e+01
3.270925331250174040e-01 3.336011791641920610e+01 6.594974904588677589e+01 7.212018277049794790e+01
9.079225374169209317e+01 2.346159569252330712e+01 5.411000517274180766e+01 5.921790283933896859e+01
6.546209352003144488e+01 1.132185775019267737e+01 5.819151551265777300e+01 5.918644266335461879e+01
3.185140375402786361e+01 3.831531559780702167e+01 4.401709578349730378e+01 4.449084742021710781e+01
4.069043715114339932e+00 1.490878888301849781e+00 4.250663301510609671e+01 3.987877625783846725e+01
5.906452509876585566e+01 2.779047474520616134e+01 2.594137510857743578e+01 2.945849100641373752e+01
8.845009632651587594e+01 6.799760701610698277e+01 3.625762491690083067e+01 4.305134274915054249e+01
6.836246899911499497e+01 1.126530867678159353e+01 4.682561245740560452e+01 4.026728294806615338e+01
1.689844095595593032e+01 4.143124612843662291e+00 3.383262702882997530e+01 2.849635190848218969e+01
1.507354834807832589e+01 6.335179569538247080e+01 6.740678940177102163e+01 6.945106032987942513e+01
2.057020728562286571e-01 3.439130891837886850e+01 4.945832980456697925e+01 5.984971968658882702e+01
8.186421885384328334e+01 8.385586427461406345e+01 7.249394406104553923e+01 7.397536670759116362e+01
2.146081917317016519e+01 5.471279542305323673e+01 6.788544438340625220e+01 6.884194127612036596e+01
8.594972509654797932e+01 6.044409163418939812e+01 4.288280097068859220e+01 5.500480092401048893e+01
8.453164795991858682e+01 7.288170327753302047e+01 5.795941984312685946e+01 5.703541834858193482e+01
3.197571219487633698e+01 1.979950616568162403e+01 4.186730392715156768e+01 4.458116600801213281e+01
2.868225759602115588e+01 3.392585877344609457e+01 5.156310553120324869e+01 5.119115960872561288e+01
4.809936394209523769e+01 7.459713380804366523e+01 4.850207076895962643e+01 5.789732388828346643e+01
9.904316982839576156e+01 6.311432892894355007e+01 7.934440426487007869e+01 6.767299822045343660e+01
5.751693417575705070e+01 7.538048620602198469e+01 5.127447429600749018e+01 5.727950693981785690e+01
2.862037404555897169e+01 8.522479719830128886e+01 5.968367119959417977e+01 6.078315433084933517e+01
7.319061257709643087e+01 2.111241942157452556e+01 4.668235444073195595e+01 5.044432134636642218e+01
8.133694863130558872e+01 6.660234418087588892e+01 3.493652026597552407e+01 3.771805838321714788e+01
3.043193475254389924e+01 6.434210652975879441e+01 4.325612408464107972e+01 4.595418357790937591e+01
7.027287830617619591e+01 4.945501900971840570e+01 3.232921008139970809e+01 3.289854455004866907e+01
4.129665927646399837e+01 8.953518672122619648e+01 3.595176921225404953e+01 2.808785504745656070e+01
1.004636086597058231e+01 6.784971974719621812e+01 2.658272352737811417e+01 2.562546993756686220e+01
1.149522224736660903e+01 3.695524206728210004e+01 3.643227571975997847e+01 2.844564901714630878e+01
1.222962663595306054e+01 9.812605334682745095e+00 3.848901349691816876e+01 3.401150123631147437e+01
9.920715504965113496e+01 5.689426510662751468e+01 6.217816286042562268e+01 6.860969846846963094e+01
5.886979536143918068e+01 6.503845972119326468e+00 4.928905691681985957e+01 3.855989689096543316e+01
9.927512732519512895e+01 3.874027205942633145e+01 5.938812372144721508e+01 6.665133010451664575e+01
3.003446282516114607e+01 3.054512733545929848e+01 3.872129960023281825e+01 4.227614663328647993e+01
7.587408909491858822e+01 1.449215523381365323e+01 2.604215685346365916e+01 3.378143719742371331e+01
8.567424824072580236e+01 8.601463118009935727e+01 4.129328984826897653e+01 4.190726910452438858e+01
6.120875690234753108e+01 6.419515709043047025e+01 7.492581153459288146e+01 7.292998717951888921e+01
5.206900875440511101e+01 5.103360454416859682e+01 6.313037773282108844e+01 5.678575852049172568e+01
7.030483956698775216e+01 3.466903770292517351e+01 3.303704732688150614e+01 3.554727540421323084e+01
2.697184040959091789e+01 5.488465553127485208e+01 3.601556895557723692e+01 3.894235562955525864e+01
7.313023974546073447e+00 5.722105936046746422e+01 5.756237505871977334e+01 6.063078019930294005e+01
6.506193044021959793e+01 7.728577137080984016e+01 6.129475283544883979e+01 5.688421636973524187e+01
1.541509466431121211e+01 2.874853631425152756e+01 6.146256083794451541e+01 6.025966720185127912e+01
1.851834381011436648e+01 9.088140432263141122e+01 4.110244006653927329e+01 4.524636704405070731e+01
8.499628782918435377e+01 2.492365445288167081e+01 3.131683550827475315e+01 2.552290818497963443e+01
5.922339717249657909e+00 2.577676921855739423e+01 4.903138189633013866e+01 5.427981699137611571e+01
9.461369177232423056e+01 3.889029738914982204e+01 6.397438794833458786e+01 5.576144727640852494e+01
4.277101174687879848e+01 4.679185076794123432e+00 5.035326258967026547e+01 4.911953321169880837e+01
6.591364670392085401e+00 8.836999245975360395e+01 7.530369619509139056e+01 6.823831555957818296e+01
2.842775476906558296e+01 2.637461952768266471e+01 5.213976879026785127e+01 5.125071324711228016e+01
9.677721619298483802e+01 9.205229776060852487e+01 3.596384817559818003e+01 2.897835351144573579e+01
8.302956496029398181e+01 2.678956269091765563e+01 3.432821258872106540e+01 3.653733872336763255e+01
5.628618672813389168e+01 5.831874555705601892e+01 5.769059035448697870e+01 5.569830750287172805e+01
6.426227549480158530e+01 6.743257244310511567e+01 7.214044133839546191e+01 6.901695450691678957e+01
2.961627302607506707e+01 8.971704995968602248e+01 6.203819497656319726e+01 5.695172198810918474e+01
4.231748514330562472e+01 6.231829614002929674e+01 4.018599056890763421e+01 3.828742898031848796e+01
1.599714704074106653e+00 4.764094341273795052e+00 5.498391211507286158e+01 6.367481769045456019e+01
9.944256888941777106e+01 3.423162009713517051e+01 3.443748164053439353e+01 3.361851249540608677e+01
1.342779668619833444e+01 6.743358037395013582e+01 6.466766889940056728e+01 6.206043625743795644e+01
1.013224163791590726e+01 4.674122870683511621e+01 6.670749088219743328e+01 6.841486721197165366e+01
2.287794522190345070e+00 9.212711826193034881e+01 5.891829926120627192e+01 5.498920725458237513e+01
9.404733630614381923e+01 4.560293035986761367e+01 6.748524147193492695e+01 6.322678784023042198e+01
6.874407274628407549e+01 8.745020922826776655e+01 6.649252506464092960e+01 6.766236521615275024e+01
3.740534945225366670e+01 4.980002398377452266e+01 6.156498982898608574e+01 5.623625826600815003e+01
5.313576195948849090e+01 2.200899320869168463e+01 6.153054291287590871e+01 6.028757087428555650e+01
9.671761782897036142e+01 1.243082992512723983e+01 5.072797645492289575e+01 5.405425492969505541e+01
5.160835415052822839e+00 3.212162988963622468e+01 6.206026775939912454e+01 6.170636500989702711e+01
8.410569360307546560e+01 7.303284217260710420e+01 4.628567782154738808e+01 4.199984511089760986e+01
4.740090217476624446e+01 8.986357546727757040e+01 7.974328216537601577e+01 6.497132916997242091e+01
7.384634080816400115e+01 7.424142652825936750e+01 5.040004504673375152e+01 5.506635456790338878e+01
1.125052234795254069e+00 2.614307838690749364e+01 3.233008750043811119e+01 2.860214104280203884e+01
9.498358817712575330e+01 1.824574866514909743e+01 4.143594513009210800e+01 3.457884913387080417e+01
2.421207606290372993e+01 1.795347099923905176e+00 3.465822537923546065e+01 3.090494207709146579e+01
5.267712833153181862e+01 2.777109419083764053e+01 7.004582764297700237e+01 7.010373321987029271e+01
2.628008772881390698e+01 3.982576200966563107e+01 3.822907885207719403e+01 2.804702409358824866e+01
2.411983456712483331e+01 2.174767398104167171e+01 3.023800188134035949e+01 3.255525572484375374e+01
8.642361699311808820e+01 7.670828872292905487e+01 6.809995141600522572e+01 6.834470603064262662e+01
4.571029926424934331e+01 5.077539846326034478e+01 2.671388454934603374e+01 2.875852125383693192e+01
7.431591383591761968e+00 3.310405567204822574e+01 4.955837559923661217e+01 5.041796514556649811e+01
5.731304651933244898e+00 8.823330205710643526e+00 2.630252328845672594e+01 3.107369969838255486e+01
3.260997005896972922e+01 7.222157275550722844e+00 7.034578431096700513e+01 6.646730107046086289e+01
8.353493795084932572e+01 1.526229163343162387e+00 6.168365907684797378e+01 6.846200236798442518e+01
2.559100964219237540e+01 1.043769288195842648e+01 7.055997631197547548e+01 7.342868702587963980e+01
1.316055494683492455e+01 4.437407795297356472e+01 6.321651648399242163e+01 5.877097691969338200e+01
5.544947561549886927e+01 9.776290983027429604e+01 7.857426131225226129e+01 7.372609913577348095e+01
7.344109296706882617e+01 9.997320842956723652e+01 4.058791077436156058e+01 4.695123541225235897e+01
9.855184989571174015e+01 1.417081095343464270e+01 2.965123516367174261e+01 2.933333837532111588e+01
3.406616915379538568e+01 9.062289371518714631e+01 5.448304133297850882e+01 5.677754169270920670e+01
7.737524712106747415e+01 2.429520001728267076e+01 2.808125471832375553e+01 2.670309921998429559e+01
5.994537733200798613e+01 9.019344250462052059e+01 5.784069497708648555e+01 5.786804786711335424e+01
6.489493487944869798e+01 7.765945896052741659e+01 2.593247589924867569e+01 2.636446908299424408e+01
2.825631987191661310e+01 1.809308147420895097e+01 6.677017570826428994e+01 6.011261421270320682e+01
5.799917570351171747e+01 6.484418929834284029e+01 3.437247238281604211e+01 3.738409079784151601e+01
7.697334025740443053e+01 1.296087409541647517e+01 5.711367094613601836e+01 5.457874840150675055e+01
2.754529722464739194e+01 5.276099006976113515e+01 3.236371752402391877e+01 4.448124814135803717e+01
4.372201276582012497e+01 9.411804093492668244e+01 3.924516888622667921e+01 4.530943758014770850e+01
9.517746605906637569e+01 9.257389877333309869e+01 6.605268899866162258e+01 6.970474297407665176e+01
8.851102891081147561e+01 1.873878000961136792e+01 3.991824959691025754e+01 3.930702993896779418e+01
3.514126411299668717e+01 8.095598234767572876e+01 7.354768921709229801e+01 7.133707374696271586e+01
8.152609187205451136e+00 9.577296130122148199e-01 5.659276445453306081e+01 5.622217809247253228e+01
4.243912084724270528e+01 8.422741026331159730e+01 2.548490544752042197e+01 2.652023406822571161e+01
9.971370153633421296e+01 3.552618131385283107e+01 3.864486584836230776e+01 4.907706475850178407e+01
6.288675952950463000e+01 2.231577284029265940e+01 3.878722672264679261e+01 4.358388150377579251e+01
4.658056543359357704e+01 2.606683956676079106e+01 4.671301427634829651e+01 4.442663851895669325e+01
2.693164951057729439e+01 9.522754503465831988e+01 7.478242111849662876e+01 7.075103592860580193e+01
1.945586281454658728e+00 4.010048424833766489e+01 2.573979790803851841e+01 3.424985641377166701e+01
