3.745401188473624643e+01 9.507143064099162189e+01 6.547597671488669846e+01
5.986584841970366000e+01 1.560186404424365136e+01 2.981014657607542873e+01
5.808361216819946549e+00 8.661761457749351223e+01 6.416655416823702751e+01
7.080725777960455503e+01 2.058449429580244683e+00 9.042434447760591354e+01
8.324426408004217137e+01 2.123391106782761639e+01 2.179245400789556442e+01
1.834045098534338081e+01 3.042422429595377054e+01 5.604513234767951246e+01
4.319450186421157412e+01 2.912291401980419181e+01 5.363115247134599883e+01
1.394938606520418389e+01 2.921446485352181455e+01 4.262529453938457635e+01
4.560699842170359375e+01 7.851759613930136084e+01 2.842920959158132632e+01
5.142344384136116275e+01 5.924145688620424721e+01 1.153678699409725894e+01
6.075448519014383919e+01 1.705241236872915422e+01 1.831430596072429040e+01
9.488855372533332400e+01 9.656320330745593594e+01 7.245318087406921848e+01
3.046137691733706987e+01 9.767211400638387886e+00 5.899581913291787316e+01
4.401524937396013115e+01 1.220382348447788345e+01 5.272576723256300113e+01
3.438852111521839561e+00 9.093204020787820241e+01 2.911777236753376030e+01
6.625222843539819451e+01 3.117110760894109589e+01 5.322163188150822322e+01
5.467102793432796659e+01 1.848544555255270438e+01 9.484108706142649226e+01
7.751328233611145890e+01 9.394989415641890673e+01 7.837874408287601113e+01
5.978999788110851199e+01 9.218742350231168814e+01 1.499700946488265174e+01
1.959828624191451851e+01 4.522728891053806599e+00 4.128992926827573484e+01
3.886772896894819951e+01 2.713490317738959234e+01 7.866079756358985264e+01
3.567533266935893010e+01 2.809345096873807535e+01 4.976061818399961822e+01
1.409242249747626374e+01 8.021969807540396857e+01 1.055161393061882080e+01
9.868869366005172594e+01 7.722447692966574095e+01 2.241539243738933251e+01
5.522117123602399147e-01 8.154614284548341629e+01 6.298741890417730360e+01
7.290071680409873522e+01 7.712703466859457535e+01 1.537111850758078901e+01
3.584657285442725794e+01 1.158690595251297140e+01 7.905631059042207198e+01
6.232981268275579367e+01 3.308980248526491863e+01 1.468692225673463270e+01
3.109823217156622022e+01 3.251833220267470637e+01 6.442472904587724258e+01
6.375574713552131101e+01 8.872127425763265762e+01 4.657814725615874352e+01
1.195942459383017109e+01 7.132447872229950292e+01 6.201421617293937061e+01
5.612771975694962379e+01 7.709671799545610327e+01 4.921753522307997031e+01
5.227328293819940797e+01 4.275410183585496071e+01 1.523081134049448160e+01
1.078914269933044423e+01 3.142918568673425117e+00 5.444591163944445356e+01
3.143559810763266782e+01 5.085706911647027795e+01 8.433242610218334789e+01
2.492922291488749309e+01 4.103829230356297586e+01 6.747684494917326958e+01
2.287981654916224628e+01 7.697990982879298727e+00 3.526186566369850794e+01
1.612212872540044373e+01 9.296976523425730932e+01 7.490046292230208280e+01
6.334037565104234346e+01 8.714605901877176564e+01 7.554085325993993649e+01
1.865700588860358522e+01 8.925589984899777107e+01 5.260414499323190540e+01
8.074401551640625030e+01 8.960912999234932386e+01 3.970887440835784332e+01
1.100519245276767677e+01 2.279351625419416649e+01 4.460550338827936656e+01
8.180147659224931544e+01 8.607305832563434933e+01 6.057703554321347994e+00
5.107473025775657050e+01 4.174110031487789740e+01 2.687775833148801752e+01
1.198653673336828085e+01 3.376151714036279827e+01 8.373951119200251014e+01
3.232029320207552558e+01 5.187906217433661027e+01 6.634670108292456803e+01
3.636296023792939991e+01 9.717820827209607160e+01 8.512498598719220411e+01
2.517822958253641730e+01 4.972485058923854240e+01 3.013853959881645039e+01
2.848404943774676212e+01 3.688694735453279527e+00 5.887753331212149988e+01
5.026790232288615101e+01 5.147875124998934737e+00 3.131244181227813428e+01
9.082658859666537410e+01 2.395618906669724169e+01 2.451735295265768144e+01
4.894527602775630015e+01 9.856504541106006911e+01 2.641008762934354337e+01
6.721355474058785262e+01 7.616196153287175719e+01 1.966641694434182597e+01
7.282163486118595586e+01 3.677831327192532029e+01 5.843598782437967287e+01
6.335297107608946732e+01 5.357746840747584827e+01 9.097785806424312227e+00
8.353024955892379921e+01 3.207800649717358255e+01 2.526821126427945430e+01
4.077514155476391622e+00 5.908929431882418015e+01 5.678556328951152210e+01
1.658782892785615193e+00 5.120930582992809832e+01 2.280393592185231100e+01
6.451727904094498456e+01 1.743664290049914456e+01 6.322258841893022918e+01
3.867353463005373726e+01 9.367299887367344979e+01 2.587287741478581538e+01
3.410663510502585183e+01 1.134735212405890792e+01 7.938438951744495853e+01
8.773393533809810663e+01 2.579416277151555903e+01 6.222654294729190383e+01
8.172222002012158271e+01 5.552008115994622983e+01 5.391402497891439083e+01
2.418522909004516919e+01 9.310276780589921586e+00 8.756766280400059088e+01
9.004180571633304453e+01 6.331014572732679113e+01 3.917887698669202479e+01
3.492095746126609157e+01 7.259556788702393249e+01 8.596857424212511489e+01
8.870864242651173015e+01 7.798755458576238198e+01 6.423569545626740762e+01
8.413996499504882820e+00 1.616287140946137768e+01 7.669784463533756025e+01
6.064290596595899530e+01 9.197051616629647874e-01 1.810601292475564250e+01
6.635017691080558677e+01 5.061583846218686844e-01 2.493711169745932565e+01
5.487337893665861088e+01 6.918951976926932446e+01 5.762262751995150722e+01
2.242693094605597892e+01 7.121792213475359290e+01 2.534639855387182905e+01
3.253996981592677429e+01 7.464914051180241472e+01 5.805776344841725489e+01
8.492234104941779549e+01 6.576128923003433613e+01 5.785120123411003590e+01
9.367476782809248448e+00 3.677158030594335258e+01 2.970646744646435877e+01
2.439896433790835673e+01 9.730105547524455289e+01 3.910842586869915749e+01
8.920465551771133050e+01 6.311386259972628920e+01 6.794380642835284334e+01
5.026370931051921076e+01 5.769038846263590870e+01 4.824748103749557515e+01
1.952429877980445028e+01 7.224521152615052699e+01 2.894452721561470554e+01
2.431596643145383929e+00 6.454722959071678190e+01 2.379865370430273686e+01
9.404585843529143574e+01 9.539285770025873035e+01 7.829732554643290143e+01
3.701587002554443728e+01 1.545661652886742843e+00 8.477889087731418272e+01
4.281841483173143104e+01 9.666548190436695620e+01 8.514240346403533977e+01
8.530094554673600271e+01 2.944488920695856748e+01 3.467128299081853982e+01
8.511366715168568930e+01 3.169220051562776774e+01 1.677480165666401390e+01
5.568012624583501236e+01 9.361547741607809314e+01 6.031662923493716022e+01
5.700611700893649925e+01 9.717649377076853057e+00 5.766755363345151864e+01
9.900538501042632333e+01 1.400840152365240243e+01 5.111994755800834866e+01
8.773730719279554080e+01 7.407686177542043993e+01 6.629517070322704342e+01
7.024840839871092157e+01 3.594911512197551673e+01 3.355728840835080007e+01
8.093611554785135809e+01 8.101133946791807716e+01 7.596798556127281188e+01
9.132405525564712434e+01 5.113423988609378057e+01 5.357053615254060475e+01
7.982951789667751541e+01 6.499639307777651709e+01 6.379612757684138558e+01
7.957926694361010789e+01 8.900053418175663467e+01 3.775885522771550029e+01
3.755829526399440255e+01 9.398193984086899988e+00 5.484535431220023582e+01
3.594227379674208578e+00 4.655980181324601830e+01 5.414037953034453921e+01
2.865412521282843983e+01 5.908332605690107187e+01 9.979597280477884524e+00
3.734818874921441711e+00 8.226005606596582709e+01 3.933809598973309107e+01
1.270605126518847783e+01 5.222432600548043524e+01 7.111507378779297994e+01
2.158210274968431719e+01 6.228904758190002866e+01 1.864276185733644908e+01
5.168172116860770160e+00 5.313546315681480081e+01 4.910787209145501464e+01
6.374299014982065614e+01 7.260913337226615738e+01 8.071403513000436192e+01
5.163003483011953421e+01 3.229564729412459911e+01 6.923122826071623592e+01
2.708322512620742373e+01 4.389714207056361062e+01 1.912076445839438676e+01
2.535074341545751064e+00 9.626484146779250750e+01 7.589509850484287767e+01
6.959742060936979158e+01 4.089529444142699077e+01 2.287080896277180742e+01
1.564370426710860507e+01 2.502428981645953243e+01 4.885055631317887759e+01
7.145959227000624026e+01 6.601973767177312880e+01 3.145721190829611658e+01
9.548652806631940848e+01 7.378969166957685388e+01 4.939425504670211353e+01
6.117207462343522195e+01 4.196000624277898794e+01 2.499425103464792031e+01
3.559726786512615604e+01 7.578461104643690760e+01 7.899362637423425149e+00
1.160726405069162404e+01 4.600264202175274875e+00 1.350173609362040317e+01
8.554605840110072279e+01 7.036578593800236092e+01 4.927626190721788646e+01
9.783416065100148273e+00 4.916158751168323704e+01 4.932989383456921928e+01
1.732018699100151693e+01 4.338516492379730494e+01 3.438328548592001255e+01
6.158500980522164525e+01 6.350936508676438308e+01 1.203312193073639058e+01
3.746126146264712276e+01 6.258599157142364078e+01 4.858576968452896239e+01
8.564898411883223162e+01 6.586936316189449769e+01 1.540481121443649037e+01
7.056874740042983873e+00 6.424192782063155960e+01 1.059325527442900139e+01
5.857755812734632883e+01 9.402302414249575691e+01 5.426488771826195290e+01
3.881699262065219358e+01 6.432882184423532124e+01 4.781383160543891364e+01
5.456167893159349092e+01 9.414648087765252171e+01 4.017726591188029772e+01
9.611905638239142036e+01 9.053506419560636687e+01 2.209036441314687238e+01
6.936130087516545473e+00 1.007780013774266514e+01 1.362617597882702292e+01
9.444296075592840012e+00 6.830067734163569071e+01 5.115692858767194373e+00
3.189756302937612986e+01 8.448753109694546026e+01 1.000200475555844726e+01
8.144684825889358137e+01 2.818547747733999387e+01 1.081271986198653678e+01
6.967371653641507123e+01 6.289428467798840217e+01 7.618944051549034668e+01
7.350710438038858285e+01 8.034809303848486195e+01 3.350068671268545017e+01
1.774395437797228325e+01 7.506147516408583442e+01 6.895455506001603396e+01
9.905051420006732599e+01 4.126176769114265142e+01 3.289384387248907160e+01
7.764129607419968693e+01 3.408035402530178715e+01 9.396263728364777990e+01
8.584127518430118187e+01 4.289940273750183763e+01 6.404488083806457155e+01
7.545428740846823246e+01 1.031238688359326083e+01 8.868139437089953958e+01
5.052523724478571410e+01 8.264574661077416806e+01 3.375867101806586845e+01
8.955232284962005451e+01 3.892016787341631101e+01 7.110701155601299561e+00
9.053819764192635944e+01 9.128667678613355818e+00 3.671120305241556281e+01
9.500619670508049808e+01 9.506071469375561378e+01 6.056846441019938254e+01
6.318372121697992583e+01 4.484455219783198032e+01 2.760043670292391838e+01
3.286645453699159702e+01 6.725184560770384223e+01 6.762862522829374257e+01
7.915790437258485213e+01 7.896181427945538189e+01 1.925507001940127694e+01
4.944203047025814612e+01 5.755876001664428365e+00 5.434444443953086079e+01
4.415305013733770068e+01 8.877041827582998224e+01 4.146920428524873614e+01
1.170670164276058678e+01 1.429916820528358556e+01 7.255345934260867580e+01
6.182180633162610661e+01 1.011226761227902493e+01 2.259527966918694730e+01
7.009691314591199784e+01 7.276300636419352763e+00 7.610196874919397203e+01
7.062422271564962273e+01 8.134878064189976499e+00 1.618775377416022820e+01
9.866395785011754072e+01 3.742707957561203358e+01 3.989706098634246700e+01
8.127995672575025310e+01 9.472485773838586454e+01 8.817571008685480649e+01
7.533781852589416417e+01 3.762595855309157855e+01 1.863180250619189238e+01
7.771469159274367655e+01 5.584042497358050383e+01 4.392029432568605785e+01
9.063543850947360170e+01 1.111974823061513362e+01 5.174404387978285058e+01
1.135364476741906881e+00 4.686606419941262658e+01 1.680739165240371946e+01
1.188179162680719259e+01 1.175262467771048769e+01 6.304419957395786867e+01
7.460448792654233330e+01 5.833687650971596383e+01 8.885908480686313737e+01
3.748705795237040661e+01 2.857120862818607421e+01 7.506596229043023527e+01
2.235958385194526343e+01 9.632225394406113139e+01 7.114011318809308371e+00
9.698788267076390923e+01 4.315991195057611307e+00 8.446078910604450130e+01
5.277011090862998799e+01 9.929647961193003880e+01 2.018685363922805465e+01
5.538542844013208111e+01 9.693025356190989328e+01 4.310516545222478868e+01
6.293986381352625159e+01 6.957486889846171607e+01 4.311100101750388092e+01
6.275580800840634765e+01 5.843143119231002203e+01 8.193549908022696115e+01
4.544638034145787486e+00 2.809631895922303357e+01 8.227048852997612016e+01
8.902637838909163293e+01 4.556567527857129107e+01 5.557377532395542374e+01
2.773811829811326746e+01 1.881211597237613020e+01 4.810858568223987675e+01
3.533522280260527992e+01 5.836561118508720369e+01 2.115098706209613155e+01
9.743948076661665425e+01 9.862107444796028233e+01 5.700578519182302273e+01
5.360963663441204119e+01 3.095276162863277492e+01 7.402142960039338959e+01
6.847311725538793326e+01 1.626169393448913070e+01 8.452429510385239553e+01
8.225372429231690319e+01 9.497999132919240139e+01 7.071606738258122959e+01
6.134151959357898676e+01 4.182430362906188748e+01 8.571413476039253965e+01
8.660638895004083793e+01 4.521867010618940697e+00 1.769680340461736279e+01
3.764633668780496123e+01 8.105533307818329547e+01 8.897837283568179600e+01
1.504168911035281830e+01 5.941307153521351125e+01 4.476955940354370966e+01
9.699143978146031486e+01 8.421189231357087124e+01 7.408169013750102749e+01
4.686931597949703132e+01 4.148195023376651847e+01 3.089420837810839515e+01
5.637549665092711493e+00 8.647223762550531490e+01 6.969978325261763530e+01
9.997176732861305481e+01 9.966368370739053262e+01 5.732411543109304830e+01
7.689874151805105384e+01 9.447657298824280758e+01 7.714848524019448917e+01
2.473481017431976525e+01 4.505441353100935231e+01 2.035581464567894372e+01
9.540510272587223994e+01 6.061746344508800632e+01 2.573067857986426432e+01
6.717006844058566628e+01 6.181282404578958278e+01 3.995869275917095109e+01
1.135575921996290205e+01 6.715731955927995500e+01 5.240814063004168588e+01
7.723183917356392669e+01 5.201635011119933694e+01 7.379132506835652805e+01
5.519068387744855642e+01 5.609379715353862395e+01 7.602253617880106162e+01
4.034828662123970133e+01 1.340152284506407376e+01 1.060008278318104580e+01
7.551372556736190234e+01 6.203095513534646699e+01 6.845995343789024901e+01
2.129641615089107276e+01 1.363714755867697548e+01 1.714665779561357795e+01
3.505875588065969595e+01 5.899176868546330610e+01 4.158193634317340326e+01
4.374749220237290359e+01 9.041586944937483850e+01 4.086759542464464090e+01
5.139894891598108018e+01 7.836530127411430158e+01 3.412236132516817833e+01
6.220867002278735214e+01 8.623637087467452034e+01 9.398822518780922053e+01
1.470734809290379275e+01 9.265876251614943726e+01 5.095861168841426547e+01
2.582443882989583628e+01 4.591357562382613366e+01 8.806774046488877161e+01
4.926180939928696034e+01 3.287516102875082424e+01 5.933721572053079996e+01
2.401456187781930751e+01 7.586332810866391441e+00 1.436075566957921978e+01
1.280458389577724354e+01 1.519026935122943556e+01 1.633732800825434950e+01
6.408747448032146110e+01 1.818800843991448346e+01 4.433732664702811377e+01
8.967884099060118785e+01 4.739616402628723790e+01 5.876172392236208708e+01
1.723198712016298373e+01 1.922890188086707752e+01 7.588395925892460703e+00
1.689350630721645530e+01 2.785903390319586137e+01 1.993584607004976661e+01
8.870253375705560828e+00 1.206358711006008022e+01 4.105003753808203015e+01
2.063337184057925100e+01 3.642698610480754695e+01 4.947327352650678023e+01
6.903948286293652359e+01 3.931213984109893644e+00 7.798260597775185943e+01
6.279003894909077843e+01 8.175903194887190750e+00 7.710191130148544403e+01
9.208724005318131844e+01 6.107795985486374590e+00 2.534234974850175348e+01
8.062012797930613317e+01 7.482596903836584090e+01 2.460063074136390782e+01
2.093493233367102846e+01 3.704721027913819853e+01 4.764303114291762142e+01
6.182547715302959546e+01 3.689136395697724424e+01 5.016533953479497399e+01
7.474709381337565617e+01 3.668320289059789907e+00 2.709528118085860626e+01
7.133495858845523685e+01 8.952068376871993394e+01 4.902379157364364204e+01
5.321134852653156599e+01 1.071720113397760521e+01 4.423515024820828501e+01
5.326172664550231417e+01 2.424705036347296527e+01 3.068118471381319168e+01
3.772841631046226496e+01 2.007119777772636837e+00 3.302583387668715886e+01
2.114480069965446418e+01 3.274973521779146779e+01 1.586991650118734576e+01
8.905272807398949908e+01 5.935924535540486602e+01 5.619152350536754881e+01
7.891712386073382390e+01 4.984421989290572697e+01 1.314848222130433264e+01
5.371065418185477824e+01 5.868411180208791222e+01 7.205892355092174739e+01
4.316595462296793784e+01 1.275803027955637603e+01 3.496930442926336724e+01
3.630822963986351226e+01 6.459172413316012751e+01 5.298238651167671520e+01
3.560967258978462269e+01 9.865152487929796621e+01 6.305366398159932828e+01
2.372267917359944889e+01 1.017824726204037411e+01 2.071238926818438841e+01
2.459577283845081297e+01 1.606813732595556843e+01 1.812383219926804401e+01
2.850951686938471141e+01 1.733735952947548142e+01 7.474502096296082243e+01
8.023374566164221733e+00 5.245113895702546358e+01 4.679310407336431155e+01
9.823786169086064035e+01 1.120389021680523456e+01 3.928371683592127539e+01
9.694704332753688902e+01 8.655071258939803158e+01 7.003435437281694931e+01
2.579028270449398264e+01 1.708875873900658249e+01 5.367187725685298716e+01
9.293759891275857399e+01 5.567628930139297694e+01 5.335777555865459476e+01
2.799790936602841640e+01 7.694929331919368565e+01 2.526651397780917563e+01
3.236792364042436532e+01 4.254364386164167655e+01 4.690856046105962207e+01
2.424097324150802280e+01 1.148368247392035357e+01 5.385763605232590834e+01
2.886305532402557716e+01 5.812382214226122557e+01 1.871242494505312592e+01
4.811401018548174591e+01 5.325894325515858441e+01 1.765979109688417381e+01
3.366042781939205497e+01 1.344146769389742424e+01 7.855057296051548121e+00
9.899602323899452472e+01 3.223538449747229606e+01 7.178080033966020324e+01
2.546406547637638340e+01 6.815027222239292826e+01 7.528471966840217533e+01
5.956387406078442837e+01 4.715761885501584061e+01 4.395907537122692332e+01
3.488682665429953289e+01 9.295291442478259114e+01 7.681832825792722019e+01
9.650269106665125207e+01 1.242972234855447233e+01 6.531175980119824942e+01
9.383404568210377761e+01 1.812330661656601549e+01 1.391247814134779759e+01
7.411206492900591059e+01 5.744731131799119339e+01 7.480952052574278355e+01
1.397723766262894962e+01 7.952673118598902136e+01 2.130219328516520250e+01
1.636559428657044890e+01 1.642657979309929317e+01 7.037703070347592416e+01
6.651972206962001621e+01 5.230654247691192893e+01 4.081893970943070116e+01
8.772005408131082049e+01 3.924451074226353597e+01 7.469878544526359576e+01
4.391349085702184141e+01 3.769444294249075966e+01 4.737163001135048290e+01
3.013778741641420922e+01 7.476093801762510793e+01 4.997236349009899925e+01
2.322126951468172962e+01 8.995745732745685075e+01 4.146319205705722766e+01
5.435528611139886124e+01 9.064721109645469710e+01 5.822317194491986214e+01
1.168980407083640749e+01 9.398321236134751189e+01 5.758095974977539555e+01
3.349056146570860903e+01 1.392720726633872630e+01 6.978098173117712122e+01
6.200727559285135015e+01 5.334610919763215264e+01 7.548270868795424349e+01
7.885972112245308097e+01 1.516748797327511866e+01 2.920766670586476721e+01
2.484891398144657515e+01 7.439462925726769527e+01 9.610888298316121237e+00
5.698896848713165042e+01 7.624586857406904983e+01 7.331556802756921343e+01
3.420817487159074943e+01 8.212573046720127934e+01 1.175156627078366611e+01
8.464522917345182407e+01 1.274886623319824253e+01 4.500630919612619607e+01
7.972953657795535776e+01 1.499174273487737707e+01 2.797164844685542917e+01
7.222525683930662410e+01 7.200365365460743305e+01 5.879827277778669981e+01
6.939484444670999608e+01 5.427244433475961927e+01 3.815633164783819353e+01
3.456959935039194676e+01 1.815977168014256549e+01 7.571457964357675507e+01
5.833917947661204551e+01 4.008514167636398895e+01 5.001168752668482398e+01
9.472833396118153360e+01 1.533514031160802027e+01 5.570829487264130364e+01
5.058886788844660032e+01 6.114542354346477993e+01 1.304343784933747763e+01
8.721239089441515091e+01 9.321182824836124325e+01 5.488681300595686707e+01
6.966508238768922467e+01 9.224993811772957031e+01 5.839637097741820781e+01
1.525390429142613513e+01 5.762883601668131917e+01 5.822203159437700748e+01
4.241306713023860198e+01 7.364442356247228361e+01 8.591469833428052993e+01
9.255685129067762773e+01 4.508393714041321232e+01 8.663268544069413934e+00
9.848411989623345164e+01 8.388980864459341547e+01 2.645555099603231142e+01
9.208418826173723915e+01 8.698963620621282189e+01 5.193681102749832235e+01
5.912754357449292542e+01 3.990027038701302331e+01 1.557078614398048977e+01
3.351972416459009452e+01 8.028534485980114255e+01 3.992890631307179916e+00
3.334991716911441983e+01 3.981686935909433345e+01 5.499652235031958725e+01
9.198556164127604973e+01 3.463459943659612605e+01 4.109558864481445539e+01
7.375012481097483885e+01 4.522179408898071529e+01 2.771261238331267407e+01
4.524395161326933845e+01 1.408570203797998488e+01 2.270945631222951278e+01
4.983677727394797330e+01 4.189254495045479132e+01 7.931242852192151815e+01
3.623938991166330936e+01 5.805883502780434213e+01 5.903456244940941389e+01
1.309445658833363613e+00 6.635373720167106626e+01 2.079478121030057025e+01
9.610703174694550910e+01 1.486627277531129465e+01 4.450322991987553678e+01
8.534966807864385885e+00 9.968742518459472990e+01 4.584664685165049747e+01
5.953850173200437723e+01 6.707647738842748453e+00 7.181370737569608309e+01
2.099055930955857718e+01 8.980542894407138022e+01 2.167172173062922269e+01
1.906877206636665534e+01 3.654966784809488001e+00 4.578534371326105656e+01
5.648411332626164238e+01 6.570863942835236671e+00 7.410774065018887313e+01
4.532888347480275826e+01 5.243902693275800431e+01 4.143349412008114285e+01
4.007630608753260049e+01 5.596403313082178954e+01 2.367549350821705900e+01
1.819281304952711054e+01 8.617856210135173001e+01 8.775896665312737355e+01
3.733093162797529629e+01 2.707446731435537757e+01 5.976818689431458154e+01
4.087341710980963683e+01 2.538635566034486146e+00 2.583401004617301311e+01
7.159722288473975027e+01 6.589239419101514272e+01 1.089285933981321897e+01
2.219721619329494544e+01 2.310747965880714005e+01 6.764040895001964770e+01
1.971053775436415467e+00 1.041085819845738492e+01 8.089599830491688692e+01
1.785446620543336138e+01 6.527461078518747684e+01 2.680227392225392791e+01
9.944139275934515965e+00 2.431721909994540809e+01 6.988318193079066987e+01
8.556964681062856926e+01 8.302198645669915322e+01 3.815040851877139261e+01
6.680851365706462275e+01 2.049842954158209807e+01 2.805698242698418454e+01
8.963358185211197338e+01 1.300192351073603536e+00 1.454141410006326929e+01
2.078862551460273167e+01 2.653220387381971523e+00 1.760453595248553782e+01
5.830415609696921564e+01 4.214245505924979796e+01 7.732508818652623006e+01
8.174435617384409625e+01 3.418173516978760063e+01 3.192874676042882953e+01
3.796924081672668905e+01 5.902949425148077722e+01 2.812825550964295118e+01
6.241489078491340337e+01 4.094116521912404494e+01 5.627219470832515924e+01
4.361265291353166873e+01 2.944657595419176843e+01 8.691582943411795270e+01
7.636057941597607623e+01 1.401131757664525423e+01 8.672029896305338070e+01
4.874311982495136419e+01 8.945522268940914046e+01 7.571735536381180509e+01
4.252135044692334276e+01 2.246930832011739820e+00 3.481440151050620102e+01
5.416342146608668884e+01 6.334782198261472530e+01 3.103083037888172413e+01
1.393560740728241321e+01 8.349302367992990526e+01 8.989563268657835238e+01
5.256901823026858267e+01 1.716792858483034934e+01 3.531628522193575748e+01
1.839067654746673330e+00 9.142988065604990311e+01 2.069339414574113789e+01
5.765164755142535569e+01 2.740552206872060026e+01 5.440580371592900377e+01
6.514203883518642613e+01 8.297418037072016261e+01 2.603476037814505517e+01
1.099582865848047764e+00 1.368856300688072736e+01 8.394044154942287150e+01
8.738900775625153017e+01 5.974131021703082922e+01 5.459063535458358274e+01
6.650366745462554263e+01 1.753712786234495979e+01 8.000996803475322849e+01
4.187705248920730838e+01 3.831385282494974831e+01 5.648540865944065814e+01
4.696596677505504580e+00 1.662833687560794260e+01 7.613986535986997239e+01
8.279866792512645901e+00 6.031521094663882110e+01 2.458358268252327861e+01
3.892956140419765632e+01 2.886937367706998714e+01 3.463786431864932069e+01
7.190459051842455551e+01 2.971217156231750067e+01 5.920388992212941304e+01
4.760504021990996648e+01 6.636711653626481677e+01 8.692250156047977327e+01
7.325720972102503481e+01 2.149403785907567510e+01 1.366650073656464137e+01
2.622640442998250876e+01 5.950779307002548535e+01 1.621446398730675753e+01
4.963662472012363480e+01 5.968428489168891815e+01 3.463658328910839401e+01
7.709122037458219268e+01 1.065982531337717987e+01 1.583782181964969205e+01
7.281887562036033046e+01 4.954913162061984622e+01 6.552103732466521535e+01
4.348273386037462274e+01 2.464020332391068280e+01 7.164939982217831016e+01
7.994158789689792854e+01 6.946964708544267353e+01 3.183943904939850356e+01
5.902306668690870595e+01 3.609738969400267905e+01 2.087901261506199546e+01
9.173135754622427385e+01 1.368186309189614036e+01 8.447859600021980953e+01
4.460057729579557417e+01 1.851329288386196481e+01 5.317045943086181836e+01
8.729458358764082959e+01 7.322248864095611509e+01 7.496926244802278916e+01
6.587833667107173596e+01 6.922765645178525062e+01 7.644219368873595499e+01
2.496680088591859459e+01 4.894249636431404582e+01 2.916152767095003639e+01
9.876680079966469350e+01 9.440593396866132991e+01 8.808781501026643923e+00
7.055751725156883936e+01 9.252483174156658663e+01 2.852176086578360881e+01
5.679452305526294964e+01 9.154882975880418883e+01 1.368702350542007373e+01
6.974202672468399555e+01 2.973490073725507798e+01 7.991504866321037071e+01
9.710582451653677083e+01 9.442664891134339200e+01 5.395196099454607008e+01
8.620426509893134437e+01 8.445493985350704236e+01 3.506855778342443131e+01
8.289154741506773405e+01 3.700763471549262107e+00 5.403412841250064957e+01
2.300088372877030451e+01 1.205668857772788094e+01 1.914348118932841913e+01
6.962887758781397451e+01 3.398749637680661095e+01 6.947435662966698544e+01
6.535634079894236947e+00 3.152903378306103477e+01 4.512852645631949144e+01
7.907231648389635836e+01 3.187525029320699232e+01 5.725346306356230741e+01
8.859777482361870682e+01 6.158631881823045973e+01 2.849784940136491684e+01
2.440078155653802039e+00 8.700988739009298456e+01 1.297099768069574388e+00
8.747016726841994227e+01 5.289371340272119681e+01 8.527682940925362232e+01
7.987832357736654387e+01 9.979341105333374173e+01 3.760460929665402574e+01
7.671882889311268627e+01 4.019309136092421397e+01 4.266690952854003172e+01
6.275054632183700676e+01 8.736771141863387413e+01 8.970353326755549972e+01
7.682734138645182043e+01 4.177667821673337301e+01 4.275081897184415425e+01
7.375823015888914824e+01 2.387771457683023257e+01 1.251730578962354734e+01
3.546221576407765497e+01 2.872389916540817367e+01 3.627363993218015281e+01
2.336077510499099219e+01 4.209318963636188293e+00 1.323944647241602723e+01
9.877223897360315163e+01 4.277731337358623165e+01 3.852012535162984364e+01
6.796472826930698830e+01 2.182538878650641578e+01 8.500866592327244575e+01
7.863450144155520150e+01 8.941100231225950878e+00 4.537317471582891670e+01
8.791183075621647447e+01 9.447320222914102317e+01 4.565644566666271231e+01
6.134113892107077248e+01 1.670339460920752117e+01 8.130641762009011586e+01
2.316717013834433914e+01 9.427317741351257041e+01 6.331818078258978488e+01
6.077367948788591434e+01 5.126885110165085990e+01 2.385810537513361851e+01
1.765280320055082797e+01 2.204862090701753630e+01 2.197793279795047638e+01
7.795844735667533598e+01 3.501252591667301317e+01 1.902569100338869745e+01
9.691026301408113852e+01 8.837858849634257297e+01 8.346130245318708774e+01
9.949078226464352781e+01 1.738952492194873045e+01 4.067980663193931434e+01
7.582384757040912859e+01 6.960206180537922194e+01 2.299162496785462650e+01
8.158331249906177618e+01 2.244405718366606806e+01 2.867476998173423297e+01
5.369744228934136032e+01 5.929399348417031490e+01 5.191462493581333604e+01
9.148683739775487211e+00 8.774608626303803760e+01 2.977550859924032522e+01
1.295149212828041740e+01 8.887480798689772143e+01 8.642951302925011703e+01
8.621276172654506809e+01 8.095160747248780808e+01 6.289828207218918976e+01
5.508573706091392808e+01 8.698675991141014308e+00 4.284736151874979981e+01
3.726885170123139801e+01 2.597537837603261934e+01 7.789587706951320456e+01
4.958757350787708162e+01 8.104621590764793382e+00 2.152495318837691229e+01
6.832587636595958713e+01 7.613085949030018895e+00 8.176203745433164727e+01
4.951465270139743069e+01 4.805865773266479835e+01 6.149050087817217047e+01
8.246809659251491098e+01 3.478092079021930516e+01 6.565502162073617853e+01
5.657319639957910340e+01 2.670282701694213046e+01 7.735141420704920279e+01
7.974260216069281171e+01 6.584518346584255255e+01 8.450178666907628156e+01
8.672942009598023105e+01 7.083629767150347334e+01 6.767364236069737160e+01
6.974714616692835989e+01 6.801407717603004244e+01 5.601742218519674310e+01
7.527166395576412583e+01 1.586051052930736915e+01 8.496160206535812165e+01
8.718435277452320520e+01 2.924728303455914613e+00 7.418775010736511888e+01
1.288698674734451899e+01 3.351188542591418695e+01 7.549390751810273059e+01
1.607598960483081996e+01 8.179670241190622448e+01 7.004863017732068897e+01
5.074677337608362393e+01 6.385871716833579903e-01 2.723563811319729666e+01
6.169269183757422326e+01 9.811861780274234945e+01 5.771193478132201449e+01
2.598035810641598076e+01 6.340057030996113241e+01 5.409387791417852043e+01
7.798453951511436344e+01 1.069806388269584119e+01 6.950913361463891249e+01
5.412665786761102993e+01 9.629920038589946785e+01 3.424074219825677545e+01
6.326218931339481344e+01 9.320281055100174683e+01 2.251468944973958841e+01
9.372284872364511443e+01 6.878857223008132848e+01 2.006709911610812824e+01
3.009635669468162433e+01 7.081720886452815478e+01 1.216853148731998857e+01
5.821704601762732523e+01 3.458830569529567356e+01 5.202068154106475362e+01
4.574203381251285450e+00 8.715368061523763288e+01 7.894132095689602124e+01
9.688778552856915383e+01 7.496518317429247702e+01 1.994818061093694084e+01
7.582631959290225154e+01 2.458691645880151100e+00 1.284440336845705311e+01
3.236102191495412228e+01 4.886431904046657593e+01 7.143575262319428987e+01
6.832953766065051582e+01 4.459027063767483412e+01 3.038667922464834348e+01
9.971245001577111111e+01 4.261813022359729786e+01 4.188900826593574322e+01
1.636238211916691654e+01 7.948095487499293199e+01 6.759349953444390735e+01
2.207696127887604121e+01 8.238104561584268737e+00 7.068984397235438166e+01
6.545112142811352385e+01 2.732595269982093100e+01 7.685451837862861169e+01
1.510578917809002419e+01 4.323348010426018817e+01 8.498491934741470288e+01
4.197273169261222847e+01 6.385259476640855780e+01 3.682730557680829975e+01
2.742152023486700330e+01 9.839776479598282322e+01 3.566415724416818023e+01
8.940992036791344333e+01 2.299546058910861746e+01 2.113488259053824692e+01
3.113408288451136041e+00 6.516668253758849971e+01 3.996079980539682452e+01
8.643582498396369829e+01 4.732099066915571939e+01 8.895555048805124443e+01
1.855255157031211510e+01 8.686231679556108531e+01 7.763653125632571061e+01
7.709218446440519301e+01 8.447832281168876989e+01 7.044969320799107493e+01
6.262203216314154020e+01 1.312448776823875818e+01 3.850988971314824649e+00
9.208478478156868618e+01 6.166503145207380499e+01 7.233842733339808717e+01
4.815223515125500597e+01 1.173081889623944818e+01 1.292149172948490943e+01
6.855652872289714139e+01 4.303058948994626576e+01 1.979605834911284745e+01
4.915945467414368864e+01 6.420893707513409154e+00 5.818218601478209706e+01
2.689934044350976805e+01 7.975591006371881519e+01 3.446240965224628638e+01
4.552201490818011820e+01 1.162053990810063553e+00 1.666853557346408721e+01
3.924935564066848315e+01 4.799388347171235125e+01 5.582972583702206038e+01
2.916625787093032329e+01 6.949818861265426051e+01 8.171616632011816250e+01
7.798509888933497791e+01 3.961882534835714509e+00 4.585770154393537723e+01
1.049301784181748687e+01 2.420450158625274639e+01 9.336274278780020097e+01
1.424955429015132324e+01 4.988881534513560467e+01 6.017059879119377541e+01
7.024649705441039771e+01 5.596486834869141092e+01 8.319387559509518582e+00
3.264613082439918657e+01 5.177116433847114507e+01 1.639507815926368295e+01
3.506269312091807677e+01 3.320310879136656457e+00 1.470039319845270676e+01
3.969232762015960958e+01 1.327157540430603433e+01 6.114559064985457582e+01
6.894649691372657685e+01 8.005866991090829288e+01 2.568565301793191580e+01
1.674825822590697655e+01 1.045678403344002483e+01 6.024902660444055869e+01
7.064757264869011522e+01 3.158614482564203740e+00 8.372500282386285164e+01
5.197128365147241524e+00 5.412963353010704282e+01 6.961454021117697266e+01
8.709691237460856428e+01 7.140869321324278474e+01 7.661840947779550959e+01
3.394501925428060929e+01 8.148251137465122440e+01 1.378213047456809903e+01
8.948166560605275777e+01 5.475923761537362111e+01 7.029092120344527928e+01
4.523182845183001177e+01 6.435776951965249282e+01 4.760797150446903458e+01
7.315895217553318730e+01 8.162998203058958069e+00 1.253642889672540406e+01
2.471032340101464442e+01 1.595446801131883419e+01 8.494326345392040878e+01
2.192139873580443066e+01 9.758652558191313631e+01 3.481429530859428922e+01
1.821179156886992700e+01 7.896985071424791158e+01 5.964993266057945220e+01
4.981957164531389992e+01 5.553635509376312029e+01 5.982638420795194634e+01
2.284547413312987274e+01 9.963339160567419128e+01 9.401283279530001380e+01
6.503256863469368909e+01 1.995424509291451187e+01 6.614619070845478177e+01
7.219840897917584321e+00 3.065250220580606477e+00 3.262081110336320933e+01
4.626229567393163222e+01 8.682725054083805105e+01 7.157404323988610884e+01
7.427065211999810401e+01 4.254933344480753732e+01 3.589960134955580173e+01
3.710387629846027124e+01 9.876495637360578428e+01 1.198158910137761701e+01
8.670314961224485728e+01 5.786754085723934082e+01 5.019587894241651327e+01
7.252576604151364847e+01 4.866689414247028367e+01 8.031002861078610522e+01
9.007018640112585217e+01 4.217209268734553973e+01 3.333181934233287791e+01
5.923503285933622209e+01 9.123633456166909639e+01 2.909102109910583422e+01
6.229665835634827431e+01 6.315602200925205523e+01 7.075922860604200082e+01
1.315676851272598036e+01 7.158249646820885914e+01 8.195873726649082869e+01
1.796831088702419521e+01 2.375433249238776412e+01 8.742760145415044803e+01
1.809769527094897512e+01 8.543850933695790673e+01 5.167276703555751283e+01
2.472310744031770469e+01 8.707499012725114085e+01 4.783635250849627596e+01
5.148173539296902135e+01 3.592333693997657207e+01 6.147304554431472923e+01
1.635238725850227581e+01 3.910815366517606861e+01 8.965065677256480114e+01
2.581334327011275320e+01 6.567366645412921855e+01 3.731187600245458924e+01
7.734731256866005822e+01 1.308736607183498180e+01 8.561829681665192027e+01
4.537895413836392322e+01 2.360504633464639568e+01 1.198978696905306407e+01
1.697579050875407347e+01 5.197739485560176576e+01 3.902520522224303789e+01
8.288833658826094108e+01 4.308875236618059290e+01 2.630389646184620389e+01
6.171449866040300236e+01 7.067772168854457959e+01 2.190135435618534032e+01
1.676192162883176451e+01 3.667142693354297212e+00 7.402811230442611645e+01
6.638045276218051072e+01 4.746308757498138675e+01 8.216867241389296339e+01
8.056701529500531933e+01 5.853543643967521604e+01 8.038817146169130012e+01
2.058412100367682385e+01 1.119196193977278853e+01 2.915240666455133223e+01
5.708685608931485689e+00 5.311695280010319919e+01 8.422634253055692000e+01
3.934354066850964671e+00 1.221099140100267988e+01 4.877205805397621674e+01
9.338750175279048449e+01 3.161561049767504983e+01 4.957333246566602725e+01
4.157285905039209695e+00 1.483432009620888614e+01 8.653198802418967261e+01
9.651186964360455534e+01 4.939980934409615720e-01 9.092526478629955022e+01
6.391199378155003785e+01 8.679182945200221866e+01 4.618244575704588328e+01
5.155960285792502162e+01 4.888465802569201912e+01 6.038370418426906383e+01
1.396512547563128948e+01 2.997358987267795261e+00 3.542496424018932544e+01
7.046807627366466420e+01 2.018534521229483758e+01 6.723167476932628972e+01
9.699120461072703847e+01 9.390071578941839192e+00 5.909689502540671668e+01
4.437502193045711607e+01 8.681422543775053668e+01 2.199268869385667102e+01
6.926259522261645429e+01 8.381152896481101777e+01 8.437662958944301295e+01
6.832480282896457879e+01 4.971747640084272746e+01 6.058428202616818936e+01
8.689049844787182053e+01 5.706097466388296624e+01 1.342051544582363931e+01
9.309486955069777991e+01 6.895267510315611048e+01 6.127551214936322310e+01
2.156751523977171558e+01 6.588854702326571555e+01 3.439358437832095916e+01
6.512329770414920915e+01 1.065930303079907304e+01 6.620779518088568238e+01
9.994137257706665878e+01 4.821203886055602794e+00 8.347137656239573289e+01
4.069079607228706408e+01 8.707534503372590962e+01 7.326102615578827226e+01
5.670162609866677883e+01 7.384492092513265504e+01 7.945511011176003535e+01
4.041403216510330054e+01 3.270331615632387212e+01 6.345858621488729057e+01
8.078459419412585873e+01 7.622851347766157915e+01 8.014476988898958609e+01
4.355833148129330112e+01 8.178342161750215666e+01 3.055315602623228699e+01
5.444890979608495485e+01 5.758660498121570548e-01 2.817169289944962429e+01
3.664615348713978449e+01 3.961726916092553807e+01 6.907992165057528666e+01
3.885581012703457304e+01 4.486936226225306257e+01 2.709692916241242955e+01
3.732517916293400617e+01 2.272696272631514702e+01 1.860600393895383675e+01
6.034485933813778757e+01 6.682127985550162919e+01 6.277681460019717008e+01
4.634940438005723706e+01 3.797857801792298460e+01 8.450225623445072642e+01
5.190817851362180591e+01 4.791818776297309768e+01 1.161890417721479984e+01
3.412478276261563792e+01 3.801956187858570502e+01 3.725672916608905894e+01
5.801723692273322541e+01 5.336025467268784439e+01 6.171153169352358958e+01
7.648832615421282810e+01 8.129857387160934934e+01 6.739715084921546406e+01
9.555236959549347375e+01 1.823258267636163055e+00 2.337535665773346238e+01
7.562874978142120064e-01 6.474747141546029638e+01 7.964286360943290788e+01
2.434822965762992908e+01 9.270345447963066476e+01 1.738266861915073846e+01
9.344360268055143592e+01 3.516226872396344305e+01 2.317181190011832470e+01
4.858717591863256047e+01 2.567765677205079555e+01 2.671972703984679143e+01
3.072899649262865651e+01 8.030258978326634178e+01 5.486056149393113657e+01
3.113076991560036433e+01 6.103337833109183919e+01 6.523725210834207644e+01
2.726240007335337623e+01 4.135491015253515457e+01 1.232269584435811005e+01
1.811493495346802973e+01 6.811178539649827712e+01 2.376163693500445007e+01
5.251633836670601596e+01 7.090462617224326891e+01 1.368407022999712019e+01
5.673122196289035202e+01 2.565627837013637702e+01 8.044348980242119751e+01
4.835456467199247044e+01 8.059925497751581247e+01 5.004048040496461880e+01
4.341253285481916357e+00 6.331513755940223120e+01 8.174598811344546334e+01
6.016118201463311976e+01 8.191888594267902590e+01 7.782086380481675292e+01
2.280797719489324749e+01 2.120448399082266633e+01 5.277563377258095301e+01
4.110284698067047060e+01 8.398613028667203650e+01 8.013586426405622376e+01
3.534213793027181083e+01 2.368705589744820728e+01 6.909627230154785593e+01
2.748060355481360872e+01 8.226143185136784552e+01 4.444575374672846380e+01
6.675498992914704388e+01 9.553531383466818738e+00 6.165027775447842373e+01
4.517676787372290903e+01 5.866084631754740997e+01 2.312552929621238107e+01
7.368737449441820786e+01 8.627970775432285677e+01 2.507787376489555342e+01
9.571455552016171708e+00 2.363858604633639615e+00 5.963758275533543696e+01
6.070940360887807685e+01 5.466974127140700546e+01 2.386515792227232424e+01
3.909059959055147004e+01 5.944763351861730172e+01 4.555443136262161374e+01
9.877855202148873559e+01 1.364397525567331293e+01 6.791094438810468148e+01
4.043187681042921611e+01 4.281996149256147532e+01 5.969975162551639869e+01
6.924361513243695754e+01 9.912559937021883627e+01 1.850567091618480831e+01
1.041096493841663317e+01 7.243388171287411126e+01 5.420436268211737030e+01
2.741606665598058612e+01 7.941936898898660502e+00 1.779282715035630957e+01
8.941908746641182404e+01 1.918673247187428998e+01 2.892235218109286521e+01
2.266564022269880141e+01 3.549963058319372777e+01 1.407769078366896132e+01
5.190597909082703865e+01 6.761256359221490264e+00 7.501892572930815106e+01
2.337120819104330138e+01 5.400119146045106078e+01 7.235585162074424659e+01
6.508773690471942075e+01 5.329577865513353174e+01 3.043038764619322478e+01
3.330019130581979425e+01 6.694869551981901168e+01 8.904591419940626906e+01
6.618391898493786130e+01 5.577834173700249210e+01 7.003345841075110911e+01
4.652056122837181817e+01 6.014234260078521466e+00 5.495537368105695464e+01
9.576252845053801366e+01 1.753029423576596457e+01 6.690834184163414022e+01
2.009336886590564575e+01 5.358276844730812627e+01 1.184861972425712651e+01
4.503709362581851394e+01 7.561633288952461385e+01 3.022791699520976749e+01
6.649117244872179810e+01 7.954499607897291469e+01 8.430513139367857889e+01
2.346420818554535259e+01 3.993159158093081373e+01 1.578173424944687220e+01
9.924835021583751882e+01 9.270009679242953382e+01 4.886247456141138201e+01
8.420332943764212530e+01 5.209579772720422142e+01 6.300886141141567265e+01
8.912443211601662085e+00 7.552704204968078727e+01 1.955012145389092026e+01
8.260676302525283177e+01 7.820280876703859008e+01 6.383541357402441463e+01
3.616038052476211462e+00 3.031283559453286003e+01 2.697294058588515142e+01
3.601364074715191066e+01 8.764274676383854157e+00 8.728924269769836997e+01
5.538022407123762747e+01 3.055243106580235590e+01 4.159713997389236795e+01
4.472025405048356816e+01 6.005943333606172985e+01 4.545940412242019590e+01
9.193919732144173906e+01 4.969634829058302472e+01 8.131812650261957742e+01
8.514249577450956963e+01 2.085105143573358077e+01 9.191055326125723468e+01
1.163663978854760828e+01 8.174497084911915579e+01 3.441580047239980189e+01
8.779743204450694805e+01 8.680566901074503505e+01 7.622595638720902400e+01
7.900304363070614500e+01 3.046791390980407854e+01 2.112249139181370694e+01
4.029801787651614831e+01 1.735245149865086844e+01 6.562857416791597132e+01
3.460997265377855570e+01 9.756102008599148689e+01 5.817818190396643985e+01
8.224805636343609194e+01 1.325246727418484305e+01 7.283440007242558067e+01
9.227571905133943631e+01 4.870619188189358795e+01 5.192490534117614231e+01
7.648098009029953914e+01 1.748386272604125580e+01 5.087709790551195965e+01
3.986630277723131144e+01 1.463739921622491025e+01 4.424716713862237327e+01
6.817230938549356800e+00 2.581190694948698461e+00 1.777476630119713263e+01
9.631151115891738357e+01 5.495295358950169629e+01 8.484593103396788649e+01
4.324978783301320107e+01 3.118161330852595725e+01 5.247634304043579334e+01
4.395116886329100936e+01 1.056646842617439219e+01 5.781770811024208001e+01
2.160381825095996078e+01 6.195879548978295759e+01 6.249730382477526547e+01
1.520248531286481075e+01 6.134962711066815899e+00 7.219353349330927472e+01
4.598004237693201901e+01 5.816379550547578603e+00 8.781014747674200294e+01
5.778056099636663667e+00 6.950352288585531824e+01 8.850390599770105382e+01
2.391801042159256241e+01 1.422493686871961671e+01 2.545087700294338973e+01
3.032751475675955533e+01 1.010458110106466911e+01 6.726384988013869304e+01
6.229179813006268773e+00 5.094221281497897280e+01 9.408226978206057822e+01
8.139702695060188375e+01 6.152194382310108978e+01 2.959074114413989776e+01
6.238958362916384459e+01 5.270414639116516042e+01 4.757339710328903948e+01
1.307103767401994787e+01 8.866042152404666865e+01 4.764314563636969524e+01
1.946225118207650695e+01 3.677593508772896058e+01 3.601794135624087545e+01
8.275378955668742265e+01 7.336143805614020152e+01 7.328954059817363031e+01
1.103126442864721390e+00 4.161539981797615440e+01 4.551882817081445154e+01
1.919227682305668647e+00 2.598132087450342098e+01 6.405246521578645513e+01
1.371097057289990495e+01 5.353101314525916621e+01 2.644132889364378869e+01
1.212077464389327286e+00 2.412014575995414845e+01 9.012832545263297845e+01
8.015371118829895636e+01 9.595766443210334273e+01 4.876002500936068174e+01
1.097361986775035092e+01 5.479594889736929275e+01 4.496767313807158217e+01
8.443570827396159473e+01 9.808258078424458404e+00 4.682589165273702037e+01
1.500486646939842572e+01 3.246759268900599693e+01 7.853951009746023715e+01
4.760181293687665516e+01 3.758882851457693164e+01 3.570794792973531173e+01
4.594467684059866031e+01 7.850165438370568438e+01 8.465797277542786503e+01
9.553346865039283387e+01 7.869033862552950609e+01 3.414501143968687558e+01
6.881347060865421383e+01 4.376031240553919588e+01 2.564693960567151976e+01
8.408715794259225618e+01 3.842634896232499653e+00 8.169114959174540047e+01
4.614774646247341394e+01 6.372014768082804181e+01 5.644621560371998470e+01
8.951177407065364378e+01 6.366696821672073270e+01 5.599386134732481679e+01
6.665204056068995797e+00 5.184080219452040694e+01 2.041874185353055537e+01
7.374337687214855919e+01 5.122219208126745116e+01 5.750323966045684898e+01
4.167290060238427074e+00 8.479201604580321572e+00 6.883369706684455025e+01
7.208433599867336561e+00 7.125672776525860286e+00 5.424977876677415267e+00
9.565013982994801722e+01 7.375083594590068969e+01 3.124961498431377294e+01
2.965355812876552122e+01 3.497032297458495265e+01 6.712073430163904675e+01
6.613706110704143271e+01 1.851955678674679362e+01 3.143238237414296421e+01
9.839564971339731514e+00 6.603027197013381056e+01 6.262320592433782451e+01
2.650464283250040154e+01 2.094496103091281203e+00 1.684404435294057478e+01
9.678600348450304125e+01 2.954447774774202529e+01 6.801828746840411100e+01
6.246635688542637865e+01 3.819396396528959059e+01 2.370922980753634945e+01
1.213864181594064284e+01 6.150129680388666031e+01 7.398548364327994875e+01
6.439042535411306289e+01 5.303021332491583451e+01 1.404868855175889486e+01
9.684887775943838051e+01 7.987141916545745346e+01 2.946586066080168465e+01
9.799703293588505915e+01 6.018815896363221185e+01 5.031702974153232333e+01
7.480731794295320469e+01 8.117697880901376095e+01 6.442636927338722330e+01
1.280957463662000251e+01 3.382675059944983786e+01 8.628629307922017233e+01
2.246156118438519300e+01 3.721670238375133266e+01 4.243270109706742943e+01
4.394049896944521549e+01 6.129395824945255100e+01 8.705844021647691022e+01
2.406927118325049619e+01 1.215013763009180536e+01 2.264917263383491175e+01
8.869249002092695378e+01 6.458108126552059503e+01 2.830548187616231459e+01
8.159469389686172747e+01 8.613699963634360302e+01 7.740018878917715028e+01
9.189265336395544637e+01 2.522410201733615764e+01 7.204204071196386394e+01
4.605394972741400039e+01 8.419985528900615179e+01 6.902208953391209434e+01
7.764474464997246628e+01 6.561618376810714892e+01 2.490823366175976261e+01
5.450269188969383549e+01 9.846697395245081452e+01 8.169254241015816831e+01
4.317373579701166975e+00 1.648148157294371430e+01 2.555526030847242680e+01
7.259799099852955351e+01 8.177853298569451113e+01 2.437872189994928362e+01
5.058526929518289705e+01 8.407030280111999332e+01 6.762811339424510493e+01
5.422372054918482576e+01 5.903476904587729024e+01 4.443831841111374104e+01
2.975484513188205682e+01 5.650219928590161089e+01 6.374206767814458630e+01
8.733229158608077114e+01 6.362913539792480577e+01 7.259155032882175362e+01
1.600716349545729855e+01 4.615574744197898838e+01 1.223583864242703356e+01
2.466788645216230336e+01 7.264617151130048001e+01 9.559753728964489028e+01
9.917809958721591101e+00 4.014943158612882712e+01 7.571821904677690895e+01
2.040356346288988476e+01 5.550849493022862191e+01 6.926372926107575267e+01
6.159854502601790216e+01 1.880247346154161292e+01 3.552221987554609939e+01
7.837917844853971872e+01 5.542265141320166322e+01 6.095342355816582902e+00
7.609907600280938311e+01 3.531135494023907029e+00 7.312254633994868414e+01
2.024805601652374065e+01 9.580734801193801786e+01 4.224239566329055151e+01
3.269316163380791096e+01 1.488880503324446813e+01 2.889239899626027608e+01
8.766507618282005865e+01 9.963343376272473506e+01 4.134310961920179039e+01
4.486106309545425574e+01 7.220709382027369827e+01 8.327065003476180038e+01
5.930443341867841411e+01 3.915256981778293266e+01 3.746768659530827250e+01
6.956181464968068440e+01 3.218263604278681633e-01 6.108574695050029391e+01
3.554930104413573844e+01 7.941973312770842597e+01 1.166969862879802733e+01
5.882022669483905020e+01 4.809728898861237667e+01 5.083307576517089643e+01
6.485359448296835083e+00 5.799837874281313077e+01 5.349251288270156124e+01
5.606600944161709066e+01 6.034876665964547726e+01 6.457092567060786337e+01
8.049889996807696946e+01 2.698207201282143330e+01 7.516487864192640700e+01
4.982556822634536076e+01 7.705827913433116905e+00 2.482828131547445949e+01
3.342383186960608299e+01 7.848969771114676064e+01 6.760917643838746471e+01
7.886149646724064155e+01 5.172690564416093650e+01 4.485643860296966778e+01
1.474525267062839440e+01 3.281927536093115805e+01 4.550402913670862404e+01
8.860042967961723193e+00 2.206119527112112522e+01 5.534163346161579966e+01
7.356631142391898948e+01 9.983475113929496558e+01 8.823365140613090318e+01
6.425651995351915957e+01 4.212480532940720224e+01 6.170663123545574535e+01
7.856516180802319127e+01 1.183361909233873277e+01 4.307150458865206843e+01
8.398022856356172383e+01 3.838329519330439865e+01 5.244783501476722876e+01
5.877693608621981980e+01 1.844762531336393607e+01 3.152303558840207032e+01
3.345112887419321623e+01 2.619670853206479411e+00 8.295046831801455411e+00
8.316970436757735285e+01 2.730708099728123983e+01 5.175842228132091805e+01
2.987255735887730523e+01 9.406792451153404500e+01 2.769455731286865685e+01
4.296568127389350877e+01 8.727302504846018394e+01 7.819980549918953727e+01
1.861014178462773216e+01 8.026433097957104223e+01 4.477594304152282945e+01
4.829688720853552297e+01 1.334799724159437773e+01 1.669342875460649722e+01
7.279393069737652411e+01 4.964611523552997596e+01 4.000152550655243999e+01
7.295082286523967241e+01 7.655128989911096937e+01 2.210891768244477973e+01
6.102251494776412954e+01 1.353540822776855279e+01 6.701431425039456258e+01
6.569551562671395573e+01 9.566146210834580188e+01 7.717919934929668990e+00
5.705472115125431287e+00 2.821870746932001595e+01 2.903054545419357524e+01
2.469787990719998305e+01 9.062545805210366723e+01 3.497532933172252712e+01
2.719497261286310064e+01 7.593982624179636787e+01 3.908849896738028917e+01
7.767105569551812039e+01 6.536615756438523661e+00 4.860563392008052830e+01
3.361360018328263255e+00 6.265320345535451807e+00 8.552102420977359998e+01
1.392453711175951625e+01 5.324206822752171320e+01 5.125999497110429104e+01
3.473433262588427084e+01 8.998333456872724412e+01 8.136410355534282601e+00
6.637896861755891109e+01 9.633944342135504257e+01 5.146146023100436651e+01
9.368224620330917674e+01 5.225787928602376731e+00 3.775527310151078098e+01
2.601577909620511520e+01 7.308209649807298547e+01 9.302244505274754260e+01
2.565300624442478039e+01 6.541746014740745352e+01 2.098168568885803253e+01
5.653302545716098848e+01 4.639324866883362120e+01 8.610472345730121901e+01
6.085272726964665679e+01 3.495063720868187573e+01 1.013165683632135305e+01
1.512468287349345530e+01 2.253169299512351031e+01 3.243181058497616220e+01
8.506160578411378026e+01 5.612227882825249026e+01 5.576106990383838991e+01
1.147688718692174703e+01 8.601396933494349639e+01 7.074646629046566204e+01
6.766836190000158346e+00 7.078350972297687349e+01 4.613777397996003060e+01
8.172534574677825958e+00 4.583006415286564561e+01 5.035962018494991810e+01
1.657745401632757520e+01 9.456981470002823187e+01 7.084746696852747050e+01
6.690223373291082964e+01 4.622955610006071936e+01 4.217499271514652293e+01
6.509734671509541215e+01 5.454318694069054629e+01 1.427981567176134803e+01
5.125026487703316747e+01 8.064036172328394514e+01 4.707351604255759270e+01
5.195657755426841717e+00 7.862781993840330585e+01 2.696353301870543717e+01
2.586208348880387575e+01 1.647063534322958844e+01 3.525671892449718570e+01
7.567515056886350067e+01 5.193858595039373682e+01 1.707086261468646171e+01
8.778300781520408691e+01 8.795818549515291807e+01 8.152747021223729007e+01
2.387962113815392939e+01 4.512393441809881267e+01 8.907202006900961067e+01
7.720124763099903475e+01 2.716742122555981798e+00 1.000322139690105239e+01
4.639313768123327719e+01 9.092202058615600890e+01 4.588991657558059245e+01
4.978125080342902464e+01 1.054736999566305755e+01 6.819275471646518838e+01
8.221031606002254932e+01 3.804200075075623033e+01 7.662274105959045301e+01
9.644766539008115558e+01 2.037664591276890746e+01 5.391223898256914993e+01
2.871379580845755441e+01 7.928544190338394060e+01 5.270156951208715412e+01
6.345824175503037878e+01 7.979141596158940786e+01 3.038989434138158430e+01
9.150900684070431623e+01 5.330288672461399813e+01 2.436212685444476733e+01
6.958991181688024596e+01 7.932613504382544534e+01 3.568741887944160851e+01
8.571792569987529475e+01 9.061432547657663861e+01 2.941565009307420908e+01
9.835214727152219893e+01 1.407115280487584208e+01 2.942254860702786345e+01
1.842248392380261279e+01 8.939897100078704284e+01 6.516885661994999168e+01
1.521042832222728691e+01 4.403234183683489533e+01 5.925052732948083190e+01
8.346408498938329146e+00 8.824163684073387515e+01 7.402837966367756906e+01
5.052067735766382128e+01 9.671266152591704213e+01 4.263497688250480877e+01
9.841103190364978559e+01 6.679199988036270952e+01 6.288400931315687359e+01
1.659548952957850076e+01 8.819277583046439872e+01 3.972483867575589045e+01
1.622334057824793518e+01 1.260751997575904060e+00 5.574076976888117230e+01
5.273996221226763481e+01 7.193536223691585008e+01 7.719766968964178488e+01
7.940658464302952524e+00 7.314964903403622998e+01 2.909509585737225024e+01
8.581770531571639538e+01 8.190635138616561051e+01 5.462748744421769231e+01
7.102427986233115575e+01 3.143501131837484053e+01 4.397593256408387674e+01
8.216368977104716009e+01 4.592651971732139060e+01 3.786691780872402546e+01
4.942124472502998600e+01 8.282492524372183595e+01 3.221603586420265941e+01
1.737615931357438015e+01 7.120140203307808235e+01 8.184131522375905377e+01
1.006374785235333391e+01 2.398741127559447150e+01 2.655752167148168041e+01
3.479414115821666087e+01 4.503509789054126600e+01 7.225760591236229402e+01
6.511475848816741063e+01 6.209285674784311482e+01 4.344200743547734334e+01
8.414475530847599316e+01 4.712871673981645415e+01 8.881313136438147637e+01
6.341421382957368280e+01 1.262647415645027316e+01 6.660876204736354111e+01
3.251040154316989828e+01 6.863271966860973805e+01 1.903720072440767552e+01
1.748814371759593911e+01 8.557372589057862911e+01 2.686543194843207161e+01
8.370411252429400406e+01 2.792760884544104272e+01 6.107147287066525365e+01
6.941505735098310481e+01 5.126547531450529505e+01 3.706509385310897642e+01
2.126443763710961221e+01 3.318935456242622095e+00 3.578324133158482567e+01
6.531627905312829796e+01 9.383048184484826493e+01 7.631737102800458672e+01
7.660647765353026273e+01 7.884473432532986692e+01 5.366894404970840071e+01
2.602868575660030004e+01 9.071950307058298790e+01 6.233674180512988983e+01
5.604406309804399200e+01 1.109894692134810690e+01 3.626741803528463493e+01
4.603582712019262857e+01 8.645636095226699069e+01 4.889560395487664124e+01
3.804005489704096732e+01 9.768003285106593125e+01 1.382970242569859565e+01
4.225484283119445905e+01 4.202467517140529019e+00 6.637385517495761178e+01
9.180765521991506262e+01 2.800373295504894244e+01 8.169290613567488890e+01
2.922182304618977611e+01 9.107701616439152303e+01 7.406828307932836708e+01
8.049067768414386137e+01 1.800655560045449910e+00 8.893972160934264082e+01
7.266709920703232228e+01 3.047510953861333149e+01 7.856670371655988561e+01
2.815211984149299695e+01 8.727538395661279935e+01 2.022014201876932304e+01
7.036859774607957263e+01 5.406984766449103574e+01 6.058684034102244986e+00
2.418938282588389654e+01 1.240403627731478942e+00 4.662744271297920307e+01
3.012652607600003662e+01 5.983574842977588304e+01 2.527740494497078672e+01
2.999191115069847058e+01 7.431931987316033883e+01 1.436728451484527191e+01
9.028949951919872774e+01 8.522638743911814174e+01 5.428090527078881422e+01
5.932215701073842951e+01 8.923024981396523003e+01 2.274124082813988679e+01
7.896916219082861232e+00 2.395101699095381065e+01 7.538264048190447397e+01
3.467026672648332308e+00 5.828068350834896449e+01 8.496932713599980502e+01
8.556960938375394221e+01 5.214456890435894820e+01 1.747582131206472056e+01
8.313735143857098819e+01 5.989785081772105713e+01 1.980251344388117474e+01
9.385728482335620626e+00 9.096268194365923421e+01 6.447984092280961477e+01
8.292867993167554630e+01 8.789789002822672614e+01 5.782940617939990346e+01
5.174463517550412917e+01 4.304274103209901625e+01 3.274336870956674517e+01
4.345959608587117629e+01 7.738796557301563439e+01 5.806152122040973751e+01
8.925232899548460352e+01 4.433800143791876991e+01 5.790439265896571897e+01
6.313075530919887512e+01 5.916971623063255237e+01 6.560210571439434091e+01
2.374334683748062957e+01 5.123637775457906685e+01 1.412460154490207032e+01
3.845113276448125816e+01 4.876670686212644057e+01 5.647804245901414077e+01
9.505310525862034865e+01 6.006510665483558853e+01 6.761957188799758001e+01
5.062660594952027537e+01 6.341040313763313208e+01 1.255199027363302910e+01
2.543915808418469737e+01 3.618530932051386628e+01 4.388627416937323744e+01
4.564874550238373629e+00 1.400240975533176879e+01 3.440908756324574114e+01
9.715326909010506995e+01 3.313470071030507569e+01 4.288946569375013240e+01
1.960977127383929286e+01 6.107800710757682339e+01 3.055190219822815223e+01
2.069925784384267686e+01 5.165726284459790918e+01 1.357015062760552127e+01
7.664032649225327454e-01 2.190688091018577666e+01 1.506666195379621698e+01
1.080257541306913716e+01 3.388606493387516139e+01 7.876077765551127641e+01
5.720486433693008621e+01 5.126677259564164046e+01 2.988677257776698326e+01
9.317537194328163253e+01 3.970150412371916815e+01 1.866458612845993770e+01
6.170665161178013136e+01 1.138383934766014072e+01 3.217982735739230549e+01
5.074119387178088658e+01 8.742225246851758413e+01 4.748148612002976421e+01
7.022587660316642655e+01 9.928168389990703702e+01 1.834613748149967449e+01
2.747315255195195149e+01 3.945760755976463940e+01 4.041135674547924594e+01
4.110210752655457611e+01 9.076110025565549222e+01 6.510766866192703617e+01
6.079052140907037227e+01 3.093727178627820962e+01 7.352004252197258438e+01
9.550605114849889787e+01 8.211982825502265371e+01 4.489405128120030675e+00
6.364013701834070247e+01 5.113538144210072467e+00 3.286088081768217251e+01
5.952470034777168628e+00 6.037954529493877232e+01 6.360141545662298768e+01
1.144876380659051129e+01 3.838388830449795108e+01 4.638533432471165696e+01
3.690530217609165931e+01 1.210250004851930505e+01 4.319161319456770798e+01
7.511780478084180857e+01 7.100766453325546124e+00 1.512687326804331178e+01
3.547712918359842149e+01 9.417257116189250610e+01 6.325453719243221684e+01
6.786699566725647514e+01 3.619199908378649866e+01 5.552349614216534945e+01
1.013118402774337845e+00 6.360960464095421685e+01 8.861028593529344732e+01
6.125734683448192186e+01 8.736985934663449882e+01 7.049430921211920520e+01
1.205584164036902450e+01 9.024533072858417881e+01 1.385878469538765145e+01
5.339674725477637907e+01 1.421371237934576648e+01 7.498602252733270745e+00
4.220342601276389871e+01 2.950407076541562290e+01 4.750648110851106765e+01
5.771998867345507733e+01 4.373907230894735321e+00 2.009767850814216317e+01
5.586423964504253803e+01 3.431673531726582382e+01 7.393168642439611915e+01
6.522916485919397189e+01 8.456043629899068037e+01 5.922913758045360311e+01
4.299310773901481042e+01 6.729666223944323633e+01 3.350840401749276509e+01
3.063134987782126828e+01 7.889851599207932509e+01 4.935693635621405662e+01
7.983803405183525115e+01 8.224223736682783681e+01 7.222408781654576160e+01
9.166352358412072476e+01 4.309852205132962411e+01 3.362575714487623202e+01
5.821987465941138851e+01 3.711724234376275433e+01 5.303339370885997539e+01
7.055858626438245551e+01 6.884050184921368043e+01 4.065947287291019308e+01
1.668602016987528103e+01 4.305293384622075337e+01 1.853164312404723546e+01
8.900970351838083161e+01 3.458774607378573762e+01 2.042938245519317420e+01
2.544775990575087743e+00 6.458223862864842602e+01 5.861839269295631283e+01
3.406041665812916364e+01 7.171188884765101079e+00 4.469997814887390319e+01
3.112174950633935921e+01 6.771206397350093198e+01 5.869025199625266254e+01
3.645937281975400168e+01 2.178925542549901095e+01 8.986387204150256025e+01
4.540016211961148684e+01 6.882742357802371203e+01 2.048085032857477827e+01
4.855896996593978088e+01 2.753671986946548689e+00 5.191082088469921274e+01
9.640174071177023052e+01 3.842067129858002517e+01 1.047804505558188026e+01
3.095579091934352878e+00 3.879867599468694550e+01 2.834696215302020406e+01
2.335209632818591174e+00 7.562136139501768639e+01 4.071686308157002543e+01
2.892447719726545330e+01 9.000831830164807457e+01 1.079973654910198633e+01
9.559188289553192419e+01 3.139667173773528219e+01 7.342612299419894839e+01
6.029428764794615603e+01 8.267073597414874087e+01 8.011691958464554375e+01
2.884054378187457246e+01 9.611354854075929666e+01 4.286579375791642121e+01
3.855119047369223040e+01 3.403871042545056724e+01 5.475596523264083260e+01
1.541450431784871000e+01 5.537114853580111884e+01 5.745609096437582508e+01
7.619018126048699457e+01 8.336499619375855730e+01 3.996890834674069737e+01
3.023332493514937624e+01 2.593348973170944660e+01 2.727345813148814813e+01
5.764758219902487824e+00 3.424479788347133535e+01 3.063189566049371138e+01
9.664173858664074146e+01 5.577088262500438987e+01 3.735965491979473541e+01
5.804676009936959957e+01 1.391967013456955016e+01 4.712046630667635583e+01
6.262343214210638109e+01 4.888978317924513561e+01 3.804112226832823751e+01
9.938483888996981364e+01 8.803147621489270591e+01 6.974080652488518695e+01
5.693773611822827974e+01 6.206604798245840726e+01 3.020933733194402038e+01
3.951377432643185728e+01 3.945953289089931815e+00 4.497096166114418025e+01
5.430245839576631539e+01 2.277497361032095924e+01 8.251868485421766763e+01
9.094546109372420517e+01 7.221432354559058808e+01 5.149596979007489495e+01
8.699691596476849043e+01 1.306523438234629175e+01 7.356090020557199693e+01
1.248208139668482985e+01 7.942106625494054128e+01 3.519434309601439992e+01
8.770905810181889706e+01 9.440420938253978989e+01 1.573375896315557299e+01
4.626756050653935404e+01 9.809873781626851041e+01 4.894325329174467498e+01
8.635475225145451361e+01 5.887315221313198776e+01 3.273461006714872923e+01
2.857835555258701987e+01 2.032230910860872797e+01 7.225585706173819744e+01
3.865405068230278829e+01 5.112754622007511784e+01 4.806829863286946392e+01
5.772790292331312401e+01 8.655771456245521733e+01 9.622258449691480564e+01
4.075842085738169374e+01 8.275189221063030232e+01 6.439718198769041635e+01
5.735289514555732637e+01 9.560471436119331656e+01 3.029892490417715578e+01
1.092642103096214079e+01 8.539619669554221559e+01 3.722528197851141130e+01
8.469688542070605308e+01 8.930902051954149101e+01 8.048383603844950329e+00
8.834647629860606344e+01 4.483190553694221592e+01 4.314604756084515458e+01
6.265925110932102626e+01 9.263826067300867351e+01 1.094573365290018430e+01
4.768434683178170985e+01 6.877220424305606628e+01 6.250519437675503553e+01
6.925324315371079820e+01 1.344351294081218562e+01 2.728015215281728700e+01
3.587155254170134810e+01 8.044372076795049509e+01 3.192085363852789115e+01
2.107049638672031477e+01 9.574480190380961631e+01 1.093092181926342477e+01
9.978208556819781450e+01 6.768212988573955613e+01 7.607524892756006807e+01
2.946193963461931631e+01 1.431527766705997795e+00 6.786478246074095466e+01
8.341445970006758159e+01 7.404761319535191433e+01 2.746904034367307190e+01
7.534279222569691115e+01 7.689227821076410407e+01 6.265279151351356290e+01
7.661159327955861897e+01 8.459214396777321099e+01 6.167901053269164890e+01
8.860471396967906088e+00 4.876278096672108830e+01 1.528007925481075446e+01
4.075430310324308181e+01 4.071064891256276042e+01 9.272898610255172258e+00
3.488205339694793139e+01 1.109980987913148454e+01 7.650474208676568821e+01
9.476880259644707394e+01 7.231647525793860609e+00 8.356500885997630235e+01
5.225765993367451756e+01 2.995656779538738945e+01 1.426235031431102662e+01
5.006242680704178127e+01 7.945155444907486242e+01 6.726129162764094360e+01
5.022601146397375871e+00 7.290183536790351582e+00 3.329906963656922869e+01
2.952904940479432838e+01 2.323843230560478190e+01 2.471602266594519648e+01
8.034827432968846495e+01 9.292280536318538964e+01 4.510262770121448739e+01
9.061110021324971342e+01 3.214957012478819820e+01 4.450533003797605858e+01
2.260289978159997304e+01 6.404760421758439293e+01 8.567175193695022983e+01
6.034930960433786140e+01 3.578140841135488870e+01 6.186251130510193974e+01
1.229206784653875673e+01 8.886590802653986998e+01 4.781147916771576689e+01
4.493497420396420949e+01 5.858647884535191963e+01 6.100838220836739367e+01
7.177580622651302811e+00 6.826172212234024528e+01 2.788320500139917968e+01
7.139526325065898504e+01 8.225347943841967435e+01 7.472402120302190554e+01
5.525009674078891209e+01 5.201698923107511519e+01 1.715428900643026466e+01
7.753461504031355389e+01 2.714093804467143656e+01 4.965203622445793741e+01
2.842740929275166906e+01 1.338283629996931445e+01 6.420024173012437529e+01
5.433203482290382524e+00 7.486452341262000232e+01 3.194540532874243866e+01
1.346930044853200670e-02 5.111291392372297793e+01 1.591784853765391183e+01
2.761695578208994561e+01 7.069764874557161249e+01 1.326757325243012886e+01
8.393384923560023481e+01 3.819922658583108088e-01 3.148463650487111209e+01
7.409040561520714618e+01 3.162701497293067732e+01 1.719896101514720144e+01
3.602339188004278725e+01 2.703932863845255241e+01 7.693781712972807441e+01
3.133479175851431364e+01 7.889324717760072758e+01 8.250781547475799016e+01
4.338174195765295593e+01 9.099431438543919626e+01 4.407714933040111305e+01
9.640784164901081965e+01 8.928952452557293640e+00 6.534265714207081999e+01
4.938140404569286801e+01 3.876488054556470786e+01 6.190319987864276641e+01
7.038570916343311978e+01 4.363269650309087311e-01 2.047634851370324682e+01
7.130460506343186466e+01 6.663854135782064247e+01 9.353355858912017595e+01
7.610377902507829617e+01 9.507727077313380448e+01 6.825603469515081656e+01
2.980522086394431369e+01 1.053649222508564698e+01 7.242651969615604912e+01
6.441492214759159651e+01 4.818601239329622921e+00 3.722198260216648436e+01
9.567998154842861425e+01 5.004011457102011917e+01 4.763408562092028831e+01
4.576996051592939807e+01 2.088827240051637091e+01 3.595654983665876614e+01
3.698132559871766034e+01 5.235502018747240527e+00 6.367939727091152236e+01
4.165044319038789666e+01 8.221798868164232488e+01 7.799174209759733856e+01
2.119940546986580543e+01 6.573534821701285580e+01 5.172349211925460821e+01
8.801567379214850462e+01 2.157406791764541154e+01 7.011668439320244772e+01
6.077521222527225575e+01 2.953014775718327911e+01 1.906645679391481352e+01
6.516397604772765817e+01 7.385974581323307575e+01 3.427780010935798316e+01
6.448326040223138023e+01 3.951309076115032326e+01 6.863320254305439505e+01
1.992152748940531026e+01 8.902150026361744040e+01 3.072184349665149128e+01
3.677859877561529345e+01 5.809195208034978464e+00 1.956349652786888882e+01
5.158619027123280887e+01 2.675926767279715079e+01 7.613626481954742076e+01
1.469338865495384283e+00 3.790940486719362212e+01 3.999373627259499386e+01
1.932763091760103524e+00 1.243683990005102302e+01 4.503871100210140810e+01
4.928645844474466031e+01 4.042897472548690985e+01 5.495759855648663006e+01
5.951316749056815070e+01 9.923821127835630307e-01 4.536790000941721956e+01
9.634992408875882575e+01 5.190322801295486954e+01 7.145868953950184732e+01
3.118638579168831981e+01 7.739913781527624792e+01 7.335661224243030176e+01
5.212960476541389454e+01 9.760138232792135682e+01 1.961098100394273658e+01
1.694766488958099337e+00 7.701582117570960406e+01 7.107302634512453210e+01
1.202072291205762511e+01 2.655828329586060832e+01 9.401941727509809610e+00
2.933086107805646847e+01 7.731418739186715072e+01 5.106288309823502658e+01
3.480955931682881044e+01 3.717392949063302865e+01 5.265937778669857572e+00
2.998005275652359103e+01 6.464587416379305296e+01 8.660231558428425558e+01
8.470608269838994886e+01 2.359496464552912620e+00 8.095154333195732477e+01
7.831984132986259795e+01 7.803761235709804112e+01 4.593556312812056319e+01
3.980052929545028206e+01 3.029157288331926168e+01 6.536990766603533842e+00
2.282353634936990971e+01 2.466036349780246084e+01 4.728260348736398555e+01
7.474444065966939377e+01 4.738098283979466174e+01 1.154445210579775249e+01
9.577898009882038366e+01 9.427243190941122464e+01 7.229900871186065103e+01
9.913279015642206105e+01 5.444823328002629381e+01 9.108275522017031278e+01
7.560504061675077381e+00 3.656807482613713489e+01 3.510895625800730357e+01
1.958330841342700168e+01 1.408029488926760919e+01 6.187825791537393627e+01
7.813218557473049941e+01 5.782983994203606670e+01 1.531645527688570496e+01
8.111237699334708395e+01 6.359547071637285143e+01 3.860618703217702574e+01
6.741302955360629312e+01 2.599049792428328587e+01 3.894005909822945455e+01
9.174858431319901797e+01 2.905045056714203966e+01 4.865553001881481521e+01
8.901411373960146989e+01 7.077213502675274981e+01 1.746300504506600504e+01
1.473030442789703365e+01 7.841590771916817637e-01 5.940963091905479843e+01
4.476734254104183464e+01 1.342748509022755243e+01 8.498640714017875553e+01
5.296597239456198736e+01 2.418932941128891656e+01 5.632534385476917294e+01
6.796203327351078372e+01 7.623921797356447705e+00 3.100273685229627674e+01
8.069654908839936525e+01 4.596648704026612364e+01 4.878521622425856208e+01
4.328160022094692749e+01 4.389994264300511873e+00 2.789387515318603050e+01
4.455416387418908641e+01 2.091854654079278220e+01 6.342517716317480847e+00
8.436496640518237200e+01 9.811925291641158253e+01 5.878480513838698585e+01
8.537849217046669992e+01 2.419771303170453791e+01 8.982424855192098789e+01
1.969257044534283807e+01 9.514298103618322955e+01 9.318807067972973357e+01
7.117228057460486923e+01 9.811437317918219492e+01 5.648968292026142990e+01
2.595417831760903482e+01 4.369958856656208468e+01 5.145085935969206759e+01
7.308156202701498572e+00 6.223432646172460636e+01 8.812334436733571863e+01
1.901076497837276236e+01 7.925951162883832524e+01 8.125482043345387240e+01
9.437015928202208670e+01 9.601356044054472250e+01 4.869159908917164614e+01
9.773079079915036971e+01 7.573102071344388264e+01 2.730427683980160936e+01
4.769001064679699908e+01 7.183311753720039405e+01 2.426577567491698062e+01
6.406151835488873303e+01 6.666004790466192276e+01 2.292034182550787946e+01
5.650853124527562699e+01 7.716269109786077252e+01 5.390983479956859981e+01
1.210311677610742542e+00 9.038469079292177355e-01 3.903064418459846507e+01
9.261940684317819716e+01 2.286767796036087574e+01 6.514661311709113534e+01
2.220758706933205673e+01 3.216699896595486052e+01 7.980661691260047519e+01
7.288614422699468776e+01 9.539927731321062865e+00 4.506951386090543821e+01
2.916976364526446819e+00 4.808901466030089722e+01 6.387114897454595308e+01
1.185026235981515619e+01 2.888849389091656761e+01 4.330348682854209841e+01
9.195310246560497092e+01 9.932550154229640782e+01 1.045659614238689983e+01
7.610079234953920491e+01 3.717240664023432117e+01 3.505705757111369536e+01
7.542649733470227602e+01 9.184264321454087110e+01 8.978629177503172798e+01
5.771225860383207618e+01 3.571211593005028107e+01 7.731244094738592310e+01
2.510013832623002727e+01 5.640740288335177866e+01 3.862918241765799365e+01
6.566310737078761406e+01 2.403989128935069175e+01 2.175193245276112819e+01
9.182390866754370506e+01 1.018036829495368956e+01 4.326787908458523901e+01
2.208527829630089201e+01 3.892996332566744933e+00 1.165305453202010533e+01
1.752217721058273270e+01 8.667703545060003023e+01 2.589837653149491459e+01
9.504591705752957864e+01 5.816222929891935678e+01 3.789437414647427715e+01
5.800888346694546271e+01 5.166983852262677601e+01 7.014612017942953059e+01
2.824960659728522572e+01 3.530503916003024045e+01 7.814973729718370521e+01
9.464565131504055273e+01 8.925582274864744647e+01 4.397242556835134053e+01
7.803655030068816245e+01 4.763357333010988270e+01 4.828230232471644001e+01
2.046801090572839499e+01 5.911303032585164630e+01 2.106951557417613685e+01
3.315646990671937999e+01 8.550302016199351840e+01 1.829956073547212725e+01
7.115828517343281590e+00 6.900759261281629975e+00 8.159315501180702768e+01
5.069204379618346223e+01 4.094120718170183437e+01 7.115157103652308024e+01
8.358259279105159578e+01 3.321910331156045970e+01 5.992315058323557508e+01
7.711228158518865428e+01 6.546506868659545830e+01 1.938497146782831138e+01
8.758830835170570595e+01 5.390945527360086942e+01 2.672009823442407850e+01
4.252281854376938952e+01 3.757109039890738078e+00 1.812423646401558841e+01
7.655467505158608787e+01 1.163475536614111405e-03 4.330981368700886946e+01
5.225101810855884565e+01 5.463442000097229467e+00 8.433501715119786013e+01
2.261253312496719303e+01 3.041987196362808632e+01 3.488163883799771980e+01
2.304166621173499152e+01 1.473822086311415980e-01 6.228138135706029743e+01
9.668454997992853350e+01 2.242934832850450633e+01 5.789185024985317085e+01
7.418963269587150933e+01 8.484253790905246717e+01 4.236257800509530114e+01
3.029309056404292377e+01 3.252951340230310961e+01 6.926833022695321063e+01
8.167794665056359804e+01 1.816139677566026478e+01 4.214592096891355055e+01
9.019401967491501182e+01 8.066935196947392228e+01 9.523643058356023516e+01
7.542482596820806862e+01 3.931952010279222520e+01 5.498689441368902209e+01
6.610142542473202809e+01 7.845581631712395421e+00 5.224038938751670713e+01
7.093208284726095769e+01 1.673213040010603692e+01 6.780276808682815215e+01
5.837727805141116022e+01 9.522217856975946404e+01 6.714278380933732748e+00
2.653261375554669854e+01 6.015538792998241036e+01 3.347730832034066850e+01
7.144241640712422736e+01 7.590052825219309796e+01 1.356196523685242994e+01
5.138544642067677160e+01 5.088905555910558576e+01 4.349842346757279188e+01
9.329248625696720865e+01 8.275063198732212300e+01 5.924949154196183088e+01
7.143266357349975237e+01 4.617161438131191176e+01 8.543915654981458374e+01
6.945954272532853224e+01 7.289810616558163758e+01 7.452143922138250787e+01
2.740715893421910110e+01 8.070709038667030200e+01 2.094020770897597217e+01
3.453419522448878354e+01 3.356104542698427196e+01 9.034480640464941814e+01
8.565372237479267881e+01 7.011698615902596998e+01 6.488922948511972777e+01
5.620727944025711054e+01 9.470906671085191419e+01 4.672460359827068999e+01
3.805177098698945315e+01 1.630353369315909973e+01 6.915617135382170488e+01
7.344439320755914480e+01 3.843550385241348977e+01 1.769743947505288872e+01
8.389973277180106948e+01 1.141798345407363247e+00 6.322295114256485249e+01
9.702571097260570809e+01 4.376613281482034523e+01 2.773444496776734169e+01
7.048710100433817161e+01 8.171281420155851549e+01 5.209467193245131966e+01
9.670352752561461784e+01 5.166872165796110750e+00 5.042587354295727664e+01
7.184539473225500217e+01 8.626404711491790067e+01 2.047552679943595422e+01
8.000034817636813500e+01 5.527070757185452976e+01 3.987949951177222374e+01
1.317150285790935627e+01 8.652957589089123758e+01 2.279525989155551713e+01
3.097878592090992456e+01 2.900455319624368755e+01 7.589603593359788647e+01
6.727029942088979908e+01 7.966813971913722980e+01 3.322826679406448847e+01
6.248740996069989251e+01 5.717459831437486883e+01 8.110105540729681195e+01
9.060870604812605222e+01 1.215677147738680741e+00 6.579274427674192793e+01
5.183579911972902465e+00 5.488586650773559228e+01 3.210252956051289885e+01
3.067765995221412112e+01 3.529585034523565668e+01 4.683000951833321324e+01
3.340499656687691754e+01 7.326990505902803363e+01 4.307790213353092668e+01
6.835320030995861273e+00 7.837598424841073097e+01 3.006956664198895268e+01
4.327668795992626372e+01 6.854438832219015865e+01 3.446823362899335308e+01
5.658565614671562827e+00 3.739210470128136166e+01 7.763396100693995550e+01
6.417343972985581502e+01 6.714791486672069709e+01 6.192954735172555303e+01
1.989921389594367795e+01 4.183338641022801596e+01 6.368647976068070449e+01
1.013728975531591558e+01 2.778527760897122789e+01 3.137802480957287798e+01
4.320189275945060103e+01 9.803687409421850418e+01 1.755806306608917566e+01
5.187009943805950485e+01 1.793646820122104657e+01 8.559389934819122914e+01
1.133035047274642082e+01 4.036010023615912701e+01 7.348465655757718196e+01
7.045544280274452831e+01 4.227286368939322614e+01 3.357401528633729981e+01
3.976123785528705668e+01 2.642762631586392885e+01 2.755536764534283378e+01
4.830396975588899977e+01 2.685337560676073210e+01 2.648468062751206276e+01
6.567560634745571235e+01 9.685373316998922633e+01 6.178541172423387451e+01
7.697946706496628266e+00 7.558361385406698219e+00 8.950843094413460221e+01
2.972907903073336300e+01 9.206698608247542381e+00 5.911679016383553886e+01
6.236487782902661081e+01 6.485048201186882011e+01 2.856498877589720919e+01
1.511068421447503418e+00 9.650153694544718519e+01 2.310688943447338417e+01
6.760262880525475282e+01 7.066298698787095134e+01 5.650884071714094148e+01
3.129073942136482245e+01 2.710962537640657644e+01 6.162152715601892794e+01
8.660956336116915111e+01 9.467337289233955744e+01 1.753103357037574384e+01
1.548286125977198502e+01 9.447362587830797054e+01 6.208623458857136512e+01
8.829938248297730752e+01 2.026326341353431459e+01 5.168822625622910039e+01
7.011395944174736883e+01 6.801118854469726216e+01 4.675230072193768649e+01
1.539489169130847657e+00 5.829260568042631263e+01 3.099130873326193125e+01
4.502542461428903664e+01 9.575810150838172774e+01 3.586999165566440695e+01
8.398016066644267141e+01 1.885406057492511422e+01 5.599466514815609486e+01
9.770069544389434668e+01 1.018931008729367882e+01 6.496903933426674271e+00
4.335827926326143711e+01 9.262548305136720117e+00 6.183618063195761749e+01
9.145486638485589026e+01 4.340209727087588476e+01 2.882442935713316956e+01
4.344033190066097916e+01 7.234478178500009449e+01 1.909900603392217988e+01
5.894539894846971606e+01 6.132916848873790627e+01 5.384806905771563379e+01
2.420220799808772227e+01 7.140527233781267569e+01 1.505951761095648322e+01
1.992703364668007993e+01 8.774700466544818767e+01 7.394383355900581023e+01
1.374555401134525123e+00 2.483762603698001925e+01 2.890114693821820424e+01
2.708063280369725589e+01 2.475597702798864219e+01 1.285809471027959994e+01
4.589405165968203448e+01 7.327334747861651465e+01 5.723764032938957058e+01
6.728716685980798218e+01 8.114917853623914823e+00 8.123075694579658546e+01
8.384918338430247786e+01 8.050903184956627001e+01 7.437444431717247539e+01
9.327105081327613334e+01 5.442539661136977003e+01 2.568825616713190030e+01
6.167836078525411381e+01 7.428814936679390257e+01 7.303505197217182854e+01
5.214490241668801218e+01 6.845871933357805972e+00 3.609573933351350661e+01
9.207666084633572723e+01 5.844489097574260228e+01 5.148363949485804625e+01
2.688535143821935236e+01 3.684489199165788875e+01 7.749582238285381663e+01
6.664630475268357657e+01 7.873870267523328437e+01 4.632853518644370894e+01
6.302472194561579499e+01 2.483836087432075246e+01 6.907888525218307052e+01
4.276013337033373318e+01 4.425455148147455731e+01 6.387351094589366340e+01
9.362806214689265971e+01 6.400634660862092318e+00 7.083866413892749847e+01
2.923831104121931190e+01 4.439194545063778463e+01 1.075191446416485874e+01
3.010460778343130173e+01 5.026312426301304725e+01 1.018559469838745990e+01
4.910957293831651782e+01 9.271106288584273614e+01 2.108105628943800625e+01
7.644407280755044098e+01 4.096710533759926420e+01 6.112617839471325709e+01
2.602365979852293520e+01 1.594922625413582828e+01 1.525492736049522691e+01
7.049194564314465339e+00 1.856467049012430337e+01 6.162524565488681816e+01
8.816906118435080941e+01 8.141256855911618118e+01 6.609550174932911659e+01
1.104318634111026753e+01 2.891874462959498260e+01 3.462026852276677147e+01
2.499569463976212091e+01 5.150056597097231048e+01 4.994463996801057704e+01
3.568859751711102035e+01 3.537891587364359935e+01 7.353393061546545084e+01
7.892928483196855893e+01 3.077958316807456640e+01 7.884335667700314332e+01
9.528150170025060106e+01 3.267425420300408234e+01 3.565410941753251706e+01
5.056341534219588141e+01 9.411208125336735009e+01 7.632585343077697360e+01
1.025679625835898001e+01 3.927307432714162161e+01 5.743830507192849666e+01
5.031324725515400331e+01 1.938630679368926835e+01 7.471352376419154950e+01
6.769407829968373846e+01 8.379083748518036145e+01 7.888129145394817954e+01
7.483558536657398008e+01 4.392106012497173140e+01 5.836665843046000646e+01
1.603654061197431346e+01 6.736454174749077595e+01 2.683642724878177432e+01
6.939495905101567530e+01 2.295981607539686564e+01 2.239159059319801059e+01
1.652844901429574165e+01 1.992135219070267915e-01 6.980356119940333315e+01
7.324010490583791011e+01 5.149333499132594483e+01 2.296145414356447034e+01
8.355433751068975567e+00 1.912896643728700941e+00 1.760538783736759072e+01
8.908555349831466685e+01 2.415368417016817659e+01 3.289348741527480513e+01
1.053454844813331803e+01 2.223613047481702765e+01 4.725215048395340744e+01
6.077526830956525572e+01 2.453523141662110518e+01 1.613882989508318389e+01
3.910328691273986834e+01 2.342033709263341379e+01 2.656605234852915487e+01
9.598628027134552099e+01 6.163004859257240753e+01 5.731077507691164641e+01
4.157751035233219028e+01 4.289443334301442690e+01 5.655529231673032342e+01
6.964298070361071780e+01 7.021460961818294777e+01 1.940563580055116688e+01
5.001127520766269896e+01 4.119580950341019587e+01 7.947257137434446861e+01
6.314189212183764255e+01 5.325040664159818249e+01 1.772190333524320494e+01
6.056378893234114713e+01 1.172039056802334223e+01 3.452324726366989438e+01
1.428419648143318632e+01 6.920736470243689098e+01 2.300228119441238306e+01
3.918593731880260123e+01 8.956747776187786769e+01 2.985451586589144668e+01
5.078050639587791437e+01 4.192716611660220138e+01 1.005613732680899197e+01
7.927581135728128459e+01 6.904590631459972982e+00 4.708682374192081710e+01
5.606782949389499038e+01 6.284264566145870390e+01 6.123907215617042965e+01
2.532723835227150744e+01 9.978776658449373116e-01 7.010246883501221760e+01
5.356565993475786058e+01 8.361177032072487236e+01 7.123809464385672641e+01
8.433261677878832074e+01 4.850946599795401681e+01 3.742221458790331212e+01
7.915582025913700193e+01 4.512941130292549019e+01 2.528872090344547630e+01
8.549740195614742788e+01 8.825598767723472804e+01 4.470380499651420081e+01
7.569972730978746789e+00 3.878260899169312381e+01 7.517502061685266312e+01
9.017740285462286920e+01 2.034727424975958243e+01 1.458393611414455471e+01
8.773504531328386236e+01 3.894049389788752791e+01 5.237663149529824125e+01
9.680658120507588649e+01 6.656472791422284985e+00 6.127759252293090952e+01
7.410542257486707030e+00 3.754689284665003868e+01 7.415452331361974814e+01
4.334722327556343657e+01 9.971823539029503536e+01 5.447703645294673436e+01
3.211621526359535039e+01 2.201113259047531301e+01 3.719058109975954807e+01
3.725332737595508092e+01 6.871367772396097529e+00 3.399849520012293880e+01
4.642385197392249552e+01 7.227377522388046316e+01 6.129012639286857222e+01
7.087656552291542766e+01 8.363681876857098629e-01 2.719338785570538164e+01
6.616842883998565128e+01 4.839893681797471459e+01 9.196412628778409371e+00
8.044946424318223421e+01 7.728095732903373971e+01 5.696796604789996366e+01
6.646332577627211968e+00 7.665150495325846691e+01 5.848536536342022885e+01
7.819599771579591163e+01 7.517469923958404365e+01 7.028814106437238252e+01
5.180080664046248273e+01 1.403245181935149866e+01 6.240769112165830279e+01
6.204737850519705944e+01 7.422531871990871366e+01 2.094803420827049933e+01
1.949751999002892333e+01 8.904095172193284213e+01 6.949555694668875105e+01
9.082284887003228846e+01 7.587153211639207484e+01 5.704130837706689050e+01
6.541327370278736453e+01 8.891279239400098788e+01 5.805038923959329367e+01
6.323913243283874408e+01 1.564767160036005755e+01 4.772891380086198865e+01
7.163971119580989466e+01 2.709426983163654157e+01 2.987304567267011635e+01
3.138268082244155721e+01 2.415006279928334365e+01 2.687117311357992122e+01
4.248508428680869287e+01 9.078385138835341195e+01 4.632188538303655179e+01
1.879203808153230426e+01 7.697166938087407928e+00 6.322023207703513492e+01
3.827987644363878417e+01 8.218309465853592144e+01 6.459877267212668528e+01
7.962414505413684651e+01 2.719460394184487484e+01 5.823527550137517039e+01
2.640619846937187631e+01 9.390684794502915622e+01 5.476446638114901333e+01
3.245118001753420600e+01 2.695118622922726459e+01 2.397670083213414571e+01
6.946409588937278556e+01 2.187156129979273089e+01 6.077896037241956861e+01
2.646350269253573373e+01 6.619689447938685589e+01 8.013793370635097801e+01
7.780252431446531602e+01 7.608513309307816996e+01 2.278680588408981222e+01
8.838494698451871301e+00 6.989488284873856117e+01 4.272297226372156587e+01
4.323462264033472735e+01 3.114909279339106440e+00 2.982481287549522619e+01
3.367640387446402261e+00 8.791857726012476348e+01 2.196813474410838651e+01
5.573371695730080688e+01 3.897932066113041216e+00 6.270262635884079572e+01
3.230273457540938864e+01 8.979191869576658291e+01 7.825303384642194260e+01
3.252906183617477609e+01 9.009608956904678223e+01 9.332788672561007104e+01
8.254156641239480052e+01 8.448713477552290385e+01 2.856394126658515731e+01
5.767023988577562932e+01 6.725591396736785299e+00 1.089588186056093200e+01
9.988926120332905612e+01 3.266392494259109469e+01 6.325333847618276195e+01
8.066650530268164232e+01 8.580232710072291979e+01 8.961903305369997952e+01
2.414964852568678566e+01 4.035082685969970662e+00 3.202540876223770994e+01
1.300806698289469487e+01 2.242588916205512373e+00 3.564033835736867672e+01
7.837382510752364340e+01 5.661806912250708734e+01 3.480961094121929733e+01
6.543420054927196361e+01 2.320181803088107131e+01 5.230134106869864574e+00
7.643533864364273711e+01 6.237430848640090630e+01 7.457019826077693381e+01
3.893801668766561086e+00 8.371196278306521776e+01 6.373260868096375020e+01
5.633953507126400950e+01 6.246140481145315704e+01 7.470033995183322872e+01
5.869365065589070696e+01 5.809503798881793557e+01 8.792298962367095783e+01
7.567301670685679937e+01 4.422938054511352846e+01 7.009654751783934046e+01
3.892304716917885088e+01 2.288754624834989926e+01 5.702339302238360830e+01
9.281820981139514970e+01 9.291395200154627787e+01 3.055790222188091576e+01
5.276774662216949707e+01 2.116358985698612116e+01 8.895746796448520399e+01
9.811179078679357701e+01 6.495089297074473222e+01 7.047452563526820768e+01
7.151001612836999755e+01 5.931582190394681930e+01 1.723376982543967273e+01
4.547643425526610628e+01 6.747863021674105255e+01 6.607677239305667172e+01
3.731226184223835673e+01 9.416919866580305154e+01 2.073238477668709123e+01
5.003594462155606237e+01 6.908839765508227515e+01 6.578448157764439941e+01
6.486389567688155466e+01 2.752882134518601731e+01 1.576967889752515006e+01
6.359403268267108444e+01 5.993021161394377572e+01 1.991690449773710370e+01
7.051391455705633859e+01 4.551719917336563981e+01 6.914205150509982900e+01
8.373670797701507240e+01 1.697284285769231715e+01 1.014565654949966600e+01
7.791025863957867159e+01 6.096974251526159350e+01 6.920069771674526748e+01
8.381549749886426071e+01 8.028109348245004639e+01 8.765751161633616562e+01
5.359350788521182096e+01 4.884956326599053966e+01 4.649075074256793272e+01
1.536910428442045351e+01 5.726072328820224300e+01 2.280339990378530146e+01
9.213075122129754391e+01 5.831908042770975698e+01 5.593436278766239411e+01
3.549246608770100408e+01 5.198935197770748751e+00 1.765976744498174966e+01
4.233351441531974757e+01 8.456537809723785770e+00 6.174154012338591002e+01
8.809730056396574582e+01 8.829148165187221764e+01 6.750241334791923009e+01
2.112318314729310131e+01 8.629968313588720719e+01 8.058339690064642014e+01
1.966535849529586955e+01 7.374260857706772754e+01 2.953736465232434938e+01
8.026403123529296124e+01 9.972378999036027380e+01 6.627349733361866058e+00
8.973658657909318492e+01 6.226305335986580758e+01 8.325607627196579585e+01
4.650095175264276293e+01 8.473879305713737153e+01 1.674370168577952001e+01
3.352790500782957395e+01 6.701653775120997025e+00 8.997975918214613955e+01
8.169739072718367368e+01 8.525474212459704404e+01 8.456875881857254740e+01
8.510348611978535871e+00 3.855975925133333959e+01 1.622983619513926712e+01
2.107931015500286165e+01 2.293657770376723448e+01 4.719424442044963541e+01
2.685621674536425729e+01 1.009781068177611019e+01 2.594491032994589119e+01
1.472755635520909223e+01 9.730767979122983036e+01 7.415641551814285037e+01
9.677614652695619668e+01 4.397404865079085567e+01 2.671724054709376617e+01
7.982931972091866157e+01 3.262539180411467754e+01 3.389125566447923177e+01
2.325059922078311914e+01 1.296789782242353439e+01 2.247312265299460066e+01
3.553197484738876710e+01 6.739942081457303402e+01 1.400985680422397195e+01
2.105069396653429692e+01 8.090236402916764291e+01 2.280882091177758397e+01
3.426451465225215287e+01 8.646589218581401326e+01 1.564239658781403008e+01
8.273683561818989673e+00 4.845379950800108304e+01 3.132552178936707676e+01
5.634083644838541005e+01 8.038048904834751340e+01 1.958732791428931108e+01
5.806990845542849655e+01 5.055087603898639514e+01 2.106709918028444761e+01
6.239984855289824139e+01 2.736404178607716631e+01 4.700462980152610726e+01
8.227232427706187678e+00 4.595840572136230406e+01 2.857405827216264882e+01
8.223812111853543172e+01 5.697872699736827862e+00 4.227603923647420459e+01
4.584314241314380212e+01 7.250060762991186891e+01 4.845354460021562204e+01
6.672123371941810888e+01 7.770492856517560654e+01 7.771477369515382350e+01
3.138754967224705084e+01 5.380227053639029577e+01 7.506243678953389065e+01
9.894511309650565067e+01 8.895193110437631390e+01 3.810547216561568007e+01
1.951665172186504194e+01 4.893925374065887013e+01 6.655349705442253594e+01
4.925690707532975665e+01 4.831808633136684961e+01 7.056247638808767420e+01
3.614037790671863348e+01 8.597946748116456206e+01 4.004050878424767035e+01
3.282331056783394274e+01 4.539899111996989944e+01 7.432446140155379055e+01
1.260020278639942859e+01 1.964192158720173964e+01 9.108158828667973239e+01
1.754916273813573824e+01 5.677273179310545714e+01 6.554298365466895859e+01
4.896244620502447731e+01 6.447452485768185682e+01 3.400079897404891938e+01
5.526622677767482372e+01 3.721732552468971278e+01 5.743381059497610863e+01
1.412235433731494538e+01 5.708774168394762683e+01 2.180690989240748934e+01
2.786430631150363979e+01 2.187098003235832167e+01 2.318071472037919634e+01
8.257109515606670413e+01 2.857075676608903336e+01 8.360744171483221976e+01
9.699265253451908109e+01 5.712604699370973549e+01 2.030912335364048005e+01
3.745482433795812938e+01 7.977322633482140191e+01 4.813515683714314974e+01
8.701721830278874137e+00 5.567849109281879549e+01 7.285936855561830328e+01
7.959263871435024384e+01 1.751231401303532209e+01 6.030923273910270410e+01
2.205042634356470899e+01 2.182075345521722198e+01 8.633199708520105276e+01
2.496689527402301678e+01 2.632473465180111916e+01 5.908776690237560913e+00
8.706690341255176691e+01 7.925948132091346565e+01 6.111801622947510282e+01
7.502657639388422695e+01 1.520485674244918073e+01 4.995217744879100508e+01
3.512193873487808560e+01 9.377652625701649924e+00 4.998470624708570398e+01
9.207396503426353718e+01 4.005911905069448053e+00 3.291153619559828769e+01
2.075409362057034457e+01 2.381466536656963129e+01 8.625878362360222695e+01
4.680690542342901495e+01 4.662994129398187937e+01 6.673668668225192846e+01
1.544922040049257994e+01 4.872653541000507715e+01 4.140040435994896484e+01
5.969106905466561130e+01 9.995577032504385784e+01 7.328435057401289043e+01
3.978657030174272080e+01 8.275530522740469053e+01 1.384846726040883347e+01
3.046368630896012508e+00 2.044483724642730493e+01 4.189560037481150090e+01
5.105807574595598908e+01 6.151291405411998170e+01 8.384629149203705367e+01
5.098540095504576897e+01 5.012756446257293419e+01 1.308681761407388144e+01
3.491155265622380988e+00 5.511599619163720831e+01 3.744498605184803353e+01
8.391803949802985585e+01 1.606795847118451803e+01 5.157618914123725418e+00
4.490387679301258572e+01 2.374785567522575036e+01 1.078686701822923411e+01
7.245982868476289696e+01 1.115929999572474784e+01 6.125523549501527043e+01
2.810497501668891474e+01 1.734960503550220068e+01 3.086277829767576364e+01
8.014457762229537252e+01 3.920935769045726715e+01 7.279166616284690861e+01
1.254862967991506828e+01 7.727714196650791223e+01 2.621639210332812908e+01
6.773931298888727781e+01 5.657815548409963213e+01 8.321020095446547771e+01
3.873225179753140424e+01 6.616518883444044263e+00 1.096215469805225773e+01
8.268585609727530539e+01 5.247356376614321505e+01 7.267116484769296392e+01
2.344256000115147032e+01 3.450837455132337084e+01 7.916740081190347667e+00
9.614923245741121605e+01 6.678679067008134496e+01 8.699953670185198007e+01
2.654964074290723275e+01 6.114636112256608413e+01 5.423041988181399375e+01
3.175497002575884409e+01 8.481092350156301052e+01 8.375376831600449634e+01
8.848551176960043563e+01 7.390669759393725258e+01 3.161515315840434681e+01
2.816160421056317276e+01 9.633603204460379743e+01 7.798893669472045431e+00
7.160499732421445174e+01 7.062461625552622024e+01 5.168778081900951804e+01
9.901088460868658103e+01 3.118794357637252190e+01 3.917510241994688869e+01
7.893940294655554801e+00 4.427981365437374706e+01 2.456109217187447413e+01
3.433867021776442385e+01 8.345717902556276613e+01 8.436266833157213796e+01
1.857330720051856332e+01 3.725089315534658851e+01 8.470293762466312160e+01
6.180846068922263292e+00 9.236052811137851037e+00 2.171998702028301409e+01
5.952128341268747391e+01 1.504722710059974666e+01 9.206070311523539829e+01
4.467145272585203486e+01 5.015179603501663763e+01 2.825987135820107099e+01
4.709602524347334906e+01 6.619136326370114887e+01 7.135361796621664610e+01
7.538680827099129544e+01 5.778911126940883491e+01 8.187235573055566817e+01
8.174078473061094030e+01 7.570481146986254828e+01 1.539894255737380924e+01
6.877962219649313980e-01 2.124472771954729566e+01 6.814523375034821129e+01
4.111974888825458407e+01 4.024062592993116994e+01 8.104884086311383840e+01
8.955628481318387912e+01 9.091752640535857211e+01 3.714475711014475934e+01
6.910558127392617678e+01 2.716331812743696261e+01 2.984001317413472165e+01
1.846324573473692254e+01 3.421076208635940219e+01 4.895426401642187386e+01
8.309491710550683763e+01 1.198910934727121003e+01 6.671542025993882419e+01
5.314549141893053275e+01 2.879453426759924639e+01 5.277191735563587827e+01
2.999420697770226596e+01 5.960819552383059516e+01 4.475259963932763441e+01
1.644055290788787360e+01 1.165830745556967152e+01 5.749388440307754422e+01
9.024130332861034276e+01 3.439576865576855624e+01 7.044714682957886964e+01
6.586613549397669942e+01 9.315549143094810347e+01 7.642605024480026543e+01
5.666052589054629607e+01 6.570304982341073696e+01 8.338235656855121647e+01
3.995187845869347854e+01 3.267947058577773589e+01 1.028853049374182405e+01
8.265510741914641812e+01 8.009807004033649491e+01 1.808277831084317810e+01
5.768573811327002687e+01 4.639816981668873552e+01 1.739761402476272423e+01
9.805682270607235296e+01 2.146958874633554260e+01 1.282211518209789780e+01
5.948473795019096144e+01 7.388666771330326810e+01 1.819945145563615085e+01
6.587176387270221767e+01 5.322918759514544718e+01 1.873260212269673630e+01
1.725238769463620514e+01 5.679742973160804809e+01 3.019190955003430332e+01
9.383157286513160500e+01 8.187402294840508432e+01 8.742722910391272251e+01
2.596708389504139802e+01 9.697236327979770465e+01 4.783157432104436424e+01
3.475187953137546515e+01 5.034952696935324212e+00 9.667501509895991774e+00
6.920112559466546998e+01 4.579289944340278851e+01 2.079361945310833448e+01
6.139703063252326132e+01 2.528581182501111613e+01 4.972004422730950068e+01
3.592087469826903146e+01 8.235522266118189805e+01 6.823076191205899477e+01
4.773503981224013160e+01 3.508191093350156109e+01 3.263187218496634046e+01
8.057145256682179024e+01 3.281794827976119677e+01 2.059760465619783076e+01
8.468834187530681845e+00 4.666931208844084011e+01 5.332247933779583349e+01
8.409087104029072179e+01 2.212386964460639760e+01 3.924106781600563920e+01
8.084057388936909661e+01 8.236236107489735048e+01 3.824357972762528846e+01
4.591240232866808668e+01 3.032858908492829286e+01 7.851486704104763703e+01
1.186437657415803137e+01 9.337494230014699781e+01 6.353967329534190611e+01
5.315721526867312008e+01 3.265906078449587469e+00 4.006025190413976844e+01
4.077481050027322595e+01 1.612188119751225557e+01 6.037859041183225628e+01
9.711509073682857718e+01 5.621888110645251402e+01 7.505743061741844713e+01
6.845045256601678396e+00 4.176669958169946995e+01 2.055949588226775759e+01
6.127958355365103671e+01 9.384821582141546514e+01 6.146695866509915618e+01
7.680304831442152924e+00 3.546662049850828424e+01 5.610886090924785918e+01
4.032077561332522464e+01 8.336440104751723368e+01 7.266170167510742317e+01
6.118310201032214479e+01 3.734579451327052624e+01 2.592049271106985486e+01
1.058743182131293104e+01 3.548976834865540297e+01 4.900009820533387739e+01
6.758229251040735619e+01 6.581598242975734081e+01 9.426045209520857782e+00
3.952593154311577450e+01 1.817788672173619346e+01 1.970814402164046086e+01
8.273021497372458555e+01 4.191521671625753065e+00 4.379069779101351401e+01
1.682036557665182031e+01 8.793302156784740475e+01 4.996622855114656403e+01
2.313806363768480168e+01 5.024272871663764306e+01 7.065788665453501949e+01
9.581180089194337768e+01 2.204460042454189406e+01 7.936832241513045005e+01
9.343041141674902406e+01 9.164205445320662591e+01 6.287924840056555809e+01
6.298206544347076630e+01 4.032106331838227931e+01 7.209940008331020067e+01
5.312940183509319070e+01 6.774380712282945183e+01 4.230868295518882860e+01
7.314964640431391274e+01 8.244715176045490068e+01 2.727935128069676907e+01
8.329297155742280268e+01 5.402965317903072417e+01 7.452104600163632142e+01
4.313017063410146079e+01 3.790404853830350618e+01 8.847147598999457330e+01
2.511692675484012938e+01 8.442123252861431126e+01 5.261913027192062486e+01
5.140954425512597226e+01 3.084682814894840064e+01 6.230660800578370129e+01
3.252111962762113251e+01 3.926941424165231176e+00 3.125255392065603388e+01
6.379043406590678700e-01 9.783547870568565941e+01 8.389052943549002350e+01
3.951552974723050227e+01 7.283708543396460300e+01 4.502682594346020295e+01
6.710931570859760598e+01 8.054300430459791471e+01 8.419246010717168360e+01
4.002122758496719968e+01 7.832979829560477469e+01 2.673163452557903952e+01
9.903323037936483786e+01 2.576959876435114261e+00 5.679942392446937305e+01
6.595059816513271755e+01 6.880455570741288795e+01 1.418002605661404303e+01
9.385297834731304079e+01 1.811832790500827883e+01 6.128539001958668564e+01
2.226760791230849534e+01 3.072164170212709067e+01 5.045103992152020567e+01
4.171934185645764614e+01 1.602256009765062927e+01 2.113131832108700792e+01
4.181447881627996566e+01 7.572829782755007955e+01 8.552406397699979834e+01
8.412766225938284492e+00 3.931039075594010512e+01 1.908227531996336879e+01
1.659248063259788353e+00 6.617186826439565550e+01 5.754863176698052030e+01
1.630191138148862251e+01 2.338128330930641141e+01 1.099609598393843868e+01
8.349472056944037490e+01 9.746905960485514697e+01 1.946075062613611451e+01
2.314752137652981290e+01 8.684095239469340299e+01 8.214479034121703194e+01
4.196273828068103029e+01 5.062247226907413022e+00 1.156796251023694033e+01
5.739498660690104259e+01 3.928951088931790281e+01 1.270361312243489493e+01
5.832523923125567933e+01 1.130253658902247160e+00 7.204777121507024162e+01
3.064328227033715635e+01 4.025800300923210173e+00 5.804694572465024294e+01
3.976844144330546982e+01 9.738004133571494947e+01 4.932510043667564759e+01
2.752391810370082936e+01 7.094388646339747595e+01 2.803988613796692420e+01
9.042432914075651240e+01 3.747219705073764118e+01 5.020460453377608445e+01
5.057310382422885553e+00 4.261212379522307714e+01 7.392650746401292849e+01
8.056488053633418644e+01 2.243185588535262553e+01 3.204640136226591096e+01
8.173053122132367321e+01 9.303984201693255329e+01 1.910124250006347779e+01
4.500586394262252554e+01 3.374542789642289620e+01 7.496483577449085089e+01
8.352491468001876029e+00 2.111259425580374227e+01 7.149983179316099324e+01
5.129384898121558400e+00 4.925353807142892748e+01 4.281993510631744471e+01
3.344011789887486685e+01 3.945723153189237564e+01 4.879157032188358301e+01
1.613673583883831242e+01 5.719958782835927735e+01 6.797784969842393821e+01
7.601609297901590878e+01 1.538999046937736814e+01 2.449719352240515491e+01
2.681743677449133401e+01 3.610747263410372199e+01 3.610864302621772737e+01
6.796972168333452657e+01 5.668043216583540378e+00 1.098167433389247805e+01
3.919105629439090421e+01 6.971636921379804619e+01 2.027993444404352985e+01
6.415044812562517507e+01 2.598281379402994773e+01 8.377315545571241273e+01
8.956899442666164646e+01 2.972872042813265026e+01 2.575528381567191971e+01
4.113039720662312959e+01 2.405315851801487170e+01 6.263879923109955428e+01
8.260646845482855838e+01 6.730921309112170547e+01 7.516633513127793265e+01
3.969921622074741663e+01 1.563169707088608540e+01 6.976616678212658940e+01
3.604745051415538626e+01 6.712708252291325550e+01 3.048557014872543647e+01
8.122963480667266367e+00 9.925817954877634008e+01 2.092550507105055857e+01
9.884209939634810382e+01 9.772799325664472292e+01 7.097434218956968266e+01
6.594229620819976390e+01 5.778070502510846751e+01 7.256151849247477514e+01
2.894395216194879339e+01 4.676812124848770225e+01 5.430643644332799624e+01
4.111904758694910811e+01 4.274864540902679977e+01 3.822407379752538503e+01
5.642318166845360139e+01 8.505745280151160159e+01 2.355077783705640115e+01
9.344330387534414228e+01 6.890876537482296271e+01 7.278227656965154324e+01
5.561906926300116538e+01 7.795167014240634273e+01 3.956889377917950590e+00
8.183804247795352182e+01 4.013885908536652281e+00 7.391216188622851746e+01
9.919627472386433453e+01 2.940674621767778163e+01 2.264747649414887931e+01
7.653633638580407705e+01 2.530263409202532188e+01 8.255725582749380465e+01
1.028425921574767088e+01 1.259551963793582630e+01 8.592719202610985008e+01
6.738388982700045915e+01 8.468872244289528339e+01 3.644220643812835192e+01
6.764837495206043627e+01 5.942418273085971947e+01 5.508381384049444307e+01
6.825324595377215076e+01 5.753591731290985933e+01 4.595300366315276364e+01
2.759226943805468579e+01 7.685813309132019810e+01 2.538095122741688670e+01
6.923543061544141608e+01 2.333328226493266300e+01 5.432873822159378818e+01
7.470782671290288590e+01 2.187138889065391822e+01 1.215744602110611261e+01
1.309737429941740849e+01 6.059969672710254684e+01 8.509951705118653820e+01
4.499682123542436685e+00 7.341512590416462558e+01 4.349134096384611325e+01
4.785283699195225182e+01 9.288595498455656241e+01 3.741605877620393983e+01
4.653369339394860305e+01 1.368241476068110529e+00 1.446071693399734492e+01
2.585915911347840179e+01 2.785224082107440324e+00 6.108234207594438203e+01
4.263983568016224979e+01 5.481452027280220562e+01 2.389748151574376678e+01
2.959320294366161264e+01 6.638244748527250749e+01 8.690641110969090732e+01
5.041677360220919724e+00 8.903843208552660826e+01 5.719802515933120901e+01
5.639195667556236913e+01 5.002785352077603420e+01 1.487323692711426659e+01
8.987685173616066336e+00 6.009120056590860770e+01 3.487731836556285714e+01
9.172680665776806563e+01 4.065905373594722505e+01 1.517597823643251687e+01
7.147188335020359773e+01 2.933534214410098429e+01 4.933342655197895255e+01
6.978327855051699657e+01 9.002641112020704384e+01 7.621429022954627897e+01
6.763610678727241066e+01 6.796331823951436490e+01 8.536083359007959359e+01
2.958240974965360337e+01 1.112094196187407569e-01 3.176355128117241478e+01
2.178913796267439906e+01 6.618345851139982017e+01 5.888021396150987385e+01
5.934613827047238033e+01 1.624344320945370068e+00 6.346532057064931109e+01
3.235304124854915386e+01 6.650559890066311652e+01 5.277238538123961575e+01
3.427309254279072093e+01 1.345762671041077496e+01 1.189658286362832662e+01
8.315183331122236154e+01 9.183975420815579582e+01 5.691634954892415976e+01
1.034341148604833727e+01 4.020272168882407016e+01 7.271283688368200160e+01
7.798208840100680561e+01 1.182186222910885931e+01 6.656589825344000566e+00
7.121370458806049442e+01 3.565961759862056368e+01 2.609208426686835836e+01
1.289746978952543977e+00 5.402994067614996965e+01 8.435776882789247111e+01
9.576316462725878864e+01 5.657449506132892481e+01 5.363365277157083000e+01
8.505638548924110864e+00 5.488728015425997597e+01 3.783231274441006065e+01
6.071352808835769110e+01 3.887263478765466829e+01 2.970178983591556587e+01
9.496527522837649116e+00 3.149184445888957384e+01 1.528496929372666635e+01
1.768969508239839428e+01 9.873361585795458950e+01 4.175119416920956184e+01
5.318717665050165522e+01 8.736185287372153141e+01 9.147176429783222318e+01
5.827144493446814977e+01 8.124738210441717001e+01 3.370049329711554975e+01
3.057439574472910948e+01 4.027037209945601859e+01 6.350478042529611145e+01
6.821916892550987654e+01 3.152394346494508071e+01 2.339103194974456912e+01
6.323962564655085572e+01 1.283258621887645212e+01 5.924648043513924023e+01
6.934221280563089351e+01 7.006114963944516205e+01 6.755568779600622520e+01
8.728594215656644906e+01 4.999589919647884528e+01 6.988612428140228872e+01
6.191727353658367150e+01 1.866399397976825725e+01 5.863323701962916523e+00
2.845413856769337713e+01 4.430337063376194351e+01 6.051620776576815786e+01
8.499593305032053081e+01 1.962457167061656449e+01 1.920818668214799985e+01
9.634799474743275027e+01 1.080445593764071077e+01 4.892354350706391841e+01
5.855637287933019053e+01 5.413744209074382496e+01 1.416835699209572041e+01
5.702691400361937113e+00 1.054834274610356815e+01 6.460619409256202061e+01
5.443448876343210685e+01 2.337407920367442671e+01 5.669096175277834959e+01
8.200675020556494133e+01 4.157895984659376154e+00 5.294038773303751810e+01
6.893104121026902931e+01 2.523119270696870942e+01 2.925377920072003590e+01
6.136379029893838322e+01 8.979352934437369527e+01 7.645680451059580207e+01
5.831302190995835133e+01 7.302217177572491380e+01 4.045830258033861071e+01
6.409655280987577441e+01 4.661815911275569846e+01 2.407645316364919452e+01
7.017382738772572282e+01 5.564646373488220377e+01 3.558626667726249337e+01
9.113391900786307076e+01 2.093411782673326726e+00 3.468734576186319885e+01
5.688139777764655847e+00 7.665273162216271885e+01 6.669883626254950570e+01
3.313522187363170701e+01 6.756629022070730173e+01 4.794467931946705619e+01
7.562537914224343183e+01 4.541836627367060686e+01 3.842415651077890715e+01
9.347299154883009464e+01 2.508790998907002390e+01 1.592060769166075751e+01
5.845431132594581669e+01 9.693218122841788897e+01 4.033307228746645734e+01
6.203676362878152162e+00 3.393052673095674265e+01 4.857205594211904298e+01
1.619230066322137063e+01 6.581022180564920632e+01 8.930660804890236193e+01
4.517394759814438032e+01 3.547285567302126452e+01 4.539989954043366538e+01
1.151461783952011331e+01 8.832736014262238200e+01 3.069087828980331523e+01
3.872744114248413183e+01 6.596902729304743218e+01 4.196858774620486798e+01
6.482334688078459806e+01 6.144629013078750646e+00 6.760765883102382645e+01
9.405039528794026182e+01 6.487653861593859972e+01 8.131880148791967144e+01
1.514323143699632901e+01 4.774161894803536654e+01 6.723531143894976481e+01
5.817366474211866745e+01 4.014617790890432047e+01 3.836953887411132769e+01
1.268240225504188068e+01 3.917424505622781794e+01 2.550766489777438295e+01
7.343656764922184266e+01 2.088309354945899798e+01 1.281321683076263263e+01
5.523661378172343461e+01 5.952297327194015963e+01 8.254777590603190163e+01
5.769816124176819017e+01 3.454808537234457333e+01 6.663570535785623861e+01
5.402788931874210476e+01 7.928028463119174418e+00 5.873383729524930175e+01
9.080185454216623953e+01 3.963126254982205410e+01 2.918428243567093361e+01
1.434694570180200479e+01 1.514455219353573234e+01 4.148508571591445104e+01
5.956798241615295098e+01 8.061540516960175040e+00 8.703015582389662086e+01
7.551336174451958527e+01 5.866239182836626753e+01 7.720031970858788384e+01
8.018675681211329120e+00 4.768388777331244199e+01 6.008388597760649930e+01
8.286529061182892519e+01 7.834695600492676704e+01 2.539966691798747789e+01
9.408801695592042336e+01 1.243458414308703475e+01 8.012430182426206215e+01
9.709402496046185149e+01 1.771535232226255729e+01 7.115339533048596365e+01
4.028551877799846359e+00 4.054228251391549520e+01 4.828914055126256244e+01
5.806452259096340640e+01 9.359372482485595413e+01 6.853651736001616257e+01
4.812779512192369680e+01 8.096750362658893607e+01 8.230721539421141131e+01
2.206614868229084259e+00 9.825212722560387135e+01 1.541575495107955973e+01
8.143867792687613871e+01 2.803347525514124783e+01 2.540224350284699284e+01
4.398556397138349183e+01 6.439565794476135352e+01 3.664833361085414509e+01
5.456540828269895727e+00 5.994611396587166041e+01 8.623737838042767123e+01
3.832153659472516694e+01 2.163327776308270245e+01 5.250031705697215756e+01
4.836271104878086646e+00 8.204875844802748475e+01 7.643653462764925166e+01
5.880004634296284394e+01 3.531028889383895120e+01 7.142557816420796257e+01
5.546870247883671823e+01 8.259323085500162165e+01 5.670015000556271190e+01
7.844054732127972329e+01 5.985629932177599954e+01 4.745036730865830776e+01
9.579458599261376150e+01 5.411138248788447669e+01 6.290487820467986069e+01
2.204876394147492391e+01 6.256507894272764503e+01 6.087873301869421994e+01
1.848383979470249372e+01 5.958709735314371869e+00 5.750694737151486891e+01
7.636922693503206006e+01 5.234013709220081978e+01 3.108635760386377811e+01
6.665219766930349010e+01 8.010572660960225022e+00 4.419078796118797925e+01
1.633667583984201954e+01 1.844590510598833788e+01 2.126005622746525603e+01
3.867070570439778976e+01 5.115020562039762630e+00 4.538200517235775777e+01
5.117074471147008552e+01 4.832942849663252360e+01 4.623607313239042327e+01
8.391466080707525066e+01 1.453266924205041022e+01 4.543617173324118852e+01
6.204141695655430055e+00 7.115567887790974488e+00 5.091733220275686733e+01
5.660184248878209701e+01 8.780335128444569648e+01 5.401376757232206671e+01
9.597910204048501726e+01 4.869484839992976433e+00 2.025501311988913855e+01
4.406586157038139717e+00 1.852768503335400396e+01 4.787497824306370120e+01
6.455721814274279780e+01 4.558515794866879745e+00 8.641830671602252778e+01
8.421653766503810346e+01 2.966124821570931402e+01 1.225288130515357565e+01
1.698870732190572852e+01 1.269444137549726648e+01 2.127506135292109946e+01
5.185616886657339109e+01 2.458474424934003011e+01 3.431356370597806205e+01
9.895053333843225118e+01 6.843142489253447991e+01 8.888455946558930520e+01
1.425565550331155862e+01 3.821394748325693058e+01 5.294964428250498401e+01
7.675806188873801617e+00 4.187443627957865289e-01 5.920768327673173559e+01
6.418195168014352703e+01 4.107888099996117859e+01 4.854756466362758260e+01
4.154430005920895752e+01 2.400504484488885648e+00 2.780961071181194910e+01
1.770822553972898206e+01 9.842418910136874644e+00 8.409010028934301317e+01
5.993597250421656497e+01 7.286562842366026871e+01 3.545405834957315960e+01
3.931471294940151751e+01 2.369239938967234593e+01 9.049657852569517047e+00
1.790316374415838041e+01 7.975140452964858184e+01 5.312639604290674100e+01
5.469288759854769211e+01 4.750898728667680615e+01 7.403730419190321754e+01
7.273494777866840622e+00 2.806008132379159647e+01 4.230762174565428069e+01
7.824258122127878323e+01 9.925146201619713793e+01 2.767586863869363967e+01
8.743073341370805451e+01 8.306227604317912494e+01 2.451258040173900810e+01
3.993325801992225621e+01 4.096728692925191240e+01 9.197521568304743766e+01
1.808919013788983321e+01 7.991579711047820922e+01 3.396500540048253214e+01
7.308703457761603772e+01 4.200110042956628575e+01 5.661543941275625969e+01
8.326117733261311571e+01 8.041655649838841668e+01 7.911222476669743742e+01
5.961732534465902233e+00 6.920505530397448979e+01 1.785989083175297409e+01
4.158185680184109856e+01 5.485884150546884541e+01 4.240158641140637030e+01
5.196116758030074578e+01 9.965263087986191692e+01 2.254329269921911560e+01
6.754560453364256034e+01 3.960009663856152429e+01 1.845727599717137579e+01
1.587367633743095396e+01 9.492731062456168445e+01 7.820419130677802855e+01
9.070419604150218618e+01 9.915327758273865300e+01 2.395455074031828602e+01
3.554393373640617426e+01 6.692190299248666463e+01 3.844406643425303827e+01
4.183895333783335246e+01 3.578112493355930468e+01 5.793223169081196033e+01
5.755934286400820099e+01 1.614578340642400889e+01 4.189914909030682821e+01
5.534717762098498639e+01 5.702869387313904781e+01 2.806400385101375861e+01
7.422713922522868302e+01 2.519909482106963416e+00 3.692788833834261908e+01
7.802126485356335195e+01 5.638929210554023541e+01 3.008804840974610428e+01
6.949531193430476605e+01 5.673909441560734024e+01 7.614033566254991570e+01
7.350251861898233585e+01 6.101079220362346689e+01 4.439133480114373498e+01
1.331821256675234011e+01 2.613330178853837538e+01 4.404159865287776654e+01
5.992992870063886812e+01 5.137078552153047895e+01 3.295363762592553769e+01
6.464357789710550861e-01 4.962392219008139449e+01 3.090079021268531889e+01
7.346083007105350760e+01 2.394626527048349107e+00 5.226457224122840017e+01
9.414742375060653501e+01 1.744092671114995241e+01 4.924733465810252397e+01
9.142199181713817069e+00 6.256819122613526218e+01 5.611985525514371176e+01
4.073655242128323550e+01 5.213770214737412090e+01 8.192862755064709290e+01
1.962943023110670282e+01 2.256451170534723438e+00 7.425612175524317138e+01
5.771170823879064926e+01 8.906584554618423510e+01 5.488615279083177967e+01
8.101610899597024229e+01 4.296733633551479414e+01 6.925772360986397302e+01
9.130414668898559682e+01 5.721229637222062792e+01 2.591294221186440438e+01
2.687976150301981804e+01 1.986445768974057913e+01 2.203797639491472893e+01
3.064154493510363864e+01 5.551337867531884740e+01 5.400795307372091258e+01
4.264997472418611579e+01 6.154207798208354063e+01 1.337598480679659474e+01
8.778823705815996803e+00 1.718294603576584478e+01 5.026688480761153244e+01
2.139946786983135496e+01 2.832844034925773258e+01 3.569969392812055986e+01
8.118661240103797638e+01 1.386213591286011848e+00 6.042452813133422040e+01
6.688765310406853359e+01 7.986557803566365976e+01 8.314947782537177545e+01
2.013784894928982716e+00 1.537837055132161801e+01 7.638750870235261914e+01
4.585185621870153483e+01 5.645906389334635378e+01 6.194318318868049289e+01
6.790666044956374492e+01 9.317404033165081501e+01 8.744309735412836915e+01
7.201574609309402319e+01 2.872212092051508137e+01 8.211427029194470606e+01
4.922091454076160666e+00 2.310808528744961876e+01 7.792255121000805218e+01
2.561915144393549326e+01 2.206510596217484732e+01 1.999434800383041022e+01
8.591117576469164874e+01 5.000582591910867336e+01 6.009608566686410569e+01
2.390663840750296742e+01 7.580404210112165231e+01 6.788592124803489014e+01
3.125980249083001183e+01 4.106826330102828138e+01 2.667485095370987835e+01
9.765610233229043047e+01 6.456025770584116685e+01 8.551804512415142767e+01
3.033855436291331742e+01 7.818909129968896821e+01 6.910805161564243804e+01
6.916556518665414899e+01 9.656389752668003723e+01 3.935541487148068995e+01
1.307173235897572994e+01 6.717088592440607897e+01 6.190247081956518116e+01
5.750605734588146589e+01 2.068178931333962822e+01 5.521402170733815495e+01
3.121897365691294013e+01 4.274665281666890593e+01 6.377458657305643897e+01
7.452147426908345551e+01 2.322246909013431093e+01 4.406898242740984273e+01
2.691615709916291976e+01 1.986316138618690985e+01 6.573494335385041154e+01
9.092526944369923569e+01 3.702321856845767201e+01 6.719181171681925946e+01
8.969952893644111214e+01 8.461242105302315508e+01 2.190781403057032506e+01
9.562918815133613748e+01 3.766764404294625024e+01 2.815323642661870451e+01
6.243132727778033519e+00 4.861736541048829707e+01 2.088256023176753828e+01
2.485398209274259784e+01 3.169426217672813806e+01 8.023813961078192847e+01
8.754886503958965704e+01 3.024663174614696715e+01 8.678301205316337530e+01
8.572309373697910928e+01 7.646509503848734823e+01 1.606322698477670485e+01
6.903228469007289902e+01 9.450240645805688189e+01 6.449330630184158508e+01
3.316168491078339287e+01 5.005793174308313098e+01 6.640597457329118924e+01
5.105704087285035797e+01 1.199529417309698154e+01 3.277569892454832257e+01
8.023960305536324711e+01 8.614180460955174112e+01 1.724948459968969772e+01
9.523867523987246386e+01 3.288226178486092977e+01 5.475897070113228438e+01
7.518251459566810979e+01 8.119462346378834638e+01 9.009203917047616983e+01
3.129195480288225895e+01 8.585064545515544410e+01 1.902468496148793520e+01
7.050409063535927601e+01 7.419777295139859064e+01 6.064906272781220054e+01
2.523147361351529838e+01 8.730431470152034024e+01 2.329101273258392624e+01
5.363479152083083790e+00 7.174649906119121567e+01 4.775649957030251613e+01
8.490980199586761046e+01 3.833971410582589812e+01 2.277249104339868779e+01
8.364421924698697808e+01 5.489096316400716802e+01 2.290696439343108537e+01
7.203839985864458129e+01 5.111136384895005591e+01 6.425068834135993256e+01
4.608983382065818546e+01 8.287089838180064305e+01 7.545707545190849430e+01
7.093888218243861843e+01 1.054013773964622658e+01 8.336074221409212726e+01
6.710129805329097508e+01 6.970241660042995591e+01 4.026072913932588193e+01
8.792795561570066809e+01 7.253716002348575387e+01 1.897781325297641786e+01
4.077780344061626749e+01 8.863803619601416983e+01 1.175283182338309551e+01
9.614166196420495680e+01 6.791625683195627516e+01 6.381391864026929284e+01
2.705592564879913908e+01 2.487917887391770577e+01 8.563447517112788887e+01
2.982724542341227547e+01 7.755052967189993751e+01 3.661844325076794604e+01
1.392540707847039805e+01 1.071529769535894960e+00 4.880472701756342957e+01
9.757788185489326338e+01 3.691361938092045136e+01 3.921124789829150359e+01
3.440916178494421018e+01 5.205438373048584566e+01 4.059559890770473345e+01
8.799146267270144506e+01 5.055207917234903192e+01 4.951107844341540698e+01
1.383715947205566010e+01 9.827395409103858981e+01 3.305690025646688923e+01
7.336406745960266207e+00 6.631462489752088629e+01 5.814676262483568792e+01
4.151456539927457356e+01 4.221922338806780317e+01 6.943007125763290333e+01
1.957126400996490645e+01 8.202533189448897133e+01 6.700771924315100136e+01
4.189697737795243881e+01 4.580286165838685974e+01 3.152483284114597950e+01
7.521143326969747989e+01 5.128747423052677590e+01 3.867539356538942741e+01
5.960501157609502343e+01 9.957344520513230179e+01 3.461025517186261169e+01
9.206914007786195953e+01 3.450168399245661277e+01 1.417776827926031125e+01
2.042421063684288640e+01 4.186951433276841783e+01 2.970683505072497610e+01
2.270382182555374939e-02 9.150015377475271805e+01 8.410054755637995072e+01
7.422922314869471450e+01 1.678145956460286214e+01 1.221264269602256292e+01
6.760474947238314769e+00 7.240291887729212306e+01 8.901035196569337415e+01
4.305358209130369573e+01 1.191406719960481553e+01 5.684608967227929810e+01
3.488319074586301127e+01 3.748249243499977013e+01 5.080089516606391697e+01
7.187181132622023938e+01 1.106035988731608555e+01 1.321932142712193325e+01
9.943303026857148552e+01 2.327283489155518481e+01 1.527324078726347878e+01
1.898753290959199802e+01 3.895784634846422012e+00 3.897839003948433856e+01
8.024017844513242892e+01 3.412444497577206448e+01 4.258355659676805516e+01
6.755867735674388541e+01 5.088940700698801578e+01 8.132396035630962672e+01
8.660356750457565056e+01 9.910695491153642678e-01 6.929473260995364114e+01
4.607336002416738552e+01 9.888405413036630875e+01 4.687951801946078234e+01
9.868959453882975197e+01 7.545693612057365840e+01 3.194762666615454805e+01
5.383949792869577067e+01 9.921356394785827604e+01 8.543268124003485298e+01
9.736689379122109855e+00 7.063719968099960056e+01 3.873528708527715025e+01
6.982261880348117344e-01 4.034809690269995741e+01 2.805059336346534948e+01
8.188692705204715594e+01 3.373306088457654539e+01 7.373057532994022267e+01
5.979388347953085159e-02 3.078191500261191393e+01 2.390933694146235666e+01
2.335673610686109924e+01 6.818661976546270154e+00 2.814635484889149808e+01
5.555495698856199027e+01 2.913610728377445014e+01 4.177179850935569760e+01
3.768668803471884843e+01 8.759049249998945186e+01 8.686774705428678089e+01
4.929569716558600589e+01 3.301559503156043718e+01 1.573075749114008737e+01
9.534028793820949943e+01 6.022694490029745218e+00 2.998754939557757382e+01
2.980662011700041347e+01 3.204012861402149070e+01 2.347653400850278871e+01
7.831614309236971394e+01 1.224978619659892232e+01 5.981937655559237044e+01
1.238460267058174580e+01 7.053563759295656155e+00 7.759917625766095739e+01
1.901287663187056864e+01 8.212501545597042707e+01 6.017969820202259257e+01
7.785651960876959876e+00 9.554481914380674823e+01 2.594572598075713543e+01
8.596453453526065402e+01 1.688100057845641899e+01 8.177108442725322845e+01
1.322881290529398512e+00 5.117804565694806485e+01 7.453215806791824605e+01
9.347955174927832900e+01 9.092021362064870971e+01 7.005741848688587936e+01
8.881913496613040593e+01 1.992196858370764900e+01 2.745021839167177191e+01
2.889685249210585027e+01 3.770539310016987855e+01 3.920542968458381239e+01
5.445553246546754877e+01 1.598797633664413809e+01 6.119599026519757246e+01
1.675665393045064988e+01 3.103084821045475294e+01 5.644300806923669711e+01
7.964405615234772995e+01 7.394692332387272415e+01 6.018184141409496135e+01
1.557732605801701631e+01 5.470453456155777161e+01 1.912334507482364288e+01
3.773631767966507766e+01 4.135165302899591921e+01 1.370635068969265546e+01
2.739880994699718286e+01 9.556494672664894097e+01 8.719383712865284508e+01
3.523270542525393267e+01 4.310010894832405626e+00 2.313281520370351174e+01
3.922177934335401517e+01 9.477796979692297441e+01 2.492198762699461057e+01
7.635158436682122840e+01 1.086825393746920732e+01 8.500628610060606150e+01
3.816164991091349634e+01 7.752345388990559627e+01 4.333602268164173665e+01
6.276688771588086979e+01 1.920160847400367388e+01 1.502443118050677739e+01
9.380641395681313099e+01 9.176472779044334516e+01 8.390900462077715360e+01
6.254334501665934454e+01 8.082682112162783028e+01 8.267023246878618892e+00
3.347890418906791865e+01 3.137031247571562176e+01 5.890460984544994005e+01
3.559577734706405039e+01 1.485067816436808030e+01 5.737773407931445746e+01
8.143839206690815047e+01 3.821234944599731875e+01 1.716659255995017119e+01
1.966881973128230499e+01 2.374833051693839892e+01 3.207705642354036968e+01
6.427950705063091164e+01 6.009454845377189969e+01 5.946483567533810088e+01
3.625019845315131306e+01 8.239976518799782923e+01 2.098072536567105573e+01
4.690407475181539354e+01 8.009387215414302830e+01 2.508637796362610572e+01
1.098631137407829428e+01 8.836839676879897354e+01 3.644706573776367975e+01
6.838701249090320289e+01 2.534860426393847899e+00 6.181205329613527510e+01
3.161013115469705070e+01 5.574085358744174101e+00 6.348394807553165009e+01
2.408038160731732447e+01 3.868072420518799959e+01 9.963325310369143040e+00
1.471632510949453199e+01 2.979772354958437575e+01 1.421075801154803031e+01
9.108262646863151701e+01 6.047043183978417780e-01 4.575502119556589520e+01
1.232474581325514507e+01 3.076790894779485441e+01 8.637670653639264629e+01
1.616945532739868696e+01 9.658323197183325703e+01 2.534162635254244478e+01
7.415661084668295189e+01 5.466772648973117299e+01 8.003838110536527495e+01
5.539932555031309391e+01 5.345592191563086715e+01 1.678447293465118406e+01
1.662293620516587112e+01 9.164891511155141757e+01 3.862205012276832861e+01
3.720822549628959308e+01 7.598236584283884554e+01 3.510334274974489688e+01
9.520624466390027862e+01 7.379277689988002464e+01 5.754729651682627178e+01
8.808951605447525424e+01 4.960590834948275685e+00 2.627369008099539727e+01
4.650363342209099216e+01 2.269785394715210103e+01 6.532550441278243625e+01
9.192080310537251364e+01 4.237701199309233857e+01 4.237306749244700654e+01
9.615507321375662286e+01 4.448524328275408379e+01 4.101063679976709153e+01
3.516498723419053363e+01 9.095484730121383166e+01 5.045678048176414165e+01
7.621745871816446538e+01 8.118067183508863138e+01 4.227332707451893157e+01
4.336943313203800443e+01 8.484717744062646716e+01 4.059533242741485282e+01
7.939351334518512715e+01 9.409923225744371678e+01 5.785099690411518480e+01
7.416272874518888614e+01 8.050973120411349271e+01 8.234563625666379494e+01
3.950533378567959630e+01 5.126345917599817170e+00 4.295375721346420761e+01
6.737562297840898395e+01 4.503503857807928057e+01 7.037901264807550206e+01
3.569824294686638666e+01 6.347441411040295378e+01 2.448516775480639041e+01
7.493694366449568633e+01 5.456959688130258712e+01 2.690081020071401952e+01
2.919111734978072548e+01 7.486087085818323317e+01 4.977520534445265810e+01
2.160314403930722094e+01 9.672711903702976599e+01 7.562372088619126487e+01
9.571348325397961787e+01 4.271050453603432118e+01 4.630766463781663589e+01
8.979552161850192249e+01 5.250493402453846414e+01 6.536323738596524890e+01
2.521728774955299812e+01 4.467264687026405312e+01 1.338934851125515912e+01
2.059800358769616935e+01 9.434152676310869623e-02 1.135636274504498111e+01
9.772838231769293316e+01 2.423536951367622905e+01 7.004138316343872361e+01
8.390996987996115308e+01 5.506604592365642503e+01 2.486598793490544068e+01
7.281164373361663422e+01 6.002514100995830404e+01 6.577013170709891199e+01
7.697466228570871749e+01 9.754103676847451254e+01 5.525243854230716778e+01
3.416411126906018580e+01 6.484645569002370280e+01 8.661638695930419019e+00
8.973973183215862548e+01 1.193810113381967852e+01 3.114537799549158947e+01
8.157453806261209195e+01 5.973123783307118373e+01 4.106942956382564347e+01
4.734356593750214159e+01 8.545473932021803876e+01 3.407192770030760443e+01
8.696496848121712731e+01 8.813443097669148685e+00 6.744162559691855563e+01
8.475476330547363091e+01 1.818176528373387413e+01 4.545018904580066277e+01
1.654997746636556144e+01 7.066041289942177173e+01 5.167891330628680890e+01
6.353233467083209973e+01 1.964869669562111554e+01 1.924029276565531887e+01
4.149732550990636426e+00 3.220675351957297039e+01 4.554384754677197833e+01
8.579349139973288629e+01 6.669274474586806889e+01 4.154134682799902123e+01
9.531201143941378007e+01 7.192452005758318023e+01 7.772953444299194814e+01
5.275879732721656978e+01 2.589042747931395994e+01 5.054882111996475302e+00
7.260848514838504286e+01 1.213029980055341284e+01 3.765457204471001518e+01
5.324709078838974108e+01 5.644165877797476583e+01 5.693461781902752250e+01
1.662553303497006496e+01 3.797374048216487807e+01 5.760515235376531962e+01
9.698188646337847274e+01 7.276311376996886793e+01 8.281965956587823996e+01
7.622120583141770567e+01 5.917169688924004589e+01 1.938406659711131397e+01
6.666856518925131070e+01 6.233795659599070405e+01 5.916208044528439558e+01
4.897858679882407529e+01 5.286566039892755953e+01 3.510133048307831416e+01
5.193126926423031620e+01 1.975559056784782541e+01 7.092590926864716039e+01
1.857769546987078257e+01 8.496628988946641314e+00 4.145727527660281453e+01
6.583074395060619111e+01 4.377168249335413464e+01 2.592691001553447805e+01
5.581711838904407585e+01 3.470023354121999404e+01 8.276846442689293326e+01
9.226451396035720620e+01 5.023718199720954658e+01 3.412255409753262825e+01
7.371324139566391409e+01 3.671294348306664013e+00 4.531291221042711470e+01
3.363233942703335089e+01 9.205358851025546585e+01 9.570057933139629824e+00
5.528148757183490858e+01 7.406635810666260511e+01 4.759069895032925501e+01
8.540303016272165593e+00 9.724613900279021550e+01 5.154141842370098203e+01
6.141862443190113652e+01 2.366097827075073212e+01 5.163143542773287464e+01
4.291494919583218604e+01 7.489584200198374120e+00 1.943948881014386387e+01
8.374725196187745269e+01 2.398199522065902300e+01 2.815325085375216574e+01
5.049114512501392227e+01 7.687471313625128744e+01 9.961331037701855351e+00
5.768079196382558393e+01 1.192104428405733607e+01 9.265909450324455676e+00
5.274395216221739346e+00 8.341641082084413483e+01 2.064947824216773853e+01
4.515136441229195441e+00 4.378998871429122630e+01 7.991583056261899287e+01
2.624083764893019222e+01 4.217126175259164000e+01 8.855089005853386652e+00
4.490785141348758458e+01 5.776130806371336490e+01 5.740656989581244574e+01
3.324266921743651437e+01 3.155331806631355107e+01 1.321338813144084590e+01
3.667983206462683654e+01 9.949466887296464890e+00 7.282923919864303741e+01
9.662742977481858020e+01 9.700744566667069080e+01 7.878979592060916559e+01
6.007921493396190726e+01 7.008656972438799926e+01 2.597605923899686076e+01
6.307704201726206605e+01 4.556495494398774326e+01 4.589657946234139274e+01
7.577765603751579704e+01 2.819183555972516331e+01 4.319294773466937443e+01
9.246417911286366120e+01 5.622429485097224955e+00 4.878765346669079861e+01
9.128008004078617432e+01 6.103630078181569729e+01 6.229382895139400489e+01
2.497441792293552254e+01 3.432754890644482515e+01 7.194897461165061259e+01
5.592181317684581643e+01 5.147421937567798977e+01 1.954590968377961246e+01
1.602815645512312148e+00 9.636851886870491057e+01 2.877138833622530711e+01
6.032130620995042847e+01 7.971507318728498603e+00 6.406085252109890860e+01
9.325667087059609628e+01 5.756652529974196852e+01 2.122214400904410780e+01
5.817215274734767405e+01 7.663472131046523828e+01 4.491799087910330712e+01
8.798377479414678248e+01 6.486829533573644824e+01 7.842528096560795348e+01
6.235053112473372039e+01 1.312879720048242227e+01 3.785209342922586018e+01
2.017949482524569049e+01 9.088264977168623204e+01 6.818730151481231871e+01
6.763983689100059848e+01 3.009663196316216727e+01 2.270305617710740975e+01
7.564510879889118655e+01 4.741579458790796764e+01 2.500905023004456140e+01
6.166219781652750953e+01 4.033385213845197548e+00 3.032712267799116290e+01
4.685569945911346679e+01 1.479583341094058468e+01 9.504585297432691959e+01
2.090973645896142585e+01 1.303531300432655371e+01 2.515681138667972405e+01
7.690611331597241929e+01 4.255056592718428021e+01 5.889823526467702663e+01
2.100915698636074413e+00 3.443130857331455630e+00 4.897418047316489975e+01
8.166552432016234775e+01 8.852388787075652488e+01 1.149002314010227010e+01
5.383631021010227613e+01 9.132296862792705383e+01 4.495615369531483907e+01
8.295658314283686252e+01 1.336956543994362079e+01 8.668275564670130962e+01
7.514233175313026436e+01 9.413343927869016170e+01 5.928879331461687485e+01
3.634039319994270301e+01 9.381811725247224842e+01 3.266369094806339746e+01
3.321725220617325647e+01 7.008084180017402787e+01 6.659365550183875371e+01
9.294034838491538153e+01 2.048024090562094912e+01 7.997727242095906774e+01
7.385460533969634866e+01 6.379455625359787163e+00 4.325486884825077993e+01
2.827654570600985906e+01 3.044904243540304023e+01 8.821752181759084976e+01
6.427774134799278727e+01 7.176761577934995273e+01 9.314758839217344644e+01
3.772017824576386857e+01 8.018401684528059548e+01 3.734540463534757038e+01
8.695336718149798116e+01 1.806575413113031914e+01 8.257797181286865396e+01
2.187717084108796683e+01 3.262205069809315461e+01 6.899094924284881358e+01
3.937551415654066744e+01 6.082113767664466764e+01 5.372718189979690351e+01
7.423699370897818994e+01 2.283312523686108619e+01 8.768856617006315801e+00
2.999293974730662526e+01 4.743086648684302986e+01 1.510554628294635471e+01
3.547972896563886991e+01 3.999830182935685485e+01 7.157693578569629622e+00
5.833072481842045676e+01 8.843434279712874968e+01 2.443264532722159998e+01
5.978080134015139890e+01 6.647392049108462686e+01 4.013324512946722677e+01
7.010975873642699696e+01 4.107315434910120189e+01 4.886181748252634804e+01
7.353044554426979573e-01 6.917201141346887994e+01 6.539648248265339703e+01
3.840087732634456241e+00 3.682501073951330994e+01 8.754392281846983792e+01
4.207365625686168187e+01 5.019454051318417243e+01 8.338663026035786174e+01
7.172618758657563376e+01 5.820701311242235931e+01 7.559451361167532468e+01
8.643662664559732889e+01 4.568880717372668698e+01 4.534713137960576290e+01
3.860509356518358004e+01 9.667061400184606157e+01 6.452948564231023454e+01
8.322306620807228938e+00 8.629596233130185112e+01 4.853363398754540725e+01
6.875390642248746076e+00 5.497172551633110515e+01 4.591774450237373628e+01
8.777494048626249423e+01 2.039946036093873616e+01 7.251920940275151395e+01
5.576886911854527540e+01 5.461030321346904692e+00 7.528885806545584103e+01
5.126152441031999274e+01 2.908768542315824845e+01 4.940832565498873663e+01
8.578577835174890254e+01 3.049031243850635065e+01 2.785765320749161233e+01
1.290712469308814647e+01 2.978593983902112541e+01 7.278040716645878661e+01
4.716263651952616698e+01 2.274816036935399666e+01 2.300959369467553373e+01
3.327294765103791008e+01 9.399243728857088342e+01 3.403357225994346891e+01
9.881240759546354013e+01 4.852304557653561545e+01 2.501309811269708661e+01
8.911400917935094412e+01 4.603553731348269196e+01 6.970503624701531464e+01
9.837115832091517120e+01 5.017535031997399919e+00 1.648054138242038036e+01
7.204567414627561561e+01 2.818250032954719941e+01 3.354867244604928089e+01
3.936187981972949501e+00 2.184671198620180554e+00 6.513674303494465789e+01
1.344334273695499959e+01 4.677206159711509059e+01 5.843049326898685081e+01
4.283518005688462438e+01 2.710665233623310577e+00 6.745918799503769492e+01
1.051322454165348752e+00 7.618898943774840404e+01 8.478565100077723571e+01
4.328399210571723188e+01 5.355424730977982506e+01 4.080869589039535583e+01
3.892086186234388379e+01 8.874245353703602746e+01 7.581236491168766634e+01
3.358163646415345482e+01 6.150697540146980202e+01 8.135737462256507513e+01
9.620584989413515586e+01 5.089590404220475506e+01 4.636968663761719256e+01
2.786943159285257821e+01 9.588718731904100423e+01 1.758295574486380275e+01
5.798295760477250127e+01 2.825502675186388757e+01 2.872792149740385881e+01
4.049685873761884380e+01 9.987929358156544879e+01 1.211065817510775311e+01
5.785418182035314771e+01 8.257215803527717668e+00 1.997737503837032591e+01
4.395629417728986965e+01 5.104601313464412726e+01 3.552997062488905300e+01
3.164571308744161726e+01 8.696702025593305407e+00 3.588466959668217982e+01
9.665584393805440300e+01 9.447073816724817164e+01 3.434650869913463112e+01
5.708539362787615801e+01 9.095953911109442913e+01 1.741937805774110970e+01
8.106835703375918456e+01 9.483695527889189236e+01 1.781679234096929676e+01
1.614476860329210339e+01 9.607463027713554027e+01 4.824292015150683000e+01
1.419663447172370141e+00 2.576319987635291398e+01 4.609679698349302868e+01
6.929089110247676331e+01 7.331603781367995509e+01 9.170768976071637724e+01
2.875111993837590063e+01 5.382201018684752114e+01 4.904602588348237191e+01
4.056452594472374784e+01 1.691618938424202057e+01 8.376930811247066799e+01
8.533171866665860250e+01 4.983330282942372236e+01 5.790245383209055063e+01
2.272610535596622938e+01 5.437870703917469228e+01 6.355996747107322165e+01
5.151670283865887967e+01 9.902851705849413122e+01 6.423985775913997998e+01
3.709737125921690648e+01 7.721520276158381080e+01 2.528600088605629637e+01
3.845158137062665560e+01 3.469589503775858219e+01 4.096023901049399285e+01
7.817798259287262397e+01 4.841730321634074841e+01 7.484001589240655505e+01
5.764889031398659114e+01 3.420694346575553624e+01 7.957077327053188753e+01
2.382896705530915682e+01 2.243829797997954856e+01 4.381745325522359735e+01
2.608492459620889292e+01 9.087034951216321765e-01 5.705373206059336155e+01
5.110938214723979911e+01 4.455178144931611683e+01 8.715929666254855590e+01
5.711991839629136791e+01 8.634315777893844768e+01 1.988129138618661429e+01
5.692064631294277177e+01 8.679796267309029645e+01 5.569519720056117507e+01
7.180141781270015144e+01 3.720435678122073853e+01 1.463722239447738716e+01
4.579002951270714306e+01 3.944793908388574977e+01 7.772996008268884793e+01
2.439953023524722298e+01 9.667342275351080616e+01 8.805132632556424710e+01
2.476316430714387096e+01 3.480519554773204760e+01 8.600504002961551464e+01
9.666222208961075069e+01 4.434391028360440146e+01 3.257727517681507123e+01
5.260940132515420231e+01 6.877692063657347887e+01 4.060363328801539495e+01
7.364731746190727790e+01 5.165735711464103375e+00 2.037852897138493802e+01
3.862877051455452460e+01 3.534731920607205780e+01 3.951939000903682597e+01
4.910197626689100048e+01 3.207335823115712259e+01 2.657923315670477749e+01
3.094695490886009281e+01 9.749042728102349997e+01 5.007091635938175500e+01
4.447127768583357721e+01 5.765449899511400389e+01 8.735700333093012659e+01
2.416012764357630260e+01 6.812821105324337623e+01 6.334761327434645040e+01
6.073244167930658932e+01 8.857833963664408117e+00 6.140873293315522830e+01
6.409471103617548238e+00 5.961426495498969302e+01 6.457707024515669048e+01
2.109698906199504265e+01 8.416220075427740710e+01 1.133791133525015482e+01
8.438128636583060427e+01 4.603290506427650541e+01 2.732910764445815488e+01
1.337781449939680023e+01 9.533071675823725855e+01 1.510985312749655662e+01
1.990934199359256596e+01 3.478223474330459908e+01 5.888449092989394984e+01
5.448010852760983624e+01 1.256434924123139751e+01 3.253131604489685458e+01
2.387517710860240783e+01 2.135428544903413695e+01 4.896597964458072028e+01
7.040314525916568300e+01 2.174529322172359258e+01 4.079009466908490822e+01
3.909174268411622677e+01 9.764565294354102321e+01 8.996248356572525040e+01
8.001375827520759287e+01 2.416589208191851768e+01 1.469153472284578932e+01
3.169041377206247745e+01 2.667945494338308521e+01 4.302934394789149763e+01
7.777279100677930046e+01 8.583229388788579683e+01 6.985507651719848354e+01
3.596755612230677457e+01 6.872343434606828794e+01 4.236309694406500626e+01
6.090554323518270863e+00 7.015652656029422474e+01 6.999838386839186910e+00
4.091825874584885980e+01 3.293792693020757412e+01 6.238436120244323746e+01
7.662454727603788740e+01 3.040946359712838287e+01 7.554108921011706457e+01
2.939167605049337695e+01 4.463263599865612008e+01 6.988513826483109881e+01
6.929202292247886419e+01 9.873684723121999696e+01 2.948354605769736381e+01
6.623179135395822925e+01 6.096819082757774311e+01 9.020932656097544111e+01
1.563621416448750523e+01 7.517981635869330148e+01 6.081614384163109577e+01
2.746658697879054145e+01 4.744349141471740694e+01 3.227402155745278378e+01
5.793134027884608628e+01 8.890006108146658903e+01 5.873189947331929517e+01
6.317224183265840765e+01 5.187478471147094439e+01 1.097241361445334462e+01
2.328585568760942337e+01 4.920017294320827261e+01 3.309992668325608633e+01
1.817635977611942266e+01 5.041328419184382881e+01 3.022598685484703651e+01
2.581076431734147292e+01 4.639854174403807718e+01 1.233151280282360318e+01
9.277457330754073439e+01 8.677020979192390371e+01 6.593118038333719255e+01
1.062138275884562155e+01 7.758772544696930140e+01 7.034330818924996720e+01
7.677646177143377315e+01 1.139658871192411560e+01 6.464756255639613869e+01
8.343247957493986178e+01 5.773534012196677168e+01 5.992321493216954309e+01
4.583634794263061707e+01 5.287073198840526089e+01 1.242737358679060122e+01
6.389630219732845973e+01 8.144721289115919305e+00 4.940872373803923523e+01
2.926550976674078441e+01 5.454279502117130818e+01 1.318930078577238163e+01
6.916434019733182481e+01 7.950115369284704059e+01 1.873114889883865430e+01
1.043130873518821566e+01 1.455154827873591472e+01 8.061735775815661498e+01
5.281892617563561743e+01 4.672609960075025981e+01 1.834097903761510295e+01
6.495560067569617502e+01 8.679995918950899636e+01 8.038817328260815032e+01
6.260547089808012799e+01 7.527871665167362281e+00 2.106548092976010977e+01
4.930898710982467570e+00 2.574792164924692983e+01 1.982241058609994866e+01
2.600480402524338785e+01 3.850580557189616826e+01 8.648608704876285458e+01
6.103760597816921063e+01 8.349737856829622729e+01 6.763215189144558792e+01
1.125031305266317361e+01 7.359204063739488788e+01 2.480439208216189328e+01
6.391078469947063212e+01 3.409619736429885251e+01 8.907066878496678441e+01
2.635514794967778229e+01 2.791304707742696678e+01 8.525846151517713167e+01
2.464440463632266987e+00 6.966889878731969077e+01 6.937273484841252014e+01
8.363785774103993731e+01 9.744393106384752912e+01 8.414049006707232081e+01
6.527675756646389438e+00 8.218393227529024614e+01 5.588876530700779455e+01
6.473421343730912270e+01 1.283499266146947981e+01 6.042113279986499919e+01
9.824825806012478324e+01 9.118185695394470258e+01 5.218960133401897394e+01
3.994797328609434039e+00 3.622934900002048408e+01 7.240358082434245546e+01
7.014991014651660350e+01 4.593436555939563704e+01 1.764469228860895456e+01
4.268947278233026310e+01 4.690249397178835267e+01 9.053326146678672615e+01
6.410861035821594101e+01 3.116529166546488838e+01 5.138183979069916774e+01
6.605530782216007424e+00 9.725682356497368630e+01 3.495131237432438809e+01
4.778673549131357845e+01 3.552839742369226173e+01 6.610322847091983078e+01
6.622321583295929770e+01 7.153223105291355921e+01 3.102355987336811083e+01
3.156684811640659660e+01 1.252512310962079489e+01 5.830900131853172752e+01
3.979712733565254901e+00 5.976823355234590451e+01 7.658840541799831669e+01
8.908321482896334942e+01 4.490377603699617026e+01 4.766328454637099554e+01
7.696918300801735668e+00 6.707650254430357961e+01 7.913020158557401373e+01
2.446550546047130581e+01 4.213008816333646678e+01 7.544240777583502222e+01
8.771204676622879504e+01 2.431799802642259323e+01 5.297352428464034091e+01
1.924931506358270639e+01 1.018787641395565480e+01 8.537721299935793695e+01
8.205075042321091416e+01 7.600349018031738524e+01 1.163942260043326549e+01
8.437287927102575225e+01 4.380440759053837496e+01 3.506229848636922242e+01
5.464763610253764625e+01 9.135324272355582309e+00 6.697779878392265118e+01
5.824350768882958818e+01 1.865900968731675391e+01 2.056351574394056314e+01
1.842486515726742269e+01 5.700238755193398177e+00 6.717046375903457545e+01
8.403481775885080651e+01 1.749821398738860001e+00 1.156217878481044536e+01
5.727702766869457918e+01 8.194956853860523438e+01 4.057080257766605769e+01
3.496143988077221820e+01 5.963464974967759247e+01 3.758844749640600469e+01
2.660836607768413131e+00 7.352285181015960802e+01 5.862828010994773109e+01
5.807559990556590890e+01 7.416841289918231439e+01 6.492099312842061920e+01
2.058819881783211514e+01 3.524810469433511173e+01 1.906628225985437908e+01
1.298570134178810243e+01 6.761957463565391890e+01 7.179723665828720414e+01
9.627325838611390907e+01 6.283471175494443628e+01 1.704989880814416736e+01
1.056503454489307003e+01 8.128509715367577826e+01 5.575251517094851295e+01
6.182850210137198133e+01 7.814620887547091854e+01 6.397353566918088319e+01
8.344582528560965784e+01 5.621390545987847709e+00 7.702410153693770667e+01
8.508527573220953855e+01 2.861350424583143237e+01 5.961870877343409347e+01
3.141620638369720808e+01 9.579710664824540345e+01 1.904475444191705691e+01
5.797928438329550715e+01 1.665035470495151060e+01 6.449281562683258073e+01
1.758902834186620723e+01 2.353832618983575742e+01 5.646851782733705960e+01
9.148349499968780663e+01 2.117143721479708418e+01 2.219114836735572993e+01
7.589768318540306780e+01 5.006195323339309766e+01 8.500194687632482271e+01
1.466145571598422848e+01 6.459278930230392746e+01 2.526730131022515380e+01
1.567604286516393053e+01 6.834294151572704834e+01 5.912233393824605088e+01
7.548274583623312139e+01 3.094625764461823536e+01 5.179077953882356411e+01
4.054716763304184468e+01 9.840894639665141597e+01 3.160364208800146102e+01
2.948172383467668567e+01 3.545482088286073719e+01 5.301512843794044016e+01
2.523227442637452356e+01 9.152899403792739008e+01 2.902234832155000532e+01
8.958157315601947346e+01 1.034750636465846441e+01 6.850151947165474553e+01
9.069855184382437585e+01 1.687494383982295432e+01 9.080247837031330960e+01
4.528833604155116888e+01 9.457151084410244835e+01 6.945019854110631741e+01
3.015868698735515352e+01 1.883025249171064175e+01 3.440902110440656259e+01
9.301740926267498821e+00 1.438679663433297762e+01 1.705998712330222489e+01
4.229435437415577326e+01 7.955783762575863705e+01 2.162201972625489432e+01
1.303204331723358855e+01 6.434289495173307216e+01 2.880575795073301393e+01
9.761003810899159916e+00 1.668485782055776312e+01 8.267225233863391054e+01
8.214712527761908234e+01 3.540645623550940968e+01 6.741603855784676114e+01
5.372756736680381096e+01 6.771242634825640039e+01 6.551701590198881320e+01
6.287340150599929700e+01 2.661013685373085735e+01 1.737486120453390903e+00
4.555667819901088222e+01 8.909738846907038123e+01 5.840008462143987344e+01
8.323910417019078523e+01 9.916243429612281091e+01 1.651980496613238358e+01
6.917776391419823767e+01 6.742935737000246377e+01 9.176614326077201156e+01
9.856007339528002831e+01 6.866786117241294107e+01 3.190393094590821121e+01
7.985558381305990849e+01 1.070291342110381017e+01 7.336287833677972969e+01
9.101961241446964834e+01 3.828333947684352268e+01 6.199948183099833443e+01
4.301427320968262791e+01 4.377650549881284547e+01 3.815116636458303390e+01
7.621296204503245519e+01 9.361765641665051874e+01 8.304680661561926058e+01
1.747812848749338244e+01 8.747436496565660491e+01 7.172483153161304870e+01
2.528374006902892646e+01 6.728461292151455275e+00 3.495791044702587413e+01
9.122082367815255566e+01 6.331786748957723177e+01 7.433023592738827290e+01
2.571523511090958536e+01 7.193881555748203027e+01 6.151590728480348602e+00
3.753213457730137748e+01 6.267533485423312101e+01 2.194338465913640945e+01
8.230035744469347492e+01 2.350312988119186386e+01 5.762836796555912144e+01
4.051971425753296785e+01 5.960435954776471590e+01 1.303462568007248379e+01
1.691279992160732437e+00 9.095644273803011970e+01 3.181348868560553456e+01
8.196770027804591052e+01 9.993503004722002458e+01 2.592062007275024627e+01
2.651707411833556094e+01 6.628597876346657358e+01 9.174858329775540255e+01
9.158143481907438854e+01 5.028755200655849222e+01 7.178178407337117051e+01
1.357458530999010549e+01 9.774381842040122592e+01 8.644512934518945713e+01
1.637289578791709488e+01 2.994231248031066173e+01 1.739457560827221272e+01
2.717175988981797019e+01 8.159557894152065671e+01 3.569786702468763195e+01
8.839696714675838507e+00 3.422255247789045285e+01 8.543244330895582550e+01
6.296835952592029173e+01 4.161609464061577768e+01 2.649455158215306838e+01
9.861767972836948104e+01 8.208490092631286927e+01 2.907796186026389051e+01
7.006869572118946010e+00 5.662555737755803342e+00 2.300162949148060321e+01
5.807685836144216296e+01 9.287634212054923921e+01 5.134249817283458128e+01
8.429454824561972259e+01 4.458866198598078512e+01 5.982974182183110656e+01
7.318727372865008363e+01 1.739637059033386635e+01 3.997914493100923750e+01
6.373021565380238940e+01 7.069660818436618754e+00 3.997337131816451716e+01
5.347994662811924371e+01 9.962244930446387059e+01 4.878004467683912537e+01
8.160567571143235455e+01 4.320672850666177567e+01 7.271902150428601885e+01
5.954148016201084204e+01 8.865954415023983870e+01 3.803904048633938828e+01
6.043044198214788310e+01 6.300186806188273891e+01 4.788430777996139653e+01
1.443120436874815127e+01 9.355940691233556095e+00 9.311751668970448037e+00
8.735342642452145867e+01 2.364749122386945501e+01 2.200975707348231225e+01
7.360354004260655358e+01 3.200161130873917159e+01 5.148999403587338719e+01
1.625110652974563052e+01 9.597457214619691968e+01 7.476916888695329533e+01
8.637896229650033320e+01 4.067737485720051893e+01 6.665390772886186710e+01
1.438761553897801626e+01 8.619002591780278166e-01 8.464374572651530926e+00
5.866017374045604527e+01 4.553949052479408266e+01 4.788853767335935174e+01
7.463140417219404910e-01 4.226866196574257373e+01 6.319283220642363119e+01
4.426937019674358709e+01 7.322192063122223260e+01 3.065233208208979576e+01
8.131420044817254222e+01 5.884312404534522756e+01 2.508636374573339722e+01
2.367204758538329301e+01 6.280304645695370169e+01 8.113767828334687238e+01
4.156277820291551706e+01 2.583004291275922171e+01 7.557174144572449848e+01
6.692682917508349760e+01 4.480854872830764890e+01 4.110322964097121456e+01
2.042564679363963975e+01 6.268026300648439531e+01 3.822182137778755617e+01
9.956451766743492726e+01 4.801835152618878766e+01 5.554751707263361027e+01
5.658517874106718892e+01 9.167560031187467473e+01 7.582296462046929264e+01
4.511300697978414576e+01 7.186992659727960131e+01 6.927084309590235023e+01
4.923670487012488906e+01 1.923157727843505427e+01 4.754559722034552749e+01
2.458185870225746328e+01 9.148421498516546535e+01 3.667300292734847744e+01
9.522640145333723183e+01 5.330552900947112249e+01 5.107076957320676769e+01
5.429404444893278026e+01 1.293806169667008987e+01 4.075235527852114359e+01
9.914611227762392787e+00 6.229540441833817255e+01 4.548842826785180193e+01
7.779849715709367786e+01 2.204704809993698333e+01 2.012300438867993435e+01
4.063322309637678131e+01 9.265853832183810823e+01 6.573064359608507345e+01
4.189236247929186874e+01 5.172721697543105535e+01 1.495497644658519221e+01
9.845758963761130644e+01 6.664073046949189916e+01 3.090247496692331453e+01
5.858083942152443058e+01 1.094823660689939793e+01 9.563140775000402982e+01
1.747849878833659432e+01 6.480303180552141384e+01 2.686697973119131078e+01
7.175613826485357549e+01 7.768213672402811198e+01 6.396162103086818718e+01
6.144994602551925311e+01 8.924690939520117183e+01 1.313060477970142337e+01
3.309147657801951681e+01 2.482874796308459509e+01 9.211439913401609658e+01
3.893897796668734657e+01 7.326126992403987970e+01 6.491373854341007643e+01
2.120812374773777265e+01 2.389976802115513266e+01 3.015902531290183219e+01
4.111272782593792385e+01 2.343250656505268026e+01 2.117468736794193784e+00
8.793930568071954212e+01 9.656098313808840317e+01 3.720714520461444863e+01
3.385068794254728886e+01 7.091812774370986894e-01 6.256633125787372762e+01
8.254398957486287713e+01 1.466083003600031631e+01 2.113679091593995807e+01
7.900832499714377377e+01 6.162907483541446396e+01 7.203766307475841124e+00
6.225469904622816841e+01 3.089177228437660716e+01 4.427211781938707702e+01
7.697314182968801788e+01 8.109351926726105830e+01 4.450077419899577080e+01
9.471529360063547642e+01 4.064627179520721967e+01 7.712778342093773176e+01
4.838772645642590930e+01 8.975323265220839630e+01 8.705331611518428758e+01
8.741680787108386141e+00 9.364933313102257273e+01 7.808817128761431547e+01
7.913107143126669030e+01 2.009113396855224210e+01 6.935244574699630959e+01
8.501327346850368372e+01 2.891503344541509435e+01 9.352031853141721740e+01
4.986014639916424684e+00 1.499092532471396666e+01 4.841473436175346734e+01
5.757924711223096637e+01 6.451500833009033897e+01 8.655928049602453100e+00
9.603667746221302082e+01 4.458809273414399144e+00 2.291235993167849472e+01
1.401451752605697987e+00 5.668584332940946524e+01 8.745964501128332813e+01
6.659471660804642568e+01 8.226574684804273829e+01 1.178218928124121945e+01
5.420152984797260842e+01 4.595629775055218857e+01 4.741631303806729392e+01
7.221318533518794602e+00 6.844353610693075041e+01 4.692062807749539388e+01
7.651488498612638978e+01 4.852906340617153802e+01 3.087806887533176692e+01
6.482569540778220585e+01 1.723863621051662420e+01 7.933382002886806106e+01
6.131162390692415443e+01 1.572038835569542492e+01 8.616782709559312536e+01
5.183654633353206265e+01 7.289845187165500562e+00 5.656425581560188220e+01
2.531989070128102171e+01 8.036934518773024649e+01 7.604213304933577433e+01
9.789473558546617937e+01 5.018695310245037433e+01 4.626708809513624487e+01
7.534756054464806141e+01 1.324706563419265670e+01 5.289119778107426129e+01
5.462476001308509410e+01 8.947312281038721338e+00 4.400152785828161228e+01
8.532847985672019320e+01 8.561536219946603410e+01 2.364675123969860238e+01
9.072088274783085993e+00 2.626954770019353091e+01 7.726166538170870979e+01
1.289025850734989476e+01 7.199968026274461863e+01 1.679039549693674971e+01
6.231378537478254032e+01 3.560672991191447778e+01 7.004680384402270477e+01
2.336904488253636103e+01 6.392018293899598547e+01 2.878346271258410738e+01
7.136602831121537349e+01 8.736780345607488130e+01 1.638750982607383833e+01
8.665956885955034750e+01 5.935752544142979303e+01 1.658807831171475655e+01
4.275418553597120308e+01 1.608602934850978983e+01 5.951704679163069045e+01
7.588681344179497046e+01 1.057965202727989507e+01 5.003151793376597567e+01
8.146250560259171891e+01 9.361630415509965530e+01 5.198637482212946281e+01
9.502792236114071045e+01 5.356889704560298071e+01 4.808982643367515664e+01
8.482031285528954356e+01 4.929827104580890307e+01 4.875539299135437687e+01
4.903124894098282738e+01 8.467850018697453152e+01 7.436272981216012568e+01
4.035199924402112259e+01 3.332998598705250259e+01 4.293131918702975724e+01
5.727725097371090612e+01 2.383372106279969671e+01 6.812015272823835232e+01
4.864827657324228483e+01 3.340455484199596015e+01 1.179413657176758967e+01
2.388451604036069398e+01 9.492811717559837348e+01 4.089774175293727865e+01
1.688592893670353234e+01 4.606727916549932189e+01 3.457714576293546571e+01
3.515925027119415347e+00 3.231452172794172384e+01 5.035199486975253791e+01
5.517123720199668924e+01 3.565589211768887168e+01 4.092285237658190056e+01
9.655179182347663414e+01 3.773484772303115875e+01 2.593018960931236094e+01
2.434670440667601099e+01 4.577646127041341373e+01 6.780743477867498825e+01
2.059881841884731912e+01 7.092961271407681068e+01 1.545676933015756305e+01
4.189329779839459889e+01 7.758650652027868944e+01 3.586187699011662033e+01
5.637371014453994889e+01 2.049792328259108132e+01 6.296177417349151284e+01
5.227910326875962355e+00 8.525426448755003150e+01 3.394455082839783699e+01
8.743980317083307341e+01 3.525292413005173131e+01 6.264000646477969525e+01
3.192252977861884489e+01 9.059116712346475708e+01 1.628290805747452197e+01
1.785197892725987145e+01 4.930301251588022637e+01 2.038803502494718600e+01
1.959801847017619281e+01 9.437663822120143209e+01 8.967348320414929219e+01
3.762593293304219344e+01 9.232860210139357093e+01 5.087120374410633872e+01
2.697424658737670455e+01 7.023987210805987047e+01 5.706798740828060801e+01
9.891253191087334073e+01 2.650472874092832853e+01 5.921972460696850504e+01
5.202375502944689423e+00 1.136460386967194047e+01 4.990672351358852232e+00
9.994606810596731350e+01 8.022736971474778045e+01 7.253783591608106462e+01
5.097260752881796719e+01 3.000670829054399391e+01 2.147824893475156216e+01
2.846747388464636686e+01 3.759712219291391477e+01 6.942356408037571214e+01
5.396617889031524129e+01 7.748362655548268307e+00 9.676665298109652369e+00
1.023321795340631546e+01 4.104987136973793582e+01 8.016771360892211362e+01
6.374024812092216052e+01 8.018258998755150913e+01 4.758572533758984946e+01
3.616660831950427735e+01 1.084003727166227193e+01 8.500270078496515680e+01
7.831600290279028798e+01 1.681180975977251180e+01 4.946824958136565442e+01
4.873748079212448658e+01 6.250915526865286154e+01 8.476736912257005940e+01
5.797714417624796113e+01 5.402172667786185656e+01 1.280784903133552000e+01
6.290747601802393341e+00 1.873467913267888818e+01 1.557241586164518310e+01
7.433528955700123220e+01 7.233303039939630708e+01 1.581204213988178431e+01
8.360789007952809015e+01 1.547860348461119706e+01 3.883631698655706543e+01
2.489768991613649973e+01 3.723070985730478100e+01 3.084681083871081952e+01
4.889509264384520293e+01 4.074078813546854150e+01 8.891983876687542931e+01
5.592635012822566587e+00 1.421813763873516123e+01 1.761940846128251792e+01
6.258411949823757681e+01 5.450927741371957680e+00 7.174388616003791697e+01
5.119386306819278332e+01 5.270076245815337046e+01 5.628229638480001285e+01
1.708137063062107330e+01 1.976903031144875555e+01 3.611438097099327393e+01
5.934964158218514285e+01 2.101177759402145284e+01 1.403782977991564529e+01
9.701168864184322160e+01 2.198181480962291268e+00 7.568940570992856465e+01
7.880351495750220181e+01 2.972141138450960085e+01 2.057932518933788302e+01
1.456286467054234102e+01 6.974316172371925404e+01 6.004683453766435974e+01
7.827456742513867027e+01 9.374811723991047074e+01 6.829768774456809410e+01
1.558515365514434592e+01 2.434426167654106621e+01 7.470097744732406397e+01
2.093060758342085848e+01 7.252231695448141835e+00 6.680793705350610878e+01
4.025263554901420093e+01 9.200400525459035350e+01 6.084597995338830856e+01
9.041897779166074400e+00 9.478565672536606712e+01 2.694125977718374187e+01
3.372124904062857809e+01 4.022604136835420263e+01 1.459302202160913176e+01
4.965154222306048837e+01 1.233184910752922470e+01 4.021139066463245371e+01
3.507097879920843297e+01 7.728400834265033836e+01 6.784534764003751661e+01
1.534128823890880078e+01 3.665511873792262065e+01 3.146440889046688127e+01
1.514104439360850485e+01 7.984535050511905752e+01 6.924450791656315118e+01
1.903817862970347363e+01 3.667219085937990286e+01 1.201716092826266902e+01
6.282065970930439391e+01 1.213719245486196741e+01 8.989005085071953260e+01
7.806820746878622685e+01 3.902385495839950380e+01 5.576169782127513486e+01
9.113418162164087732e+01 5.540992803958260993e+01 2.109134380375497742e+01
3.787033555811593288e+01 8.431448650297454606e+01 6.886662951802769328e+01
6.507243843338002875e+01 8.668214856884891617e+01 8.198586243401503282e+01
9.197925717794362299e+01 9.484919325315610550e+00 5.581030265529848577e+01
7.405095212183185538e+01 7.569268451270137632e+01 5.899404714149548568e+01
1.667873351836741591e+01 7.974205539416642807e+01 6.613434523534125731e+01
8.613577154903628852e+00 4.638098246743762587e+01 2.247338669245802834e+01
3.374770457129719148e+01 1.808109220568543396e+00 4.695186869966815379e+01
5.498769211562104431e+01 6.195825928270868133e+01 6.689758021849904424e+01
8.362913131024599522e+01 2.154629072757300179e+01 2.614704035435989482e+01
8.515371718979255888e+01 1.566128148926498831e+01 8.874362186894740034e+01
8.425382293986369575e+01 5.008766058895991335e+01 8.480829890919014247e+01
9.737672910800421633e+00 3.030657611751016489e+01 5.860608478252491693e+01
3.500068684731787272e+01 9.283725519807917692e+01 8.875119371185810735e+00
5.494118320609645423e+01 5.908662673951145194e+01 6.471129472121535287e+01
2.556662233318144217e+01 3.645664275198644333e+01 7.476446553841580567e+01
1.949427689701598254e+01 8.268678471733620938e+01 4.178543346826707250e+01
7.621875111940821057e+01 7.136073662634714765e+01 3.532902870602675449e+01
5.688127364338728853e+01 8.677231528050923259e+01 4.127151328745713954e+01
9.665907702233167242e+01 4.522151001017180505e+01 1.765758588743136670e+01
3.894346800776732209e+01 9.517024063905371634e+01 4.124829757416011944e+01
8.680981598670628330e+01 8.812506816818897448e+01 3.199225056985302729e+01
8.325765805063213065e+00 7.245579091588182052e+01 3.839805668189143262e+01
7.829236142575723534e+01 4.426548482604331269e+01 4.553629017479599383e+01
7.779094067485368669e+01 3.823633310616278891e+01 3.909881684199827134e+01
3.761904687696221572e+01 3.673405152772799909e+01 5.820119179497946504e+01
8.087994445011507594e+01 3.617683119225658572e+01 5.487284656119588533e+01
6.707273254426007725e+01 2.694394463036550036e+01 3.474384357945472601e+01
9.334131270234547628e+01 7.235345733310886374e+01 5.692416558922739256e+01
6.477200544206120014e+01 2.929944310341836555e+00 6.120363062014323674e+01
5.095088732242019347e+01 5.457496797794356524e+01 3.264792341736651338e+01
8.147389771294189842e+00 1.933392336120521904e+01 8.633706721432974973e+01
4.086995622709339671e+01 4.666831558308641803e+01 8.877929042280319649e+00
3.756622954398058933e+00 7.171814470467576541e+01 4.657606073744048558e+01
5.087059842162666712e+01 2.431245304226686699e+01 7.076239276607172712e+01
1.682365791084918882e+01 1.899347436610200290e+01 5.065034542596570333e+01
2.862798621119409148e+01 2.474629812331463796e+01 5.941085085831618073e+01
6.509717452185445552e+01 8.245170697999292031e+01 4.155864564778138970e+01
7.308509102615023956e+00 2.736663849214576771e+01 8.362799908964748852e+01
5.962585752327021282e+01 7.097370848010203304e+01 8.995908721805429664e+00
5.182057321825208618e+01 3.752865753180312236e+00 5.787519305822235083e+01
9.207708496360753259e+01 9.684191305004078743e+01 5.566528989464796240e+01
4.582048052522159765e+01 9.450170942484939474e+01 6.550934873307494399e+01
6.489927953840945563e+00 4.657255776674975323e+01 2.543301470665148400e+01
4.698043214486815344e+01 4.554655720063617252e+01 5.317934152183306651e+01
3.567704903492512614e+01 1.642704494559280448e+01 5.267803043225017490e+01
8.302028843457620155e+01 6.640122280676023081e+01 3.926434497098736642e+01
9.355230227588572234e+01 9.122075712491822230e+01 2.473389901400149782e+01
3.941758512036297457e+00 7.413087083507622310e+01 7.410544386566307651e+01
9.678645659513553312e+01 8.898363940883106693e+01 6.208735491221644054e+01
5.300523392123808009e+01 2.784105126258629159e+00 2.700946816627299185e+01
4.596147517329264076e+01 6.285039000835678280e+01 5.684092136252333205e+01
7.426359896816904893e+01 2.797669308870408500e+01 5.387008299051137072e+01
8.814224339079213877e+00 4.136655235832069621e+01 6.525786966639076070e+01
6.934008534290440195e+01 9.906427371721790109e+01 3.759612587188556176e+01
4.981892991739791654e+01 3.295304137739967132e+01 4.477900176700632784e+01
8.569501298693880642e+01 6.842090751884866506e+01 7.741580567638652610e+01
2.035111083318864544e+01 8.733611178414379594e+01 7.569379754698289275e+00
8.885992804371524301e+01 3.290737794607279199e+01 2.875656885909552329e+01
5.120885766986638998e+01 9.406901877232317588e+01 1.074207405853338315e+01
3.522309750707452736e+01 8.565719886833356611e+01 4.850535979021831423e+01
1.991568975970670152e+01 4.247941813314118065e+01 3.741779031282980128e+01
9.154162014667033986e+01 7.619343757430971209e+01 5.544998481398435786e+01
9.883705667215710378e+01 4.652775312759233373e+01 1.258173507411494896e+01
2.622743218149848943e+01 4.360704802193126284e+01 1.634403573191281112e+01
9.475651263240429500e+01 7.668488978177731497e+01 2.831133012016385919e+01
5.908045335179158286e+01 7.214491571095720701e+01 7.988828741978188930e+01
8.816353491754107097e+01 5.151922261382136981e+01 6.803564246510521230e+01
5.621447538275850064e+01 5.527038900455401205e+01 1.411084772002190135e+01
1.261376580161520700e+01 5.295336150224574112e+01 2.252625076072197174e+01
2.103690246046863166e+00 7.228392039002122260e+01 1.718228346677071272e+01
5.952768411040545260e+01 5.391937941273143764e+01 8.821557245589569618e+01
4.842131393476416434e+01 6.360143637779735570e+00 5.054878986611805658e+01
8.410961706161013751e+01 9.968492842814399069e+01 4.435705691013477292e+01
3.202987424967425056e+01 9.066532969519988683e+01 2.055292814968933612e+01
6.154289150329266533e+01 4.057144241809476881e+01 8.273316928150210581e-01
3.472884743056977896e+01 2.652285225026745863e+01 7.635767109796334751e+01
9.487904976919180910e+01 2.680471873786377657e+01 7.529941048262298864e+01
5.535981693840952289e+00 5.381210100398131857e+01 1.171748372711920538e+01
9.340329911306393740e+01 7.663512805573901687e+01 5.412639481358648652e+01
8.238963816246642580e+01 6.475197955701631258e+01 8.127492135716460098e+01
7.139579478647715405e+01 9.246586095822468110e+01 5.727369326321915111e+01
1.170644129818626489e+01 5.281777214230171325e+01 2.483345736476098864e+01
5.924934791764050601e+01 4.824930605276629336e+01 6.219652754898454816e+01
1.004698105483159409e+00 1.948404916553641186e+01 4.387973326604711843e+01
9.505035615891348755e+01 3.836090403551584416e+01 4.912172067786742247e+01
7.146960890066222305e+01 6.037927572861180181e+01 3.457201033163162407e+01
4.108163955674277901e+01 2.176997988572324516e+01 8.979745475756963913e+01
1.306343815573597311e+01 3.718367845664194249e+01 1.229212534596861950e+01
2.217794919335463888e+01 7.804711383801549118e+01 1.862534509567092300e+01
8.006340252896560372e+00 4.744531798445233051e+01 4.295015885776219733e+00
8.476615442633317343e+00 8.076258695629751116e+01 6.918590603134455819e+01
9.151388204048960517e+01 8.545154359107495168e+01 6.669064870921803845e+01
5.233285730066283392e+00 7.828486179866574446e+01 7.167479431049351035e+01
7.990821457719545151e+01 5.084790353080260417e+01 2.664057999855729619e+01
8.453299756887267336e+01 7.271628097401384139e+01 8.760939977521081801e+01
1.556925977559329155e+01 2.256645830520550433e+01 2.886643566110703674e+01
7.925397676213367504e+01 1.869072964501181744e+01 1.655180219301274747e+01
9.985608065856285975e+01 2.481721144514914545e+00 7.234690250318828930e+01
3.653668415506528078e+01 8.416154597578152163e+01 5.948305470909814829e+01
9.016312294863601551e+01 9.261929864146266311e+01 4.366356018275418194e+00
7.541217599278827066e+00 2.503587295708554805e+01 6.738935917891049598e+01
8.882721965115059959e+01 4.599419512939627452e+01 5.561121905881647365e+01
1.884998527955611536e+01 8.049668338816853463e+01 8.790239975528449179e+01
2.685989329145974835e+01 4.948259516005462899e+01 1.630900815243148827e+01
5.591366564629684177e+01 5.027834418466805744e+01 2.094866059818896531e+01
4.420662131180750265e+01 3.341046520865632630e+01 5.366180193054032088e+01
5.856543354287991576e+01 8.495578607209508526e-01 7.200823717256858458e+01
7.130142918617407588e+01 3.662863862065221809e+01 1.587712922321999542e+01
7.549325397850503805e+01 9.551751604781324545e+01 2.984052798096895032e+01
3.235246137370378960e+01 1.838128894818149561e+01 5.025032916334566124e+01
1.548413946474549441e+01 3.561939434613794475e+01 6.629484825071966725e+01
5.601159830093484260e+01 3.864625643279352118e+01 4.033145104518636259e+01
5.621108826232295286e+01 5.864727887161302888e-01 1.024562569929992861e+01
8.812580677630116099e+01 7.787898909129076230e+00 6.481168191666836265e+01
9.200381641090525875e+01 2.706836043017311155e+01 3.932022691179762575e+01
5.689214058447162614e+01 8.817089696385846764e+01 8.617922928604696153e+01
7.395632481112680523e+01 8.661976085469403230e+00 6.722857974266821657e+01
4.103037218726620949e+01 4.707009994910615802e+01 1.770306046970567948e+01
1.910621393463581796e+01 7.905136075336477575e+01 4.674933409645684890e+01
3.016622416311488664e+01 3.840190739649581531e+01 8.013494411850376764e+01
7.489990174049569305e+01 2.723153971810827656e+01 1.833520922638707162e+01
2.519982216440716982e+01 9.207564510547337022e+01 5.891195310286322240e+01
5.334802087447828711e+01 5.963935996924615068e+01 4.019460608357179154e+01
8.071070203195127135e+01 5.232862493002497928e+01 1.766308172565430468e+01
1.290651248290629560e+01 5.368591465026183585e+01 9.349911303509192351e+01
3.083521216761987560e+01 8.695411688592183452e+01 6.843777303733861572e+01
2.478124429069068668e+01 3.634074831624245494e+00 2.259952797389548351e+01
7.284939338474401893e+01 1.996697380406466849e+01 3.311594169277991284e+01
5.016991660064248038e+01 7.254681684501628069e+01 2.091524855968499708e+01
4.063664052774614532e+01 4.850729091426953943e+01 5.831721223486709960e+01
8.183606413952166747e+01 1.716781950432169168e+01 6.645526364526868690e+01
6.928784276966521816e+01 5.558708141989593088e+01 6.596647521168249284e+01
4.120177389516563693e+01 1.383975859681245701e+01 6.556375471819833933e+01
5.246723066856222317e+01 6.393748005427755032e+01 3.695123163357048668e+01
9.068665773398359420e+01 5.873698685755769588e+01 1.687115019126853355e+01
4.498039907044286423e+01 7.563560547436343029e+01 7.366876643668496172e+01
4.945970527637587821e+01 8.947475708313010045e+01 2.572918426844922379e+01
4.105986972382665812e+01 8.985969105689700598e+01 9.109309482144566061e+01
6.857127688246808361e+01 8.589805471222202016e+01 1.355169104110630052e+01
8.649949762077763182e+01 3.206199065502267587e+01 2.467608712297361961e+01
2.393698363420463338e+01 4.179685080138870745e+01 2.620972789918763013e+01
3.205675860164990354e+01 1.349784860716420809e+01 2.323657248354695426e+01
5.722838145420011813e+01 4.418537080910639503e+01 3.286619844733691309e+01
7.464521288571140190e+01 8.935099713933179544e+01 6.416736316450220556e+01
3.320007021176791540e+01 7.444421678375536544e+01 2.520758866825365629e+01
1.303179880912909105e+01 3.456270370361589528e+01 7.174570712645848403e+01
2.463482472423018521e+01 6.325340889867958616e+00 1.700932029650280697e+01
8.587449685295801771e+01 6.337832847472876097e+01 2.467160725117596343e+01
5.552958253281813228e+01 5.275796224253503652e+01 6.218850476334516486e+01
2.331875544216163121e+01 8.644029871943976673e+01 3.066913436519283565e+01
6.941316539762368620e+01 1.612464637221489028e+00 4.279522682448661897e+01
3.517098179588082729e+01 5.434844285830144628e+01 1.552816173430191782e+01
7.901313737261082792e+01 2.177808017675685193e+01 6.123530378049419909e+01
8.032121232440931635e+01 5.618769562415130991e+01 7.223782137405858350e+01
6.618603122150055640e+01 3.555297971520076317e+01 7.434627920741688456e+01
2.947013698855279884e+01 5.712129177515171818e+01 6.922749906881104209e+01
3.789559098125076275e+01 3.027676076174250497e+01 3.985515790196099317e+01
8.179634943491535637e+01 9.299217631456647837e+01 5.251818401085300536e+01
6.614662053236519057e+01 9.032736222389141290e+01 1.771204824624733831e+01
2.320785778661650411e+01 7.089000062515825107e+01 8.096395233996453555e+01
8.570290283305779155e+01 4.151071768549326180e+01 1.258545073472280329e+01
4.377814772996199366e+01 2.307345902070537846e+01 4.139509084225294799e+01
7.722675568375058219e+01 7.552708602588687370e+00 7.811050489635211136e+01
4.276690858241691018e+01 5.960639311005950702e+01 9.482076027649020133e+00
3.373590783572796425e+01 8.970091901484577690e+00 8.331702930842651256e+01
8.072616493262503923e+01 4.596327543564602536e+01 3.239000564326403975e+01
9.334551052498521528e+01 3.445965957269717705e+01 2.655997575246518139e+01
5.631643884539548850e+01 9.437741203448160832e+01 8.752641859875453179e+00
2.381248432539987547e+01 9.384476404104076153e+01 2.292661040660929572e+01
1.132434516398198632e+01 5.701872157998045054e+01 7.388625858667926138e+01
4.771098176939261037e+01 9.945642566845248211e+01 6.912731761599634694e+01
7.407490721044773352e+00 9.928321316819753406e+01 3.759605652561584321e+01
2.874025338454825373e+01 5.578791835778855557e+01 3.662084108122115111e+01
8.645750712015232153e+00 1.428343079176719321e-01 5.053341499935679337e+01
8.368634222265922062e+01 5.723151856300765417e+01 9.002960667744433465e+01
2.868466456471999848e+01 2.804550647600553148e+01 2.533571263982630839e+01
1.640635882653351985e+01 2.851865960100478148e+01 8.053992643556175324e+01
9.057567906364478461e+01 9.750871697076813405e+01 2.839787180285610546e+01
8.812975456140917174e+01 3.282550892773370776e+01 1.685200440218030238e+01
8.700249255201656240e+01 6.361056346436186004e+01 2.152479336927406806e+01
4.298312575130025692e+01 2.872576948770676353e+01 6.540959782070414974e+01
4.534162306242680529e+01 9.892799451063849858e+01 9.709071912693280737e+00
3.550152661362466944e+01 4.819001671099773887e+01 5.119124417002799277e+01
3.159358223856367687e+01 7.292402490975679541e+01 7.901753682761585651e+01
9.387193019778629832e+01 8.050933767995262258e+01 7.905088915736791932e+01
5.505453006199955013e+01 8.258882264268146400e+01 2.703784824924259667e+01
3.984787621092144150e+01 3.169130138185443002e+01 4.609573976017931329e+01
2.855796162386363690e+01 9.616114422544468709e+01 3.807257766083423434e+01
9.804453811093981841e+00 5.268171660504133769e+01 8.460588471829172619e+00
1.105431663085805205e+01 2.193893891962462916e+01 4.629305996925631916e+01
4.332509323090278741e+01 7.996918620027912539e+01 6.109650995399908879e+01
4.263182939907012781e+01 3.337042075756298942e+01 2.884691286916751807e+01
7.739950872940090676e+01 5.207240622126974472e+00 1.270444352250714104e+01
7.955443919266480179e+01 4.771463759890492895e+01 1.777668959015853289e+01
2.355659345945012717e+01 9.325039530973825208e+01 8.587081910014792641e+01
7.097850502239725756e+01 4.822252303373265647e+01 5.255215611932574404e+01
9.752445352839586690e+01 9.657704438842871753e+01 2.808077483912784800e+01
8.111045663053181443e+01 1.972426661670168002e+01 2.138823834772647459e+01
6.760930341645767783e+01 4.050010985875483982e+01 8.274674380970162701e+01
8.900973489600882971e+00 5.115256408094930407e+01 8.026823881211970502e+01
9.041136604795050857e+01 1.565292134157412107e+01 3.391571017589981807e+01
6.191214000466962375e+01 1.593948847714021788e+01 8.999713696218945813e+01
9.147493287276603269e+01 1.669501790344691727e+01 2.176881675999631582e+01
8.540848280826530470e+00 9.094436640366311053e+01 2.577929535237254299e+01
4.162849285443547132e+01 4.488513656520029826e+01 5.382909194205448244e+01
7.173534374742496666e+00 2.267586174005159450e+01 8.566049025474102052e+01
9.084101072685695044e+01 7.812906474056921979e+01 2.151242283977067071e+00
3.270067684961021115e+01 6.279587353429077723e+01 3.619655429116562573e+01
9.095866950537772766e+01 6.338894618324418673e+01 8.937248688860458756e+00
9.090055888357029801e+01 9.577666581762225917e+01 1.013496523518772285e+01
5.323602348613148649e+01 3.033642822141704443e+01 4.086528424062277765e+01
1.796512179553418775e+01 5.780721020124125431e+01 8.730419802161934228e+01
5.030726002716090761e+01 8.291458139448115716e+00 5.861956482523635970e+01
3.402229944512570370e+01 8.559251895912977659e+01 3.928097236769059464e+01
1.928396089422455972e+01 1.911056226911449585e+01 7.566513129777490576e+01
2.655875983073599045e+01 7.672333941592229678e+01 1.827997654544649819e+01
3.216863687013093909e+01 4.654869724396994002e+01 7.921996427268427965e+01
9.317314247538246264e+01 2.068718754222878076e+01 3.713654757759633895e+01
1.493993884537723105e+01 5.099850793134971383e+01 4.076476928542246725e+01
9.007601624507324800e+01 9.300053777910726183e+01 4.462346819063323977e+01
4.917379430189894407e+01 8.962362491461331615e+01 6.933548663088059527e+01
3.656311344649276762e-01 3.200595641835825234e+01 4.910173523590324152e+01
2.297162836832317012e+01 1.995716158959387343e+01 1.566695961257888392e+01
6.433697250697605341e+01 2.625102904831656403e+01 1.766931619279170818e+01
2.309793105280636283e+01 8.019139528361264979e+01 8.548255563020764214e+01
4.830662451933026347e+01 4.160706704086861407e+01 8.842344047283206976e+01
2.005646595880698868e+01 2.153592828546084803e+01 2.803345553830066805e+01
1.727573182810873220e+01 3.793655982041865826e+01 8.220820448013796522e+01
6.153478406285742608e+01 4.119465486122636833e+01 8.224030182512589704e+01
4.846423247582231753e+00 2.102761779018613808e+01 5.161318093095727022e+01
6.155526231931791870e+01 3.955750656261314280e+00 4.184184533710232046e+01
6.491539648308727806e+01 6.980705464034015506e+01 5.912430804639138415e+01
3.205632243609245791e+01 9.352012359790951024e+00 4.012320824003163011e+01
1.287544373680554699e+01 9.476236585206670782e+01 4.610750898791328467e+01
3.172591743568675682e+01 7.663040711189000831e+01 5.120295393273286777e+01
3.100340240124500468e+01 8.119677423908017033e+01 8.296556355959424423e+01
6.730081662886769323e+01 4.696442240766729448e+00 4.800522725939601543e+01
7.632949119972816732e+01 1.365030120835821847e+01 2.577440571972377370e+01
8.824951050681364961e+01 2.012172185307403716e+00 6.916124614682776439e+01
4.737732925144229057e+01 4.467721588396068455e+01 4.124561929523336445e+00
8.193982309664927755e+01 3.598249006365664826e+01 5.196794848080843110e+01
6.773006863356594920e+01 7.026295764379158015e+01 8.691223679178717987e+01
5.313399532366091194e+01 3.997195509744275910e+01 8.823838587420517854e+01
6.421102350255210922e+01 2.981503562765556126e+01 1.899193228003951361e+01
8.425545014651812892e+01 3.621816027941515870e+01 5.862432195920164446e+01
4.708164193658981134e+01 1.989297797950383284e+01 6.562507995142534867e+01
6.068306895068231732e+00 4.133424598711922471e+01 5.631282935718280669e+01
4.360469741185790582e+01 7.486721752509907901e+01 7.812161830650079253e+01
7.712430740331780044e+01 3.881294781180211206e+00 2.829043301089978613e+01
5.366075092637743182e+01 9.348220404438012565e+01 7.743889871640180900e+01
8.425345083518016054e+01 3.032081937596748844e+01 4.862374489601837269e+01
4.707059473159374363e+01 1.573715833499104200e+01 1.113146226744187395e+01
9.469028994605169203e+01 2.407125856635067152e+01 2.793707160042475834e+01
8.337905376875953678e+00 9.285077519437786009e+01 5.822288515557110600e+01
6.670368571253538903e+01 9.115768872630525266e+01 4.297159375469640707e+01
6.215073111380841198e+01 3.879945472888746139e+00 2.975837415223695359e+01
8.312458050899425643e+01 7.667683563383357637e+01 3.937174284021694604e+01
3.768106277742124632e+01 5.335544335535794858e+01 1.049224600239413796e+01
2.412443360380278534e+01 2.082318086082144504e+01 3.162626583192836449e+01
8.059058425334413300e+01 2.796738565464431758e+01 2.799953201953110948e+01
5.042634607930315127e+01 8.656450363727319086e+01 3.333852440336358569e+01
7.853624279279869391e+00 3.564047358496647178e+01 6.835919329780706732e+01
5.506905446947946103e+01 8.167933695743474232e+01 9.197658596314512636e+01
7.926624767516170778e+01 6.038030788437534113e+01 4.998763385010785498e+01
4.006908634826666926e+00 9.843219788140412163e+01 4.228588731473562490e+01
1.522282139168668103e+01 6.667088553964568121e+01 3.717860572196568825e+01
5.857782709310475866e+01 5.867679078445912211e+01 4.775298960691524286e+01
8.361186155450425872e+01 2.649670615554430242e+01 4.867832428779068010e+01
5.376921285909715209e+01 6.636247207672995785e+01 7.069737362106349110e+01
3.948072828782560606e+01 6.460469440965960075e+01 2.675407262192220514e+01
9.326481005424786019e+01 3.830588064210035526e+01 7.068146145146680226e+01
2.034108188217764734e+00 2.051871429048069828e+01 4.859299852198445535e+01
8.782524677323465312e+01 5.272551499506771222e+01 8.866877738111590190e+01
4.837968965827963075e+01 4.904490967359499365e+01 2.867917278561991168e+01
8.026562441522197844e+01 2.469654124670624995e+01 7.694800105576250360e+01
9.108242203303960594e+01 9.433101118741497260e+01 4.750520973301248517e+01
6.770937847836442813e+01 7.785158800616635233e+01 2.999521656891194255e+01
6.009571949974971972e+01 3.429790130331167308e+00 5.067327011056315200e+01
1.548426816202274026e+01 1.829229259620846904e+01 3.890750173616216046e+01
4.324371667165030431e+01 6.231724245321872502e+01 1.396446441626228463e+01
5.036917612374446662e+01 1.826251302531011333e+01 6.008982519273227041e+01
6.374046122611834875e+01 5.567092565528538728e+01 7.920573507768425259e+01
3.356092442409013188e+01 7.651065916331309325e+01 4.093898568894358192e+01
4.841844983225968235e+01 6.481021272610713879e+01 9.468452973921090532e+00
6.539942214202483228e+01 6.185851490721153567e+01 3.219907995221477393e+01
8.579428489948949021e+00 9.093544991304113978e+00 8.662582997895039227e+01
6.892793212258371227e+01 1.271026137707403869e+01 4.243387789478635597e+01
5.924829939015964442e+01 8.355717050906487486e+01 1.853416819147599170e+01
2.366331314700088484e+01 8.897489902953800822e+01 1.223945160996047044e+01
2.013991027938874012e+01 9.590241759729659066e+01 6.864829245812317993e+01
2.616713666375064662e+01 6.699109439584760572e+00 8.322052606157702925e+00
2.447450796369272652e+01 8.814858195889104309e+01 3.887452851238165152e+01
7.203333691659929627e+01 9.182850353799577192e+01 4.762455679187964819e+01
1.912773710373970459e+01 5.171179308569195143e+01 8.290460190559775810e+01
8.043744141377005974e+01 6.582984336315378826e+00 5.922386531363395790e+01
5.718975224589537731e+01 9.074631763464255130e+01 1.706421534502577586e+01
5.340361132046565729e+01 8.794626935118922972e+01 4.283858950796526699e+01
4.819949177328670942e+01 7.046067766695829349e+00 2.840954174922141107e+01
3.245066491689473054e+01 9.451224487448868672e+01 2.727650876854250228e+01
4.608687352696519923e+01 6.713044235642797730e+01 2.074320648015250868e+01
4.864423871418745193e+01 7.385390394759076571e+01 7.470281383900129413e+01
6.262592746624267193e+01 6.690535153169479088e+01 2.125180782115401001e+01
9.457764972463471054e+01 1.325740774844823555e+01 6.360266137673801268e+01
2.648163217783188372e+01 9.335931437012516199e+01 6.743447839945272904e+01
7.538137129783689261e+01 2.190591730598833209e+01 4.660605064202811576e+01
6.178131945892864252e+01 7.699736182066008894e+01 1.647344302535723060e+01
9.623653164545284255e+01 8.902206705545559373e+01 3.486507098806866622e+01
8.227602430323319993e+01 5.183239230398234554e+01 4.043110786778017740e+01
3.144341058114054022e+01 5.809685866315924585e+01 6.501738881846385709e+01
4.109329049627582719e+01 6.292191930082920948e+01 6.403710059824288692e+01
7.111218170152858420e+01 5.196609813118024945e+00 8.136844812976870855e+01
4.582533147650479322e+01 2.624160816962144338e+01 2.896873730019702720e+01
4.830141128439504428e+01 8.868315394689591358e+01 4.795135105363520012e+01
7.497257467835433431e+01 9.681873098721860416e+00 4.389529167114749697e+01
9.916861403927356378e+01 7.704378027923370098e+01 1.984449702194451248e+01
5.014414736979107090e+01 2.336247636485665424e+01 4.905198292980850994e+01
7.800840237349648021e+01 7.712248152904037113e+01 2.113093143698609211e+01
9.222233181548601522e+01 5.925681827648268296e+01 4.212687861664465316e+01
5.019355807808606329e+01 6.050712534377436924e+01 5.002560184973433621e+01
4.864050355361781897e+01 5.049328040894000935e+01 1.431397795308434517e+01
8.127329043046793799e+01 5.417603199410153536e+01 1.752587867288263723e+01
7.661571015827779263e+01 9.324439783773507884e+01 8.926866012440103759e+01
3.690177324111727586e+01 1.355168735607540320e+01 4.565177539820746944e+01
1.126092293492206764e+01 9.339874185126171824e+01 2.568257426340472449e+01
2.527658599511640602e+01 4.066365268849704506e+01 4.271636810136155304e+01
7.946628923978890668e+01 4.563168205509623476e+01 1.710542818330327819e+01
2.672098954860740960e+01 5.091133851875220273e+01 1.946022431400448838e+01
6.116556756460141031e+01 5.657473065511459254e+01 7.306627741141369370e+01
9.377046153793676808e+01 9.122545611011557298e+01 8.815358475201490762e+01
2.447155970237009370e+01 1.315653066393546133e+01 3.194562487731513301e+01
8.950851727663146562e+01 9.720534746234882562e+01 8.012148272112933967e+01
1.100177211275435951e+01 9.474279980597931683e+01 4.009001681166748909e+01
9.310290762353679028e-01 4.423937407481935935e+01 1.666272940339943531e+01
5.438779211611175413e+01 3.385540274370513458e+01 5.150465419373801979e+01
6.131703607431170155e+01 8.688010958178202259e+01 6.282519304382020664e+01
4.340488684781806938e+01 8.194278536703650673e+01 8.314040212840947675e+01
1.197599664321972135e+01 5.319329775527914705e+01 2.749157128873868672e+01
4.706119787694740708e+00 6.685466951139854075e+01 7.319777918556401630e+01
1.629026544773940444e+01 8.124136576239004626e+01 7.640983164377470871e+01
9.143404426664835682e+01 2.652850890860524302e+01 8.171079375948653478e+01
3.206627547364322339e+01 5.523380134555028320e+01 1.681640717027099896e+01
4.388108836874360819e+00 7.203732127322028589e+01 4.836597740151405134e+01
2.562923753692175666e+01 1.904134960249102093e+01 6.374227892924947270e+01
4.015440253398727677e-02 8.058911691968542357e+01 1.968123149181592169e+01
1.914896149081194565e+01 3.862363952990895655e+01 4.405158915113865703e+01
3.549951158139418084e+01 3.207121649842938638e+01 9.134778732189447226e+01
6.415796812433941909e+01 2.343295536738820850e+00 4.021717395980466137e+01
8.750086997439701975e+01 3.014561864106679678e+01 2.112959616342942937e+01
7.583847715899177899e+01 6.060138319360812886e+01 5.481052537125444957e+01
5.357655960740792978e+00 1.404990097955173312e+01 5.097772742295717308e+01
2.078238414588358296e+01 5.040700797484242912e+01 5.576805867334619649e+01
2.835071902709394109e+01 9.484251555414928703e+01 8.035398315246217749e+01
7.223735076327984928e+01 7.799386640940908499e+00 1.515823684307580876e+01
4.927813458649556821e+01 1.607133491909856815e+01 8.661241716010982827e+01
1.585202340274094368e+01 4.874678354639739553e+01 3.740347221129618305e+01
6.393864214540979418e+01 1.290364088894249051e+01 3.560285634561577695e+01
2.747050328071436454e+01 8.877515246716880881e+01 2.035629054170436270e+00
9.137274940064592954e+01 8.329941385530004538e+01 3.793409488401884033e+01
7.892906546771047260e+01 3.121356033874755909e+00 8.383706466836848392e+01
5.265949425897893121e+01 3.032810260654452605e+01 4.549159452675743154e+01
6.640535346049736276e+00 9.893495140420391465e+01 1.715665287539025030e+01
6.549071231478590960e+01 4.427359277064583409e+01 9.212177466264137138e+01
2.459997403067951538e+01 5.320868239380113351e+01 4.504275172644710779e+01
7.028664440501013644e+01 6.801023195242050789e+00 1.760972538716755054e+01
2.145648200928498284e+01 7.381507548416897180e+01 1.935657581320975140e+01
5.734917638909766424e+01 2.152438205009536887e+01 7.679602252842275334e+01
9.421854544896385164e+01 5.184929749422404655e+01 2.741617776244979510e+01
2.340577750174991323e+01 4.978100152304376635e+00 2.831965860588461936e+01
6.542357799453178302e+01 5.336169313092108268e+01 8.451338419940867652e+01
3.962772624917005970e+01 6.938633423283945945e+01 4.298493657595464157e+01
5.125762159242116667e+01 2.677743146041174782e+01 4.121773049535813982e+01
4.707849970127072936e+01 7.066425217489339161e+01 8.415894272549445532e+01
3.293212774825042999e+01 4.220046858129844480e+00 5.028262311447186761e+01
5.444613321491685554e+01 1.684405511319152637e+01 6.673678926872781858e+01
9.849291084414916497e+01 9.457747170084608967e+01 2.562829930642354626e+01
8.753632399007607034e+01 7.044936364116847471e+01 4.592717128379774749e+01
5.406109943247290062e+01 8.496001749824580429e+01 4.770376907421577073e+01
3.732073691051268582e+01 4.932474930259858326e+01 5.292583999495150948e+01
1.890776537783488465e+01 9.009077302669906828e+01 5.789834398772750745e+01
6.332689173374889435e+01 9.949622618063813206e+00 6.454140029496157638e+01
1.209606622384923291e+01 7.869767519539905720e+00 5.392843843547717597e+01
4.027855340464950018e+01 5.888102701562232255e+01 1.974092835599464379e+01
4.309830628472583669e+01 1.747867150451579832e+01 8.850525814232597099e+01
5.611502124351743959e+01 6.874368609408672626e+01 3.422971958259874015e+01
9.473891477934415661e+00 9.758708627835366656e+01 3.370588164984838642e+01
4.238081851735741878e+01 6.498639217025750270e+01 2.900968113750892030e+00
8.102591305172869340e+01 5.365781900286202699e+01 2.650609371337269238e+01
6.160798529246925170e+00 1.624984154744414511e+01 7.808771539091412706e+01
6.860242239358910865e+01 2.499017216368898531e+01 1.186204139632712895e+01
6.906153123866363330e+01 5.724077259677650886e+01 3.776147202724370544e+01
3.636114491900638512e+01 2.168142759291082911e+01 6.431760295108080072e+01
9.706680277938704648e+01 1.757152458368258507e+01 5.738233321471304293e+01
4.241850557459761717e+01 4.466887217446648606e+01 3.476566629588852919e+01
8.251348756614190449e+01 4.852556041472411152e+01 6.275564174740200230e+01
3.047609127973257515e+01 1.818084656669497434e+01 1.022288918982274275e+01
7.141191409249158539e+01 1.962342816878556206e+01 6.522985721111244573e+01
3.903764460469538733e+01 4.157748009896514674e+01 4.721250670559783202e+01
3.677085081275431833e+01 1.006199772225900801e+01 3.355340885103308324e+01
6.637343606939384699e+01 6.657844014688708967e+01 2.728048362530731552e+01
4.601026265576879837e+01 1.934472280119374688e+01 2.177949367116806201e+01
2.304708840660740776e+00 8.967465499077445656e+01 2.652581875760483143e+01
2.275338769364633151e+01 2.796014326451318155e+01 1.490056125815640797e+01
6.392628831813627954e+01 7.514295317758657333e+00 1.995757946682827466e+01
6.447567265900929101e+01 3.396606204814427343e+01 6.508389350637733628e+01
5.574247446701420472e+01 2.560211730615130676e+01 6.200694241424316999e+01
1.162736802928806590e+01 5.364103830800303996e+01 4.012166887300100626e+01
2.678735828174407629e+01 6.040049977395000980e+01 8.004951740391325643e+01
9.989046997630767066e+01 6.077627687434245018e+01 3.777154152772490647e+01
2.252071002162016100e+01 2.570960893951117399e+01 4.811228393968779216e+01
3.672777012807092234e+01 9.138145226249442032e+01 4.385435205531369718e+01
3.734445911454354672e+01 3.835345124339769285e+01 7.764127328320718391e+01
6.507883208469019110e+01 6.141688503188926518e+01 3.692184613223229661e+01
8.179041768324394468e+01 3.836386135570113431e+00 8.269524535406431198e+01
5.127498997939296288e+01 3.982502348634127998e+01 4.317960605445675526e+01
6.674155305338310029e+01 1.276542651789736027e+00 8.643267730256297909e+01
4.467395253113928533e+01 3.429665197000781518e+01 1.533475620915841553e+01
4.394653743584421335e+01 4.963227712843788453e+01 4.486244382933021058e+01
6.786600938268971106e+01 4.208965287592260296e+01 8.979707935972062671e+01
5.992775178235918077e+01 8.074779356519088935e+01 1.360478516216440426e+01
3.972912929459057096e+01 3.368477014471527298e+01 5.891004396048725766e+01
8.611135200614256746e+01 7.833821776200666775e+00 1.631308087520989858e+01
8.503177081575988439e+01 2.128500860383574178e+01 7.059556241435134893e+01
5.428781323608051679e+01 8.328935948872295114e+01 1.935358087434523000e+01
1.297829657226112765e+01 5.568183602783075514e+01 8.508362330389702777e+01
4.149977583707542550e+01 3.269421002546949495e+01 5.573231962295056263e+01
9.304486005450310415e+01 8.369278328446236515e+01 8.242279608828374649e+01
2.256858320237709048e+00 1.128581447127622361e+01 5.676003743552281122e+01
8.205764393338496632e+01 2.852443423067665407e+01 2.674507466622277363e+01
7.869757993812008579e+01 5.638185385323158272e+00 3.955115134422802470e+01
5.058092225923297747e+01 5.603486743503233924e+01 6.197018446940304415e+01
3.548457234306582109e+01 6.126843446746072175e+01 5.511868345294517013e+01
5.476161006537471110e+01 6.404832931422122044e+01 3.186895798055963169e+01
8.464875358462897736e+00 1.192716720397434216e+01 2.943085523869124032e+01
5.001979355227852153e+01 8.404427505460201075e+01 5.796231463406564899e+01
7.890406042020471489e+01 3.509756239260914157e+01 4.423826665990254980e+01
3.936818859906128409e+01 1.918731844045015222e+01 1.235249465479039621e+01
5.909160928272267910e+01 9.892166834205860937e+01 2.121423300886940311e+01
4.668481989927375508e+00 7.795316818239329848e+01 1.932116326514060844e+01
8.296438053529283252e+01 7.039366670345154375e+01 9.155726078242261678e+01
4.089272357566719762e+01 6.619698394506340833e+01 4.698755646204984515e+01
6.305886973085434732e+01 4.495989060077373267e+01 1.750293193052021579e+01
5.078974160033808971e+01 5.285842014374423314e+01 7.598574076000178934e+01
7.355207057935811576e+01 6.637916239414440156e+01 1.901548431050506949e+01
7.206162906637149490e+01 5.003051563545147928e+01 8.624750403990879022e+01
9.198709341305428211e+01 5.515659060178546014e+00 7.401212766056346481e+01
3.769739042267061802e+00 3.671696256950226456e+01 5.262993679581048667e+01
1.481007986271274390e+01 7.463138125690768732e+01 6.427315200705853826e+00
1.685990484340368312e+01 5.807968298534756713e+01 6.904914180137538438e+01
9.166431026939162052e+01 7.054966519346238840e+01 5.994370295065445475e+01
3.943411463506642889e+01 1.284425526801413753e-01 1.452300309356103014e+01
5.345545447560391494e+01 6.751298858444197037e+01 4.212532792945074789e+01
7.306790115283902765e+01 5.218622953321787605e+01 9.416962625814266019e+00
1.920162509679488494e+01 8.399982232439428742e+01 7.400089147377562426e+01
8.947619870124950126e+01 1.175572491209365644e+01 9.695738884408874014e+01
2.094067139499335894e+01 1.177987628664201036e+00 8.783872588389675684e+01
2.810738854451131274e+01 6.680194525125598659e+01 1.711919156279781262e+01
5.802285321991417533e+01 9.040349864545592595e+01 3.584353129474021671e+01
6.702539760443592343e+01 1.879035887984165143e+01 5.734167281160014085e+01
3.364503518175101249e+01 2.112082585879516827e+01 3.868941004251376370e+01
1.788410685077993634e+01 9.019161078378827767e+01 3.754091477308077174e+01
2.452793049743673492e+01 4.484078410159328598e+01 3.672007943457206380e+01
7.444192538133259518e+01 9.712199118854944402e+01 4.454476447358958779e+01
8.610333999722404030e+01 5.658630735596194938e+01 1.842940218776937655e+01
6.906227420813415563e+01 5.134344971258201440e+01 6.238999040009314001e+01
8.896874125716649928e+01 4.404345706560460627e+01 8.542220371953754920e+01
7.506690142816549383e+01 4.886049258779847548e+01 5.790214274313885312e+01
3.255811325190114758e+01 9.835972997387742112e+01 6.317321150392309903e+01
4.384685249662990003e+00 3.266219057480087429e+01 5.562829098703369368e+01
5.633327779923980039e+00 2.388419131914276683e+00 4.972209735820975141e+01
3.326901796926699717e+01 4.382986080331659196e+01 3.404249349216492249e+01
1.647177469429809094e+01 6.891433569803376713e+01 4.864659123764535309e+01
2.001542112493668313e+01 3.195894262599983193e+01 5.611081154460727305e+01
7.222934827247784462e+00 1.474530092661795422e+01 2.010357051667484996e+01
8.123173327141188338e+01 7.524092332120092408e+01 6.516412468842170824e+01
7.163253434760279958e+01 6.693854236698692262e+01 4.971980270147950165e+01
6.422781635071149253e+01 3.836155478797464990e+00 5.675819065878490477e+01
7.778777055368772153e+01 5.003583603843901528e+01 4.476358528592749053e+01
2.774267348009791334e+01 6.428020501620824234e+01 6.511024423679488393e+01
8.709675998625425564e+01 3.423340824609907429e+01 7.626517361165652176e+01
5.613558241893379375e+01 8.828364906780791443e+01 4.829621718400509423e+01
5.176298283979672021e+01 5.778770814409091372e+01 6.436956354057249996e+01
9.646904788284609822e+01 7.356335421576565281e+00 1.176821397296764005e+01
9.375503374073385032e+01 5.298756255182060926e+01 5.957130322800045974e+01
4.824236015947288791e+01 9.365745260747448953e+00 6.890791335448452060e+01
7.472246450885869251e+01 3.117033214928120088e+01 3.642597868028968833e+01
8.378413809055184913e+01 7.235725774132662380e+00 7.934838181333329032e+01
2.566616898959144066e+01 5.929847477554939417e+01 7.619433002674253430e+01
6.781225015366464959e+01 4.144298124670365979e+01 6.683881227896220878e+01
3.439796363163701898e+01 2.772584163491861275e+01 8.602978938943296328e+01
7.507902311797877815e+01 6.447199773818176993e+01 3.585975641834303929e+01
4.916082915504816242e+00 3.105687603515561168e+00 5.988117350991697663e+01
7.620327210390510686e+01 5.373791904438550660e+01 8.414390712611341883e+01
3.342653309322163313e+00 3.667520764259401034e+01 2.534922163816946750e+01
4.472729681571220084e+01 7.237639319412247474e+00 8.851360462074502777e+01
2.232554010693609214e+01 9.223077754835847486e+01 4.083884693574333369e+01
9.855241332552179756e+01 5.540583834602107771e+01 8.308918168533828918e+01
5.348988694222844842e-01 7.482388061809001556e+01 7.952403392839588037e+01
1.397205669789540750e+01 9.612585173215148160e+00 3.595316271146545972e+01
9.336789061329351114e+01 5.423865601904387290e+01 5.175832165996447998e+01
1.411261182993218632e+01 7.895110932187865416e-02 7.559312116829694617e+01
8.757456298623822022e+00 6.338498187353239643e+01 8.020110965517838508e+01
2.086519131584310216e+01 6.652728362369107629e+01 1.921744921975183829e+01
6.037551438376129909e+01 1.639317209532027420e+01 6.659215894353637566e+01
3.012312947939081909e+01 4.633910088046462050e+01 5.464132879206849225e+01
1.712734106662395916e+01 7.416378186176208942e+01 3.518758947291240702e+01
6.623718599127535356e+01 1.582830506993736464e+01 5.818089821701595099e+01
1.281880728104617440e+01 4.253564962699836371e+01 3.221777223330503404e+01
7.483752494281826273e+01 2.620350045068745715e+01 7.861471220817672645e+01
8.918202114066127706e+01 1.964413152227858461e+01 6.244716295545582341e+01
8.771764171996432324e+00 3.915370996016292082e+01 7.177581563290588917e+01
6.594232468499163247e+01 6.247006694066079291e+01 3.401215543783821715e+01
3.780249494344020178e+01 1.029461447002861796e+01 6.367941994419108198e+01
5.038887967912734922e+01 7.087656323456545238e+01 2.356419256505382265e+01
3.244382286350662525e+01 3.342153372601146799e+01 4.619314052072607701e+00
3.410478728306235752e+01 8.033045735180334646e+01 8.602062574512262927e+01
5.182183156359274534e+01 4.555016952192202240e+01 1.033024450457737942e+01
8.792043375853826603e+01 1.301021342587271867e+00 8.295056009455042556e+01
4.892162486880906869e+01 3.419344935747265879e+01 8.318091356980825424e+01
2.439099311009673698e+00 5.814248948690870833e+01 5.752701898062122154e+01
2.193204012113820767e+01 4.288874313502105906e+01 6.472113269881154451e+01
7.271311968819274796e+01 7.168587065797815683e-02 8.653710285718165096e+01
1.645253723928124145e+01 2.335804342223591945e+01 3.244832027975593292e+01
3.782013655203531055e+00 1.230521235903249178e+01 8.951950295991416340e+01
3.152167373772860515e+01 1.153010903390493347e+01 1.832131809457898086e+01
7.194599676699718316e+01 8.545686640326408678e+01 3.021728158444313550e+01
2.090951233523496988e+00 2.230900184453557955e+01 1.297414384307975510e+01
1.033949366300415207e+01 4.315081198476423907e+01 3.018332410914494446e+01
5.159458785254233959e+01 2.534937532571903773e+01 8.652264478650235446e+01
9.059439679262645484e+01 5.668061050104660126e+01 3.367296101058936131e+01
3.811468820347355546e+01 4.118522831444969512e+01 6.984309789488411013e+01
4.516389955188378735e+01 8.567299465058974306e+01 8.634781982539895751e+01
3.359461533789338716e+01 5.606944813756800983e+01 1.860914785437334018e+01
2.004690477663589832e+01 4.134657667101600964e+01 2.475376983943558784e+01
8.765604907887176012e+01 1.582862560590980650e+01 4.882634177111695806e+01
6.056992404598756963e+01 6.918639081608444030e+01 3.934841434606892818e+01
8.690990687247285962e+01 5.683191510779255395e+01 4.715119308617877891e+01
6.724063405203661858e+00 4.646894684451650193e+01 7.342144481922795762e+01
6.145410182213154826e+01 8.321624537291182833e+01 4.706535715244809381e+01
1.184617050944818395e+01 1.363984583588107036e+00 3.554279510402536602e+01
6.979904714977924129e+01 7.902599039416938353e+01 3.112722049972310145e+01
4.956539208832471388e+01 4.211189044340816423e+01 5.082908411886833733e+01
2.313487132001504776e+01 1.363711050294583771e+01 2.671202506366041618e+01
5.533238716334610174e+00 1.981307418235770257e+01 9.218357589261074736e+00
6.272584006359782904e+01 3.163754073876828699e+01 9.105076001780626882e+01
1.937170507762978744e+01 3.458285703095938857e+01 3.558233496863965684e+01
8.451496062460539527e-01 8.392079530394589426e+01 1.473787633213277104e+01
9.401798347292414348e+01 8.920743510936206633e+01 5.567789583680515619e+01
5.435955749112920898e+01 6.537779229561563454e+01 4.503341262727686001e+01
6.472222833978554490e+01 4.476838868848687092e+00 1.097617956691267693e+01
4.572304196195443637e+01 5.496223011060349251e+01 7.576699631973816906e+01
1.046606339078962655e+01 8.226479271938893589e+01 2.300469731204955792e+01
3.940836485100318498e+01 3.166024348274128997e+01 3.984370128861478833e+01
1.504954980725855584e+01 5.035700744035549548e+01 8.052208242263009197e+01
4.415340103788969373e+01 4.906135758981990591e+01 8.651585977540948136e+01
7.060581146380307871e+01 4.904544085197846925e+01 3.078190256681850911e+01
8.849267468449666296e+01 5.770204016905583444e+01 2.643533486312551517e+01
2.691197526380103611e+01 8.031330889362459402e+01 1.053941782648134229e+01
9.920921870288201205e+01 1.303516797147917750e+01 7.663302746578702340e+01
3.947753167716828671e+01 4.922161832874668619e+01 8.908910772114478505e+01
4.129111895892132367e+01 5.374937536732345222e+01 1.966620132257823172e+01
2.347473867453153673e-01 2.447998730017258850e+01 6.849447849900242602e+01
1.212648933591367140e+01 1.137619588045494190e+01 4.645197790949225691e+01
6.478370386082265497e+01 7.120719922479304387e+01 2.630888203963971250e+01
7.958814737204244594e+00 9.403970339455442229e+01 2.942628816713656192e+01
8.533464976087238085e+01 8.634914504628183352e+01 6.834880296674553790e+01
1.688336066525700829e+01 8.218014592542003527e+01 7.099976770572735063e+01
5.967229901062170683e+01 3.372020351689527473e+01 3.149096597570388312e+01
1.218892120803589663e+01 5.097570669008714361e+01 5.015785796988376433e+01
3.593389905157872022e+01 4.753590676808685345e+01 3.738089847232061658e+01
6.410060573207012169e+01 9.012592077965632598e+01 1.836426311650248167e+01
3.814088099031233980e+01 1.408686039508613064e+01 6.345208389842363772e+01
7.288705094885958147e+01 9.319127325974558573e+01 2.886247093954610321e+01
9.502112058654302018e+01 6.326267182067479844e+00 5.886913031347629044e+01
5.713271934332997404e+00 8.937741877619448871e+01 4.870895337971090555e+01
6.693483507627961160e+01 8.315739259104525161e+01 2.713474718945820285e+01
3.859156193813384483e+00 8.788811459128521619e+01 2.711027081869447741e+01
1.289789079271652739e+01 4.684612370870865306e+01 5.908708106231351564e+01
3.097060342251012344e+00 2.748956582570877316e+01 5.833985327745796035e+00
4.203353891954989763e+01 8.951000290662443604e+01 8.640722679336778356e+01
6.370475535036275261e+01 1.616376937845917894e+01 8.306223639108942791e+01
5.162478232000604805e+01 1.537493121029180898e+01 8.455717827512029316e+01
7.574690507231029812e+01 7.317052727231515519e+01 6.712166387782806964e+01
2.003398210964423143e+01 2.110066917075260662e+01 6.510265533393886983e+01
2.197227501103968805e+01 4.386716968030488317e+01 6.950772455077454026e+01
7.839525180978409935e+01 4.532617725258596408e+01 7.228612158015774014e+01
8.386217961980567281e+01 6.547757512842602523e+01 2.711941639098508361e+01
2.740117803855475387e+01 3.148411554087353537e+01 1.868618822130934731e+01
2.731596203699451308e+01 2.095192243125321241e+01 4.522240318311432361e+01
9.084375478722648722e+01 1.044803167539580713e+01 7.006522215204253712e+01
6.872830044131276850e+01 9.575419866335765917e+00 8.396585046122162055e+01
5.684722021568195771e+01 3.637255211356842466e+01 7.086891212515263305e+01
2.573654584016340507e+01 6.935098370463204276e+01 1.004439377980329873e+01
8.394080376092719575e+01 4.481708470213185080e+01 5.598666650127310618e+01
2.212378198066836532e+01 6.770737126584479881e+01 7.195628251935974617e+01
4.732131868843987377e+01 6.177269240617943069e+01 5.049368923764694728e+01
8.940913692578455141e+01 4.978691805143191829e+01 7.880981033288875892e+01
8.013520582702486195e+01 4.105048213483565434e+01 2.379312075373344371e+01
4.060821325597709830e+01 8.262173757752201197e+01 3.024712009934210499e+01
5.244363458577493731e+01 8.060967479607474218e+01 3.581995670250893937e+01
6.422096370026973489e+01 2.456315740488145138e+01 2.018962738132617218e+01
7.943842250928562976e+01 9.896862340870683283e+00 2.898925996409787587e+01
8.551094219974400801e+01 3.464692870786672074e+01 8.914055598528352675e+01
9.797343347738596719e+01 2.682760204535566828e+01 9.593914024044236655e+00
7.050632842053791194e+01 4.509865026483437589e+01 1.457114622526436776e+01
7.075228189780428067e+01 3.117490911192122294e+00 7.292990522005906939e+01
1.386525291133037285e+01 1.273118787467250002e+01 2.477689772725963735e+01
9.602663584920665585e+01 6.931693602538460652e+01 7.521250494767281225e+01
3.976349857327529946e+01 3.363127275049555465e+01 2.922280979207190299e+01
4.806480283124089681e+01 5.518287335341685207e+01 6.099844271028362641e+01
2.571185039986945142e+01 9.486540809029906995e+01 1.909986752405880139e+01
9.656531747664122634e+01 1.485612250750378838e+00 5.153096584032555683e+01
3.333678381165627513e+01 4.491234139302508055e+01 5.894076896281671196e+01
4.355891580127090634e+01 4.148468503015949693e+01 6.489320840536485946e+01
6.858762750864646307e+01 8.332712820358479178e+01 3.091532185833238344e+01
6.095285097540635633e+01 5.851947853928538734e+01 4.207877053229137232e+01
4.860575419026809385e+01 3.137821433057287379e+01 1.801496980906189194e+01
2.138012106627328279e+01 1.055136464012010933e+01 6.285135795718740326e+01
6.607273931091515351e+01 9.506063715798728708e+01 7.003559685018311143e+01
5.204583875613144173e+00 8.842451739289542445e+01 7.254469024297152657e+01
4.433203207726986506e+01 5.858630505279215583e+01 8.351014884535926797e+01
5.323043638481662754e+01 9.053218283760897123e+01 1.110197072562322163e+01
1.910518687086828393e+01 4.407549434413178346e+01 4.871979278074836373e+01
8.162278518628002644e+01 9.882621151431868611e+01 4.449300422634937036e+01
4.741563614008493133e+00 8.011715032953247828e+01 4.953780792307787806e+01
1.985428588682016482e+01 4.948284566214201874e+01 7.028685152404619885e+01
7.704117870686437186e+01 4.996184119987619709e+01 3.656002298602061984e+01
9.737425820384935093e+01 6.633626109564929152e+01 4.045387971383222236e+01
2.804632242046524127e+01 7.311029830035622012e+01 2.538748795678094083e+01
1.717099889736881835e+01 5.298338889620703185e+01 3.295885046163380849e+01
6.289051449236150404e+01 1.179386748742334845e+01 6.177228781330919816e+01
2.832965279977022277e+01 2.429344345127315563e-02 2.280671440515356352e+01
9.336153778350940513e+01 8.673546391153578838e+01 1.669770809197853012e+01
7.783719045454911623e+01 6.085715931739742501e+01 8.378057737329093868e+01
3.736056595340591002e+01 6.814606125171712847e+01 1.583605166306178447e+01
3.962473468164059653e+01 9.638176611881804945e+01 5.251607564059164446e+01
2.878795033348445642e+01 1.202709631286068515e+01 6.879191496156983021e+01
6.448560434297267818e+01 3.739387136037746018e+01 8.696625222758933660e+01
2.220281298785031776e+00 3.037238516318258164e+01 8.291335267159330158e+01
3.209354383194403937e+01 2.522528338551703797e+01 5.068999726422208596e+01
8.238017499205379579e+01 1.031467608783610501e+01 9.473057159144974548e+01
7.950728811811640639e+01 1.812502555515519376e+01 7.267486320457074100e+01
3.849587226375571447e+01 4.022946780763187036e+01 7.424923915974771660e+01
9.627848079807321824e+01 1.266558728471939332e+01 4.298100127499214551e+01
4.809416080843035246e+01 3.763118169549976244e+01 4.017162064738675298e+01
5.226866756159653349e+00 6.855386205626233220e+01 4.730238383178477335e+01
1.947938026439267745e+01 8.160335023020684275e+01 7.550781675586141262e+01
4.863916280888938104e+01 2.984506611477605276e+01 5.732809350767352896e+01
2.881521357774030534e+01 2.360079303237120385e+01 7.520110484592478883e+01
4.032523972095070519e+00 9.476847103459395072e+00 9.923727019414606332e+00
1.529431864754261561e+01 6.899000871045945615e+00 9.776560881365320199e+01
2.888099699540895671e+01 1.492680126692472697e+01 2.877825936026865605e+01
9.361255715401345867e+01 5.201602230243956626e+01 3.710927747095990270e+01
8.733914579092193264e+01 3.949902705490324450e+01 4.132282880563210625e+01
2.072825225497355461e+01 3.777968239094114722e+01 3.541410042506259259e+01
6.773039592981410806e+01 2.895827046707271180e+01 5.597036513631450561e+01
6.589216503197270924e+00 1.912891566965143753e+01 3.668952421405132469e+01
9.369492539086954253e+01 3.772519857156954259e+01 6.520086438924018069e+01
2.550872224213981454e+01 1.270335759732317271e+01 1.112814827747804713e+01
3.054134985427513627e+01 1.576610267969079615e+01 2.072844702436050923e+01
7.607593083869500106e+01 1.583807094487421629e+00 5.184584216748974939e+01
3.794613805934648099e+01 5.065499999085471927e+01 5.604464432297967846e+01
3.133676944572781764e+01 2.951088601842852910e+01 6.190276086193472338e+01
8.712769881211571033e+01 1.925816324585278849e+01 1.546605650211562200e+01
8.977958063920259235e+01 3.498954636473986568e+01 5.731240855794425215e+01
3.595431445200034659e+01 1.258023363460513089e+01 5.133753653798884642e+01
5.251408517696296485e+01 2.029935591911972281e+01 4.591283224529366436e+01
7.969475040156459045e+01 5.904261031078913646e+01 1.369445095983965999e+01
5.480214972291350506e+01 7.027382992895869052e+01 7.135107766336294333e+01
6.291175786342667919e+01 1.526581645407837406e+01 7.301530582448945950e+01
6.773418460815163655e+01 2.442688294063322108e+00 3.520860106537988798e+01
3.329502469623732708e+01 6.694120642536434218e+01 2.910957798556871268e+01
5.908719229742585100e+01 9.132059618141722979e+01 7.146417865981760542e+01
9.214577362165303498e+01 9.785059669326899723e+01 7.085486150934769078e+00
6.227412763774775328e+01 4.128393977589064434e+01 7.394031904632041119e+01
2.518147020091316790e+01 9.810294891150761032e+01 6.147634511913430089e+01
7.935374022288308993e+01 8.559955282276831667e+00 2.254388617890565172e+01
7.584036730342032229e+01 2.198652203932360827e+00 7.367274478687622263e+01
1.394901869191145227e+00 6.571188390612732633e+01 3.858094559636573706e+01
6.114948527191991445e+01 6.960314069891137478e+01 3.559486835302042351e+01
1.079624481108355560e+01 6.964586774826564408e+00 4.822739558280095196e+01
5.206553537341115145e+01 7.422010091211325289e+01 4.792513221030566939e+01
4.224457900308791380e+01 3.980871782362308409e+01 1.417316961095584915e+01
3.355572016966571169e+01 9.760201575244941807e+01 7.344692238281851360e+01
3.293780670342177075e+01 5.877954050663721830e+01 7.300462284993919582e+01
4.412743367500686986e+01 1.795786375015095970e+00 1.270168761294677751e+01
5.103927213487066439e+01 9.694393756758783809e+01 6.192683996973352833e+01
7.091619143856952689e+00 1.893608757918627816e+01 7.113992123662845302e+01
8.414397599562447283e+01 6.176945861885908329e+01 5.645127394784200447e+01
2.833745038338464362e+00 8.285302595815085169e+01 7.105460789867314020e+01
2.590351441033471502e+01 7.086767199655069760e+01 2.568832353365165133e+01
4.033016105151299158e+00 2.011365425903772675e+01 2.557589326954568065e+01
3.377479967348472201e+01 4.184494971754580916e+01 5.490291473906025033e+01
4.767538755083281643e+01 2.706746059652893521e+01 9.678702979638972081e+00
6.051016222371507070e+01 3.957448298473543957e+01 4.041453659148524480e+01
8.669410428305123162e+01 7.467433077981597478e+01 7.755166353799481271e+01
4.949827947124610006e+01 1.309312521267774798e+01 6.850942074526233228e+01
2.060737799371752388e+01 4.412296690917168007e+01 2.154011493979384895e+01
8.253084024229823967e+01 1.259406410475005700e+01 8.256523787847504536e+01
8.642306022615571237e+01 4.645827644392460343e+01 6.345665330275470950e+01
6.194450738181532756e+01 8.030756423377448527e+01 4.394281517201189757e+01
7.858084842443500406e+01 4.624568170651479448e+01 8.259138627520569287e+01
4.863721008251475553e+01 4.626192719337295500e+01 7.125580914876896088e+01
8.215776917608378938e+01 5.544891143211707885e+01 3.111763997178436014e+01
4.677582309575794994e+01 9.680725029096784340e+01 6.477388564568174445e+01
8.111626038791321491e+01 3.282549881924012869e+00 4.773667276904162549e+01
6.466211336575553048e+01 8.300326836280747500e+01 8.805851245411002282e+00
8.524388856418731564e+01 5.484009367419117353e+01 2.319967690197674415e+01
3.172552164497000149e+01 2.819295517515607585e+01 5.468463825791855015e+01
5.168567991113182103e+00 1.585361584999235340e+01 7.592355791620242655e+01
1.326039907468110712e+01 2.333962694581269659e+01 4.441314485372905096e+01
5.171208881133304658e+01 7.636104796141586348e+01 4.218924877170667287e+01
7.898646210355387609e+01 6.183463070454574506e+01 1.887628027485552806e+01
1.563314383928385887e+01 4.370337254497707846e+01 4.768701408820903254e+01
7.435442696372945193e+01 5.807371397973518867e+01 3.633718024132320323e+01
1.707602834503856215e+01 2.268371023254951524e+01 6.308098459952245918e+01
4.234388048997924869e+01 5.149275088606720630e+01 2.717198410314029644e+01
6.629062523445658428e+01 8.525387408559670632e+01 3.497900611972345786e+01
4.915142258318265789e+01 9.755273290209018455e+01 3.679358251370783961e+01
5.950463449237611968e+01 9.019570020024437085e+00 6.254999373236197613e+01
8.963177330461791215e+00 9.592354353238221165e+01 6.260295621709082070e+01
7.881597881357063784e+01 7.041043607716368058e+01 5.372466303354917017e+01
4.499127810855053866e+01 8.583733797610624094e+01 8.950057281272427190e+01
4.990361729040812833e+01 9.315350491552619872e+01 5.713253596712564075e+01
5.383841868964331923e+01 4.544827329553567097e+01 2.482522621426457121e+01
3.719660818059189467e-01 2.415062268560612679e+01 3.972295175368763864e+01
3.799599522597525691e+01 4.484852280026338178e+01 8.654491187005930897e+01
3.502723706693275574e+01 4.521829393601078806e+01 1.446618630889763502e+01
4.795773243698764787e+00 7.754095145924947019e+01 5.690707964449671863e+01
7.607048060438950188e+01 1.498627988865516336e+01 5.420924484570702617e+01
2.536424743413755323e+01 2.280618169000199202e+01 6.745016120646325497e+00
1.303407235690718835e+01 3.092681114996953440e+01 2.866987587639770396e+01
9.858584404109375043e+01 3.086326485239506567e+01 2.322426650926255931e+01
1.990823128279577503e+01 5.877032283414764890e+01 1.789248096427105850e+01
8.624341301411568850e+01 9.614996792371472623e+01 3.746171697735602635e+01
4.500952685908593764e+01 2.213445102949707088e+00 6.387474114063137165e+01
4.139260580525888855e+01 2.700584661015557231e+01 2.208745389682984239e+01
6.540230776587604566e+01 4.162170310323144662e+01 1.939488660803068854e+01
6.891090814868240955e+01 5.650722830366936478e+01 8.230876193830900434e+01
1.174758988764929057e+01 7.856666019444561755e+01 5.488422058478293764e+01
1.150109368280978117e+01 6.948207298717207436e+01 4.404945927174967579e+01
9.449847855558431320e+01 1.416113506178993120e+01 5.192692413876313395e+01
3.819800454629459807e+01 9.568146705908777960e+01 3.567282925085948619e+01
9.621859094918001176e+01 9.014858511007490449e+01 3.389297391836861806e+01
8.035417768264277072e+01 9.956042018035059016e+01 3.010560141804410250e+01
4.367771693233196828e+01 5.201807365667596628e+01 3.623698800660957886e+01
1.526483964602975973e+00 2.201292441975266456e+01 3.936303203700441600e+01
4.435997013181871296e+01 1.711024784134018617e+01 7.897904200804427433e+01
7.049111327313360675e+01 8.520047755966198011e+00 7.281507389460767854e+01
6.536564764056204524e+01 9.562211736436276510e+01 9.479852809290783000e+00
2.479324498058072024e+01 9.277914793753154754e+01 8.823404961205825714e+01
7.205864193706374010e+01 7.657633210475400176e+01 1.333428353436408109e+01
5.138758347782336244e+01 2.315829912889994091e+01 2.974278402413317934e+01
8.103032991233325788e+01 1.350381366805474315e+01 5.082298784452564888e+01
9.385782395860330496e+01 1.858320555653425288e+01 9.410217115666040399e+01
9.942879857610590477e+01 5.556171546824029406e+01 2.246074927510318631e+01
3.161048879408956225e+01 4.244928326765351301e+01 2.846841695886908497e+01
2.806355798765157772e+01 9.722297092163574916e+01 2.274747362429664932e+01
7.333279087168622823e+01 4.102894391748712621e-02 5.005614748158451022e+01
9.159430039540524149e+01 2.879340940932190307e+01 2.212229019191642010e+01
6.516797948784270034e+01 7.126014072983932124e+01 6.524159168136039000e+01
3.193168800213740255e+01 2.522024021593308873e+01 9.599484162820419897e+01
9.232995082699294187e+01 4.573166098928203382e+01 7.865649279534464711e+01
4.523234776342960117e+01 4.243890180725104244e+01 2.171651983175645029e+01
4.264060564919728336e+01 5.374169385998069970e+01 9.944445828367918239e+00
4.441130051754063857e+01 7.813562183952002727e+01 5.834053260777598382e+01
6.351569888639350125e+01 9.095554284372025222e+01 1.018664244866257285e+01
5.570475861922341210e+01 7.873488484097070739e+01 5.292179756266740753e+01
3.238955525803791602e+01 1.362505650919778688e+01 7.678219753066481701e+01
4.707623923876029437e+01 8.781151969857013739e+01 5.129405100482075142e+01
6.741921166150007139e+01 8.042611543784499872e+01 6.014526938416708646e+01
3.980548406789377225e+01 5.136333839286509573e+01 7.410466994037669508e+01
3.736502963729842008e+01 3.881214567684970973e+01 1.430308651680789112e+01
9.145844352217477535e+01 9.103631494544172753e+00 5.693198863507837615e+01
4.131944788027976756e+01 4.056193902554423403e+01 6.495059888317025809e+01
6.709373262987872621e+00 5.937057829514345997e+01 7.350810138860882148e+01
8.282127578865942041e+01 1.705303893937752946e+01 8.202884389032017509e+01
6.561460918474422499e+01 8.818548008206828115e+01 4.563714127450905522e+01
5.420333450972020017e+01 9.190382770286711889e+01 8.416232801156996857e+01
4.481608733690020330e+01 2.744126316356817341e+01 3.964556571821846376e+01
3.877643285297497044e+01 2.868668749827939379e+01 2.541686814852355880e+01
8.610629364797193830e+01 6.986192068466168692e+00 6.783745631623139616e+01
1.728200514564522905e+01 3.445058933940632073e+01 1.482537853060901512e+01
2.699736368554620469e+01 7.684210711172421782e+01 8.003677852485898825e+01
2.215271519023670521e+01 4.635478392589218544e+01 4.030824160310307036e+01
8.735753057597341353e+01 7.627990528758054722e+01 4.716199106611550462e+01
6.707472004717733682e+01 8.473550539093668021e+01 1.737313523369950374e+01
4.028900310500485915e+01 9.072431672770787259e+01 6.257644547241425670e+01
5.428413743340746578e+01 5.296445270351334500e+01 3.569611157590492923e+01
5.205205336415145467e+01 6.553831994634532521e+01 4.240969644482741785e+01
7.141531463921739942e+01 8.612322272603859119e+01 2.228470081838369410e+01
4.515470228174244482e+01 4.080200912850811079e+01 5.831319891209331985e+01
2.498674652579293465e+01 6.402509149522762755e+01 8.061950296371537661e+01
4.181315997936226836e+01 9.110156999792199883e+01 8.246703650989759637e+01
1.060920499479520629e+01 2.330531879848586385e+01 8.624949728036767738e+01
9.583276864813868201e+01 9.770727538675849644e+00 6.929898005839006281e+00
1.611000232564222401e+01 9.960127833822483012e+01 1.951242884916865705e+01
5.025476067220231613e+01 8.484177264305110100e+01 1.343315221399380377e+01
6.044889822584595152e+01 2.770254488696243200e+01 7.771344493396308906e+01
2.834611492640791752e+01 6.867557202819088502e+01 6.526773322845942005e+01
2.214935488596400148e+01 3.479919986835011692e+00 4.379937103996429926e+01
2.891931519658697169e+01 8.089777496137085677e+01 7.879840347462790362e+01
4.570239521926254866e+01 6.065122253232188854e+01 5.270713472565930147e+01
8.271581484276234164e+01 4.250024141231975250e+01 3.457055759988701027e+01
2.650349181405474752e+01 5.361922792822041117e+01 4.505335266643135839e+01
4.401207709849362004e+01 9.113733908970722553e+00 6.541386501538927689e+01
2.137366879819106913e+01 1.969536302087213642e+01 3.733433376043922181e+01
2.277783416178014164e+01 5.838582673080153995e+01 4.112530335380748170e+01
4.489117225927900989e+01 5.371693216040288377e+01 2.120160668661853620e+01
1.557516228655297930e+01 8.804219028736048358e+01 4.583953879549161314e+01
4.120936096325391418e+01 3.561215027284148071e+00 5.682619653392909953e+01
5.541697216110000568e+01 5.588408709546664710e+01 7.000672964474628657e+01
1.774818349910117732e+01 2.522231342306188040e+01 8.013880457103185506e+01
9.471706168433939865e+01 1.359327473673206299e+01 4.600955473688690489e+01
2.141762527395868432e+01 6.007316835498244245e+00 3.801464719616988219e+01
1.436876251842127417e+01 7.099330734342463245e+01 4.721746999983717785e+01
1.438344709903108765e+01 9.241588405514367111e-01 7.330490710092482232e+01
1.761944061642475390e+01 6.062166422207659622e+01 4.293469835366227016e+01
5.854859383150355967e+01 3.156536269823240204e+01 1.297698291539563442e+01
2.229500085577535984e+01 1.880585664790756084e+01 4.779410000775364864e+01
6.582837834261573562e+01 2.638060749463575405e+01 1.349102342588892611e+01
5.189373642647569085e+01 6.057594893589720897e+01 9.125196355187776476e+01
5.894708030932468290e+01 4.711725593781418553e+01 4.995177501099779960e+01
9.279006298620269888e+01 8.283781456016463096e+01 3.684049744215259636e+01
2.372543636571372616e+01 2.626336123660736277e+01 4.885432937257835562e+01
7.440494512285778228e+01 5.032192071829621227e+01 1.833145445030601550e+01
7.235807004399809728e+01 8.059701286709538692e+01 2.522302138362105239e+01
6.641257392833503559e+01 4.265919010543933609e+01 8.235699239488619128e+01
8.452255581607398938e+01 5.254319983096422675e+01 6.566879672274731661e+01
8.833497010221039147e+01 4.957170100782754929e+01 2.579350089271417090e+01
7.536661379095812663e+01 2.200662547846917860e+01 3.643458134961588257e+01
8.657272371067936945e+01 7.244223402693150149e+01 3.382910608296658950e+01
2.147445024083573983e+01 3.559683908322364942e+01 2.856894819055795409e+01
1.760892879438539183e+01 7.433329135656566677e+01 3.115710794206741951e+01
4.541674701677638382e+01 3.858594468361090435e+01 8.923309290016806017e+01
3.910922441482205159e+01 7.998248279675479466e+00 1.638077799126476108e+01
5.907537213530648046e+01 5.993635517382656275e+01 3.826997027997516199e+01
4.318436923120296456e+01 5.393258284087121268e+00 5.504891079125325604e+01
5.047394753803516920e+01 1.495493185569445416e+01 1.675603782365968542e+01
1.235724905994904965e+01 1.010282464912585176e+01 5.821431191330403720e+01
1.964826524029186317e+01 2.514301521874634560e+01 2.635176378588855428e+01
9.578353044485029955e+01 8.546174631518354659e+01 2.311785828887833460e+01
3.275662939221260217e+01 2.098928423049971670e+01 4.940158696764696344e+01
1.961053247425359469e+00 6.713680088967957715e+01 5.274664851885469119e+01
8.986389283011033058e+01 1.643926843284141270e+01 7.170264800816357820e+01
7.919610144667157670e+01 1.271811892168869207e+01 4.352110246508086533e+01
1.701526411445168918e+01 2.547205004575489085e+01 3.177442995680663174e+01
5.562363940257727535e+01 4.114109317604655303e+01 8.522405952640228577e+01
1.263701419470051235e+01 9.736921348501988405e+01 2.663214784911190947e+01
7.728739363818530705e+01 3.389699261728213742e+01 2.216648777615434440e+01
8.578891852462399470e+01 3.088608992364632044e+01 6.529820829846364916e+01
5.664436850866265871e+01 4.717563093908743355e+01 4.904783234163044625e+01
7.322379140922875251e+01 8.777291412344057520e+00 6.741078125301909552e+01
8.958121013985787329e+01 5.778819701986415147e+00 2.251877317564460057e+01
7.166319367020314246e+01 4.372816482446175712e+01 3.397765851535380932e+01
1.369666345442358590e+01 5.067700407177881061e+01 1.295684679163868225e+01
4.766204563105404191e+01 7.636152989616566344e+01 3.424269205496545254e+01
4.807861681797272979e+01 9.920159693968356862e+01 6.334413138403530752e+01
8.413567713051986630e+01 4.148476065605457563e+01 7.164059253064357335e+01
4.050917294132183599e+00 1.229111825422449833e+01 2.956760386129933593e+01
4.019519246152195535e+01 8.457448783257632385e+01 3.657199097475449889e+01
6.546211935154629202e+01 7.093142948034834205e+01 5.631074674714074035e+01
3.572419681701362038e+01 5.770533417135442988e+01 3.273053141745692329e+01
8.387373855201207817e+00 9.928039781860144330e+01 2.024425619585487368e+01
7.234838383605735501e+00 8.785307492071558499e+01 3.536653242964280963e+01
6.502969740735076698e+01 3.290057296622328664e+01 3.792660872565603114e+01
2.621129720167964905e+01 3.430440057930101716e+01 3.809286356657013783e+01
7.204160690923428945e+01 5.115361942347917790e+01 9.600296747538801867e+01
4.188039383877550925e+00 5.030683226320281420e+01 5.562047237454375193e+01
9.201969860742738661e+01 4.915852362142758558e+00 5.233766236561544360e+01
8.536299285279569915e+01 2.419277281192365692e+01 8.269232429637600035e+01
1.904340927429182262e+00 7.324546291337297532e+01 8.423749378541587873e+01
6.571976616400621651e+01 4.390292439804479585e+01 7.599604196181935833e+00
9.201138133226287152e+01 4.702962226915747834e+01 1.269993720613429922e+01
6.898210713287619456e+01 4.818372535762581776e+01 1.502682891240730534e+01
2.142718093102595844e+01 6.449068045584627207e+00 6.161604811394836645e+01
6.220294792520092386e+01 5.057422983554443618e+01 7.700190143734120340e+01
8.610088213080135233e+01 6.156243966831266334e+01 8.277925173805355641e+00
6.952296557477356487e+01 4.179992169203515573e+01 5.492301003788902847e+01
6.490806020188844627e+01 3.502366143270767651e+01 8.682117215636395713e+01
1.339748667497812029e+01 6.715118072810373917e+01 9.480119699660892962e+00
9.246511054051808287e+01 1.125041332380915016e+01 2.475355237810297737e+01
3.330076330522442163e+01 3.735662860390805662e+01 3.046920419798060919e+01
5.851216609271246938e+01 4.429140980419635554e+01 1.314073917326050633e+01
3.196520622553006419e+01 8.104329135731704525e+01 6.077919431295675423e+01
7.248708535798805030e+01 6.981169240835235712e+01 3.312183983241288132e+01
9.966392207677587933e+00 2.724671840330960038e+01 7.813532428703165067e+01
9.804707977830710774e+01 4.938470147415613098e+01 5.803027332567228136e+00
1.400448121342290264e+01 3.220805753162657936e+01 6.081216975490701770e+01
7.509364580531396882e+00 9.433572987098816043e+01 3.416113523134513486e+01
9.125842179248230934e+01 7.805218027570217032e+01 6.736070899942501455e+01
6.067195797822320458e+01 6.267838170518446361e+01 5.809159827350659810e+01
6.287213870255821035e+01 5.537282313983612170e+01 9.182249414106030372e+01
7.322905674256961106e+01 7.769463883925212144e+01 7.621827380726858792e+01
2.156397627258491667e+01 8.380415909506078620e+00 4.039989671337582422e+01
5.140806956192732002e+01 8.291817799499176544e+01 4.898432371747850311e+01
5.708530255443127288e+01 5.270709385134583158e+01 9.669747465518589991e+00
6.152148965969139738e+01 8.280432857742522401e+01 1.685198098417345847e+01
5.943317339265957600e+01 5.936105444464143943e+01 1.867558171428862934e+01
1.234635737307360159e+01 9.800519429764847246e+01 4.746554059386001967e+01
2.274217287235292773e+01 1.713245444543749585e+01 6.011856936105161964e+01
6.094452973272787943e+01 6.435521229874174765e+01 1.503892435102508784e+01
8.935345834984369162e+01 3.892663968090482740e+01 3.209412694883467054e+01
4.623614472477392212e+01 3.900660657476282722e+01 7.375014743583265897e+01
9.292609751978920940e+01 3.034532164496062023e+01 7.577669053541006861e+01
7.815231295330671912e+01 9.308076723447618406e+01 2.309888936119522640e+01
5.769591501209790607e+01 2.745445847404446482e+01 7.945283032475444429e+01
5.324190571064257860e-01 5.648191628863961000e+01 3.643354217580561993e+01
3.226837070778202587e+01 6.449063238649169705e+01 8.791005786278640244e+01
6.091953913933262044e+01 8.531729786467224130e+01 2.704962740516770481e+01
5.195018547649811325e+01 4.505365390670760206e+01 5.814817012923997552e+00
5.568121431407401190e+01 6.615243241461749335e+01 6.287863851330036624e+01
7.362798987834214870e+01 5.713395284530771079e+01 1.812174507814601654e+01
1.164455240847114226e+01 5.964745775439524067e+01 3.235453433823461467e+01
7.964512903476583361e+00 4.296027434485467467e+01 4.902121674849348665e+01
3.287459883496065771e+01 7.204337022257779211e+01 6.796766361990850669e+01
3.328183610916719459e+01 7.548725289085605539e+01 6.096163235970409744e+01
6.374453787179020736e+01 5.534277007870680620e+01 7.539532835425301727e+00
6.965071834768890824e+01 3.760417911091564491e+01 8.987817203788766562e+01
8.179847710772052949e+01 5.876944695313122224e+01 2.883643958307435895e+01
2.037173932776665808e+01 3.403848376775491147e+01 4.246988197729385206e+01
2.960655100389470817e+01 5.149294953924827922e+01 2.201376142158378713e+01
9.777128128254999240e+01 1.079245549649938596e+01 8.116402179810521034e+01
9.135780114026948695e+01 5.253604818194980197e+01 5.520171516432860415e+01
4.360482979725878039e+01 6.300345775424381856e+01 3.253985381590717196e+01
3.011590197854453521e+01 5.782297861695136731e+01 4.682842120652466633e+01
5.795363691499810699e+01 2.866605812870229997e+01 3.357409089115677858e+01
8.389796062890930273e+00 5.227637227220571781e+00 3.137632247718025624e+01
7.424685933054576026e+00 1.037747086347406977e+01 7.147641315043142640e+01
3.887369701668930144e+00 6.589427939347427809e+01 3.253892688972482006e+01
8.715456807081264401e+01 4.849922845774995750e+01 2.825293994772993145e+01
5.176389356894345184e+01 3.819580190452688129e+01 5.808130369950693961e+01
1.145328683263482361e+01 9.969905028125511137e+01 3.785906592032373652e+01
3.482306397073686810e+01 7.102098483162649245e+01 2.849039290524871149e+01
8.332743050287577091e+01 4.542707243604252909e+01 7.207693422485039036e+01
1.074532164418865499e+01 8.461191855551118124e+01 6.486155422689279249e+01
2.117167784619656956e+01 1.452860097457866573e+01 4.131656927628156950e+01
9.760705860319043836e+01 2.568315745670586381e+01 4.785684997553362763e+01
3.002022571733631295e+00 3.972275295662325334e+01 5.816863766916672063e+01
9.531246125079650255e+01 5.167360449400644029e+01 7.941144476980949207e+01
5.471276425689005407e+01 4.078501343551810265e+00 3.450898347247036924e+01
5.755495078311032842e+01 9.505939659311243872e+01 7.891835789532251511e+01
2.283556141788476523e+01 2.201098300191635104e+01 2.999196218306913053e+01
9.224988963025030841e+01 8.526661531017207096e+01 7.199783370851345410e+01
3.927351142242275728e+01 5.043807042987668154e+01 4.325571873078988716e+01
2.533981075593726473e+01 5.050280461487669470e+01 1.324090191996998023e+01
1.318103734974591745e+01 8.865895961689463434e+01 6.103563931050055658e+01
4.228684090590870426e+01 5.171503622838772429e+01 4.391236585991003238e+01
7.407798671606724383e+01 7.841871792320796430e+01 7.606264274395658731e+01
7.226117248344495181e+01 2.045043386927958196e+01 4.080614326102385547e+01
4.698454349836749344e+01 3.307929914276556360e+01 7.464576279948394699e+01
3.293535242499546456e+01 1.382320867853371560e+01 4.055774771019432734e+01
9.799144327823803735e+01 2.258814129335758736e+01 5.784180777149649089e+01
4.329730498397063343e+01 7.102456764932663091e+00 4.313111431678044738e+01
7.021643286483124768e+01 5.132199758278187574e+01 8.659657087056874047e+01
2.889370166575826460e+01 8.624917130396491771e+00 8.274882813723809249e+01
3.781963495282190024e+01 5.764055514536333646e+01 7.432522997224548078e+01
3.243136638755805734e+01 7.161645381776111208e+01 2.044310581626985979e+01
2.912937472055052623e+01 1.447106361365199056e+01 6.904299487565428706e+01
2.226492352267853647e+01 7.174035554052102270e+01 7.816268598661559963e+01
5.277722090688769896e+01 5.400291922606876938e+01 4.597804968415137949e+01
3.258901433936427594e+01 4.756550309249170994e+01 5.566452873123500922e+01
9.859915721706593672e+01 9.377645593182242578e+01 7.829447888341366024e+01
8.891305357048582891e+01 4.678491832920429516e+01 6.631214439140310901e+01
8.950667229362142052e+01 3.929507649913530543e+01 8.769737102340226897e+01
4.157860620691830178e+01 6.010826653932156205e+01 6.933008634888909683e+01
9.505920130759383824e+01 2.446162740522660428e+01 7.101505740487353080e+01
5.208155861440821610e+01 2.685571406206410572e+01 7.039482766200465846e+01
5.522222801738465847e+01 6.609738206496757584e+01 3.060923117113665981e+01
4.812739518276050177e+01 6.173542509880670792e+01 4.245865253442136833e+01
1.983725398477013258e+01 9.616404923153039874e+01 5.040921829111341168e+01
7.339203702877004787e+01 4.110471935560580903e+01 4.105165597714475467e+01
4.071642984671250076e+01 4.091966437856498118e+01 5.211917017336125468e+01
5.434698699813631606e+01 4.971538158828716547e+01 1.814372602409043722e+01
4.960754785005311618e+01 1.691039004206514917e+01 1.771504319606059497e+01
9.326457173411677104e+01 6.049500131477042686e+01 5.839044733250641173e+01
4.017936703333637638e+01 9.089808919148642019e+01 6.627634220004891574e+01
7.691698695235874084e+01 3.685624690277138171e+01 9.128341524515005290e+01
8.204612901583149664e+01 8.539484630145436483e+01 1.746082514510546702e+01
2.709632078712195380e+01 2.856265996835770693e+01 3.373153229816377774e+01
8.554081621042880101e+01 3.188479520859210936e+00 7.049841307081536002e+00
2.739148706299037173e+01 1.998729746494436554e+01 3.128701462479737572e+01
7.979431892533000337e+01 5.631265938920468983e+01 5.998364553033707303e+00
4.293227657041952483e+01 4.078849268503589087e+01 1.912386225969498099e+01
6.761417886014571366e+01 7.020971883794911150e+01 5.927620440761482001e+01
7.284709455585920068e+01 5.282693229680113234e-03 8.125443129751765525e+01
8.142087670546629852e+01 9.039816965892852352e+01 1.155271150518540679e+01
9.338587957857393462e+01 8.097885286881046341e+01 7.376888805057025422e+01
9.328738472196851816e+00 7.387780289185977267e+01 8.320571693893951704e+01
6.785473414181606699e+01 5.705614046246064675e+01 9.115536572607240373e+01
4.429371217344360190e+01 5.992935663104786670e+01 5.621621275507892790e+01
9.328462213602990971e+01 7.608472676550725566e+00 5.304335109149766225e+01
6.869524413854382772e+01 7.919065384222369630e+01 5.144975768207782352e+01
9.089177441214539499e+01 9.419914468838716459e+01 2.079973005442996126e+01
4.023705395413743702e+01 2.345902172115443829e+00 2.885909050687638810e+01
5.368682179706021174e+01 9.107949305099488413e+01 7.614601691057718824e+01
1.274997266719857336e+01 9.303037474089570935e+00 5.663365098486231375e+01
5.321179724587826598e+01 2.663776414300238571e+01 8.954367178445586717e+01
9.273664094615534736e+01 4.026114383401626640e+01 8.467466435373611944e+01
3.839488942629726154e+01 7.368168318297001917e+01 4.528025835865039994e+01
1.225831565071829843e+01 9.279342012370214832e+01 4.153751741276228415e+01
7.344870403224035726e+01 3.671738144312921293e+01 1.399148226228058789e+01
1.005303586918359038e+01 4.962194794899244243e+01 6.244603459750488383e+01
3.347353265792790467e+01 6.954884591776503555e+01 6.621084049785062575e+01
7.039359073278308188e+01 4.925218540205084139e+01 7.737449646516368773e+01
4.891965179806155817e+01 4.502651934966381475e+01 2.694299552073109894e+01
3.076550873563365229e+01 4.233449251830334603e+00 6.201176949788698067e+01
2.485357439270928737e+01 3.041552544854651075e+01 6.615058270771162086e+01
3.272211831614539079e+01 2.421958920131421777e+01 2.635557799928628242e+01
7.748584021819559098e+01 1.297062579900268808e+01 4.762320128404225272e+01
5.069301160771944126e+01 6.873899126857145347e+01 6.301579884962955447e+01
8.107206729451748117e+01 4.475143392623815330e+00 3.099209252298627959e+01
2.801341187753797612e+01 1.460169055921082304e+01 3.267321026482529334e+01
3.097653141429034207e+01 5.218844619274782559e+01 6.273767324562151515e+01
3.811005136118140513e+01 7.194702313133811344e+01 3.517057566097785326e+01
2.902836773147603466e+01 5.411880558570243238e+01 1.099528834532907773e+01
7.978912363400036512e+00 4.179695435865270525e+01 9.036549811374543140e+01
7.215117798434236818e+01 8.812656950055774985e+00 8.175013792828370640e+01
7.323007706081810397e+01 6.109465257026531759e+01 7.042823892535079722e+01
4.041098477429571290e+01 2.215010508538527390e+01 5.412959975595408224e+01
5.488417555934738346e+01 5.383263720099120775e+01 5.929358897041778675e+01
9.487049182391807278e+01 9.022456230962313839e+01 7.914868572621328724e+01
8.014168109086271841e+01 9.434281072652854050e+01 1.846971187466804665e+01
2.651232614457395087e+01 4.950559456545848747e+01 7.939951064432271721e+01
5.051657115227325079e+01 7.480347393415887325e+01 1.623123467182225355e+01
2.524138129765601946e+01 7.317760950376724338e+01 2.024050701967262356e+01
3.513559346549267559e+01 2.648662578135714085e+01 3.995201233031971100e+01
7.083240490779702725e+01 3.678471811428010341e+01 5.161670058075868184e+01
9.993187705440965019e+00 8.050176932346278136e+01 4.250079574931066162e+01
6.485341590333423767e+01 7.253896016618325859e+01 3.078033559433673361e+01
8.846749849533499344e+01 6.162242516069529330e+01 4.798338088507721721e+01
1.823351835782195351e+01 9.423009379012067654e+01 7.799911686752409423e+01
2.080245627332488567e+01 3.377107747242244784e+01 7.401053960006532861e+01
6.956776632153389528e+01 7.657842927157243196e+01 4.506068005509963825e+01
7.164762626421669722e+01 3.864937228639136890e+01 2.689834550190034079e+01
6.326770348413599265e+01 9.760139255987941453e+01 3.344408908161475580e+01
4.609695922125396095e+01 6.740013710698535476e+01 5.472655186778446534e+01
8.434277957090492350e+01 7.617427064695159800e+01 6.143805337064580208e+00
9.984212339237740252e+01 7.524024537194672746e+01 7.963709370333187110e+01
6.511977120953463327e+01 8.562851280467623383e+01 1.191411534620682566e+01
3.477378355593155845e+01 8.764209436044927770e+01 2.088361418256819135e+01
7.824209858002273421e+00 7.881189399452189548e+01 7.947256840232748232e+01
1.626522181899006014e+01 8.543459827827155095e+01 6.354797740131127171e+01
5.200826832165839164e+01 8.302501927813850102e+01 4.539241614232295063e+01
1.939939562233972126e+01 2.848526766106136421e+01 4.865327935726983810e+01
5.313307926731757647e+01 8.055808264412335973e+01 7.739697578001350564e+01
5.813665572045748320e+01 7.807854833654764093e+01 2.302751122067420653e+01
5.006452709329433759e+00 8.736338226347001523e+01 6.557296946839614726e+00
2.466884297439973039e+01 6.953189496243845724e+01 4.266825810104666772e+01
8.763139699155088636e+01 2.979797946622695548e+01 4.929788444435369010e-01
3.006556405607441107e+01 5.780750491848316841e+01 3.309523730698504096e+01
5.348727557587552894e+01 8.765981188350187381e+01 7.916332670637551416e+01
2.659740646541121123e+01 4.621404732699006956e+01 4.903104282520066448e+01
9.491124568882470669e+01 9.986173191643847247e+01 2.533772483971178247e+01
7.269798713458153827e+01 3.780310622331951720e+01 4.779607028558829462e+00
9.252522435902355014e-01 4.605660075622557770e+01 4.244973073585734369e+01
2.256969657344265467e+00 6.869274167743024861e+01 3.862247840322277881e+01
5.598931015359494268e+01 3.009190731654187800e+01 1.922877598229181118e+01
4.071737385988753033e+01 2.322733647905007714e+01 4.287575758952961991e+01
1.988285302864799675e+01 5.084059766446270601e+01 1.972656624538093695e+01
6.709747094857848992e+01 7.539376844414240963e+01 1.278214186038742994e+01
4.678024120373392236e+01 7.087170065487358173e+00 5.352957677433531813e+01
2.644042979296453666e+01 5.276244568387078715e+01 5.345163846761322901e+01
9.243543461938004668e+01 5.490832225687228885e+01 5.407229291650212133e+01
4.016531257643802633e+01 9.490796031828168111e+01 6.703296052075324951e+01
2.854052903028415500e+01 8.442095857762321032e+01 4.543962789054516094e+01
8.286671435335939861e+01 8.228880682935020729e+01 2.845324252272809673e+01
7.011411313835769477e+01 2.906429693065311071e+01 3.481016312254290312e+01
2.963480768805807486e+01 7.255682475599482473e+01 1.710253465932375505e+01
9.058352460902252545e-02 7.152368534826331370e+01 1.777818526839379132e+01
1.044823953078346435e+01 2.375161205940601405e+01 3.953381714223316123e+01
4.759063274732007187e+01 4.457004071263082068e+00 8.650282908111834956e+01
7.160630534195581731e+01 3.231940653243361794e+01 3.301624724909542863e+01
4.485425493684594045e+01 6.262448227630329711e+01 1.629431200200983199e+01
1.889298137649523213e+01 8.594345828335508486e+01 2.352944230152083449e+01
3.801949979751775288e+01 8.712718509501171127e+01 7.061877671845313387e+01
3.417118793416883449e+01 6.836995457246207764e+01 1.008191228846033205e+01
7.356426600113653080e+01 4.870160405162394568e+01 7.728407096573864976e+01
9.546376520064683291e+01 9.257885494945684002e+01 8.252566865337050217e+01
5.121699559338871666e+01 3.601421141389380409e+01 4.647048756625329702e+01
6.898960033133607794e+01 8.839977768711867157e+01 2.498929452158481368e+01
9.181931584617029785e+01 8.151802319698890642e+01 8.360645780055003229e+01
8.802517732816870932e+01 2.799373296919066689e+01 1.083140337202934056e+01
1.122410719915886190e+01 2.912233185782761069e+01 6.001628536422561666e+01
8.043203260971725399e+01 8.992503069815647621e+01 5.998779114653788014e+01
5.631312748053729500e-01 1.863167765185335156e+01 2.032236890274811003e+01
3.633244755690100192e+01 5.013509936337459294e+01 1.490257115885312622e+01
3.484779757956552970e+01 1.791796746253225692e+01 5.782713350958608345e+01
4.642723693243399907e+01 4.953176469339087618e+01 4.785395964675685576e+01
9.560197104865669360e+01 2.147351251215632217e+01 5.360960429691892415e+01
7.360173683653358978e+01 5.568444131345625436e+01 8.692716720960790155e+01
3.779683556412841483e+01 4.636758057731780269e+01 2.475346691731936843e+01
6.089991110519284945e+01 2.882119684481060418e+01 2.976913780843404922e+01
5.445312929045081063e+01 5.323102633799106087e+01 1.736498943060127331e+01
6.982154534944727686e+01 6.237721906508528491e+01 2.608148908200440630e+01
4.694348621540438415e+01 7.203229164785599892e+01 5.594163524584464398e+01
3.954890761835702051e+01 3.223384580809436528e+01 5.575229327978190952e+01
9.391086983102405839e+01 6.717448404774833648e+01 1.213778011643989529e+01
4.606849734821337705e+01 8.908241315106275238e+01 1.881348868393707718e+01
9.888757121375432746e+01 9.490693936454212576e+01 1.125693479194546320e+01
9.334133204495549307e+01 3.631325902594622335e+01 7.965332297372717107e+01
4.183833377132715015e+01 4.408551127025158678e+01 6.071661559983857614e+01
7.744774192759832943e+01 3.378915094824863630e+00 5.323707709209729444e+01
1.867329940973709768e+01 3.459495178632029422e+01 3.684238978481261029e+01
4.690603402211536377e+01 3.341364118761733693e+01 2.244014115368855400e+01
1.456287385254514355e+01 3.343798556109767173e+00 4.704241749378801529e+01
9.544476948529884908e+01 1.156752236481165497e+01 8.586961704147849161e+01
7.333615147320935534e+01 6.374988029341631801e+01 6.231808013839829385e+01
8.267276483962821487e+01 1.069198643798213766e+01 5.139179957260013509e+01
6.970911382607584983e+01 5.868204450735636613e+01 7.491548878784469423e+01
7.227170901135149705e+00 6.907010394991660007e+01 5.333444935096110839e+01
3.791608639799434144e+01 3.402749822340308583e+01 5.470730101277438706e+01
8.909953746442647571e+01 4.961759261011152944e+01 7.234990673135892791e+01
4.021563818439675231e+01 1.023944627931765439e+01 1.064525450577444410e+01
5.133437132367757449e+00 3.801501419576699448e+01 3.777705632034374617e+01
7.179370236225695123e+01 7.428215015848658709e+01 1.316598557832918992e+01
2.211232628890149599e+01 2.742618501588997049e+01 5.246640338434465889e+01
1.445152239069502542e+01 1.339412194000003709e+01 8.813093042473992966e+01
8.042029072977810245e+01 1.806549020911702996e+01 4.305906593619631906e+01
3.556219992575655198e+01 7.910040740654072522e+01 4.878282362594594446e+01
1.278497369934670225e+01 7.389920631562438302e+01 3.650521242339421235e+01
2.629242476321470434e+01 3.754986220207201342e+01 4.560775266365430269e+01
3.431155164170094451e+01 2.419057725917578239e+01 3.487744909021179041e+01
1.917291074989824207e+00 7.724978460963139071e+01 2.287700014461171705e+01
4.390461363063725031e+00 6.536986929050792128e+01 6.795207223734657020e+01
8.138291315928431402e+01 4.935091826605999188e+01 2.309131866774077224e+01
7.372276772498267405e+01 6.997130771543370997e+01 2.792524330642647712e+01
9.034077558627929250e+01 1.043714580828289940e+01 9.274239241660224309e+01
8.602478109774645532e+01 6.878986454790751282e+01 8.869040084066990914e+01
7.223111683237077330e+01 1.904569970300459403e+01 4.419315068252293344e+01
7.150302433163535198e+00 3.896574222881154270e+01 7.398938631465861704e+01
3.864433509308173598e+01 3.302941754681341280e+01 4.870326694595922135e+01
8.722045289988949435e+01 4.758319254611242499e+00 4.744712715603978381e+01
1.582407418152627088e+01 6.953542507318695698e+01 1.980947952904937637e+01
6.648077585802445810e+01 2.861808707979073318e+01 2.500363139716606398e+01
9.363525578249853254e+01 1.852457674595586745e+00 4.042547144364935008e+01
2.162699246179378143e+00 4.835930481043290285e+01 4.743184388743827640e+01
3.216624713947469871e+01 1.321617775250236804e+01 4.153803127824527053e+01
6.722629399325660415e+01 7.823958086444591231e+01 5.421611196986903281e+01
5.898343944397556271e+01 2.006163711246527015e+01 3.451776922821789384e+01
1.618956100523584141e+01 2.492953500046113291e+01 2.373214744088336303e+01
5.194487863912375758e+01 5.626887557907294024e+01 8.161883093753513663e+01
1.955706471015230363e+01 6.416757101614959424e+01 7.579459904424804506e+01
5.602414637830525379e+01 2.550036525010757060e+01 3.291102521913600043e+01
3.925305307099991037e+00 3.054442265484816943e+01 6.908810796897506634e+01
4.751775720711037820e+00 2.192952825048306664e+01 7.198604051406381643e+01
7.826515628228766275e+01 4.553184100619284180e+01 6.541661261451334042e+01
3.879521686548920201e+01 1.599132450241275194e+01 4.082536416563806370e+01
5.799678202031428498e+01 9.480532818528902794e+01 1.670553319476228538e+01
5.073940938449605653e+01 3.289197782107243739e+01 5.478019706604960959e+01
2.397544737653167779e+00 3.130253547015813353e+01 6.971120817287382465e+01
5.539417338546375191e+01 4.505824928161173659e+01 2.708818444367409128e+01
2.980425227913558928e+01 3.831014335905844348e+01 7.521475691425521859e+01
9.672132068082683531e+01 4.386553813503745403e+01 5.331481213747264292e+01
8.465507758198627641e+01 4.269053206363035713e+01 5.230747752665961059e+01
2.309416645987444383e+01 7.435025357790752309e+01 5.124385456053612842e+01
8.090345502403415878e+01 7.807327300286696925e+01 2.841697220569313131e+01
7.156355505577623433e+01 8.000544079513713314e+01 4.056769454443686840e+01
1.726091129022745463e+01 2.632155579588180139e-01 4.582151032089106479e+01
3.524327315388416082e+01 5.549098338254088958e+01 2.844437509724371793e+01
8.596655476664751916e+01 2.577552156281096529e+01 2.196039838507936537e+01
4.807140564843559360e+01 4.988510237442742579e+01 2.277976885002937024e+01
2.718607267259157823e+01 1.697052391552449535e+01 7.168256580575483383e+01
7.700890312540819593e+01 4.623284974592826302e+01 6.663167137287034336e+01
7.359353919374454733e+01 1.382755276778086007e+01 8.199391252794382012e+01
8.210319470964310540e+01 2.044834611958235016e+01 1.815346343382946515e+01
1.256611455795827403e+01 1.383785625419183773e+01 6.605936872779165014e+01
4.696542569516235233e+01 7.829341727398671935e+01 6.921841542097268984e+01
6.046127135052216062e+01 6.863666065786794945e+01 1.176846454602913461e+01
3.117776468050219663e+01 6.378221792594101913e+01 7.787065373817002367e+00
3.297694368259340703e+00 8.518879824703832071e+01 6.570552782761201627e+01
2.653697331203439447e+01 6.879628401187089537e+01 7.119491213939956253e+01
3.067942831101012757e+01 3.603737749918745070e+00 8.940671202808655949e+01
3.451798382956305034e+01 1.064817632847063678e+01 5.887108675224587273e+01
7.684677956641337460e+01 2.216473146175591680e+01 2.873796504162574550e+01
2.427149867985831833e+01 9.916730528316782056e+01 2.641766162244107363e+01
5.755202169661239964e+01 9.252646416569643861e+01 2.196741530990309954e+01
9.708541978677001794e+01 9.474772343956246345e+01 8.105232866496154998e+01
2.145565213300022478e+01 6.340550560109833356e+01 7.306611131004865456e+01
9.860279281964297127e+01 1.804238220813704174e+01 7.277365342238782375e+01
3.388011699271129373e+01 1.756264655680023168e+01 4.080173649636307687e+01
7.938359121486163872e+01 4.648498037040521780e+01 5.755855561731932823e+01
9.951594102001212150e+01 3.991092995574260271e+01 5.936314391892870646e+01
3.652442016153718640e+01 3.927856463287049138e+01 6.351444754089817479e+01
9.378869760948835221e+01 5.423589504923214122e+01 8.097514268823863404e+01
8.920655881696381684e+00 2.111580374319269637e+01 4.883230455053713825e+01
2.001172362877479127e+00 2.528549787625588152e+01 5.159030653429703506e+01
1.496119825630071176e+00 2.645462862260416870e+01 5.099140628687448640e+01
5.731492479812456509e+01 9.257516930553055090e+01 6.045295903554651318e+01
4.147358025299937623e+01 9.303511771330677504e+01 7.418816169762223467e+01
2.000089211127475863e+01 1.308423613488197645e+01 6.002171923325830960e+01
5.598831655769838278e+01 7.896736137927557309e+01 7.103420365718065455e+01
6.252115338575150361e+01 9.863821716288921948e+01 4.470282866016561485e+01
1.131057565017198385e+01 8.282735648159884079e+01 2.360886646153339186e+01
7.773021481439182878e+01 9.571070960000514560e+01 7.261994911392352492e+01
5.960301609498011288e+01 4.603861756750406187e+01 3.295651454639912714e+01
3.530047509718362875e+01 6.363727057095906048e+01 6.162898995099007493e+01
6.785170694844143213e+01 1.984101011935627312e+01 4.362207726928046014e+01
7.916400721830629550e+01 4.757040781890562187e+01 5.921166490688946027e+01
7.711360481708221926e+01 6.612653062650915103e+01 3.443638726927684957e+01
8.954127111942189288e+01 1.625670686634785866e+01 8.563593715783642324e+01
1.188525784762371984e+01 1.494997110423890163e+00 7.498660279870155421e+01
2.449535083659560897e+01 7.296996274467208821e+01 7.337225289403687611e+01
8.589863910321167850e+01 9.915942356641667743e+01 3.056257526611566178e+01
7.102433419272591664e+01 1.153998582808282158e+01 3.957446191151861825e+01
8.479716933125904177e+01 3.676580460591083721e+01 6.412604163486184916e+01
5.037734437246340491e+01 6.459515311120451031e+01 8.279986027015935690e+01
5.573552650140212172e+00 5.739615175016297144e+01 7.831390575646520347e+01
4.813827117484274964e+01 7.852718594157281906e+00 5.544844528810314443e+01
3.320738908238204345e+01 1.549417853379359045e+01 7.359362147939739884e+01
5.215995129911215855e+01 9.332764123790666133e+01 7.606581077958438186e+01
6.929717937736673150e+01 5.025503365311934090e-01 4.161775664350327020e+01
1.974862816520322895e+01 9.107979110488678032e+01 2.412655481623679776e+01
2.860600516592855058e+01 5.168367677344991762e+01 2.939871477118705201e+01
2.098646772791211745e+01 5.990993251027524025e+01 7.258009202369105850e+00
5.816775872092472710e+00 3.722452951860714165e+01 7.244772630579994654e+01
5.548067582739479775e+01 4.228764684667788742e+01 6.293343467527219559e+01
3.654514846532735817e+01 9.361463354321128350e+01 1.212251264514057425e+01
6.733914790298352671e+01 8.912826648277504660e+01 7.024782471167344511e+01
1.840410348214467362e+01 2.959263489802883385e+01 7.296782973410846296e+01
8.427055918076554519e+00 8.118616998325840939e+01 7.468630763621895596e+01
7.296066492353425303e+01 1.002413702675913854e+01 6.619846244436003246e+01
6.798181252199699998e+01 8.309224908218504879e+01 1.086650155549801333e+01
2.311066846779219475e+00 3.730070998785607372e+01 2.017173814901842377e+01
5.583844775702219465e+01 9.173489015067488594e+01 3.345804812040134379e+01
8.449503772726041007e+01 2.408745178664739583e-02 2.091902341499602969e+01
3.042353965408561844e+00 3.281471805150686549e+01 8.940357758087085926e+01
9.695212359898775389e+00 6.064097767438003928e+01 4.448998927080706522e+01
9.384682123658124908e+01 1.225191425370938347e+01 2.141373716785186332e+01
2.954196861149327447e+00 4.339352496313737362e+01 3.304345270119467415e+01
8.699059338903208527e+01 6.049408131977550340e+01 5.571435021889465133e+01
5.319106968813024139e+01 9.185033722920099564e+00 4.437866406130859076e+01
9.995051897085164683e+01 8.352292908460148624e+01 7.603895529386846874e+01
8.232263592464994417e+01 1.030416934309826793e+01 2.268488581966345663e+01
3.121651356409627098e-01 3.035101248781114691e+01 2.022861735247187553e+01
4.727933453015830167e+01 6.771274885739019567e+01 8.013851534027227785e+01
7.492171650908981917e+01 9.385855957785051373e+01 9.597343691192683934e+00
1.217983541654144020e+00 6.613381138362126421e+01 3.244517465189885286e+01
2.535010161057731182e+01 3.308870876937942995e+01 2.788835220306426521e+01
5.114364063015872830e+01 4.401484472241325108e+01 4.695052638527189259e+01
6.727136115004361727e+01 3.871305089711483305e+01 3.360130854937623468e+01
1.662005368087454826e+01 3.494741195326255223e+01 7.203851750699283230e+01
7.567049101114695020e+01 6.669053866842102707e+01 2.736050288953016008e+01
5.880862458546977223e+01 5.706896615768479819e+01 4.843786353446704140e+01
5.499789863838642390e+01 4.917906326236681025e+01 5.443477033470135495e+01
7.155059546211288080e+01 1.096281944034397426e+01 7.146990675273359273e+01
1.358861501275941919e+01 6.662799841037470472e+00 8.468845043045330101e+01
9.569917688704414616e+01 6.043654494056404758e+00 4.802169606991909490e+01
1.862449382997747449e+01 4.853448971344180762e+01 7.749338620857531623e+01
9.506117747428902476e+01 6.342526534515373271e+01 3.614862814392918011e+01
6.033255656445983561e+01 3.120013061084503292e+01 8.055726884987178948e+01
8.704004631058369057e+01 5.582317502796610142e+01 3.827680891890181414e+01
2.933896755829783487e+01 3.341799470505946168e+00 7.426808821540338101e+01
4.503832130390079413e+01 3.251329284002644471e+01 4.392776502270181282e+01
8.187379904546520493e+01 1.246142077075211851e+01 7.672470594322160764e+01
8.975088351083539351e+01 9.467079150338881277e+01 4.391003396830841154e+01
2.171404040376718569e+01 3.736408184666984766e+01 2.894383350442828018e+01
1.761539125028600594e+01 6.072666701014879465e+01 4.577754914066606773e+01
8.657009923240036642e+01 3.210958048205825310e+00 6.522630620778365085e+01
7.629488785115611904e+01 7.594865691883070724e+01 7.992363906111957306e+01
7.290337428294940025e+01 9.278100616476963580e+01 3.660068564345836961e+01
5.032094167515430883e+01 1.407966328289067537e+00 1.336414139538122470e+01
2.401266204515198766e+01 1.008071971390852539e+01 3.321961501359357527e+01
1.770432945283974036e+01 2.852002483864823912e+00 8.070944451529055641e+01
8.223131388891524729e-01 7.360821443370853956e+01 2.023985597550716875e+01
9.122296219995999422e+01 8.927959395898858475e+01 6.536835665339152968e+01
6.722341498006051097e+01 5.339141969688543377e-01 9.249429593781329118e+01
8.778326035758144030e+01 8.951062257300920066e+01 6.175673784660450139e+01
3.447869286545365242e+01 8.936486490904808022e+01 3.191607533499943372e+01
5.627115433422028445e+01 9.973097234388239585e+00 8.462609620920241582e+01
1.407704577712133265e+01 2.248968057304072587e+01 5.944427783159380851e+01
7.640930002129815080e+01 6.193513059362989281e+01 3.164478579893718546e+01
9.430425274903342370e-02 7.571505803074391849e+01 9.151849800810860813e+01
8.099131203060903772e+01 4.602066181566153347e+01 7.765467660454675070e+01
4.098476731183500021e+01 5.249340842434675380e+01 4.614724333829942537e+01
4.476238726655249422e+01 7.751907692939057881e+01 5.040859886292855663e+01
3.167171220252160779e+01 2.581581676584783125e+01 1.722673177881077677e+01
5.831951618830459694e+01 2.299614154010341949e+01 1.947040345751890555e+01
6.538299638276777159e+01 6.812092578215488459e+01 7.480052844116912070e+01
5.035768963385914532e+01 8.940546052038865810e+01 8.238137594558094179e+01
8.073709397924893949e+01 6.355934820081871806e+01 3.112824704240266271e+01
9.829449216202212369e+01 2.741361671919383269e+01 2.685216272663530290e+01
4.421541137865827409e+01 5.684057071238846071e+00 9.453720694930301249e+01
5.884335564164248211e+01 5.569520916641752706e+01 6.097121546228425615e+01
4.970236477772066763e+01 3.206351709454158261e+00 4.784185568988963411e+01
7.161738769564306040e+01 4.167490606240531292e+01 6.373341375644208284e+01
2.270012993384206013e+01 2.212765910661840252e+01 2.274179627947760807e+01
3.719947597891618329e+01 8.470120353890835929e+01 6.985526395145149081e+01
3.828242079635037953e+01 5.891187359802365364e+01 6.360718476103925667e+01
2.412067746280229841e+01 1.681410858947470643e+01 8.767318922711672258e+01
6.175573132096184992e+01 9.814157218336639232e+01 2.591928101078747204e+01
7.030316999741314987e+01 2.226036365412377194e+01 2.811461464551240752e+01
5.119021212696240042e+01 3.196181255080712447e+01 1.728458375101896394e+01
2.628807019893260133e+01 3.574839446586464131e+00 5.968768497649165283e+01
4.921166570858616041e+01 9.424306640452561723e+00 1.909487573772655367e+01
1.025345381126440181e+01 6.125928082758764504e+01 1.168898898386936303e+01
7.542823330352160838e+01 2.051091932039117438e+00 3.061240181684934214e+01
8.906666758919071469e+01 7.185313181222460344e+01 1.919352058710792619e+01
8.211261044851796953e+01 4.930351215402048126e+01 7.592033286594376307e+01
6.007397744503933978e+01 6.818330320328587391e+01 8.693795439479514187e+01
2.323355459240181631e+01 6.239455747613883574e+01 4.420867632333268205e+01
3.945195292269143561e+00 1.447064150286503370e+00 1.356986018710570008e+01
6.490917405385481231e+01 5.671630879133922321e+01 4.823480171040353071e+01
3.185676252826008525e+00 4.693029963600070431e+01 7.704411271229696467e+01
3.975918693106466151e+01 6.249224697884563540e+01 6.652636952071127041e+01
7.839252791418876143e+01 5.192800823952713785e+01 8.496948016888373445e+01
3.913780933637469417e+01 8.886932147847983288e+01 2.513808770638113543e+01
2.802164069905710519e+01 5.312062419900110299e+00 6.123969728867250950e+01
4.170552362327055818e+01 2.291166139113990496e+01 2.487158754657884785e+01
9.013999412292331215e+01 8.339166004610369498e+01 4.701327417227265926e+01
6.161108004157210871e+01 4.743255705502910047e+01 4.054218371270862775e+01
9.154768812183314708e+01 1.256127035203020625e+01 4.228600172393293377e+01
3.445619079878753155e+01 4.981507202511483712e+01 4.590575236847242735e+01
5.188895316510814126e+01 1.399189772269940946e+01 5.003768217059568713e+01
2.424188138872108667e+01 1.843313489881912659e+01 1.213323578807454695e+01
7.626525587561408770e+01 4.274419208565599604e+01 5.352263136931322407e+01
7.275933433047433141e+01 6.793166653135534716e+01 4.642281259423269546e+01
3.878985289517298440e+01 3.759599096406637386e+01 6.470433978586979151e+01
4.947943549418734221e+01 8.491322479885106134e+01 8.707577227626885019e+01
1.705603780065184694e+01 1.362336515457256425e+01 5.879383447253395900e+01
3.012257480622794148e+01 1.857071876509885922e+00 8.029045208571869807e+01
2.269007672438082679e+01 9.292806516858091470e+01 6.890000608008743654e+01
7.626534899114842858e+01 2.014614957931604167e+01 3.354807646341261318e+01
5.212677538240657782e+01 1.720998526498621573e+01 3.128642650825888438e+01
3.214624779478045014e+01 1.596299332527640935e+01 2.791906316375796138e+01
7.885518420082566138e+01 1.671958545472683610e+01 7.332485392351611786e+00
6.293549426289384030e+01 9.759831193924499360e+01 3.671554924455834623e+01
1.186557031962522935e+01 5.703873253675308064e+01 8.621959392188678351e+01
7.840617798284787909e+01 6.225158684127160313e+01 2.879129083456049543e+01
5.418801732762199208e+01 9.124484130425535966e+00 6.158113218696873759e+01
7.250960188976507936e+01 9.650316229099188092e+01 3.348937471778506847e+01
1.845641904302264269e+00 5.456084644271506079e+01 6.850398850724911881e+01
7.904074758829879954e+01 1.937389330248106134e+01 3.393075783799937284e+01
5.125909252672963135e+01 3.306008099700018477e+01 8.198396361203231208e+01
4.737601537387202910e+01 7.995786441020030111e+01 5.431476590425116058e+01
7.730901416171120388e+01 3.326729865303238398e+01 8.511824497868560968e+01
2.745723155510215818e+01 5.460988080032907988e+01 2.637300189213294743e+01
4.755265216261933858e+01 3.181752095087031407e+01 1.765447895549368340e+01
9.669850180280374730e+01 1.600741054867306090e+01 7.140731545223108867e+01
9.841649594832149717e+01 1.990148374007782994e+00 6.344662315236288919e+01
2.529118055562871348e+01 4.048782432830444478e+00 4.445660473713468974e+01
9.352178101708750546e+01 1.176509436699768596e+00 5.445841123861828947e+01
5.013964785953243108e+01 8.733841643710475466e+01 1.969539013863432331e+01
6.815260298866503774e+01 6.801096984332772877e+01 6.519270913820072622e+01
9.423344949350369859e+01 8.230875290068804873e+01 7.711750778540340079e+00
4.710828507045131630e+01 3.979530562013334816e+01 3.308106912072116046e+01
4.513367251540972802e+01 3.841941849259774244e+01 4.045383944055441816e+01
9.792618656086425233e+01 8.863297474958075739e+00 8.431048738379877250e+01
4.802367134710267038e+01 6.237422454995411414e+01 7.286671852783427994e+01
3.604630291492555472e+01 4.304219080879668979e+01 4.205862182945137562e+01
3.747310225357598767e+01 9.255293216468949424e+01 7.484028069232532232e+01
1.089999898629761077e+01 1.081233524770960308e+01 4.263081772165006811e+01
9.865737673280905895e+00 6.190930952711196511e+01 2.844275742678762242e+01
5.223732639668010336e+01 7.219947003717752665e-01 3.270957427144266916e+01
6.771907236726553947e+01 4.840389402278483999e+01 8.024036408714565027e+01
8.741037960662107764e+01 3.590707790431512336e+01 1.621625527000777822e+01
8.456263001150188074e+01 9.112343103146713474e+01 7.938243896315435677e+01
1.279499409197648596e+01 9.979151344122877276e+01 2.138202871540118721e+01
7.242049128083701248e+01 9.080348763357216058e+01 2.472521455382325328e+01
9.082585546770660301e+01 3.094815791948669670e+01 8.975147668496695985e+01
2.812600203804746002e+01 9.534358247578352064e+01 1.486911021391619769e+01
7.092720116698130539e+01 5.321111338370037203e+01 4.730929246567007596e+01
2.234943142558399742e+01 7.055957897764919551e+01 2.399621250034819298e+01
5.528417959847682539e+01 2.532453630402508082e+01 8.245346319937655721e+01
2.863119383565282394e+00 1.997282801112365647e+01 1.833935744634211673e+01
4.140678257678164442e+01 2.327302418700535469e+01 5.678189362559619013e+01
8.724655232585389797e+01 7.120634214091707292e+01 5.170283076108697173e+01
8.900317798267964875e+00 6.939921083892755860e+01 2.265410960091358561e+01
7.863673859616979200e+01 2.500567585101531876e+01 4.172157836852930757e+01
3.504702023179279280e+01 8.588139146748568464e+01 2.234141798218893271e+01
5.656448823847885876e+01 1.420616094430622312e+01 6.629792435815032547e+01
9.050781277944811620e+01 4.346076538672534184e+01 4.878691898074713862e+01
9.274228364827622784e+01 5.209913886493571056e+01 3.738217074824595443e+01
5.783291027043041765e+01 6.892297363629519680e+01 1.368377568783535381e+01
8.211105277415160231e+01 4.355050274532592880e+01 1.730081062900594802e+01
7.861826691982130910e+01 3.769499716862721073e+01 1.921848826071414251e+01
6.337790395432505619e+01 8.801313534336416922e+01 7.686684508866041199e+01
9.576634748089732341e+01 8.677054597666879943e+01 2.108207165235801650e+00
3.802411664133902036e+01 8.185425799055030893e+01 3.874369882269733267e+01
6.015485063797061116e+01 6.063169473745320204e+01 2.627793545132378483e+01
9.044739272812876152e+01 5.032283453861175815e+01 4.157842278195984420e+01
9.975137456618958254e+01 4.935003640726166907e+01 3.008705522349365680e+01
5.130694228634380494e+01 8.140167355199299948e+01 7.759596554450688188e+01
7.885817651084710178e+01 7.080237839979118064e+01 3.107961696898833281e+01
8.620840858402314666e+01 8.934434653762650669e+01 2.544899910704238977e+01
1.304556365513939120e+01 9.756049685891120760e+01 7.121220327357821134e+01
8.932361472099466937e+01 8.863763846243951150e+01 4.951166358248945443e+01
6.464017366657996888e+01 5.453628521336416668e+01 1.133824134501119829e+01
7.455030853527726720e+01 5.053320333358802685e+01 5.824244031836853708e+01
5.026398049755352559e+01 4.918113223224559505e+01 2.094499874405709150e+01
2.787137151411489455e+01 1.588526919439557972e+01 2.961590286339835743e+01
9.729773804203048826e+01 1.531134457721984354e+01 2.811179279991542046e+01
5.905896577385849611e+01 6.101785762366418453e+01 1.953044869667808925e+01
7.937174257852123560e+01 7.852028679128250133e+01 3.073017135292206348e+01
2.886663026754604644e+01 9.379878654594969589e+01 6.989810045202513322e+01
6.977970330625238660e+01 8.223322151060052931e+00 3.904307214636934731e+01
5.593018720768269958e+01 1.874112879837769441e+01 4.190372949219529630e+01
6.010258774886899857e+01 3.273766801153992390e+01 7.226469140811076386e+01
8.404495816388055118e+01 3.236094694340707889e+01 7.533716912148477718e+01
1.035765661030150220e+01 8.377290986226563518e+01 1.954318515341455864e+01
8.292715250972603869e+00 6.417754044410112613e+01 4.413395500871625643e+01
9.078906004128327822e+01 3.631891960908492223e+01 2.741318987227877102e+01
5.007349061441983906e+01 4.559461857686613229e+01 3.893148350962505333e+01
6.937412986983285634e+01 7.595618339139082309e+01 7.653443326911522604e+01
9.728566047103429071e+01 2.666561921325044793e+01 6.927412252305741447e+01
3.942582354957452395e+01 6.770819719511081303e+01 4.264239286416430730e+01
9.937731027679316753e+01 7.289021357907499521e+01 8.331257568950478287e+01
8.349695494811857088e+01 9.029010111633711233e+01 7.386560965247872446e+01
4.591591303759113885e+01 2.517884533468843955e+01 3.803803308756365453e+01
2.023623263995044663e+00 5.239931674646671667e+01 5.261986421096830213e+01
5.252504648304881840e+01 9.740312249720638249e+01 8.092365433314144241e+01
1.617127783301079802e+01 3.688825215558891557e+01 4.597645105548381395e+01
3.605329178516477384e+01 7.984959636039130260e+01 5.262056813036974745e+01
5.720998169716250459e+01 8.530135589879255065e+01 7.363939909987429644e+01
1.322115228202996917e+01 7.139145840836343382e+01 3.999024913250802626e+01
2.946489030625004801e+01 5.001882090218634502e+00 5.117815273917825181e+01
3.554366807245313709e+01 2.515130396764008225e+01 6.122782985496986186e+01
7.694853873155869906e+01 2.447895190294248025e+01 1.231135844316042949e+01
8.487527005652350454e+01 9.959741204303318440e-01 8.455073328494448504e+01
6.276198739827059114e+01 3.218466352013202680e+01 2.761802935902413125e+01
9.005664264475243819e-01 2.354714170108771398e+01 1.800867815167796238e+01
6.121662207231456421e+01 1.665455885938013125e+01 4.811523897812627126e+01
5.901164223444708057e+01 2.980416983469145009e+01 4.633936743178430184e+00
3.725388061419609986e+00 2.634733219391760528e+00 7.435111716209684118e+01
3.180097048142981464e+01 7.963001859676636229e+01 4.156180321558107238e+01
4.529981008299638034e+01 5.128826025095737151e+01 6.597874180983707504e+01
2.735028658297070692e+01 1.215873495335269006e+01 5.315550301155364110e+01
3.269776232427392415e+01 4.424913136680373782e+01 6.557932580634934538e+01
4.941257411412706091e+01 6.202788171008428719e+01 6.061674084844976562e+01
7.397963719360991774e+01 7.059366177116200447e+01 5.257143673674072915e+01
6.789030208597068849e+01 8.735596022726127785e+01 4.297021653964058174e+01
4.127630727487936468e+01 7.642456208523800854e+01 5.128313762592252800e+01
7.100678022258854583e+00 8.921120156910814103e+01 4.991496695897201796e+00
7.483963562097430611e+01 7.587941427043128328e+01 7.884328450850642866e+01
5.413440840232075502e+00 5.968568607844909479e+01 4.000469106896635907e+01
3.306329548595419965e+01 9.031856029907302741e+00 4.571702554369138483e+01
4.790407256746136255e+01 1.045544581510242566e+01 6.270160234994374093e+01
7.379531202529385325e+01 7.672783010536483062e+01 8.390765723135945109e+01
4.094707418887772121e+01 9.530727686221369765e+01 7.790037794326195808e+01
2.965015710239390501e+01 1.592830373494584784e+01 4.838694967847786188e+01
4.018987079559666142e+01 5.757193053312042963e+01 5.156421215067835817e+01
7.499869843799751834e+01 5.098899482056101817e+01 1.357021613265530213e+01
8.582913355531060517e+01 3.097645831851870568e+01 7.967453375284398476e+01
1.178601086797701569e+01 9.582511722325031656e+01 1.894361232341029577e+01
2.310361379470594656e+01 4.657994208654159252e+00 6.255199867497513821e+01
8.502987365717918067e+01 4.340710818159804063e+01 8.413422100485000499e+01
5.902990717555995559e+01 6.300071354465232076e+01 8.138181825534223890e+01
2.968002050518389012e+01 3.542657213276257977e+01 8.781842639081823165e+01
9.009634960387637648e+01 9.764827762008708589e+01 8.177585732585990286e+01
1.273720360333608959e+01 8.237242861369873026e+01 4.334764102622661852e+01
9.908013559459378428e+01 4.722809643288010761e+01 4.983698240819913394e+01
5.297749152567985220e+01 3.217370298582778076e+01 2.134562849557266162e+01
8.956512304019184967e+01 8.026758125262868759e+01 1.906507451700533551e+01
7.767682713500728653e+01 6.258466660506100254e+01 4.205191944075460242e+01
2.540211490955627127e+01 8.597287835022325453e+01 6.379531264862805529e+01
5.477399094691368475e+01 6.095685338984640822e+01 2.068015963885248709e+01
4.739197609111919007e+01 1.937002927857020040e+01 2.617005103554952328e+01
6.613039622868667777e+01 9.112561518342880618e+01 4.438740925946611782e+01
2.077492730121903719e+01 6.487469372366541620e+01 8.083856940549794956e+01
7.483188011224908109e+01 8.687572305365871728e+01 5.121409812926759031e+01
7.518762443691909425e+01 1.400645593589364779e+01 4.055092823761589216e+01
3.895491644815224674e+01 5.112957462460345681e+01 8.552313289361993043e+01
8.742965602221742927e+01 1.345254922891845339e+01 1.853686939470545525e+01
3.576405495889113695e+01 2.907438658906739093e+01 5.445710329632817093e+01
9.027760477645449555e+01 9.622915416725868454e+01 6.226241622812811727e+01
8.381592014010867331e+01 5.252022002307970894e+01 2.905108029415863058e+01
5.246884120934773676e+01 5.550826014376510642e+01 7.558335628654698723e+01
2.198829897073490969e+01 3.683103820867317069e+01 3.080130970771159937e+01
9.594395957411649078e+01 4.439449603267189559e+01 7.003501599611716699e+01
7.508113813744390086e+01 2.655441848032413787e+01 5.698797355316579427e+01
8.943028933186481311e+01 4.751977194569494145e+01 8.662859945697948660e+01
2.144582293241616000e+01 7.415910577403073134e+00 8.516260609946124305e+01
8.476811979622166859e+01 9.925898759338447519e+01 6.643077886133447407e+01
9.366879266671494975e+01 8.269490250841109003e+01 7.319634161165936348e+01
5.691415704542682619e+01 3.823645979167108777e+01 8.042549373861025686e+01
4.321171756158944532e+01 5.388193672496690567e+01 4.601263126376979073e+01
5.648183139601970737e+01 4.705050789923271992e+01 1.631531429851137460e+01
8.820481860076986891e+01 4.443938189157697849e+01 5.696860608449409114e+01
1.391878027579870292e+01 3.387847982639136113e-01 2.193287293638244861e+01
7.045860321333502441e+01 9.919453011287860278e+00 7.820053475420210987e+01
2.150225693561845830e+01 2.045936142917758005e+01 2.598419051620899367e+01
1.398171297136474589e+00 7.718054684782346442e+01 7.828805106465654262e+01
6.141627026161988567e+01 1.881999816798622760e+01 3.210655018670598793e+01
4.759266973649632604e+01 9.543459516233008344e+01 3.287672872673555702e+01
7.316459039198880987e+01 4.394482232929203036e+01 2.774960002111249580e+01
4.559159370221137664e+01 7.120671754123253372e+00 7.179595243262893689e+01
2.433019279829671433e+01 7.254121231929704550e+01 1.180760186194739703e+01
9.550985561656860057e+01 1.930149854056985959e+01 8.178655457649379912e+01
8.094732096154343992e+01 9.678599240814159543e+01 5.048038689826562830e+01
7.273972938459515092e+01 3.707106570377840171e+01 1.736397319332093758e+01
4.430759329334487973e+01 1.657490153884548789e+01 8.841143214029241904e+01
9.624649114071637257e+00 5.892117234526204328e+01 6.298690540751936595e+01
5.380795428740542263e+01 6.621858857118336061e+01 1.027780675912488562e+01
5.550185242052910439e+01 2.872125711273615423e+01 8.475790191279320140e+01
7.620716534397257647e+01 9.725144821597426414e+01 6.472363997056480578e+00
2.851331751807087045e+01 1.954225866383490029e+01 6.660652004644878943e+00
2.423257302463214202e+01 6.787759835204289516e+01 1.699564132918703407e+01
5.090034454826182042e+01 8.878181149649986992e+01 7.060717570625190831e+01
3.946290699060319440e+01 3.724689389121083138e+01 4.407278133486991578e+01
1.770414410599063615e+01 6.340007674159880935e+01 3.476588735076775549e+01
8.523653492620437078e+01 7.565526600578162686e+01 5.948074873226427428e+01
3.642022226495160453e+01 2.099318316734844103e+01 6.739824316016466810e+01
4.864090989910864948e+01 2.247500381773575029e+01 1.964338735753566922e+01
1.654009045013590296e+01 7.771611962055949618e+01 3.319318199968769534e+01
5.266422635251974782e+01 4.515463609730564798e+01 6.299617879673372300e+01
8.771549003711942305e+01 8.677473900817305719e+01 4.272984046872050357e+01
1.536625073472330794e+00 4.264438057143031813e+01 6.214150395068388377e+01
5.577647590980618020e+01 6.513361058002054449e+01 2.238001641116463958e+01
6.465350987807325112e+01 1.826516187437722394e+01 6.379423728542614924e+01
3.390876132626799944e+01 7.098954333814535289e+01 8.485548443041814437e+00
4.078600255909133665e+01 7.050345222633328035e+01 3.318681134514896058e+01
7.952870447972225065e+01 6.307797331049319922e+01 5.045486356726559762e+01
3.535488542043371041e+01 4.824514703811176020e+01 6.636792480277281925e+01
4.724621139148904803e+01 6.983133239405600534e+01 4.139728714517359265e+01
2.022731817420303457e+01 2.139337828010472364e+01 1.528408025836520778e+01
3.009577155586724473e+01 7.489176404785196439e+01 7.187008732260137833e+01
2.024675420957500194e+01 9.590439968714076713e+01 5.258902388245664383e+01
9.169787490185026968e+01 7.067652818616311095e+01 7.295449979015441500e+01
8.504362130607113102e+00 2.199911268969306732e+01 1.475151840535287917e+01
7.161276404767374970e+01 3.444382884285099777e+01 7.012121742669469882e+01
3.389362199370262374e+01 8.193337522988610999e+01 1.552739703738871846e+01
1.733731567575081911e+01 3.408765395839365198e+01 4.134004922076587718e+01
3.487028108429783657e+01 7.636470325232198775e+01 1.096967832301551837e+01
3.512170196384880683e+01 8.372399995154593455e+01 1.478802502720287748e+01
9.423435076713573721e+01 9.863168422720129058e+01 1.224164291916056335e+01
2.912725222557369520e+01 3.724006660353561671e+01 7.608055602000638373e+01
5.959268121167337995e+01 6.443657004925672993e+01 6.780327855719258423e+01
1.179789994370257133e+01 8.332094569102623893e+01 5.879428257163232985e+01
5.773417251963702768e+01 8.897353347830566861e+01 7.117442721965319663e+01
2.016999626310254001e+01 4.297453810756667281e+01 4.939407949299146594e+01
5.521762675040564616e+00 9.546375133600557206e+01 1.896843973014651041e+01
6.974612672267268465e+01 5.062310360908801954e+01 1.491779870249262352e+01
9.247474758643616610e+01 8.518368088189332354e+01 5.466308153397721981e+01
2.289423361394452527e+01 1.216228906800942511e+01 3.488872052778388166e+01
2.554282810460905040e+01 5.066912010062986838e+01 8.532566774114106067e+01
5.749534932296413814e+01 8.899310558900978663e+01 5.689657713321282273e+01
4.752465265872004352e+01 8.546075627333712532e+01 4.082792800692030966e+01
8.686281705103610307e+01 2.915767695757652689e+01 2.122756659694638870e+01
8.553144643629383381e+01 5.874151637926667746e+01 8.245424815238671101e+01
9.378272069923832532e+01 5.362839037144917498e+00 5.231286008394975084e+01
3.749645490745292875e+01 6.258583970701171495e+01 7.829369242778213334e+01
2.805902159743689595e+01 5.567983843731716576e+01 6.930737818813550177e+01
1.344310828357340171e+01 8.140669059512669037e+01 6.130346789466100432e+01
9.495374371136517766e+01 3.395289191306932963e+01 8.712929158116940798e+00
5.065012010369252948e+01 8.581077170943885335e+00 8.616193833021914372e+01
3.868495825719153736e+00 7.535039011073079962e+01 5.511105298796535834e+01
3.686206524982886634e+01 6.584216450865465475e+00 5.433041203430253319e+01
5.852203293909552428e+01 2.808832730675997524e+01 8.295188743024624500e+01
3.041100073428368944e+01 4.497254105921061296e+01 5.481790341567086244e+01
1.002318781762861022e+01 9.321617192136322672e+01 4.070834760846768319e+01
8.077921387434361833e+00 3.872911736753299294e+01 5.880533062045078196e+01
5.136526718213295339e+01 6.945419740372740591e+01 1.533178129522956645e+01
2.845406102720561137e+01 8.192305768401023158e+01 1.561724732132822524e+01
8.554859546959575312e+01 9.189609207710624617e+00 7.043703434512545414e+01
3.607884010787266504e+01 6.122090632572157887e+01 2.289832232843330928e+01
6.616872172518084128e+00 2.159382040201350961e+01 1.995147448224875220e+01
3.124058976796317921e+01 5.143832465110202179e+01 5.045894180644263827e+01
7.898681073797429519e+01 6.562398932483586123e+01 6.362405445235403079e+01
4.117820274857746199e+01 4.738084349601386691e+01 4.433925481798116408e+01
8.421660300613831396e+01 2.300004525483998563e+01 3.205947100086072865e+00
6.513198972262392772e+01 2.024621836388313767e+01 7.760739499567038990e+01
8.590463297066560244e+01 7.672737192820589414e+00 1.474118668533463961e+01
4.951715922466662789e+01 6.092226627693546703e+01 2.847794140057958145e+01
7.167977166993706817e+01 5.949160209188715243e+01 3.604457531829665839e+01
2.537148804231559307e+00 7.501502812985177115e+01 2.189558361137658338e+01
8.344737434626283346e+01 4.202902600542552136e+01 6.001541194482037156e+01
8.729487304090018540e+01 8.636230009199533697e+01 4.292036774807188948e+01
2.088888927148431307e+01 7.751460777285946335e+01 4.620088867395414667e+01
1.920419935590040694e+01 9.044253423171501538e+01 2.469864754766225090e+01
2.580716819123107797e+00 2.027997376741996760e+00 6.292636201305952426e+01
6.616750607175303855e+01 3.110417050569839148e+01 3.333259726283863245e+01
3.394939150599427791e+01 6.801585467588786571e+01 1.015289223780450278e+01
9.291163526913256021e+01 2.225210441774464343e+01 9.472284462919870407e+01
1.715226937871869950e+01 7.715464573123774983e+01 2.787620079959131658e+01
8.084680164325398266e+00 8.749333243506488600e+01 7.559312255995956775e+01
4.035703924496013428e+01 7.023961425404267800e+01 5.208196757886602768e+01
8.529561136737487459e+01 3.150559693186544408e+01 4.806020516680033694e+01
4.853723712045504612e+01 3.539058262568587310e+01 8.929164463377954064e+01
1.658779246625354631e+01 1.495086395206961427e+01 5.541950512675367690e+01
6.574942299849419669e+01 1.946192543245651763e+01 4.086547321862695981e+01
9.465638429787436792e+01 2.466174226906739975e+01 6.579903068039654102e+01
7.401493936975907673e+01 4.481286994651595279e+01 7.984983764319380839e+01
7.366567352187904305e+01 4.579245798608978646e+01 5.925540009928139540e+01
6.926134434251007121e+01 5.921901804292182447e+01 7.753005430554490829e+01
3.568886622804011921e+01 2.998857400558049235e+01 3.326134708714094046e+01
3.778296806459513490e+00 4.301396438005533618e+00 7.802877978628305300e+01
6.783931464059072880e+01 6.605324154364861045e+01 6.270925120293691180e+01
8.492191446941048127e+01 4.802669256656274399e+01 6.915398538616651081e+01
3.594450261822391468e+01 9.267075043390904909e+01 6.053852075418301126e+01
2.571771360244272842e+01 5.640849216886250872e+01 5.062837716748873618e+01
1.378988217303339603e+01 5.912429057506140850e+01 2.575286324521691839e+01
5.234876680960242723e+00 9.486561577065648976e+01 6.311770458073799972e+01
8.769189318708470182e+01 6.760560050132531273e+01 3.874774498448471860e+01
5.126880723288114439e+01 6.757467603471771156e+01 8.261807142160346018e+01
2.536694591216964767e+01 8.749770586241176318e+01 8.364283313350108529e+01
6.704155146589565106e+01 9.312666274013378143e+01 4.409382386557940947e+01
9.530161760404428151e+01 7.027828771659748952e+01 3.218158543787040582e+00
9.068728318190527204e+01 4.844728090331925330e+01 4.070620389069745926e+01
5.664666059796342523e+01 1.493845467712279174e+01 4.525231763578185706e+01
8.311272167177456538e+01 1.548245913751533642e+00 3.071460482963621530e+01
2.454586443844219978e-01 4.157113091498483470e+01 6.750819525183831615e+01
7.987718291146285310e+01 9.451897611270065624e+01 6.160405586792534649e+01
2.546268666528954583e+01 9.241479491366989407e+01 7.352450459461162779e+01
5.744284830031445210e+01 6.956402157189359059e+01 8.656721720197597847e+01
7.123940284729216899e+01 3.683745075847340189e+01 6.083481290651785400e+01
4.027816273538786795e+00 3.864155618305812112e+01 4.208503657762904737e+01
1.668382344208346879e+01 2.308548055177017666e+00 1.798925704627073330e+01
6.546214957970551040e+01 8.022888163636875447e+01 9.489637586118814738e+01
3.463635031084942995e+01 5.993792222611017451e+01 8.548420809828968459e+01
1.670417813381526173e+01 7.176455863427426607e+01 6.719357374460784627e+01
8.897553586933836911e+00 8.612493851830650726e+01 7.813541089131102524e+01
3.340300657743444646e+00 9.108441488005148301e+00 1.466829607182644679e+01
3.347435317993622306e+01 5.092889906799261723e+01 4.842030000165411963e+01
2.676667597694426348e+01 9.115968865602741289e+01 3.697090869082529707e+01
4.555015596535250566e+00 3.002271115413863711e+01 5.031748971589050967e+01
4.082218225882320439e+01 2.738425190992591496e+01 2.407738052896993253e+01
8.191645000962297729e+01 9.961452421241918387e+01 3.606313250434787676e+01
3.816210441766039452e+01 6.180375246769570197e+01 6.990486254783553477e+01
3.920295348035912752e+01 9.049295169818152829e+01 5.201361079906705243e+01
4.503900764059309836e+01 6.466727531599050849e+01 8.741479784734929126e+01
7.945522944217054828e+01 4.001313053512434159e+00 4.077350164051375714e+01
4.705446849512227203e+01 3.145175722091052606e+01 6.398186586949483967e+01
8.262691498625810027e+01 7.313450951852715320e+01 8.949769221133377073e+01
2.725476478930291080e+01 8.749894950244214442e+01 6.531275317323925833e+01
3.621787575581461027e+01 7.341245436569685978e+01 1.373119679503906099e+01
7.893334823405523082e+01 5.323306025871026037e+01 3.083402266925100577e+01
6.557773017841800822e+01 6.416199987144089789e+01 2.112170278845826132e+01
3.039741481152613556e+00 4.336225869016738699e+01 6.018876983673662551e+01
8.766052783705984552e+01 9.282167956475943527e+01 4.806459696083635436e+01
7.538034837685448508e+01 4.393032723279969076e+01 7.240310388354119198e+01
2.048015249391669101e+01 3.710647348035314508e+01 6.083769871143302765e+01
1.815796560707882978e+00 7.224613103389539503e+01 7.661468746408701236e+01
3.991416610939514698e+01 4.479424171771643159e+01 8.383121296415728807e+01
7.756546353260334570e+01 2.881494890333750192e+01 2.556531002554450893e+01
6.788782323905965654e+01 5.631980924481612050e+01 2.079354479566421077e+01
3.099299092291663982e+01 8.999832768786541237e+01 6.007013087629201920e+01
9.859743176855194235e+01 7.670125299807693864e+01 7.717116433357320204e+01
2.161885738704754090e+01 7.714848748169256965e+01 5.144551692685754851e+00
6.707600217115339092e+01 4.692822781202414006e+01 3.670867489217152269e+01
8.624043522930891470e+01 8.542676926575306595e+01 7.227955689825944496e+00
6.095051224494309849e+01 3.678322243209564135e+01 4.591109467337957284e+01
8.320407392187759399e+01 3.098397715276782804e+01 8.438286405781674659e+01
1.796338263721407458e+01 6.627224233681778287e+01 6.184039865557321747e+01
2.521951614279182152e+01 3.247506089672020124e+01 7.512318148940192941e+01
7.618052549549524599e+01 3.290958803147595546e+01 5.149926414132871599e+01
6.168029625309545239e+00 2.087458823986292344e+01 4.627023621205880488e+01
8.597373527921160274e+00 8.433323548919375412e+01 6.343640515951017989e+01
9.436336706484948422e+01 6.934669059640270916e+01 8.907124986400442879e+01
5.545125556909650300e+01 6.002186110619693693e+01 8.547618161757768007e+01
6.421291468642603206e+01 3.078656886074659926e+00 6.581572758838450454e+01
9.054686921374155872e+01 7.955802497943265905e+01 5.771779754619969083e+01
6.713035130935163863e+01 9.901917892516716790e+01 1.705776479372910970e+01
6.672448286332395639e+01 2.833976945705938277e+01 5.691185761147710309e+01
6.076235758839387557e+01 1.534568321081620823e+01 2.830065782683001530e+01
6.216295780432135132e+01 1.282299473037741322e+01 3.217899322413597218e+01
8.352455477380024718e+01 3.270915060016385922e+01 4.888431550120847646e+01
9.411403351458402256e+01 2.271490888369462979e+01 3.837503072404363991e+01
6.064577755435456652e+01 7.553389295039721674e+01 8.022153202609871414e+01
9.154729875735151268e+01 7.766400743726229905e+01 2.616007211237320718e+01
2.480933004256580254e+00 3.837739303556237758e+01 1.488561541525654519e+01
7.103876474382980177e+01 6.611305868257167617e+01 1.179158001015023594e+01
8.365937791309511340e+01 2.487432662911822590e+01 4.724335714386739227e+01
6.679337354557424078e+01 4.294187868522533336e+01 4.791796246196884113e+01
6.562799533574037447e+00 4.014435492600038202e+01 6.917309485939534852e+01
9.151763371865978058e+01 4.134971370633717669e+01 4.723991758166364008e+01
7.026271063236521286e+01 9.427720011052765869e+01 3.790997543854282270e+01
4.401442065379368529e+01 7.959732435523011418e+01 5.678668248529490370e+01
1.105863439639547252e+01 6.277327355622657024e+01 2.641127328767799298e+01
5.102159340784041319e+01 5.291032676604384477e+01 7.058012669199588629e+01
4.624942740124381402e+01 2.794424222358941989e+01 2.206866921327065967e+01
8.742518766843360822e+01 1.710108544182283907e+01 4.345968647436878030e+01
1.871731149269469796e+01 7.733040401143753684e+01 4.293881331841244275e+01
3.511436905568120181e+01 3.610996406264668224e+01 8.616169762781900943e+01
5.537739542944380844e+01 7.178678511312635635e+01 8.394063666824403924e+01
9.017416760406420906e+01 3.285090543378631622e+01 8.995849250748364057e+01
2.487588201460544379e+00 3.768355610161656699e+01 8.128394115094368999e+01
2.746368798169829262e+01 2.730814503213183642e+01 2.895014793658582875e+01
6.123133848469222329e+01 4.383327756143538068e+01 6.550328944392769870e+01
8.949106425646658636e+01 6.741993749428606009e+01 2.607403721111607453e+01
9.326819023605021641e+01 2.644928733474785076e+01 1.798717124907134490e+01
8.996727886096088866e+00 5.633837406661655933e+01 2.037795804949274014e+01
1.387758841126307630e+01 3.000304805954966270e+01 3.423026988445637642e+01
6.042395103321423022e+01 8.167452794726814602e+01 7.046075318608673399e+01
2.624844547164767405e+01 2.453104979859799073e+01 7.966654200788934759e+01
8.236241591960125064e-01 8.797205330602157858e+01 3.164116148434180076e+01
9.472843230897677813e+01 3.423072848275197089e+01 4.340208611265946814e+01
7.071206139443809491e+01 5.876690514732602821e+01 4.533315827849923352e+01
5.538309158678234922e+01 7.307068843628861998e+01 1.447832374660512578e+01
1.119930525570411728e+00 4.580669390728913015e+01 1.825951326135091080e+01
6.643442914647144448e+01 2.140524562274341847e+01 4.548309753885278894e+01
1.976709368742689676e+01 5.484835857491244582e+01 9.596835137787405046e+00
2.310685278748025873e+00 5.113163810669718146e+00 9.035169498907991681e+01
1.422862186109358262e+01 7.084782531368351499e+01 2.436901498774805574e+01
1.081603522351821667e+01 5.088762514093346567e+01 3.775124114755956128e+01
9.515803094398695805e+01 9.448354530207373614e+01 7.075748408130429823e+01
6.021018301273497286e+01 4.549603173930110245e+01 3.697688684991570796e+01
9.470875469755554832e+01 6.029088114246855667e+01 5.914707708486648130e+01
2.319011217689148552e+01 4.669781788511306431e+00 9.401422938961272280e+01
3.137352588446539059e+01 4.425890233244587080e+01 1.927418585034298815e+01
8.369243299092920552e+01 2.763183285593062699e+00 8.509412996373066562e+01
1.402850127879667852e+01 8.865641126311520281e+01 6.856070946928853971e+01
1.646702625073050896e+01 5.658179928594680774e+01 3.569813939654324031e+01
1.782330989115834541e+01 8.591821994111083427e+01 4.260441728039701559e+01
3.985437143653825132e+01 1.698866748066200216e+01 4.457308267571151816e+01
8.716168463288501300e+01 3.631287104896359352e+01 8.423048129067466050e+01
9.463088992083874018e+01 1.448986593073460227e+01 2.615881734657757463e+01
8.626740703318891690e+01 3.927609189247191779e+01 3.705786066900806919e+00
2.738718197053709957e+01 5.976289931955599855e+01 7.237201391101730508e+01
1.333886170932595583e+01 1.105413644167353482e+01 8.095030965328000150e+01
7.511483678225826566e+01 5.897796007780784322e+01 7.143799969523875859e+01
4.288543613066384808e+01 7.584557473091265933e+01 3.739166736755868925e+01
2.440945724926023530e+01 7.290134212929686441e+01 4.719825395042338556e+01
9.813771043261948535e+01 3.494851823081010167e+01 7.993431047576130766e+01
9.329625485670794660e+01 2.418529470647461466e+01 6.638880635644002837e+01
4.330745051445651228e+01 9.175247272303479917e+01 3.953276806186382686e+01
7.443037173373660664e+01 4.669674091637978819e+01 3.099228557989185973e+01
1.993501289446862756e+01 4.254311942563455773e+01 6.601061552495433205e+01
6.050714851807668282e+01 6.886292899005432844e+01 3.300687700944583725e+01
4.814353459576054917e+01 4.439526496932700184e+00 7.381938097659109133e+01
9.898921622398746933e+01 4.068790626246708797e+01 1.262056098641028079e+01
1.697926395509473707e+01 6.525268777504187767e+01 5.732950508581312477e+01
7.878647195855438667e+01 2.538840109610681495e+01 8.189557324667798355e+01
6.879840215236697532e+01 3.228144977138433092e+01 6.057877053717505333e+01
1.472738084983267193e+01 4.525645034355826368e+01 7.892681268581087295e+01
4.211913798253907970e+01 8.395667064754219666e+01 5.464758102402631579e+01
1.918767131023567529e+01 5.811062446978964147e+01 6.238922580094287440e+01
3.986413351963840057e+01 1.196304395160703393e+01 3.794339903053804619e+01
7.276237623962710899e+00 9.876905139875125528e+00 4.205251625221647060e+01
3.053814819684637172e+01 9.255443258622234737e+01 3.908990369577877999e+01
7.578581220721001444e+01 5.302475263662427096e+01 6.576210670823530791e+01
2.601159830153991948e+01 9.419049728383291153e+01 4.449744162660310565e+01
8.313240712852496017e+01 3.650456934761135130e+01 1.856139163046494289e+01
6.737116477208488163e+01 7.759648337424485121e-01 4.316216719540268087e+01
1.928019026664592417e+01 6.273755044353621457e+01 9.407390754371826347e+01
4.644029063206459540e+01 8.174982565256667044e+01 4.383157717837885770e+01
4.958400311040240638e+01 9.304234931787777896e+01 8.116911469684461622e+01
7.858004651879744529e+01 2.962557533167841228e+01 4.376769318359320238e+01
2.238972333056850061e+01 4.439166980465397927e+01 3.906264198858029602e+01
8.316400401693309163e+01 8.960283653249931035e+01 3.874944622298901464e+01
1.770444507323720718e+00 8.617738397893546676e+01 1.972946698070480309e+01
6.218819638903935498e+01 2.497090043413119353e+00 4.691402097547199190e+01
9.859603021153498048e+01 1.006936011038030898e+01 4.274538620915812714e+01
3.071499501899521789e+01 9.050881233882643073e+01 8.451363499366803467e+01
2.376987603062288201e+01 8.118778705043116162e+00 5.794979802901859500e+01
3.363687118837097501e+01 6.720843906060630957e+01 1.345610708292204549e+01
1.333992351774894125e+01 6.863722327726434003e+01 2.272400809607334082e+01
8.575876757624016022e+01 5.859088771013542640e+00 2.270048140423038063e+01
9.985602484850686267e+01 4.330761025867926151e+01 5.825750480443746682e+01
1.826630488570136635e+01 6.098687349855376993e+01 6.893571339851204982e+01
3.144766358665105344e+01 8.288971119758777206e+01 5.863243419176010462e+01
3.891230096150302131e+01 5.576423933431586022e+01 5.855944266158916633e+01
1.655352926938660119e+01 4.027323698669661667e+01 3.724307639595483010e+01
4.009027225791260918e+01 7.611105884852578640e+01 5.596851667246345130e+01
9.403161532392643096e+01 2.936764133584361858e+01 4.297704933447191422e+01
7.869568104790414509e+01 5.460245933207502844e+01 5.700977581939147143e+01
5.334016300518351628e+00 3.985996627184557894e+01 2.911862380974468678e+01
9.993351228311153989e+01 3.083550706323102730e+01 7.677733712463023608e+01
6.762337350404774838e+01 3.409164091920904127e+01 5.560740873488334302e+01
8.405358799491938271e+01 8.833682980309119159e+01 2.108030267287591641e+01
3.395731412081696021e+01 3.352231802135716521e+01 1.518644112301737437e+01
5.982377598518965556e+01 8.548200529921879820e+01 4.091563187386805822e+01
7.400359449841769788e+01 6.277004136007398927e+01 3.576096449542446720e+01
1.410597994922970777e+01 7.093238527759673673e+01 8.242004160594774476e+01
6.858544924014918820e+01 1.787848403481806514e+00 2.244488616675208448e+01
6.947998488353190893e+00 5.703860995762267549e+01 7.259241196169277544e+01
1.105791870686594436e+01 8.383378205933851746e+01 5.888255477431607687e+01
6.899690121417249600e+01 9.714018486086462190e+01 1.362138993892827799e+01
9.012240229777891898e+01 1.261026959874093123e+01 4.511753783903400716e+01
8.514386963311143575e+01 9.062542367378682684e+01 5.127266317841865373e+01
5.941046382754251454e+01 7.081473345985571655e+01 7.973552417027447348e+01
1.215111695376661594e+01 8.100693082292276870e+01 4.419458982522173329e+01
4.506234251081689735e+01 4.238997519969982619e+01 5.075690261610823484e+01
9.450505533946035541e+01 5.482037727921515824e+01 8.034029224391763080e+01
1.802901306156405781e+01 7.241359788326332136e+01 8.156579718613473062e+01
6.791288313348618999e+01 6.069222802265403516e+01 4.620633463477523861e+01
8.609304825786959725e+01 8.216465971645000366e+01 1.689078694182698115e+01
8.485876570308781197e+01 4.140686194404425180e+01 2.525266251997953404e+01
8.697685680139258579e+01 4.320247996337415941e+01 7.702410620629784432e+01
2.634036119558444966e+01 3.929321422217801896e-01 5.660513646851433833e+01
1.002282566428842614e+01 7.543759555249096138e+01 3.354517292173729004e+01
4.436456466034787383e+01 8.703356509155424803e+00 4.381017507823529655e+01
7.814902432585719794e+01 1.515879119023194654e+01 5.551311085147758462e+01
9.174258528045011474e+01 6.798367597577203014e+01 6.918590979210860326e+01
1.089716293039158046e+01 2.507318260020544542e+01 7.765869961034329094e+01
7.151056136180892508e+01 6.395538263773111964e+01 6.297864305725750000e+01
4.142005543046434468e+01 4.455663161765322400e+00 6.813684128509632387e+01
6.787132362153538168e+01 4.728044641127247161e+01 7.866099176782729785e+01
3.361596649850988427e+01 2.943217442312359111e+01 8.205628454360908108e+01
7.969876547589855420e+01 5.149798106483447668e+01 1.397400471937204891e+01
2.150714714650524684e+01 6.562279904088066473e+01 3.513997033527315494e+01
8.364731916659712851e+01 9.499550093322041278e+01 7.242657687238668984e+01
3.775454229955571606e+01 7.886864292314240288e+01 3.577901967241988501e+01
1.671000877656339156e+01 3.339320486585739545e+00 4.393198821661401610e+01
9.035593036972818481e+01 2.389865877556765028e+01 2.153236961359537815e+01
9.698207852410402552e+01 2.500411285059211952e+00 6.949619102133132742e+01
3.213699557408703811e+01 3.748795686965933349e+00 8.556747583221945774e+01
1.396423302095836050e+01 5.517792837256953931e+01 3.397753624210938028e+01
6.519280218469103438e+00 4.992248566337909033e+00 2.361237617425680924e+01
7.136701388938004875e+00 7.605581155199229215e+01 4.986785423347111390e+01
3.428920913489796618e+01 4.183689101320071302e+01 8.463629771222738896e+01
9.107518127381472084e+01 7.156764801225769190e+01 8.284011019030603507e+01
3.196480275876247745e+01 3.811093260082828493e+01 5.731324028692106509e+01
6.236259472972641760e+01 4.816998380123409618e+01 3.991265410265564384e+01
9.861803116086950638e+01 8.211236261177243989e+01 3.659883046639713911e+01
7.272924772395684556e+01 2.695616932524594844e+01 2.017560233522697288e+01
3.524310255527406355e+01 4.029728001233942081e+01 1.057691418860496668e+01
8.147920016358960993e+01 3.591934023891815286e+01 5.885651326909567871e+01
7.396318727095597012e+00 1.749968287505839726e+01 6.942567044685679889e+01
6.086875278828007652e+01 9.502840501704855569e+01 8.960400270877778439e+01
3.718601153330943987e+01 2.988030640832746343e+01 7.486044960350557176e+01
9.986114270374541491e+01 6.296412342324573075e+01 7.931588161272691195e+01
7.817458588152744881e+01 3.553397082195469636e+01 5.769151994862240684e+01
8.330569412642135774e+01 6.881138762610554238e+01 1.104698412776122574e+01
3.367056688975335277e+01 1.444756965946053562e+01 2.560032544188644010e+01
9.054894774913256583e+01 3.689328891076815164e+00 2.790648518029756886e+01
3.095693522382314455e+01 6.168840719663948136e+01 4.812880626720993860e+01
2.182694828533860942e+01 1.642410672231544666e+01 2.726651637191838162e+01
5.025296267016555873e+01 2.711777857112034340e+01 8.326815250364549570e+01
4.638652214288475761e+01 5.879601654463706417e+00 7.706415257495966387e+01
3.288452882089896434e+01 6.534889320582475136e+01 3.715463576762341802e+01
5.707437417333198937e+01 7.721525048074646236e+01 8.836196798901194427e+01
2.611271444330770564e+01 3.348569509989811621e+01 4.014350195758535023e+01
9.271748377359888593e+01 9.013868568106570933e+01 1.921728399124387821e+01
1.319298257538108388e+01 4.955091773306382663e+01 1.782444107959082658e+01
3.455808733486974660e+01 1.483853782174776548e+01 6.521132898896962615e+01
9.494954317391616883e+01 9.967337702943814293e+01 4.027476887810536255e+01
5.990126371146122608e+01 8.562676535240812825e+01 1.791604829426321999e+01
6.895644110519650383e+01 4.088436617250682303e+01 2.612700248611262310e+01
4.027536187474419904e+01 7.596028696491686105e+00 5.770328149383844618e+01
2.527426687484530987e+01 3.114056450448779856e+01 1.511014298099628483e+01
8.646591138898916995e+01 4.934442792827385915e+01 5.653641896813237366e+01
5.694326830948546103e+01 4.104931145413417681e+01 2.870860722516535546e+01
7.451327484983998772e+01 1.270562653576743273e+01 1.459144062380019946e+01
7.101450375965033857e+01 2.088370204519838325e+01 3.321183339848124660e+01
4.752274670017402514e+01 4.493513167295461841e+01 5.961144235634113642e+01
6.234317934433610020e+01 6.443961622818656565e+01 7.253337343691424621e+01
2.926127274234653441e+01 3.223333118004736519e+01 4.861737674058353775e+01
3.074621730335260850e+01 9.849378689708633772e+01 7.739567273628728117e+01
1.646546882560295799e+01 5.594155881869511404e-01 1.351314333960317526e+01
2.440634510429252657e+01 1.142912858368565487e+01 5.817943134131687799e+01
8.579952227273585663e+01 7.367502209132274515e+01 2.266380732109698570e+01
3.992992560257858514e+01 5.078942095312775962e+01 7.070119318837868150e+01
8.391216031061648550e+01 9.097183119077759272e+01 5.421339438792583820e+01
6.942747464358629372e+01 1.118003712339371525e+01 5.850874136148200932e+01
2.486918094711351301e+01 4.317168850266111235e+01 5.519621296524685761e+01
2.569859378537810812e+01 5.218505779676108070e+00 7.034849859172945585e+00
2.215953554452154695e+00 8.349737513769661668e-01 2.424968956111231222e+01
2.394887145701298792e+01 2.212215141822991882e+01 9.049962535189682455e+01
3.060061052089432110e+01 1.274207833593990991e+01 5.605595199487240166e+01
8.579574553975083973e+01 6.780603767876752386e+01 2.778163091239836291e+01
5.616161597914549475e+01 7.148559742004091788e+01 7.040677921463189648e+01
6.665384552976888699e+01 8.708104247756179461e+01 7.352059638137157549e+01
5.789365594070032728e+01 4.298563691112122598e+01 5.260380178151052633e+01
8.182120013704631845e+01 5.652104841184724116e-01 9.220837913016397636e+01
1.828937723291992512e+01 4.702489856599761708e+01 8.531195233660281474e+01
2.250403990441993685e+01 4.767952239003832204e+01 1.814161996637074381e+01
3.950763253881925863e+01 1.771354547930025092e+01 3.578559882296590189e+01
3.734642167927220413e+01 9.931707895983326750e+01 9.644941529972929573e+01
1.147862786606124175e+01 7.259687793283472956e+01 1.179142445014045926e+01
3.019201533718862684e+00 1.053338942449643056e+01 8.681581633073227522e+01
9.408635478946973763e+01 1.939278202806804430e+01 2.845348455521119391e+01
2.405350865159470075e+01 5.155469940751421376e+01 5.337396013639146020e+01
2.215934304394473386e+01 7.566227880899451463e+01 3.093868940121676658e+01
9.221313255294103328e+01 6.567227064567305206e+01 4.726736225107096345e+01
7.899120017028454299e+01 8.179146260466647789e+01 2.914801745494873941e+01
3.397145438360843173e+01 9.359551537286033351e+01 2.120867260305970348e+01
4.215041696293420515e+00 4.540553226095491368e+01 6.831266742552148230e+01
7.716681063107458272e+01 9.195306289128325261e+01 5.259493863277756276e+01
1.000646715665333097e+01 5.886889743360161020e+01 7.210783021300440510e+01
9.332812026982640674e+00 1.726574010975897622e+01 1.331486706665999620e+01
5.936525794468104067e+01 8.867343919459044344e+01 6.654133175379956811e+01
9.820400875909820115e+01 6.303365249976156548e+00 8.423777638669179169e+01
8.140682873866806801e+01 3.142415204995049294e+01 8.934672141217413355e+01
2.879377481714150377e+01 8.893047238282184708e+01 7.987657451970977718e+01
7.576576166029724391e+01 5.634704738128518642e+01 2.063547362469772040e+01
5.319717344964982431e+01 3.567962556549345265e+01 6.842260870381558391e+01
7.581292064968448585e+01 9.106125073726052221e+01 0.000000000000000000e+00
8.091032168230461252e+01 9.384620531246687847e+01 7.745594683882519860e+01
1.301944598703667033e+01 8.127910484088774368e+00 1.281439415339948518e+01
6.287452258280710282e+01 6.296726518598872957e+01 8.831331632885024874e+01
3.980431741040957405e+01 3.319062848974967039e+01 6.365730064096023710e+01
8.256086725075940080e+01 9.367739495230019031e+01 7.086438008004394362e+01
4.266739806158047799e+01 6.349142353120641502e+01 7.530583247147166048e+01
4.906096883117394469e+01 2.166866437053926830e+01 1.876318853171303758e+01
1.577445780567288125e-02 7.182379949812842312e+01 1.973844628876532781e+01
2.438390996959404333e+01 2.978763315227933717e+01 4.760207697322714893e+01
3.979572772957692450e+01 6.746739920231618726e+01 9.776317844985785044e+00
1.239391942644394362e+01 4.992115035332667361e+01 3.702082496765868314e+01
2.958133627513597119e+01 6.702807903752272978e+00 7.648697044499212438e+01
6.918185861250508140e+01 1.216181568196493856e+01 1.097807816031458117e+01
9.748725334312430846e+01 6.811725504395049313e+01 3.338674133522446397e+01
7.017310407557847896e+01 7.563317864801591384e+01 7.442756347434806230e+01
4.778773056530576469e+01 4.298827581248480101e+01 6.461722274730555604e+00
9.265571151418380680e+01 6.033078783889430952e+01 2.044871196924317402e+01
9.196034194214365698e+01 9.149319017702963208e+01 8.373685133856184848e+01
8.740565631389787882e+01 9.977843878200647509e+01 2.661130981045915433e+01
8.422495851992340476e+01 8.230283087957644739e+01 2.075385971432248411e+01
9.843754900099078498e+00 9.794205136775995868e+01 4.042011055677349418e+01
8.708917904678060040e+01 4.127154674603894513e-01 3.592040243425608792e-01
4.658713086963683736e+01 2.387146839350635474e+01 6.277329457684868430e+01
5.655643255679543557e+01 7.748579745049144485e+00 2.206170896269321346e+01
3.880492700584142796e+01 1.856040639554331761e+01 6.979665402948717201e+01
4.160702355532800567e+01 9.343186684249927154e+00 4.872048571887373214e+01
9.083818106141416493e+00 1.289373054198171786e+01 2.464267386333858312e+01
8.595277052474898483e+01 9.246125323329718526e+01 8.197002041735494515e+01
3.340772174178472653e+01 2.724464411088316496e+01 4.857881287461061959e+01
7.218531605331122591e+01 9.933727881601748777e+01 9.508808307443231911e+00
4.929199902380442921e+00 6.943558889952710445e+01 7.092565052242439094e+01
8.463487798664232287e+01 6.784635490771606214e+01 8.772434623477546722e+01
5.110047635445869219e+01 9.138147983362124194e+01 8.679288133704403663e+01
8.471574570031077656e+01 3.097585632586206117e+01 2.743043751136174890e+01
5.481200649818184445e+01 4.530147503801884312e+01 8.197679734357977566e+01
1.000316710671537201e+01 2.577400613115186090e+01 6.706792504180481274e+01
9.498664497731212464e+00 3.207644140217001905e+01 3.793810793915760371e+01
6.225937965626899739e+01 1.581326457193645751e+01 7.696200710224428576e+01
4.475422354662742208e+01 9.170217118805564382e+01 5.419431426164630494e+01
2.750402589407333664e+01 1.418288286876748749e+01 1.148811967401657519e+01
5.321574849848356337e+01 1.071566969269234271e+01 4.801626856547277811e+01
5.892717612370866931e+01 2.756858969027003070e+01 2.608035725953569184e+01
7.747216226093416935e+01 9.467911722816205611e+01 1.629643313495634160e+01
1.555903243850078610e+01 9.600126572527186397e+01 7.291696806787224538e+00
9.776323365504721608e+01 4.644483084988770827e-01 8.041947273932206031e+01
3.073251809877495333e+01 9.385888581772965722e+01 3.395942865524668264e+01
6.543063215340559680e+01 8.003256976593664973e+00 2.774230714181016211e+01
7.736793464792506825e+01 5.286858536788196972e+01 8.317274255471596689e+01
4.287514083413542920e+01 8.698123658139230940e+01 3.660352828758797727e+01
9.792482787019852708e+01 9.598343813988768147e+01 4.034144594693724173e+01
8.859236704168031906e+01 8.476113742156492492e+01 2.533797059520622597e+01
6.242904007832697033e+01 7.268231558981486096e+00 7.081943751829535927e+01
1.745458835034965261e+01 7.081470138576451134e+00 4.296092821514380233e+01
5.769221385996434748e+01 8.549169585597709897e+01 8.430901288229543411e+01
4.394925125698636492e+01 6.044692298527021279e+00 7.173458967139603715e+01
5.651732562239374147e+01 4.478913448444631484e+01 3.717582930657771101e+01
5.023985278435356605e+01 3.386796044570309050e+01 7.424339702692978449e+01
5.438936964926411122e+01 8.768477741541119030e+01 5.202646626383113926e+01
2.382624133399300348e+01 8.510918822321444566e+01 5.211061313976673404e+01
2.068410381435612422e+01 6.235078099562221610e+01 3.498166989215970801e+01
8.444056122920657970e+01 4.532997386465428491e+01 6.464877840773601747e+01
9.553620763623715817e+00 3.960243463023461885e+01 8.846133978773535489e+01
8.084602894771482795e+01 1.599408023669286472e+01 3.015966626847589893e+01
3.298158088563610590e+01 6.503655604954457203e+01 6.672098000257601313e+01
7.495266088079097244e+01 5.098740563064028208e+01 6.981115870734240048e+01
4.370780827574750305e+01 1.238805652955619152e+01 5.394293842240387704e+01
9.523013846011066619e+01 7.929936513925113672e+01 5.377879381468563480e+01
6.468056603490968826e+01 9.305620270355726120e+01 3.863709451997736721e+01
3.313941389426373973e+01 9.772415650004489862e+01 8.215014202093591678e+01
3.230435846186023952e+01 4.637805973609228261e+01 4.943252147160009002e+01
1.490956786714339088e+01 9.578193238132590182e+01 4.525478055980040892e+01
8.753290826379080158e+01 1.893562276806650857e+01 5.009933718224218779e+01
2.396138512426981837e+00 7.642204838423086244e+01 5.552451396382429749e+01
6.255895834697526681e+01 5.172088255465345341e+00 3.185249167795814884e+01
7.433087235358016187e+00 2.889143158038117676e+01 5.473786798603044446e+01
5.661859843173752438e+01 6.121498216133902304e+01 5.633808364429268067e+01
2.730287956758593637e+01 2.445074973444252464e+01 1.363804489902230088e+01
8.490708749034921254e+01 6.164793585412444799e+01 3.043817710114340258e+01
1.772093798212395299e+01 8.730356015261367020e+01 6.716822574373742327e+01
6.593990799053713658e+01 4.068641075392997664e+01 3.881265632623049555e+01
9.794507631128237790e+01 7.972395750228001532e+01 4.001562363950574053e+01
8.475647962784947254e+01 7.589319486146814597e+01 3.215409618646458512e+01
4.265528542416397073e+01 1.859534453910266549e+01 1.448814378826409310e+01
7.227620328396967864e+01 2.675118573538666311e+01 7.602114267065546471e+01
9.956087115144261190e+01 7.661981392964866799e+00 4.619934835703723763e+01
8.020625593108030671e+01 7.889508965412335328e+01 6.869316111315738738e+01
3.489949353019109424e+01 4.538532556850523036e+01 5.011574818074963389e+01
9.739405835732571859e+01 3.275472709384929004e+01 8.153413401663866011e+01
2.693569181804941337e+01 9.890744654737045494e+01 5.848714384988888071e+01
4.635114803585509691e+01 6.133904280636048867e+01 3.283525215457647306e+01
2.741738575114666077e+01 1.135545438434938426e+01 2.170543503400829266e+01
3.476717414689113639e+01 7.628554778963716387e+01 6.095474159636421518e+01
1.025845603310208176e+01 8.522365249759108963e+01 5.879261327997594577e+01
9.608555767847796858e+01 6.701854674112075827e+01 1.917190158278827283e+01
4.737833623078222445e+01 6.484975975472040943e+01 1.150838259389770002e+01
1.491026415480789513e+00 1.294030005985679033e+01 3.211689081605177165e+01
4.295491235206755221e+01 4.874404737597883752e+01 1.723034048773432758e+01
6.733915791158308650e+01 5.961380616965348622e+01 3.285970059267524590e+01
1.365988343529200844e+00 7.764791535329074179e+00 3.970900736609037551e+01
1.539743511656839203e+01 3.768196061479708447e+01 6.635990783566566620e+01
5.472374278792835156e+01 2.311758831373942513e+01 3.987029281089641586e+01
6.140311984486505992e+01 8.608550280434486979e+01 7.226036968065071164e+01
5.534000268334149553e+01 3.622929983164861767e+01 3.113149485410820461e+01
8.794173102643961215e+01 3.924357604054640181e+00 8.962271918534055715e+01
6.643754108515622647e+01 6.811376990723904612e+01 1.083268564924193100e+01
6.055292748912721379e+01 4.847780600904469850e+01 1.632373009034325761e+01
2.779220107693590691e+01 8.903144562136512263e+01 4.683452354867083045e+01
4.134165751739087113e+01 7.268215584081094249e+00 6.215551293895054386e+01
7.028508233960324958e+01 6.140436069725635804e+01 4.969171001079011063e+01
4.337844022073726791e+01 5.932710929879922901e+01 3.193838190843591462e+01
9.412590641776476730e+01 5.887945291802295600e+01 3.133121604832527396e+01
4.496798508851572507e+01 8.056847888768923838e+01 1.991298993494354619e+01
2.928356224602604030e+01 6.795080227365554038e+01 4.134958984226088319e+01
7.925016818614659542e+01 1.304534871773608273e+01 6.933939809837985990e+01
6.835171485056623197e+00 1.259261266749478470e+00 8.107493602109185815e+01
5.813392169322986547e+01 3.518268970868114565e+01 2.686054174907541636e+01
6.168857832608161118e+01 5.090021835367382153e+01 8.372784132244758837e+01
9.832159866537458015e+01 6.350245661416096254e+01 4.680538996118783501e+01
4.911409691346621287e+01 6.824790662368619110e+01 1.398660889312913191e+01
3.283520738107181813e+01 7.527224100360385250e+00 1.422520955437936685e+01
1.958392418942337443e+01 4.852532545932268704e+01 7.416180675472126893e+01
4.854958911658725640e+01 3.354766105608697302e+01 2.299990852487464466e+01
5.502955231831295890e+01 2.712685864831767546e+01 5.313101994257360161e+01
9.771877391324183293e+01 1.113143214775501555e+01 2.918761804586559805e+01
4.730945380993747307e+01 9.686138153459295097e+01 7.483468237879729656e+01
8.982291931628300574e+01 3.337148484757928912e+01 8.664708840285530300e+01
1.028328160641573952e+01 5.297290604610083165e+00 8.056893436936618969e+01
9.272648702069862736e+01 9.058535754610176127e+00 2.431406027722089647e+01
3.317415775577381432e+00 1.045075626427241033e+01 2.232241466001581998e+01
9.700766189100009740e+01 6.678602222396804677e+01 7.282742793573052609e+01
7.761394036915221761e+01 5.350737497792146513e+01 7.503713338982865366e+01
5.958075323899696230e+01 3.145460976033576017e+01 5.629226497566484966e+01
5.335085861345134361e+01 8.234530537593207100e+01 9.154419214445201192e+01
4.110425654209305435e+01 7.633906784413596824e+01 1.717835735148596399e+01
7.768313694482885978e+01 3.714169119932321195e+01 1.367118323430312543e+01
3.632461785621772066e+01 6.106427509216447902e+01 1.437353596353776730e+01
9.240344924302546303e+01 7.767241327283858077e+00 8.485985303661097134e+01
7.071375179356864749e+01 3.297121754142035854e+01 3.828315384677530631e+01
7.408093647327442000e+01 6.014711008812073345e+01 5.811305733887267877e+01
3.891646165134800128e+01 4.878134818075989898e+01 8.699624808523729769e+01
2.139228704997177033e+01 4.178561865221313809e+01 3.325778444367774966e+01
7.651115104398498090e+01 7.640126256657207193e+01 3.398661893026299907e+01
8.139031663298290198e+00 1.143267667220404515e+00 3.804624766183091111e+01
4.103375943357708877e+01 9.883898786398628999e+01 4.284768191609209964e+01
2.564183695754206482e+01 8.912294410314673598e+01 5.135812826746732895e+01
5.991756352105777950e+01 9.566871042821267324e+00 4.165777874853753104e+01
9.442236744737867582e+01 5.895053841754253909e+01 4.007062265314421268e+01
6.256671806315930695e+01 9.104110895781161616e+01 3.628146482300812181e+01
5.051167184706743996e+01 9.586906539117553905e+01 2.461501399134036205e+01
7.196639255967114934e+01 6.144810082029823661e+01 6.209042268382315655e+01
3.512196306675696889e+01 3.138793734837649296e+01 6.461931215286944052e+01
2.155432851045453546e+01 4.196547448590051488e+01 3.047540489694690180e+01
8.304841123329742558e-01 9.700573600380694472e+01 5.483337403481293393e+01
9.693496144198252296e+01 1.403235197678260882e+01 5.814323384216414325e+01
2.009740327912395941e+01 7.900741269632747787e+01 7.444616573209094668e+01
1.126071490393117891e+01 9.120644528763891401e+01 2.719340708998367262e+01
6.129773415893603783e+01 9.856336200877041165e+01 8.040655310881564333e+01
9.565639285611689502e+01 3.425987712181194667e+01 2.171884480234626125e+01
1.883468732894500874e+01 5.004948950766138438e+01 7.714903112219917602e+01
1.501536441838752189e+01 6.597315322607570920e+01 3.619294662652622918e+01
3.412020723921534682e+01 6.619177301579263428e+01 4.514524992449120333e+01
8.120332930259938564e+01 1.559185096628270628e+01 6.657290945586207442e+01
6.423524805742086841e+00 1.940538802456049794e+01 6.484908770218692098e+01
8.549256565110712813e+01 2.526796277393490442e+01 3.591069291139016428e+01
5.371207482867399108e+01 2.115728064893023230e+01 7.149368617713174956e+01
7.736366450057607835e+01 1.452917119657816158e+01 4.157705511392158826e+01
7.748277666546213993e+01 3.373295311034147659e+01 6.268101245983801562e+01
5.021312145757272916e+00 6.086887605293179604e+01 1.428504827436410629e+01
8.305833251144512985e+01 3.554494635804784508e+01 3.254356302577175342e+01
8.408889767114850144e+01 5.014402307181020646e+00 4.414142763203087583e+01
3.700035405750313799e+01 2.848003742495508561e+01 8.494481535590283272e+01
7.509283935167222523e+01 6.392316419193877053e+00 6.504313788783341010e+01
5.272991331287939687e+01 9.008678944015791501e+01 2.878830897641656961e+01
5.741619996095829492e+01 5.007552747409859961e+01 5.067417043771312990e+01
4.561053995172126463e+01 2.056294755322812762e+01 7.487464398443400171e+01
4.513360327392886973e+01 9.585162750026057665e+01 2.729586701958300310e+01
6.827438396270410692e+01 9.407170796391083911e+01 6.452568071658785698e+01
8.712729076173945941e+01 8.274809597570060760e+01 4.417462324756580472e+01
6.001239399394965091e+01 1.562613398113555974e+01 5.341006597217928942e+01
2.304219718143372120e+01 7.437368149524455418e+01 4.980199278380742811e+01
4.112273626316604691e+01 2.687970961669775605e+01 9.403492166508978300e+01
7.171052088493268251e+00 4.356068057242001856e+00 2.307316296019844160e+01
9.710724586278196568e+01 9.792381683199845099e+01 5.647155910451257910e+01
8.801066672064047225e+01 2.139617308407953900e+01 9.092996347701929949e+01
1.427848501395646608e+01 1.011251881816582809e+01 1.585960275947212139e+01
5.731279232725646722e+01 7.809744007180523795e+01 3.697113880820312914e+01
9.778959877861265682e+01 4.344201381183295041e+01 1.807709954247930995e+01
4.659667481861367122e+01 6.790371654224398412e+01 7.429159985517424047e+01
4.587682899565928807e+01 5.936068260491674664e+01 3.588312406487738571e+01
6.459165264055140199e+01 9.859719439503436433e+01 1.914328412794943546e+01
8.865306707051678359e+01 5.622825027675227716e+01 3.623788384168602761e+01
9.548897100092578683e+01 4.833543030588989353e+01 3.985369178481695229e+01
1.814976282708411404e+01 2.444522102566620703e+01 7.817067267705355960e+01
6.144100093171658017e+01 9.132456194883160094e+01 2.144048339561811645e+01
1.211385738489014763e+01 6.087530975590005333e-01 4.900880606047303445e+01
9.983069303819881668e+01 6.949652688186390037e+01 4.230256966070297864e+01
8.768585830261716296e+01 7.817222659879597302e+01 7.847572519881683029e+00
8.168604805410224401e+01 3.005267572384959607e+01 2.674218193458894177e+01
2.263308397370745695e+01 4.685798043751390196e+01 4.323099969946210308e+01
2.888872993742267425e+01 1.722183222070326991e+01 5.959466055964136899e+01
9.901097837349171016e+01 7.777915804196904048e+01 3.510571157527427744e+01
2.448089614121333568e+01 2.176658760659382352e+01 2.467349727452413077e+01
5.513305496923012328e+01 6.054003719533442052e+01 6.568743122065595230e+01
6.802133709336679601e+01 2.923333112833824643e+01 4.032390523375884328e+01
6.815145354423378876e+01 3.494476407836283016e+01 1.890303599404663260e+01
3.743361536967395864e+01 2.720841575779776633e+01 9.918502704553576521e+00
8.301389022766535675e+01 8.531113891570363705e+01 2.711827189112500491e+01
6.477219952520174573e+00 7.388274373511795545e+01 2.755779480957193783e+01
3.934354894368602373e+01 6.413525223738325565e+00 3.234483904997992454e+01
7.929022783296358057e+01 8.043964469152018637e+01 2.785511397941282752e+01
3.359138451066895215e+01 1.342384190937435662e+01 9.548078771460065894e+00
9.921717144484094320e+01 6.555939512448392748e+01 5.343293981478836230e+01
7.654985004052996089e+01 8.400771596877241620e+01 7.658803011101478830e+01
1.653944928987660656e+00 1.868078981904984914e+01 5.412145658809267701e+01
3.757593478039629531e+01 9.824826510611069352e+01 6.244005915678317820e+01
9.565489087292064596e+01 2.014464816457938312e+01 7.743813780692632065e+01
3.213523058152253498e+01 9.895648082378068011e+01 1.855426162172000204e+01
5.163398188383266074e+01 7.928445338371219009e+01 4.567381013646782151e+01
4.680840601876467133e+01 9.863557955057410709e+01 3.835578110645378302e+01
6.040721005990635462e+01 5.453966067515070293e+00 7.873254188520104435e+01
6.481680489795435562e+01 4.040201028628135305e+01 1.196572092823510225e+01
5.916688205935039235e+01 1.265782848416219242e+00 1.288275952191671436e+01
6.160985621493546205e+01 1.890170673345542696e+01 1.943174815770407449e+01
6.532715658327437325e+01 5.369718793937428458e+00 2.778277957049052205e+01
1.494319021420190730e+01 5.801763697965338906e+01 6.345815852357102926e+01
7.211358535990434859e+01 2.552312169185654156e+01 1.447624137300712555e+01
7.868365694189782822e+00 4.261515484507237517e+01 9.731539710242496710e+01
2.177290342470246287e+01 2.567416013415493126e+01 1.846129205630401415e+01
6.055702738939302776e+01 6.798728739471748383e+01 6.102273269119072552e+01
8.611302430447813094e+01 4.864258350260717378e+01 1.862451102406955528e+01
2.894051307044126631e+01 6.624299734213518320e+01 5.338973564107691772e+01
5.310031297429625141e+01 6.829644186886871182e+01 6.263262058325872772e+01
8.813248894649517240e+01 5.860163774782966328e+01 7.152436090086062848e+01
2.487071559664678588e+01 6.781825845890679716e+01 8.160443242581702350e+01
3.857323278998332228e+01 7.791041873386465966e+01 6.784463658678029674e+01
5.952619687182247432e+00 5.815083096240722682e+01 1.988289275095432984e+01
9.673191722305911355e+01 8.114075027006562379e+01 1.022233010956307631e+01
1.217519976476784116e+01 5.944738549126189753e+01 3.989804823491357411e+01
3.490585907310927993e+00 5.416415078330530974e+01 3.653753510155703310e+01
1.010764923717426456e+01 8.019203922559826481e+01 8.241132530146354895e+01
7.565939340141299851e+01 8.224223100162772937e+01 3.125943565339779795e+01
2.635729509186009878e+01 2.085275402991877414e+01 7.799727643537579524e+01
9.479170789344971126e+01 7.168372067339025477e+01 7.330157565341026782e+01
6.386990948831725490e+01 3.876599005587990376e+01 4.320280113342673900e+01
7.532143216740482927e+00 3.145719524602608175e+00 6.618219606366847074e+01
4.384288920111806220e+01 5.522150680546295121e+01 4.768791234876108831e+01
2.773758133333014086e+01 4.758925108294906892e+01 5.002011969460809837e+01
3.884272212278570180e+01 8.206753834010704907e+01 4.562454926082083517e+01
6.036445245059878317e+01 8.955201203808260857e+01 7.978328076328719476e+01
8.904222037791652156e+01 2.700049964650139600e+01 7.478297156105116805e+00
2.610667998953292113e+01 2.787073456207086508e+01 8.419111382923134101e+01
6.492427328379706353e+01 8.170395960222876397e+00 2.282126718035589263e+01
1.556761255419754164e+01 6.304217481689231306e+01 6.884481832442975247e+01
8.596439105653961121e+01 9.406365508062431502e+01 2.271674144327563027e+01
3.097724847240490575e+01 2.403228807448306625e+01 3.583923721798419137e+01
9.146651074237493617e+01 5.751125669393615425e+01 6.945082140194533338e+01
4.901192361267819564e+01 2.885791333612452991e+00 1.379946322464151720e+01
5.379230312678857473e+01 7.187890348200257051e+01 2.961134661870710261e+01
7.219095739923039901e+01 8.106657734835124529e+01 3.999133960664843102e+01
7.464192328441049540e+01 4.040299503284599325e+01 5.870661548451520417e+01
7.639970493195430379e+01 9.919266183081107613e+01 3.799230561303571818e+01
4.110407805746114462e+01 1.656200594101713364e+01 2.305826017110384640e+01
6.933950025983777721e+01 9.170455901544760025e+01 4.373399348995087621e+01
1.798444468355412340e+01 2.850994993829940682e+01 4.549829789092643750e+01
2.906503293653683784e+01 2.335790831218662689e+01 7.104178032897803519e+01
7.844921240623192737e-01 5.392305273364831208e+01 6.894852903415539913e+01
2.662282863174682035e+01 6.032915106120173476e+01 6.348743509528785012e+01
6.550246964050899123e+01 4.458496341987176947e+01 3.377296629035753028e+01
8.359240730278133924e+01 7.584459569998642792e+01 2.958402198547770467e+01
1.030191944422060857e+01 7.180754544546918972e+00 1.254267639673976120e+01
5.828693611920427742e+01 5.166217582898968708e+00 3.361709410565909195e+01
7.531997019142293937e+01 2.943481665153780824e+01 7.567419946787300944e+01
7.454670382070553103e+01 2.458271326332163298e+01 6.546096146348364186e+01
7.477766382721007687e+01 3.974539256670268372e+01 2.033893790018381154e+01
5.212708068918691140e+01 9.213975880001963503e+01 6.105137544852617992e+01
1.729224976272611869e+01 6.827569247335199520e+01 4.331598325677077099e+01
5.915287973553729728e+01 7.340640350231079481e+01 4.834505119485542934e+01
8.139839745733085863e+01 7.221555793166277226e+01 5.785710525161766071e+01
1.507928158323514900e+01 8.359491109115683116e+01 8.865187903234431133e+01
1.369651238092948198e+01 4.882411294334305296e+01 3.220831499947039589e+01
7.545233074255645533e+01 7.216296360046999325e+01 2.223479901612007481e+01
8.770272712616372246e+01 1.809730639780022798e+01 6.854283985898837273e+01
4.569803596280048907e+01 3.282722935581512047e+01 3.303525759797440742e+01
1.676142561466294012e+01 6.618905547009002532e+01 5.752941710362131289e+01
1.220854216512327106e+01 1.126978604383251970e+01 1.636987287624390319e+01
7.437673473735441121e+01 7.118820852292891743e+01 8.384155907279845721e+00
5.602700755969729585e+01 8.467615524268989446e+00 8.591367664432236495e+01
9.071174191801324582e+01 6.982329898131300183e+01 8.183712788302129582e+01
8.114530304136906125e+01 8.285385759270494077e+01 5.402367672479895333e+01
3.060591982161759006e+01 2.177991151164215822e+01 2.819183920271684940e+01
6.284954300890620260e+01 1.726565358323989230e+01 2.439288868632941032e+01
4.680608627954644163e+01 2.330500985246155565e+01 5.814726123833372640e+01
9.231760284563299024e+01 7.480893657031263899e+01 6.680322711703125549e+01
5.827214759837787739e+01 4.879479092570648646e+01 2.636945266302159752e+01
8.947104554268655363e+01 2.485360020128363345e+01 1.846423545951829226e+01
7.500151792286952457e+01 1.756155343311663941e+01 3.842374584776933943e+01
2.828492829097972727e+00 1.370679425404480689e+01 2.083014859243442629e+01
5.441012775017794567e+00 6.566569566228452004e+01 7.778665588963798427e+01
3.733154063659409871e+01 8.745764767182006949e+01 2.910955038685675333e+01
3.253904235612395013e+01 1.507369930311683959e+01 5.898143387150679473e+01
4.198695908703068369e+01 6.132833468418986911e+01 7.540063761784099938e+01
5.457030160329484403e+01 6.276303549017878680e+01 8.374205492389251049e+01
2.990643096088431108e+01 3.591639386339531370e+01 6.288573354177972874e+01
6.113055170553867157e+01 1.785329045397148207e+01 3.899214326855521051e+01
4.678380131247149620e+01 4.193898379683893296e+01 2.333357978301101099e+01
9.244300917842622312e+01 7.623187616939758016e+01 4.727777569661486723e+01
6.800610283068365902e+01 8.972826721355218638e+01 2.468973106864030953e+01
2.503730507069776934e+01 5.427012472566450185e+01 7.679384210843355163e+01
3.625489544152737942e+00 9.840181501963604660e+01 3.962240946393229279e+01
3.592311406217230285e+01 2.927244378397718805e+01 2.883707818573934034e+01
7.915739089300278408e+01 9.554141647460964748e+01 3.091603289284232048e+01
9.524206947534563028e+01 8.237976154350342028e+01 5.635612802911293073e+01
6.740261791261326607e+01 4.349841791704629657e+01 5.274883829857768092e+01
5.804633701850381300e+00 6.962634753005330879e+01 1.190067206998459781e+01
8.170849469196494397e+01 8.249469294605574987e+01 2.745116106727316208e+01
3.236627810358002932e+01 4.813103785582932659e+01 5.858363192990976387e+01
2.873536617419967243e+01 5.924864046319250122e+01 3.264449808813478171e+01
5.549072107106067797e+00 2.527549831908948441e-01 1.606978013396574312e+01
7.922507001640181556e+01 9.614313123833370867e+01 4.851361020160331350e+01
5.126839534499427486e+01 1.468481690734261313e+01 5.559860496390760431e+01
1.446549020069768332e+01 6.112143311988300809e+01 8.054778965877147812e+01
1.956985393030396025e+01 7.645637180571020508e+01 1.330218434947169648e+01
3.754972413216209759e+01 1.107485078305090553e+01 3.924094378397222016e+01
1.735369196388835178e+01 3.733049901228874035e+01 4.018494031082106943e+01
3.005911227809183828e+01 6.566219494731291206e+01 8.651103196593035705e+01
4.005953741052723416e+01 1.923431564750214307e+01 2.979662613776790536e+01
8.540008234963690370e+01 5.716397232701478970e+01 4.456058338946090913e+01
1.496367215089266978e+01 4.497273083237819691e+01 3.005770735141546979e+01
9.431631278533491525e+01 8.840701094157313378e+01 5.308894851608342513e+00
5.166534892612428820e+01 2.250583455146720624e+01 3.971067279279595397e+01
8.768479982514564597e+01 5.275145198885448394e+01 3.852291067885158071e+01
2.078883541049970773e+01 8.003248594064892529e+01 5.919301950818779545e+01
4.680654604262311835e+01 2.174843538629780326e+01 3.037899829932171514e+01
9.598434267385185592e+01 5.200899376058343648e+01 4.496852421799380295e+01
5.214220423483239131e+01 7.789885058996087253e+01 3.487886553336348072e+01
1.787061209326088473e+01 5.849361183390477947e+01 5.762173751813440958e+01
7.127180029585495902e+01 8.819875907661295855e+01 4.762187176157025448e+01
7.535489622889180339e+00 9.583485836309422723e+01 3.954036809181302914e+01
6.232575096731313380e+01 6.663053231282923150e+01 5.650989108098654157e+01
2.052575297362701079e+01 7.551430501161414099e+01 7.076140388035770457e+01
5.529755860174397952e+01 4.885611605848415451e+01 1.820983303117620267e+01
8.395166149978383174e+00 3.395648455635287633e+01 3.003249459071256666e+01
9.536564509632712827e+01 7.836227424434298428e+01 5.711899552419787085e+01
5.176480890176050309e+01 1.673675307266513457e+01 9.027026457029320738e+01
3.750406982402100198e+01 1.069256024472448097e+01 5.027887023178474379e+01
8.739980116130831789e+01 8.872910017773294555e+01 1.392689941792372643e+01
8.862957447513997522e+01 2.714842174998585023e+01 1.140390245450920936e+01
8.477902703628743097e+01 8.638667559882082969e+01 6.602952098611510223e+01
5.744337572963583938e+01 8.131202726214193888e+01 7.356939329425858887e+01
8.901054734427040671e+01 5.527474475967034806e+01 8.957064643011115379e+01
9.961468309333383786e+01 1.165446099986325912e+01 7.209330202936402543e+01
4.998222577485890383e+01 3.875663382998320827e+01 5.584784115117408021e+01
5.596555726200702630e+00 5.064611187670799097e+01 8.148997228601615461e+01
2.134615161389687898e+01 4.263898947694251262e+01 8.462036331186565974e+01
4.285638378056972897e+01 3.583676323323983581e+01 4.504923704796238582e+01
5.194527665175563413e+01 6.319913441314688640e+01 7.031965438626474452e+01
4.521022057643142489e+01 8.174809350901402638e+01 5.237867605643325675e+01
3.384805103679776295e+01 6.579508281194141261e+01 6.736670658371450315e+01
5.580489756294875292e+01 5.661497313472341197e+00 1.740524916398915067e+01
2.852977208902282058e+01 2.826256059514930996e+01 6.589088697642831960e+01
1.834866167363258249e+00 7.556817770495199227e+01 2.306989157048275985e+01
3.100218462161024036e+01 5.279098279439242702e+01 2.672235487151797884e+01
8.844713135755274891e+01 8.536877932656528500e+00 5.179523677171115992e+01
8.494222694548899710e+01 6.158438944212358024e+01 3.497491875567747144e+01
4.207602077764607174e+01 7.066943803425147053e+01 9.046666590881692116e+01
8.931387183794335272e+01 3.424328083823768054e+01 8.609257834585235969e+01
3.504663531058271886e-01 2.762975580841509071e+00 8.274710903457174993e+01
1.994626868330520253e+01 6.076926839624086085e+00 3.331387561896296035e+01
4.261001539808601990e+01 7.305662704334048385e+01 5.583055090563838974e+01
2.376212175604204191e+01 5.032704481005843888e+01 8.194666093959183684e+01
8.150077769837577080e+01 3.231897848317933608e+01 9.356662237996833653e+01
7.086204004351309038e+01 6.244935566678178063e+00 1.855540826360506657e+01
1.684079490100299736e+01 7.278558680501467393e+01 1.819149657160723521e+01
5.114867692088335360e+01 9.326012018083174482e+00 7.935597640632438754e+01
3.439606135835675360e+01 9.081320565606307582e+01 8.481740860502678458e+01
6.128647313680790631e-01 4.641351871987320266e+01 1.526225420945027667e+00
9.086927663029058522e+01 5.184075447345758647e+01 1.455451803805055988e+01
1.102767282765668710e+01 3.835090244927390302e+01 8.985890386584517842e+01
6.929091515680808300e+01 8.676188661891323761e+01 3.237959319462379426e+01
4.321369954999831897e+00 9.743176372044140976e+01 1.028489072906735657e+01
9.476516530810890515e+01 3.686774238491447164e+01 6.817650993660900660e+00
6.891572317245082502e+01 9.805403040313541396e+01 9.378069566969517723e+01
1.609370112024184252e+01 1.812478060661549861e+01 5.215294119011603158e+01
6.373048264283244180e+01 7.394179136658655693e+01 2.932014778966086510e+01
9.590070867644344332e+01 6.387392562892378578e+01 7.499189323624013070e+01
5.400657152841718300e+01 4.142768475898825642e+01 9.118136885994752561e+01
5.821213708198360592e+01 8.668735827991788767e+01 8.711686722912558878e+01
6.753546270086592074e+01 5.489386785186749762e+01 8.089160496303653858e+00
4.001964073900598606e+00 2.008512160511163458e+01 2.030946694647204609e+01
2.547587951998453448e+01 3.049346376976608397e+01 3.904033372542545521e+01
4.205376900688765573e+01 9.886633845601465964e+00 1.002454731433267732e+01
6.739444490730234349e+01 5.373348248430777119e+01 4.176638492721617268e+01
6.344399411683523482e+01 8.276794072035404781e+01 4.924061951177205998e+01
6.411194650519793470e+01 9.535722238351587521e+01 7.905434209796852940e+01
4.260008105024094505e+01 6.447168378147429735e+01 2.542725936145325960e+01
5.605221848950898789e+01 9.813282911384428076e+01 4.902913889889546795e+01
9.276382991901472508e+01 4.073349205032607045e+01 8.904559141277555057e+01
5.792200352275578012e+01 4.226899423593454941e+00 5.519215550312496532e+01
2.745726956795966345e+01 3.248132203589471079e+00 7.666663528576019360e+01
2.757296369807559344e+01 7.965485540464985093e+01 3.448171230507323060e+01
1.943263538737742735e+01 9.739355741044273884e+01 3.772869796029756628e+01
6.013762114431604289e+01 6.099814928144715509e+01 5.083147407747138402e+01
9.146957435212146947e+01 6.744410713668685275e+01 4.438400023932923943e+01
8.623803845242740351e+01 1.810628991159644130e+01 5.287511553500831951e+01
9.505503719437562893e+01 6.253976298804126799e+01 6.910145546827723706e+01
6.535607255451928665e+01 8.393708635378904148e+01 7.666727873280045458e+01
2.729217275327367886e+01 1.696610812567188731e+01 4.904140282850917032e+01
7.018624268242157882e+01 2.271912531822161085e+01 5.319585362811062090e+00
3.429351158367053642e+01 9.688593354677884406e+01 6.678547115501179121e+01
4.013254439412239094e+01 1.925760973468403492e+01 3.423720006140266037e+01
1.698394333012479507e+01 1.063058213129514051e+01 8.283744928791243467e+01
9.976503383754734955e+01 1.641144395957903157e+01 1.126931175440041066e+01
3.297311071462123522e+01 4.616591807614152998e+01 3.220776526214804392e+01
3.014249117985584547e+01 2.008707356916577069e+01 7.536711559702098384e+01
7.125779432472607766e+01 6.349515157609817351e+01 4.542932774413902308e+01
9.090409413142359085e+01 9.695325415350200160e+01 2.262167091412568709e+01
2.230126414118780431e+01 5.256310280003696533e+01 1.915878367152688355e+01
4.364483988231128109e+01 5.817912647777101398e+01 5.130556594455575237e+01
3.309085830780260551e+01 5.424458060772068535e+01 9.252980137841535679e+01
2.060174042913760672e+01 6.548313583940036153e+01 1.160898012857383677e+01
6.641640448143492748e+00 5.518282242235849822e+01 1.122546671686564856e+01
2.234678842685733358e+00 1.715129976480221785e+01 4.627198608838134675e+01
7.033409545189324774e+01 2.024785641413799908e+01 6.965165839214435550e+01
1.824763310992293341e+01 6.134574266312571211e+01 4.390487130124024873e+01
6.537995093336166974e+01 9.950527524792472889e+01 8.704676091814775418e+01
4.281757836103627923e-01 8.854387643623057613e+01 1.986032582302482297e+01
9.530465861598449351e+01 2.818256790996846917e+01 3.278099540545203183e+01
9.163820517572784041e+00 1.122727583289096032e+01 6.615685946967909103e+01
9.443322357482915663e+01 6.107484949543094643e+01 6.576844579341739916e+01
7.619697445971534933e+01 2.628142745529417112e+01 1.508016048109333873e+01
1.872743919168584625e-01 3.506492829540186307e+01 2.522990032985989473e+01
6.231772504918565048e+00 1.795282924936667612e+01 1.361967490819142057e+01
9.148783806173703681e+01 1.402672134591689357e+01 4.726772310283013923e+01
5.931059551121645512e+01 5.434894577086338074e+01 2.112847647340660018e+01
3.187983617505512157e+01 5.127033246315326309e+00 3.759910799595389364e+01
1.885989312715920008e+01 5.616325332843798179e+01 6.260184997413200847e+01
5.321198602047064696e+01 4.342366966113957716e+01 4.253297818711656930e+01
8.416917680970037452e+01 2.193680650652700592e+01 6.537909658527773615e+01
7.574823247401189974e+01 4.192000072707345026e+01 2.565557225374397987e+01
4.705414860459752191e+01 9.321392589269850149e+00 5.663420366714038146e+00
1.116031994518917969e+01 1.871450314622261502e+01 4.924122319563306860e+01
8.491366361611221691e+01 2.356423319996869736e+01 8.663899210707538145e+01
9.549079089350034621e+01 9.589046048452051707e+01 7.582973426133116845e+01
3.638250407977206180e+01 7.268391100262306281e+00 5.649787195124906702e+01
5.586814439372337660e+01 8.499757671095954947e+01 8.299623265625476165e+01
5.081573065601475747e+01 3.452040310397842404e+01 1.722387540275797235e+01
4.799824817370734742e-01 5.091136924888791526e+01 6.284709156840074940e+01
8.249384798173974787e+01 5.045769678928005675e+01 8.811300768405409656e+01
6.280834765714354972e+01 8.403362382210831072e+01 2.359259726060552609e+01
8.553361303023146434e+01 6.751438544438484257e+01 1.955650840885657971e+01
1.897635581460108511e+01 9.265006190442213097e+01 1.002290707392228342e+01
4.625349432957060714e+01 3.134752899341015819e+01 6.258440671294590629e+01
8.396293875689919162e+01 3.603781215565695817e+01 4.853050987450451004e+01
9.819177845014141326e+01 7.839165096792028464e+01 8.315881384867719817e+01
4.387622206516297041e+01 2.340762039841152031e+01 4.409029408694573249e+01
7.160919178315134559e+01 1.094304048359793313e+01 2.973484419840257686e+01
4.663590046159038494e+00 4.323477383381315775e+01 7.906070008137525917e+01
2.466368829801079965e+00 6.753235268071659902e+01 8.562666479696156330e+01
2.369278615111822717e+01 6.936348407276481964e+01 8.804741372589705861e+01
9.622780601524631550e+01 2.349291930291432706e+01 1.351748626701705369e+01
1.482825378959159401e+01 7.020356684821422277e+01 6.707569997703615172e+01
6.742365616281989560e+01 3.360783877422380783e+01 1.780794712831164262e+01
5.807610919522531390e+01 4.836804457578664795e+01 6.762578442158239511e+01
4.413600786856214597e+01 3.386396946864683599e+01 3.265674671086419067e+01
2.114703200497465474e+01 2.657463761866614149e+01 6.296066504768424110e+00
3.468570109288895509e+01 3.656981236295819837e+00 2.262616892685412751e+01
7.467704446194291279e+01 3.254689886766226437e+01 5.805529487990219906e+01
7.168841755972773910e+01 5.811853427321135257e+01 8.856323555938561753e+01
2.143986662311325730e+00 7.386526505881421656e+01 8.913517162442387587e+01
8.622717293529392180e+01 1.678926918050133210e+01 3.327468655640092976e+01
1.724518398764654137e+01 6.013083638147040944e+01 6.867035485743569723e+01
3.170737693630582044e+01 5.395065739842954855e+01 6.710779303676243046e+01
4.213398166110483345e+01 8.540155304554592419e+01 7.033563698874077375e+01
6.466554385057065701e+00 6.211252990908290172e+01 3.380762299512792168e+01
5.575182646672752895e+01 9.568884426329663029e+01 7.708187496885274470e+01
4.045164031151317374e+01 2.915138583443533804e+01 3.347612717987638575e+01
5.325148697565200706e+01 1.142484532580563261e+01 5.223167723451469158e+01
1.333639490792015714e-01 3.238496307458448342e+01 2.286025565468308685e+01
9.712187899607820896e+01 7.272423195699789744e+01 3.544118943490745011e+01
9.284508653062051309e+00 5.168005946906239956e+01 2.128755078317888305e+01
5.364295458983578158e+01 8.353623541788924456e+01 6.177128423383663147e+01
6.337884195450021707e+01 5.410302890628114625e+01 7.743400276675926364e+01
9.319026844206032933e+01 5.127232010735522039e+01 3.896040450024291601e+01
4.595870058794439217e+01 1.865579121956156783e+01 5.643346939491340208e+01
5.000923357822332349e+01 1.033004778132798940e+01 2.789175428187955674e+01
4.796319561995267833e+01 8.875889907188583550e+01 5.464394292301458478e+01
6.815350002084707626e+01 3.390285497439096929e+01 5.605852325897497934e+01
4.473798226380674237e+01 6.591299126231606920e+01 1.008473608353544293e+01
4.933002162389591660e+01 2.959926251439669542e+01 3.639914221404541905e+01
9.609174315580614234e+01 1.826948127113827525e+01 3.429306603995738811e+01
5.098925757308717976e+01 8.630269481496236494e+01 3.639498970120847332e+01
7.438652808881710143e+01 8.563740982148023306e+01 2.971894532866793526e+01
3.927501835387099050e+01 3.565562236883562974e+01 7.406537423980938684e+01
4.434686195360115768e+00 3.084210888286800412e+01 6.068188589214086193e+01
5.654434995653426910e+01 4.362893592936942611e+01 5.749646018431714367e+01
1.975845858283182821e+01 4.307166216080103993e+01 4.929970096293552473e+01
9.011891219546016885e+01 2.608351628039763526e+01 7.594750319868379052e+01
6.442414008259818559e+01 2.034083106760098403e+00 6.544609712580773930e+01
3.555187754905508868e+00 9.973811268138130970e+01 7.745734924665839571e+01
2.973437475400456620e+01 2.574112301967054250e+01 3.829174105948454354e+01
3.561669653144430470e+01 3.723378183853810697e+01 2.993245307915858433e+01
6.211334068483314041e+01 1.642636637206239669e+01 7.402253228381755434e+01
8.124024840313153106e+01 4.764832078552704075e+01 8.101592920216262428e+01
2.471450700302932901e+01 1.756545570396694789e+00 5.960700520649835710e+01
4.579094069647153731e+01 5.671645462958706219e+01 8.106992095147289490e+01
9.699255735659434663e+01 6.344531397556030328e+01 7.067175703676514331e+01
8.380843348716426888e+00 1.607155848915056140e+01 6.796002785477514863e+01
4.313654563880019310e+01 4.459652704044057003e+01 3.267525278600421501e+01
6.073563834777437620e+01 1.851650454162026094e+01 6.158792644324558552e+01
1.737988571352396860e+01 6.382603470971359272e+00 3.710766798454051951e+01
2.311403420098476857e+01 8.889916385563323331e+01 6.439625702107139027e+00
1.766136925741228580e+01 5.487196055830494146e+01 4.705232140575770217e+01
4.585201837470154196e+00 7.252428015144474216e-01 8.278651754419045972e+01
6.588347003588381767e+01 3.654061309015568071e+01 4.931253517435747824e+01
2.665501204542869473e+01 3.448737836932097878e+01 6.441349866323872675e+01
8.828117988673707828e+01 1.841300230811848593e+01 7.439250709178905652e+01
1.215566295182690659e+01 2.149922235883911981e+01 1.092156902374537353e+01
1.408118620929994513e+01 9.173031454640505444e+01 3.721782038471064169e+01
7.766586177835355542e+00 9.597268380389613185e+01 8.399765135424206619e+01
7.546825208681411823e+01 9.334727919475578517e+01 2.920707141167672560e+01
8.363692930100863521e+01 6.899911963543061688e+01 8.396762452117273767e+01
7.969115657426297616e+01 3.464950631768250133e+01 7.756433552012993005e+01
2.624563029848903284e+01 3.285921630280548555e+01 1.217412774837382727e+01
9.350766159804688016e+01 2.910033634002815361e+01 5.443380908402913576e+01
3.913328364661926884e+01 9.599281205835015385e+01 4.171408275452753855e+01
7.785458214226889595e+01 8.554161546311800635e+01 3.778942614108426312e+01
3.781718144529312298e+01 7.477458209326279359e+01 8.209826653048367007e+01
7.549317330722382735e+01 2.271263655918655999e+01 7.931007662448395479e+01
3.875816674368331149e+01 5.762294117779342884e+01 7.964199591935458500e+01
1.883947674004922135e+01 7.845101356775531087e+01 4.721348137929004452e+01
8.933416418276081572e+01 1.719704018435429660e+01 5.006825024679948655e+01
8.328430928668375088e+01 1.923170345676017412e+00 1.705575608496400619e+01
9.905652127567347520e+01 2.803941785903505490e+01 9.163845120450476145e+01
1.825315510086739224e+01 3.610944430073356415e+01 6.950348248517521199e+01
6.577784072381784597e+01 5.811223999290555753e+01 5.357616085753586788e+01
8.434404436647402292e+01 2.349485628333927068e+01 3.497842226544059230e+01
1.554522921564572790e+01 5.959415957307043499e+01 2.722481622725304007e+01
3.338420643433858004e+01 4.712507166235281630e+01 1.400519053334770270e+01
9.193793592083764565e+00 6.859292207082195603e+01 4.451812507946621622e+01
8.647902219998954365e+01 6.946720036441995205e+01 2.354382612652480944e+00
6.167123307671348442e+01 9.372486605971641183e+00 7.228752003522721736e+01
9.915076882785020018e+01 5.311987942415115072e+01 6.069685930189469047e+01
2.373141608947515380e+01 4.375977437537935799e+01 7.447418592963687445e+01
1.674229477462512250e+01 2.655356056137620868e+01 3.848418379632705211e+01
7.122488918440139116e+01 3.758839547956738159e+01 8.652802621857884446e+01
9.445705126871917656e+00 3.708041975448475114e+01 7.070584650266489746e+01
2.259867656614924414e+01 6.564131342296730054e+01 3.039832630239647315e+01
5.598028486168638018e+00 1.210157167486488561e+01 7.818043678531502394e+01
5.517508829395513459e+01 7.963457754796490917e+01 3.861660269516451649e+01
5.926586478854466122e+01 4.949521337049915815e+01 8.887034943981531399e+01
7.475746360541103286e+01 7.305426314965789913e+01 9.779371730207358837e+00
5.496696690036910837e+01 4.669914539018148503e+01 8.027424163766690413e+01
2.573419881895322447e+01 2.698334532910943295e+01 3.747810110089599789e+01
2.433697134063760359e+01 1.291839178087494844e+01 7.612297898620128933e+01
5.582765244039158148e+01 8.613627189565667663e+01 7.695612002057006862e+01
2.820423547896711014e+01 5.477374443242739233e+01 2.069603144647004100e+01
9.152518840307584469e+01 4.042627150651531309e+01 4.496952353015489479e+01
3.027553706179532256e+01 4.606637447107038241e+01 2.230751749874040968e+01
3.748522727968045842e+01 7.999470485848819123e+01 7.316878542444317191e+01
3.041824776285161391e+01 4.690144305527878998e+01 8.490835606604071018e+01
5.267333182969712979e+00 8.891449619957853656e+01 2.325663717875891123e+01
6.785392442143758274e+01 5.825516963846002483e+01 5.321657601557404860e+01
8.593602247528212956e+01 1.015721436446612813e+01 2.970852749293170803e+01
5.382527463447656402e+01 8.112888539460398363e+01 3.071390468186417522e+01
8.029298413742762364e+01 3.996384824939357117e+01 1.597154691645885016e+01
7.589864404434825929e+01 9.089890147454781300e+00 4.363923744182776687e+01
6.387578386188841328e+00 3.564178551577875709e+01 6.165691261554947289e+01
5.561155414872131075e+01 4.046554179046665212e+01 5.117470839351999956e+01
2.267695533507665573e+01 4.558825884241029058e+01 8.490203791676103151e+01
8.504529177837903831e+01 1.452328690763438068e+01 1.060362180818746403e+01
9.335243127166306465e+01 5.267497498807476575e+01 5.591989096222219757e+01
7.807179957065223164e+01 3.146889738713265672e+01 4.883711388081191274e+01
9.686629131467375942e+01 6.721486869324071733e+01 1.938018256099695336e+01
1.332267479843532954e+01 2.042647583330053962e+01 6.889863500994609069e+01
2.953770038406160481e+01 2.138884667507978676e+00 7.895923240541497989e+01
1.697134163949106522e+01 9.558186148068581467e-01 2.864985229187631077e+01
2.350287871181336996e+01 4.220052508457230545e+01 8.303249907755591153e+01
8.791849177790979297e+01 4.568945549824279340e+01 4.008290190720298085e+01
5.550090864748512587e+01 2.434540119717657447e+01 8.537341057478215589e+00
9.392241361712066805e+01 1.866989848771727267e+01 2.087139583126792530e+01
4.724603288539476154e+01 4.916133448403306971e+01 1.239041432670579823e+01
1.479547387739706998e+01 3.781548185607417167e+01 6.770622968493813687e+01
2.284184568319358277e+01 4.230144462417626272e+01 5.247416937604356946e+01
8.885924946232920263e+01 3.260705023271233216e+01 1.749274557719894219e+01
4.892722258976082372e+01 7.467216016840620796e+01 1.384365319148196072e+01
4.246834916969604024e+01 1.778514126248342819e+00 1.492172808017801700e+01
4.829533632166656076e+01 2.981972981509294485e+01 7.739567519351267322e+01
6.021543061264542729e+01 4.539329617429903863e+01 4.312588151441175199e+01
4.972454801895632670e+01 4.043883121266134140e+00 8.261855410478069928e+01
9.983031557339583628e+01 1.814871248586986496e+01 1.692721135437700397e+01
1.435774634485952284e+01 6.610270582343670753e+01 5.754407929078888628e+01
8.479241622784108756e+01 7.518263884262532315e+01 4.096958936474397461e+01
6.128553615653188302e+01 6.882846703680078804e+01 5.476858258201428242e+01
4.756509844516367025e+01 6.450974456426533266e+01 5.085993672864486115e+01
6.439423053359104188e+01 6.128547739633638258e+01 6.533077911215329436e+01
6.428035087828760652e+01 5.197424864372672459e+01 5.932997839375961036e+01
4.494819651854280096e+01 2.416712259726010359e+01 3.524847020638489425e+00
5.599641471458431852e+01 5.906552266086409730e+01 8.448348975916829318e+01
3.614783340942755530e+01 3.941332428283117650e+01 3.170248729458418779e+01
7.053429523732191342e+00 7.728044928617406129e+01 3.140595729223313981e+01
6.089048610300379494e+01 6.877730355454815481e+01 4.463965940840595437e+01
8.763521130271915638e+01 4.437948409797287752e+01 3.600999327977771003e+01
8.960155229616223949e+01 8.615642842499565290e+01 2.112013299554410395e+01
2.596101835392095047e+00 8.998555634962068339e+00 3.725024288005601392e+01
9.722598017417107030e+01 5.585161531608250129e+01 4.781538685244942144e+01
8.887160946127463035e+01 4.531363314784996277e+01 3.825978948913072486e+01
9.412195287456573567e+01 8.495176661926780071e+01 7.753744478614437696e+01
5.122847430502130806e+01 7.894383988154550025e+01 2.584029574561124321e+01
5.732229575562436708e+01 9.838459228475457508e+01 3.215026153003767462e+01
7.943523292476751863e+01 4.904784072080672530e+01 4.127434575160596530e+00
7.630193978156674461e+01 1.685691443921128041e+01 5.718285169835048976e+01
8.566419404697288797e+00 9.468673974959648376e+01 2.827200481797705933e+01
2.264646916773948959e+01 1.291364040663343005e+01 8.273643033924625456e+01
7.119037424413050985e+01 7.416608887180886711e+01 5.639573488228930387e+01
4.747277852704834089e+01 1.100212429914766332e+01 5.858570316431633529e+01
2.469164951087904214e+01 9.771453328004058392e+01 7.511019640423899091e+01
4.129920601928876067e+01 1.513412586915330316e+01 7.570730405344785652e+01
1.220537670813159892e+01 1.893337534970704894e+01 1.789881696935350774e+01
5.568906382730943960e+01 7.870566539903663283e+01 3.696159452240770094e+01
8.466981427528940785e+00 4.645384635244192140e+01 7.319146057768259084e+01
2.216638430873882726e+01 2.199245480393742369e+01 7.646479775512318611e+01
9.541537271191778302e+01 9.904657320615764604e+01 7.733569681282975239e+01
1.881841691679455408e+01 2.119815207992613537e+01 3.030028034515846613e+01
3.181325313334908600e+01 9.565277490780090375e+01 6.466998971154940534e+01
7.240087921615538846e+01 1.859632240581318285e+01 8.792825017608588212e+01
8.278703795061737480e+01 1.636418413279237072e+01 7.528897011774716930e+01
2.722475363704712947e+01 8.086974583210604806e+00 5.899958775066781413e+01
6.538046593843306198e+01 9.493200956561809178e+00 3.839719593390109509e+01
9.928144622555386434e+01 6.784266670087369278e+01 6.664627156106377015e+01
2.129172856043056683e+01 7.878207100391431794e+00 3.020830172243726253e+01
2.488983851931919489e+01 2.345441007480530970e+01 2.325829002618644381e+01
5.747556906554043366e+01 3.281034758418217478e+01 7.666742640683665400e+01
1.839474178473840027e+01 4.646270708685445072e+01 8.557468161150046271e+00
4.816823224551920646e+01 5.583822087647439147e+00 8.854693809395331527e+01
7.905921286504128886e+01 4.901114766364553788e+01 1.337338838395950624e+01
5.924454407904142528e+01 7.587637507018774841e+01 2.535024184620012377e+01
5.682083407874907977e+01 8.142108983828680380e+01 7.228226165208279497e+01
8.029920178671528674e+01 8.793234248697197586e+01 9.255392416925592158e+01
4.055211552035359546e+01 5.687691025228772901e+01 7.127592442458693256e+01
6.971398139457831178e+01 9.955202282643787726e+01 8.730988004884871145e+00
3.551332153157906646e+01 2.810279262702024639e+01 3.072713821808415346e+01
2.225297824988857798e+01 7.091238408152290162e+01 1.920873296674735542e+01
7.416088339433383680e+01 6.934258420162734637e+01 2.436506958401649570e+01
2.528337831651612433e+01 6.288605853445021410e+01 7.092965702035030517e+01
8.764856130873654649e+01 8.521395638544757389e+01 7.681147097417373004e+01
5.813848953365111782e+01 9.086555613403596965e+01 7.317884119492809702e+01
8.946676243140136364e+01 1.162660128536663340e+00 9.149099604376702644e+01
4.735301628464782908e+01 7.981829895748428783e+01 1.577754729755985785e+01
3.959410958139740444e+01 2.714606630209909355e+01 3.286681268130846689e+01
1.232556199508817407e+01 8.057638325430069415e+01 6.964013278707456678e+00
3.125054569852024855e+01 1.744105432164150216e+01 5.288831380287325601e+01
2.542524026145438398e+01 2.589984545280996642e+01 5.214178137652068301e+01
6.526890393409257740e+01 1.213047045651636324e+01 1.841520989889412974e+01
2.471747445945176125e+01 9.737482141179604866e+01 4.194125933648012960e+01
5.989900906310264617e+01 2.415428127159778882e+01 4.961142890901902547e+01
7.411917438595805763e+00 3.474214592232693910e+00 4.311064583149437368e+01
3.986592875184120999e+01 1.368803196918276832e+01 6.506231658913550575e+01
9.929034908992645114e+01 3.956468211967124660e+01 5.547631508765324782e+01
9.629759423644857463e+01 8.315349724468752868e+01 4.828774413602387483e+01
7.374894844599194244e+01 1.281350402505240282e+01 4.475864020402206478e+01
2.790602771799365200e+01 1.611636878961611075e+01 4.173742011509307304e+01
1.310145544336144319e+01 6.989851081744855321e+01 4.453401252110067077e+01
5.311446325646637945e+01 1.463759386681570085e+01 2.429940042929849042e+01
5.834154352601240845e+01 9.850097478294462405e+01 1.678492719856509652e+01
2.857314285657812647e+01 8.694591165378875530e+01 1.815220357869632295e+01
8.758857213669513442e+01 5.242859833747511544e+01 4.391436340309305564e+01
3.096805643514558426e+01 2.971171581278418827e+01 3.553427994018510816e+01
8.848030809601958424e+01 7.237952301747854733e+01 6.161685596743416227e+01
7.987491489520007804e+01 2.571146630041450010e+01 6.291823937619760443e+01
4.600662389579509437e+01 7.824416352001934172e+01 3.212870452530812315e+01
6.431786168698957340e+01 8.822124118173134377e+01 3.410270955191500519e+01
6.662208736746144666e+00 5.160508223417927809e+01 3.569859793599029274e+01
6.722253805471748933e+01 9.510329247486060922e+01 4.980751437765663781e+01
4.661902301555338113e+01 6.545848001914602321e+01 1.025536650042718279e+01
2.535061889250146550e+01 9.189793255003985450e+01 5.937972970308828735e+01
1.344404398341625395e+00 2.046254725590198476e+01 5.902265088381402336e+01
7.643992025625742315e+01 8.398595726740418854e+01 3.539526299339772208e+01
9.310285962775625990e+01 5.529468935778923822e+01 7.197588524531776955e+01
5.967388627799079615e+01 1.227400546746204668e+01 8.603576373624107987e+01
1.228755798941526578e+01 2.548819564111835945e+01 7.686957884595145174e+01
6.185969615011014611e+01 8.381491653763569616e+01 5.247603642459029771e+01
3.769932353666348490e+01 9.218454995477848968e+01 1.765645051821645950e+01
8.561302203530458144e+01 2.308177851877816167e+01 7.490502300494638632e+01
1.391966134168855973e+01 5.802189636905404768e+01 7.987886550019938170e+01
4.735396468988904672e+01 7.465666738033928596e+01 7.258337775014233273e+01
7.364942087167791840e+01 9.253297368745982965e+01 4.510482410393163377e+01
1.731254391651557611e+01 4.781106370247978354e+00 3.866981010671503327e+01
1.431975038802421096e+01 5.579487414344804819e+01 2.357103740576978623e+01
3.893370728937117775e+00 3.598982886866786135e+00 7.268127897325908293e+01
5.914499314430248234e+01 3.580853018933781584e+01 7.656781369015516248e+01
7.019661140771360053e+00 9.803220727278258551e+01 6.372017622037091655e+01
1.834642539688484675e+01 6.790690989769684904e+01 6.710327764372622994e+01
4.293427833707744412e+01 8.616326062455473789e+01 2.336116452539308241e+01
2.788375835776083633e+01 9.349236158398976926e+00 2.278893840160657192e+01
2.387288119111450158e+01 9.176331909217101668e+01 9.571223568859215547e+00
4.274151201877094763e+01 5.323986872269129833e+01 8.410537343444204339e+01
9.976962186612135497e+01 7.533881149198357718e+01 8.494520433443818774e+01
7.871011325358738020e+01 9.632026409714165993e+01 6.776559525581360788e+01
7.976342545107106830e+00 4.019201869926764914e+01 6.311989282778760213e+01
3.507185094542509773e+01 2.733839181137786056e+01 5.766961275265558839e+01
9.335018767024348563e+01 3.498187351615356100e+00 6.998991364444103169e+01
7.227272780446270417e+01 9.639534253882871440e+01 8.704599390586108143e+01
7.622325620441928606e+01 5.204087646825986724e+01 2.125997826176853067e+01
5.452357183255743678e+01 7.653519939196537791e+01 7.138743658411247850e+01
7.897120092105490130e+01 1.952669351910539675e+01 6.014151180250356532e+01
3.321734595313570537e+01 9.205667390642990888e-01 2.536591449472515691e+01
1.132206499334492733e+01 8.427191235394685975e+01 2.695592868738256698e+01
2.846979688875554970e+01 9.599365717988843016e+01 3.327678758475372689e+01
9.585640144394558249e-01 2.838461483461365376e+01 9.791000551361941362e+00
1.028085617358539494e+01 7.748729013574950919e+00 5.694676477223728028e+01
1.893477236298586419e+01 3.612427940410104554e+01 8.536943364633077636e+01
4.243381397962756552e+01 9.156913500516375848e+01 4.839930880198519958e+01
3.988366148397557254e+01 7.503889270907015430e+01 1.285964946637914430e+01
8.947838298241739707e+00 6.519737139229606271e+01 4.796818240613692552e+01
7.904152503192102586e+01 9.162708373435314968e+01 4.891433821525562564e+01
5.964100265846462889e+01 5.006966277953098654e+01 9.146380726855564092e+01
8.310844073565951362e+01 9.117377082773535335e+01 2.529749861461298011e+01
7.725264231625943978e+01 2.654732249976489200e+01 2.550021841811162915e+01
9.442661596555508652e+01 1.930441671786664593e+00 8.843122341434751377e+01
1.492618969888061997e+01 8.194380817932682248e+01 2.655669174403132970e+01
3.507023274307273653e+01 2.167577113219849494e+01 5.919900556959332505e+01
3.480955475078740591e+01 6.573930394946631850e+01 6.308488494075067621e+00
6.437488351503962036e+00 9.966115273124865226e+00 3.636823659202115522e+01
8.147961726599760368e+01 8.881779103783826201e+01 2.863670346986079807e+01
5.743697242390140190e+01 7.683649926926004525e+01 3.158032860341790027e+01
4.090077367362732019e+01 5.239742026857139479e+01 1.935895410673821715e+01
2.598229372578031438e+00 1.528058093182832522e+01 5.635768073232808462e+01
7.361826153368166814e+00 1.896963648501283117e+01 3.336395842843293735e+01
7.787006430636633780e+00 1.916992711616344280e+01 8.726382295039898906e+01
1.929913222698476094e+00 6.534319241743621376e+01 4.150608152545884622e+01
6.726487394323712010e+01 5.886917203634045848e+01 2.268850617941567194e+01
8.472094875733885999e+01 4.919403826093567034e+01 6.747690636162664646e+01
4.060125361882192152e+01 9.846855539152390691e+01 6.745793925490920628e+01
9.659502051125734567e+01 5.143264789098588352e+01 4.762850369357165903e+01
7.554538093252578790e+01 8.802912630134301253e+01 8.439857446965434917e+01
3.245519060324997440e+01 7.987045738426388652e+01 2.264787396733337488e+01
5.455743467454452400e+01 1.798481484091991689e+01 3.428861221130895132e+01
9.313583672064592633e+01 1.460906997730860901e+01 5.963068490609983741e+01
5.929542729274033519e+01 1.207383527089864828e+01 3.814268799593473602e+01
5.629815045152657405e+01 1.871786089884902538e+01 7.364079926227503847e+01
9.721565095347499152e+01 2.147593999624720595e+01 2.385826600699476785e+01
4.549350717974446212e+01 7.477652771400322251e+01 3.040920886880158491e+01
1.987990869728040177e+00 5.412206280328939556e+01 8.432385232432075384e+01
3.912768554069455718e+01 4.201345541831004482e+01 9.100787538558050471e+01
6.946076116267283851e+01 7.191719228421251842e+01 5.727089023838796322e+01
9.746092108632416284e+01 6.888664844255561093e+01 8.967752754231123902e+01
6.993788657332211756e+01 7.351158248403959306e+01 3.453318968179605264e+01
3.034786980138190060e+01 7.829846495760291702e+01 3.052563406699095339e+01
5.627700708015316167e+01 2.493523109067019661e+01 7.128846694334103518e+01
1.105013512276899945e+01 8.294466397616643860e+01 6.139270311360218813e+01
1.869095348270772661e+01 5.420353855061181747e+01 2.807675237677381830e+01
3.234673347304966029e+01 3.515280415968803140e+01 1.683004211147211393e+01
9.859616844014173864e+01 3.153462813122409614e+00 5.928300729358571175e+01
3.712276477574305744e+01 6.460102909466989729e+01 3.883535642457998449e+01
6.737506462588586942e+01 7.292355094683607319e+01 6.034812498329258545e+01
1.139619813581522756e+01 6.568932346546846190e+01 3.437360678111318180e+01
2.880137056933351758e+00 4.148306718889539724e+01 3.868479640435053568e+01
4.671741333524465034e+01 7.048241653907162174e+01 3.465977022049097656e+01
3.152805131039225728e+01 6.055225624126059358e+00 6.355753577661360509e+01
5.678260913995839587e+01 3.494251126937880514e+01 6.627661239146192429e+01
5.373577492268771749e+01 4.692449458705396381e+01 4.844204503040256071e+01
6.363481252670565169e+01 6.600026045745994452e+01 3.021656905816184135e+01
1.407433633911532311e+01 1.566341811905187598e+01 6.112796129890717367e+01
8.728732857671259637e+01 4.094962783455518007e+01 1.810251468780392869e+01
7.566024982938546373e+01 8.324894744194484986e+01 7.605238553444347360e+01
6.068314289137332196e+01 8.607285593880847330e+01 8.161745060742859437e+00
1.072358017695235155e+01 9.257606705209875386e+00 6.484589048232784592e+01
6.958178354357902329e+00 4.963643724663070600e+01 4.280845193970336027e+01
3.107035235582409172e+01 8.704051699420998034e+01 2.602986291068549107e+01
3.524627843992398368e+01 7.741715000229291377e+01 9.483462552580489202e+00
6.729504002463686163e+01 8.163977263615706192e+01 8.345163032535330672e+01
8.762966404914848795e+01 3.193841168336851766e+01 5.076188647778751317e+01
7.729349315046585289e+00 2.578700035480085972e+01 2.449383174465346258e+01
3.151872901539638505e+01 8.751872134587289054e+01 4.656567130431293577e+01
5.618981030014263922e+01 4.333808481149408465e+01 4.260132321221758644e+01
9.695720518365583018e+01 2.961544682638579218e+01 6.451141726237402452e+01
4.200626695794470322e+01 6.114618104768620555e+00 4.788810569954313934e+01
8.133433290451083053e+01 9.875296868168836895e+00 2.057838367044227823e+01
1.536315203932666584e+01 7.644001113893061472e+01 6.876557955192119209e+01
5.650177689061105468e+01 4.682264040926323645e+01 8.119966921838403096e+01
7.666978238334824880e+01 8.119422513018051291e+01 6.448451484019021507e+01
6.427171547455580480e+01 4.580146243159458663e+01 7.528322821928657049e+01
9.260074176032506443e+01 2.380604325834301260e+00 1.265358532442474804e+01
9.587432969084372303e+01 2.771606138441947564e+01 8.038344510916624586e+01
3.887951189614026504e+01 1.191000576093555985e+01 9.972884633003243238e+00
1.565078990804564896e+01 2.498931948673647341e+01 4.522526096468693879e+01
7.014979005657835387e+01 9.863985764852999694e+01 4.661939105246067072e+01
5.181849423431098245e+01 5.218157013832556146e+01 4.670864542919510853e+01
5.177406571044622297e+01 8.774755061917827170e-01 9.052379065361556343e+00
9.766631812612292407e+00 1.015566034291788355e+01 7.088437891692890958e+01
2.049160325159997598e+01 8.947141047556128512e+01 8.564849881853567126e+01
9.758933378958987248e+01 9.390813048870201385e+01 3.190164539293535739e+01
5.097768447035124950e+01 1.754549701969409981e+01 6.586266003244585931e+01
8.884317051440960711e+01 8.512888392975148122e+01 4.034899684852643986e+01
7.586738846867810082e+01 9.757916957626944665e+00 2.002189442899096150e+01
7.532364143087607999e+01 4.253552743286837057e+01 8.709252943942435365e+01
9.725421585553240433e+00 8.556276815352336484e+01 5.265497481868847984e+01
8.271501955038770859e+01 8.171272821701448663e+01 8.055850956415959274e+01
2.978500112861027915e+01 9.497993534620030687e+01 1.959964960353360297e+01
8.196877759349053605e+00 4.316155173723491600e+01 7.800269418681229183e+01
4.734211306334456282e+01 8.292866775305141402e+01 6.826941394723935730e+01
2.094283861389335399e+01 9.488816248994638158e+01 1.487742455312673684e+01
8.982797075437949275e+01 3.044434489903740015e+01 4.580811158484225842e+01
4.223518727007344609e+01 1.718345569169161990e+01 3.293470428438035924e+01
1.929344362927952616e+01 2.038864754605238616e+01 2.000627245544102450e+01
4.890173803465942370e+01 7.979313675113155568e+01 5.258544902968359480e+01
8.932065885508419001e+01 6.365444885767242056e+01 6.363473186474482901e+01
6.676072297270032152e+01 4.494591931837411636e+01 6.879782949648645740e+01
6.970774646896115812e+00 8.598514719156631259e+01 7.213870837368287425e+01
2.452299582316788218e+01 7.680324542540823529e+01 1.137285443174591926e+01
2.172465724808804310e+01 6.513723867089593611e+00 7.255678075040330555e+01
7.558741511783871658e+01 8.136360238018306745e+01 4.184850214157806114e+00
5.012327266784080138e+01 7.048361975173365579e+01 2.110705550236943751e+01
6.497907275126246418e+01 8.411009930968571524e+00 2.368347471108143054e+01
4.757968149946010072e+01 6.535651526811020062e+01 2.335737598972444928e+01
1.852233308309379112e+01 2.044463670656629972e+01 2.347201827354944470e+01
2.265538485262912261e+01 3.951491084976367318e+01 5.335306497605558462e+01
4.380317831344696344e+01 7.759739087498881815e+01 6.772806546994048915e+01
1.265269140490756783e+01 4.884162332074392765e+00 8.138883340283105383e+01
7.983106656287342062e+00 1.483391807197130774e+01 9.439875230766281433e+00
6.283363652986538028e+01 5.823705631583485598e+01 8.894439485551302482e+01
8.869323963171720493e+01 4.108431774809096737e+01 4.224485717191755896e+01
2.968520342799850908e+01 1.524069200378813704e+01 1.775438701086575222e+01
1.322837080096054230e+01 1.141147571867785437e+01 2.683996343915353577e+01
3.066686303131164237e+01 9.615789710389158529e+01 5.585248673366358929e+01
9.875957745132809862e+01 3.724669478256732447e+01 4.070484758964240513e+01
3.245786591652791486e+01 1.828876508965526781e+01 1.941978424549159499e+01
9.450791978078318323e+01 9.868106817987558088e+01 1.176827113548722537e+01
1.503458747317665356e+01 4.235240923010226055e+01 3.023212240648724247e+01
3.638803936268833183e+01 1.290963498596333636e+01 4.437131778636992152e+01
2.716946161692592909e+01 3.519050557586608363e+01 1.687138927283340095e+01
4.281280507101416788e+01 9.832576109615698101e+01 3.892159658988801141e+01
8.764292748424350066e+01 8.431991416236851933e+01 8.257512392122382039e+01
7.901095122670945159e+01 6.595968270588149096e+01 8.381336323647708753e+01
7.564468065734963886e+00 4.628306571988078133e+01 9.621250873407861093e+01
7.696001512947321999e+01 9.620753780372230324e+01 7.181342489218457104e+01
8.748819674421442016e+01 7.065296323031910219e+01 6.817233008392756233e+01
5.231780098395007172e+01 9.242377008141329497e+01 8.226617722402511390e+01
8.438849656656321940e+01 6.730091009630523047e+01 3.644284540832541097e+01
3.562979539013932939e+00 9.356551294095444860e+01 5.648792040641641421e+01
2.981429711481402478e+01 1.491351078475378067e+01 8.181534764802361792e+01
8.365201944475788309e+01 8.145079681305314523e+01 6.634615866907584802e+01
3.660153875918759070e+01 3.040702847802570119e+01 7.693301807281869742e+00
8.336075586882402888e+01 8.743269749364246834e+00 6.080685377863265018e+01
5.040749468400883870e+01 5.266893589263511899e+01 8.627406091105129349e+01
3.161501127124211052e+00 7.733922246287723112e+01 1.272761521398391515e+01
3.815360593537719947e+00 4.298176981413818964e+01 7.839220259206674868e+00
7.891439512929120781e+01 5.295630936483372153e+01 6.909287133269509162e+00
4.050068648191951226e+00 6.126685297394794105e+01 6.855291647655850795e+01
4.377995312747735568e+01 5.545806715356243899e+01 7.558719458297031224e+01
6.105061740418192073e+01 2.247602376588194772e+01 5.352145183745577839e+01
6.282794590652135724e+01 7.341069808811266739e+01 5.977169938869862875e+01
9.692421304580379626e+01 1.972883087170684746e+01 9.337816329617189126e+01
5.383394903500162343e+01 6.719561404949119776e+01 2.229623090148099962e+01
3.805759413781070322e+01 7.693791464631726740e+01 5.851164010310374408e+01
4.013938816541018362e+00 5.465942634972446257e+01 1.035132087122093125e+01
9.958564291781623012e+01 8.972965885332946812e+01 6.919807263469539116e+00
8.586495789026308501e+01 9.194296005584075715e+01 3.242624889475727201e+01
7.195016550477659223e+01 4.421037462077789115e+01 5.504668749256939009e+01
3.403174042981914482e+01 3.225592366332683270e+01 4.292706343213774289e+01
1.455677586525011513e+01 8.311389644353826611e+01 3.967078766080029339e+01
4.001495539058451811e+01 8.940546127021445955e+01 5.274617902895491284e+01
5.442539093508629122e+01 9.564981247770984396e+01 7.872834455410242072e+01
1.694667088884395056e+01 4.732150299181050457e+01 8.644923690898438906e+01
3.723662982286026590e+01 3.715731085162000369e+01 2.571761074639771749e+01
1.143231141191252220e+01 7.403047907559817986e+01 7.070595616103287284e+01
9.690129635029998667e+01 7.734182109053629972e+01 3.151193978610336544e+01
4.011657828851545204e+00 9.854373843696602364e+01 3.787840411895648174e+01
3.119715424324207476e+01 9.059552097493825329e+01 5.453653873667679619e+01
2.148711738491345713e+01 8.890962427162395443e+01 8.178792727378302629e+01
8.667856115083072410e+00 8.622516283024872052e+01 4.631676172874269071e+01
5.240724465067043525e+01 9.148159757649807489e+01 8.493063746309196915e+01
2.621639104087993744e+01 2.128507709599137954e+01 1.638882792846476733e+01
5.617978526621379842e+01 1.360439545066827183e+00 3.413609760934200921e+01
7.338401665200855462e+00 4.052257829293339597e+01 1.157618571535030760e+01
8.352172606087688678e+01 2.097389939385658764e+01 3.554276538764185744e+01
8.700479966063919335e+01 7.462660613322050551e+01 2.683086983958184391e+01
7.189941865749604588e+00 7.156737768553395540e+01 5.250702307275047076e+01
7.660799991182211954e+01 4.452947723752104281e+01 3.400383585846483925e+01
4.512054082123965060e+01 7.485589856706766909e+01 8.527130933896071951e+01
4.976719658857553519e+00 5.241115412269551399e+01 1.317670217769063790e+01
4.684095450243587067e+01 8.852828290969003433e+01 3.508101336441762896e+01
9.324504210806432525e+01 6.306084716506094168e+01 8.781388974139970571e+01
7.571666254125196360e+01 1.034351666487622978e+01 2.654280785291396327e+01
3.941704545835062135e+01 1.701068820120760350e+01 5.228538428715226161e+01
4.713681557014906076e+01 9.562591980273812453e+01 5.172300140240812283e+01
7.856268042879977997e+01 9.419105448514798695e+01 8.048340441720895910e+01
2.086676245115918249e+01 4.960298942535442990e+01 3.557225628531773509e+01
3.998586951372155340e+01 3.608068262457512532e+01 8.002750108282887709e+01
4.521390551224474308e+01 5.236943322446882121e+01 9.416038668745463269e+01
5.997927219151644174e+00 4.879576397907487717e+01 6.787621876843108737e+01
1.511619581882265351e+01 6.115315946147739368e+01 2.604396689635575868e+01
8.674041132245675101e+01 3.270996654000792603e+01 3.794893213101499185e+01
5.981938785178935092e+01 1.835629081199087054e+01 3.105570720244326210e+01
4.166318501194115242e+01 3.536378631401103689e+01 4.727013528220992100e+01
5.996401440689662365e+01 5.666674537501646114e+01 6.390598717015809882e+01
3.077495166078202260e+01 1.264262271550280481e+01 7.313361982388714466e+01
8.507803826306819417e+01 2.570062322224322315e+01 4.019419807426547209e+01
4.985692169635552773e+01 5.333268427529363720e+01 6.238579925560487993e+01
4.160323335532134514e+00 7.214770827340170456e+01 1.106873416082938100e+01
4.682885676728678703e+01 8.276711355691941208e+01 4.068997165582157294e+01
1.490897487682477696e+01 9.850338450059597051e+01 7.884490640668573747e+01
7.713136332250140015e+01 4.115116028992103736e+01 2.365717129928675533e+01
9.414111814185012861e+01 5.323511265171389795e+01 7.184697157594797545e+01
3.420950057594257743e+01 3.352883170794706302e+01 8.699050644860822956e+01
5.218330484948497627e+01 1.406954238607463026e+01 2.663500868713637004e+01
4.819442793927207447e+01 4.247091048841133976e+00 5.094771724731028684e+01
4.189408420801276378e+01 7.793362653194868983e+01 3.603118196719465516e+01
9.825487615395994112e+01 1.807699193009031546e+01 5.147152235782716900e+01
8.969929700825463925e+00 7.338639839939820320e+01 8.861549549603434173e+01
8.191386377516322170e+01 5.557035407203012767e+01 4.557854558397846034e+01
8.350299612668469251e+01 9.359740847107242701e+01 9.126891367461311688e+01
3.965392275644840936e+01 9.909174747945122874e+01 1.970197555033187697e+01
2.535497759319092026e+01 8.901612473389619140e+00 1.947199192825822678e+01
7.679375516180111561e+01 8.529243581784497508e+01 8.691990325313763321e+01
6.310657781676962941e+01 5.139665125226456155e+01 6.672855304819920264e+01
3.908335492672217981e+01 8.413083514997018142e+01 6.394240037677639066e+01
6.978046984944084841e+01 5.359359931290712353e+01 7.425683284690708774e+01
2.520147336790524761e+01 3.811476533610507289e+01 6.579841527122070488e+01
4.927488961293376946e+01 8.892140134241908811e+01 3.623415627067523559e+01
3.693301688196447685e+01 8.887357893866253278e+01 4.759775014788760217e+01
5.161245842024867159e+01 3.327637153356793931e+01 3.378607829240639404e+01
6.559487108383919463e+01 1.198406615412038789e+01 8.102279521763550463e+01
7.792031367651078710e+01 1.907482637058027919e+01 6.011639304081180768e+01
6.026329212856348505e+01 1.845350507366440951e+01 2.043161492308493266e+01
4.089865037338343967e+01 6.992427352454738809e+01 6.003400201505972689e+01
5.322348476766979530e+01 7.684105431140342546e+01 6.798548511284317897e+01
6.178591540622559108e+01 7.869900833848252830e+01 3.047257473844013731e+01
8.812495283226056131e+01 6.149100858019407667e+01 7.879062229657147043e+01
5.462791047902839381e+01 2.184382449886803812e+01 4.616707128171847074e+01
3.711116637765881165e+01 6.974990360370945552e+01 4.967381077530531996e+01
8.361128049276877050e+01 6.780725123219167472e+01 5.842989283622274144e+01
2.171553334910649724e+01 9.842497664912903588e+01 7.753611748620950550e+01
7.890048845606946770e+01 3.302152251600274724e+01 5.584476536707280303e+01
1.371031880743286457e+01 5.384759766627059463e+01 1.888353099263188284e+01
5.530378439896011855e+01 6.487218801549056479e+01 4.706886227259871447e+01
4.985448783312932619e+01 8.756533876745858436e+01 2.503628330970848026e+01
7.917328929996529041e+01 1.707545509961964214e+01 1.232630437048563898e+01
1.855746027450477698e+01 7.650431899704896921e+01 4.360405641301532143e+01
8.725205168461819483e+01 5.247075411822657998e+01 1.450474515920893381e+01
7.167136096019267200e+01 1.102329087212327074e+01 7.494515839612797947e+01
1.681025498051800326e+01 3.454463858055134295e+01 7.221651977971123415e+01
9.542313574764216355e+01 3.714339506467323559e+01 7.385229593124100234e+01
1.907922654758387182e+01 8.071797702024910848e+01 5.509434131663780931e+01
1.927435072123684279e+01 3.025039603514115782e+01 1.344323350735973577e+01
3.829670110643132830e+01 2.036486411232774074e+01 7.058448515146807267e+01
9.945051042205587066e+01 1.200916308426414059e+00 5.378303298602207150e+01
5.736665975490097225e+01 9.142087896808118330e+01 4.862033846330614750e+01
5.437014196449175074e+01 4.716528013283885912e+01 3.544075820307673297e+01
5.602913324891368063e+00 4.086576822098361106e+01 9.599231267604299234e+00
5.504924694659177931e+01 3.072936432422931219e+01 5.424898893637683983e+01
1.342969643951866843e+01 9.326299657393596476e+01 8.161278213257020298e+01
1.899965092022845070e+01 3.434442832940099066e+01 6.026081040822821677e+01
9.568620730590627232e+00 3.545678211161508386e+01 2.746871621028152433e+01
9.155167287166966616e+01 8.525106362892051948e+01 5.170848979000203371e+01
5.203463368715741666e+01 9.307257945453972070e+01 8.103418557483269069e+01
9.693301253516604277e+01 1.253788841081876448e+01 1.826153007612068535e+01
6.767366986798866435e+01 5.414344766098449213e+01 9.860035056918011520e+00
6.197503598951936254e+00 8.880803822588050878e+01 7.286309961771473809e+01
3.572709219960451321e+01 8.910506169305347157e+01 5.168448841216610390e+01
8.059056470189018739e+01 4.274310711602142732e+01 1.816458455688342255e+01
4.337270626460162504e+01 4.572997979968979365e+01 5.276533282806099834e+01
1.055827129044279999e+01 9.914018630496114781e+01 2.904688595876282520e+01
1.985524035370929141e+01 5.268029188559365394e+01 5.198227011420141253e+01
4.398207378332442374e+01 7.718921463252544868e+01 6.075878456500848301e+01
6.096954551449841375e+01 7.237463854077856240e+01 1.092358146005882347e+01
5.706441825450448135e+01 8.841944712283692809e+01 8.238977816433118662e+00
4.051821038009610731e+01 9.262274502058299674e+01 3.757201367806516856e+01
4.587288242002408367e+01 9.815413930443128265e+01 2.877564862394120837e+01
6.525518912500594126e+00 8.594225908613043430e+01 7.897141776152385262e+01
4.720778346800131686e+01 5.142071744772862729e+01 7.930234250295431764e+01
7.385594981157950656e+01 2.651490022170106542e+01 1.135843942833616182e+01
4.797001625335457220e+01 8.589123260956414185e+01 8.022129115493281404e+01
9.562261970761538521e+01 8.795632376127812790e+01 5.611031098730839517e+01
4.446055992361009146e+01 7.748498465340991004e+01 7.520335084359363975e+01
5.381434300814543548e+01 8.732737255846911850e+00 8.486216583787675916e+01
4.556025375016621126e+01 3.633337819162643001e+01 5.567648265755178727e+01
6.738379611669769531e+01 2.106879170303014348e+01 7.530082835065005042e+01
2.899370936623778405e+01 1.866839259143166885e+01 3.288204592248666103e+01
7.305600808974652693e+01 9.654581784398034472e+01 7.490848948510333116e+01
9.403483776701916952e+01 1.406058040765267947e+01 1.951844282763428140e+01
5.577047619066711803e+01 2.902974830440343368e+01 7.041068994396097480e+01
6.719878714023261068e+01 9.707281639857944811e+01 2.975054987235577642e+01
4.857841143552323615e+01 5.012404774253532480e+01 3.188417535402849978e+01
5.900933994880077904e+01 4.432859860792395068e+01 4.923649740697285893e+01
3.627366479724835813e+01 1.692935242553506026e+00 5.615090953814425490e+01
3.352478357003311515e+01 1.319868984329675143e-01 2.585759369048713552e+01
2.786283330897569854e+01 3.934481532236357992e+01 2.117504711761556635e+01
5.076838246350844486e+01 6.924403525181300267e+01 5.360892678770098030e+01
8.037549475691906764e+01 4.520082879870811610e+01 4.661906732083734539e+01
8.104019408589833517e+01 4.277011708192384987e+01 6.891628405926114453e+01
4.346023687179918227e+01 4.177361945115626440e+01 7.099146177015362014e+01
1.748369154662111669e+01 3.385859719415735469e+01 2.960461596043159460e+01
3.591099429675971066e+01 2.303748223660240058e+01 5.181870180371574008e+01
7.981708026178452542e+01 7.866130612179019010e+01 4.409208489056911162e+01
9.887604058942616803e+01 5.938543647058007480e+01 4.373627223831939403e+01
8.355392792414254188e+01 7.298740126426407926e+01 7.308129428372063785e+01
1.961393497338715974e+01 4.683243073685551394e+01 7.422921870668493227e+01
5.040380076287572564e+01 6.834527434210502861e+01 6.107691036816493835e+01
8.423567877183820940e+01 2.845608397616026153e+01 5.399700690564820604e+01
1.232346680098039826e+01 6.902107766994677718e+01 6.555320313831003887e+01
4.283732118899841623e+00 6.757909636279850929e+01 4.472657893957286745e+01
1.240968761096823414e+01 4.199075476984675959e+01 2.658016532391038211e+01
4.155595321233165151e+01 3.843390279585277369e+01 6.511653515249572877e+01
7.742155581663587327e+01 6.070286543845466554e+01 1.859893054446320804e+01
9.310222790709940455e+01 6.862332800964476576e+01 1.855091560472435930e+01
8.188328992141178730e+01 2.002661547179961232e+01 5.805773591698453373e+01
4.666343699501871356e+01 4.198387823550766740e+01 8.266070811441254307e+01
4.373612915626146957e+01 7.534411757315073288e+00 8.689170713883147812e+01
9.205352312396274783e+01 6.844326895815987655e+01 4.019583102196178714e+01
9.285947294352126846e+00 7.907481185774761911e+01 1.498027573024348591e+01
6.860098489514565578e+00 5.373838424393680668e+01 2.182785072293090067e+01
7.730267340348984106e-01 4.231134309957862172e+01 1.720594770534348683e+01
1.605154152806912293e+01 7.691063873533465767e+00 2.382707858075533380e+01
7.154841797743894460e+01 8.089273072177914514e+01 3.555476809566138030e+01
5.065538158814176484e+01 3.265503459420260324e+00 9.544934845657156330e+00
2.575677256495169232e+01 5.438984207131475301e+01 7.242107152494044442e+01
6.050030613380330635e+01 3.921278549867882646e+01 2.507105292594025769e+01
7.807732348871894601e+01 3.637860515990571031e+01 6.453230490810389597e+01
5.129788419143418565e+01 7.386620535618251893e+01 8.308451637850164673e+01
9.210295160538019843e+01 5.351067800006033792e+01 5.454818172631014050e+01
2.656784655028372555e+01 9.357998315292913105e+01 4.358066295677640056e+01
1.275912392873771495e+01 4.327049146265499502e+01 2.148218557514725546e+01
5.025316842570750708e+01 5.612755148562121832e+01 3.576652554883038704e+01
7.165061423148467057e+00 9.435035356332390677e+01 7.627185751874669961e+01
8.388810805051210195e+01 3.668683942862293890e+01 6.517016634034334288e+01
4.853728951691942228e+01 2.010834884060459515e+01 1.400811744287237559e+01
3.450508693220568546e+01 1.375521114751396823e+01 9.089635470553616869e+01
4.918899023202206067e+00 4.411435993690765400e+01 4.561857218466968789e+01
3.006319285816755382e+01 5.713515657069453368e+01 2.036481252919543294e+01
7.839123805872335993e+01 3.324477182476383064e+01 5.892697009636401617e+01
7.156392360669593700e+01 8.890421176901611489e+01 7.271560305232117116e+01
6.083090281035595837e+01 3.883931803838869001e+01 4.381094605475494319e+01
7.687347933788025500e+01 8.775455425594729775e+01 1.478934882965722508e+01
3.848562624930534781e+01 7.761165984135006113e+01 4.197689423826050614e+01
3.322277640662838394e+01 4.113226968232696379e+01 5.636061564533881096e+01
9.998051441338014911e+01 4.929924291045318085e+01 3.053877589410591753e+01
1.628465752790947363e+01 4.234974747641429005e+00 5.706836546810490773e+01
5.445720914888342179e+01 2.052339267803091616e+01 6.723151545105075400e+01
7.411070416296807650e+01 2.590982053821112530e+01 3.732650263047565176e+01
9.904716723472566287e+01 3.742644678507341638e+01 6.862577047787081597e+01
4.527254266299399887e+01 7.933448278609759541e+01 6.758491962258700880e+01
6.677560251985356388e+01 8.547783462955791833e+01 8.006203812073552228e+01
5.799833204520838592e+01 2.374689072227457132e+01 3.803614119461979470e+01
7.583057135132932558e+01 6.508834851238695762e+01 2.268775516343716703e+01
5.123954114642470969e+00 6.829615935420648043e+01 2.412903141482270897e+01
4.996702437290534249e+01 7.467467725125942479e+01 5.493262538805717554e+01
8.330258311179639108e+00 1.855802367835553923e+01 2.545607319981034777e+01
2.578642536448449007e+01 5.654033919505042860e+01 4.783598245806135907e+01
2.031600383642089369e+01 6.755484345568707027e+00 2.707875642294784768e+01
9.843813126186033458e+01 4.685469497914722581e+01 6.905155356785009246e+01
8.487524666688432262e+01 5.115195574628737063e+01 6.441948600521780577e+01
1.927520104127122735e+01 6.883967049269082850e+01 2.098460375105167230e+01
8.320620967541508151e+01 8.372413310890991056e+00 7.237413746017665517e+01
9.993690656861954125e+00 8.811892368943090048e+01 3.627587792617651985e+01
6.543933648305747397e+01 4.875022786202798386e+01 3.272390323814185109e+01
6.454418331834965272e+01 9.475229805512380210e+01 6.745495633763271215e+00
9.188528558831042403e+01 6.090816550210135460e+01 6.726477283801663987e+01
3.838749534342775860e+01 4.718429748376136956e+01 7.946459506530676720e+01
4.148479698098230983e+01 5.346595667490849735e+01 8.623866762813527487e+00
1.585980058380422975e+01 6.416865079747996958e+01 6.568672208665229562e+01
5.826009367844994102e+01 1.433100362756106705e+01 4.318103147568844946e+01
3.550947663631897910e+01 4.956613440350883337e+01 7.535673910521801133e+01
7.758614386586518208e+01 8.398950138915894925e+00 8.556884987536554377e+01
4.717671511498235759e+01 7.438621448859984753e+01 2.089439408298960998e+01
6.707195257070480920e+01 2.363260176094579279e+01 3.927901309104549199e+01
1.686287008210440863e+00 1.516106379304760310e+01 1.301821347060456091e+01
2.397441729382584441e+01 1.000180900243222659e+01 6.122389447324727740e+01
2.903990220921937038e+00 6.177405006249979635e+01 2.557004979124311106e+01
9.451614571778968354e+01 9.330940731098542074e+01 2.965149531095470081e+01
6.144212982230294529e+01 2.800531947245843423e+00 8.382091357881462557e+01
5.229873081917097011e+01 4.322315141777899328e+00 4.325067600155176706e+01
7.684946186123420730e+00 3.929444393733598417e+01 6.890593439362689310e+01
4.698899080414395968e+01 3.837221747194544719e+01 1.714111835379048898e+01
2.449390456936563254e+01 1.001432877383511233e+01 7.252934531838840826e+01
1.352398279847225560e+01 5.953733665488935145e+01 3.483347600200318084e+01
2.259783846551835040e+01 6.394684394921037551e+01 4.174266653276185934e+01
4.001454672845591176e+01 5.928520048922215580e+01 5.548896115753816360e+01
3.034842085515607835e+01 5.590612877652516488e+01 5.884899789823505500e+01
2.669315858685428200e+00 4.658717289076753332e+01 1.660928942675059616e+01
1.864054140681110638e+01 5.605087340779731164e+01 8.180317626977414136e+01
8.828056791884849019e+01 6.994401013863127403e+00 4.129398393427639746e+01
5.830064830045512991e+01 1.470699045503434021e+01 7.815207271772575837e+01
7.442352584372387980e+01 9.033410137067946266e+01 2.702709663789721883e+00
2.166842439890026384e+01 8.271867142453217525e+01 6.271501270470214706e+01
8.943898536984907821e+01 5.717965453026652156e+00 5.504425718694621139e+01
5.690465748936741619e+01 3.567441636053236831e+00 5.415065558741658691e+01
6.095203113099242387e+01 1.912931742021072168e+01 3.209285408388804228e+01
6.403473462977370900e+01 4.683009475999583060e+01 7.128015753737716409e+01
3.423817660091883397e+01 2.666596583882011728e+01 9.371684785117101057e+01
9.111357701300833867e+01 2.899274499897985802e+00 7.318414269067761779e+01
1.103347738252029586e+01 2.748519482937095137e+00 2.646010264373299492e+01
2.693458790611042986e+01 8.193187623469646041e+01 6.488275189352783912e+01
9.816094273320142349e+01 7.115129003118184414e+01 3.716845933791792334e+01
6.989276609452168998e+01 9.994590671864020237e+01 6.556897589952103544e+01
7.616813559803182443e+01 9.383650151902594416e+01 1.824469866852069444e+01
7.047842934477269239e+01 8.508059579674490180e+01 8.481414231303318729e+01
2.109692897116993748e+01 5.039290077242441868e+01 6.201678952454616933e+01
2.474677295013374589e+01 6.004728632502740737e+01 2.279289184789509193e+01
3.334570205316472880e+01 4.415186965108650696e+01 5.288695558054840262e+01
4.493658716251506036e+01 4.931955197879291575e+01 2.486576586307631231e+01
1.589650940226306020e+01 4.734997732683943639e+00 2.447169818288964294e+01
5.819436415057830203e+01 7.861154478031323833e+01 1.483119751507593342e+01
1.085553577726484598e+01 7.492903605492502095e+01 3.345244603642835557e+01
9.514994392273524682e+01 7.143179706103730098e+01 3.498250559521274283e+01
2.895427477937049332e+01 5.236983862713090332e+01 1.646362687597579821e+01
1.176765126452989918e+01 1.758578813161924970e+01 7.504600670857092837e+01
5.138573592691224690e+01 1.056712277444293857e+00 6.754985851095000271e+01
4.236901786604970965e+01 5.108523649637979247e+01 1.926033071954029907e+01
5.517822283941035977e+01 9.791532397514886554e+01 1.411735661950169174e+01
2.839173996644306186e+01 2.429975928608297764e+01 3.682888520457367321e+01
3.787063575653773029e+01 8.181097847441675697e+01 8.327870152742821119e+01
2.022150874589733149e+01 5.429499379481127619e+01 5.690477022975992583e+01
5.218274743638448854e+01 4.340763941969195372e+01 2.369370590880533101e+01
4.882193591992385251e+01 4.012148277113288941e+01 7.166589587951324347e+01
7.636043591629952232e+01 1.339986812056707066e+01 1.078776015996123583e+01
9.081539432275029355e+01 5.355083889644976836e+01 8.184720929505452602e+01
5.815112056640114879e+00 5.265156165216302497e+01 5.472890907417471595e+01
8.607020325421498796e+01 9.760999822970751083e+00 2.253022610341923482e+01
4.065383138870131319e+01 8.658414754199421282e+01 8.453476244672742723e+01
9.927246195936278639e+01 9.591934864585215337e+01 6.541806327816206412e+00
4.770834145387203407e+00 1.476068191575886601e+01 3.028078715357954565e+01
8.299180309869586836e+01 8.926561953354804757e+01 1.783184631445722346e+01
6.196641516197086474e+01 9.173619850652765706e+01 4.101449104721827865e+01
1.035435719527839638e+01 4.578136500846249390e+01 3.876746058204362555e+01
5.776579960660070157e+01 4.386586844071036495e+01 7.913954492174549493e+00
9.939977334136710851e+01 5.435402377305709365e+01 4.307214725848299253e+01
9.546173715040539776e+01 1.558603675870770999e+01 2.219785065867075602e+01
8.080147490627834372e+01 2.608310800250087524e+01 7.657602173389096833e+01
2.715334829085025348e+01 3.318763022500148541e+00 5.197358915288192804e+01
1.966864341268613714e+01 7.578462929324710728e+01 6.472863997366651745e+01
9.236026679779178039e+01 7.829883572657358570e+01 2.217476592099338362e+01
8.001582366647963340e+01 6.417370448140232497e+01 6.944004447728143248e+01
8.322628859701487158e+01 5.738240691889402711e+01 4.777945265010923492e+01
6.366410353587279758e+01 2.979574289583590740e+01 2.126087699053694990e+01
6.165878380712464235e+01 2.338483690854776853e+01 1.526110356054494233e+01
5.541845852539140083e-02 6.083194014000671501e+01 3.280520227243318487e+01
7.523109706734560120e+01 3.751763983131024816e+01 4.674291895351178283e+01
4.070849728153849156e+01 6.505747911093460800e+01 3.915591327012801059e+01
9.637676499423089638e+01 9.361469865985301908e+01 8.000095111314648477e+01
9.203002705727480759e+01 4.491396884593910244e+01 5.043042578439770551e+01
7.420925925582444904e+01 6.961459249385410430e+01 9.212969405212605523e+01
7.163310272566953074e+01 9.978847082284605108e+01 3.607872010951175668e+01
8.329977422394179598e+01 6.976348228326642698e+01 5.789416747016453968e+01
3.258355948449989370e+01 7.856017924230225447e+01 8.672141618277008490e+01
2.185484615205629666e+01 6.254968371167041141e+01 4.281286432164196043e+01
9.895481192948770399e+01 4.788328158316815575e+01 2.792633703075494367e+01
3.818576252218325351e+01 6.538383898166262043e+01 1.267498078102178916e+01
6.036019202212376200e+01 9.312247591788980117e+01 7.930130916745764580e+01
6.767353665798337303e+00 9.933898787390681662e+01 7.193475935402648247e+01
1.622808243140237039e+01 1.241608916942349428e+00 2.315346572840126882e+01
8.381759206857385891e+01 2.163932494516374039e+00 2.138271450925027395e+01
7.573055953348753633e+01 5.861105358981350832e+01 5.810625191876089701e+01
7.461505038267878831e+01 5.060138712180473064e+00 8.270192268165506277e+01
2.270318342822686830e+01 5.533924402297637357e+01 5.687712412165911502e+01
1.686282108850953776e+01 9.762312567009743702e+01 4.776011437006906135e+01
5.764269559739343407e+00 9.372620447778403729e+01 5.286753401961748722e+01
6.991931979813763576e+01 5.251757899342241132e+01 7.283280820406504574e+01
3.313346219321089414e+00 2.683783652771477435e+01 4.353795960281044586e+01
7.660361631371004343e+00 7.059066693266582604e+01 3.771132255858878324e+01
2.726679902681440382e+01 3.378846808412272473e-01 7.021969681191629320e+01
8.338093088728616920e+01 3.950405356814984259e+01 5.670653507117376080e+01
2.276866259295984207e+01 6.221976462801330854e+01 4.431730069791649740e+00
4.886438970987584440e+01 6.442054818406923289e+01 7.885899544250131044e+01
3.813358171222842685e+01 7.651902029810298700e+01 5.864233013560028240e+01
9.270121129250806291e+01 3.983776756594306079e+01 3.867345850355199843e+01
8.871419986941437230e+01 4.924440140828911794e+00 2.371425273364634378e+01
8.240443458404445920e+00 8.431099565764026238e+01 5.143006500369056155e+00
8.616571554970481372e+01 4.512677953712668000e+01 1.272777424796603363e+01
4.016451772120418440e+01 1.868008410450355683e+01 5.203371663655458690e+01
6.793587899216466042e+01 4.875275704049998637e+01 1.084313297081751415e+01
6.561288043672018944e+01 8.420387836055212460e+01 6.908098848809991921e+01
8.299579189553185188e+01 2.005095235508874651e+01 7.236442564933575738e+01
3.221934506479627913e+01 1.340481425199102627e+00 8.566111020754898675e+01
9.418212689647266700e+01 6.555581974173487936e+01 3.264429233943651099e+01
2.517444642825303802e+01 4.665928734356194951e+01 8.420551383834362014e+01
1.495976561475583821e+01 8.259736695834870090e+01 2.818289848410620024e+01
8.085861694290979074e+01 9.202711976015386597e+01 4.294311033902373964e+01
3.650506541055308674e+01 8.022213189713018267e+01 5.475823983909854320e+01
6.844490484631971583e+01 6.228292369611795465e+01 1.625522060958501314e+01
8.447903602895617325e+01 1.957751114131361803e+01 8.364108499636023453e+01
2.505712914221478371e+01 7.338809732737419722e+01 3.528616814736070495e+01
3.177854085868638734e+01 3.100018527823052850e+01 6.325043045196723313e+01
5.568151179693931141e+01 8.829524558474972196e+01 3.478225304175225574e+01
6.919925220567442636e+01 7.529485996631106559e+01 1.356369716251266944e+01
4.005893573198111568e+01 4.828174943504110672e+01 3.351860684268385882e+01
3.221125959691381269e+01 6.864198939976418501e+01 2.390946373087769317e+01
7.093907452511287204e+01 9.350441963907304910e+01 5.654144513775612779e+01
6.114342367394740307e+01 6.893270212408908471e+00 7.599173506483539597e+01
2.854477871998655303e+01 6.150511655285648516e+01 8.870672105863984314e+01
5.955026005728078076e+01 7.247094874643775597e+01 4.187256484221371977e+01
6.036584351505736024e+00 7.975993494897885228e+01 9.057001432311110989e+00
7.006578288878540661e+01 2.292157314963694237e+00 8.376989467517221044e+01
1.576360358329805855e+01 5.142714954425511564e+01 5.236410522864255768e+01
4.575454073734120897e+01 3.407634893488872052e+01 4.960285904314644512e+01
3.114157538811587145e+01 4.381223470808631504e+01 3.762491162901724095e+01
5.662048235071453206e+01 2.379241622449834637e+01 8.662679813438104759e+01
5.008699533821655336e+01 1.941620774145096462e+01 4.229916911519431011e+01
8.664151295248242945e+01 2.180679312439559592e+00 5.909883863183485175e+01
5.479677967939280592e+01 1.695579943701355319e+01 7.200540234610629398e+01
3.688846223740056729e+01 2.938020288155074411e+01 7.527303823605194566e+01
6.385250461916646003e+01 8.982590836748244101e+01 6.218209942556147496e+01
7.408176579321153099e+01 8.364458962596128799e+01 1.160564403115009569e+01
7.760489588693802432e+01 6.137064818495767327e+01 1.308254997538264597e+01
5.085779218687150660e+01 8.245807798395388133e+00 6.802695883691185941e+01
5.465017138978830502e+01 9.535735374122972985e+01 2.524148097519870504e+01
6.060334525203784040e+01 2.115821345704913625e+01 6.106071259052026079e+01
7.226497023608564518e+01 7.223043293295386036e+01 6.916660596383761117e+01
8.535502279583167251e+01 7.727172626717704773e+00 3.520372656559092661e+01
6.871225203598056908e+01 4.985862873912121529e+01 2.891625238811086263e+01
5.527095701666979721e+01 4.074356527661437610e+01 3.480168401418010404e+01
8.097537174356638445e+01 4.075983338321812255e+01 1.082640644383543815e+01
5.806333889109128066e+00 8.562440416916203390e+01 8.598920185606844768e+01
6.884093364557075745e+01 3.643682941000802344e+01 8.258183837436222063e+01
6.628030863757358304e+01 8.443335491993376252e+01 7.729248498804494716e+01
3.791393157725924112e+01 4.787022008507855020e+01 2.369236025650460320e+01
2.920141004407340546e+01 7.781256612865217903e+01 8.741412787781777638e+01
7.244604232514117825e+01 4.651736966566383558e+01 1.544274961296032345e+01
5.694794869844821861e+00 3.743255646128537961e+01 4.805886091264828508e+01
6.091206222132969117e+01 6.489521386997210151e-01 8.670693891434991940e+01
3.639388834040428833e+01 8.480946638011214134e+01 4.967542413306305349e+01
1.304394545333464883e+01 7.975655525345219132e+01 6.790847431326044159e+01
5.274360849292280307e+01 5.145530913337800172e+01 1.724245999119837336e+01
6.558489485738741109e+01 9.112451557542998160e+01 1.840671063061204293e+01
2.635114506489049191e+01 9.023079734420987563e+01 3.308508615788452545e+01
6.539436721799263807e+01 5.348181649431441542e+01 5.153796967637009629e+01
4.157889015772531138e+01 2.999914705537111104e+01 9.036375165616139071e+00
7.442809392941641988e+01 7.460934621942267597e+01 6.651660668807332399e+01
6.436337881196206467e+01 2.437171321675262092e+01 2.204591492720918477e+00
8.087153968854397590e+01 4.911385356958268744e+01 3.457634875920116002e+01
1.019319067805700740e+01 6.272159090138840654e+00 3.635407622175308262e+01
8.047370647669404775e+01 9.187237493338304262e+01 8.494330553130618000e+01
9.200008347496549277e+01 9.077253431293426900e+01 5.305031494665355751e+01
2.194156385569038292e+01 7.980465828368204484e+01 2.308413781808036802e+01
2.672072767565690654e+01 2.332543218225484694e+01 4.746208323063521561e+01
3.218275081690799055e+01 1.541560496253414669e+01 4.318326475266317743e+01
8.739072387851669532e+01 5.705528549499722146e+01 8.234313272659910865e+01
1.958721850791373953e+01 1.669738736725540207e+01 4.590903688195592025e+01
4.633289015462730731e+01 6.601726416469568903e+01 7.379514354144953359e+01
7.513072956521764922e+01 9.422611736585611197e+01 3.723722060516133325e+01
2.063867422481807523e+01 5.509126399478857650e+01 1.817358095740947022e+01
2.888511233316314275e+01 2.078880552631444800e+01 4.210333070351565254e+01
1.112165750022153787e+01 3.184174454809785004e+00 5.513929973105753390e+01
6.102489782898048531e+01 7.083589360386611133e+01 6.128394482984572988e+01
1.142946811423835030e+01 2.910788813756462901e+01 1.956126403685838255e+01
8.429724020485632252e+01 7.469036553555233127e+01 2.515589358333898318e+01
3.413092404898934262e+01 9.666149922642142656e+01 5.631103827514597526e+01
8.011555973011572007e+01 2.645910347687291519e+01 2.051545918568924876e+01
7.839169288465484442e+01 6.858724552314401990e+01 5.953129908147685256e+01
5.526345818291938627e+01 5.635783427765488085e+01 6.273129071186120598e+01
2.700024811211952880e+01 3.527684658569557286e+01 8.169090576887236921e+01
3.088652010121577618e+01 5.463095713792990438e+01 6.518259407021183449e+01
9.999248268331764677e+01 4.352913314953319457e+01 4.305860142102030608e+01
8.425883794336674271e+01 8.055031112598632603e+01 6.101962763528290168e+01
4.632296374090289248e+01 3.239391201607158166e+01 5.786021779144302712e+01
8.762232931316408724e+01 8.837774582085864949e+01 1.979567240345182810e+01
4.283502838131506252e+01 4.647219561987494529e+01 8.056449656494689293e+01
6.779980152425845574e+01 4.072464172620705369e+01 8.308508764663487867e+00
5.653851600991959003e+01 9.607597563835613030e+00 6.999877866260962378e+01
7.525186605703621012e+01 4.605091599081787734e+01 4.164741316826242468e+01
8.973389655687687139e+01 2.884583504181284042e+01 2.499656990641327781e+01
9.391974328257620641e+01 8.092458367534825925e+01 7.682609299822399862e+01
1.951938142759255257e+01 1.432959914309344107e+01 1.117873415329905562e+01
2.370415089186800373e+01 7.741904917143247644e+01 3.320215005948801945e+01
7.291032835948762170e+01 2.519082653674215067e+01 4.037486638268056538e+01
9.831622899114084646e+01 2.448117312841355897e+01 4.043246108829963958e+01
3.010871804652136419e+01 1.096249863300022831e+01 4.603478480405672713e+01
3.786906633330022487e+01 6.948870858072801582e+01 7.052945091612879480e+01
5.442497144956385569e+01 3.219642208733686228e+00 6.223112360407559152e+01
5.539073002093919840e+00 6.163563235990249467e+01 6.928621121049147291e+01
1.977676276175184356e+01 8.193461487217710726e+01 8.552523204420295144e+01
8.130869641138195902e+01 3.051091902120821686e+01 5.673134113525403421e+01
9.148151491912277322e+01 3.206647262228499073e+01 7.125359837173272126e+01
9.475131261696523310e-01 3.646702784676270070e-01 7.496082194512756303e+01
7.614475821271211942e+01 7.889771878522937243e+01 8.655533047444178862e+01
1.179063118202842197e+01 2.319849849836883493e+01 9.030304435887508419e+01
1.772361977723534565e+01 6.822292675765839931e+01 4.690986341710483032e+01
8.319367685150725222e+00 2.852636619415328667e+01 5.430954442704742036e+01
8.523501166838340737e+01 7.075384896146736935e+01 6.130802655858919081e+01
4.960328899414147941e+01 2.986839838141343151e+01 1.669449382437542084e+01
4.090760345660955011e+01 2.851849391129257505e+00 3.113402578510241980e+01
4.324833758726598631e+01 4.186051856719150521e+01 1.361824626121569892e+01
5.890601535252913123e+01 5.496842558532362233e+01 1.091523504318891646e+01
9.431630524604392463e+01 9.938277895086011782e+00 7.757994521486192241e+01
3.097319150059396620e-02 8.822810950453830969e+01 6.106283756232487647e+00
7.578120318921159537e+01 3.616908113002529035e+01 6.664445841642250912e+01
4.017452054249785220e+01 7.090792233184172844e+00 7.381163242427794557e+01
7.125268532136496802e+00 9.221204359612180212e+01 1.655541659521873754e+01
4.793252777715154878e+01 7.230344308507956441e+01 4.133028935650981595e+01
2.172334745924347033e+01 7.590909613960270974e+01 6.925345673209993436e+01
9.226949839543672738e+01 3.761651104310777072e+01 5.119762502232919843e+01
3.631284428460720193e+01 2.570818218513682041e+01 7.254829955034944078e+01
3.396518450169554626e+01 4.281494419923520667e+01 3.323920045065397488e+01
7.126612256467458906e+01 9.177956261106797342e+01 6.320293813401841732e+01
4.715825960942326134e+01 7.792051147388833954e+01 5.985051924310247529e+01
6.061035711781348923e+00 9.566358641884164626e+00 1.534588041283421411e+01
4.568163262063198715e+01 8.258534343389648313e+01 3.546496975413712960e+01
3.841601830924816596e+01 9.094771083678907075e+01 7.857493974512259172e+01
6.650481123825599639e+01 2.668037820922513248e+01 1.594459985099197574e+01
1.605882268011371572e+00 1.070106726044208756e+01 3.222910542754208052e+01
5.517900635794956798e+01 6.400008275238688427e+00 2.332042099868744245e+01
1.810807023079410527e+01 6.319820929833062451e+01 5.830827075661186853e+01
5.507657263721529262e+01 2.505014246959396118e+01 3.933652926449589415e+01
9.668971633774303243e+00 2.264606037580548659e+01 7.529626570209005365e+01
9.796917464358284633e+01 6.476595856402947504e+01 8.283701138391587904e+01
6.427419004014251414e+01 3.319648610546988010e+00 8.143192454717865303e+01
9.895230168653490921e+00 6.826418014450607075e+01 2.687656769029864279e+01
3.919811129069601208e+01 6.459341848009381692e+01 4.421291490862603979e+01
2.505460589311282504e+01 3.344461868783247382e+01 3.934031946394431145e+01
9.593239045082137295e+01 7.986130159234510018e+01 4.167954454460431890e+01
1.998209203413641077e+01 8.110161102626560137e+01 2.270523871279499417e+01
2.104622171420034249e+01 3.660133918401511721e+01 8.612896745377832985e+01
1.317866686341102600e+01 1.222341928545260714e+01 4.602899827837090641e+01
2.764105410936747020e+01 5.687279416481598560e+01 3.888247063621139432e+01
4.349591063512168176e+01 1.119729704869932796e+01 2.104811512056166833e+01
8.210785774468500620e+01 8.858827375717443431e+01 2.264139998661905295e+01
1.134605015247690574e+01 5.341667193451060669e+00 5.462320717182825547e+01
7.153532125002055864e+01 3.728099892032054896e+01 6.754551827122064367e+01
7.129588155595260446e+01 9.353422813969054062e+01 2.130713311454245940e+01
1.922917232310797786e+01 6.852598759698813602e+00 7.505591670961295847e+01
7.925871600335685230e+01 5.746420706218390251e+01 1.218164253020835375e+01
2.733123586537196203e+01 2.977198480585169094e+01 5.229157922045480689e+01
2.580438940367154643e+01 7.295986391295484097e+00 6.571344272827334976e+01
2.990802116554113255e+01 4.523741770233006321e+01 2.665662069899187969e+01
8.025483033945796763e+01 5.655318769240575705e+01 7.971117706766473532e+01
4.954715630653333847e+01 9.414256718178796746e+01 7.950110130836385736e+01
5.764598564592338903e+01 9.338934381498633286e+01 4.129690549365353291e+01
3.656421627042113442e+01 4.547795130603693892e+00 5.875578890879577187e+01
7.219239699289333601e+01 7.735191902421031784e+01 2.460039941140723840e+01
4.441590723125003137e+01 1.768632120939156493e+01 5.865689000407419940e+01
1.579463724217681175e+01 9.041636839560749195e+01 2.500923125568089134e+01
2.914022662882448245e+01 8.509063221509997277e+01 4.150758827313862298e+01
2.399594580007302635e+00 4.945862512026457836e+01 1.852592086516584757e+01
9.853447186873106034e+01 5.881115704556023616e+01 3.427682589469244334e+01
5.637176795476177915e+01 7.686710338175483770e+00 7.113777832412996815e+01
9.253280538641637065e+01 8.744443882061595730e+01 3.474569287521475047e+01
3.257681196433684789e+01 3.508761121629999646e+00 6.016963461446837158e+01
5.349047841897949240e+01 4.593463713273413873e+01 7.605959401584975410e+01
1.678789010828463191e+01 9.666266690182334642e-01 1.159730136346138529e+01
2.233714378273689150e+01 3.328554926345694831e+00 5.251638340445534681e+01
3.140904552335780409e+01 1.804830080681326621e+01 6.595324680754595192e+01
2.044513262325300218e+01 6.876051009937931724e+01 3.722167414219767778e+01
5.118277606625545673e+01 9.338670398513198734e+01 6.079695919058287323e+00
5.002645074774618905e+01 8.544229603276181706e+01 5.571788906709229394e+01
2.768705169651566322e+01 3.976811351450343324e+01 6.153314144335799796e+01
8.908118943138030943e+01 4.106637374661159967e+00 9.219024170536048501e+00
3.250515236095875338e+01 2.327796844374789842e+01 3.318882392482063182e+01
2.212699986258809304e+01 1.958250488551577106e+01 2.246787296639484310e+01
9.339541317952379984e+01 1.441894639061530548e+01 2.107951699932907985e+01
2.462657239807857223e+01 9.330148731304205967e+01 6.909968859093403637e+01
7.896994303155146611e+01 1.047582595384980486e+01 7.673272122959835428e+01
4.081930818174179620e+01 2.628230262123887329e+01 4.791026850268104909e+01
8.221829058167338644e+01 7.786521510749093977e+01 7.523393375113866455e+01
9.281321860154439207e+01 2.381220714277495532e+01 4.816791744880015358e+01
1.462853920507001249e+00 8.793216592650600205e+01 1.662700669872432968e+01
8.614748123426943494e+01 3.293873219865963620e+01 4.351008368568166418e+01
3.913225448385937444e+00 3.268787897653196239e+01 7.531140097757959495e+01
2.554740112160414078e+00 4.063274730467253448e+01 1.361240293105655219e+01
3.709234251090649792e+01 1.726406407802911858e+01 2.766124793235391621e+01
8.775983731614189765e+01 4.360492206218909672e+01 2.999356913471642372e+01
5.893383779505477804e+01 1.421069598325823691e+01 3.708098401072575712e+01
5.462479676028885223e+01 2.375230418480688144e+01 5.862400845658036985e+01
4.914913022595225556e+01 7.719890702546908301e+01 8.810296981228762547e+01
1.158048893474077445e+01 3.346650099845448523e+01 3.667619259581220348e+01
1.511829193372542512e+01 8.103031373334708576e+01 8.399565995418323894e+01
4.844254708343990501e+01 5.377707777946096002e+01 8.830311250749348417e+00
5.555073523270456093e+01 7.913415240196364664e+01 5.259965237667096716e+01
2.653063701204188973e+01 6.675482723343371561e+01 4.116538919965325505e+01
5.448732842857351955e+01 4.875653632789247638e+01 3.862791101273757732e+01
7.188779803941351076e+01 8.838761119858817494e+01 6.903919368361233211e+00
9.336165192303673166e+01 5.115151360832249594e+01 6.940155789544455445e+01
8.556245661758771348e+01 4.671036923142699493e+01 7.535645947019258983e+01
1.776198194552022258e+01 1.591675344798144565e+01 5.833538832315421274e+01
8.701430055517371898e+01 8.924261775360393756e+01 6.381205595868494385e+01
5.254892302093174550e+01 3.313930876965162042e+01 8.979722112569672277e+01
3.196956866662504737e+01 7.441861072315931835e+01 5.046443939107928855e+01
6.085123425253466678e+01 3.934805505886262011e+01 8.556111667444419311e+01
5.716823260992710232e+01 9.377876304587900336e+01 5.255854393667239499e+00
5.726705831911209543e+01 7.171868897252714703e+01 7.206987943225419713e+01
9.049768817816813282e+01 4.401609003786277619e-01 6.925508682534144533e+00
4.722634607952153374e+01 2.929370500537065158e+00 8.468320431188705300e+01
2.220651745413919542e+01 4.726647293648446890e+01 8.110575032676347718e+00
5.220484161712585092e+01 3.799561251474084855e+01 1.360642897558264863e+01
3.351242666962247796e+01 3.914360202228556318e+01 8.700294064697085616e+01
2.078858719193754467e+01 5.447796153700996769e+01 8.065894202982514116e+01
7.920192079401351748e+01 9.933675008820888763e+01 8.240804120081170936e+01
4.895395420941542852e+01 6.963758498705658440e+01 1.641889581023605515e+01
4.411488250468018890e+01 8.090185422666974091e+01 4.872936844306011039e+01
7.026990328172318812e+01 7.457513299842769072e+01 2.803945473439672753e+01
8.756993729425654749e+01 4.598224309091789763e+01 2.394293484361557489e+01
8.654158817884437838e+01 4.178188061062536462e+01 6.352415138300187891e+01
5.480330722215929029e+01 3.818717522345004056e+01 7.083174255726561341e+01
5.844699316446130410e+01 3.905621024270317321e+01 2.212800020483173213e+01
8.954453137667078977e+01 3.546958534166655408e+00 8.296766245168905130e+01
3.599615248831554482e+01 6.393387635014058645e+01 8.591082604044224524e+01
1.517066155038984121e+01 5.669504756388101896e+01 7.268731448004849938e+01
7.575838327190574262e+01 5.256319145995039577e+01 6.299073288401246629e+01
7.575269941328444645e+01 8.410276377574118101e+01 6.590923703147726087e+01
3.540049431812426661e+01 9.967264010577331135e+01 4.392641256878555112e+01
2.446470275893342095e+00 3.626169515854620329e+01 1.421806483126898613e+01
1.214426157283750030e+01 2.815350401068943498e+01 8.222264727789724503e+00
6.885121884095630662e+01 7.398888420190507631e+00 2.644150367152227687e+01
9.289971449411938309e+00 6.316773090303106741e+00 3.405623549317326848e+01
5.718989676603699479e+01 9.646855564468417299e+01 7.896165649478163573e+01
8.759339254453247747e+01 1.760670360376576227e+01 3.668709081186125331e+01
7.639331679530569907e+00 7.784683399151850836e+01 1.492216296927874808e+01
5.566956708208532234e+01 2.478755723239507347e+01 2.504842303381863289e+01
9.907250552476051553e+01 7.567798069785374082e+01 7.217325437796834819e+01
5.719826853440126513e+01 8.710142873937492425e+01 6.514477914142227633e+01
9.461737047963453051e+01 2.813385860456367737e+01 5.742746242463967121e+01
6.901313479368921833e+01 3.929373050278066870e+01 8.284631093793835532e+01
9.798031631041543221e+01 4.937694913726615908e+01 2.938068292316828334e+01
4.719379285564586723e+01 8.527367457319316202e+01 6.198991717083899289e+01
4.477237251809507157e+00 5.421699104457148621e+01 7.690814359342443396e+00
7.785353710034054586e+01 3.283122735424637284e+01 4.116823962186946062e+01
7.986781059076319877e+01 4.644881728576155666e+00 2.103716793626316672e+01
3.979603764451148606e+01 2.299251635455605935e+01 4.036699836213802683e+01
9.981747378924650604e+01 8.254144375738107442e+01 8.967071819149720113e+01
9.370546335657753900e+01 3.409358803141956429e+01 3.357482482075027974e+01
2.340624925720749161e+01 8.301169113081226669e+01 6.088048000368048207e+01
2.361719824828772829e+01 3.769938292104549049e+01 4.654255119135367380e+01
5.281400572737536692e+01 8.887277285517146197e+01 4.332093145330306072e+01
9.085240305005123673e+01 4.413675603197896180e+01 6.515552949282573536e+01
9.302543199850560995e+01 9.075757039632664203e+01 1.554740380899893815e+01
2.057042949765698481e+01 4.769054255322750890e+01 4.474900154690782017e+01
6.408916648372070313e+01 9.447090508254122199e+01 1.827752491120983791e+01
4.518586651342404537e+01 1.924110378871393223e+01 7.487183863913546134e+01
9.645801858016528740e+01 4.787016818903501303e+01 1.539152823880099241e+01
7.852946667226731847e+01 6.971413504923989990e+01 3.133910185510457325e+01
8.874074739689635294e+01 9.758318897827071225e+01 5.145113231723449587e+01
5.657279113442923801e+01 2.975135051137778319e+01 5.976092730273649778e+01
4.396423205248465393e+01 3.021910269280518690e+01 1.886278216417889908e+01
2.527078597091249179e+01 1.978546496776644048e+01 5.343217559929753691e+01
6.016700217635938230e+01 6.085717243060165060e+01 3.769047739072784253e+01
4.212297336854960150e+01 8.342384296406399358e+01 5.366848300817983386e+01
9.877733321371223951e+01 4.396172300088648655e+01 5.894874834837457200e+01
5.036299899339580222e+00 6.533399244188107957e+01 7.315482144448006352e+01
9.424578385332962682e+01 9.973206116397705046e+01 3.421225438677166153e+01
5.753700648257168382e+01 4.507179855321473383e+01 5.620136823477721322e+01
1.574529571898466429e+01 8.561495725959414926e+01 8.031311581516493447e+01
4.496616631129225539e+01 2.804298615735768507e+01 2.025750586407125553e+01
6.837648247778044208e+01 3.122318396207352009e+01 8.432498097858287167e+01
6.710124748448700416e+01 6.456853251742407451e+01 5.480570469768390041e+01
4.577633942872560979e+00 9.319224356855869473e+01 6.143407027810216192e+01
9.940619833831104302e+01 5.373564047728870463e+01 6.420130144135222849e+01
5.620955786622216621e+00 6.317361768234108865e+01 7.285476934015395045e+01
7.785142948525573559e+01 7.701116522302854150e+01 2.688729391713773254e+01
9.753984776052259065e+01 9.951821206249387330e+01 1.260665934091571572e+01
9.364464228117572020e+01 2.894491943043693283e+01 6.356247856138929109e+01
3.381109207361321012e+01 9.677543233731215366e+01 1.624323543936411340e+01
4.977468169563760370e+01 4.280477919420746247e+01 2.905553952370066995e+01
6.455339908801485649e+01 1.310557434216674721e+01 6.420165259492901555e+01
9.805921238047872635e+01 8.045587144686301428e+01 7.874949819132432083e+01
3.596367431790024938e+01 3.248866064812187204e+01 4.501483066590419924e+01
4.572661476227269262e+00 9.453581344565326106e+01 1.756243063000597004e+01
9.030130391680924618e+01 8.358222200035569927e+00 8.515746540219006988e+01
1.519625258782151178e+01 3.813161409147269865e+00 6.242403114569214750e+01
2.802653001744283046e+01 7.144961527843494764e+01 5.205879152347775118e+01
1.088073902300655860e+01 9.321300733011636908e+01 4.184566761484786213e+01
7.344472777986879919e+01 5.010205720156250919e+01 5.716456245440451056e+01
3.027735923566924470e+01 2.003603040034502669e+01 4.928099709475281287e+01
4.402189729710019606e+01 3.901132134339331259e+01 6.221029731859493239e+01
6.905066320111359346e+01 4.592005609126303511e+00 3.305567929945705430e+01
4.117645502263773949e+01 9.689216116416810465e+00 3.190120499654232589e+01
5.164179722275664020e+00 9.962420986170205595e+01 6.875188362428859534e+01
8.745015650275366426e+00 2.024937979009211464e+00 6.292240245137457322e+01
4.391921656826669107e+01 7.867967090645760209e+01 8.708638973440557152e+01
5.993003890163725345e+01 1.871084229172530655e+01 6.823347890203503141e+01
9.558117431743744419e+01 5.802312870599559602e+01 5.759467799314759162e+01
3.374746950366730402e+01 3.815276946603112407e+01 6.825155180893631268e+01
9.277710984068191635e+01 6.289883872243522234e+01 8.053903766474083170e+01
1.716350174153730279e+01 2.119590902579735570e+01 4.429349666240552352e+01
1.765541922428405286e+01 6.349950702209235942e+01 2.671960598940388820e+01
7.915326186668919206e+01 8.081103466143434844e+01 4.924752462285157861e+01
1.808106350376352722e+01 6.467749610819325312e+01 8.669137729477546372e+01
6.225908979425233269e+01 3.577469071400785072e+00 1.227124392300453870e+01
3.203619704923062272e+01 1.957838068604048587e+01 7.124166359134427751e+01
8.448056670360004716e+01 2.586187713104761698e+01 3.549556505768116921e+01
2.362469677151146641e+01 9.083825473712640530e+01 5.645972865300626609e+01
6.561370440820198269e+01 4.154820866996033146e+01 5.494419815834480403e+01
3.858553767217360786e+01 3.396784377292254931e+01 6.427002948978970664e+01
5.910620780489892212e+01 2.935279541679496162e+01 2.331404225967221322e+01
3.685766938381376434e+01 4.151976391419091783e+01 5.355306242056472144e+01
9.145287636368637152e+01 3.618479753292513923e+00 3.051099639198879387e+01
1.937159422795603447e+01 5.022944086937835806e+01 4.369747270100504721e+01
7.290376238201884007e+01 2.424159125448638363e+01 5.720818917643687485e+01
8.838572635999592819e+01 9.106777399183046384e+01 8.790941748511166054e+01
7.732611520799885341e+01 9.059879062589149612e+01 2.605991888550487801e+01
1.975809443504770258e+01 6.488083780526454625e-01 6.628231995964716816e+01
9.374671878137444025e+01 1.869353450416764062e+01 6.128174982352210520e+01
7.464597592217775457e+01 9.276142351480565651e+01 6.414732542660429715e+01
9.702937327487522623e+01 3.446731410125477879e+01 3.067116007970370362e+01
5.430125100143455796e+01 3.835018811159071106e+01 1.374521783541943165e+01
7.317720250869874121e+01 7.517170414784834520e+01 6.455881134107295338e+01
3.450206666104666198e+01 5.222894733111719034e+01 4.082054403750435512e+01
1.603640003064576991e+00 5.624489412714187608e+01 1.878082926123623864e+01
8.004132409144059324e+00 7.554990686967872193e+01 3.918927994424403760e+00
9.590084436087261111e+01 5.152553641125768991e+01 9.066625449286821947e+01
5.799757247270842520e+00 5.835295488659132701e+01 3.299367973699670387e+01
8.434824928142857914e+01 3.612227352342862474e+01 3.396150988851110952e+01
8.575531270999132971e+01 3.746530916532609723e+01 6.841271286530058227e+00
3.902891008393337557e+01 6.545222690109419261e+01 2.301045575551130895e+01
4.319875924251572741e+01 5.671513828222551901e+00 6.256740519792379018e+01
7.562949238603937374e+01 4.133125614011103011e+01 4.336789882640666605e+01
8.828249858491643565e+00 2.019408645119825607e+01 2.451264003983617457e+01
4.816877686615379162e+01 5.292555409507501452e+01 8.226386625944695652e+01
7.323150427723390976e+00 5.998679731550471672e+01 4.358062908767787746e+01
5.162330979358291927e+01 8.731592873828265056e+01 3.195349384397715298e+01
4.077327434137146156e+00 6.722715076341924600e+01 3.648154285351608195e+01
1.758991621252459225e+00 2.513740072904138145e+01 3.558944701063612825e+01
6.168383767842420440e+01 1.725857940492721099e+01 4.472012213208883935e+01
4.824754444178325485e+01 4.592373913640908967e+01 8.640603929330134747e+01
4.550423779029610927e+00 9.509681864523993511e+01 5.673495075344720107e+01
7.957277149698383312e+01 4.303926180160754456e+01 5.186645552393427749e+01
8.793264990158236571e+01 8.959344962919021782e+01 2.769496783200351331e+01
1.992418785846181706e+01 4.962351738699511117e+01 8.560791919947472195e+01
3.223550934061763229e+01 6.520146153391313248e+01 5.798569418889114502e+01
7.786746648941557680e+01 5.639244579209632491e+01 4.576038635188061932e+01
9.670159887989728986e+01 6.113307533028526564e+01 6.156293509069976722e+01
3.449828456958783107e+01 6.699491810030801275e+01 3.350010340850306534e+01
2.450969175286361690e+01 7.147222018094264229e+01 5.246903619456255541e+01
6.832766104223897230e+01 2.694384907480916880e+01 5.679027921089275566e+01
4.439336497031125361e+01 5.969602868455279321e+01 3.167642830110665031e+01
7.154509636491238211e+01 8.059293661594655589e+01 2.852765542854239200e+01
3.006205598556420711e+01 6.611542697190930085e+01 6.173306665450857622e+01
7.040996843974500052e+01 6.826985047758368808e+01 3.955305480006048668e+01
3.948536744036783830e+01 2.548176236443814346e+01 3.015475461012160352e+01
6.925773793969057124e+01 9.318878597231282868e+00 9.013498964958239412e+01
8.266863036714514124e+01 8.575057399572560257e+01 7.873780879944551714e+01
4.086049707232400863e+01 8.467007233504010344e+01 2.234478800492354367e+01
2.164179460823567602e+00 7.848913946638501216e+01 1.485612979011474444e+01
9.885246673259216266e+01 6.747964296015560137e+01 6.921628473275634974e+01
2.458038562778659397e+01 6.738653939196881026e+01 7.802483432781228245e+00
8.378257199236009001e+01 1.696240930315724427e+01 6.704085982222082407e+01
2.244805012327283222e+01 6.845316942604274146e+00 5.107248294780828246e+01
1.692862102727894325e+01 7.294439883265498281e+01 2.433621028753395876e+01
3.424725562358288755e+01 5.674392512644729436e+01 3.957233251049888167e+01
3.779881162099616176e+01 8.156217710403866761e+01 2.918235960486104830e+01
8.220158948193368786e+00 3.283577851330192487e+01 4.520123102805350612e+01
5.426592821365676400e+01 3.724236961750070662e+01 6.774796061402719261e+01
3.931948766847326304e+00 4.317675381985579719e+01 4.116879734789301892e+01
6.475784908068590084e+01 9.662762518973960368e+01 5.112768346495906258e+01
9.868768469417204869e+01 3.022493949131974489e+01 1.297522558760427280e+01
1.656631674764127382e+01 3.951248847745672776e+01 4.064135295793989400e+01
9.705413098337768218e+00 4.326601076907168419e+01 3.521625363838546718e+01
1.226192204574384448e+01 2.961171306119089053e+01 8.898700907127852133e+01
3.020488654893401659e+01 7.139554232420516655e+01 5.992475048558743822e+01
4.271811624083717618e+01 2.390256368036691725e+01 3.726876187937001816e+01
5.921072134710427548e+01 3.507532147493549246e+01 3.566860781929796076e+01
1.164627488916321063e+01 8.797669379095653142e+01 4.764900758907460698e+01
6.252083217429300532e+01 4.904103611368052640e+01 7.765435263279611888e+01
5.469348524482108331e+01 4.807814179491133189e+01 8.409386007294355636e+01
7.196895960453545626e+01 1.115499073468573243e+01 2.544464532950972568e+01
7.871228629394418874e+01 8.358513211799542830e+01 5.220173412520756528e+01
5.544552278666392908e+01 6.319329628514444863e+01 4.471417285196466196e+01
6.801991234839039180e+01 1.084812575664156853e+01 8.340958734766267924e+01
7.501548237949216968e+01 6.311742040090069139e+01 2.728694512839347652e+01
1.609554874567291449e+01 4.093429638289446615e+01 6.273965318038789007e+01
6.337097434231109361e+01 3.826411550655714677e+01 5.893948410719199416e+01
8.137482955675476148e+01 2.628477233760706522e+00 4.725516695709031012e+01
7.585552284667910783e+01 5.461444704633772318e+01 5.913343228052280409e+01
5.166763926053420164e+01 9.918745446823109546e+01 7.355101629370280669e+00
4.910448217723772757e+01 9.141654911451768228e+00 1.745891426657321688e+01
3.830383504182618282e+01 1.555400915004873141e+01 9.124065493463650967e+01
9.467897767251591290e+01 3.361096462206037927e+01 5.780859245322408668e+01
5.337533205937860714e+01 8.155869805157685448e+01 5.772089850052302040e+01
2.524544905621040058e-02 7.631743856097388345e+01 6.798454236838705356e+01
5.097227055664810536e+01 9.029189732330537765e+01 7.990890380014685945e+01
5.239116767043972089e+01 6.079882311965376829e+01 8.678844705441461826e+01
2.988202348114175066e+01 3.246172423114773409e+01 1.971720059544487569e+01
8.958669391578679608e+01 7.444883899492663204e+01 2.268966613163786761e+01
9.817673511979656098e+01 7.309617081611160927e+01 8.048327137979521240e+01
4.815078917320092522e+00 5.049609189421676803e+01 7.041106831636450636e+01
5.429465845718412709e+01 6.666474656992774328e+01 8.095728702229614271e+01
3.743370629601962207e+01 8.486686756187097558e+01 1.206991947896285744e+01
2.708860550263747413e+01 4.334561992732577806e+00 3.947891350056924864e+01
3.799095448241202888e+01 8.052705972072509155e+01 5.922761206061808537e+01
4.367225581556666469e+01 6.521139786237482383e+01 1.722283981014568255e+01
1.802715360183760751e+01 6.269478552417550077e+01 5.763542908435005074e+01
7.741346587074271213e+01 4.029997590536022045e+01 6.298008109969918422e+01
6.839803325601894812e+01 9.633933783698491027e+01 2.006046454603330886e+01
5.516795637526394813e+01 6.017644421104692753e+01 8.855381312537446092e+01
2.011841421666516894e+01 5.232180199672922072e+01 4.032137900324243418e+01
5.258929685789998132e+01 2.321286021031059477e+01 1.329277732418104918e+01
5.725654538976888830e+01 3.358543158608321733e+01 1.829784314073387463e+01
3.239355660780337587e+01 4.928020144774492017e+00 9.463287489121861995e+01
5.811479149732604554e+01 8.147686813470248524e+01 4.551187230282104679e+01
9.033146675661856762e+01 4.833182215522533198e+01 5.833028549317217681e+01
4.917939800626568569e+01 7.332782958676516216e+01 5.980532518303213152e+01
2.715989235803977309e+01 1.455395313226462939e+01 5.109827533675835554e+01
4.891799615470362284e+01 9.597569669611294430e+00 3.690629136926590093e+01
5.147764220004535929e+01 8.268932338255899595e+01 1.792627511063399481e+01
3.484953482460029051e+01 8.226561227103853469e+01 5.792843282814581585e+01
2.899583218037867738e+01 8.453351220226423379e+01 4.746436652942470857e+01
4.983518913104605019e+01 9.765873392003842923e+01 8.526935036169120963e+01
3.585326833698439231e+01 1.405791286630823045e+01 2.971120858981925394e+01
3.048326031138803849e+00 2.076788671039120349e+00 3.914314575832739962e+01
9.410198226972342184e+01 8.713573412322077161e+01 5.379324344904661359e+01
5.652263811708306918e+01 5.933496746056476923e-01 2.891035789303911940e+01
2.477412693438374447e+00 7.545395326953875781e+01 2.477856832044367508e+01
8.690471024768169173e+01 6.433243136757882041e+01 3.118823082638270705e+01
1.577203170832497392e+01 6.276247009230531404e+01 8.346760621722037854e+01
7.183602189143816474e+01 3.485466516033775974e+01 5.758848832582839350e+01
3.107616953724213715e+01 9.991495667786588797e+01 7.045317118522135047e+01
6.143816397567536569e+01 4.232591427658292105e+01 5.620917479417487783e+01
3.416160624673347712e+01 2.886483945803075546e+00 3.638004960393013221e+01
9.304808195798669601e+01 6.263010947738658274e+01 1.240042474699141906e+01
8.849936133950258466e+01 2.688748493415148388e+01 2.691236546110864580e+01
2.970909687803208143e+01 5.772022361259574552e+01 5.010222226170056103e+01
4.914137546228817399e+01 7.175368635126270078e+01 3.586134987680612340e+01
7.820645215724310617e+01 1.753216783785991240e+01 7.299774970451937861e+01
6.638101052502828736e+01 6.832083095475864809e+01 4.888926234020225081e+01
6.670015326808646705e+01 7.979704655945740299e+00 7.922723035931734614e+01
5.554723348764600388e+00 1.487415098714974704e+01 6.026723169206553621e+01
7.394114554566914421e+01 7.625156434625345980e+00 8.340282899682503626e+01
9.736076488006986551e+01 6.059501730077110437e+01 5.171369973729252933e+01
7.413949722797497088e+01 3.283573523272054473e+01 5.068899558880723077e+01
9.161510268144013480e+01 9.556554252415335782e+01 8.855680153391382703e+01
2.624480669638401409e+01 2.324690402167633962e+01 3.921772414073591051e+01
4.413111123884602449e+01 3.141674127919635851e+01 4.122741257016888738e+01
6.206369521207595596e+01 7.625256770939759576e+01 6.876065279988395673e+01
8.144235670791519510e+01 3.218440321540216864e+00 1.265507521218868270e+01
7.893829606886293959e+01 5.330788223246318580e+01 5.358651056159560966e+01
5.258686021437708469e+00 2.553138011712708888e+01 5.835881082559123456e+01
8.591818901106761075e+01 9.169833971814026086e+01 5.284400342111658944e+01
5.454742327381975997e+01 8.330496310689909478e+01 4.827137827619540644e+01
5.168585255373173482e+01 9.050840377609536347e+01 7.935359026874098731e+01
9.090725263612945639e+01 2.182470547811537998e+01 5.050111657821359046e+01
8.424721285933578940e+01 1.111478274671089395e+01 8.482391030985195357e+01
1.829733834148694527e+01 8.081187549853211749e+01 5.543831514079990797e+01
1.932359914848671423e+01 4.733541793328011238e+01 6.498314319821066931e+01
6.338529008835423895e+01 4.272471962317043648e+01 8.025880922974435805e+01
5.192634144878442726e+01 5.058672985286884227e+01 1.020890731368972837e+01
9.221203897976370456e+01 1.771165686783729853e+01 5.577989431200612103e+01
8.035676014003101386e+01 2.154532769556433180e+01 4.685717605309140055e+01
2.406849092233408527e+01 7.596949977999118175e+01 5.162201901297687101e+01
8.559758603951435418e+01 8.945580028773828474e+01 6.364887113958758391e+01
7.253912461589445115e+01 5.492200998868636930e+01 4.274646351758720897e+01
6.481179230208346098e+01 9.082886234873288345e+01 3.666498719951979979e+01
3.144100263737953327e+01 3.884369385525741336e+01 4.623638785600890344e+01
7.356102897771621407e+00 4.984418404349943899e+01 4.919416275707533259e+01
5.884438276405231960e+01 3.628200304713315205e+01 5.461291326979674920e+01
8.782163102742029537e+01 9.554709904951643296e+01 5.273334790286276075e+01
4.259095397031309460e+00 9.692359972671088997e+01 5.762696861339905752e+01
3.359636485536520922e+01 1.471577009637233857e+01 2.706098129516398743e+01
1.677444061396027308e+01 4.557252161382030486e+00 8.605985687530954920e+01
5.407682328273363481e+01 6.999594127138372812e+01 7.062809929394460084e+01
7.915410063332002721e+01 8.826056237288415218e+01 9.048495342757433946e+01
4.390706147419395222e+01 9.503354666683905805e+01 6.499734747995333350e+01
7.066819030807847568e+00 6.817831212123454065e+01 6.808480498087409671e+01
9.058605637925271026e+01 3.729321324700920570e+01 5.403293146677587799e+01
1.218755101174251454e+00 3.320752421813359945e+01 1.196017068176690934e+01
5.218729727648969430e+01 8.174476505069532095e+01 2.402267499057059297e+01
5.274410455577785228e+01 2.040086365107670474e+01 1.552673272088432910e+01
5.109967919343424114e+01 7.914862094972763273e+00 6.195862321633553904e+01
3.133746067672626978e+00 1.067149718683755211e+01 5.687152745844397117e+01
5.914074128989138757e+01 2.898693009375807872e+00 5.556298052043705837e+01
8.385025253236369736e+01 7.223161772939539560e+01 2.323901076466999882e+01
5.924746475636148801e+01 6.722525000742135148e+01 4.769237081116767030e+00
8.553476686836226861e+01 9.062673972898302566e+01 7.269720764389873580e+01
8.246314679891132471e+01 7.449651984608932764e+01 6.194570616642952388e+01
6.786270049882519118e+01 8.063952933349830232e+01 6.537944040572982374e+01
3.277269566820709912e+01 3.759611021613539350e+01 8.264390894385975628e+01
1.712208579716190116e+00 6.988205812442819820e+01 7.853595050600623040e+01
7.062281699579736483e+01 9.939119882317820043e+01 6.009236931530524828e+01
3.436302921686107403e+00 8.270098816469236169e+01 3.327111466020865294e+01
4.460572256644409350e+01 3.120919159070820825e+01 4.015384432900019362e+01
4.314057036697853675e+01 3.787514484406737836e+01 6.496843516055204759e+01
8.131512009875106628e+01 2.970886531872407588e+01 3.222155059272795796e+01
6.668952708703422161e+01 6.703200658307815729e+01 8.322193876135941082e+01
1.594568645331084777e+00 8.530406621165099068e+01 5.220001742075697138e+01
6.213020891720988459e+01 9.137144056141476511e+00 3.942519381538494372e+01
2.273024072385237915e+01 2.542250300825090648e+01 5.334630682338712404e+01
8.124559504031122970e+01 7.437809301448561428e+01 5.625327852180723909e+01
5.394181927534670251e+01 4.273060432344899340e+01 9.049690479348082306e+01
5.601925542342333131e+01 2.539663983122221325e+01 2.725129793478474127e+01
6.113530307751418036e+01 5.228275273109287724e+01 1.013205089135093928e+01
8.300653721957793607e+01 7.041223542324345885e+01 6.196878886613974657e+01
6.878065769765894899e+00 3.620558501724914180e+01 8.554525443471014512e+01
8.625892413413637883e+01 2.855429378695334464e+01 2.524869289718880694e+01
4.490879571685771054e+01 3.558303786676609093e+01 5.882755098760223689e+01
9.664348100843196221e+01 3.630014499825614394e+01 7.353815845548841601e+00
8.976140083423852900e+01 3.794973023987080474e+00 8.778293327925392475e+01
6.645794280090397876e+01 9.416892084419491482e+01 3.051771154215632365e+01
4.069979525380762908e+00 4.882099782764917961e+01 5.200710804235983886e+01
3.314922732548828321e+01 9.576564743886974895e+01 7.044155254695631641e+01
6.615820213755932855e+01 1.628582916378277190e+01 6.659461848198672840e+01
7.270124546997239179e+01 4.250681736160074564e+01 7.773550264269603360e+01
1.669778822290104614e+01 2.673375624116642868e+01 1.127675356363915427e+01
7.954509581775874949e+01 6.217593860953972751e+01 3.862146208227195388e+01
1.638136635943153863e+01 4.014777002874037493e+00 2.190902822412924067e+01
4.532846463376581880e+01 2.471769690106061645e+01 2.795763353476048962e+01
8.755763666677142965e+01 5.151376734611006469e+01 7.004555809503371222e+01
3.571094902814309080e+00 3.651633556780286938e+01 4.419282686899833124e+01
1.864168552101846998e+01 1.201915414455386788e+01 8.581750395464909786e+01
9.394316270997966001e+01 7.880669804540740842e+00 3.685225258822088534e+01
9.582856281444736624e+01 8.316173313246489229e+00 5.920559225223277622e+01
9.722213709670054982e+01 9.782236685813745680e+01 4.917839043278332412e+01
1.627491077823805909e+01 2.020843149774388436e+01 8.472604451495294597e+01
9.116830043297359509e+01 6.078796438735547270e+01 7.734007685654189856e+01
7.399312514704081423e+01 6.618215979891070333e+01 7.495963489365024657e+01
6.854066230403211080e+01 5.340023057474992640e+01 3.211334391729228344e+01
7.438881441186190102e+01 4.734378678382744710e+01 3.281394885211424395e+01
8.019462757417753096e+01 6.967136003530282551e+01 8.229680693437965999e+01
1.654416400188777203e+01 6.491892846364932268e+01 2.511303940639120924e+01
9.035829853016417701e+01 9.949941425661567251e+00 5.739241476992545898e+01
7.910857215280299215e+01 3.549178403647071889e+01 8.313517874553458853e+01
8.507306845860372846e+01 2.946182996849033842e+01 1.352968165874969841e+01
2.966571761180608746e+01 2.813104704707425441e+01 8.380754385756607405e+01
9.671211782547474911e+01 7.043998597026035924e+00 4.173200762827543286e+01
5.483319985297957544e+01 9.291166132970330338e+00 3.202520645896198204e+01
3.170824173929506173e+01 5.360563543270873055e+01 5.774003238925122616e+01
7.034851104965666480e+01 1.367550236133875430e+01 7.148088710121119504e+01
6.785420297907589315e+01 8.890749167467195946e+01 4.376527908404101197e+01
8.938897627221915343e+01 8.657741223560753951e+01 4.889194769259883344e+01
3.811433152929786417e+01 9.328120149702567687e+01 6.444212402764156877e+01
9.282453464380756714e+01 7.969747788958130741e+01 6.489409670110553918e+01
1.158527770037645155e+01 2.914806725790984743e+01 8.050816034479557004e+01
3.194220987142044521e+01 9.325486978537078642e+00 6.463313875727658342e+01
7.340042545436841692e+01 2.854577202871507779e+01 3.583852881173872618e+01
4.688929855087838661e+01 2.178894976225553837e+00 7.617484012993045894e+01
3.170887872741256075e+01 8.537631020019776429e+01 7.243756209078270558e+01
6.614020331187830948e+01 3.248748670992887355e+01 5.454628629523624284e+01
4.448292575979589714e+01 3.388818862486742489e+01 8.082724943856266009e+01
4.835070745776653212e+01 8.327230977971464654e+01 1.416451049669335305e+01
1.410247886003357465e+01 9.773203051129767971e+01 5.757196729290375004e+01
5.097696734990490341e+01 5.231560631441116982e+01 2.878607054279576616e+01
7.187039495019730850e+01 8.478062372975436745e+00 5.262155502059118106e+01
5.707687965859014412e+01 9.141884241335110062e+01 5.817401068727158986e+01
1.370626959741795226e+01 5.727532592481625784e+01 1.240724983842128104e+01
2.037938352999216818e+01 3.110858418741613285e+00 5.080350835393837627e+01
8.453261529357236626e+00 4.693943785313290107e+01 7.933604608484490939e+01
7.197614130193321103e+01 7.741167422529304787e+00 2.706807358485256287e+01
6.736624198934342189e+01 8.947018610241836711e+01 6.700495048614108384e+00
8.124511317205940486e+01 5.618138803383087065e+01 5.169111076073701128e+01
9.578131827533579212e+01 7.476446125967730438e+01 7.121004803891804613e+01
3.539955695446666795e+01 5.543640408284098697e+01 6.180193202295534149e+01
3.215839403624650572e+01 5.702481249473995462e+01 2.911382191546471176e+01
1.433756710682395585e+01 3.739702592773326018e+01 7.307476473595825439e+01
9.161871480738875562e+01 4.577140514982325215e+01 5.935901541352473743e+01
1.030371309751004816e+01 9.044637585523287271e+01 5.934785800305143511e+01
7.803382476251570665e+01 7.944412009213938575e+01 2.943791929354937054e+01
5.291744531818495290e+01 9.604797515609774905e+01 1.613595253902052562e+01
6.830498980295634226e+01 9.622640780351720480e+01 4.149112563423215505e+01
8.614479214043481647e+01 9.336575454082716874e+01 6.730171484535570414e+01
2.313283123069582814e+01 3.340007188265938964e+01 1.628999198510365787e+01
8.314532342453551905e+01 8.496111865110799499e+01 6.190777677861222372e+01
3.525278512638513462e+01 7.681102763992053717e+00 6.743297655436929006e+01
7.265261936099228990e+01 9.126025217389009470e+01 6.256434204260551724e+01
8.286949422440018509e+01 7.459546179039995195e+01 5.557592124472052575e+01
4.269663941910092575e+01 9.021173086422777487e+01 6.605020077709838233e+01
3.983553219659090416e+01 8.346929518195722153e+00 3.913854373048620516e+01
5.437267348301647729e+01 2.756353700161945497e+01 2.677696766578042187e+01
5.273935140878472083e+01 1.698203458957345902e+01 7.421163724406531514e+01
4.843681513426579954e+01 5.738627739626501523e+01 2.354821240596813681e+01
3.245763356293673496e+01 4.100896832611529419e+01 7.456008426934410238e+01
7.701595230861525465e+01 2.229774747876813734e+01 6.308749656937973072e+01
2.434563577719976024e+01 9.882471556902453358e+01 8.718334081613640762e+01
5.632647205206205143e+01 6.989025718941429943e+01 7.426082480687935572e+01
7.209984200449038383e+01 6.998286910824208462e+01 8.366839253583971470e+01
5.964561063072832781e+01 6.363026718190556608e+01 7.375516328399177723e+01
6.698908678584068355e+01 7.329326220175225615e+01 1.458044620959720561e+01
3.712669241150708643e+01 1.473013457118930170e+01 5.463328422154549457e+01
4.557274006802462907e+01 9.971628142794568816e+01 5.760159692304379320e+01
7.864448231944233214e+01 3.340146707576542440e+01 7.453134709324331197e+01
6.150849664876834311e+01 6.969923315984384260e+01 2.441566289809976453e+01
5.486383916955771411e+01 6.340369734136086777e+01 5.378680595857814239e+01
9.151937114245664873e+01 8.982726644925534742e+01 8.438638757480237018e+01
6.674280060069894205e+01 9.719141301256846077e+01 7.299968980702044519e+01
2.708321403399592953e+01 4.274356695512970816e+01 2.915987630616049842e+01
4.197160830565205281e-01 1.880487531469086093e+01 9.196013276188834240e+00
7.198384613504900642e+01 4.255342977211995503e+01 2.830181454863602752e+01
7.617208910951879375e+01 8.324867746196450469e+01 8.259333000029201344e+01
6.420135846752411624e+01 4.615289585400517325e+01 2.795697317499798373e+01
2.223182092142262789e+01 2.129259504826012162e+01 4.910907954185404378e+01
9.917863552879298084e+01 8.536974374032668678e-02 3.053023696620223504e+01
1.883929824035738321e+01 7.171194855322923445e+01 3.363069004806663287e+01
4.572608045918206443e+01 1.486241304699049692e+01 3.332882397399912833e+01
1.031998119058360430e+01 5.330432878885831371e+01 1.687362030223511056e+01
7.905083811731562093e+01 5.666017175404894601e+01 6.758401451406012939e+01
4.185163866526838916e+01 3.814912932422272718e+01 1.766562879079489790e+01
5.238556070428226263e+01 5.145021648570919837e+01 4.955383785563763865e+01
7.405183646824492882e+01 8.325044000323545390e+01 7.142087849771895947e+01
1.438657428068438371e+01 6.220595092821080385e+01 1.036420361150785396e+01
6.946222874404764980e+01 3.818390965611266807e+01 2.036808856396887535e+01
8.620508569761278750e+01 6.140083390389373363e+01 4.076846225629097376e+01
3.072717965049953648e+00 5.373102590036105397e+01 8.068698952901189614e+01
5.963798327023657464e+01 9.716506046194930946e+01 2.071442804959018957e+01
5.683051045948368341e+01 7.981250480064294095e+01 4.896118302006441780e+01
9.106635598747258697e+00 5.828860015472177025e+01 6.637992001932100550e+01
7.287092484753526378e+01 7.612115151654738554e+01 6.579981963927896516e+01
6.634443936389659768e+01 2.158111864186581386e+01 4.603677699100428811e+01
7.761299726143985822e+01 9.534269834008132705e+01 7.992065579801860054e+00
5.355366777971948267e+01 3.125222713243064376e+01 3.405275745465055337e+01
5.058106835197150275e+01 6.060893405565367686e+01 4.509736059601202385e+00
7.802065722011909088e+01 8.198821312594476751e+01 8.785918755682807557e+01
1.806437332246949623e+01 5.945525623609479737e+01 3.650841481580739156e+01
3.348278515553506907e+01 5.656334514375046751e+01 6.665204270609505954e+01
2.305278344521011213e+00 9.694001125661867491e+01 7.805704518949508497e+01
7.511537036455784744e+01 7.603873821805035504e+01 4.427860454075911179e+01
7.516205508448136641e+01 3.867702086029576236e+01 8.261512271738776292e+01
1.772223833064696663e+01 2.923474242151514702e+01 5.633894773467943651e+01
3.192110358872725229e+01 4.242372452952734108e+01 5.277399022547754015e+01
8.563533488135087168e+01 5.231922536086928233e+01 3.512933605936126469e+01
2.477361640351157845e+01 4.086759787921971565e+01 4.471228662160122980e+01
7.461148572032362836e+01 1.210487761723386768e+01 2.637882373625896193e+01
3.796540158686732269e+01 3.603984051195146066e+01 3.795333872163540434e+01
7.935212646403245174e+01 3.241544029621731227e+01 5.087126315765985396e+01
6.239070328578964819e+01 2.321785501836050969e+01 6.919686231080910943e+01
5.471113197382809545e+01 4.467811630313780569e+01 7.161057048776898171e+01
2.434952591851820003e+01 8.831759706143232336e+01 5.697999082312507824e+01
6.091748793796581651e+01 8.750589641689427367e+01 7.769183932426800254e+01
6.015620688219003398e+01 7.531877038481741238e+01 4.664436206370019278e+01
5.473777534997462624e+01 6.207013670851113218e+00 1.403043694549291409e+01
8.294254041863320026e+01 5.967165568249665597e+00 2.535733518434130573e+01
7.958326589504414983e+01 1.145950628256287018e-01 3.351121935086563752e+01
5.840386578266218010e+01 5.954499314692965584e+01 7.433866216562888951e+01
5.059262544921704574e+01 5.094018695309703304e+01 7.434174920508183959e+01
4.986244632662835130e+01 6.084910865636168609e+01 8.289950413546488051e+01
4.014510076123719529e+01 3.851250709192222388e+01 6.181625949597020941e+00
6.134262615212319503e+01 2.977190740713198114e+00 4.494365057156433352e+01
8.042337890322266958e+01 5.499210705196630755e+01 3.494849693581117123e+01
7.861684214493712375e+01 2.697170040825388426e+01 6.958824100234707544e+01
6.102584551902312171e+01 1.699962967480012210e+01 8.897132162105340569e+01
2.006436829571957148e+01 9.895870741406697846e+01 6.890229503956185608e-01
2.634833771429030236e+01 1.998602972741988637e+01 1.321989037395024624e+01
7.323679001473155381e+01 6.934258020995962113e+01 7.190348080209628279e+01
2.566985464645652470e+01 4.443351670829699174e+01 6.066384628468735940e+01
4.397685038881435560e+01 6.973257703179157829e+01 5.693750108814140987e+01
1.146478030221764755e+01 7.810431210769679922e+01 7.079145963395561125e+01
6.558343876174052411e+01 1.550936062710023222e+01 3.271782284391749585e+01
3.931770315876003963e+01 2.799296216564434303e+01 2.228327416425463525e+01
8.053576701617757294e+01 6.382322463602023532e+01 5.514260402991492072e+01
2.259527108532538620e+01 9.180765622686412541e+01 2.683252413984338247e+01
7.949509328246770679e+01 9.666726667052930111e+01 6.837310540958681315e+01
9.928587751846296783e+01 6.510511169779466911e+01 3.061261051339722528e+01
2.038194937165113174e+01 3.245642842554763519e+01 7.765552478468023878e+00
6.816984700828345467e+01 2.686677846278275794e+01 6.563953045395707875e+01
3.591726505593002372e+01 4.799564934633126967e+01 8.786166552489760306e+01
2.421721230472770969e+01 7.212540974297395735e+01 7.066868714215335956e+01
2.209981575236351503e+01 5.009968366121956507e+01 3.818759632934354897e+01
7.719062434000892381e+01 6.224833190290374318e+01 5.168680113911297980e+01
7.793632650477182722e+01 2.351555700084170297e+01 6.185104409105902334e+01
8.653743120928243115e+01 8.786215968075724447e+01 7.128835381449128761e+01
4.080141669982687347e+01 9.818080227178269581e+01 3.555409376050661763e+01
6.386253991024256749e+01 1.610741780694686653e+01 8.337928354082383464e+01
7.039859218646633110e+01 7.533775452463683564e+01 1.343472453038355141e+01
7.634178142206718576e+01 7.747234292206013606e+01 6.599814433140008418e+01
2.919096137903436272e+01 4.896900421608815179e+01 1.859728433386279178e+01
4.715870664591525951e+01 2.438238526004048623e+01 3.402620569902005343e+01
1.626004084036986086e+01 2.300543677468970216e+01 1.401631267688530080e+01
9.199013664369213927e+01 5.304106879754033343e+01 4.450428068734905196e+01
5.350292127687838928e+01 6.282932284815526458e+01 8.631342309073471597e+01
1.786929522863133357e+01 2.955524986352175887e+01 8.567059581965939685e+01
3.711929866485243679e+01 2.256165075732763370e+00 1.788689956736681097e+01
2.633870174855201807e+00 9.899231424207283681e+01 2.410594393773308397e+01
9.235427569362259703e+01 9.958862757597157156e+01 5.552192456513623853e+01
3.319631506556175449e+00 8.159163038692696546e+00 4.055513241368881694e+01
4.061720129114859645e+01 6.061773057817676147e+01 5.257298838340480529e+01
9.340768492714843774e+01 5.347397154135110497e+01 6.144105853834243192e+01
8.964852726424965113e+01 1.468718758332073726e+01 3.161800096638189217e+01
1.073186604740150685e+01 1.396383992299122845e+01 5.756987938148762396e+01
3.211792589674639942e+01 4.231728395267548848e+01 8.935165941805620093e+01
1.567043477959481024e+01 5.408120707980755526e+01 1.601997620999405214e+01
3.184963132638786121e+01 5.275259236745986158e+01 8.015603227832328059e+01
3.912282212834830375e+01 6.490669621466982342e+00 3.795687828768526373e+01
1.457411758739777241e+01 2.299896132914452807e+01 6.529901703474202179e+01
6.742386620368168160e+00 4.647237562500373542e+01 5.948871443541580106e+01
4.218583923674968617e+01 1.912635062373035932e+00 8.883286454115867059e+01
3.671157673405352995e+01 7.785771869332668871e+01 4.026594436627020457e+01
4.750167569934188094e+01 3.884636426109965157e+01 3.913274886537443820e+01
2.185137720777874382e+00 3.600209378545034866e+01 8.028508413706292401e+01
6.903933385936836942e+01 1.454228590954398470e+01 5.744583101307942741e+01
8.922308599488715686e+01 7.000340409648553930e+01 1.735796232106848080e+01
8.678324967344967433e+01 3.015440132888653579e+01 4.310090781256801051e+01
5.261427596891464020e+01 8.505066043781953056e+01 8.348080508975864689e+01
9.296528777905560048e+01 7.954181278540639610e-01 8.580195935043363420e+01
5.438696600157233441e+00 2.657736568174353664e+01 4.526928206310726210e+01
4.799256890043940160e+01 6.047097938873919531e+01 4.776728301587387193e+01
9.343756796404207421e+01 2.405488482145869966e+01 2.911889349611804789e+01
9.207379356930562153e+01 7.673951374525622704e+00 5.439220248096966515e+01
6.817359520656107463e+01 5.055417234297394913e+01 6.340083924482316036e+01
1.727546460119669902e+01 8.526322327715398330e+01 1.031971988792782291e+01
4.008124443157497296e+01 7.525760130820580152e+00 4.973001940672238419e+01
6.697458074256391569e+01 9.412216350952905941e+01 6.416352821622734837e+01
5.411029164541510994e+01 9.326170171703337530e+01 4.623309084616495568e+01
5.612056530988694192e+01 5.960985276700957769e+01 3.249907240750515314e+01
8.384826905658241003e+01 1.851759388450591359e+01 5.438180451000334870e+01
7.222332561871940015e+01 9.039761718765771548e+01 8.414096409849402392e+01
5.087402894301419565e+01 6.431614511633416953e+01 4.003115572129472355e+01
4.681777628802002766e+01 9.062657925730495379e+01 8.628148981449299981e+01
8.954140580670197380e+01 1.383708618136382285e+01 7.558489738135098435e+01
9.483637310214803051e+01 3.612496945736046428e+01 4.431500078357984052e+01
7.790952558129959016e+01 5.620781375656487455e+01 8.937352494356287025e+01
4.557133651568283739e+01 7.139427112073775561e+01 7.576121423309018610e+01
4.941004157584394108e+01 8.569838057113757657e+01 4.749634947595843926e+01
4.116507968016313868e+01 1.078236738519470173e+01 3.854559734777178903e+01
7.339364547332841937e+01 9.212864116801073067e+01 2.787896479614023804e+01
3.552355173305026170e+01 1.539609941044261987e+01 7.630610586324834799e+01
9.601884300099253267e+01 6.409522198481755595e+01 5.958825377794639877e+01
5.534899305004338999e+01 8.845574068553652580e+00 6.007581585986193318e+01
6.020495435493508296e+01 6.614767688562869807e+01 7.287162057311624608e+01
7.839607870610178963e+01 7.809152521545260583e+01 8.693905009024089736e+01
9.899349514629996349e+01 5.812827319610596533e+01 2.737425575837999503e+01
4.591299077754364077e+01 7.876011464616443902e+01 9.481665362298253186e+00
5.688743835614906708e+00 6.715778238282132939e+00 6.657954026282546067e+01
5.011666285631720541e+01 3.688979435205935431e+01 1.873377206806252104e+01
7.322402502058891116e+01 3.210198105508996491e+01 2.674451057751706529e+01
6.523192015535509825e+01 5.590108925968417708e+01 2.754300082988597254e+01
6.414874708055880603e+01 2.712215203841181932e+01 7.739864241061087569e+01
2.293189503076539282e+01 1.588376953820156423e+01 6.966024444809481508e+01
7.078920306979331656e+01 1.826389757017984294e+01 2.212514060106919800e+01
8.383990884866921078e+01 7.765984821966880247e+01 3.194611055265916377e+01
6.581974082133666570e+01 1.241601865478108024e+01 5.020330637624723380e+01
1.873029206041987305e+00 3.916018809215554342e+01 1.795340834430193411e+01
4.751471801568825271e+01 4.216816468528943318e+01 4.896125468115949531e+01
4.533130204799407537e+00 3.616163412818323764e+01 7.099352466390578797e+01
3.689143733536200642e+01 7.151719526095806145e+01 3.923767329059212727e+01
4.232394414901864366e+01 5.638921128292660967e+01 8.840323342995199596e+01
1.088604466466551735e+01 3.291376866117368127e+00 5.982637180866032622e+01
9.490970889284263023e+01 9.897231325547149083e+01 4.257756704479683663e+01
4.680816210850984049e+01 6.449637707451961433e+01 4.848250801504214991e+01
6.340880576141181280e+01 8.739994255378942967e+01 6.061621098830337928e+01
4.968773916867955620e+01 4.618644590001695605e+01 6.363889828101427781e+01
4.557062844202975072e+01 4.577793512656398178e+01 8.082816992977081227e+00
1.740641374073084080e+01 4.885136399957530529e+01 7.878221611454789297e+01
2.787270067271241203e+01 5.226434331311489956e+01 3.813756570962151216e+01
1.048039895395890220e+01 9.582984830713006374e+01 7.396283498078120999e+01
7.849242446690640307e+00 7.197872624682845810e+01 3.621515219751596248e+01
9.948498070617925748e+01 3.023985198289776832e+01 2.597714526035279548e+01
5.678905483054052183e+01 8.351261633432041265e+01 2.157937408043192207e+01
7.094027697193313031e+01 6.140658314112168448e+00 8.701979864074755255e+01
8.107491614729877227e+00 9.142313763441624985e+01 5.861797654800222546e+01
4.480911127959198126e+01 9.733070795003764886e+01 9.366421507492094634e+01
6.501781259610119434e+01 1.271192918570485020e+01 4.952542648624739030e+01
5.291631009556624576e+01 5.144464281353096879e+01 5.993249021922753172e+01
1.872471379439066830e+00 7.112272814705023904e+01 7.343181311408569911e+01
1.154697751778879322e+01 5.702394424458007194e+01 4.902974663739701811e+01
6.824504201904001377e+01 8.539769213508108692e+00 6.443944602832792157e+01
2.807519507463411657e+01 5.070029904961719325e+01 7.455435438233342893e+01
7.056459363630132486e+01 1.189030176779933790e+01 6.141012443588488168e+01
9.691165309407385564e+01 1.567694373350022552e+01 8.122066658481563195e+01
7.025480805537769413e+01 7.740033129097596998e+01 3.042667978815268270e+01
2.878889293798424376e+01 9.060194557764880585e+01 4.599131199159263872e+01
6.301539069281048455e+00 6.005967035794500219e+01 1.992754124749536970e+01
7.965962414079082521e+01 6.417464425010574303e+01 7.791364919285855706e+01
7.848372497826352401e+01 1.121136483381961568e+01 4.149844738154783386e+01
7.745602499145873310e+01 4.173414732663257354e+01 9.160888517432249500e+01
7.357404498934492665e+01 1.549991669032102504e+00 8.049930056891706442e+01
1.008047848685576042e+01 1.405237241800858428e+01 6.985338538613765991e+01
8.649685594304801839e+01 5.363496278995560118e+01 3.229343834341764108e+01
3.513155452531755429e+01 3.428893295960560295e+01 3.231025255875299962e+01
2.429096718216498019e+01 6.088670946292330655e+01 7.842761794497629069e+01
3.070824130833411658e+01 1.866942974614120843e+01 7.101827509564662932e+01
7.417833308897033362e+01 9.308370315599104572e+01 2.804994851678458900e+01
1.442513141165915336e+01 5.414293943049967339e+01 5.755141376556856869e+01
4.801734418595895448e+01 5.989666363238755054e+01 9.100458540403367991e+00
4.796137541640833746e+01 6.580925609396678055e+01 4.526222121476799742e+01
6.794473358165978993e+01 4.511912805538396043e+01 3.709749679384266585e+01
3.036050470870923590e+01 4.109020589885879815e+01 2.639934003044927646e+00
6.685251384461136581e+01 8.451056409802617964e+01 3.388649512718018997e+01
4.603313614171855583e+00 9.867755973855577167e+01 2.629401360344978400e+01
1.266211216907730019e+01 3.697525079730279174e+01 6.555623049851257633e+01
2.939165968905657067e+01 5.747032039194878195e+01 4.719171601330766919e+01
1.177639922766184810e+01 3.302870124921102502e+01 6.685934353568435995e+01
6.120038973314456854e+01 1.197783798835610014e+01 1.994083623612210943e+01
6.407333593074454825e+01 8.134154143208688481e+01 4.143521297427405159e+01
5.953107518434501344e+01 1.706435887521052663e+01 3.577283994269485845e+01
2.027020567305259924e+00 7.682759477995226405e+01 3.396424526955089362e+01
8.161255736539538930e+01 7.083729960227262268e+01 7.342151157316024523e+01
2.856586695828827871e+01 1.851087304278452450e+01 8.891986008276133191e+01
7.173277870408695378e+01 8.340422679266703199e+01 5.630309959517953544e+00
3.544616202958865614e+01 7.428166905773316842e+01 2.299825365262272570e+01
5.673399295689356592e+01 4.290727674550032589e+01 1.026304900766758443e+01
2.359755771194513940e+01 2.847919890667142084e+01 1.441549559077229503e+01
6.315369097426604128e+01 2.423978762518890306e+01 2.642352724600930003e+01
8.982385982001474645e+01 4.671230926931394833e+01 4.411845263860239186e+01
7.238710383147171967e+01 9.096137968829121689e+01 7.766787381493349685e+00
4.482388465553965062e+01 6.107813560779472795e+01 3.588825430217561063e+01
7.724077221232417401e+01 9.714770702702737992e+01 8.059123962595550950e+01
2.659825393799418691e+01 2.263382784374859824e+01 8.671823961190484908e+01
4.586284874314658566e+01 2.082977230846917394e+01 6.341676780845229899e+01
2.844203239037915765e+01 2.672469750710523329e+01 7.876721443764398600e+01
1.624791533769034402e+01 6.439294646623638485e+00 2.706763152281409646e+01
6.069454128382037794e+01 1.230878534032705574e+01 5.099737026007794327e+01
6.273371104253197927e+01 8.487369925931739090e+01 2.510655773126605084e+01
8.173463233827894214e+01 2.349062611312385940e+01 6.295945959931493974e+01
4.306735714824551309e+01 1.146812423786701629e+01 6.621359258448113394e+01
2.177626185490177946e+01 1.766234260245914811e+01 4.415366669822585521e+01
6.532902447594834427e+01 2.339964787906277977e+01 2.697016635773886861e+01
9.953625713364333549e-01 4.716430971017236118e+01 4.653790155090251091e+01
2.338677436373762930e+01 5.365216400969075039e+00 3.693203770720595003e+01
7.882051110716312792e+01 7.152821313271769554e+01 7.587252174175141306e+01
9.582687713155624287e-01 9.664193168045984805e+01 4.104787353622083401e+01
9.903977960919647217e+01 2.526194606017746480e+01 4.203820679145882622e+01
3.539276765753036358e+01 3.557607149943026315e+01 7.738146335802562703e+01
7.464189397373387180e+01 9.921514352300481221e+01 5.404465450586087627e+01
4.632566043945026735e+01 9.007386294689112560e+00 8.568406651304279364e+01
5.515306529322828766e+01 7.004774696901418451e+01 4.838067785362278528e+01
5.477157081792358895e+01 9.425777318928871296e+01 2.486714729454659079e+01
2.923725843302545968e+01 1.520597277780323431e+01 7.696484958027932066e+01
6.204526042182956225e+00 8.163164985133830598e+00 3.589819132111870914e+01
5.141881809210112664e+01 4.062748005595865664e+01 1.145270915760788810e+01
9.574915578709514818e+01 9.528695203580836903e+01 2.832354733286630477e+01
7.315256152685815039e+01 5.785754113832237522e+01 2.608923773810773383e+01
2.621715517416154384e+01 4.911531743104504955e+01 4.176554742091501993e+01
2.912293282312642262e+01 8.075115963051489132e+01 5.486205615116854517e+01
6.548480623891278185e+01 1.892735001678754614e+01 4.641643892087863321e+01
3.179760494466215093e+01 5.264136103948781908e+01 6.977132745753617371e+01
7.689132100912617318e+01 3.542206780342759487e+01 6.125017698467908644e+01
9.412899503942769286e+01 6.256693299249064211e+01 2.477406405130451716e+01
6.797086292790950779e+01 1.049043863493113093e+01 8.702800985496060093e+01
5.166604958019402716e+01 3.851407363115795590e+01 1.427320574392400232e+01
3.807837345921096528e+01 9.032066679157894384e+01 1.167136767135491304e+01
4.746481577818049402e+01 9.311580911106223368e+01 4.093078292304089416e+01
4.281756874621503783e+01 5.785600551991198870e+01 4.789390425721280309e+01
1.686016912375524157e+01 1.855553906986040502e+00 6.123717007354714070e+01
9.208065870078121407e+01 1.063641330271656216e+01 2.730100230661338756e+01
3.702294858249734943e+01 8.087422290211196696e+01 3.235327792593088247e+01
8.820544042787685157e+01 5.495787465006641170e+00 8.824507027584500918e+01
5.607470778737648942e+01 6.587776784877044634e+01 3.109554170724588218e+01
7.819942855110603830e+01 1.665662500844060645e+01 1.236262975763784056e+01
3.955169431075571396e+01 8.536957139810394324e+01 7.116099053382485806e+01
5.171559704889580189e+01 5.721377471653534741e+01 2.065338501978568786e+01
8.406815086175821250e+01 7.869596829641969293e+01 6.119287122212774221e+01
4.661910363289384662e+01 9.644592682795124006e+01 8.069055689420842725e+01
6.444304935146185187e+01 3.718009977172879132e+01 5.582002790437186235e+01
5.754409265306653509e+01 3.942419878349164009e+01 2.613485882960194928e+01
4.070107922373223630e+01 5.739114060333978529e+01 4.728082260671402537e+01
2.635744882013838364e+01 7.609633177608087351e+01 4.707350603777154419e+01
6.767516322559997022e+00 3.683165056261255188e+01 7.986066715890916612e+01
7.552365311999518838e+01 3.232467839440070634e+01 8.180404038681787426e+01
7.660290835821015776e+00 9.612347038921889464e+01 3.486880684584443912e+01
9.094180302419263562e-01 4.338080365183267872e+01 3.730925469322287569e+01
5.390890052067938143e+01 7.967728605698454203e+01 7.578550404473133995e+01
4.012299996116917811e+01 4.298457437063502340e+01 2.349644689949551690e+01
4.754760888116349449e+00 6.412149902350246577e+01 2.241129013976248174e+01
7.338301194214558620e+01 5.390901450222474978e+01 2.621114930249600050e+01
5.395229435126496043e+01 1.829977166020988477e+01 4.259884784350422393e+01
7.995603162422288790e+01 4.619192934106374082e+01 2.332995939477015668e+01
7.238286818229451569e+01 1.867684162700088280e+01 6.217041887674460554e+01
4.793522892158333093e+01 4.537417590943015711e+01 7.797449983241465077e+01
7.086035243406686845e+01 3.291079695493925872e+00 4.064258200580757574e+01
8.709206608498986668e+01 1.832616854519864003e+00 5.346490220053413367e+01
7.278256691739439077e+01 6.218560854845758001e+01 7.081316124686976821e+01
7.256918489147457763e+01 6.920306951531132711e+01 7.543196045219514190e+01
6.456906684495383786e+01 4.024184942569820578e+01 4.522978745356491714e+01
7.167247826814505629e+01 8.763060296667939042e+01 3.184299789758788179e+01
3.420767959710707373e+01 9.307393963624126343e+01 5.869388385107058070e+01
1.789618171350010201e+01 6.636951389123827028e+01 8.779206698012582422e+01
8.234535644704000390e+01 7.457411365514026613e+01 1.517519949950304436e+01
8.761397846840071679e+01 5.257888435355464196e+01 8.276971600251769701e+01
3.298278294248792974e+01 6.205105263543275740e+00 5.586937996506268433e+01
2.698376048178776543e+01 7.152292897762981738e+01 8.486691266666261413e+01
6.909741511515639445e+01 8.869339297092034258e+01 3.930495017811785630e+01
7.716407371953016536e+01 8.430434366717034322e+01 6.908675090777643391e+01
5.077772860695646528e+01 6.258661096153680603e+01 7.258871181563935693e+01
2.530844032214269035e+01 8.095792609149847863e+01 8.800584739829105274e+01
4.652393151799360282e+01 7.010671831098773055e+01 7.548815352309107141e+01
6.622475475214802998e+01 5.471151083286355288e+01 8.348396998703199756e+01
4.489267092688944416e+01 6.110295648660358125e+00 8.010592653152880871e+01
6.739812723165506725e+01 8.492586264996465673e+01 1.755088729191004404e+01
3.075294050971633109e+00 9.343745403825013796e+01 2.157455986567481077e+01
8.096523320704518767e+01 8.232099421806357498e+01 6.602813358082094908e+01
1.312622110928709418e+01 6.673986245608075762e+01 8.059518565215498143e+01
4.255316448008832708e+01 4.135168543785988504e+01 4.343852426929885979e+01
8.227189067620644281e+00 8.920255690299734397e+01 8.015196012990389818e+01
9.979093217902862989e+01 5.851831414984134483e+01 6.432761291525281422e+01
2.026719063073046811e+01 6.675288182241695267e+01 6.464920359666288618e+01
9.012087358416124516e+01 8.307927228390741448e+01 8.130282876307502704e+01
8.688334727016075476e+01 8.686938948988519371e+01 1.254179434536960791e+01
8.459619526959558300e+01 6.074783945031181531e+01 4.073228677946211462e+01
5.651462438806231781e+00 6.776737747680466839e+01 3.134522832947604343e+01
4.677762649860347466e+01 6.817284370551342931e+01 7.468837071818373374e+01
8.254369156049983758e+01 4.505971291035998405e+01 3.842155647613584080e+01
2.397797388440474720e+01 3.724267511759682492e+01 1.158638957097189781e+01
9.711055083647545416e+01 5.739174439595788613e+01 2.169055767678430158e+01
3.528060092659058000e+01 5.470391436206559632e+01 4.711113619059669588e+01
3.550336871863235544e+00 9.508410342291114148e+01 3.687267606543053944e+01
1.618466893189118849e+00 7.644400895028247156e+00 5.564704290182987023e+01
1.377855206750968620e+01 4.172479285350327416e+00 3.955927344935275869e+01
6.227611923401885718e+01 1.118398048416123736e+01 2.583845417974862002e+01
4.177606716245422547e+01 1.594600977867671787e+01 5.021801581006911874e+01
8.521408690177089795e+00 4.651849634506866060e+00 5.042260576065008593e+01
2.478969727508756193e+01 9.537380789802751835e+00 3.763292934020874725e+01
9.151407395173947634e+01 7.241924466541549066e+01 7.522060223875648433e+01
8.719139887586364068e+01 9.726277413964189122e+01 6.897294508239471611e+01
6.084079219394796922e+01 3.654258803022472080e+01 2.229245917762343154e+01
6.866598739832943465e+01 9.949499861219418051e+01 4.657647936501795982e+01
7.236793680928076355e+01 4.950924499931561229e+01 4.166078731548225988e+01
4.103056135599151588e+01 5.046246829316976346e+01 3.928478330083179060e+01
7.487733218218077980e+01 8.742720265915166067e+01 7.999656101491281390e+01
2.276987134258259360e+01 8.959091387314907706e+01 3.814099343709894896e+01
3.093076654852976404e+01 7.267560573982359529e+01 3.105371555546738094e+01
5.296640560971010991e+00 3.736177723103079984e+01 6.284742993927957855e+01
3.269584202701765463e+01 6.295590559951465082e+01 5.929726258671416161e+01
7.337360117263561676e+01 8.971304663109364697e+01 4.951524081130456523e+01
1.664320766624570780e+01 3.189257154318894294e+01 4.749882774782420114e+01
7.138914693281131463e+01 1.312212556163350197e+00 3.905941820925140462e+01
7.798425810193168672e+01 6.708577033306953297e+01 7.325539863353334624e+01
8.118107694391947859e+01 7.832357188779623414e+01 6.208492042046952264e+01
4.396615323705906064e+01 9.835983288781538647e+01 5.596978742260879613e+01
2.027692093688391139e+01 2.928128551047844041e+01 6.522282849478528988e+01
9.247395651994635557e+01 1.787201292058975355e+01 1.776906625862397604e+01
8.815310480420060912e+01 9.152779789128344134e+01 2.972135681183093325e+01
3.772857243712398656e+01 6.601879974978584187e+01 3.564524377540303135e+01
8.771587082700528981e+01 1.075787027138627217e+01 1.175795450291667343e+01
2.084862067427895127e+01 2.860877782049690055e+01 1.974345261290828191e+01
6.569042934064672323e+00 7.556077135017982016e+01 2.443335632468034291e+01
9.139221990663040174e+01 3.679996614480960204e+01 6.342383597190175237e+01
2.254021147688002458e+01 2.403227684918668317e+01 5.572885823211233003e+01
5.606429251459861263e+01 7.687292280120813359e+01 7.107301153864035825e+01
6.706877646636610280e+01 4.491305658934909673e+01 8.769396883821805488e+01
6.225784902212987504e+01 9.901984904623571992e+01 6.811845638211271137e+01
4.430981123832622437e+00 3.205939070803177771e+01 5.103941982050594106e+01
7.214695378714871765e+01 5.503364977619414589e+01 7.520715527573740644e+01
2.826556527573445976e+01 1.839120512328250712e+01 1.386228709699935102e+01
5.733137445715220792e+01 6.885995206754952846e+01 3.602913128112388108e+01
6.135841848558766287e+01 5.215723085332923503e+00 1.918320271309900349e+01
7.017547722584983205e+01 3.680697052172987327e+01 6.397370891977261209e+01
8.317211202799180114e+01 8.526224374761169145e+01 2.012369928210042147e+01
4.862855723513465023e+01 7.339267236324864996e+01 7.403364633810629414e+01
7.846759807288775335e+01 2.281673343805844567e+01 2.414936221924892124e+01
5.900124682736959159e+01 7.410857977382197248e+01 3.256188592835680140e+01
1.047051568624215534e+01 7.167463829100775285e+01 3.561565881937797684e+01
1.663627243117218413e+01 1.477235283971316449e+01 3.669557213593324718e+01
5.926780659137455132e+01 3.584022386938165994e+01 1.092669211769071502e+01
9.690843467781107279e+00 2.905032471986190856e+01 6.915313070497718684e+01
9.851507346853383140e+00 5.606568535006818621e+01 2.354994643942604071e+01
2.116153273493814879e+01 1.721885275557627537e+01 1.793197183485625956e+01
6.713298173865902641e+01 4.634035473860345178e+01 8.658544944273444344e+01
9.889083998231695816e+00 1.447329333380722360e+01 3.275543354081571579e+01
7.658659869388081631e+01 3.057588231556988134e+01 3.977072617666937049e+01
3.016035662971645692e+01 8.022429180102996327e+00 8.846719737373327064e+01
5.485389920711888578e+01 7.878331881854967378e+01 6.101344493027458782e+01
5.142542790619750548e+01 8.967825665938011781e+00 6.081814100472306706e+01
1.553703559368321230e+01 4.143831693562766105e+01 5.563985888307387029e+01
7.822290004721233458e+01 6.850451757086194959e+01 6.559070568420453640e+01
1.490422091752074962e+01 3.461285400715878779e+01 5.868629583502188218e+00
7.194768931764645004e+01 9.525859813174190549e+01 2.950672933243368945e+01
8.769670916230932534e+00 4.755700767536536233e+01 7.815174368366277236e+01
5.519741952717797062e+01 4.677715019011330355e+00 8.602276737530627315e+01
8.286499099626006171e+01 1.315940770515101654e+01 7.635859101319547904e+01
4.506882886051886317e+01 3.718979905749412040e+01 3.876325040366076990e+01
8.345719568709472469e+01 6.594796782867857132e+01 1.015537764781674923e+01
9.576043711161709382e+01 1.477841334783177629e+01 7.135121776403302363e+01
6.361365304281309818e+01 1.875280479465608607e+01 2.346442917138901052e+01
8.703275937046920774e+01 4.196949234995971523e+01 6.166809008720670704e+01
5.040710038566732720e+01 7.273535170759595303e+01 4.383377982146917162e+01
2.873799152555683989e+01 3.633833709964964243e+01 7.979899208521369758e+01
4.680346929227270181e+01 2.134493322446092733e+01 7.723235461751343678e+01
7.966004564983769853e+01 5.566614605619912837e+00 8.004205185731694883e+01
6.949266964401023472e+01 1.602665990405869323e+01 2.671229380460675884e+01
6.924454812415469007e+01 7.797610552791219618e+01 2.562949821183970300e+01
2.569688538992708260e+01 3.071206948720608310e+01 6.125408893589059289e+01
1.718161783012769206e+01 1.042431988847775060e+01 6.435931969500011007e+01
7.790979397931701556e+01 5.009294044165054771e+01 4.475969245040555222e+01
4.320427135264763763e+01 3.884078338719518797e+01 8.440060825695039171e+01
7.680899052191402632e+01 2.080872148501102714e+01 4.167440744470492575e+01
5.440122913631098100e+01 6.129858620636884581e+01 4.550982668457380242e+01
8.101266350119591664e+01 7.676060194582316853e+01 5.518546516508783384e+01
8.544293867817303578e+01 7.510895304423858931e+01 7.101358495037911212e+01
9.564007794334166590e+01 2.664669412092026590e+01 3.367135165887786030e+01
8.889522556906401007e+01 7.722263733856794943e+01 7.951610181441645864e+01
6.313016032445306180e+00 6.277570772615965922e+01 1.846569312166508325e+01
5.038971982925826154e+01 1.557469318534442415e+01 1.846639693451390229e+01
1.216834538203315219e+00 6.302388123829043565e+01 4.278859239418461868e+01
1.051882848789716896e+01 3.228377777313098562e+01 1.318385188101200178e+01
9.416948315016594506e+01 3.200048857613481346e+01 3.423822268083458908e+01
8.398580033995855842e+01 6.477557612860042013e+01 6.477385133759381119e+01
6.360018039889605745e+01 9.461962839485653376e+01 1.677672666412727054e+01
9.890392417557957572e+01 8.309561775565131825e+01 5.449464169793919410e+01
6.623716243962489614e+01 6.488258765006141005e+01 6.847083619750682359e+00
2.180164985319386162e+01 9.614708845247491809e+01 4.243293325368485824e+01
3.783536032619119993e+01 7.620384633890749626e+01 5.006198695909331775e+01
1.316277143189759080e+00 7.362375967151179168e+01 6.685801259389633344e+01
1.651487121099744115e+01 9.566600884242133418e+01 2.562355280417808601e+01
4.577493673821992815e+01 1.147359612609146851e+01 5.858379932768043119e+01
3.754511200572125063e+01 3.531734622097054910e+01 7.220620162705556311e+01
9.561712850478243375e-01 7.979467708924225633e+01 6.225810138071772570e+01
9.860985134801990171e+01 5.894432206042490208e+01 1.274600329193041581e+01
5.064532644372632397e+00 8.831529863718319007e+01 8.219612442785194162e+01
3.458900755820232575e+01 6.180324841811371783e+01 4.143540880535942250e+01
9.671640551360522409e+01 9.499609008768915430e+01 8.517828438244714562e+01
8.664487806342641818e+01 9.095515907751013174e+01 2.887943050590161675e+01
8.310067889897744919e+01 7.088571132042747536e+01 8.594025739169279632e+01
5.712618284426194037e+01 8.516716671055634791e+00 5.269843475453856740e+01
6.865809280212877752e+01 2.203210287124283084e+01 3.300388620145606211e+01
5.985034140516799539e+01 3.741057373165055111e+01 4.192553489488471996e+01
1.330866391727973941e+01 9.407467230776660472e+01 7.221170182720206299e+01
1.243438866102009044e-01 7.656132840221651747e+01 6.967497912903215251e+01
9.730960155522994093e-01 3.696042976137646008e+01 5.581394748820618190e+01
4.527506518580358374e+01 7.779861187205072781e+01 3.851719335735456440e+01
1.538629694538370352e+01 9.764156242738285130e+01 2.788445446112132231e+01
7.176923105413322901e+01 1.431563116640719358e+01 2.982944702176230223e+01
4.420276084304237685e+01 1.922320045270639000e+01 4.198851552548432409e+01
1.571628229917499908e+01 5.590065389858901312e+01 6.762159246909436661e+01
6.243428402801076693e+00 8.711321210821681404e+01 1.591632172844005488e+01
2.253624253203237870e+01 6.613498400830629009e+01 4.934648025123310333e+01
4.993955991710657116e+01 1.281549845631326789e+01 8.015049925925168850e+01
6.170542461042099802e+01 1.353820433094560194e+01 4.218679815113410569e+01
8.104099327350301962e+01 5.683550459866206950e+01 1.884821507192570422e+01
3.727770457892867029e+01 2.426943984557345857e+01 4.866646486801587201e+01
8.433611288719895072e+01 4.362671348044197828e+01 4.106454173906501381e+01
9.053509023270369482e+01 5.761854125072724031e+01 4.536425285856328316e+01
2.619098918753893912e+01 6.077227478371263203e+01 5.547220243413411822e+01
3.968514703418640011e+01 9.906955658991805080e+01 7.862858019766171935e+01
7.495862900768155157e+01 5.373455884130004989e+01 4.319336185524181815e+01
1.848973952231993678e+01 3.057374740146237002e+01 7.138678827096589430e+01
4.537489539375514624e+01 8.822695165695013486e+01 2.068023940526840576e+01
5.083470960136364880e+01 6.469656840213087889e+01 4.791504601670118291e+01
8.892268915849871291e+01 9.895632818291397825e+01 2.438657939835202626e+01
1.299549040769210073e+01 1.303241135601210843e+01 6.688222177536515289e+01
3.726760954958378846e+01 7.333146612659061248e+01 4.507896304034557744e+01
6.276067213320636284e+01 7.698580056788935622e+01 5.264224740792473511e+01
5.395035904500061008e+01 8.823432528563445842e+00 4.394226368397879412e+01
5.457771532249375923e+01 4.619808256664099844e+01 7.815715197552964355e+01
9.065306321194893258e+01 8.219173805887616879e+01 4.168119376684457933e+01
7.172991516875343621e+01 3.952884610696097667e+01 2.649699930151031424e+01
3.429026435508816206e+01 7.096463328553548777e+00 3.125067258044264662e+01
4.607422172611715894e+01 9.554808947808299990e+01 3.382656703964374145e+01
9.024535392055206273e+01 2.288582758234970527e+01 2.274596503778302647e+01
5.189954564321649144e+01 6.725113692974059632e+01 2.145120840244210569e+01
2.210658650472166897e+01 4.556836665013164378e+01 3.712873245374231601e+01
7.126210793483218708e+01 5.111605960413167793e+01 2.788070917216383293e+01
8.944653793150905585e+01 2.929056754833595377e+01 7.258845543174179227e+01
7.799157791054098254e+01 9.631577002561022027e+01 4.916458749359505020e+01
6.158355154644321772e+01 3.348762934795337287e+01 6.185060507302772237e+01
4.633834858663197309e+01 4.376523647244222559e+01 7.101985256496578813e+01
5.016884349868866444e+00 8.819624278318684674e+01 7.428652449449867845e+01
5.063662535617891081e+01 4.902028542056282845e+01 4.056698970607005350e+01
9.941737916817344001e+01 1.111693327538412213e+01 5.525597440294305329e+01
6.816815901124169841e+01 9.343300082169444920e+01 7.350968195201139110e+01
6.438472028115468504e+01 1.168123168121226740e+01 3.056103384558058877e+01
1.388416425479852556e+01 8.812127324655136817e+01 7.133298979118312388e+01
7.575367867972292402e+01 6.522565177735441466e+01 5.417640973524308379e+01
1.499710594634971983e+01 3.296948867050517862e+01 1.229052395190320190e+01
7.249131428523432419e+01 1.602287760220050217e+01 6.712555289311045215e+01
6.922553895959046599e+01 4.593044789912889314e+01 2.486897496516801098e+01
3.148008261340367042e+01 3.200931090755514674e+01 7.231891295165453926e+01
1.137430194137243333e+01 8.290686462160907411e+01 6.835998547892727117e+01
1.863069181742739033e+01 7.191643817788893500e+01 6.605080304075886488e+01
7.481208001109263250e+01 1.889285554486944818e+01 2.704377651490945667e+01
2.364839859227542007e+01 3.658717031489756266e+01 7.471141609306354781e+01
7.379239374788500072e+01 9.254515922785331838e+01 1.838544448658207386e+01
1.155628101418559872e+00 6.991388297007991071e+01 3.099108340847866927e+01
3.340788955338175015e+01 5.468020259145121997e+01 1.832392027111104582e+01
6.426944165480496451e+01 3.251474462311502123e+01 5.741867020043726910e+01
8.340069130733857605e+01 1.711113333374296630e+01 8.359091489594592872e+01
5.306881410624437478e+01 9.229277651739683108e+01 2.707117736479175818e+01
6.045626646042375540e+01 4.038871173236046985e+01 6.865014638438751149e+01
6.059089432132963537e+01 4.945154569583184667e+01 8.189204672470444279e+01
3.771170641716802407e+01 2.199802048981814906e+01 6.104764680398140086e+01
6.240284371728137813e+01 4.390946215718754075e+01 5.640794724352342371e+01
9.595534142998999982e+01 7.326856913968012464e+01 9.029429511817721021e+00
2.121300708706109717e+01 9.755766344355589581e+01 7.565394574984722453e+01
9.150451261446531248e+01 3.038614639887220648e+01 6.779260364811598549e+01
7.140027085235114157e+01 2.946899854393750928e+01 5.720886202653632324e+01
6.274151112702952560e+01 4.811318108274650029e+01 8.054084863507094383e+01
8.328690417979895244e+01 8.506005483015567847e+01 8.024856419697380261e+01
4.880834771971446173e+01 3.814382981490071955e+01 7.318222580954247292e+01
4.902014585562668714e+01 2.463713986279818613e+01 4.881265507966459438e+01
1.418498219192421139e+01 6.916294905987989239e+01 3.553621583500456182e+01
2.606587984474543163e+01 9.565087462347450753e+01 7.024963450275586752e+01
7.870695027239315777e+01 6.237219692791834547e+01 8.216148915004399100e+01
7.591624811633812442e+01 5.987737041336165333e+01 8.641515472345670901e+01
1.915949496844230282e+01 9.433797189947510731e+01 3.449826505814087341e+01
5.283989834014866460e+01 1.227393195443089446e+01 4.982175052930514170e+01
6.112067518581933712e+01 9.977015418085240128e+01 8.144087857549561704e+01
9.663972918742872764e+01 3.483880601020573664e+01 8.825503503352230439e+01
4.554781515951108162e+01 8.518362587619004955e+01 2.874514299648279092e+01
5.058331796566023542e+01 9.660120961276054175e+01 8.291130869498356049e+01
6.837348778214267497e+01 7.978143225530598670e+01 2.110790696110197118e+01
7.216585494841574189e+01 6.180508083353723237e+01 1.471082994520294740e+01
1.131590065896762631e+01 1.084436177512618826e+01 6.799812682704097710e+01
1.417152082475724484e+01 4.677322711144704925e+01 3.957564238649533905e+01
5.505041407702178446e+01 7.064764872194028555e+01 6.748376595353681751e+01
5.155199159143766252e+01 4.643348736103855146e+01 4.999579517842212795e+01
8.619099483043794407e+01 3.308518048726449479e+01 3.001647452905034541e+01
7.433154936552712400e+01 3.597634616967264520e+01 8.042302858554521094e+01
3.278887186371447626e+01 7.019448245745881820e+01 5.572610389106974260e+00
3.855628801103200232e+01 3.432301749675514912e+01 7.340573576788123944e+01
9.670554032283101265e+01 4.608812766929614213e+01 7.451422293476367997e+01
6.996947009573651144e+01 9.673859876636932142e+01 7.035020065168951930e+01
7.747806596373052912e+00 7.132817223822361541e+01 4.984158963410735055e+01
1.643605793232716383e+00 2.513129587254436714e+01 8.308035949879794657e+01
9.260613727867529121e+01 7.988504602006344157e+01 8.635510019194271081e+01
8.065452246242048773e+01 1.020418728524519203e+00 4.244066199490671920e+01
3.062418223776286474e+00 9.410796873755945313e+00 2.829730208551628934e+01
5.035585463255224425e+01 8.475320034620177978e+01 8.680119550178288534e+01
6.162018585572964469e+01 9.281759390662350029e+01 5.522223422268509552e+01
8.890360441332015284e+01 4.540652563320121260e+01 2.836318891924878471e+01
9.164129181004277314e+01 3.879350756788693388e+01 4.956291988703938500e+01
3.288606325306771794e+01 6.628376002907297959e+01 8.772022491493764562e+01
2.551354886476964179e+00 8.998480060071014464e+01 8.027009278228399936e+00
3.642278811462110610e+01 1.686068062895142816e+01 6.613318217896967610e+01
5.061084075717348085e+00 5.534849535843279256e+01 3.061236663536917746e+01
1.336702488647021347e+01 7.718182121026407572e+01 2.755848098360331022e+01
2.236752120549389033e+01 2.750767851379229967e+01 5.756446483233722233e+01
6.596659316907482662e+01 1.760252370134496314e+00 2.911956477124747877e+01
4.309708425052828318e+01 3.319769521612331431e+01 8.021093825881665396e+01
7.877087308864187776e+01 6.258902155388275190e+01 3.943651670349866833e+01
7.006723448461598025e+01 8.436380128457943783e+01 5.581605468743659770e+01
7.844614668933790824e+01 7.491049613997478218e+01 6.065385513105024984e+01
3.121832168215109604e+01 7.457821580012718243e+01 1.769512275950853919e+01
7.794883464715337595e+01 8.045466921425330042e+01 7.807469612655646074e+01
4.729159709784575938e+01 1.924807677704216502e+01 1.848806937261340266e+01
7.433612504879242522e+01 8.862613845298132276e+01 5.868039758866530065e+01
1.441600603883695975e+01 9.348964485175740435e+01 8.756127707283862094e+01
4.333786099349219256e+01 5.948252892737711761e+01 7.362982275931589982e+01
7.363897900500447236e+01 9.677871919334492645e+01 2.146703659164068156e+01
5.807248661428057090e+01 6.919314196730921651e+01 7.380570205511732240e+01
8.741096277181506480e+01 9.779997935612900051e+01 5.267812004076147048e+01
8.307608668132266416e+01 4.272817081273277040e+01 4.093276190546134785e+01
2.533483644728590178e+01 8.182372870192298819e+01 9.332873277672820223e+01
2.563417283472578845e+01 5.613158802107232503e+00 6.736092824654960509e+01
6.202300525347561688e+01 9.596988005510044673e+01 3.890041802557961148e+01
7.102765800128107543e+00 4.924422608665015844e+01 1.172234418252710775e+01
2.617900011027074569e+01 1.259778608191682814e+01 3.246972147488737193e+01
1.061446528213918583e+01 9.539059994272854226e+01 3.079614764326692367e+01
4.438975859925654532e+01 8.986118076342222594e+01 6.025217658198444326e+01
6.180374805617743306e+01 7.055631903608372113e+01 7.702233260934208658e+01
8.776692678517609636e+01 6.426396706650264434e+01 8.512537225151368148e+01
5.353975274254768379e+01 2.772908562684234113e+01 7.379071684677994369e+01
5.414728274130871455e+01 9.061375875672342772e+01 1.450160303723603761e+01
3.975157515412355025e+01 9.478050183624682745e+01 2.867125237832187068e+01
9.415362460384926635e+01 9.539024611292499856e+01 8.264119172213132458e+01
5.636680450932986730e+01 6.469394490806385534e+01 7.931236912582649268e+01
7.758970823891844759e+01 6.300938494554115721e+01 8.612025174305347264e+01
6.856766363336942050e+01 9.754819924477611437e+01 8.507831594443832302e+00
1.389603707422124579e+01 4.514588460004905812e+01 4.248841218951176302e+01
7.827348413570277330e+01 1.606140264692037434e+01 9.066911416607558749e+01
3.150658752609140123e+01 4.289237077401594433e+01 3.346671970764748494e+01
5.793636173265473133e+01 5.862870042258395031e+00 2.231312540407638068e+01
7.457977034187241827e+01 1.865005834048039191e+01 3.141952909988647136e+01
7.929822357248377784e+01 9.330117835725360464e+00 4.976635316414051857e+01
2.306338699722698671e+00 3.468073993179038439e+01 5.770613722925919120e+01
9.010327971722830398e+00 8.883346267787601391e+01 7.297277020527090485e+01
1.049903751251351025e+01 9.907324363757766150e+01 3.962790206176155294e+01
8.410167113160603947e+00 5.067114497262270589e-01 3.620714478951400395e+01
6.298099857061176721e+01 3.321792499033132628e+01 7.215713322309962052e+01
7.166062755650500549e+01 3.501615319680326621e+01 6.706336124245001429e+01
9.404877369692498235e+01 9.309599854301708888e+00 2.658113251275143085e+01
4.633259391166932772e+01 4.979901277547686078e+01 5.101696418431001945e+01
3.006269065386485551e+01 6.672596459823490989e+01 5.709617899099669103e+01
5.778215062716138561e+01 1.137617217108766177e+01 4.630319244059428740e+01
3.562268874893755566e+01 4.910384698381226087e+01 8.466838536234251933e+01
4.805313431584082906e+01 1.398079183951184135e+00 4.274508182220625230e+01
8.206481800493821765e+01 7.800609232181682273e+01 4.861761112287513242e+01
2.497690128593152892e+01 4.650886629145450968e+01 5.537772456309033942e+01
9.998714382741337658e+01 6.441780901693773842e+01 6.922806453215217459e+01
4.914541435680519754e+01 3.544895507825298608e+01 8.118232569802958665e+01
4.949323243392361604e+01 9.946901299645250560e+01 4.474535808420558425e+01
6.800028364757737975e+00 6.825781370900827483e+01 1.960861586841933502e+01
2.505015968847033037e+01 3.537382527799033483e+01 7.223163054056183796e+01
4.942359264076128511e+01 2.864593131025661155e+00 5.363682018781904759e+01
4.114362374266623590e+01 9.218345099671071807e+01 4.395517570643963978e+01
7.089751459393389155e+01 2.188684923295468465e+01 6.805643090108870297e+01
7.209553104836723492e+01 9.040817085413081600e+01 1.701314188532989391e+01
4.475006976174511664e+01 6.791554027396301763e+01 1.408157626385035854e+01
4.106040671489124350e+01 9.421466030661953539e+01 3.619459545660306077e+01
9.854047834806314654e+01 5.683906107981961497e+00 6.595915097815043282e+01
5.810162362482694931e+01 5.005396771321254334e+01 7.944714341955481984e+01
1.296504004911286323e+01 8.959989516809133647e+01 6.042362700397306696e+01
2.589960732996327053e+01 9.016691456322934073e+01 4.097452053970111763e+01
8.142273280730708507e+01 3.888365170473999655e+01 7.835425420411942810e+01
6.366291184450486895e+01 1.410466335837271501e+01 6.550956389602738739e+01
1.913447627018726038e+01 4.119226278941626873e+01 2.508071139964863150e+01
2.201611566711858536e+00 2.118865394499574961e+01 4.729012402942700533e+01
4.815609677773460362e+01 5.014970955360637106e+01 2.704552553987882391e+01
6.851612006141861855e+01 7.042632868203457974e+01 3.786353821003589815e+01
8.811700884741743778e+01 6.440232166355478682e+01 6.543273196639223954e+01
2.773399179389394220e+01 6.116351555870425116e-02 7.782402152261116157e+01
8.224243845798085317e+01 1.231918880428302110e+01 3.184500636210842472e+01
6.613393083885826229e+01 6.521108572187281993e+01 7.381290628444398294e+01
1.402681616354285410e+01 4.299397477851187688e+01 1.465081916067279622e+01
3.895952484386281611e+01 1.510744558770438228e+00 6.899425398036112256e+01
5.270439968286810739e+01 8.498022608023536861e+01 1.586233331971527960e+01
2.274581104729206515e+01 2.593799952211806215e+01 3.429824920264532295e+01
8.028663723975461153e+01 3.865578737314926627e+01 2.785221049245130231e+01
6.499026033876842412e+00 7.949174835268745909e+00 7.277577708665987188e+01
4.448029910366329887e+01 7.261811220000153355e+01 6.177797177111948912e+01
1.353624617602577906e+01 1.428879341922671919e+01 7.402943756404678766e+01
7.212682934854171890e+01 3.780307668743103733e+01 1.770862777854171455e+01
1.209802169845219932e+00 2.881569494617448512e+01 7.858996111988012956e+00
2.300726211037034119e+01 4.195007402113385098e+01 1.654645193966555539e+01
1.042777578315462428e+01 8.964374357187365661e+01 6.057368864498966587e+01
9.344556867627814256e+01 3.458261637856791992e+01 6.452094344190616937e+01
2.046916746217903693e+01 6.183403172799412317e+01 2.319066890545761339e+01
2.080639176285759007e-01 9.315318014095790033e+01 4.386906020023721453e+01
9.269406627820394817e+01 3.338315237020720616e+01 3.549291025008654543e+01
4.006550017730317137e+01 7.060409839581683400e+01 4.806731298911833505e+01
9.253549070991179804e+01 2.544090113243935303e+00 6.600162447369694974e+01
3.303276893665542957e+01 1.802336518184611691e+01 5.288976524126046996e+01
5.050637841799959915e+01 1.370110286884284001e+01 3.191716931295547255e+01
4.081646649015549144e+01 4.088114123923153187e+01 3.043303323405466188e+01
1.485451515099809328e+01 4.373679100979521728e-01 8.532808158558479761e+01
9.434992297039269715e+01 4.836503791761352034e+01 8.910504390545749231e+01
6.736543307822432780e+01 6.885753760754154129e+00 1.399157461633886967e+01
9.161108438696376766e+01 6.300522021496283998e+01 8.110164327727366640e+01
8.982696496338442671e+01 4.479420112823861189e+01 1.203723433498545248e+01
1.882803488973220496e+01 6.657194730243509717e+00 2.425197111401816485e+01
4.105329264558768187e+01 1.181968105149854331e+01 2.448875500587761067e+01
4.458217820716792090e+01 3.401709503884895724e+01 4.620304756554483561e+01
4.291720277590620469e+01 6.444780259798834265e+01 8.144415472708466552e+01
1.078643384442424846e+01 9.926014930919491164e+00 7.764010708408594041e+01
5.063967046524591353e+01 7.664050235684422319e+01 2.243994854194852451e+01
8.288625731675517727e+01 9.238466241926958844e+01 6.061856281389571421e+01
1.058790214738022328e+01 8.952948141563388162e+01 7.704325811816887892e+01
7.508777765144898808e+01 3.672818890591555974e+00 6.871719659034172878e+01
1.379510104683570049e+01 2.223861761968883854e+01 4.917435399205294999e+01
2.649807729168830406e+01 6.613482063119197107e+01 5.814415895785946020e+01
1.081495980132626222e+01 6.560145795915063616e+01 8.056788339224871720e+01
1.611099051858331421e+01 5.970620209428874148e+01 3.636874524269783393e+01
4.596116717736039448e+01 2.870001790789699214e+01 3.854548319117367328e+01
2.891182326655727941e+00 9.815517379172206347e+01 5.056848482783335186e+01
5.007055904938852819e+01 3.837153495003266812e+01 5.515473807414606711e+01
3.801059987158039633e+01 3.599079274936732986e+01 4.142454243912494860e+01
2.759830336711907961e+01 1.800498999667854605e+01 5.365631205286545224e+01
8.427654361503010705e+01 1.528281777258922958e+01 8.347452269997901908e+00
2.468117451540361529e+01 9.797206434538108510e+01 7.368625516477771953e+01
5.958660535285965665e+01 9.292489152431359400e+01 5.157632651325448592e+01
9.832806025751739298e+01 2.963020451192840454e+01 2.926055741012043399e+01
6.380482011470110137e+01 3.781539679503603679e+01 6.312303433435705102e+01
3.049955183026857952e+01 6.179182568379910379e+01 3.146387669462597003e+01
5.097206881888993735e+00 9.121359019231833543e+01 8.290301836869899432e+01
9.707981492726719353e+01 7.165271762214047158e+01 6.573123259335949342e+01
5.590030700748307169e+01 1.259424163525226703e+01 2.483250855859220252e+01
2.894696886725362006e+01 8.901563625733943752e+01 2.698242474943449309e+01
9.228731744878906795e+01 5.227857330514171963e+01 6.734594535057091491e+01
1.102444866805665313e+01 2.690335487759109157e+01 9.583145464637119915e+01
2.661499469297313780e+01 2.965217203911461041e+01 2.839264315153857865e+01
1.290736653068295148e+01 2.332576414539979481e+01 5.609094825944861640e+01
4.553677335035635565e+01 5.537558363378985860e+01 1.762344487989227915e+01
8.021164471629001014e+01 7.840947005798480518e+01 1.174556143661346930e+01
3.835150945103049480e+01 6.877060197114781559e+00 7.312942862286756451e+01
7.372696831257043470e+01 9.019880942931560242e+01 3.044100917566948539e+01
4.562958831277988736e+01 1.844878771643977444e+01 4.188296484722820878e+01
5.222432515668840125e+01 5.333078983858897004e+00 6.110848470946884703e+01
5.432933603710752379e+01 8.289590172106733235e+01 3.574761857222349448e+01
9.033211052692544740e+01 9.986942530304433774e+01 8.129291187255505235e+01
7.778924758331541511e+01 8.123688028737807088e+01 5.271548258399457865e+01
1.901538629126104851e+01 6.770406851477173404e+01 6.403593417689805278e+01
9.853851402679056548e+01 5.413013162563218117e+01 3.378788716178922868e+01
6.836725217395067489e+01 9.793758196664545324e+01 2.172636085189803978e+01
3.259979185356026932e+01 5.418809537726810532e+01 1.953940751851155966e+01
2.222063951993835662e+00 3.369831224412506288e+01 7.719313147907119799e+01
4.346839932371482362e+00 4.289290590169174777e+01 6.319365904654839738e+01
9.531825969108852803e+01 9.854753990044322620e+01 3.933718342347411578e+01
9.503842943791175912e+01 3.541897328086374142e+00 6.412895149304668507e+01
6.427460346336128794e+01 2.495218575861522936e+01 4.863166100147422100e+01
1.295537377604956220e+01 8.715971509515610194e+01 4.025413018360926287e+01
6.260444704657165715e+01 1.587762862872622627e+01 2.743340061345645964e+01
9.919563708031520832e+01 7.530863944413293609e+01 9.192067035197423763e+01
2.958511652120441227e+01 1.645628766198203863e+01 5.359750787960302176e+01
4.946682822273433544e+01 1.749465137579878515e+01 6.599210334545595913e+01
3.617775344387340652e+01 1.863652309305172849e+01 3.551138855782713932e+01
5.636586996350151679e+01 7.264709321804431852e+01 4.752308330827869298e+01
5.255949898283734711e+01 1.389459359427483953e+01 7.417365498499340504e+01
9.287241979920443669e+01 6.834265904180037410e+01 4.841866505478983562e+00
5.370742159033260776e+01 6.292189720886135262e+01 8.878012370095696326e+01
9.960669551947968614e+01 8.576112353255574305e+01 1.286599593350564774e+01
9.532763907787298763e+01 6.126612471519990777e+01 7.575248745699462916e+01
4.071928496858535595e+01 3.196694712345897926e+01 4.802557278838941102e+01
1.468745129688269202e+01 3.570661387533060349e+01 7.107094618132411767e+01
3.795048626088148858e+00 1.508780468246044748e+01 2.068157537905161547e+01
4.030755427002280555e+01 9.969869008908617047e+01 2.322871975045299209e+01
1.454826495992601565e+01 9.150557297761544362e+01 8.282257103037269985e+01
3.224036999655444102e+00 7.517059601793150136e+01 6.615673524778773640e+01
7.677408098527089919e+01 4.945024547959221195e+01 8.861259154412950068e+01
4.384701871096319259e+00 2.343715864038057362e+01 4.577524046624625242e+01
4.497779415657031876e+01 9.213674026995187205e+01 5.039879617114523569e+01
4.511099552039388172e+00 4.078629634256618886e+01 3.846824806755761728e+01
9.654909384377847914e+01 5.991970910211081502e+01 6.193999173847576145e+01
7.132530312512707837e+01 7.700393156821232310e+01 5.863984895533009478e+01
2.371943511339355126e+01 8.740459143411641207e+01 6.912386004269392004e+01
7.418704850969558606e+01 9.965567392347492159e+01 8.192217688022172695e+01
8.291514031551531616e+01 9.514055157101583404e+01 2.229285932208688692e+01
4.977273764780678533e+01 5.805670235907876275e+01 3.607780642795802351e+01
8.394033438945055536e+01 7.624196216457234243e+01 6.359771737687894699e+01
9.971494397581668068e+01 2.593813734083905231e+01 6.139932327859186501e+01
5.514044749059006278e+01 3.129891824938760791e+01 2.116371447306361731e+01
8.958838370675471197e+01 5.954554827078452917e+01 7.997371735748025401e+01
5.453449840015448302e+01 2.199770806540195522e+01 3.457092040052528148e+01
3.815388424735465378e+01 9.729348125037023465e+01 1.046247122640687799e+01
9.856660230245070409e+01 9.804616351098306382e+01 9.539930738311016967e+01
4.765881789196346574e+01 9.638089696209995338e+01 4.633369738086828704e+01
2.629444066838670935e+00 2.243471863717645221e+01 8.718595378558666198e+01
1.376469333539998008e+00 5.459941354229750488e+01 1.522394263837843731e+01
2.863965784275784898e+01 8.809285071188666549e+00 7.225429961878867857e+01
5.910707096477057831e+01 9.021064657183129043e+01 6.191991763701671658e+01
9.710291312450996770e+01 5.098776547604065712e+01 5.929699952755838410e+01
5.763088198890565650e+01 4.842604294466127612e+01 7.386420234249402483e+01
6.445251356703602141e+01 8.013122648554727334e+01 7.349273049578850703e+01
1.910451606552953052e+01 6.501635325176437163e+01 3.243712437996471465e+01
5.833204782437708502e+01 6.774346844463005368e+01 9.585975534857141156e+01
3.054197814973835801e+00 9.124239411372093045e+00 1.564087566636530546e+01
3.983612862667400378e+01 8.215883614858137207e+01 8.036104715582854396e+01
7.369795957211516679e+01 8.968782418299477399e+01 3.171959157750866964e+01
8.815464425229912138e+00 5.815302798985011457e+00 8.381056863437618176e+01
7.304362943536912667e+01 6.986153060111209356e+01 2.969339773589847908e+01
3.799051886182262194e+01 9.581135288993192489e+01 1.728988460888110268e+01
7.737317369377926468e+01 3.096333237083931422e+01 1.357107349577549904e+01
7.425701107424561087e+01 3.309118856783746310e+01 6.416293284286751941e+01
7.076543831181200517e+01 5.347868754331150853e+01 7.089572855504574989e+01
5.810383241712434454e+01 2.866368528482606948e+01 6.359613651131729029e+01
5.891398158777235494e+01 1.272728168992054432e+00 7.742870254950709352e+01
5.456436183243133797e+01 8.686272654795317294e+01 7.385126773070128081e+01
4.449666567350885060e+01 5.076599964512309526e+01 4.539242508882803406e+01
4.494367753080454975e+01 8.951471589717277766e+01 7.753869541635813789e+01
1.265256763155779751e+01 6.103077815400958883e+01 8.075143636773995581e+01
5.955507012324857641e+01 7.858716255931055628e+01 7.856317630637002480e+01
3.503175258723285879e+01 3.718493027039588839e+01 6.735255768792106323e+01
4.999835316048351075e+01 5.705707091303879963e+01 6.767235950446520576e+01
7.775750270390501839e+01 2.715165777330713581e+01 1.433249573861969850e+01
2.917946467237252506e+01 5.075383250920755529e+01 4.164626594087585687e+01
5.683627588475938097e+01 5.346572412562844434e+00 5.074355752043806689e+01
3.679849069377078763e+01 5.346667548928824232e+01 4.745880282500190361e+01
2.842258506375424787e+01 9.041079054576357521e+01 2.840764010426350339e+01
6.813655755805596925e+01 9.246447125824140301e+01 5.772677856432147792e+01
8.764084885794819968e+01 1.248514784332843774e+01 4.598309095586417072e+01
4.570252804809393865e+01 8.118807036994857285e-01 4.365818499176951661e+01
3.690297563825978244e+01 6.697987277746153723e+01 8.237622764695194633e+01
8.579108826203651006e+00 3.274763867146231178e+01 4.822070446577703251e+01
4.551853780343832767e+01 7.748097208422537108e+01 4.587427889890761179e+01
2.716130145365336368e+00 7.101040945928312453e+01 8.486637911690152691e+01
5.139047125496728796e+01 5.811085216985053847e+01 2.618717293834822613e+01
2.206459446789570222e+01 2.351702391246117685e+01 3.644427299007021048e+01
9.281452208956420691e+01 5.217847667148860324e+01 2.953507554375957511e+01
2.660877358689496219e+01 3.840150297271842561e+01 6.305797734095499862e+01
4.400331530040053707e+01 3.924448441769249030e+01 5.290449985308286784e+01
2.418349949544654720e+01 7.890327258458218473e+00 1.178307906063978372e+01
2.512591634671270668e+01 9.159203414446871250e+00 3.528474737887831481e+01
7.729335403597555398e+01 7.162943304868383620e+01 6.068772965297474542e+01
8.525002438794787452e+01 2.820676245442766827e+01 7.901218442710278111e+01
3.992391696691791481e+01 4.008933182666265793e+01 4.336783028470000545e+01
9.809436624098143653e+00 9.754904983310557043e+01 1.993361073242395776e+01
3.408857244691845523e+01 3.193003203267571521e+01 1.269344035927951531e+01
1.522601301118766770e+01 4.485833618538581646e+00 3.298182522701186770e+01
8.666569240289064169e+01 3.394422057373844837e+01 2.948445755021646519e+01
6.456938683839179305e+01 9.966009120549105660e+01 2.451362645683790475e+01
2.795710053705694520e+01 9.718470542807885693e+01 2.192355128146963139e+01
5.112140674591638856e+01 2.396521330160948793e+01 8.165888261389153513e+01
9.815210145762939931e+01 8.146978461200153276e+01 3.173534898624917844e+01
4.034874752805050235e+01 2.423056836664213520e+01 8.431683724761828103e+01
9.145582776881580855e+01 4.188706622460471607e+01 6.481295309681316041e+01
1.655531797746938594e+01 4.349359003634090470e+01 5.982965515516949040e+01
3.854031185180195962e+01 3.575995256864599270e+01 1.263180951073623604e+01
8.042934637771141126e+01 8.893376120214482228e+01 9.064277266405788680e+01
7.192713850692155120e+01 5.487923123698845984e+01 2.965995372633402738e+01
9.992994759634984803e+01 5.897528545321056015e+01 5.764909179355947089e+01
6.824061619553177138e+01 8.452517957571814122e+01 1.253787462915680351e+01
2.202469404313718115e+01 6.655340001700139396e+01 8.204066857001572544e+01
6.853387819213561727e+01 4.134912914936801087e+01 3.793529100640103024e+01
7.379480082833204335e+01 7.412376971371934076e+01 5.596096566259743099e+01
2.914670240973370596e+01 9.251548183905435963e+01 5.639771255215324430e+01
7.904923562483305943e+01 2.143082621618316352e+01 3.783736634555457812e+01
8.745795163873424372e+01 5.010702993996840604e+00 4.917089904630773134e+01
4.817054798440090480e+01 7.512301889080821127e+01 2.635412172420239330e+01
2.190668218595994787e+01 9.261328387732336864e+01 5.933232833360521141e+01
1.046895682836544950e+01 1.930361622143210809e+01 9.226815086346064732e+01
1.956089962521924264e+01 6.104755113536787547e+01 4.366136333004212133e+01
8.855990948498353532e+01 7.551685922953276986e+01 4.620632089667697784e+01
1.073898179798249419e+00 8.797952074934596567e+01 4.446644725334857640e+01
9.315776530185765125e+01 4.955390128542012462e+01 6.398435921515957858e+01
6.929264946664215330e+00 7.451516535267857932e+01 3.340252211789006509e+01
3.513590143317808412e+01 1.186558447093899460e+01 2.341474343731971075e+01
1.857590562062101469e+01 3.282061685714224097e+01 8.400426485157454692e+01
3.682602382300805033e+01 7.243627065632183815e+01 1.689385329861578100e+01
5.910987992719925899e+01 4.818912312704395617e+01 9.233184085996667534e+01
8.462077698789629210e+01 4.548297724386497265e+01 6.739754899198720750e+01
1.930387412937775338e+01 5.623363273917780703e+01 1.260103397612749632e+01
3.480890322516830793e+01 2.258621816221702971e+01 6.728516539814400232e+01
4.900906912143614136e+01 7.510704788480104810e+01 4.784368532824204578e+01
8.648444215163852533e+00 7.353676497325267292e+01 7.926524065243316386e+01
9.035312259127925927e+01 5.719919453067081605e+01 6.767862649065573066e+01
7.520443368826271069e+01 1.557497597989443427e+01 2.704861739911886787e+01
7.088550580912611920e+00 3.199136351403014800e+01 4.317644705441816910e+01
9.978978527542169275e+01 4.309933420681695537e+01 7.626929401689605470e+01
6.933970262725345890e+01 2.044819502505795938e+01 2.140932592491639141e+01
5.460067515335874333e+01 7.003055923144761152e+01 8.936912592861669680e+01
3.586110522811707568e+01 8.963645620810967785e+01 4.417849655579841084e+01
6.894117084305128174e+01 5.982529305170519507e+01 1.105365386001686900e+01
7.838842697025850015e+00 2.076408972446097678e+00 4.273192125391839369e+01
7.458010487660106946e+01 1.727553939907227232e+01 5.704520686403505891e+01
2.888277800310778787e+01 7.969926239790720501e+01 6.822071507660692191e+01
7.754145149664235248e+01 5.248335138013767676e+01 1.716592832734825791e+01
8.094440438786345737e+01 1.861005619392415156e+01 3.089565233593380000e+01
1.839477061606216068e+01 6.742101603876477611e+01 6.545394923330755432e+01
6.525099927867530880e+01 4.156014668646677990e+01 2.195679327879661713e+01
9.111695845150211426e+01 5.077309640122381751e+01 4.169688399362291875e+01
5.888248932482932219e+01 1.927904358191058165e+01 2.326190262051075308e+01
4.055252214579435588e+01 2.272206940999105385e+01 2.643338436167899630e+01
8.925114877785293288e+01 5.307591771858248819e+01 4.640953116901334852e+01
6.894795937285974219e+01 9.515481136767395753e+01 2.181113918987588463e+01
8.335345671092572672e+01 5.840191798678458923e+01 1.023624022149202339e+01
2.971493186889916416e+01 4.823614164647395341e+01 6.477211756897233386e+01
2.426070169534522236e+01 5.348788154675898454e+01 6.255831552820011154e+01
4.487407508475062201e+01 8.630259611201758219e+01 8.480137620156456535e+01
4.706912176404457426e+01 9.729257104088996755e+01 1.237571601529960574e+01
3.362378322936621089e-01 3.806682638039190181e+01 5.948073189490219193e+01
6.292001574496608640e+01 4.764457362938286167e+01 2.230512230183069278e+01
1.704975217878942217e+01 8.521479838520092187e+01 7.304387867785091260e+01
6.738985378607202392e+01 6.642179722788823426e+01 5.652826240171169303e+01
2.029258857019882356e+01 4.282507002599032120e+01 6.334421805009711193e+01
5.372522720033386889e+01 1.858033405509917912e+00 8.996897935884400965e+01
8.448160525721434055e+01 2.605450141097378491e+01 6.137932901237289940e+01
9.232393837281877325e+01 9.601101211365136834e+00 4.842859458950839269e+01
4.562430258462944721e+01 4.102050052835323157e+01 7.222341862416449487e+01
3.806461466974573682e+01 6.366333324100759583e+00 1.796650701501008740e+01
4.274460652460899013e+00 4.091454218740372539e+01 6.666342460221058275e+01
2.037224619305154505e+01 6.464685204315495071e+01 5.778841323564789434e+01
2.552021240155979598e+01 6.005576560606292702e+01 5.795797201408817756e+01
4.666136228021257182e+01 3.367165972800950868e+01 6.063088734102149147e+01
9.778470873280569720e+01 4.268414093689780486e+01 3.510436963408690758e+01
4.642669024261133615e+01 7.621839344504821590e+00 6.104771067987897482e+01
3.286973872172636391e+01 1.214221223312624787e+01 4.256109822223830008e+01
3.383986573977426637e-01 4.017852451627589261e+01 1.698586074874083707e+01
2.429270339978029103e+00 8.244750462445020389e+01 8.371821111699014750e+01
2.076746483591066550e+01 5.392982638342612489e+01 2.805553609239942503e+01
4.935774386721821827e+01 4.366313208941602397e+01 2.117188094429269540e+01
7.003935796352976695e+01 1.264909593202542304e+01 1.347188517661537333e+01
7.676754330372791912e+01 6.659300312206798367e+01 4.594146050076102483e+01
4.677897704725415906e+01 4.974113794914261888e+01 4.447282622383256978e+01
3.928922958311791547e+01 4.996906028861203453e+01 5.095844984152854096e+01
6.919023140836209507e+01 7.112071607340226365e+01 4.022852066055072839e+01
4.135405227434887365e+01 3.736971697362230316e+01 5.847813862595332068e+01
4.533535379141952859e+01 8.895964631361935915e+01 6.291530506531029232e+01
8.986563837544456135e+01 7.091369915594255247e+01 8.562160202087075334e+01
6.357367782552690727e+01 9.635501381630547257e+01 1.447166219245016805e+01
5.247768082940384993e+00 5.791251852038592318e+01 8.775642599227195717e+01
4.176052473023968048e+01 2.120433621929596057e+01 5.255942601922273383e+01
6.487986245788886208e+01 3.151786955158889469e+01 6.467169368065182766e+01
9.751145070457258157e+01 8.969631217106169174e+01 3.383754489727739667e+01
3.267236831445983114e+01 3.715412244495885830e+01 3.981138267996997371e+01
1.003194991932794267e+01 7.619628388892893156e+01 3.284441606046090101e+01
8.798199767054522624e+01 9.269406231201087110e+01 1.163033905290582481e+01
9.885030699282062017e+01 7.100227315001845341e+01 4.995577756540634340e+01
3.895276083725532601e+01 5.185181326097129073e+01 3.533411094111308870e+01
6.226878136965482469e+01 9.298027644479123666e+00 5.669633893065753227e+01
2.753448501384441016e+01 1.763482905234636799e+00 5.075763991737682801e+01
5.784477558526963747e+01 4.265690047115360528e+01 1.490188246509028858e+01
8.933429528041915546e+01 6.114308072278888773e+01 1.686079757863376116e+01
5.109305765941476807e+01 4.972543159484714437e+01 2.032037403281188759e+01
6.068597036029474623e+01 8.083263989215645040e+01 7.269029749012534580e+01
2.029694141641833482e+01 8.622925295542114554e+01 3.851625960995758646e+01
9.465083782919413125e+01 7.174796422571372290e+00 4.728432426891772877e+01
5.971243771775491638e+01 2.476500984746047251e+01 6.299902959294782789e+01
6.268956798107170414e+01 1.810943728795555430e+00 5.467548174019436402e+01
4.914782344184464336e+01 1.960292017035076739e+01 8.691253969106496413e+01
8.971621948276148828e+01 2.925076950290634770e+01 5.135983535796137289e+01
3.165021399102907651e+01 7.754957516360781256e+01 8.408176395043361140e+01
3.588286069143835277e+01 8.055842491436274599e+01 5.167695877670520588e+01
3.965785613115772890e+01 9.384218520987698753e+01 5.109406484026449391e+01
4.674105002574648893e+01 6.724344019623430313e+01 3.439093572964763013e+01
3.247928707883157529e+01 9.320458362386226270e+01 6.241654777126870357e+01
8.266371477710056581e+01 2.711117619354296338e+01 5.375087506816780092e+01
9.713962669894982582e+01 3.187038990282175988e+01 2.285215890324826304e+01
5.108860082246640388e+01 3.878210887248761907e+01 2.237885804106017673e+01
8.885513827033679490e+01 9.907239105537777846e+01 5.994956830792465041e+01
7.746767683734539389e+01 8.590383695462995206e+01 6.879523116847846609e+01
4.415604911173121039e+00 1.576342317168177942e+01 8.775802106862240493e+00
9.879606642056559807e-01 3.059964087572365443e+01 3.988982017727960283e+01
2.410297323359257149e+01 6.460464808632093714e+00 5.151007357340281345e+01
2.733193199571416443e+01 7.960371548635623640e+01 1.779403545652822061e+01
8.425270512876103624e+01 9.547536789459569206e+01 6.540962476800864067e+01
7.336440652625665848e+01 9.335623116027332458e+01 2.140729342247662714e+01
9.945655682085767069e+01 7.734812033785418350e+01 6.939173540985852640e+01
3.610905789952927591e+01 5.457774854056105340e+01 6.370737854328012162e+01
6.203428613172159345e+01 7.049846384775807451e+01 1.478254692461623776e+01
3.556484328316967947e+01 4.340000165954771205e+01 2.871813940948291233e+01
1.726272702692237715e+01 1.389274799128628146e+01 4.210659064725132339e+01
4.934417005625658703e+01 6.297644014666071044e+00 8.205283459429614368e+01
7.652433228607583260e+01 7.308517731854665556e+01 2.107022395126493919e+01
6.038007680121889820e+01 5.297249468086674540e+01 8.634001021875936033e+01
7.476717700801579269e+01 5.757618837162311820e+01 8.219381934847559990e+01
1.550942708607094822e+01 1.521652969097719854e+00 6.580607409633371674e+01
9.831146023723746907e+00 1.154336399835091953e+01 6.473988705358593165e+01
2.705348441339890897e+01 6.286312155688928982e+01 7.923212925790406302e+01
3.164745316378583340e+01 2.171441578399188188e+01 2.469190954640662738e+01
1.304623614197261183e+01 6.222269537884272950e+00 1.992800326633216557e+01
4.320045888091539155e+01 3.208650450239696994e+01 6.940407506283077055e+01
8.702416582470019080e+01 7.847732031423842614e+01 5.168008246441216613e+01
1.024421162326534329e+01 7.097672839415535861e+01 4.409789535768980073e+01
8.565039391541018787e+00 8.424664072126256542e+01 3.144373434514283261e+01
2.182488325115713579e+01 8.714520646188431385e+01 8.498829338541158052e+01
3.389708371915598661e+01 3.548014192813734269e+01 5.381744663455203437e+01
7.334414938106581872e+01 6.314920190686345691e+00 5.572806323107401028e+01
9.528200617835815933e+01 2.620938971799536787e+01 8.542321684398562809e+01
9.501683407630936529e+01 2.691536409710897360e+01 6.927245593731564099e+01
2.387750083195599871e+01 7.376111617321326719e+01 7.160922449562045244e+01
2.472057037106494448e+01 7.158695435832349574e+01 7.256001666484546320e+01
3.585788721069117457e+01 1.677027759897269377e+01 7.767116821419171480e+00
5.753817036099418658e+01 9.780981193157131770e+01 7.857408126875006360e+01
4.358396389345527666e+01 5.366209028549585724e+01 2.705328050953908914e+01
1.630658673600635566e+01 4.820811582322732392e+01 5.373242447129788957e+01
5.219299528037601732e+01 9.528045855639408046e+01 5.643051122805082542e+01
6.057718366223737405e+01 1.280247628610767840e+01 9.494967853898198484e+01
7.728449442346685316e+01 8.772033440940047910e+01 3.477042328894667378e+01
5.021280957856249216e+01 5.220838091622764665e+01 2.717331979111079931e+01
6.894891563269571577e+01 9.029767236174566847e+01 2.574366088133503538e+01
8.631827348616450735e+00 7.382189055403422628e+01 3.595516758530521173e+01
6.238625416173293559e+01 6.957583379921807420e+01 2.838325575290641112e+01
8.151445974257843829e+01 5.499889821142168955e+01 7.635259499730911159e+01
7.632935525589475390e+01 8.685756320374538575e+01 1.236055951156705746e+01
2.435062607385947331e+01 9.000794044593863674e+00 4.501534539040424221e+01
8.899601216153182293e+01 4.675402622668691777e+01 7.884073159196300651e+01
3.271782380193178597e+01 3.395700728052523942e+01 7.991420356595195074e+01
4.258171465117015231e+01 7.897654877946663987e+01 3.398239184197438334e+01
9.488008296776354200e+01 5.745782465305710929e+01 8.090884025431802229e+01
8.951569979488549933e+00 4.926642258305287214e+01 8.225334517798562217e+01
8.770386290433044962e+01 4.681395723422754784e+00 3.497593697364615650e+01
4.433200064790801065e+01 1.722648143557882250e+01 6.811361096702513862e+01
1.845119955987115645e+01 3.466396943698861577e+01 6.767927794372505446e+01
4.820893445244799125e+01 7.385710386348938528e+01 9.011510359557951233e+01
1.165466877151974856e+01 7.095677163980609237e+01 2.279968854891518504e+01
4.144767274075692143e+01 3.286272579513982439e+00 1.694958339084452348e+01
3.197772890488996822e+01 3.419858052879849453e+01 7.759651045671425607e+01
7.418129092665151347e+01 9.721829681870410411e+01 6.819531585408725505e+01
2.417137320913179721e+01 3.276550299216428641e+01 3.703313403536500914e+01
3.264943276632516245e+01 6.729641731118157111e+01 4.921571744551304306e+01
3.854241780866443179e+01 1.490897687287166029e+01 7.417696425914248159e+00
2.188346775876926031e+01 1.074714039686812583e+01 7.568755356400242817e+01
1.124979578138853853e+01 7.242282373068361778e+01 4.349882843718197023e+01
7.337838974377596912e+00 8.127300494315858259e+01 5.887818648193370308e+01
2.357615128635730528e+01 8.946811743326679789e+01 1.032175161783158224e+01
2.018196081977628964e+01 7.520469278058610030e+01 6.744991446288356940e+01
2.892716937244780340e+01 6.202487535278311981e+00 7.877899609873378495e+01
3.136976380699025668e+01 1.957134149282652302e+01 4.662507456807037443e+01
9.102271992824472591e+01 4.354657784337534920e+00 6.702670841342791164e+01
5.724732279387089307e+01 4.254491165518169282e+01 7.071186764928320656e+01
9.658244244416323454e+01 2.292062111626910337e+01 2.087920103317334508e+01
9.128817452226969920e+01 6.689530774573036354e+01 4.633195339244083044e+01
5.732595702642831270e+01 7.456139051762440317e+01 7.461757353362095557e+01
9.198941808189645997e+01 4.268427888956226468e+01 3.840110985125555487e+01
6.396642667898419177e+01 4.157278992795303907e+01 5.368197273484014431e+01
4.199857984559501745e+01 1.529957866781744791e+01 4.920878278248082438e+01
6.909178219410327415e+01 7.992838076676498815e+01 5.164230197848773685e+01
1.652378902104009128e+01 4.146877096494316106e+01 7.120176594137915060e+01
4.128592706170728377e+01 6.965307936042222536e+01 5.021718508301736961e+01
2.412231251093966833e+01 7.961505080230743658e+01 1.406445402619171148e+01
5.248902827551506078e+01 2.088910342434049383e+01 2.243035328870727696e+01
5.029339370832488498e+01 4.995621559349235952e+01 6.642860599102827734e+01
7.447506930519048751e+01 7.277914886928968485e+01 4.359905417920366943e+01
6.316897872265625580e+01 5.769452426439602988e+01 4.166093640086515393e+01
5.972126941859932003e+01 9.472478767062625593e+01 2.213821573110207552e+01
9.057720957855262611e+01 5.345551398319836167e+00 2.820227697289324809e+01
2.881452486115282241e+01 6.263651078809056827e+01 2.354922696218219969e+01
8.823476118397537959e+01 8.285514084650412769e+01 6.466297634513192349e+01
4.584138317921977546e+01 9.329560421420784166e+01 7.487102851075839283e+01
4.993151480812448995e+01 7.018733544543111691e+01 5.091873091309313537e+01
5.879422383882645420e+01 3.309760694374712386e+01 4.677437696407666579e+01
7.812143078974420618e+00 3.573486916645924794e+01 6.306952637387952620e+01
9.532160305061863426e+01 9.630641127630202902e+01 5.277024909191874258e+01
6.066222518095820959e+01 1.857211855009675006e+01 5.990500473039833906e+01
7.065879267438623934e+00 2.846856857994445278e+01 6.374404742871908525e+01
3.103101315434892982e+01 4.984687411445431593e+00 7.715625696221916030e+01
3.103300071345630329e+01 6.310522485867842590e+00 1.892688348645131313e+01
2.517587987887536372e+01 1.780159472215262539e+01 7.088180691474919115e+01
3.216840466670344512e+01 8.046957850398325718e+01 2.118070022217077408e+01
4.928791795440837831e+01 6.880371335531287968e+01 5.517803812740032043e+01
6.011294099302687499e+01 9.248216019311698233e+01 3.148669461043728290e+01
4.937192044621053810e+01 8.839925500724086760e+01 1.835702942061731591e+01
5.588826825307524615e+00 2.333022875582913969e+01 6.009481218132567193e+01
2.598796264498069064e+01 1.902398838087989574e+01 4.035465942432063002e+01
6.135980687694114977e+01 2.485577070167403946e+01 2.793124687412220553e+01
6.135593048115138970e+01 9.457384219894527178e+01 6.114887285451657561e+01
7.829041435845599040e+01 3.668100947554687963e+01 3.449866179526381416e+01
4.542677432026225404e+01 8.071328287116736533e+01 4.675289285493231972e+01
8.467254087898609782e+01 9.887719806951270130e+01 8.151253838654607620e+00
4.541015608370368994e+00 1.495897029133618261e+01 4.135256290009417768e+01
1.310422091454324089e+01 8.706644776187559387e+01 6.832901616809857082e+00
3.157927163358225187e+01 1.846946294942053513e+01 8.218740466542129752e+01
6.694810048900279753e+01 9.120302564513744414e+01 9.160320497356900660e+01
4.970982436773692115e+01 2.343191080480262656e+01 2.728218858359642240e+01
2.229188616858405325e+01 7.085933076220028681e+01 1.612028258134204250e+01
5.136107303271487012e+00 6.081429423831500003e+01 6.062006386941082070e+01
6.652629243224600941e+01 3.718805045885912364e+01 7.767606382334516013e+01
5.336245877266176052e+01 1.054656300094194421e+01 7.096573971535090664e+01
9.530677862704582992e+01 6.003631300235867663e+00 3.922400566701585234e+01
4.875160448347476461e+01 1.464707600783169461e+01 7.778190535082259771e+01
2.841496448900440086e+01 7.830085399381600553e+01 6.317095607271041757e+01
5.980458224670234557e+01 1.921428486965544025e+01 2.111637952317344968e+01
4.734840474656931697e+00 2.407124297822663550e+01 3.561382450260754240e+01
8.331453038624253793e+01 3.663926667148052729e+01 7.580969185045530878e+01
4.394422812954875468e+01 7.848683119938884545e+01 8.350955537475952895e+01
2.398415580575801087e+01 8.623416119638761757e+01 5.364567397150106132e+01
8.172942615886547912e+01 6.515859022678051815e+01 3.784140130310891692e+01
2.280749394417903630e+01 7.003522533116502302e+00 6.287936771549165371e+01
9.903260945268655746e+01 7.380418050142061759e+01 3.695051246260755562e+01
8.272048000867351902e+01 7.689840001764065391e+01 3.022698080220016692e+01
1.430748979423468459e+00 1.181626385339495933e+01 8.017305013417359305e+01
8.365630353048717893e+01 2.952090008783624242e+01 3.254694446822902876e+01
7.928649871024711615e+01 9.377374698954220378e+01 6.927985633750380146e+01
6.055786770307614830e+01 2.426713503318045184e+01 4.912305381360359746e+01
2.335118585932646340e+01 8.080114200967736338e+01 3.927324088507471345e+01
8.336972169940261779e+01 3.816092179827252551e+01 7.260608140583033787e+01
3.333178151652419530e+01 4.401327046176698587e+01 5.693005504006320194e+01
7.028761402991867691e+00 9.482070618154644137e+01 5.657283985200551513e+01
5.078200146908022816e+01 8.393939711199121234e+01 7.488842227639128168e+01
5.222604045290160002e+01 9.272623257936373875e+01 2.428438310123195265e+01
1.132257922512175341e+01 5.967882300144401597e+01 4.030434886043428122e+01
4.642251661891988590e+01 3.280792178971665152e+01 3.618680308746423435e+01
8.226463471462994903e+01 5.934761998543046957e+01 7.958008602474548354e+01
7.868791978209628724e+01 2.736662541018266381e+01 2.711635084158275433e+01
3.358982701170071294e+01 8.432594806477426630e+01 1.338123424382511040e+01
2.301812788712577174e+01 9.049184203442669627e+01 6.253763680684348714e+01
2.268470955010564083e+01 2.191449682325803394e+01 7.824511662717434035e+01
8.937575082770464974e+01 2.561310909621152732e+01 4.019954381117524633e+01
8.345957386283171786e+01 7.710074386098854404e+01 7.104050753445841337e+01
5.183981907879687867e+01 9.115490483051731019e+01 3.330070116910454914e+01
1.566721343475180284e+01 7.087323325648647199e+01 4.821384415719293060e+01
8.545857688094810101e+01 8.115924912471495389e+00 7.552790878251052220e+01
2.932946532088222114e+01 6.548556671681829755e+01 1.706405779395629452e+01
6.095812963036006948e+01 7.172716891873359657e+01 3.528728011726293090e+01
2.154107052621402474e+01 5.376306766035450124e+01 7.878804945879851118e+01
3.235473582966508133e+01 2.524692975212795432e+01 3.422070961342244289e+01
9.491321529166644666e+01 3.592769157645597033e+01 4.259385613939993043e+00
7.816812079596196838e+01 6.992747953353901380e+01 1.541087425924256316e+01
9.849042491349125328e+01 6.080622853051112031e+01 5.355343272938164745e+01
3.822192676228910102e+01 8.986727555636379350e+01 2.448332300459244948e+01
2.857689002199018802e+01 1.224108066865668931e+01 7.002424149755893268e+01
5.955492804058533096e+01 6.090661692544983197e+01 3.449490950317168370e+01
6.511683891270838842e+01 7.654584472468638978e+01 4.154007454032313973e+01
8.013471439617121916e+01 3.487905885320209620e+01 7.052608120214333098e+01
3.373010745771898300e+00 5.511646014736526666e+01 9.084068141893637005e+01
9.812446006823907396e+01 2.817525783417406160e+01 4.412648024985997353e+01
6.297790798663305267e+00 8.733413076045997059e+01 5.887392964210928170e+01
3.851006789405170139e+01 1.127705584891530677e+01 7.721605566860978342e+01
5.302190478209936941e+01 2.829279290829038729e+01 3.635237331519635973e+01
2.706971809221476732e+01 6.018098088569806237e+01 7.568266053850393860e+01
8.566938033265644492e+01 4.603808754259775071e+01 7.640996416258104773e+01
4.231054812763298401e+01 2.523071407586380133e+01 8.758294460815790217e+01
3.038875679708218414e+01 3.237242309869083812e+01 9.460467903332325079e+01
1.339274931656548873e+01 7.605339880096950367e+01 8.756646766050027964e+01
5.117949942754186310e+01 2.521761702820035644e-01 3.680101818264189717e+01
1.115689923848270837e+01 4.161876609336957245e+01 7.112256156093603465e+01
4.387115488838004751e+01 4.319251213459225625e+01 5.531431716995509618e+01
5.816905847476802194e+01 8.562963087989713529e+01 3.117314258857416576e+01
8.216712643680159545e+01 5.659337486920472315e+01 3.273719898857453359e+01
2.951260440060771018e+01 3.611375171057245126e+01 6.450321172591443997e+01
2.308117313599491638e+01 9.203335616722674217e+01 5.185997901064384052e+01
9.200157769960067355e+01 4.640435857915470308e+00 3.447518136933502575e+01
2.280766068762307697e+00 2.722518150979698248e+01 7.739386254878726845e+01
3.660971584220085173e+00 4.361470999157448603e+01 3.082609078529717905e+01
4.168406592603677296e+01 8.388515842643772658e+01 6.164594783174690917e+01
7.367563453314231481e+01 3.491041154495809451e+01 8.997954931742994233e+01
7.092620937795001623e+01 4.217988192845309214e+01 4.626815338878416384e+01
9.186841779432975841e+01 5.764046934353918061e+01 6.936417157391112198e+01
4.170352245131707747e+01 2.236927647647141271e+01 6.928990188239060899e+01
6.078237721413878347e+01 5.013428804247793380e+01 6.073289746363321484e+01
2.082855860642336410e+01 7.939387065319563419e+01 7.975751438770556945e+01
8.911031441677027942e+01 3.214357453070171289e+01 4.292764468759530416e+01
8.084022997975611702e+01 5.951171308246038194e+01 5.259711921023340153e+01
9.266419675334451256e+01 5.360249609770507817e+01 5.257382250186911676e+01
4.201859126635964614e+00 6.941695859013763403e+00 8.682719362924043338e+00
9.132442257836336807e+01 4.083866600177006490e+01 4.968011779974135322e+01
8.453869475924619792e+01 6.092463103757778953e+01 6.189176956514283745e+01
2.965344293548124455e+01 8.339083739245192817e+01 1.001531845483611427e+01
5.314959217294790150e+00 1.916033575185323201e+01 2.842677334050944182e+01
2.823110578542067373e+01 6.705135986187676167e+01 1.855436138740385488e+01
6.766583044949845771e+01 9.113217323379974033e+00 2.134228023091277038e+01
5.088214484909949675e+01 9.218958025766426090e+01 7.722242783059692783e+01
9.687534424428031343e+01 6.504790652781709070e+01 6.899380625777423859e+01
6.250229989314920687e+01 6.228189228581972969e+01 2.120635847480123459e+01
5.437389561639286484e+01 3.860679334517257644e+01 4.246794786292938539e+01
5.236005730592373197e+01 1.283961718022515974e+01 4.150225763899769049e+01
6.344956087660358790e+00 9.796681304223990594e+01 1.673316858922208539e+01
2.585247385449545021e+01 8.912929267033972280e+01 4.569246737976582295e+01
1.356372015206303061e+01 3.842305380393489145e+01 1.941810620005960786e+01
2.002159970845017867e+01 5.202984694984502667e+00 5.067125127588499822e+01
8.066361217252597271e+01 5.859691786998955365e+01 6.128229642733163729e+01
2.005840300832403145e+01 3.438938432523664801e+01 7.959144156834277339e+01
8.785618432651453702e+00 8.579306536685336937e+01 5.901691180526761116e+01
8.371474313251172816e+01 3.180064193944003392e+01 3.300719320891603559e+01
7.516048683231427674e+01 7.849961733922201290e+01 2.401317311714130298e+01
9.728713248219055743e+01 8.449010424482894521e+00 1.454515550275402624e+01
5.955042152861027205e+01 7.227407677716215062e+01 9.288502734856288612e+01
4.049457807988615343e+01 2.529140898963311290e+00 5.368269069882490641e+01
2.896960205987718595e+01 4.329471211954022181e+01 5.534479429153440577e+01
6.451261073803382651e+00 4.859817845641028100e+01 3.725832601308274405e+01
7.125442652865932303e+01 6.456659112123446675e+01 2.297332489329259531e+01
2.061389182103969731e+01 2.510061787743732609e+01 2.366380625255161263e+01
6.572131996684672117e+01 9.944301792002706009e+01 5.793574858003164252e+01
6.066815461912911900e+01 4.099279333510724399e+01 3.131917588833742627e+01
9.110737569064791330e+01 9.690018741421529569e+01 5.211693516296335105e+01
2.902004955065574521e+01 7.701222076697676755e+01 2.504257076236107693e+01
7.655882376436815662e+01 8.189483743113386538e+01 9.929828913366115728e+00
9.768614687965637700e+01 9.855122903884783625e+01 8.547332773501793213e+01
4.960348094062643298e+01 2.460741422768284536e+01 5.535667532875757502e+01
4.199338384714357630e+01 2.059486447171970980e+01 4.334730491133823449e+01
6.638898356775905540e+01 7.091331078599106164e+00 3.425928847756100737e+01
1.779489001282519300e+00 7.494955054616755774e+01 5.534225108553062711e+01
6.267213470196586478e+00 9.647375596019678312e+01 1.649823606011441157e+01
5.899606464760886126e+01 7.763674617990558602e+01 7.733091530158621651e+01
3.428513559320378601e+00 9.064151326404392250e+01 8.282526453489545304e+01
5.613903731543727105e+01 4.820831988871461249e+01 1.003405660811222333e+01
5.619541425098686460e+01 4.093790817702307550e+01 6.889010541438797475e+01
4.038835668860878059e+01 6.835808333247098290e+01 6.093947506801742797e+00
1.329522707659669400e+01 1.397101906491583456e+01 1.352071971222705216e+01
5.413288592698037860e+01 7.939677260436359063e+01 6.131527440959872877e+01
5.749548855528562541e+01 6.806239284027364533e+01 3.662049714132918865e+01
3.619540716482288900e+01 3.142700982209225558e+01 6.607382850236463412e+01
1.616403356707742844e+01 1.302528031292438104e+00 5.751903194289137389e+01
9.423813647342053912e+01 6.094079169963046638e+01 6.872100763063127715e+01
6.727907094660301368e+01 4.974366535230162611e+01 6.490161414402302853e+01
8.241041238552217862e+01 2.247316441716979796e+01 3.509369248834799748e+01
2.237257325032838651e+01 4.521729555904410347e+01 8.336713540674674050e+01
3.452071008353323123e+01 3.744668891305533975e+01 8.413448986505915173e+01
5.153743307446752198e+01 5.354489996474344338e+01 7.761472735898053088e+01
4.905267370254732384e+01 6.815575346293952919e+01 1.109017979292572953e+01
1.786317131268852876e+01 4.043762007162455774e+01 4.885679944085647719e+01
9.657337012362295070e+01 9.706516330477900567e+01 8.596580507718439890e+01
3.155988352855745305e+01 9.640282908324397226e+01 6.066491198417408270e+01
3.929401278174003664e+01 7.016749169847663836e+01 1.332490294204783154e+01
1.461546822742135809e+01 8.296857115563676643e+01 6.644720561031456896e+01
3.641947012918840443e+01 5.006666402227187973e+01 8.069641571855818540e+01
6.315781094790865779e+01 3.981492839343302137e+01 1.532043625024533640e+01
2.937468016255609982e+01 9.783402327965833933e+01 4.636923684688936476e+01
4.718394638448608447e+01 4.985980323970154160e+01 8.188868549882376158e+01
6.039282843853099081e+01 6.936770364519220777e+01 4.294829249908746505e+01
2.908761858897435104e+00 9.309729142428443538e+01 9.420385406996459210e+01
9.491530533480511167e+01 9.436870866467165797e+01 7.551533282795054447e+01
6.845960501163268930e+01 8.445099182672855420e+01 5.246974545746072494e+01
1.343696138920236294e+01 3.912181650414210310e+01 8.782922563269963234e+01
3.511378135956563540e+01 8.678279137313694491e+01 1.695097176486232371e+01
3.341838423754695953e+01 3.509533247273795808e+01 1.773951546636050125e+01
1.190943301867549664e+01 1.931652111217709944e+01 7.587269300310191511e+01
6.340198993980639131e+00 2.987009013443871908e+01 7.528583115437320394e+00
6.956277454030247043e+01 6.203030900433797967e+01 5.536309400884172049e+01
3.743827847146187082e+01 2.082678212675690332e+01 6.932682612110406239e+01
8.111178727406951339e+01 1.386014980982017697e+01 6.170763612522509334e+01
2.487156819788625128e+01 1.681068612061337220e+01 6.732970888526395470e+01
5.380969354728370035e+01 2.161853323786677805e+01 3.548373266941587900e+01
9.666536713277423587e+01 8.486795647085565975e+01 7.787654803515401625e+01
4.600120970807080312e+01 6.238072639208750303e+01 3.386172673792034971e+01
7.771197568889053997e+00 4.010693106567825339e+01 5.856482848833181976e+01
2.871442707681314133e+01 8.479505747274157557e+01 2.080090276134203719e+01
3.671290894369199265e+01 1.249039053242029240e+01 3.164822707336772822e+01
3.966130497427045043e+00 2.725493950616454342e+01 4.760246299348892762e+01
4.781653632766915507e+01 5.436963584751418921e+01 3.248269389332652679e+01
5.230413346148723264e+01 5.090046215620598247e+01 3.444625211323067759e+01
8.302003306564782292e+01 5.456411265935651045e+01 3.373677029469591560e+01
9.473385120807765247e+01 8.451124130711610860e+01 9.013049684510598070e+01
6.922338746454207126e+01 3.782229055060468426e+01 3.310568424475079041e+01
6.633178436744809403e+01 9.808165824953036349e+01 6.109952338885298673e+01
8.816149409898382316e+01 3.291034310477686375e+01 4.589982326882710595e+01
9.062752395893532764e+01 7.568667019578188615e+01 9.366254549862875933e+01
7.747642097322419374e+01 4.485157072182317251e+01 5.984121152833000679e+01
9.005154924631366953e+01 5.516467360980479384e+01 2.577803940605909361e+01
4.356198127699494194e+01 5.163159888491178862e+01 1.391469985151090683e+01
7.437626742528902923e+01 1.093539333549730053e+01 4.285245817320858208e+01
8.046224415404044805e+01 4.675703616132969387e+01 7.384122615479829221e+01
3.418813220561149535e+01 9.576362939984353773e+01 2.292545479588509139e+01
3.826414498930130748e+00 8.724265429904185964e+01 7.163198940630365996e+01
2.319838370673728178e+01 9.847416071366738777e+01 5.299050650483070513e+01
9.510654401441634320e+01 5.050287713869992956e+01 5.204056352819683440e+01
4.491385371444650332e+01 3.348752761329502192e+01 5.109478310816837165e+01
4.525546619485678690e+01 3.674687662355413664e+00 3.148829967503758454e+01
2.131228001055583832e+01 8.674356023210665967e+01 5.818287978012890704e+01
7.636831004497274478e+01 9.568260377492805446e+01 6.094795631347300713e+01
9.826099914047443917e+01 3.117640516521296234e+01 2.022668986718674589e+01
4.033098879929114844e+01 4.707994149358080449e+01 7.752155149293581360e+01
5.599404390366763096e+01 2.921809994180170023e+01 7.163230141363739278e+01
5.058319371390709307e+01 1.621319452751701817e+01 5.200043659317360323e+01
9.113945368072839415e+01 8.426226174758201637e+01 4.896626536881497316e+01
3.770831738849881276e+01 8.697875106421115277e+00 4.652821970000429275e+01
7.520794375295791667e+01 3.602737197330105801e+01 3.349527164100668841e+01
9.313797192709533590e+01 8.215557004579923728e+01 4.901266208725708395e+01
1.367833439205193891e+01 1.449088404061730273e+01 1.560682723048308063e+01
6.162966668927432323e+01 1.155627964733360002e+01 7.981967141668845045e+01
9.929650018193221683e+01 3.663481847086652721e+01 3.792129666267377530e+01
7.116671769856786511e+01 9.371530063257658583e+01 8.039358560640698670e+01
5.759182874984858813e+00 1.690718025567650074e+01 6.524483626533731240e+01
6.888931080324472589e+01 1.332185940401232571e+01 4.519475999535270461e+01
7.808146310852956162e+01 2.187806822626936309e+01 7.776335198168152374e+01
5.297177482036796725e+00 7.821950850680738654e+01 5.399654268489951647e+01
3.151993466543491351e+01 7.209325483419112857e+01 6.723635515778966010e+01
9.338989713039693186e+01 3.677746721542636266e+01 6.405699094648295500e+01
6.026162769346908732e+01 5.252060694570884891e+01 9.004251720709470419e+01
3.167314138400323387e-01 2.821116061035976585e+01 5.534204613845166421e+01
1.782932616365523515e+01 9.078665337327582563e+01 6.528539155143928951e+01
4.778829946319898880e+01 8.147017590666546027e+01 4.837803978923317771e+01
5.586530119300094555e+01 2.750995553920998482e-01 3.533918500387878936e+01
1.387904723509697469e+01 6.896886806622910626e+01 4.868942890890329522e+01
3.017575572502308034e+01 4.678323393717423784e+01 2.993282201781543961e+01
9.250866324861405587e+01 5.397263255091299783e+00 8.230197166789621122e+01
5.113587887333509485e+01 6.189464961388172526e+01 3.383153381583808539e+01
9.666976167943212772e+01 2.818509585194898293e+01 5.849860643057489540e+01
9.934167051071288768e+01 8.810943963834458259e+01 6.213434962710014986e+01
9.903745229672121297e+01 7.013698617326146234e+01 2.880426334367919239e+01
4.055962104358064124e+01 3.344933340115510134e+01 3.512972210914171001e+01
7.604564393598663230e+01 5.842629272727936041e+01 1.117052666202395450e+01
8.774484836509761010e+01 2.967961404801645742e+01 8.536211968785654847e+01
9.541907303347856839e+01 9.405307166819652309e+01 8.406675755689994389e+01
2.206133316835425973e+01 5.326327440287820281e+01 3.319256801217667885e+01
2.596754555889492266e+01 6.109517694362773454e+01 1.203503077608008809e+01
9.694585668207076878e+01 9.186731725779644364e+01 4.830134038662626494e+01
5.154224480069130720e+01 4.661194192677589854e+01 8.287153914197506310e+01
6.886018763161109746e+01 2.781112474243564492e+01 4.304178304984668557e+01
4.289659756867637697e+01 9.593351682839185912e+01 2.635514040132465041e+01
8.957633729442903814e+00 8.806188321616902215e+01 8.309969497670182648e+01
8.717390879121647629e+01 5.109769156255563871e+01 6.557201586879509136e+01
5.633630475609838584e+01 6.944782605440091849e+00 5.136461329253118890e+01
1.361414725610088361e+00 3.249874095570861243e+01 8.107435106425252513e+01
3.040452696358075713e+01 9.398266426442478405e+01 3.482819952739868086e+01
3.145622404615324541e+01 6.284074964385535367e+01 7.736524442877781382e+01
5.013877680048840801e+01 8.821156871941553845e+01 1.741625049601447728e+01
9.221948386343706261e+01 1.963077998954080172e+01 8.950421987436317295e+01
4.008631794863804743e+01 8.327570558710377213e+01 6.548206214731845876e+01
1.759416324782620933e+01 9.180475698814484531e+01 3.045111325013592918e+01
2.441401186949990887e+01 8.141788966373805181e+01 1.327583276831435199e+01
2.220359063704603386e+01 5.036775734210623057e+01 7.370991830047115911e+01
1.474839747372674914e+01 5.476682345123463591e+01 5.824970951934882635e+01
8.605952247159513036e+01 9.355655602022196149e+01 7.102877321752470152e+01
6.528283982220018800e+01 4.336200853127658661e+01 9.115365399978173855e+00
7.097371925255212943e+01 9.927373044754868658e+01 7.284229826441965372e+01
1.671109373772627915e+00 4.962599780418387496e+01 6.006288730784382324e+01
6.896742011028430852e+01 7.197258356007085922e+01 4.561010527891132682e+01
2.233603327342402878e+01 9.422006614765466281e+01 6.439274795599838797e+01
2.368400368694094738e+01 3.223218322702729211e+01 9.155386553797200122e+01
8.874851867073357425e+01 4.051464383580896111e+01 1.097754633106638344e+01
4.849736889393819084e+00 2.839182909183890402e+01 5.558984160843424149e+01
5.841946353345618093e+01 6.338277869439426837e+01 5.956891199573125562e+01
1.903225359273841288e+00 1.050855951724428650e+01 3.051874859305076981e+01
1.548599975215817537e+01 7.532004254455415548e+00 6.280860322451746924e+01
8.153364774910990320e+01 7.526266574342824356e+01 7.321222583562904163e+01
6.658565440578772154e+01 7.353453218142021797e+01 2.909422872623921208e+01
9.930080362841643193e+01 1.831656544938871178e+01 2.410267455212688503e+01
2.889218318158468435e+01 9.753324301065788404e+01 8.837138289368770927e+01
7.948937497064974878e+01 6.290575985596337460e+01 4.576537732951565118e+01
9.706208456868456835e+01 6.956228028582475531e+01 8.668032406968457337e+01
3.165507994776238831e+01 3.337747922695656655e+01 7.225367290925431973e+01
1.498549205852943800e+01 9.459278612960757471e+01 4.666041253267795241e+01
9.264138785836976808e+01 3.367927887258130681e+01 7.086038453031937934e+01
4.828751219726896693e+01 6.268036302454730446e+01 5.102238056392241106e+01
9.671156173713613668e+01 6.921053978139171647e+01 3.165219227675423852e+01
9.096769219050845834e+01 2.940297381551043543e+01 4.743025479722165727e+01
1.021236980202133715e+01 8.999665197961907381e+01 3.145050510079022743e+01
2.589176179313823667e+01 9.202625979949539214e+01 7.412975727857677555e+01
1.410789215193744006e+01 7.693245039036807498e+01 8.172987784403167666e+01
7.851121821074391605e+00 8.252149949045730182e+01 5.119087332996310380e+01
6.691974493788006839e+01 4.928543389049369239e+01 6.113966898902478420e+01
3.409786166675321528e+00 7.627067232232836602e+01 1.142784583988820124e+01
4.552998477473434491e+01 1.509649931302948822e+01 7.696108222009775091e+01
3.136609091756685785e+01 4.540935446043324930e+01 4.499774621013621356e+01
7.725019656847065619e+01 4.811443597959754470e+01 7.295380239764641317e+01
7.350827680267524755e+00 1.915939679029951037e+01 5.710951373113104523e+01
9.470883247526950299e+01 7.475784672178031443e+00 1.199930810991992836e+01
1.565506749278556775e+01 6.411531288601565848e+01 3.922847197696179933e+01
8.255523794176862395e+01 7.193315148136580461e+00 2.060156716046666148e+01
3.000264054648956602e+01 6.267300866887852351e+01 5.791513623781131770e+01
1.242032939637738309e+01 9.438047089917395738e+01 4.212585682969797318e+01
7.131687630002831213e+01 5.242077189476987797e+01 2.367861712795199480e+01
8.462283231154110297e+01 8.182380281919299136e+01 3.688531644626769435e+01
5.886075856938553841e+01 2.578256959359397271e+01 6.290899462569657885e+01
3.090268126204314214e+01 8.440787343822348987e+01 2.495542085672697397e+01
1.480342281846414032e+00 2.685080419679184516e+01 3.062286304999110698e+01
5.082864397249242927e+01 2.037032916565762974e+01 6.925276816784010236e+01
2.413706380040039434e+01 7.069681799126557564e+01 6.626526327103168512e+01
9.862498564718843852e+01 9.999009770092315819e+01 7.951988081948852027e+01
7.599833692987510858e+01 3.864564140005737158e+01 7.816786269962715039e+01
9.566755370794906810e+01 2.337757539544416119e+00 5.586765898402682495e+01
2.179983043884345761e+01 5.578763158688504120e+01 4.786844020443700742e+01
5.757685815522843598e+01 5.509622214187241696e+01 9.307760414618563516e+01
5.521861089347360974e+01 8.462320881248672322e+01 3.901681290442118666e+01
4.381006887910488956e+01 4.704134760448098973e+01 3.367897452633408051e+01
3.797902614779552266e+01 5.985130794667752241e+01 6.511790237139535975e+01
6.364353445734805348e+01 3.518179154201411052e+01 3.208502570712605717e+01
6.116178827541630625e+01 1.328617484275249616e+01 2.494076109766369242e+01
4.212773695299521393e+00 7.261085259608012876e+00 2.545325747451560616e+01
1.952928029691902712e+00 2.454105920874615165e+01 6.891094536196145270e+01
6.110707846893303596e+00 4.367366777946409684e+01 8.872769080856021162e+01
7.912848289254009160e+01 3.054375022948572393e+01 8.162595262180228417e+01
3.296464967477248109e+01 7.251549633756249058e+00 7.981440859027030399e+01
8.700225271891717682e+01 4.659327833010923570e+01 6.185801945975696015e+01
6.712280778566702111e+01 1.944822307304603370e+01 2.054618618757395154e+01
4.695807033518257612e+01 9.115731401376979193e+01 7.167836754850459791e+00
7.825056359493592595e+01 5.752678371465414386e+00 4.305831180831314953e+01
6.378728330734764285e+01 6.867592670824647882e+01 6.573096943273366577e+00
4.186036173839682561e+01 5.838372605023246820e+01 2.142838277286386273e+01
1.350945565953097827e+01 6.636489895040385534e+01 4.810943261047463437e+01
1.618286612682905456e+01 5.352393369147334568e+01 8.853845459701391007e+01
1.558758477536392739e+00 6.426337734858546469e+01 1.346897875259967847e+01
6.449442964700846659e-01 1.506544886606338096e+01 3.823693676691390664e+01
8.023439989819529217e+01 2.817854966045586451e+01 6.145381642003214040e+01
4.111566379553066497e+01 2.343317919660079696e+01 4.869967747942883562e+01
7.974644903726232315e+01 8.324923700561441819e+01 7.654019863604493423e+01
3.385578125549793782e+01 7.934560647157530866e+01 2.625650495882554836e+01
7.384251012428832439e+01 9.483844262726167074e+01 6.176107276154517045e+00
4.403639311787980404e+01 6.477709884140045915e+01 5.897463779588817090e+01
1.760877582692021903e+01 9.721832752385928700e+01 5.832099575154111903e+01
1.643406012282677864e+01 2.052251171251529005e+00 7.615664322842104639e+01
7.970473944545908296e+00 1.410509210702365301e+01 5.155785559716113653e+01
6.035055034496197379e+01 6.868871185923984513e+01 4.107795350728143546e+01
7.738986689668229246e+01 9.743585996158886076e+01 3.660662634845401442e+01
7.030286165379459362e+01 9.284686523951567949e+01 6.395453621475272143e+01
6.811094986442594745e+01 2.237725690852066052e+01 5.234744212690235798e+01
5.625228436045801317e+01 7.001295624559527653e+01 8.986385273640151183e+01
3.364382254376208081e+00 6.523266126748684002e+00 1.194034444104183024e+01
7.429791344889568450e+01 1.363537951107575097e+01 5.506644929021933166e+01
3.246688778934584718e+01 4.573199562107109983e+01 2.191710487320196776e+01
8.661065613045421685e+01 5.861503241630263972e+01 8.687901963260409843e+01
5.745962497043295514e+01 1.239080305969466522e+01 2.538740541265770290e+01
9.890739763678472229e+01 7.255651973308677327e+01 1.566632750559081622e+01
7.037810050346648438e+01 4.121730468096116340e+01 3.187054812416850069e+01
1.540607937305342645e+01 8.399039545565656795e+01 1.802861180183392520e+01
2.898354623796403118e+01 3.063828938257043788e+01 2.273840534592521578e+01
5.081848832868702459e+01 1.170262681089262458e+00 3.319391437192727068e+01
9.336294440330640043e+01 3.105295693420056935e+01 2.414221828913532164e+01
4.731650482340715769e+01 5.616933748514747293e+01 7.096946328080088051e+01
1.903212231560176093e+01 8.717463771925572757e+01 6.392974610558733417e+01
7.226503346615552914e+01 8.680457371463523586e+00 1.268729515400204910e+01
5.940127009080840281e+01 8.631339625231612445e+01 5.640429548681027683e+01
2.132348654455308434e+01 9.051989794921322385e+00 6.103560157668278663e+01
7.217702773178095299e+01 1.725317006871086534e+01 1.190574215859980178e+01
4.082835132231969766e+01 5.827187021330221484e+01 6.012495021007481455e+01
8.099450091529027418e+01 6.105374273067323543e+01 1.315186789583402138e+01
6.825816721424148170e+01 9.841766428948820078e+01 7.930484800196417439e+01
8.716689092695126817e+01 3.021701533583408406e+01 7.178125676940933886e+01
8.511034459651455109e+01 6.783262046312631810e+01 3.450014531497838277e+01
9.538339718749583085e+01 4.508194114586758872e+01 1.656091165995386305e+01
1.097778950573919943e+01 6.475189872990458184e+01 4.944473583949326212e+01
9.448387517896360777e+00 7.403645721560945958e+01 7.372988435746722757e+01
7.254156307864512598e+01 2.022608776840129252e+01 6.556753954250338268e+01
1.072280289438509726e+00 3.051121396784092354e+01 4.062294161077272747e+01
8.352469488855015811e+01 3.903943730694042813e+01 8.481044187982069715e+00
3.523464118280094226e+01 4.989240983592871714e+01 8.753105547134835263e+01
9.410343037895447083e+01 1.808740382214115527e+01 2.647980698804044408e+01
1.633814564645505030e+01 7.889219324141032530e+01 5.251401907192685847e+00
1.271771981918773342e+01 5.379596316440989767e+01 2.777896332125562395e+01
9.235645823926208919e+00 3.598780123338342918e+01 3.752801679176956640e+01
5.111043065142845165e+01 9.792335938301958720e+01 1.922363803918275948e+01
3.727267048340942779e+01 9.319850178724746570e+01 8.102794898985644068e+01
3.942710347842805874e+01 6.989532645197364502e+01 2.028814137661065686e+01
7.125410555436151583e+01 9.728577294847414692e+01 5.014536307257552039e+01
4.984902270344142750e+01 1.873186197019103361e+01 5.990174812017581019e+01
5.904372807789148681e+01 6.519330594757505537e+01 1.382312170959369624e+01
5.487234883490735626e+01 5.949348434973730093e+01 3.033727009914740691e+01
2.083328574885360140e+01 2.762181685109498375e+01 5.675253997087649083e+01
6.062660635323716463e+01 8.457626461178045929e+01 2.946895204812733837e+01
9.120680598883183166e+01 7.437061619833583848e+01 3.650251933031004370e+01
9.526206562545592504e+00 2.569836624874825048e+01 8.586840113708554156e+01
3.103633758840793533e+01 3.299009601490644172e+01 2.006269515167660344e+01
8.068506011387654553e+01 2.756442302422773594e+01 3.800025959914560758e+01
4.143481084316265850e+01 4.337282797746097174e+01 4.260659927511928657e+01
5.037436953747286594e+01 8.145128796164033247e+01 7.878883873277663952e+01
7.983131337633469116e+01 1.011248391164875038e+01 7.745047351605141728e+01
1.202517734865767807e+01 1.247237700522579829e+01 8.841544900382596950e+01
8.193978447055413028e+01 5.524104668680086405e+01 7.833520880609647463e+01
9.893646425518628007e+01 6.106420666317775670e+01 5.876211505365714061e+01
7.544270291599279687e+01 2.321389523653327558e+01 2.011372349222007472e+01
7.595807500150725389e+01 3.449047949941023461e+01 1.381562564483146183e+01
3.148777259177497712e+01 3.586368678745753868e+01 9.095107178646979662e+01
6.979597110879231536e+01 5.308563173997339391e+01 8.701741775736560669e+01
9.031397404741807122e+01 5.120008566141597584e+01 7.608236437200868352e+01
4.043046580626565856e+01 2.304206653566246388e+01 2.952606662879336241e+01
6.623155244421266730e+01 5.010703207072771193e+01 6.117879241809453816e+01
6.860759642621698617e+01 2.232287289771761607e+00 4.375585681040369046e+00
5.326777265912498649e+01 1.910354777600769083e+01 5.433781653209268825e+01
5.521857391706480911e+01 5.857603583708912254e+01 3.017009620835661821e+01
6.398435062778966653e+01 8.294926364850229561e+01 9.059884049921723204e+01
8.384443861722142799e+01 5.574987596799474687e+01 2.734958242840380294e+01
6.814458761198208947e+01 9.376537855579782388e+01 2.871314468102244177e+01
2.559956205265770990e+01 1.490085434116511465e+01 7.089010289297846157e+01
4.065615034236592606e+01 6.269563888638407079e+00 7.956235288448624488e+01
5.576719047025666498e+01 3.310942920003557788e+01 4.343277944183990513e+01
2.902512201909067713e+01 4.554801723926418333e+01 3.869912395937041083e+01
5.479463040706094290e+01 7.735172522712942111e+01 6.426174902294054903e+01
2.944568927541171277e+01 5.287410115397792509e+01 7.917293414822101738e+01
6.820623474272546893e+00 7.829726698690475217e+00 5.208518835679948467e+01
6.391151283898032176e+01 2.114130157759041140e+01 6.889202716347330124e+01
6.462633770407273914e+01 9.232892682362864889e+01 1.365443080156883759e+01
7.513742653580106889e+01 8.364309058326702129e+00 5.287903518428957739e+01
5.518951394991458415e+01 3.883850446467405959e+01 8.439990657008524977e+01
4.370644786012234384e-01 5.201794018985207657e+01 2.667627407368323844e+01
7.434986191164328773e+01 4.306742630609717182e+00 7.659948825886698387e+01
8.380922267069514930e+01 8.328660124035029355e+01 2.487658548234849931e+01
6.304065185610448907e+01 1.436735918338960527e+00 7.896081382294295281e+01
7.229751935086204639e+01 5.311537308992526363e+01 6.472653395985024360e+01
9.432409665177221569e+00 5.286558321768563218e+01 3.221119608732409745e+01
9.726194632229730530e+01 8.571179506239016632e+01 6.352374269554643860e+01
9.337476352497318999e+01 3.468433045654737157e+01 8.256504057330762691e+01
3.252382321067103277e+01 7.327967196911529868e+01 6.499250313360455777e+01
1.834987645409347223e+00 3.610596982781951425e+01 1.373522045500472544e+01
9.970920176102485755e+01 1.221967618292380031e+01 5.054266009864697651e+01
7.905562387626372356e+01 2.012636022608924691e+01 4.455162423230307667e+01
6.074287609211508254e+01 1.602047543955453790e+01 7.138329156465242420e+01
2.993364571893653192e+01 2.110230763388403119e+01 5.537416393779508184e+01
4.103136276429378881e+01 9.202859446364178098e+01 7.519750979871049879e+01
4.833506633888832482e+01 3.592637747255975711e+01 3.278153094728617134e+01
2.675636230815073802e+01 5.445478537124772345e+01 7.442627406938385093e+01
3.107566082035577892e+01 1.900940896880814890e+01 5.258937125525774547e+01
6.903441679766652683e+00 7.012790061297067723e+01 4.032055612764779085e+01
4.963748079728541285e+01 3.004453795500224800e+01 8.463357938787619617e+01
9.048629184955270688e+00 8.698240088870313969e+01 3.751624075444944140e+01
8.806235159750222863e+01 7.287614583323835404e+01 1.484346007841436865e+01
8.315362865093536016e+01 6.821768336995050674e+01 8.223552451571372046e+00
1.337026821096699614e+01 6.356280558356951360e+01 6.090585181364653522e+01
7.466514328375950527e+01 7.202454007749818743e+01 6.466893792931452367e+01
7.662389017464225560e+01 5.750857058923728715e+01 2.744101745723720853e+01
9.123766137307181623e+01 1.821403093197793144e+00 4.501422062738998164e+01
7.288702930971633975e+01 4.271560411496743370e+01 1.293461078167350031e+01
6.598090311621318094e+00 6.486373691382885909e+01 8.784033783014555752e+01
5.518636358344989645e+01 5.067578180237690333e+01 3.364313413654651441e+01
2.566906738660631504e+01 2.098498175628471518e+00 3.547148820360524013e+01
4.491104408652524427e+01 1.979497830489501808e+01 2.093456518640764585e+01
7.177278672546026428e+01 8.946202690680671310e+01 8.000841810016274280e+01
6.179987284969893580e+01 5.277458259928180517e+00 6.590877757718428143e+01
1.100953052618863737e+01 6.697481176878238784e+01 7.449644205869213920e+01
7.258647108264727876e+01 9.518838057611306169e+01 7.236708705098644145e+01
6.932097779818084859e+01 2.617431721831023950e+01 8.253985974337295772e+01
1.795438707941669065e+01 9.048966114731264554e+01 3.083176198889547948e+01
1.301635938776687418e+01 8.266830272711706584e+01 8.890521154638788559e+00
8.320883176808307269e+01 2.623118420459758937e+01 8.651893819923390083e+01
6.914791822415790534e+01 6.661833328505900909e+01 3.831886389756758149e+01
5.940297389077098700e+00 8.300730982055772245e+01 1.714806937707907508e+01
3.722586418947522446e+01 6.003546855090817758e+01 4.813210757872876400e+01
1.986606351713180629e+01 1.406163568822839061e+01 2.160595150186507141e+01
8.630078814992009484e+01 3.155954906133362492e+00 8.761059789052461610e+01
1.985286903854141016e+01 1.103222968790781344e+01 6.053686315075671587e+01
7.998595794069663256e+00 6.024532631635949542e+01 8.124900981660245236e+01
4.789802146742482947e+00 7.998686045285441537e+01 4.027710128931732214e+01
1.594906338312099869e+01 1.760964802674590501e+01 8.345057172153236991e+01
1.106057519406644651e+01 8.667827871156571007e+01 4.523152731845605956e+01
3.905617881643907996e+00 4.644761457173382979e+01 7.994791275165236755e+01
7.262027876391003645e+01 4.887824176847178848e+01 7.714430795928075213e+01
1.203647617802296921e+01 9.099410533923688149e+01 7.574762397680522952e+01
7.082768256572360599e+01 8.178877421287492666e+01 5.046308241549262164e+01
6.751624290976668874e+01 5.605980707077789305e+01 3.920691398144652595e+01
5.688607973611775748e+01 2.574653325319257036e+01 3.966194949876204845e+01
2.807754072602432061e+01 1.228877894613890120e+01 3.059637425758670659e+01
8.519872181847706827e+01 3.810807706423057084e+01 6.913820672353961072e+01
1.751978542381612414e+01 4.244191591676415953e+01 1.517693900349812708e+01
1.386210633674896897e+01 6.174363798900691336e+01 5.926199851385059958e+01
2.133719073548622092e+01 4.744231942887986264e+01 7.634837386842303886e+01
1.742015086764828879e+01 1.921053307351483497e+00 6.802689877483675218e+01
5.349820808868499533e+00 9.799402385724459918e+01 6.089667427493323970e+01
4.703963528439722808e+01 4.299925400243067486e+01 5.786548686915926965e+01
9.062443672021490926e+00 9.300190588194958252e+01 5.690985906585627419e+01
1.839784976109087822e+01 5.625810537646628262e+01 2.903808807850735008e+01
1.755271755831211422e+00 6.305169852139979980e+01 5.944864779099761165e+01
5.836965828034155379e+01 1.834832043600230733e+01 5.465513969817600071e+01
5.651094092451980799e+00 6.092383555719222699e+01 5.641742351685225998e+01
6.552548308390994691e+01 8.954756057523938750e+01 7.849328460604755264e+01
9.806541915625388128e+01 9.762410329365749817e+01 6.799865012694401400e+01
9.564196221777280016e+01 8.672838858891120140e+01 7.663887856942581323e+01
7.538425464375519525e+00 4.904988826988776474e+00 8.063429991124554874e+01
4.896558578716982879e+01 8.146066843749208886e+01 3.389556562598954059e+01
3.976498583230127792e+01 7.001867210119318941e+01 9.278268881574163629e+01
8.776147447888593689e+00 8.614781446346061955e+01 7.632717809299724365e+01
3.155392707298546640e+01 3.552166141315596093e+01 1.210614497869174500e+01
1.574061111671798407e+00 4.770061263577291299e+01 2.545650124640576095e+01
1.940018144152130120e+01 8.467671995266636031e+01 5.760969525671120550e+01
6.336324372661133708e+01 1.874793308319200236e+01 7.843658410362127142e+01
8.679797724397475633e+01 5.233275937130434130e+01 8.119367400579497485e+01
8.448286249545816418e+01 7.313241766744380357e+01 6.841821950579245026e+01
1.053934739508632923e+01 2.708360376956657944e+01 1.214251947314756741e+01
8.681209226308661542e-01 1.583095313839101337e+01 8.602306672102606910e+01
2.398740590360515057e+01 9.701539625917217791e+01 5.050364147154392214e+01
2.372584876346903826e+01 4.971308034842127910e+01 3.179774881430873634e+01
9.839735581823738642e+01 8.472649839049638842e+01 6.929332008862893133e+00
9.477760314674711140e+01 7.210651073028873270e+01 1.484712756535887479e+01
6.706377463264455230e+01 6.469266979656855199e+01 2.500126278377466349e+01
7.584467000075756005e+01 8.706470331296712217e+00 4.615127586486099887e+01
9.923207163087921501e-01 9.687374888947464058e+01 7.245453001710444596e+01
1.588520761596560149e+01 3.416740399512829640e+01 2.143630447292886032e+01
7.666174641293146408e+01 5.889632542771517265e+00 7.416415063156654242e+01
9.421963388357298186e+01 6.766279428062999557e+01 2.635772404527917345e+01
3.600900958135508034e+01 4.772398748089312903e+01 5.482481384187523332e+01
6.686630898116874278e+01 5.542147153188827957e+01 3.481740862846576334e+01
8.909172805649031091e+01 8.139205801795823092e+00 4.027737890303919244e+01
7.755648384674806550e+01 6.087266529140089588e+00 6.403779999801612632e+01
8.197116227533250310e+01 6.608312985270522688e+01 1.143601366324879720e+01
1.801370271322062422e+01 3.421130788919507637e+01 2.757099630451514827e+01
9.626521402274273953e+01 6.515939141137936019e+01 3.997826009040558404e+01
9.296974986654456075e+01 7.405941994761869296e+01 4.222232400438077349e+01
3.788815694019553604e+01 1.994288583039567442e+01 8.564713458874604157e+01
5.172964958900732313e+01 8.960566874979846830e+01 3.322010685348408998e+01
8.608416030974757405e+01 5.388684842716395806e+00 9.304349950883823794e+01
9.120343670333026864e+01 3.632029447766549168e+01 7.289722381543303698e+01
7.522579264738260463e+01 9.012547971029316329e+01 3.804796942285555161e+01
4.655200053141494720e+01 8.649996126060530344e+01 7.347107503539236006e+01
3.934667187402791910e+01 8.457252329121220669e+01 1.140250659282942358e+01
7.820463029629901541e+01 2.067658594337006406e+01 3.092522584492683890e+01
4.932148435955936350e+01 4.497345010699739021e+01 5.257361223732149824e+01
5.447755956720238402e+01 3.315276910314969427e+01 2.179250680442827104e+01
7.684812292873060358e+01 3.999761490871420477e+01 5.457985203332864899e+01
6.446967183511181076e+01 9.096379223066560371e+01 6.074525509998759532e+01
4.545922559038451105e+00 8.385603633980176141e+01 9.397956499489680482e+01
4.724850253713821502e+01 9.695903364546006742e+01 4.535399302511810049e+01
4.596159958719498206e+01 3.314047647274550457e+01 6.256943886541455413e+01
2.298204205250445753e+01 1.049342185144043249e+01 9.237753414077946701e+00
2.923801127152637491e+01 3.957708321670382645e+01 4.719661796866014924e+01
2.927498251870064294e+01 9.840595723854112009e+01 2.375515997772084731e+01
4.409753884464087292e+01 1.032761655319003324e+01 2.514172932005789818e+01
4.833213978899109087e+00 5.595086334373280579e+01 6.978813420272143730e+01
1.957098143360679288e+01 3.679109378160707422e+01 7.266493256024129543e+00
8.395220557222120306e+01 7.799635249316695251e+01 9.280281768879374837e+00
3.648676093204112902e+01 9.552866138494954384e+01 4.584174650459259226e+01
5.262086767240160867e+01 3.552428610103552131e+01 5.194689787185551211e+01
9.781568756368221784e+01 9.975025034811970670e+01 7.429860615752986064e+01
4.043110980204392746e+01 4.944322008289883286e+01 3.382731916901015268e+01
9.855746299043461534e+01 7.077603058254037194e+01 4.039138000718842392e+01
1.211527010960233852e+00 5.204834143905483756e+01 8.612598375636689241e+01
5.230609089730518946e+01 1.824266854891136802e+01 1.269505564362952477e+01
3.547037581242090454e+01 9.182280556966068730e+01 8.402610757374048944e+01
9.453679748120026716e+01 7.294199932542568376e+01 5.504454531839915177e+01
5.906861463822520619e+01 5.389920090919608953e+01 6.209666433603495506e+01
4.188732266953524430e+01 6.692040049557654413e+01 1.509894357709882762e+01
2.656953065614837683e+01 8.360030388086295261e+01 8.368369145197192438e+01
5.390082375602997189e+01 3.163561721293239870e+00 9.280433284121545512e+01
7.020642580272864564e+01 4.140279237553608027e+01 5.343940552658001053e+01
4.297748344413660959e+01 4.653392267320509745e+01 8.360402593430123375e+01
1.610842469171115354e+01 1.036691354822367828e+01 7.314279207821710926e+00
3.140003756121266676e+01 1.474137664844273843e+01 2.436698129454225281e+01
1.123898266537692869e+00 2.271954146877031988e+01 3.986054854449053408e+01
3.156749640988132377e+00 6.079041242971477033e+01 5.130296781191808009e+01
9.703577850992505915e+00 5.950097775184010374e+01 8.508335999738754651e+01
9.444689528115407029e+01 2.670993367663299090e-01 7.509078550623789283e+01
3.536052762364859348e+01 6.365137033462742622e+00 3.899974244802488954e+01
3.217365163129623085e+01 5.232442393090568089e+01 6.532303836487882620e+01
7.490556122084079504e+01 2.459030425632666805e+01 2.886517737693256436e+01
3.083817068597351962e+01 3.627368681208764656e+01 8.736145955589063306e+01
7.779433028274257822e+01 9.749904652686970508e+01 6.887026033459704877e+01
4.062707016472842980e+01 3.897441836269749160e+01 5.464676734666134195e+01
4.168697833644373674e+01 8.283262460927457482e+01 4.721118502457485988e+01
2.956143602108459589e+01 7.748602686966518149e+01 7.566759372950248519e+01
4.204289561404513620e+01 6.678085719055320624e+01 1.987111148632302715e+01
5.294648519714666435e+01 4.498113774550804855e+00 1.044247631057533532e+01
6.129248505227390353e+01 3.033353823949871497e+01 6.643701982488519775e+01
8.960825606325921910e+01 1.393911737303507081e+01 6.427884286304248462e+01
5.145199982883432455e+01 1.121192501626988580e+01 5.662023598437908589e+01
6.094668031064728098e+01 5.156418674007825587e+01 9.545430612688082306e+01
5.210796961040165343e+01 9.905151154502125621e+01 5.567732757988043346e+01
1.158520383013675925e+01 4.704712510750304233e+01 2.055667756035242277e+01
5.971334852174272356e+01 6.931321751936010855e+01 5.361865064202413578e+01
9.770296768314823410e+00 4.686413985835529417e+01 1.718170649183554843e+01
6.821259555065340408e+01 7.903682248650875408e+01 8.876347811654920861e+01
1.488021071284564201e+01 5.324203355333041543e+01 5.171203559807003813e+01
9.224765337809796506e+01 6.272766405965142411e+01 1.813431560227931882e+01
4.363513239631892304e+01 6.547625285062504474e+01 6.528877301255310783e+01
8.630739985905735523e+01 1.805071198443971525e+01 7.793440241059185780e+01
5.913941201559225647e+00 9.837621345689019847e+01 7.631693397468154672e+01
6.602727827621713175e+01 7.349955002644216506e+01 1.431157233806822404e+01
4.147986289445237951e+00 1.017657965513655327e+01 2.082749719313652292e+01
5.473812334694351023e+01 2.154439871117891414e+01 7.598690934023184695e+01
4.457486230680721917e+01 6.955104764582749510e+01 6.490694287792764783e+01
3.198530389297100740e+01 2.431675735257290327e+01 2.788777103443606009e+01
7.966583738498374601e+01 5.862768484196184460e+01 3.379541543640323198e+01
8.178464430604302038e+01 5.475938611030672476e+00 6.170162232680984715e+01
4.391008057493108652e+01 7.312903860658882138e+01 8.451481522039782135e+01
7.500340979469038416e+01 4.419653553113823818e+01 2.233232733192538788e+01
8.063509758054337340e+01 4.607055269213715576e+01 1.536371901860407441e+01
7.190553977768659877e+01 2.918519659165896840e+01 1.191722161972455574e+01
9.027510149740777479e+01 4.831010920939100828e+01 2.621259928225768832e+01
7.163865578849114968e+01 8.859023776825637242e+01 4.765357260091255043e+00
6.878521850421537920e+01 7.670116940184213661e+01 2.954427820643937252e+01
4.896238314101744038e+01 8.928589891793581756e+00 6.681485851266593556e+01
8.474560185633525577e+01 1.081866573246605867e+01 7.451259567403489825e+01
7.715701704845335485e+01 3.469133203708972957e+01 5.856423061187940959e+01
4.812389431174679544e-03 9.317976544659985905e+01 5.674010451289643697e+01
6.203388640619994732e+01 6.646594135390986935e+01 4.875679782411672392e+01
8.567638875394631270e+01 6.097018321515439254e+01 8.611145987185010142e+01
5.823316222340088899e+01 1.711224219805665925e+01 7.851835189722635278e+01
6.816274983597767800e+01 6.992389944355561227e+01 9.284994471400730731e+01
7.519655420957915837e+00 4.285926070951713029e+01 2.790191219244429632e+01
6.304264647136571398e+01 8.068116837480718573e+01 8.487338271745026930e+01
4.545961069547200850e+01 7.862182306426042544e+01 8.965917747459823772e+01
6.833254325358846870e+01 2.427325524497712195e+01 5.764506139205999347e+01
9.699520478171865534e+01 9.875538288615653926e+01 5.926409492383493927e+01
8.869877578719892597e+01 2.003493638486028061e+01 3.213579052143934689e+01
9.528876128848597205e+01 1.352353754948079079e+01 1.791257449061539830e+01
4.205485991200517049e+01 5.895842877533503668e+01 4.729445782465872838e+01
2.919760086655643860e+01 9.206138979503481323e+01 8.769649214965788531e+01
3.920680530523724627e+01 4.342917694302970943e+01 6.223287937498865574e+01
6.629958963989007259e+01 3.822970149609623292e+01 4.566517104365461677e+01
3.480389434215389599e+01 2.353850069533078937e+01 4.590740949961314499e+01
6.864341319025403720e+01 7.419667053142930513e+01 6.712412035171325897e+01
3.747320134531214819e+01 7.646359942849736058e+01 1.137350506402767181e+01
4.770499377168822264e+01 7.939044001326908528e+01 5.806289395750500404e+01
4.740631241545077046e+01 6.446420066063491561e+01 7.791926116957419879e+01
5.663818006102074065e+01 7.997861914601061528e+01 8.404217628008602503e+01
7.055682020755666883e+01 5.733257638890635377e+01 4.358840425185164236e+00
3.744778982545875579e+01 5.654427335151183343e+01 7.500686650518345289e+01
4.381047896475762826e+01 9.600582757647734411e+01 2.671307745635411734e+01
7.445671952103164415e+01 4.190314170841274688e+01 4.784833681397712724e+01
8.025020338654402963e+01 2.962152616517055392e+01 1.551900608661637193e+01
5.202555846134271178e+01 5.287946118037487508e+01 6.952242674278687673e+01
9.683192062321018057e+01 5.530068632834838738e+00 5.039962344134003303e+01
6.812785303147998661e+01 9.858013507485216564e+01 9.554607206422417676e+01
7.124507647119774845e+01 5.217894112444658816e+01 2.133800857364789749e+01
3.841765552044174115e+01 5.851223250571543133e+01 7.492629140535082399e+01
6.353995574791122181e+01 7.141228018277412559e+01 4.810491229686316217e+01
7.276272905710089844e+01 1.437412560197192057e+01 2.031322091691824738e+01
1.628321458294628243e+01 8.908649570357761149e+01 1.530346686183132121e+01
8.015083727334759089e+01 2.335708980467371276e+01 4.717760636961732956e+01
9.159565954656780207e+01 5.859372296875066866e+01 3.301577608690157462e+01
2.840900603188071116e+01 9.204466238957856206e+01 4.657508003976847988e+01
5.869854830067894369e+01 4.599321966253887695e+01 3.593025465548485897e+01
2.232791269324019368e+01 6.861915004846021304e+01 6.835922164911110599e+01
2.748850916073994810e+01 7.890108430548303886e+01 8.131682927424040486e+01
9.206750962396303350e+01 1.612124139183699256e+01 2.835463060931062529e+01
8.603533475036955736e+01 1.985402028278939923e+01 1.066381474114467842e+01
8.708273102516345432e+01 3.264494417513693492e+01 4.764610525267107022e+01
4.463340257206379391e+01 8.482746006672284977e+01 3.241984655790660952e+01
8.922798858564817692e+01 6.169391380480480080e+01 4.842463350061429850e+01
3.256145071274624314e+01 2.437116962811858301e+01 6.397765440733942199e+01
4.468941600565761263e+01 9.105160099320063694e+01 4.700648603240251333e+01
5.117949167011911271e+01 4.167232811360007361e+01 6.871303569393431587e+01
4.248391981092704128e+01 2.693419997497549190e+01 8.224576541461934198e+01
5.968282213652402390e+01 5.915102197690017505e+01 6.051932768501026061e+01
7.188397482056667798e+01 3.130679893125668656e+01 1.151077362480898714e+01
8.105931608770096375e+01 1.289050538816374214e+01 7.180195562528946596e+01
8.231529828732874421e+00 3.753078420284921179e+01 1.837928018315755807e+01
5.222136796277246162e+01 6.531357727815750991e+01 2.200613337032306660e+01
3.716276184384020809e+01 9.302394910430535901e+01 5.248364165237678947e+01
8.025435689765566849e+01 9.271847450602091101e+01 9.426110293922704386e+01
8.983220196913693201e+01 3.174053291589691383e+01 7.875731989796163646e+01
8.123952417460469633e+01 8.371755836394876837e+01 5.404325159183239968e+00
9.542388633182936530e+01 7.780902238487406919e+01 6.178616044541564634e+01
8.152473092858624426e+00 2.325685410733312608e+01 8.549734823568542197e+01
5.006770748054763231e+01 3.978580182372560614e+01 7.191047697712070885e+01
8.734041411394432686e+00 4.169420162710593303e+01 3.567835575244921387e+01
3.498513870303927575e+01 3.076922436530731275e+01 2.994005899422653272e+01
1.729108029905221855e+01 6.404061169196741332e+01 7.617240358579699944e+01
5.088516452498814857e+01 2.979745523466442592e+01 2.187201343296292322e+01
8.301433650525942198e+01 9.714920564732138075e+01 3.733787460705822525e+01
2.909504255521289195e+01 6.014929529749413462e+01 7.124433413220224054e+01
4.554028035496643412e+01 6.300731498609491865e+01 6.732092289164386045e+01
9.605922878561791833e+01 1.650373305200833940e+01 8.058447333227873344e+01
3.921566552412287621e+01 7.232001427265537075e+01 5.173609844221093113e+01
4.866686170088401298e+01 6.980753687315865363e+01 4.692307890902019096e+01
1.261099813368064027e+01 4.888933831212397507e+01 4.603996598645775151e+01
2.019021533999392304e+01 9.356193563286571191e+01 3.370703677803906118e+01
4.092275940840976745e+01 1.549296868447233066e+01 4.631580354312250591e+01
3.076376081000896789e+01 4.892725199760840127e+01 2.045482764717542068e+01
5.377512794871575075e+00 7.792266510822553016e+01 5.675522365987507811e+01
3.407393557110128768e+01 4.749422468232222805e+00 8.354086493673592884e+01
1.697950049356793301e+01 9.307422182814279665e+01 4.516081530580569847e+01
3.403867099084837378e+01 7.417594768909638958e+01 8.126455449157587907e+01
3.707135636457107353e+01 4.073437521701872299e+01 4.398274692009111675e+01
9.223230614786690751e+01 6.925639915143327130e+01 2.833549330902527785e+01
1.849996975019794121e+01 2.303676634248160582e+01 3.504933656851707013e+01
2.301834913340015021e+01 6.585064471923961094e+01 2.096395192340497005e+01
3.873584897079607003e+01 6.250535729703664600e+01 2.742167432107174108e+01
6.527438470165803253e+00 8.182392284596829768e+00 1.751345045312469040e+01
8.358430248681551689e+01 6.578635056049697027e+01 2.073444076256986435e+01
3.910688791514198215e+01 2.785851728470656496e+01 5.679768990639336579e+01
5.228059496723134458e+01 4.811240233697149193e+01 2.786237222018627691e+01
1.377997720439907425e+01 7.423763828726379188e+01 7.424430458831976409e+01
9.441509092328172414e+01 5.861897061358045669e+00 7.232107446201271728e+01
7.265034594069625484e+01 9.471096141455892337e+01 3.185059057627443480e+01
7.421790382951563458e+01 5.462628876648456533e+00 5.607689102977818862e+01
3.508478240521797176e+01 7.689094395474751309e+01 8.180070779231624556e+01
3.648210422175161938e+01 5.255860926993005933e+01 2.445873231983416218e+01
4.169069652234765755e+01 3.608003932591692120e+01 2.923995250267853052e+01
8.944786247667758516e+01 1.480878380401602357e+01 6.673921780140450721e+01
8.901426434798877096e+01 9.119685798632256990e+01 7.530497137680552555e+01
1.761411338741766386e+01 8.174314092138696708e+01 3.019104972527270547e+01
9.223980274325089113e+01 7.090866814238495408e+01 7.074976835821289001e+01
8.503245350193722629e+00 5.827651134435443936e+01 7.524452762332546740e+01
8.615903527724992728e+01 2.863170473364151647e+00 8.136633102004343243e+01
4.333873330247972611e+00 6.145186796748498637e+01 6.343469839561451096e+01
1.073452911679098065e+01 4.801186560919267876e+00 7.755963913852295377e+01
3.846706247974339732e+01 1.071125153151236731e+01 6.398843268012078767e+01
8.491630701436206152e+01 5.873861907588073450e+01 1.523180301900025135e+01
1.522247149149080769e+00 7.008024813019439136e+01 5.660592853292792626e+01
6.507971417200795372e+01 8.131846701995957005e+01 4.234226028481282356e+01
1.245154688336204174e+01 9.399832853908264951e+01 4.497253001677988493e+01
6.152941190885402278e+01 9.334114295517511550e+01 8.406981881648172816e+01
5.720946067281735736e+01 2.976114247214260899e+01 8.883048280677496678e+01
6.808170899535359410e+01 4.084366768920565249e+01 5.225349031987190784e+01
4.158340502680296424e+01 8.883051522966474067e+01 5.050073763522404846e+01
8.235283759812472226e+01 8.401762978230038925e+01 7.014064795442868672e+01
7.221886124756744607e+01 8.548777168075818622e+01 3.999087376759482027e+01
1.146632061419603588e+01 8.424542043725145390e+01 4.812288565253952299e+01
1.273760325278510130e+01 1.153125221820079460e+01 2.150403567131154148e+01
7.509732596671058502e+01 7.108566734662811371e+01 1.792283029752763923e+01
8.469234181097952785e+01 2.812947955282448831e+01 7.088915285197160188e+01
4.888059077349419113e+01 7.315486825385660552e+01 3.954222903735174555e+01
3.471405970947759556e+01 8.413595989593322599e+01 1.345090710555660607e+01
9.747369472575073246e+01 6.481795582653734300e+01 5.115449967192245140e+01
6.280545311504251771e+01 1.227409464589828048e+01 5.356347836319107358e+01
9.850955233397976940e+01 2.352694378467068503e+01 6.913482033461663434e+01
4.349713758317006551e+01 6.524581484879536220e+01 3.025457460662694942e+01
4.704649826176024163e+01 9.800927138592750509e+01 2.305006325029534509e+01
6.364450278487571211e+01 5.755977487667954051e+01 6.077069493933326072e+01
6.151232896516171422e+01 5.022379736882280810e+01 1.430977068151476672e+01
9.000968114631177741e+01 8.269788274840308873e+01 2.074906661057310941e+01
4.132731773788690077e+01 7.705489806935679553e+01 9.611551285985159154e+01
9.511370464417863957e+01 8.993591996761742280e+01 2.310099052222206595e+01
9.144751060090048611e+01 8.784449129510794307e+01 4.803960702213214518e+01
3.945225945362620479e+01 4.599089219551607499e+01 6.310141072101738047e+01
2.608356159830157495e+01 2.294842943994468420e+00 1.759048080826003613e+01
4.401159075767736795e+01 2.820025694262018234e+01 6.756973424255508576e+01
1.066900705492713719e+01 9.174652255548038227e+01 7.991360081873372678e+01
9.087568169332881496e+01 7.396099986033266305e+01 1.476152231656518943e+01
4.381375713695667429e+01 1.314053718054637443e+01 9.407792632609411498e+01
3.330384233986733022e+01 5.853305418900620793e+01 7.179343343088495999e+01
9.206160842256454657e+01 7.555477258413600339e+01 5.678011534243390912e+01
4.659817820381513087e+01 6.054001337505240343e+01 1.691222107666589025e+01
8.839225419612624535e+01 5.437773088398854071e+01 1.215052035210677950e+01
9.199021256598975071e+01 4.893019738368686689e+01 7.727351459644269482e+01
8.568879542053568343e+01 8.157515874571149084e+01 1.446372064293157322e+01
2.470666454242088506e+01 8.755478724654307143e+01 8.148271838972885917e+01
4.580688623688060801e+01 4.400414676542022363e+01 2.522963007882997744e+01
9.684107886911512253e+01 2.131384753590431913e+01 2.627786449345423492e+01
6.607289701491743017e+01 2.428443030004476810e+01 8.639344594872768823e+01
1.090699531779482090e+00 5.753262323301311376e-01 4.423500003902175592e+01
4.880624599134719688e+01 1.633640219009105010e+01 5.732374623661412727e+01
4.116611051699864277e+01 8.903295253423686972e+01 2.777998878521032999e+00
9.762698050329522914e+01 6.243927642958424684e+01 2.022190094103699209e+01
4.676001381116623890e+00 5.381056585592318697e+01 2.305597180283671221e+01
3.011655370012592670e+01 2.451321648345136239e+01 6.299170851614067601e+01
5.535289621161335560e+01 7.797442352181150227e+00 5.185922439038848353e+01
7.911897655632998294e+01 8.119459082032431496e+00 8.022021283385892332e+01
5.783066494477291286e+01 9.506244692703165811e+01 2.663204684905382535e+01
9.935649993533152724e+01 6.442728659696767579e+01 5.915401019929835513e+01
5.152796241120854148e+01 2.365437309831275314e+00 8.364312261816090199e+01
6.439944728541982499e+01 9.162648449929122307e+00 1.335296074763340179e+01
5.078363923675133229e+00 6.093957634322406847e+01 6.480661280465386653e+01
4.996672917814410653e+01 3.067658206529515397e+01 5.620999432226586379e+01
5.163018208762578354e+01 1.941555987656562454e+00 3.084138274281092507e+01
5.318534146714948285e+00 9.001547514476554568e+01 6.101203773436114375e+01
9.961151701929122737e+01 3.021712633052878871e+01 8.131416528930219556e+01
6.030542679324817357e+01 4.531254069036049259e+01 2.923891104513340267e+01
7.383921652861428697e+01 9.041407489043000112e+01 2.441420674285983594e+01
1.753903349736125605e+01 6.962219150048669292e+01 8.811242586060330950e+01
7.499551011040780679e+01 2.845807390476489118e+01 4.226822192148914326e+01
3.843176354583717114e+01 8.520950180470454427e+01 7.691457699057863806e+01
5.889754347615201624e+01 2.749591103969032346e+01 9.239925453823420298e+01
6.533152247691465675e+01 9.704766464417824068e+01 6.045514928138597810e+01
8.211927583636141037e+01 8.131053793945267216e+01 3.552068542036531085e+01
9.640207229572281733e+01 2.194146759756399057e+00 7.571936110707031276e+01
9.655570857640438476e+01 3.389082032837228553e+01 6.385274270039514022e+01
5.622232498442105708e+01 7.615073096765236471e+01 7.868190171535960076e+01
6.030445692995479590e+01 8.159045863814569088e+01 4.235742181738689993e+01
2.285870587048168900e+01 4.306676895328401855e+01 6.061478119369924400e+01
1.872469489387236052e+01 6.803521921518914439e+01 4.295944975529864251e+01
7.955752738926319978e+01 3.683581710330330328e+00 6.625063400793331425e+01
6.498223366499676956e+01 9.409354761253143806e+01 6.535639357161232965e+01
7.963018964232811925e+01 9.045910158531683010e+01 6.568384102547202019e+01
2.901536349599745890e+01 8.697737995835220204e+01 7.317201739432552188e+01
4.244376040008934581e+01 7.105291726499621063e+01 8.010769357736174356e+01
9.756521313912715243e+01 9.523515039590553499e+01 3.681716507148615136e+01
4.216937137181817263e+01 1.095366049773712724e+01 2.897900669209985836e+01
8.824212084869502348e+01 3.608499262793589679e+01 6.221222351601404199e+01
6.659656183070332247e+01 7.818292751433119747e+01 2.233707729140765963e+01
3.048131346144354836e+01 4.483363414581805984e+01 3.684150764831574065e+01
9.829052328596897325e+01 8.349408032137124280e+01 4.755990945976943607e+01
8.792686260864680037e+01 3.476529475832968075e+01 7.726153006910614351e+01
2.236755981064536414e+01 7.723220452263659297e+01 3.845860612410174895e+01
1.074993209922423532e+01 2.732624545555822948e+01 3.745747574075198116e+01
7.492929116644371845e+01 7.298271473095086392e+00 7.141766819238267772e+01
7.160136409328436002e+01 6.539213699257514634e+01 7.150682771962425477e+01
1.781686160228382931e+01 5.871033550630373554e+01 8.344008680668646605e+01
6.107842698045377006e+01 6.113363469529529937e+01 7.164976640545968678e+01
3.332042321258590079e+01 7.004759013215405616e+01 7.986814515140356718e+01
1.089547302534299433e+00 8.701130411088652750e+01 1.761867874828956104e+01
4.559232737003752334e+01 8.523478009526380106e+01 7.698761391531195386e+01
8.919274781260558882e+01 9.404167926325260396e+01 4.184480780435949754e+01
6.563638108010069061e+01 3.904784405261067093e+01 3.737431771132050784e+01
4.315954105976695132e+01 7.430761347826759788e+01 5.059255092129625098e+01
8.140596744483420366e+01 7.452184771961557885e+01 1.061557616669158932e+01
6.302381571061616228e+01 4.365711233085910692e+01 3.862933051731682355e+01
8.183730538698947043e+01 5.476079860846767389e+01 8.067965768135620408e+01
7.128055923916903680e+01 5.528400087640527971e+01 7.169753066735007963e+01
3.834905092540730198e+00 2.708365482820773718e+00 9.454740717911969128e+00
4.375653251471426586e+01 2.354501456269431259e+01 8.242171737230606254e+01
5.422901390113668896e+01 6.624157460811585452e+01 2.674122138392674941e+01
3.217969085876087831e+01 3.354619141411559013e+01 6.837968389304870698e+01
4.737062076893084850e+01 5.176836525300744540e+01 4.848711904774859249e+01
7.688116562382170116e+01 9.036974851247814300e+00 7.508878828898917845e+01
5.632350688751797918e+01 6.690954448552571421e+01 3.667056743921559558e+01
4.093868368164491756e+01 2.311658196539202592e+01 8.716050464191145863e+01
4.970029725103166385e+01 9.960769157965978593e+01 4.226361224032358166e+01
2.197512643840673263e+01 5.074523967368567412e+01 8.348020602275518343e+00
9.047698014219513141e+01 8.185502511944410742e+01 7.073119277360521551e+01
6.098267154424600278e+01 5.798342336703631617e+01 9.475429832907853722e+01
2.779974340199379412e+01 7.796843653655778894e+01 5.156488077887176757e+01
9.758805437588851817e+01 8.278031832982523497e+01 9.443256054957622325e+01
5.883249944624463268e+01 2.045439575449350400e+01 5.222888565555415852e+01
7.111111340505745204e+01 7.743603861815880407e+01 8.380301675982563481e+00
5.050270885022940348e+01 2.352345799706465712e+01 7.669140666161226250e+01
1.529054440502285495e+01 6.664562495748333504e+01 2.768892385503076170e+01
3.565421432142722580e+01 9.405592607568448216e+01 3.540191575439274629e+01
9.500276182293065474e+00 6.928490144422583263e+00 5.023596663720248756e+01
6.417114822842879107e+01 3.272936435708871983e+01 7.006568801368476329e+01
6.103371857323780958e+00 8.573346449228768051e+01 7.592713456161710894e+01
9.854962713920856743e+01 9.365049809018454141e+01 3.556237034998127911e+01
3.992753840155771883e+01 7.459648474782595429e+01 2.167962363586743280e+01
3.140147102448348448e+01 1.185409369756482789e+01 5.425065117932636127e+01
5.520042798853176436e+01 2.111604699627524084e+01 7.912126318855647433e+00
7.193558317505231514e+01 2.000516442616850910e+00 9.145485407847969839e+01
2.216072567423954354e+01 6.639000921162910629e+01 4.458910440769406591e+01
5.967386033710719850e+00 4.721836066344674521e+01 4.458972063160688037e+01
8.546832080928685116e+01 7.323490696478978634e+01 8.832038542637540957e+00
2.091626834322650552e+01 3.118876842149477113e+01 1.601492590511542247e+01
4.568990709144905793e+01 9.843091908625355302e+01 5.174022134001666728e+01
7.418821683231693953e+01 6.829377976993461630e+01 8.124175246696526642e+01
2.157234904656094443e+01 7.538262616930282434e+01 7.382073006015374972e+01
1.715098229802427454e+01 3.468022197880037538e+01 9.012104926022065854e+01
7.807878459797925075e+01 2.825908325375323571e+01 5.386293334142830957e+01
4.043261228494787929e+01 4.899651763271298677e+01 3.733727591232313614e+01
2.793310185303406001e+01 6.747630413914187386e+01 7.424166164121595557e+01
8.739571227473447834e+01 1.553299673181880536e+01 8.257321670924258683e+01
2.548008244770635500e+01 4.273363899100506558e+01 8.310031565630482930e+01
4.545036009826019807e+01 1.970635340443162065e+01 1.587006975438860756e+01
4.729837666521338235e+01 7.626724239765540858e+01 8.890736388286329372e+01
7.874086284309018424e+01 8.770119589428534823e+01 7.281214461960264828e+01
8.954351007561059816e+01 7.629354331391324351e+00 8.779309557230529037e+01
3.964061537256561252e+01 9.216142232804446621e+01 1.725547056011914648e+01
7.152429571211358450e+01 7.356887486702045464e+01 8.756689199996291961e+01
7.688552706898137501e+01 3.825737058156066439e+01 4.822378033368757855e+01
3.665509381665902566e+01 1.960186453048581257e+01 3.103048767854506451e+01
2.220105342743209320e+01 5.488153301632129200e+01 7.729716121464302603e+01
9.127266260883976656e+01 5.476377752582550329e+00 1.770600419758540056e+01
2.451190571723434886e+01 2.550594524694749055e+01 1.892927516402020771e+01
3.884633411734404973e+01 5.877253926912872117e+01 5.359834760498816308e+01
5.434296812585927228e+01 3.386719248874972266e+01 6.550640382450151833e+01
8.264839409810713278e+01 3.462742664774084744e+01 1.615032935554717852e+01
2.963302510918565247e+01 1.373686545749027665e+01 4.396464110302996176e+01
1.559351513160782687e+01 4.628447576579772971e+01 2.075274361094411191e+01
7.387311054624029794e+01 2.756824083584563656e+00 5.343591975873518152e+01
1.694882749200566963e+01 9.918644696270684236e-02 7.949874586274174249e+01
6.715277878140676648e+01 9.894282205052340018e+00 6.805769984375471893e+01
6.116473327375985036e+01 4.733566870432033369e+01 3.936142288727599947e+01
8.870697629157349695e+01 2.451480198974512703e+01 4.519713984615611224e+01
3.291154128948272728e+01 7.712010290366335141e+01 7.841112714455171329e+01
8.497816987402305244e+01 7.977039302997684445e+01 8.333953345731029572e+01
6.971445504103851931e+01 7.510537912135337990e+01 8.726930963960596443e+01
6.990785399174082038e-01 6.340483764363650465e+01 6.478024994445800644e+01
9.178270537571950172e+01 8.838443041843427750e+01 7.147428300878920027e+01
9.457912719417038261e+01 5.373791879137075256e+01 1.685699066940350477e+01
1.105439869700952649e+00 5.446390556178580766e+01 4.201374822622461380e+01
4.512450533654484985e+01 4.004047372100369984e+01 9.261218600236392717e+01
3.591703511697899387e+01 8.562269417630832891e+01 7.792326578593483077e+01
4.995017699989547566e+01 4.469380373650883342e+01 6.344861453004347140e+01
7.079715076398824181e+01 3.285351165962059383e+01 2.199150796453152878e+01
2.648524001824803520e+01 1.310285058122989632e+01 2.943424512687960615e+01
2.618215655807990672e+01 6.377114238867135043e+01 8.675402353211465822e+01
6.857437323304836241e+01 9.266494080645696840e+01 6.677161223736206352e+01
7.278776220711732492e+01 4.140619402133414440e+01 3.469215203234747946e+01
8.462773724729191827e+01 9.053932329290053360e+01 3.961765102681094675e+01
9.063098186644413801e-01 7.925310589064704914e+01 3.130734813564223629e+01
9.887865016920738270e-01 8.049885589761220217e+01 4.862004504386756309e+01
6.852107463384690789e+01 9.146898211444775484e+01 5.342791963343710648e+01
5.031940725789657876e+01 2.906621213482635113e+01 3.580012675405104972e+01
7.965420660296457811e+01 4.490292455859370335e+01 2.268188241427321472e+01
9.452876400049559535e+00 4.729201168617793627e+01 4.811371825058310492e+01
6.534582782053959704e+01 4.710674777451406925e+01 1.961988038764980402e+01
5.078028847985135741e+01 9.067894038860251271e+01 1.959145906848802454e+01
6.897546409777490339e+01 5.938592649655265632e+01 7.131625653126731379e+01
1.506002734275927502e+01 9.416053369059945055e+01 5.854049030958189093e+01
8.470711376911368973e+01 2.466067636802355878e+01 6.835306050499214336e+01
7.810307043339189192e+01 3.974352723870756421e+01 4.129226474666189262e+01
6.577962650257492783e+01 9.340768176021596148e+00 6.413103949015253136e+01
4.288675983941092618e+00 1.905903011208259912e+01 6.834302494799831607e+01
9.832366709196382004e+00 9.718420914767899887e+01 7.815157607010489471e+01
6.263023324067364683e+01 8.190574556693498209e+01 8.123841341736752497e+01
2.594756495718184652e+01 8.494115879493195109e+01 2.406690431215436021e+01
4.133422641488153459e+01 5.582596312485993195e+01 6.923202702091847982e+01
3.014131772252803820e+00 2.905094127781889668e+01 5.936266408056256694e+01
3.573686791491187620e+01 7.750250556294933801e+01 6.129314522386742681e+01
2.344014537237357843e+01 1.459289795923330857e+01 6.555957681348640165e+01
4.504673277047577074e+01 1.689570411013185947e+01 2.191766609468871607e+01
3.030467483185865873e+01 1.081319723393750998e+01 5.802266045874348777e+01
7.636486339125541178e+01 5.754668888529869974e+01 7.948655012933969033e+01
1.275685472154313160e+01 4.356118578222238824e+01 5.056919100264446598e+01
6.760015609419073712e+01 6.957863064234270212e+01 7.158840218130319499e+01
6.514298121960166554e+01 9.422808894086765363e+00 6.937070603943652713e+01
7.247826567743875614e+01 9.934799343336271704e+01 6.718742422599437703e+01
6.868303957515489344e+01 5.148132901819720075e+01 7.277378203258375322e+01
9.968347619611583355e+01 7.790448701974320045e+01 6.108744574035770114e+01
7.895482693156818499e+00 7.267391317296275588e+01 7.024246853030068394e+01
7.755681478094317072e+01 1.245553883994893241e+01 5.933363840635387021e+01
2.957239049516746832e+01 7.602712434028336475e+01 2.976291445569511751e+01
6.839786768204106693e+01 2.949929469839797136e+01 7.660035035602160036e+00
6.333579119730954687e+01 1.132690831589223635e+01 6.572880511788623892e+01
9.256094483569374631e+01 9.692459342110902298e+01 2.632368687870595281e+01
8.092532276506548783e+01 3.535532768724402786e+01 7.941717221591594011e+01
7.874895686293737640e+01 7.392171664576363099e+00 4.140082091148340027e+01
3.373178260096740644e+01 7.851810207232770722e+01 3.634840064522572334e+01
6.845883976530838311e+01 6.024352555904404483e+01 8.734678091373464781e+01
9.377849568016148396e+01 4.276995147387187046e+01 6.883698551267362120e+01
8.294600939812217177e+01 8.988857538621452647e+01 1.746811822617775078e+01
3.020787992734967986e+01 3.202300409685218341e+01 4.480244033816423155e+01
1.692647507154190123e+01 4.962058799500081108e+01 5.659924625728032055e+01
4.973639202167176876e+01 6.657930951976157985e+01 1.929629217569419453e+01
8.759873317074102772e+01 9.390691921010684950e+01 6.460000601780598117e+01
8.813909986368969385e+01 1.314460166482124315e+01 7.384255560946898811e+01
1.191481934725939773e+01 4.080102314975366795e+01 3.170261064712397925e+01
5.855918252204542540e+01 3.015145352395335365e+01 5.816044796835844011e+01
3.673872891519578587e+01 8.607903810304644310e+01 5.921831599975955385e+01
2.152982973214461282e+01 3.361294220280870348e+01 7.859395937835790846e+01
3.864797499874585185e+01 5.357990655656451651e+01 6.003444069674333150e+01
3.478096495859167447e+01 2.939786307580682845e+01 4.361548580526135765e+01
2.148809720927891220e+01 2.842105869190634237e+01 1.759830346422127434e+01
3.039702759710054636e+01 3.207040933635693136e+01 8.783497755524417983e+01
5.897288254658801065e+01 7.873824254158056135e+01 7.776197097825324533e+00
1.065366936083719196e+01 8.145369608625922808e+01 6.039296661136332744e+01
1.909820305402029206e+01 4.047954058617382600e+01 5.294515832084499607e+01
8.436098291374418068e+01 6.041199169449418704e+00 5.409096726004332112e+01
7.170359215866839975e+01 9.778918579104593789e+01 7.904713138828458341e+01
2.762273135652734268e+01 7.095791938782650732e+01 7.114754247085117811e+01
7.297354999183951918e+01 8.201440679518699994e+01 8.116583134803249777e+01
9.842986898934025675e+00 1.047638576811188393e+01 7.295782800830920678e+01
2.523724765214708654e+01 5.854142195007794314e+00 4.288900043960224195e+01
8.198769118260781852e+01 1.265650238139803818e+01 6.284850520437083787e+01
3.615861771567696614e-01 1.097374472124499434e+01 3.664354875931597633e+01
8.360228102441402243e+00 8.459016674371129341e+01 8.316089186285910273e+01
7.555707030995242235e+01 2.424796313956174743e+01 4.524540583813747219e+01
1.841885255233713892e+01 2.812784500731108039e+01 4.533515360001349137e+01
7.350138084607978328e+01 9.465438039363915479e+00 3.572401420764538216e+01
9.266213485719222831e+01 4.291233177818881472e+01 9.476226305100087188e+01
9.914005415521356213e+01 5.266598261114159385e+01 3.542429823148683710e+01
7.907768085725790286e+01 1.593107355250149482e+01 3.651588189022441355e+01
7.848799094992821779e+01 4.336459247320298971e+01 2.302750578165980855e+01
6.511257449523245100e+01 7.327618613816828486e+01 1.596671491245648689e+01
2.769802599749341354e+01 2.212767553722332536e+01 4.119773619916374230e+01
7.634448955760643685e+01 7.137081022743242897e+01 6.627066530003108369e+01
6.285545868591202456e-01 1.421433133803894400e+01 2.122571612341698000e+01
2.719558460388496002e+01 1.464265416489000060e+01 4.095096901438602544e+01
7.518058501402591354e+00 7.500221903877807961e+01 7.248038276562934357e+01
5.742666896008981325e+01 8.970487704196782985e+00 7.816880187394652069e+01
9.656358287081144454e+01 2.023635603217893575e+01 6.352488319769526726e+01
8.419386306424857480e+01 5.398435225427022743e+01 3.816438553533439659e+01
4.785587150803526413e+01 5.122687507844519672e+01 4.294576642417226253e+01
9.298424936337062263e+01 7.438831109425019861e+01 3.129517899393671598e+01
5.855571873198685040e+01 6.886891509311674042e+01 2.116702597100827887e+01
3.584257423801487619e+01 9.055482816039159388e+01 5.104908396855032038e+01
2.169977460603168495e+01 1.227847981191507643e+01 5.234313133353837344e+01
5.476857230291440715e+01 3.344144513546123676e+01 5.588398310860175400e+01
6.868468621938871976e+00 1.451396932661406325e+01 5.163414366273176626e+01
6.181569384445396054e+00 8.809087649911006679e+01 1.573164028086717003e+01
6.739198740845364455e+01 3.912034417144252529e+01 3.847149722068704847e+01
7.648895286111438452e+01 4.994621341729139630e+01 6.789909450670239721e+01
5.051912287527692058e+01 5.929053414052633997e+01 6.852368091063993916e+01
6.073087429212753818e+01 6.156151093887886105e+01 6.911244910354774618e+01
9.490868158193732995e+01 3.767161539353367772e+01 6.005803251600306680e+01
8.627315773354560235e+00 3.588038805688669441e+01 4.147399310445982223e+01
8.352373168240509926e+01 5.133924021256768100e+01 6.581927625301079843e+01
1.900740002567136155e+00 4.644926696283155820e+01 7.743975283749682603e+01
2.243139093057850886e+01 3.152218530711292654e+00 3.607167390934817064e+01
7.044318206475954014e+01 4.544635068414694956e+01 4.496404968235886912e+01
6.698050412383194896e+01 2.543888082830489950e+01 6.405077076313874329e+01
1.531135309057334304e+01 3.957506052859876888e+01 6.475447381470860364e+01
8.283690072301976670e+01 7.915310711650552378e+01 6.732680594116877160e+01
3.590963835363910306e+01 1.223043162937238471e+01 3.239813840318221594e+01
8.648338145764850537e+01 8.573313701326594582e+01 8.685799618866282401e+01
7.598865189554160793e+00 5.368090852774560773e+01 5.829231855683156738e+01
7.106573770668566681e+01 6.438632350104302304e+01 6.348267293193872973e+01
3.594715762893415700e+01 1.794327721354821392e+01 2.833447884957022822e+01
1.197868947016433872e+00 3.503218721062223295e+01 1.055135949989661981e+01
3.214886927901908820e+01 6.282100771662477712e+01 7.963075413043306128e+01
8.396054509905164309e+01 2.526742119575768797e+01 2.612310361117686242e+01
1.930722737967312952e+01 9.709866519036069121e+01 5.565669526200869655e+01
1.825022230005748369e+01 8.407461546868151459e+01 4.217637551522657446e+01
8.992221519747273817e+01 2.606771268344865078e+01 4.427608161627128425e+01
5.049477627900845533e+01 8.926153340890316201e+01 8.289519478044896061e+01
5.743550703038778948e+01 2.217755097808906584e+01 4.769765917693384694e+01
9.756330653655054164e+01 6.077732238774020601e+01 6.959571113573245782e+01
4.498646953614196775e+01 5.320072754668063908e+01 4.180421657323335438e+01
7.029209980619680209e+01 8.514710138868774436e+01 4.597245766444256532e+01
4.808674586362256775e+01 3.402864670983969120e+01 2.267222942292081456e+01
9.392477228751087637e+01 3.160797186795050351e+01 7.310898104671620956e+01
7.153470212874741208e+01 7.909176002781291004e+01 7.758836912042606571e+01
6.233707602208971821e+01 8.979503433820445935e+01 1.937351020222684639e+01
6.267125759567876742e+01 7.722756129146127080e+01 3.638051199123785295e+01
7.407538012919650328e+01 7.784768291162367859e+01 7.712998889639321476e+01
3.128829125959328294e+01 6.816065901683091965e+01 3.608913994765890720e+01
7.390403874984554022e+01 4.629736651457122321e+01 5.659377515345126142e+01
4.158399814305688835e+01 1.619829269298243091e+01 1.518871625675598303e+01
7.756890726213450549e+00 6.180726797216617996e+01 7.703282116591752526e+01
2.083682626208094302e+00 6.623950208835349684e+00 4.991103324007764996e+01
7.377207361681892905e+01 1.577076447119513070e+01 2.568116917071703398e+01
2.320062012818071651e+01 3.990512186711541176e+01 2.975639003498901047e+01
3.525986785447530281e+01 7.285425986619441119e+01 5.124536239036076779e+01
8.118170539169289768e+00 6.377456662457176861e+01 4.734564276395263960e+01
9.345655747071387509e+01 2.893043171040532258e+01 6.979167614773459150e+01
7.308608230445699405e+01 2.215007810091873353e+01 8.073527290822070768e+01
4.911832004296030618e+01 6.788833668893023798e+01 3.033758716875134454e+01
2.578039169919692597e+01 5.861071179372228102e+01 3.236678877948232014e+01
4.996929185709733900e+01 3.740051993732892299e+01 5.823384670750873227e+01
4.871453627808088527e+01 4.609935973168166612e-01 6.216956435475577081e+01
4.221215570501817638e+01 3.416983404902228472e+01 1.296480581290875023e+01
2.203696905664914851e+01 2.237722915808534196e+01 7.875280763170022169e+01
4.325129747465468455e+01 4.206584721517003800e+00 1.520977906973179294e+01
7.903267573291206105e+00 5.888693902072112962e+01 2.667207650184889189e+01
4.985576402817759600e+01 3.700620628699755343e+01 7.266460039095854029e+01
3.204896372653622905e+01 4.582654823968083235e+01 7.411236833420925052e+01
4.333512069306393499e+01 7.932155360131891086e+01 6.051587279335497271e+01
4.105291139467159667e+01 5.039819256863626862e+01 9.012042417900494229e+01
6.616114965083923494e+01 9.049952259723248460e+01 2.502349442391722434e+01
4.832361562451519177e+01 9.086616698450505680e+01 3.281005625925795499e+01
9.676641981464207731e+01 9.707749047365743067e+00 7.838005486284995982e+01
4.452121220658587220e+01 7.374416514116067134e+00 7.301534887549041741e+01
2.519402124091134709e+01 2.225012549522520366e+00 2.169396202775952887e+01
6.591147418997616114e+01 9.778114891381947871e+01 2.233903644247650533e+01
4.619480481247619963e+01 1.806365509475325126e+01 6.262895758369274546e+01
1.180588997618141534e+01 2.398417484808895850e+01 2.286969084622830550e+01
5.525197803669779262e+01 8.731840920006322904e+01 4.731772245469290539e+01
5.824345277147124911e+00 5.633889305968312300e+01 7.563723750713121774e+01
1.321561973043227134e+01 7.271121434459171695e+00 2.233903782434387253e+01
7.460863228216274479e+01 5.916804195320015936e+01 5.783521537323213835e+01
2.494798946317683530e+01 3.322365952468594230e+01 8.554948246793463795e+01
2.406252267293857017e+01 9.016454232550884740e+01 5.065790194152219073e+01
1.232964663712477993e+01 4.673123781550680178e+01 8.379191947901072979e+01
4.185655981373586343e+01 8.633865647893622963e+01 2.781165096418878235e+01
5.709221518003730012e+01 8.438520582019737049e+01 8.557623167949634535e+01
4.858233671513006868e+01 6.396881021454290561e+01 7.086892588056873166e+00
2.532233075133895994e+01 2.787121037469457718e+01 1.778328657053133455e+01
2.796950133569766450e+01 3.211220330581391380e+01 8.412891904323247161e+01
6.686023805608375881e+01 4.260050794163442589e+01 8.772272244417499110e+01
1.532323202346112012e+01 4.760511939304845441e+01 5.792219387464123770e+01
5.558063448407701834e+00 7.169988580831187619e+01 1.305752144727175335e+01
1.402823085996769414e+01 1.596895124620840711e+01 8.929716406224626724e+01
6.832355451381677369e+01 6.554275011031040776e+01 5.074144599097618880e+01
2.928059986951028293e+01 6.208897045993514752e+01 4.038961338671758483e+01
1.454161500926148776e+01 6.895972903277331056e+01 2.319000055227041912e+01
1.906685810211732246e+01 8.176993118476059408e+01 6.524425165376236180e+01
6.309911542136423890e+01 4.182027843427241010e+01 4.736636359374050187e+01
6.902626091854011747e+01 7.400055386090457432e+01 5.193313060158472894e+01
9.692692443485262288e+01 9.556995589188719009e+01 3.954495201291976514e+01
8.206222542831535804e+01 5.432678415984153730e+01 5.847682110785196130e+01
5.496406137865184505e+00 5.739747104683101497e+01 8.416480439330570107e+01
7.801338491950920684e+01 7.863171446992620872e+01 2.077519579247327641e+01
3.584494471335636234e+01 2.332049166502357807e+01 3.435785026145110521e+01
5.795393434937253829e+01 3.647838133702479269e+01 5.481188791057110876e+01
4.385012482745770512e+01 2.866155584497276365e+01 1.517958369322854040e+01
8.918384573447826824e+01 1.137336600464866621e+00 2.892556353446546158e+00
8.267977397635459624e+01 9.968109403257899714e+01 7.427969380188324067e+01
1.527383806288473700e+00 2.266902266685133327e+01 8.751158643656722802e+01
8.086042521738347943e+01 5.667998438047110454e+01 2.842619913238636542e+01
1.437020592674898012e+00 2.086147263740900648e+00 6.673390253967177443e+01
2.183187635242311853e+00 9.936301419253726408e+01 2.053266442862103602e+01
7.107073618692773209e+01 1.550597214124134204e+01 5.507326031710280034e+01
8.061128846621755883e+00 7.667784245332431681e+01 5.282613228650387072e+01
8.616669340141502431e+00 8.485861892000055207e+01 5.427441513560384578e+01
9.215923100133180412e+01 9.166233736781126140e+01 8.423827301232103082e+01
7.778520020046797434e+00 1.209577617545234318e+01 9.211850368025224611e+01
4.876008213987059747e+01 2.382140528291476400e+01 7.604354626156971619e+01
2.642852212124819999e+01 7.272156880186423678e+01 7.426916345649803475e+01
7.842633772952805771e+01 2.740478081979354030e+01 4.688626120380856577e+01
4.132510032332763217e+01 4.912729181044718274e+01 2.807654087115363239e+01
4.524700504143424240e+01 5.107829905154797245e+01 5.069845528967879034e+01
8.199004299844581567e+01 5.173344984794952239e+01 2.715588049114455060e+01
6.631287382441871614e+01 7.973141440866251628e+01 3.239014048844824600e+01
6.453059290176051377e+01 1.469379959460126450e+01 3.499914996192401162e+01
9.092239295496341356e+01 9.113081631625708212e+01 5.036752520308154146e+01
7.023514608651066737e+01 8.540154152059413661e+01 8.968838967166399812e+01
4.898864402897694958e+01 5.615757366260343275e+01 3.389624529588709123e+01
7.198193705642874640e+00 4.228034724488184537e+01 6.998574148233474546e+01
8.048854979915286378e+01 8.923771145932997229e+01 1.237456030587883049e+01
5.271545895806338677e+01 1.074244879370762717e+01 3.003208223279832367e+01
9.002165023806064426e+01 4.967912584296958300e+01 6.798904691968543545e+01
6.438410592868082816e+00 4.168265039248520054e+01 6.508246888864310620e+01
1.334064812782133025e+01 3.258178791056831614e+01 1.329912535631533643e+01
6.513399408695104853e+01 9.708912590581185498e+01 7.964955580333507612e+01
9.746231168075655660e+01 8.456047950983965222e+01 7.962294866239084001e+01
5.771771953713425773e+01 5.182523114132099096e+01 4.487344986371024902e+01
8.180948950458800084e+01 1.820676122780245976e+01 1.070598630015565256e+01
9.478938226846750581e+01 3.778185203477057996e-01 8.387505095191251314e+01
7.288533698737657573e+01 3.284989196978276027e+01 6.675739926166620819e+01
8.178751571851273638e+01 2.453620559864359052e+01 6.923049109766145648e+01
8.043696250082402344e+01 2.493546301253454089e+01 1.190852274808356270e+01
2.041222845580976752e+01 2.006464088893944364e+01 1.497912755452592037e+01
7.260073846551958354e+01 3.799749244584081964e+01 8.553449624176849397e+01
2.521711056651859550e+01 4.532321650999273288e+01 6.367304462595689785e+01
8.774649496717779584e+01 5.246211016193748122e+01 3.604437352695880747e+01
8.670150784720088666e+01 3.102464246876105491e+01 1.017435452865560919e+01
4.450421075102399726e+01 7.850933064979919607e+01 1.783644904933442632e+01
5.858822449895920670e+01 5.944640485272361019e+01 7.762002433924727995e+01
2.864648171450217973e+01 2.788366132106962070e+01 4.243515530845206030e+01
3.569149014715151935e+01 7.363458626893267933e+01 6.331988000037015496e+01
7.589210379062663492e+01 8.200417911986890829e+01 9.029899585866095890e+01
4.309367317846476197e+01 9.846973894715495135e+01 2.517653971932291057e+01
7.143651619473286019e+01 5.340093173071892352e+01 7.508105419591188934e+01
4.767705206064260182e+01 7.839386353624313131e+01 8.063738188960584807e+01
7.322942661400873021e+01 7.760942862183243562e+01 1.435965539240563693e+01
2.049576622322806330e+01 9.743037405035937581e+01 6.019437524651053195e+01
5.614490173110046101e+01 3.669763733964500574e+01 8.927101707687553400e+00
3.691359079641350149e+01 4.989128732895758844e+01 2.872122042699598410e+01
1.731367912738325288e+01 5.084165513575168660e+01 5.436864268160487512e+01
2.399179188545248564e+01 5.873894744562130654e+01 8.551173807375356262e+01
4.731732580213537886e+01 8.573901695871813899e+01 8.334248918141049955e+01
9.239402893708570375e+00 9.581157965679699018e+00 4.159894298937535950e+01
5.881024443177026484e+01 4.258834644650292489e+01 3.974547944242529951e+01
6.409941161261558307e+01 2.081512349920267013e-01 8.193288485950478162e+01
2.320790881880221335e+01 9.170987685830070291e+01 1.480148446829790743e+01
2.380871820445725717e+01 2.348737010875003861e+01 8.877018185194823729e+01
4.600545725884419568e-01 6.396382093034957705e+01 8.337362794567542323e+01
6.722736540247366577e+01 3.627338182169441438e+01 8.435258359190268607e+01
8.935207545890409619e+01 4.339549202495177838e+01 5.133300608694872835e+01
9.675191878052406480e+01 9.825603619264701649e+01 4.570443298768654472e+01
8.473500281430885650e+01 3.019802269539363238e+01 3.780874766801801456e+01
1.648218829902262783e+01 2.091845927767302982e+01 6.001700117962420933e+01
5.107816180070808798e+01 2.311318606256028829e+01 4.209886915108847205e+01
3.731834598636817191e+01 9.873602045353342760e+01 7.305241455261896988e+01
3.879663333838242778e+01 9.139165788960330872e+01 2.928291648344194087e+01
6.679015127348594660e+01 9.666499966821125156e+01 4.890522595423346530e+01
6.798849651049337695e+01 2.959238110626332130e+01 3.050411364214320997e+01
5.741566664315519120e+01 9.792645980332181921e+01 4.602126077536053828e+01
9.376369703165806868e+01 9.143635202447616450e+01 2.586836619863081665e+01
4.018194070843274091e+01 6.433024784941831342e+01 5.426309481016370029e+01
9.595852986317431998e+00 9.936980301271583471e+01 6.755668999034254796e+01
4.376940382247117611e+01 6.181685496662912982e+01 4.148605641538023470e+00
4.953016536896100064e+01 9.308324158174877994e+01 7.915611634015006359e+01
3.373808454831456061e+01 5.313678638213388439e+01 6.407800334756163352e+01
3.400092669079053564e+01 6.487921809393847994e+00 4.888256897954723001e+01
6.016357358233364039e+01 5.841600121510248655e-01 1.534769722096566902e+01
2.072906435941522929e+01 3.480522869909341921e+01 4.985018410697650637e+01
2.938429187596652881e+01 2.761838144065037426e+01 7.622294507186632018e+01
1.450506408014262760e+01 4.954601331723602442e+01 8.483693368857214523e+01
6.250132491160458414e+01 7.172054798944384402e+01 3.681802784482374591e+01
1.993216711971956823e+00 6.461303683672053921e+01 5.190795137348268895e+01
1.104276364633330942e+01 4.621597136246315074e+01 8.339431302121789713e+01
2.050848319719751345e+01 4.610987546341102927e+01 4.642867579147431911e+01
8.107614681476384533e+01 8.245758703294445979e+01 7.385577720552096537e+01
3.654541591882737350e+01 7.203692501852010821e+00 3.581857800495319566e+01
6.797912012713396734e+01 7.027465744890764654e+01 8.217844681695341080e+01
4.536412314437085058e+01 6.324355829402903595e+01 4.442044499049082873e+01
1.506185601132373719e+01 4.612024721321360232e+01 4.915878689609767349e+01
9.507496060422585060e+01 3.665390544089560620e+01 8.999781057083022517e+01
5.423000740240843953e+01 2.424692433030575245e+01 2.986940948944785035e+01
1.416949172602317475e+01 4.529328705734529592e+01 1.037476773343056280e+01
4.450452833148654008e+01 9.884046921559462362e+01 5.805401438614882181e+01
7.597861212004046649e+01 1.190053907182625537e+01 4.335208297081415907e+01
2.862231010257139019e+01 8.940975279890292882e+01 1.968780458559582058e+01
4.587333271367419485e+01 5.880477183456377333e+01 4.862200992110491171e+01
8.302435279704073423e+01 2.314531713196403828e+01 4.370519927767065838e+01
7.920842965739525710e+01 5.280714117368048477e+01 4.603919484263859374e+01
2.944251474483150499e+00 7.533854240156094306e+01 8.692768240759987464e+01
6.202870094885100372e+01 8.565412206887945956e+01 5.125445995911294261e+01
2.316809654233645688e+01 1.444210423514546981e+00 5.838772798304708544e+01
4.931088482482446267e+01 7.820981470876014896e+01 5.803442191852641230e+01
9.879523682065646994e+01 5.103125834120397997e+01 5.048500462808691225e+01
2.867396894392949491e+01 4.768612917912744820e+01 7.006519611065962749e+01
4.243972579174126736e+00 9.779000472861886806e+01 8.186832849753758978e+01
5.978213785879017195e+01 3.315442036954014071e+01 3.387524193231082847e+01
2.764903956848787558e+01 5.010542650497185058e+00 4.717075766612764198e+01
5.732427086440583963e+00 7.184742147759251907e+01 3.410063115353465690e+01
1.993647317471631908e+01 5.448535578360383624e+01 9.054157552268877396e+01
6.951310490184182811e+01 4.917468501041602025e+01 7.486085601409597245e+01
7.374764718989887058e+01 8.917354610577936569e+01 1.962074420987095635e+01
8.588775762587319207e+01 3.010260870416988510e+01 8.291531153233063378e+01
2.810651489467351638e+01 9.268485431626761795e+01 9.051781067601044128e+01
1.454913574570142387e+01 9.744998832627830154e+01 1.202553106667444283e+01
2.185677866125219637e+01 4.441687808728045184e+01 9.052617130603024975e+01
4.885630511653793207e+01 5.504094431784858443e+01 7.079232786562486979e+01
9.682935582729513158e+01 7.833514001242444635e+01 1.688904483308440163e+01
3.029909306643546785e+01 9.762823960852440308e+00 5.951853294759057178e+01
1.807403065392215780e+01 2.574048884793657166e+01 8.184226102926697877e+01
3.267556753320152296e+01 5.666467183541670494e+01 3.347527190975490186e+01
7.403128740591357726e+00 3.628638298967050702e+01 3.947794246945286289e+01
8.957011019115182648e+01 3.244506536463395463e+01 4.354459643523092893e+01
7.828967686723345309e+01 7.589566512115979435e+01 7.058066929287308255e+01
9.537707400760039889e+01 7.955574983947842327e+01 3.554847853461107832e+01
8.215085168980918695e+01 5.086746320899383278e+01 3.561890059225294181e+01
3.029170681310123925e+01 2.238423885633983446e+01 2.200010386399051399e+01
1.844904118536503290e+01 6.317804995381937516e+00 8.052248033493324897e+01
9.310078096491231747e+01 5.867703924938955140e+01 7.649172733368494903e+01
1.835711026531471290e+01 9.016738252269851728e+01 5.384278909465882634e+01
6.716499260555508499e+00 1.413127444941602029e+01 3.475852108728619072e+01
4.355758035475143508e+00 3.092933780174436009e+01 1.588468296836501636e+01
2.360276051928251917e+01 2.656697558564415829e+01 8.661552937552876585e+01
2.355466737636644581e+01 2.391864489385803338e+01 5.654518873897080056e+01
8.593574785164518914e+01 3.870554126020865482e+01 8.229217129717099510e+01
3.401420207477571012e+01 1.970158796150193226e+01 3.973049285885594628e+01
6.093563739279923652e+01 3.671431593120737347e+01 6.231308115368538125e+01
2.369358794224823939e+01 7.009928939891487687e+01 4.031270583028531007e+01
4.558683716019344700e+01 5.577451404428958881e+01 6.294891613306781153e+01
2.387136918487336956e+01 8.359455374108104309e+01 6.684965462747936726e+01
2.340979190239994523e+01 9.749745626029103107e+01 6.971227182356027186e+01
4.524268864667055823e+01 1.575273255535163486e+01 5.065241228534572571e+01
1.647758868271181854e+01 4.294916786978437528e+01 4.026035135475824234e+01
7.199396443474601881e+01 1.923831812242497818e+01 6.775176516127990567e+01
3.261323270161658172e+01 4.439886269687750797e+01 7.414971273664023954e+01
6.253923997135147772e+01 3.080253518019373615e+01 3.696051764791305771e+01
3.057868139896101667e+01 5.947701672771571424e+01 3.608608818446599997e+01
7.256976947831408609e+01 5.797871585837260966e+01 1.896197038662877787e+01
3.102686186798824153e+01 2.214474419101557601e+01 3.837204683605888533e+01
5.159840862093631131e+01 5.067628572841098844e+01 6.940398323172836115e+01
1.891718636017093402e+01 9.464728292974467649e+01 3.615267532563719044e+01
3.002488469161385254e+01 6.851785781802198017e+01 7.883580342694523324e+01
3.784717648136533796e+01 7.468469748939770625e+01 8.661600978621207503e+01
7.668036652069574188e+01 3.419648557083299067e+00 7.847576797424183326e+01
7.744809584543673964e+01 6.692902381531860101e+01 7.551581761513905633e+01
9.794253958319389142e+01 4.311128878183496482e+01 1.732938298024961554e+01
4.608899696277166669e+01 4.643365539104793882e+00 3.437354938424078199e+01
5.868797917967589939e+01 3.096228929261562968e+01 7.017976940961037258e+01
8.219863276857211076e+01 4.204391792795368588e+01 7.642195726145078538e+01
7.983893135040021072e+00 8.401131642004497735e+01 7.313101148654709505e+01
3.219938963267649257e+01 2.987151871246149781e+01 2.989493471798320812e+01
8.113937123444110000e+01 8.316534876101951568e+01 3.402067768109009194e+01
5.925903474444618269e+01 1.389332294404544932e+01 4.938286804455856327e+01
9.987928508555383189e+01 1.588391477062468482e+01 8.107684586903458523e+01
8.242547219650077750e+01 9.722146509462699271e+01 2.505758414255761579e+01
2.135184904433642572e+01 1.686718173485868277e+00 6.505930606313778242e+01
6.440946934361856790e+01 1.780654383247320993e+01 7.145486811687531770e+01
2.991955061317253950e+01 1.349955693306351634e+01 4.363569923918202420e+01
9.096984842685607475e+00 2.632436562732466356e+01 4.549561787849278005e+01
8.518641745141498234e+01 7.925487412932213260e+01 4.156101093549452230e+01
7.245750577523875791e+01 5.686496361790050003e+01 3.582937876219041584e+01
7.258743434952847906e+01 6.834991544663779450e+01 5.444673226187735082e+01
6.179555210432505419e+01 6.829819923269766946e+01 3.677603429881434494e+01
8.690758150677024219e+01 1.623078454964608142e+01 7.599833445559166023e+01
3.422818430319944127e+01 1.250316156086225305e+01 5.828551085650401831e+01
3.759866690704052417e+01 8.154997271035192341e+01 4.522290711482985870e+01
6.685625255621097551e+01 3.082579895048255381e+01 2.824432778092190688e+01
3.880490309488238410e+01 6.068078346024334735e+01 5.885603423724716521e+01
5.782066652980183363e+01 9.880557186241088630e+01 6.678276214166633906e+01
9.315196275969177009e+01 1.179331948951745090e+01 1.383147069842241805e+01
3.109947020119536631e+01 1.365889383764239362e+01 5.100592429917197990e+01
5.189812535232787383e+01 5.750471664439501751e+01 6.406527380048598275e+01
9.713297002123198354e+01 8.782586914391464461e+01 1.864198086993146930e+01
3.385136887706572395e+01 2.558230250480418988e+01 2.353673683166591601e+01
5.447248766557844846e+01 5.532644020327305157e+01 2.730887050572727404e+01
7.118972503066855495e+01 7.329142991695051990e+01 1.170795442261804631e+01
3.957577037223165917e+01 8.901406412016210368e+01 5.362042934216011503e+01
3.476278014389942683e+01 2.536761515951301149e+01 2.373144716525907683e+01
9.976803385080634357e+00 8.172264190930921757e+01 1.454851165437594851e+01
2.922947658618157973e+01 4.567573856635320340e+00 7.417664386087983530e+01
3.928368222679046173e+00 3.083011038682084148e+01 5.401416354321205660e+01
4.095613602934437836e+01 2.822710672491004402e+01 3.471428000425662219e+01
7.977903060062493523e+01 9.739780950872450660e+01 3.711046510380108998e+01
3.914551360901652455e+00 3.656577790910842118e+00 6.229690350666076171e+01
5.523698216091269586e+01 7.835926574173304004e+01 6.865644315890712335e+01
9.075063492653964659e+01 8.858242910466235287e+01 7.216259852465502433e+01
4.751891600421437545e+01 3.081264076038524635e+01 4.249081975285567125e+01
5.020716073198235563e+01 6.102755488893376423e+01 2.251090029919608426e+01
6.556198804449887518e+01 4.566009242058157724e+01 5.376214888437404937e+01
2.396048229195456614e+01 4.343948938773549884e+01 2.857476908757303846e+01
8.753051567568016367e+01 4.879610450415376022e+01 2.656352054984932920e+01
4.120869574154628623e+00 6.757386646535418606e+01 2.210115406390971060e+01
9.895821923187783398e+01 5.337003734151716117e+01 3.523274988673230723e+01
6.576774337926303815e+01 2.752199234380855586e+01 7.711386130144471451e+01
3.082360509299418894e+01 9.882477323959092530e+01 5.674374449635106998e+01
8.444111489426633455e+01 7.281546957842222056e+00 3.168614881119389182e+01
7.374870861661496235e+01 6.550590173405826988e+01 2.076909399731717443e+01
3.562029305097098586e+01 2.634434074875409237e+01 5.487999737977143866e+01
3.445682294587749794e+01 3.090542420003498236e+01 2.831754277469541492e+01
4.090271209146483500e+01 1.955025901965535695e+01 7.999388601815489608e+01
1.545018114953034072e+01 9.133047149587763158e+01 4.310802104100709897e+01
3.778659915617220832e+01 2.313198009048488402e+01 5.918035456209672418e+01
6.855280150108363557e+01 4.675709622524174591e+01 1.712989521913796054e+01
9.185101506885499134e+01 9.803291328763809531e+01 4.445890439122293003e+01
6.136608074093271625e+01 4.502986262437467246e+01 3.679169143895265393e+01
7.731879285780762778e+00 4.560677303972988739e+01 7.294891294884328659e+01
1.703146108800357439e+00 5.821076831802223239e+01 7.515887218093838840e+01
2.175494300143580162e+01 1.832558646890622001e+01 7.000451244638347248e+01
2.550864311192933087e+01 1.919842675606484761e+01 4.235271579018601074e+01
3.925020122702179748e+01 8.741010630165659734e+01 6.194800812955042346e+01
4.059614563395893327e+01 5.343879642857668699e+01 8.438933247081141076e+01
1.132146766098953705e+01 2.077155217246914276e+01 8.333396329930586433e+01
9.573248485272041819e+01 1.771654212647726467e+01 1.588988633456022370e+01
4.210851343386197954e+01 4.971829248796910683e+00 6.120478469072433114e+01
7.749602166174218709e+00 5.802962709428072685e+00 4.848119171653392812e+01
9.577866361101014547e+01 4.267959360631595445e+01 4.343654151919400164e+01
9.979567155022859026e+01 5.319689607791834618e+01 3.946329220588871323e+01
3.858608133416018404e+01 1.949594960335104687e+01 5.263088077128708164e+01
4.388550281680058163e+01 2.707952963474134123e+01 1.827401142719521232e+01
3.112388686675536675e+01 5.086833276877293031e+01 1.329258028420368021e+01
1.537440285839559806e+01 9.476572669690953887e+01 5.319735368204686665e+01
6.344930366003787015e+00 6.930877587695729858e+01 1.283258222577497421e+01
7.388742270463730222e+01 7.499627217200269058e+01 6.136098517157771681e+01
7.322045446193496332e+01 8.796578101305774666e+00 6.813651943442641823e+01
1.366883197238829517e+01 3.395059072718438387e+01 8.719085013659811523e+01
5.028754776591400599e+01 9.674264320830138786e+01 2.038254818125252044e+01
4.775565995631800575e+01 6.240232027687064864e+00 5.051282030387375244e+01
7.870700136851638717e+00 1.753678025403772978e+01 3.400959943020175302e+01
7.487438516644832021e+01 1.639621188180747779e+01 7.041941077301602547e+01
1.319039388308008753e+01 3.524444907015633621e+00 4.183386588784070170e+01
9.794416419712950983e+01 1.103422277887772296e+01 2.626271280902937733e+01
7.511665107956238785e+01 3.121616939935653079e+01 6.667410226654584449e+01
2.000105894433633580e+01 4.600719941981628835e+01 3.072989138912677731e+01
4.515282148790868888e+01 7.690970925853038409e+01 6.922948601639960486e+01
5.157722876737236106e+01 9.283718437210509933e+01 3.259340294328952581e+01
2.403113511192330876e+01 6.138064011754337201e+01 6.049833686014945044e+01
4.654003956497398953e+00 6.077777123868975906e+01 3.613892141412674874e+01
7.474425253205590991e+01 8.081056645452729015e+01 5.291826320216625845e+01
1.705031502265086374e-01 6.363658101666420919e+01 6.486450222751382455e+01
2.489832662315142287e+01 4.646460011407887691e+01 8.661870059574982861e+01
2.981155533941034363e+01 2.231532510417407877e+01 2.384826743358241430e+01
5.588008343539962652e+01 9.497871013080064984e+01 5.855053006221690737e+01
3.033231202376599356e+01 6.385697780674540525e+01 5.641680826390569337e+01
5.969251357296542437e+01 1.594262068883019978e+01 5.922952611025408487e+01
4.301644525144996578e+01 1.859205862303336954e+00 5.241007506775980573e+01
9.892667452184176113e+01 3.497395908439835210e+01 8.740959944298516859e+01
9.620574166259455495e+00 7.324501158673062662e+01 1.880620665520295276e+01
2.735715735552741634e+01 5.708408353221243914e+01 5.598670667057719186e+01
7.752113172341712755e+01 6.153114072274392754e+01 5.355778313078036490e+01
9.123530869891382622e+01 4.521607522091571951e+01 2.706739036740751914e+01
1.617885850236302403e+01 3.999945968094997539e+01 6.574915057727093881e+01
4.254348492990089881e+00 1.290533865094061206e+01 2.119520205744699481e+01
5.852501530514587813e+01 2.428646505312662640e+01 2.661302122113679047e+01
5.927707197430223118e+01 7.613099154523791867e+01 2.985424975669273451e+01
5.782046056765961595e+01 9.812441319946019647e+00 8.712983728208151035e+01
3.368961853147728647e+01 9.975056931735012711e+01 9.148574710001699373e+01
7.788234493358115174e+01 2.006709540696671734e+00 4.719045782738227501e+01
8.683642044001150140e+00 8.951380259615162061e+01 7.510895007598396944e+01
9.723403765956830114e+01 6.083829531497953980e+01 5.459245887721206003e+01
5.189738559443875943e+01 3.864483744543449006e+01 4.270822220121352331e+01
6.354125831353503173e+01 9.329476075562772053e+01 5.598637617412683909e+01
8.571159423173672565e+01 8.627799113025005795e+01 5.142725941895730557e+01
3.474696414976216374e+01 6.395738733320810354e+01 4.704507843667570910e+01
8.144086732193290601e+00 3.778091004324336666e+01 8.538518167698228467e+01
4.851187002628720712e+00 6.966669119009266353e+01 8.166644562690393627e+01
6.487259034753788001e+01 5.697482311632899865e+01 5.778167602885534393e+01
4.293427372996556812e+01 9.136173730887675148e+00 9.222638326451189528e+01
4.323007699841960516e+01 6.653892371680176154e+01 5.392824429416882737e+01
5.467307197755455483e+00 9.527466009925385038e+01 7.044851771017182784e+01
1.490978944693949160e+01 9.816488762882667629e+01 7.197095342054646494e+01
4.723216504283088568e+01 6.113700565595732428e+01 1.279755523553055596e+01
5.604115100156109719e+01 7.366107201705940355e+00 5.325791401759983046e+01
5.526956887627854087e+01 8.744387851607439188e+01 6.845377972170238934e+01
2.495523922151200580e+01 8.884261421878568399e+01 5.606645204656358317e+01
6.063794785740337545e+01 1.689813692221783370e+01 7.487885434592247691e+01
9.309651150165440470e+01 7.749906494949081548e+01 8.304510411771052247e+01
3.022999041223458505e+01 8.611191683627711768e+01 4.874338762865612296e+01
1.639172029435849254e+01 6.688005990334011130e+01 6.118121246645637257e+01
2.869245137566901604e+01 2.749333162757006122e+00 2.576700281579587681e+01
3.997775476738867440e+01 1.675629110598685401e+01 2.168258883682879201e+01
3.913906643822695486e+01 9.617866143085603881e+01 7.475295354653054858e+01
3.197484012265640985e+01 9.516040689185481938e+01 6.737742717659548930e+01
4.554496446401401499e+01 4.683001989551470956e+01 4.064250550928721140e+01
2.329920525459396785e+01 3.866321922137056788e+01 5.515818618791917061e+01
5.280273507302209879e+01 7.617369022125180322e+01 3.675438799502538245e+01
7.167980293039524042e+01 5.780918387686846671e+01 8.296970807113761737e+01
3.852849260339826998e+01 9.012164642607902465e+01 7.353920829016482230e+01
6.376642845894568978e+01 6.545144667421172358e+01 1.561704668139559971e+01
9.502246055934323010e+01 1.069360634957439160e+01 4.700310452470417744e+01
3.300708004491544756e+01 4.298519782898517860e+01 6.066615990191300511e+01
9.088513778823215716e+01 4.575671235723014263e+01 8.924817133230364163e+01
5.928120653514997684e+01 1.605539426421744764e+01 2.793708920853237387e+01
7.161110355892510881e+01 5.039779424338175495e+00 5.000859638387370154e+01
1.482191098035166021e+01 4.332186351778450017e+01 6.999733858766242633e+01
4.588129282414341503e+01 1.634511089809269535e+01 2.745582041841941390e+01
3.675395886521823741e+01 6.956118348641471272e+00 6.221646787376706556e+01
6.075337912780501881e+01 6.215192713256745272e+00 5.001320303508464349e+01
4.140006828847248954e+01 3.338195685526012113e+01 5.245729346429340723e+01
3.459574900601117520e+01 4.164092794778060380e+01 7.763873099422508517e+01
1.621093554302014539e+01 6.191146953034208877e+01 4.670726752856880637e+01
3.050716374793490715e+01 7.275346564904107538e+01 5.090997484169492537e+01
4.773615269606953149e+01 6.676693147712001064e+01 7.220383920336178107e+01
9.726687900335761583e+01 6.293503683763734813e+01 8.245200653232301136e+01
1.091541022956943330e-01 5.302356927258912123e+01 2.148513904391077389e+01
9.419245708313717103e+00 5.319710170643921288e+01 7.557488728943782519e+01
4.122725224743797412e+01 6.701074493444349400e+01 5.211735644800795342e+01
4.370858659594259876e+01 2.902566404358606178e+01 4.225666412632556046e+01
3.497956307944279075e+01 6.461871840148815238e+01 1.662798273717059772e+01
9.263636868780601219e+00 6.600129942084603840e+01 5.628846544069398306e+01
4.302000967426575784e+01 1.524428844079035450e+01 2.998535818423971833e+01
7.897317633200115949e+01 8.896212357892569855e+01 6.744596228108626690e+01
5.991217588088082024e+00 6.704097766011184945e+01 2.866721862407784016e+01
3.152512430264050636e+01 1.958732079599845122e+01 6.392571440783264336e+01
6.486021226372790238e+01 6.118350545991808787e+01 6.448340882168139387e+01
2.367722614039033857e+01 4.446444143253616232e+01 6.240542372433577611e+01
6.365940276183004443e+01 7.918518627551304689e+01 2.421769799765672460e+01
7.703361216968224312e+01 4.401844806169356872e+01 5.816871429428412910e+01
4.557193800652867566e+01 9.486101697909433028e+01 3.140096663173675040e+01
6.750050885823570468e+01 5.765350007681588806e+01 2.168990332374043106e+01
6.600633581166793107e+00 7.991443889716636306e+01 2.518101574662222575e+01
1.865066827857759790e+01 9.784342239890393955e+01 7.143931069986267346e+01
2.504868416012224941e+01 5.909489601516012414e+01 5.351935396197012551e+01
8.444732675138475031e+01 7.293207478326243631e+01 8.032477848549470423e+01
2.115065879773624502e+01 6.402192043670052612e+01 3.034154467067912808e+00
6.894061227922010815e+00 7.135270327045972749e+01 9.417828898741413823e+00
5.797650089005092156e+01 8.404050984445299832e+01 2.678549005297786678e+01
4.484043683991279394e+00 7.138474496287268778e+01 7.704710279551176200e+01
7.171713920582678270e+01 5.784472430027752665e+01 2.489528661289440592e+01
1.537562404449699383e+00 6.946721084790532075e+01 2.448998203209833235e+01
8.581626771823574984e+01 4.663641188326113252e+01 5.179883229024584068e+01
7.539365442663667238e+01 7.794306078033432073e+01 6.067859005415832030e+01
9.384318154127430489e+01 9.822984363204193414e+01 8.611263671167603206e+01
8.241791853439434590e+01 7.056252202442514943e+01 6.316065111334797422e+01
1.037501769205339031e+01 2.714843468191124742e+01 1.018754401673775867e+01
1.374098702339918709e+01 4.392294771691883426e+01 1.640430469866435814e+01
9.016634146767579239e+01 8.056991853352819533e+01 1.125054435362387295e+01
2.489137154672660301e+01 8.190718846115088070e+01 7.368967952896814211e+01
9.454505501177888505e+01 9.975477616173603224e+01 8.787618797640332957e+01
4.101379857214414670e+01 2.503284438020322256e+01 6.579023896525626469e+01
2.992728927440307984e+01 8.064003601313297054e+01 5.630968397648822332e+01
7.939272752349538109e+01 2.758798797170104322e+01 5.274143663110800873e+01
5.640237936021820531e+01 9.431080677201320839e+01 2.659795742799652629e+01
9.366882392848945926e+01 8.048589154657157962e+01 6.710794277337035396e+01
7.868702691851251529e+01 6.054250458800569845e+01 3.645878496963415927e+01
1.894949688398527243e+01 8.663414358503904111e+01 6.814277930839767805e+01
2.132042827609490487e+01 6.150933658744015275e+01 4.646869546772884974e+01
1.586551699630939183e+01 5.318571093571643615e+01 2.883685450852717480e+01
9.624412415757156225e+00 4.669582985454108126e+01 5.520250862442990325e+01
4.690641038115050954e+00 4.020927494109967881e+01 3.553513492924183481e+01
3.065059070723241685e+00 1.256625496115058027e+01 2.016408653263346551e+01
1.828742481179711632e+01 8.033775714379211763e+01 4.390980818092955218e+01
1.470859922703868783e+01 1.002969669278892439e+01 3.268922616623798660e+01
7.980155187044523757e+01 3.644598479396434954e+01 3.177966152510218123e+01
4.041161815461599360e+01 5.553115572870574823e+01 1.094090976538602611e+01
6.276418014401730971e+01 3.951007530147892766e+01 5.775694445103903618e+00
6.738893989463808509e+01 7.123876355626481427e+01 5.696515872145175763e+01
3.419302175984222458e+01 5.296048540659611348e+01 4.311488181502203076e+01
7.006217301596944935e+01 5.835801862336887069e+01 9.212486156105734736e+00
6.430935582189974298e+01 6.872384143378015153e+01 4.042726854392541469e+01
8.757857809597044252e+01 8.430143548449626678e+01 1.969746374180732928e+01
9.042663084858685352e+01 4.408723714950775019e+01 5.979747011538142232e+01
8.140970069672360410e+01 5.051124210696899297e+01 3.691057744384707462e+01
9.154513686150983176e+01 2.308535529354232096e+01 2.942995038557153009e+01
3.616203140134371097e+01 8.594657779705656253e+01 9.059474578149233537e+01
2.200677147548618606e+01 8.638701476312454020e+01 3.314147370899447509e+01
9.706412467498880403e+01 5.974078919815822530e+01 7.747115236473649524e+00
3.412990407117788560e+00 1.474845308047084735e+01 2.762286896634036992e+01
7.676191228265966515e+01 2.227658764169498795e+01 8.592756569794148902e+01
6.361120572029383169e+01 6.925175092535177157e+01 2.014713289614373437e+01
8.927063140950846787e+01 6.678145728199314135e+01 7.892870222241529632e+01
9.564810972312270110e+01 1.256409771095964345e+01 1.010243922684175644e+01
8.034078265896357607e+01 8.661260590941702731e+01 5.918766966937848650e+01
3.660005477505205818e+01 6.526296360752238002e+01 3.657301721971459330e+01
2.383856921534681561e+01 4.881452095272654645e+01 2.240264754910066713e+01
4.837036083151728860e+01 9.566065054635718923e+01 7.742884405353453303e+01
9.416309195000222587e+01 8.063289748473584950e+01 3.784452450472365825e+01
8.120452385515591232e+01 9.229157435532140141e+01 8.913430134327259680e+01
6.831978506849971211e+01 2.113666438151131644e+01 6.530160985716114475e+00
1.472002281601557705e+01 9.655469178939453911e+01 4.848581499778826043e+01
8.549860148320574638e+01 4.650441535582911001e+01 5.687603498084005338e+01
2.414077712233364537e+00 2.498649427193667805e+01 4.710447173073347926e+01
6.306310471541631557e+01 1.715211880531785127e+01 7.503365105834011217e+01
3.644047061362373086e+01 8.174352692338844406e+01 1.362451050066632341e+01
6.797565876823719577e+01 2.933283332065101945e+01 7.818510477234733003e+01
4.021704270424105943e+01 6.653496322635665194e+01 7.812509795845137717e+01
2.062663201376435662e+00 1.111678233437363161e+00 7.565101366113002257e+01
6.463930515080781447e+01 2.929797205044326702e+01 5.453937906926811507e+01
4.193566559886874323e+00 1.924456053612407658e+01 4.438608803489001531e+01
8.340444162214822654e+01 4.796671828600847931e+01 5.537643687488080957e+01
8.737537919937804531e+01 3.088189135888452697e+01 6.676914410039239556e+01
8.616672586782533472e+01 2.026157006961767237e+01 3.496947278690992533e+01
9.798101738893551271e+01 9.832185647962110409e+01 3.726629341137827112e+01
6.644583889262811738e+00 2.709216113100528744e+01 3.840317680408222856e+01
4.410056009311637126e+01 6.188063073304236639e+01 8.707472705255932510e+01
3.303480119071624443e+01 8.499845354992085333e+01 1.296639196945778849e+01
4.187469897321472345e+00 5.040451831234612712e+01 1.974042992197486512e+01
3.924898012342301712e+01 8.967781168692343385e+01 3.625841945870727301e+01
7.059757751249031799e+01 3.023653923900668872e+01 1.360250316201243947e+01
5.566905814103093775e+01 8.348534905367517922e+01 4.291967994640053519e+01
6.172938264580870538e+01 9.000235976577258157e+01 6.885188234627895554e+01
1.938763993928193230e+01 7.333839593650057509e+01 4.490157074232294576e+01
7.459668078860846663e+01 4.945155505222182057e+01 2.001366237884249344e+01
5.699094466892391608e+01 4.921339923973398811e+01 5.653786229930444307e+01
8.789024536458703096e+01 8.948370467062514422e+01 4.310929496644834558e+01
4.557320412800883958e+01 5.151869588726160032e+01 5.973017125124508198e+01
9.503871441791126529e+01 6.494004673774934133e+01 2.850073204697606144e+01
5.315367969539899207e+01 6.272235829079828306e+01 6.146316693609398385e+01
5.852542262381826532e+01 1.777361546215373522e+01 1.205132197846996611e+01
3.378430523668544083e+01 4.275221545602535400e+01 1.299166429875763562e+01
8.149673380198461814e+01 3.440774375102737537e+01 7.452449081817616161e+01
1.544101078422651696e+01 5.693495693731343010e+00 4.516677624555163106e+01
1.891293368257066376e+01 9.373992755778611752e+01 1.002048658433509409e+01
4.126196750590349893e+01 9.267477713451683030e+01 3.931743323409311586e+01
9.310928060046075316e+00 3.028949428617870865e+01 5.156356791837193043e+01
1.851516873433330801e+01 4.665617051432619178e+01 7.964006190506664495e+01
8.726179701966130153e+01 4.926073471073211252e+00 2.050656336753221964e+01
2.752901357668041626e+01 5.948658508876017947e+01 3.387556635336974864e+01
8.440409134460755070e+01 7.166718682829376519e+01 2.286872775600198437e+01
6.245575025120911761e+01 1.130126253469784281e+01 2.363435954253881022e+01
1.778706335342280553e+01 1.730619492007049587e+01 5.619533335898425719e+01
5.636049225541614760e+01 1.760281527877268815e+01 8.563178474737482304e+01
4.218367323682937808e+01 9.706932815493662048e+00 2.123973087104020507e+01
5.838937137265946831e+01 9.790694033834728316e+01 6.036745774908184359e+01
9.490414766166371408e+01 4.441328507580267626e+01 4.319322760704695696e+01
5.000073593158822405e+01 6.974254581555553045e+01 3.927551410587598468e+01
8.638860326789570365e+01 2.928138476814623470e+00 4.596907201927300690e+01
5.109918499799178448e+01 6.070322382630961755e+01 3.822924800905904874e+01
4.274799709858353225e+01 4.845377502140566151e+01 5.714119001453873636e+01
7.735441847358140421e+01 7.378273273437872604e+01 3.925018580831154935e+01
9.994505229919636236e+01 8.486653117871793484e+01 3.110157446077332821e+01
1.951058056728275503e+01 3.140212505833904899e+01 4.373512087459795339e+01
8.507993783196138793e+01 7.783622637945344991e+01 7.909971045759405683e+01
2.719571149103284924e+01 5.934612224518362211e+01 3.448030633969592884e+01
1.090231607194931485e+01 6.841977434746806352e+01 2.240267658972287279e+01
6.676977617064714821e+01 6.479643049054091364e+01 8.322650160733206803e+01
1.395546045635643928e+01 7.834801485088108564e+01 9.035862871198357027e+01
8.510424485859022070e+01 7.518120763276662899e+01 6.246349898367286357e+01
4.217814846854294331e+01 7.305001678916022456e+01 6.667071814977209954e+01
6.314982826872882526e+01 7.962783782978284819e+01 4.720916720509112707e+01
1.212527121323906343e+01 5.590677276092373660e+01 2.984525855920381332e+01
3.844330974291501946e+01 1.741490394122602314e+00 3.962986890584714672e+01
8.088011061354546882e+01 5.427223669382548366e+01 9.238328526421961229e+00
4.698438202398472896e+01 2.914516476454074478e+01 4.675319479562898550e+01
4.046927214478770196e+01 9.319792195573815263e+01 9.242538716517598729e+00
6.835880112819322107e+01 8.510265963017414492e+01 8.827903395680827714e+01
1.776362265442958943e+01 5.313048019661938781e+01 1.075849484329306094e+01
4.991835244550885164e+01 1.254580895409819163e+01 7.918313246579191400e+01
1.138700026053648351e+01 5.132883603864952704e+01 5.130380286385705091e+01
9.716504979316053436e+01 6.549806940388882026e+01 3.025869853929851772e+01
2.407993099381384638e+01 1.282482056450648855e+01 7.642538357938177285e+01
6.907566561823385598e+01 6.098771273081059263e+01 1.127928557964335887e+01
7.628288663942944936e+01 6.418875771484792381e+01 8.949271813293833588e+01
5.872021298768120801e+01 3.039519066617081222e+01 3.661894625330015174e+01
1.758407053782324780e+01 7.229141822013851026e+01 5.781083839995355333e+01
2.006500154776762557e+01 1.584893231822785964e+01 1.233349885944905111e+01
9.119757436817586438e+01 2.330698336948511340e+01 2.771325298192478570e+01
2.805045083774906445e+01 4.136246026107910723e+01 6.561835737031998406e+01
8.705956337262844613e+01 1.825987495285401607e+01 7.031774503145082633e+01
3.525621422424851659e+01 9.805271682972927749e+01 2.904741678159521356e+01
7.192956007859963030e-01 5.156399740198451553e+01 1.207047197625480806e+01
4.449442681839910207e+00 6.982692319477085618e+01 7.418456725989364031e+01
4.606990131165025559e+01 6.768855167565772035e+01 5.031215842416354178e+01
6.298011077219316434e+01 5.967039731879611963e+01 6.258785310807657254e+01
1.996306486731712582e+01 2.687066200367002011e+01 4.745085197829138934e+01
4.461280094191864265e+01 7.744117115869042323e+01 4.045343747592341543e+01
1.625051560591823829e+01 2.514659704910758720e+01 2.893361658439824780e+01
7.316600192560220250e+01 4.703396146259820654e+01 6.981285841553031446e+01
4.162196807576269464e+01 8.897356025039051985e+01 8.143616332142981662e+01
6.698425087026116387e+01 8.638125572362189075e+01 4.401338759509491894e+01
9.346208403539078802e+01 8.315864856728279619e+01 9.400197453144539850e+01
6.230937353277805357e+01 7.792067402682285149e+01 4.944054548169780361e+01
2.591201042714228464e+01 3.547551711297577270e+01 7.851396181616169656e+01
5.594794659862056818e+00 5.914798860744081566e+01 3.358765200139856688e+01
3.866925380055556616e+01 8.845712064137673281e+01 7.632907353222013569e+01
5.988423755724686970e+01 2.729188474043339241e+01 4.570717355598785758e+01
4.082933937892160259e+01 3.536180292024953076e+01 1.292521816647210464e+01
5.431138867153203620e+01 3.018312978744835817e+01 5.795018459813289269e+01
3.192039358255307491e+01 4.311634931348017119e+01 1.393465635267109626e+01
9.925380699054777267e+01 5.076103832751758205e+01 7.050199640194139583e+00
5.412306587611440989e+01 8.703539993056497792e+01 6.888212720317116577e+01
7.009066841294540495e+01 1.394646545990348940e+01 5.308026554272016995e+01
7.662983780122603150e+01 5.724190639654965906e+01 8.905481316234083522e+01
2.769897817848854160e+01 2.421446997392505551e+01 8.310318315788566679e+01
6.253982429914523777e+01 1.447220520999326077e-01 3.514075863342841899e+01
8.578559858146745398e+01 2.731951164174328817e+00 4.966238428348171752e+00
2.812592905251297637e+01 9.140000370092778326e+01 8.190965207559834482e+01
5.187619458015079488e+01 5.532368711396225791e+01 3.536824947920463558e+01
2.437366620278098495e+01 8.152218542121183020e+01 1.183139280650377678e+01
4.873543708786357342e+01 6.343972594970844625e+01 6.422355222849090772e+00
5.196070954723461455e+01 5.775212879124431709e+01 6.675870425973523936e+01
2.348360491475328615e+01 2.933275032907582869e+01 4.842721188285491252e+01
9.831264099816141311e+01 2.174931828201144413e+01 8.944728933223818501e+01
7.143425330544812368e+01 8.260820696300231702e+01 1.640112739413742204e+01
3.004201874306322395e+01 5.773627965098104831e+00 3.469194937147842950e+01
9.812896599200519177e+01 1.052730622063384658e+01 5.203832831230005240e+01
6.070622813812320828e-01 7.126828160440626903e+01 3.163113404064575462e+01
1.295845371247629174e+01 3.370178121607876420e+01 7.439072675315182437e+01
1.066130863112108074e+01 2.298389957986953647e+01 7.213070892874023698e+00
9.684148626956179839e+01 5.921455999888638644e+01 7.640429618735250017e+01
6.513831711560145266e+01 1.443645588696743687e+01 5.199344526489192475e+01
1.314155951412621093e+01 4.012364539631278859e+01 5.144191280460731264e+01
5.588811141021559337e+01 1.190734259827409502e+01 1.072368602250487868e+01
7.982343138738137611e+01 7.259224369960053025e+01 8.796145896465283442e+00
1.274155188015534357e+01 8.925837763896203114e+01 7.837301349373899484e+01
9.961602962166740838e+01 2.539874492050217114e+01 4.888445351950866069e+01
2.364595760623556941e+01 6.228001384773097726e+01 1.455619151248112075e+01
1.272431727430330994e+01 7.188789140512263920e+00 6.674102538882361557e+01
4.940725774332067743e+01 6.177312163546299928e+01 8.065258711121985868e+01
7.403284847553585735e+01 4.617229181666909454e+01 8.738051974149010448e+01
4.562561011419732182e+01 1.124506732335331982e+01 8.437246642157786880e+01
2.282073001484730135e+00 5.498835594877521515e+01 2.771274756849084753e+01
5.035521510169848369e+01 5.587129525945216102e+01 3.685657252560786645e+01
5.568587557372618591e+01 7.560611120055375522e+01 2.458098234073807120e+01
3.834261333139070871e+01 2.682426931640578971e+01 8.218979256521244281e+01
7.249822592095966911e+01 8.711964372184073113e+01 1.878727141659823729e+01
7.357963815975154809e+00 1.193835038586733610e+01 2.471525370212416561e+01
5.330826606748023977e+01 9.709120703627648652e+01 3.938984277591281113e+01
9.585082693602051052e+01 3.820079498917972050e+00 8.664834420469719589e+01
1.811526073049711982e+01 9.124749857193488367e+01 1.593499622288907780e+01
9.482194474950325969e+01 2.007982643188608307e+01 2.647762014709213574e+01
4.909423441029581170e+01 3.807208812354752325e+01 6.003386979499067877e+01
9.748077672500772906e+01 6.064264908049407410e+01 6.161332265675707731e+01
8.800525030570149454e+00 6.278124290700053223e+01 4.614126978376550170e+01
8.857823579196283958e+01 3.882110996431019601e+01 5.836869485993383222e+01
2.281537282590790738e+01 2.593725335241959939e+01 3.095648631613448387e+01
3.040635375065027191e+01 2.538788393900748375e+01 1.144805751084122747e+01
8.367463317524590138e+01 6.430153089128431532e+00 7.170922957875846748e+01
1.254653890680602579e+01 6.526173706265902652e+00 5.532388652591229317e+01
5.024417925747217595e+01 4.912345688318850989e+01 5.007988717162287173e+01
2.870566061191557239e+01 6.629492734296111678e+01 4.590143739385909072e+01
3.347434669573252819e+01 8.265006669807280559e+01 5.840239748559212529e+01
3.936103419446219931e+01 8.476177852288728332e+01 9.012322781518150805e+01
5.368662670843625051e+01 2.149524501569207757e+01 7.706867948911319388e+01
1.894796200955172338e+01 4.842322641726914512e+00 3.358317110044842480e+01
7.269663444610398528e+01 9.232740863535494213e+01 5.302120062010575907e+01
9.518385469666600329e+01 9.237083927589662125e+00 9.913270932270435765e+00
6.041919507436640657e+01 9.661163224927548754e+01 5.649555083971126379e+01
5.151522593930513594e+00 2.212186560774561528e+01 2.953756970546927363e+01
3.378571291369500074e+01 4.360338358621262955e+00 7.919377237350839494e+01
5.155639447214952753e+01 6.709307929541090232e+01 1.370397437879117319e+01
5.411546780364940190e+00 5.864677720405472172e+01 7.842386440839871398e+01
5.284820009595470225e+01 8.778191725700715153e+01 7.411103512902941759e+01
7.585378579492074280e+00 2.019574743856898991e+01 6.502305218644623608e+01
4.435013825500415408e+01 2.906998136469205463e+01 4.114862735998699605e+01
4.451996462706343749e+01 9.105522508215965161e+01 1.769849562063843251e+01
2.797307468076149917e+01 5.375648165827139024e+01 6.626294779984881700e+01
6.306372889592436337e+01 9.416427377373945262e+01 7.190409594546403582e+01
5.570768419744302946e+01 2.146826916735075130e+01 4.212691982150194292e+01
6.933822441944774084e+01 8.379621748360848699e+01 8.447422304379445279e+01
6.054527661379176351e+01 5.269193673044324555e+01 1.265931526116776595e+01
7.209906915017993967e+00 1.561049976374002668e+01 1.602081795612062010e+01
4.008632388049264961e+01 3.368785451388721697e+01 5.569263379822030657e+01
5.356651079334027088e+01 5.959707593878597010e+01 4.578358417057313545e+01
2.777371485542571250e+01 9.528253149464769933e+01 1.234231170249160137e+01
9.388909994653072033e+01 3.112380468647346632e+01 5.342562454235594060e+01
1.088423228275461341e+01 7.093106837100926043e+00 4.146711648348721724e+01
7.416973763796781327e+01 2.693647775485489149e+01 6.318777980852721043e+01
2.786503405228183539e+01 3.886130608930407959e+01 8.315864415870582604e+01
8.558396254949195736e+01 5.160175434176298381e+01 3.259815054314248783e+01
1.931839127330228223e+01 9.540873530357141874e+01 2.075821962637755647e+01
8.081683109125391695e+01 3.689702095355372791e+01 8.877654169617699154e+01
3.681557403627878955e+01 3.515166249107261365e+01 6.285172428303123837e+01
9.615168066268192604e+01 9.762096057964329532e+01 6.181373669457283171e+01
7.546063656363536154e+01 5.634021759730276813e+01 7.006892609820091877e+01
8.597796549704965230e+01 4.860953031950232628e+01 6.319276419612403828e+01
5.373166952330477386e+01 5.624706135286772479e+01 7.959851501263786133e+01
3.556168302055701957e+01 2.081840256006242029e+01 4.209549382391563910e+01
2.080851904812651654e+01 4.984004256620191597e+01 8.938069891495597119e+01
6.174335204824777890e+01 8.554328533030776782e+01 1.713966332113988500e+01
9.008735925371767905e+01 6.017871644071157533e+01 1.159151034993977980e+01
6.331189552850368329e+01 9.513969562609179320e+01 1.193384928179041005e+01
5.824561304695721020e+01 9.154786028697147060e+01 5.337986650915238940e+00
6.309129264658231762e+01 4.749022918309626817e+01 3.968051026834317696e+01
6.275364899453760614e+01 5.270209458741692998e+00 6.892694736497007568e+01
4.479476919707625626e-01 3.069357437923522269e+01 5.110963685069429374e+01
3.770222505665516621e+01 3.074759352055824735e+01 6.691243927573569295e+01
9.348325742719089249e+01 8.737126849058887501e+01 5.301211680306225560e+01
8.841641751934830040e+01 9.208615651815436820e+01 3.879478881211978347e+01
2.834458595054454122e+01 9.826520581332031767e+00 3.976833180184512173e+01
9.462969204384414468e+01 5.609075280703710575e+01 7.047708865123726696e+01
1.128838184918475918e+01 1.435196641422562536e+01 4.868578999043284483e+01
9.512647989837257967e+01 3.607846415915288674e+01 8.083554937094703519e+01
1.202885934257115252e+01 6.170172069337100851e+01 6.242871001523791108e+01
8.598747500702684476e+01 3.316704404901504866e-01 2.486120865466919128e+01
2.196876254294817343e+01 9.499660880907373439e+01 1.764183936344227632e+01
3.696235022056038044e+00 5.344614947418080675e+01 5.074740299775223207e+01
8.440469653678643169e+01 9.488596501778020809e+01 4.950951680371674257e+01
9.299941824196554307e+01 7.251591512998297162e+01 2.789673043613212400e+01
9.284207109439263661e+01 6.674431761818748043e+01 3.700127460517124689e+01
6.802420845169307029e+01 4.013128277437508729e+01 1.372179519482331145e+01
7.189787471768997307e+01 8.240876121707437107e+01 7.143397267727759470e+01
2.291146677566765533e+01 9.566350134776129721e+01 1.177935964055646600e+01
3.326852973756405873e+01 2.600924345348954958e+01 1.023982314935989812e+01
4.057296929886684467e+01 6.231148401627745415e+01 7.613146523897556506e+01
9.896897161914701258e+01 8.080895864043981192e+01 4.492611371936589393e+01
7.237044259670307156e+01 8.436237885896406397e+01 3.943938407989723061e+01
7.850544340254998588e+01 4.826524183128767476e+01 4.039434547074768034e+01
5.260908377837611738e+01 6.758547376271448570e+01 7.148453472224028360e+01
3.567362688921078728e+01 5.713202515560348616e+01 9.219870136573602792e+01
9.763129001106398164e+01 2.272480911839544859e+01 1.959086821443714754e+01
6.766856334286485719e+01 4.146838858234438163e+01 1.402588436352393586e+01
3.468618706472841495e+01 8.067447434722521393e+01 7.049888022967424206e+01
4.946851488165818722e+01 4.725779348875352781e+01 5.101438110135869408e+01
2.193967105635760007e+01 5.260436248909554990e+01 4.665189860901485019e+00
4.755595547831337200e+01 3.360510462505925489e+01 6.396333132350547857e+01
6.383535841526275334e+01 3.808358801828089923e+01 5.165127497179097915e+00
2.522736293949604658e+01 6.333478501891622869e+01 1.179344179944722448e+01
1.076424218334638461e+01 6.470350245670871914e+01 6.818999246684175830e+01
3.215497080127121166e+01 4.896730655165618629e+01 8.245517428618069289e+01
9.455435621759694698e+01 3.075027744634300930e+01 7.109343029881766540e+01
5.939440528068588065e+01 9.754844933503800064e+01 3.740443336281654751e+01
7.747068680155615539e+01 7.681371296148709860e+01 4.927742976360502070e+01
7.956301142973077845e+01 2.610403333069965015e+01 1.860991428884434029e+01
4.251637446553162647e+01 9.436306566335846924e+01 4.594254006321859407e+01
6.352591386469269708e+01 6.241624559078753265e+01 2.064456703626667178e+01
3.902968823772102525e+01 7.069389729218748641e+01 9.330882940105804835e+01
1.680177382970261490e+01 4.104418903391162843e+01 1.621584294448558339e+01
2.423764596492560131e+01 3.767593433261502156e+01 5.786884333269131986e+01
2.305668822390809680e+01 2.275626611786857367e+01 8.090800326744135873e+01
9.626416629468812403e+01 3.236129677514561820e+01 7.477535316995144399e+01
2.580804613579207185e+01 9.279522549656320507e+01 5.838529695460152880e+01
8.026768546375700453e+01 4.935404319916480986e+00 5.234074832372763808e+01
5.276123313583822494e+01 2.929969069115320224e+01 2.795111198772988104e+01
5.800248023169697120e+01 7.064856350072251701e+01 1.159592909861399335e+01
5.674015819237043701e+01 1.704595289466286445e+01 2.627864720186645542e+01
6.231194880946845416e+01 3.108701172174730232e+01 4.686913783612838102e+01
3.599988094397728844e+01 6.483363201525237685e+01 4.179080507831960034e+01
9.634586620379475619e+01 3.523827591064653575e+01 6.622950106445750862e+01
2.572925675830445158e+01 5.087530926261468522e+01 5.324712592728306504e+01
3.291092810627321796e+01 4.717805289126290802e+01 2.506589369703661774e+01
6.000781673981991915e-01 2.156483016378787454e+01 6.549947973955426050e+01
7.709630244853769909e+01 2.802028671389199488e+01 3.679014675624027575e+01
3.736566013861108981e+00 2.370629010976805873e+01 6.516810634182246531e+01
6.059862702650572430e+01 2.057705219543714037e+01 2.549573440067625185e+01
8.168020229895601858e+01 2.090842029449008166e+01 3.728647358553737234e+01
6.643586916546443888e+01 5.611123857080786337e+01 4.758936089862113761e+01
8.997410909797443423e+01 2.197104627150516620e+01 6.920956236063912570e+01
1.590638406181833453e+01 6.157338334821452008e+01 8.339207313345603723e+01
4.579017854781378816e+01 7.242945071913288757e+01 7.886449699737238461e+01
1.360264248776027429e+01 7.058268952821100584e+01 8.419563329026243537e+01
5.763706098555442026e+01 1.861222445287560134e+01 1.898699779217189842e+01
2.597353304667479179e+01 1.035132690166825675e+01 5.075240290159735679e+01
6.970468270673457312e+00 2.234046246362264654e+01 4.363119355062551108e+01
4.739147504020214541e+01 5.653984851469644468e+01 5.703246959953135331e+01
4.722863966546753112e+00 8.062095217578324480e+00 1.795740135765788281e+01
4.231503154649103493e+01 4.184794488293430703e+00 7.081612275137625545e+01
2.230001810384778338e+01 9.392124932899587009e+01 4.306530069948517792e+01
4.463257524422016331e+01 7.805386926395001979e+01 7.233157878285808806e+01
6.073090409481428509e+01 9.351467062503699879e+01 4.038886222184392238e+01
8.085316757722864622e+01 3.800929457458185112e+01 7.627870706867430783e+01
2.594746289659686056e+01 2.892670728360324972e+01 6.780687505011047733e+01
2.127132949517963567e+01 2.291541870254287971e+01 3.415245954260072381e+01
6.789287696603759059e+01 8.893880924232318819e+01 6.880874262777248873e+01
8.278142443441251430e+01 5.435605896944697690e+01 1.255063078911138419e+01
1.004662115085006491e+01 5.543919783669154810e+01 4.198682431008889182e+01
2.205680736369426498e+01 4.662569273026208094e+01 5.953619652463022760e+01
3.849919477358584174e+01 8.025422571573416519e+01 7.395075422751453686e+01
7.349148821595667869e+01 9.851896896773885715e+01 2.320321886041062243e+01
6.447255863408952337e+01 8.554783401603135928e+01 5.113098749290506362e+01
7.895021761153925866e+01 4.144521858399122749e+01 5.772481950969257269e+01
5.566639280432827519e+00 9.857676058248134154e+01 7.196072497512317057e+01
8.688090716314495410e+01 6.942942781429461263e+01 2.323078341282174364e+01
3.102844241803226488e+00 8.646566077360135694e+01 4.084975331932510301e+01
2.638648760399199134e+01 5.616729588389443961e+01 3.782821778256227674e+01
6.516659956875570003e+01 4.837932330545135784e+01 6.066378006649993893e+01
8.534232695091429832e+01 1.955570109557890390e+01 3.617195692356898462e+01
4.368155865706388852e+01 9.620584480276382067e+01 3.543637984320217527e+01
3.810998495926295249e+01 6.534725229595611040e+01 4.801131914455691430e+01
9.512237456396051982e+01 8.944687604754439292e+01 4.944301075933566381e+01
6.447752339478498129e+01 5.803056188362054613e+00 6.802046891265500506e+01
7.072008729490322310e+01 3.591992956432081030e+01 2.808294667570661574e+01
9.150784018170166689e+01 4.267049008051277070e+01 5.921345115630718681e+01
3.332879497625595988e+00 4.140671665768363141e+01 6.692585217920620266e+01
3.875760004007150172e+01 6.031611601368768305e+01 3.030690961520324223e+01
4.165256488395595369e+01 9.276377180531866884e+01 5.055957224967433206e+01
9.019314590929315045e+01 9.020192994895433003e+01 8.369827638472176545e+01
8.953916600801052539e+01 3.281129010300642967e-01 8.390315417763883943e+01
1.374594390853763848e+01 3.992625111115055692e+00 1.267454290703905428e+01
3.489161951764335612e+01 6.208040852687935995e+01 4.508905081768070744e+01
2.555428464937947730e+00 4.764826341747146898e+01 4.443784501664207198e+01
7.568492655016468973e+01 2.796128984254383454e+01 2.558303310838009281e+01
2.559389576766262309e+01 3.037398226298479997e+01 6.136910856951993765e+01
4.715254854520798489e+01 3.368945651790578921e+01 4.133352577511885073e+01
3.709236601589761761e+01 9.724066947103173675e+01 2.436454704251621806e+01
8.180615602722586743e+01 7.082108375881870188e+01 4.144268488690766361e+00
9.931762181254879351e+01 7.564393706335735601e+01 6.064975161357570954e+01
4.053247076766373169e+01 5.552030889142896086e+01 2.881546013614911317e+01
3.548340514569747750e+00 8.360216584459728040e+01 7.637854877089965555e+01
1.624706366142398650e+01 7.870560958457329548e+01 6.916372046719847333e+01
1.783750019360904560e+01 4.218288025747938264e+01 4.230792536824656480e+01
7.599642583052485634e+01 8.376609057760553867e+01 5.728987557937934127e+00
5.629692349042029065e+01 7.617484969288852881e+01 6.673339445693487448e+01
1.479935244304089181e+01 5.255051431507941118e+01 6.652054544986076223e+01
3.185185765852841655e+01 4.251168989117971364e+01 7.254507212017352913e+01
8.931952118376230487e+00 8.594932898889781825e+01 3.811390413984631920e+01
1.450316591127154275e-01 2.341591450563582555e+01 7.956307270705507584e+00
9.238490699624414049e+00 6.928357341425915195e+01 2.042197947290237892e+01
9.347423629769824061e+01 5.164445465913040323e+01 4.521153003591237507e+01
4.342835182201516631e+01 6.925876396716319050e+01 4.090371983323181837e+01
1.286003562251918453e+01 8.801721806407564941e+01 3.893772213598681020e+01
7.400457569950247283e+00 5.293659874977610968e+01 6.335349093520505903e+01
2.755824641577585510e+01 8.003404076738422646e+01 6.095683744199368448e+01
6.503411692644334607e+01 4.208249528677941953e+01 8.073209793818243440e+01
2.741891679492476186e+01 5.777055010154526116e+01 2.505355996128987783e+01
7.448047529715540804e+01 4.779148387012144283e+00 2.111110364224013480e+01
8.108609695187914213e+01 4.342681610636710587e+01 4.078308576633163796e+01
6.075268621753384934e+01 7.018993438689736308e+01 2.292969453567295091e+01
1.854312414047315372e+01 9.581507477598815115e+01 5.680087010784817636e+01
3.901164772942681225e+01 8.014416946695064325e+01 4.919197461525055814e+01
2.416628103745813760e+01 2.067353056415738166e+01 4.280396993917848647e+01
8.598958602598796119e+01 6.144791604425892118e+00 2.270104829470828633e+01
8.931518188525913615e+01 1.217345689692504962e+01 5.748653643090868570e+01
2.135113681210251002e+01 6.058668475118883379e+01 4.145805934085636579e+01
1.016768964309918744e+01 5.824750675541064027e+01 6.998273342145198228e+01
6.802726189658028488e+01 6.370344090727095931e+01 5.217301535853749783e+01
5.194726168593256688e+01 6.356401098079595613e+01 6.967449225630672061e+01
6.548767388313851256e+01 5.869455649134517472e+01 1.979876401120009177e+01
2.106165384928617712e+01 2.602240210353483718e+01 8.080809163714246779e+01
7.593950917969665682e+01 5.528668195368781824e+01 2.101519142181248512e+01
1.108915232441711751e+01 8.987592259799747296e+01 8.144116588810702240e+01
1.106955956956915443e+01 7.972166660964961693e+01 4.632737245448620200e+01
3.239669328305401308e+01 7.391045362087072590e+01 5.723070854074803293e+01
7.800301075933373340e+01 7.432886063293708823e+00 3.117514369779505046e+01
3.193168504167357469e+01 3.297530922877655257e+01 5.440326495024403641e+01
2.830138030809473548e+01 4.443836100875196848e+01 4.092758371978749921e+01
7.352960480205112503e+01 6.035007956750501279e+01 6.700969355434818908e+01
2.105838940826444272e+01 3.255021653268893544e+01 6.204912292813530961e+00
1.083747072931698874e+01 2.650542319888873521e+01 1.081677473745603990e+01
6.026324003547024688e+01 9.981301159238252296e+01 2.149102496817989660e+01
8.212302126692651427e+01 1.188162472651471724e+01 6.279256359941184229e+01
6.431576030590171911e+01 9.027169348111992520e+01 1.533674085247133689e+01
3.154444660818978008e+01 9.077976035468571681e+00 3.954479336010628998e+01
9.115931735574449135e+01 7.815231510618561117e+01 6.726043251381810251e+01
5.330275048627019885e+01 8.834857423355228434e+01 4.909878294444956026e+01
1.496856671006382378e+01 8.375852231207791476e+01 3.051153830778777376e+01
5.363354102444805704e+00 1.260380306687913787e+01 6.124663925358922256e+01
6.070819639211725161e+01 2.601831710820344767e+01 6.955985766561022388e+01
7.736401553995342795e+01 9.205026261336182358e+01 5.247672047249067617e+01
7.794233641475727836e+01 7.530996797716336744e+01 2.580227989656662757e+01
3.102259279376593426e+01 4.784823957528714544e+01 8.083324511807633783e+00
2.973977731577235417e+01 4.738828733442379360e+01 1.172791980334046613e+01
1.262758877751254438e+01 4.632367357373411210e+01 6.586722628302604221e+01
8.337489309206831933e+01 5.463138975047485957e+01 5.324312411502899778e+01
3.842805684597551874e+01 1.929489924376062149e+01 2.018802460827382461e+01
7.918964516618081007e+01 4.650066322123361573e+01 6.967796194850916436e+01
7.040830359006297101e+01 1.938959143833788445e+01 5.778228639905967157e+01
4.440166304226806915e+01 4.238735060906967078e+01 4.880941146165039868e+01
9.820819010754378553e+01 8.129005976707452419e+01 7.812629343646143809e+01
2.963958317603754278e+00 1.403363667925059488e+01 2.028956848355676001e+01
2.632310050652766265e+01 4.418924919666504536e+01 6.340995846636522515e+01
5.008312662866020304e+01 9.031839149131397448e+01 8.446410987072783882e+01
1.635209511974588992e+01 8.529129202647850150e+01 5.103337962080677670e+01
4.533294713173843604e+01 7.849393484845681712e+01 1.718587973035450034e+01
8.824931274191465036e+01 6.708633545476146764e+01 7.489224739678114418e+01
9.944775777076227996e+01 5.180044523572533421e+01 6.196471329154365826e+00
1.665238629308865015e+01 3.236182425543099583e+01 1.449658300093235574e+01
8.153418261377697718e+01 2.968678510327684705e+01 9.235466450679358275e+01
7.025914319318556522e+01 1.734303702555576265e+01 4.543229878164139279e+01
4.668842216333211326e+01 4.925116583336338749e+01 5.391782624334161511e+01
3.117308231773086025e+00 6.863011257436234303e+01 4.884005619497324346e+01
7.909653988686990544e+01 8.153495732604305601e+01 2.025876292472910123e+01
4.842294642677780203e+00 7.032338561123225418e+01 8.642819867505835418e+01
4.466579865809010386e+01 2.596128095935957703e+01 2.260325787977455292e+01
2.874455973905850570e+01 3.279195513714498134e+01 3.971681273665519996e+01
6.554071232145865622e+01 2.731630560802270580e+01 1.104488641580514674e+01
3.732786115727195408e+01 8.556296161590756810e+01 5.059484022519831115e+01
9.647837577454097868e+01 5.036215310887317287e+01 3.115707335611442375e+01
1.933139972452145727e+01 6.945244967855764173e+01 5.636627270426506442e+01
6.039989289954414886e+01 7.551267893341311321e+01 6.911453133200312493e+01
4.336330016822698141e+00 8.025719052950282162e+01 4.790201858901016152e+01
3.917085308147726153e+01 5.375194262680703616e+01 5.635382612577997463e+01
1.495063098737969831e+01 4.174153953264450223e+01 3.581012424063599298e+01
3.504089448180383926e+01 9.133493840730821489e+00 2.685498489663288879e+01
1.618320675862213776e+01 3.732247432216477989e+01 7.936532348587769548e+01
2.060273719209426702e+01 4.161925076748045171e+01 2.670959278904834733e+01
7.873833125513381503e+01 5.012643232081614997e+00 2.618703935647733871e+01
2.106415423547943888e+01 9.929628003132312131e+01 5.182239555652443386e+01
1.389582643835182196e+01 2.721991392765654894e+01 1.680973647570873197e+01
1.246045696194480001e+01 7.971820284078926022e+01 4.886261849058843865e+01
6.312101368487813602e+01 3.312512469919960267e+01 5.747605237523362121e+01
2.575690325236971034e+01 3.080362749282348034e+01 5.920496092682257228e+01
1.503501259192302442e+01 6.172218591674618438e+01 7.987475142982354726e+01
1.204232261807690563e+01 8.974612805699790385e+01 1.762377264678944044e+01
3.489092269558729953e+01 6.105093152379945565e+01 5.720423641969496487e+01
9.639107249443345182e+00 7.989131677858530622e+01 8.472392262362954796e+01
1.812282891837701015e+01 8.951309698154628336e+01 4.919384441751141424e+01
9.359337712453273639e+01 1.760859584167611303e+01 6.892674249525482821e+01
5.978157544533113210e+00 8.831964468027264559e+01 6.655617151399364673e+01
3.702547839224300219e+01 1.904668234978501573e+01 7.766029889970413080e+01
6.032413213948115782e+01 3.604158529480013584e+01 4.065123226977792115e+01
8.265426560723764737e+01 3.389271933568677042e+01 2.436833121118131373e+01
9.112821722034726690e+01 3.873437396580345649e+01 3.238322274600216133e+01
2.043996188759393817e+01 8.974225712283455891e+01 3.017447574749498429e+01
6.366728680013837050e+01 8.807650116081029523e+01 1.740816491989664883e+01
8.287917053001957868e+01 4.105994216897745019e+01 6.245957257371880189e+01
3.724045632255539573e+01 6.955162563474939930e+01 2.596176678756662426e+01
2.193054243539627191e+00 9.477875147879535689e+01 6.652304870208879173e+00
8.240992896335070839e+01 1.691375933224738048e+01 3.927640394829094816e+01
8.224923765060557912e+01 2.059321503123453567e+01 8.335513112240285238e+01
4.977589391019014187e+01 3.661534627172765255e+01 5.748465294793710711e+01
3.413897219809575034e+01 3.472883589963570472e+01 6.067612632542420670e+01
3.098322245391078411e+01 2.007726483544250939e+01 7.569100095536791173e+01
8.053710337272318043e+01 4.975857037068692534e+01 5.367651169134034461e+01
6.960766257676385749e+01 5.092742917624334353e+01 5.039097649496972053e+01
9.948941932967457547e+01 1.476404278525589220e+01 5.105738093408761813e+01
8.858630260756602581e+01 6.872150411811148274e+01 7.963989697571514625e+01
3.363347203546725694e+01 2.719929762602392032e+01 8.250827446302895396e+01
3.941145761854605212e+01 7.096823230573112085e+01 2.090543518036217208e+01
7.558381253766746966e+01 5.489826490248693602e+01 2.947013817893420295e+01
4.945039639589050751e+01 6.969436258397034578e+01 1.255581106997327723e+01
6.374670588141294303e+01 5.415907782732743669e+01 2.388336980377644636e+01
7.529810739761967397e+01 3.034609846332011429e+01 3.441026787299342260e+01
4.712183489993226715e+01 6.761496784223646728e+01 7.898641092721638302e+01
1.413572431321039602e+01 3.964681207517336503e+01 7.634280046182688295e+00
7.585507474717424259e+01 4.477328896813607173e+01 6.488816912386532465e+01
3.221944239762872542e+01 8.443172414063234044e+01 4.152241854821701850e+01
9.436078218236551152e+01 7.881463914403418869e+00 5.064155286246827359e+01
7.664552459976987109e+01 6.001526480736146851e+01 3.194741254128085295e+00
9.723386783438807868e+01 2.982636930758983951e+01 2.984185680762003301e+01
4.856598756065795186e+01 5.421581075233488889e+01 7.159912530554683485e+01
3.932736576589891087e+01 4.399603764622121815e+01 5.170553596875865310e+01
3.943870997416406254e+01 9.145480791011560484e+01 7.954935084674809787e+01
4.549736950778783040e+01 1.948623373171365358e-02 8.265340924183961135e+01
1.243365734394652478e+01 2.445124151940462198e+01 1.959437606856277725e+01
1.798155699810237707e+01 8.028775378898347981e+01 6.307834118637646270e+01
9.560951631253485061e+01 2.314535123237164527e+01 4.956441277413568969e+01
9.774283690824699988e+01 8.264435142747697682e+01 7.091833655072078102e+01
1.889752013707919431e+01 7.694054009097160929e+01 4.107852290724652278e+01
5.305368970467576872e+01 6.091612130395402147e+01 6.077258532517383571e+01
7.265234719135163743e+01 6.617020926422055993e+01 2.235023876989448155e+01
4.573470259491072909e+01 6.640216067199791894e+01 3.317603454290743059e+01
3.130566872163896974e+01 1.245675477546155463e+01 4.246845349815986737e+01
9.868304343061747375e+01 2.853193612880373564e+01 4.904732845979982869e+01
7.432372527790843719e+01 1.349727088427066235e+00 8.073591407167319289e+01
3.865501847249385037e+01 8.691159867109821846e+01 8.561162740510347646e+00
1.456635518636758597e+01 3.225294544775591987e+01 3.929325240890236159e+01
8.477942230280164893e+01 1.120111538823520547e+00 5.691817389564133123e+01
1.313124361785502714e+01 8.232156507110494204e+01 7.214552913890568675e+01
4.999210274112005692e+01 2.126872255123751643e+01 6.237887955488999125e+01
1.562583176576456445e+01 1.900237925926534643e+01 6.007426261204802387e+01
9.912284460886243664e+01 8.910608372525462073e+01 5.307117090644323554e+01
5.385367687674237658e+01 9.983848800081085528e+01 5.584590879396650109e+01
4.201165219594439293e+01 9.095555357753414683e+01 2.711205878536931380e+01
9.752599029680897758e+00 6.340900343618302770e+01 4.470539455090478675e+00
3.731485369529601570e+01 4.235773855817205202e+01 4.899940387110287787e+01
9.916595457479623121e+01 2.209817233331807884e+01 4.471432145033391947e+01
1.322401244106580265e+01 6.076135260332347343e+01 7.374569569589012019e+01
4.820768232358788907e+01 2.458312682899710211e+01 6.113316981249320747e+01
5.391577233688494886e+01 1.711857234037177378e+01 4.463868964452520061e+01
4.351970916351949370e+01 9.826177537714329446e+01 7.443723294649116440e+01
7.343707882735938597e+01 8.887770255029474242e+01 6.727112214835142368e+01
9.034018551257332774e+01 5.455311487950798011e+00 5.058633437370306751e+01
7.468983352418335642e+01 5.832957966100135394e+01 2.438439670375711898e+01
3.404920865285342302e+01 3.177743750266912670e+01 2.993932262356226914e+01
3.431355535139660873e+01 5.148532884611209681e+01 7.730366791130249737e+01
7.420326623937563681e+01 8.352497040162336361e+01 8.519579882842678842e+01
4.161504560976072753e+01 3.460262840267471773e+01 1.763874391213910897e+01
9.304916218764343228e+01 6.582301793814393065e+00 7.144079091897832257e+01
3.781083044655871817e+01 9.487807744991863501e+01 4.284748089054654940e+01
8.166083513547164330e+01 2.826548321636765948e+01 3.129735421791761496e+01
5.955194098784342316e+01 9.979826337074737808e+01 5.339007990663049696e+01
9.363086363932904987e+01 7.862498282487277379e+01 6.876246370676156516e+01
4.359599891287641071e+01 3.865422501728006210e+01 2.036746118745134382e+01
9.639412669836535486e+01 9.593936124438199897e+01 6.336055175304533549e+01
2.962524498526695282e+01 2.451795403422821806e+01 9.400480174369072017e+01
6.654281510817749989e+00 8.435642921413089823e+01 3.440971310377557302e+01
4.188697197272205131e+01 8.319776487488371686e+01 1.740054327133451650e+01
3.541696785202571363e+01 9.520242771695730255e+01 6.485052631049084937e+01
7.549391648058903570e+01 7.575053009554764571e+01 2.511696440892963267e+01
2.032075932604311319e+01 4.912632560812117788e+01 4.018383029014606223e+01
4.109122931328534634e+01 7.814473786256725418e+01 1.972270535235038924e+00
6.604919263212387648e+01 1.102318018224579532e-02 1.829958178944418989e+01
4.082861198376239997e+01 8.409485198048214727e+01 1.861004527839116562e+01
5.546214091286115888e+01 6.785052268267442344e+01 2.626162041803420522e+01
5.123302552695830059e+01 9.114072831381922413e+01 4.738772750526079847e+01
1.573230617876479798e+01 6.278142966875447684e+01 5.744689169773536719e+01
2.695475979813122258e+00 9.059440574756660425e+00 2.189321380146650853e+01
1.362890775618699202e+01 2.594657705609331089e+01 4.275907565975029456e+01
3.717162978989843936e+01 8.906498914045968718e+01 5.620120522741787283e+01
8.761443499618431474e+01 5.270393249175988615e+01 1.610675287069473072e+01
4.632874490664347888e+01 8.220325468423649795e+01 1.464183174753507011e+01
9.121427875264975782e+00 3.294347383382601180e+01 3.419759204205736580e+01
3.062576764059043910e+01 1.352407856245559969e+01 3.562573624854507415e+01
6.822824046021102617e+01 3.859285162931639235e+01 6.127557750661637215e+01
5.363037799187324595e+01 5.490529398576690312e+01 2.649134428827874999e+01
5.215430327681816181e+01 2.359471386320177722e+00 3.665304215620949435e+01
5.726228231899150956e+01 1.819956213541092893e+01 2.905457440279506187e+01
2.195310198156193948e+01 7.055795526542418372e+00 4.074406637037719747e+01
9.789657664519394586e+01 3.538804064636100577e+01 5.667365840720037795e+01
6.530872509563752715e+01 6.484977511691070617e+01 9.352589239677165267e+01
8.575641403991252787e+01 7.939506871051523262e+01 8.233836856671190674e+01
2.307653854831715989e+01 6.170541946217925755e+01 7.867976945305498759e+01
6.241381582781018267e+01 9.774204746068694760e+01 1.054981974326924821e+01
4.393305027932002815e+01 9.773629079086362026e+01 3.588221839065406016e+01
7.395563750993044039e+01 3.040290107864918046e+00 6.414992101839548866e+01
9.346267325275783833e+01 3.827062851900026885e+01 8.606539627745386056e+00
2.790980439548385039e+00 8.920233057110890229e+01 7.564987613498688290e+01
1.066863842265798290e+01 5.459027705119656737e+00 6.862293869257236167e+01
8.098606328053590175e+01 1.205218397920489970e+01 3.276612394382417648e+01
7.800260645738894993e+01 5.254120709540062961e+01 7.794640183163247116e+01
4.810626453460049845e+01 6.769579375655125375e+01 5.127880978636213172e+01
9.429654956850457381e+01 3.986590920676088246e+01 2.163265401909423602e+01
3.266338602809931757e+01 8.527752041652291837e+01 5.345911859888234829e+01
3.542523035022389877e+01 5.442600218094828790e+01 1.804260311598001110e+01
5.359304625596084115e-01 2.805846836934907529e+01 5.197823461414168378e+01
7.116807696613872736e+01 8.266109663519665673e+01 7.534690564214498920e+01
4.121123469647680793e+01 7.405167995574547035e+01 1.046529648489972608e+01
5.752999877208009316e+00 1.247979919861565890e+01 4.591488273133442988e+01
2.112814384987499139e+01 2.869249419378158095e+01 6.290745682572623565e+01
3.585221788028459855e+01 5.573715577180221459e+01 3.995850642437450517e+01
1.689692555198195478e+01 7.401999025589411474e+00 3.140093606949988470e+01
5.770046949104434830e+00 6.186119598898068972e+01 6.861257934822454274e+01
3.397407682374008431e+01 3.871110553523582354e+01 6.297938497179560358e+01
2.226129123735602988e+01 1.191602651948742064e+01 5.037527099672374220e+01
6.461901695332372242e+01 5.996544250464792469e+01 7.182877676590861427e+01
5.675118217302388857e+00 4.282016127583728604e+01 3.311438717068094917e+01
7.591212595460241630e+01 8.727304840603495961e+01 2.600551294607912922e+01
9.521807906940827237e+00 2.534279619913968418e+01 1.462606659217821026e+01
3.224221661134537698e+01 5.381985783218257069e+01 9.070280099411542096e+01
3.993702543513585113e+01 2.200399238546211222e+01 1.940972233707106653e+01
1.730397661386760078e+01 1.925976832614592027e+01 7.094484907946380758e+01
6.102771143241991325e+00 9.974027069430341896e+01 4.806129732507902474e+01
5.442718943008257071e+01 3.575638786996048424e+01 6.020306784959020518e+01
4.714563408807976685e+01 3.290612849645497562e+01 2.632955453153880754e+01
9.256512069332595161e+01 2.909895150524202023e+01 4.784239569882178955e+01
3.503414021164682168e+01 8.617882742803594454e+00 2.358225935748678737e+01
1.895019753263820306e+01 6.936495143896547688e+01 4.670095481371482293e+01
7.819675630706586844e+01 7.089509243341569800e+01 2.614619708563205691e+01
5.629169201201006700e+01 7.429088460488027579e+01 6.652829018226046287e+01
6.000165080879808954e+01 7.396108874007680356e+01 1.633091280014384949e+01
7.314219473614328138e+01 2.726552631534283577e+01 5.808760487288636654e+01
2.423049946965074497e+01 8.388175722068376672e+01 4.705606188534981271e+01
6.429412120249835993e+01 7.940820434767280744e+01 9.363007171826190245e+01
7.320620970693410356e+01 1.487685761904057280e+01 7.849717925136280883e+01
6.185779158655061138e+01 6.094497583802736074e+01 7.543992634109460482e+01
2.488315556658831085e+01 2.395876184940333076e+01 5.130060530577355848e+01
7.508630665348651689e+01 4.472407082285091207e+01 5.604422433723903652e+01
4.525247242227188593e+01 6.103871804869687168e+01 7.955269189338595481e+01
1.804766960909233120e+01 6.953785340059840792e+01 7.552530480376744038e+01
4.471114074817824502e+01 3.232335770678542985e+01 8.690162511562725456e+00
7.971050223340935759e+01 3.279386590359880671e+01 3.387895630874363206e+01
3.360061630988122516e+01 4.987393308123381530e+01 6.623923506720193188e+01
7.718631310005108048e+01 3.925707204031583331e+01 5.981615463807171551e+01
7.206842502713152498e+01 2.969173316773815330e+01 1.945580663537933930e+01
8.946657206444625388e+01 6.771159717815929469e+01 6.347453486602005057e+01
5.890251521197797935e+00 8.178730575039264750e+01 6.648640759016076629e+01
8.478844173175662036e+01 9.745611837367614783e+01 8.458572018792021652e+01
8.560893463902074529e+01 1.094737383136890063e+00 7.934417943131339257e+01
7.506231382764550375e+00 8.511939701767671806e+01 3.057860593927145132e+01
6.100683385333675801e+01 3.806823114987967216e+00 7.078962596311330913e+01
1.117061222329714987e+01 4.106881716757718692e+01 7.920101223696269699e+01
6.953489965083350910e+01 6.042696858066909371e-01 4.009981609216256260e+01
4.192751696450802257e+00 6.734998608184690738e+01 9.540680202003242982e+01
6.552612623007591708e+01 2.243724311175557773e+01 3.970289997664632153e+01
9.766505556584677095e+01 2.240524120323500412e+01 5.216867259095220533e+01
4.004538086817447606e+01 7.683152979282216677e+01 7.606426038508425336e+01
3.408372743502967239e+01 6.603963636993826469e+01 5.737436967836801927e+01
2.784444900554333557e+01 2.719408028130017030e+01 5.239821464106880455e+01
1.540028735322998088e+01 8.108098964824715438e+01 1.402958435103683676e+01
9.457448620831632624e+00 3.422263089272675529e+01 1.555502785322228654e+01
4.757000212554925156e+01 3.996758904418703651e+01 6.696622161778577720e+01
9.530041552097203805e+01 7.535585847391259051e+01 2.039254060302425131e+01
9.355212854644030074e+01 3.921334325530671805e+01 5.257899232287838487e+01
4.215762373706355248e+01 2.805470232877189574e+01 8.426389167467604580e+01
3.322388658966161046e+01 5.785964696795463880e+01 2.722439526287909217e+01
7.973753747701803718e+01 7.741986595291865569e+01 3.175293837333036251e+01
6.815540731434536781e+01 7.038735330949496927e+01 5.460465385662658377e+01
6.005983822716702036e+01 5.744546382907957849e+01 1.501852274985584401e+01
6.702653447137849696e+01 4.697750098386912754e+01 4.021358648730012675e+01
8.599992187818007494e+01 2.322671346111770951e+00 2.110800179580798286e+01
1.214034998427463385e+01 3.534104460972575801e+00 2.759102715226581637e+01
9.884762727946775840e+01 2.702291732075737940e+01 6.195550426475967498e+01
1.182988900407214672e+01 6.018476300472299556e+01 8.562485572813689316e+01
2.918375234604653201e+01 8.480756163755827970e+01 9.304000483488678697e+01
5.885540887207439908e+01 3.094011004280353561e+01 6.234633758064123299e+01
8.448482062686187533e+01 1.713502429619783030e+01 5.289855510623039692e+01
3.191877101238409509e+01 2.833589969623798765e+01 7.626153034620161009e+01
4.216540068218385073e+01 3.390763418039127686e+01 5.814525448346383740e+01
2.194015796373812677e+01 2.298934905680789598e+01 4.960886367784922157e+01
4.092727286461841629e+01 2.949823839223244448e+01 1.455808621216923626e+01
5.207742386385215383e+01 8.166092056010751321e+01 8.212511822469208767e+01
2.354399797260802174e+01 5.996412039474883215e+01 8.062743619544117735e+01
4.087259282762647672e+01 9.321368173075285313e+01 7.370896104205881727e+01
2.081338974188093971e+01 2.589648329002037741e+01 2.511598982410037806e+01
1.960543514547022781e+01 9.078620871734980824e+01 8.016259709291088598e+01
5.189724118513094453e+00 5.936033556722048132e+01 5.310635086408385064e+01
3.905476467244598382e+01 6.316975928231070014e+01 8.841685234534899962e+01
1.702548827221461636e+01 1.204109097164556275e+01 6.524191648162338097e+00
3.638333078401434761e+01 3.376284770778660516e+01 4.820419665376157781e+01
5.033100308809489576e+01 7.578239940304545996e+01 3.889552028729774946e+01
3.306131093612335548e+01 8.268788202596269343e+01 8.650162053689604136e+01
2.327659642933531714e+01 3.146718227113083444e+01 7.591940158337830269e+01
7.940824429776482951e+00 3.258467803907378624e+01 5.187311934815201653e+01
1.870716152005710242e+01 1.799141966106981982e+01 4.788858321248900296e+01
7.545217247348557521e+01 8.402329795476273944e+01 8.571372611931465713e+01
7.398405009171904467e+00 2.166822011459926856e+01 6.474920481670116601e+01
5.405987060556618218e+01 3.276797739624181816e+01 2.559180262086498558e+01
2.804775516424480486e+01 4.292889503009519103e+01 2.043478551225030415e+01
9.642259558767506178e+01 1.075884445998743821e+01 9.516186525652945249e+01
8.418932860006725605e+01 4.231516175137390690e+01 6.767846825559516333e+01
6.715152436963860794e+01 2.132869179489309630e+01 3.478681336953140857e+01
5.131225628054578891e+01 6.378441798877268809e+01 4.693907248945370014e+01
4.729874610064738505e+01 4.431522734549001541e+01 5.069972902130297143e+01
4.343515198459703441e+01 5.413300775457159375e+01 7.597842397045670282e+01
6.328293130546116174e+01 7.226208749885401517e+01 5.888381405862115514e+01
6.430176824140022518e+01 5.783498284481801477e+01 1.292183986248688399e+01
9.995983822000198415e+01 3.360924021289668495e+00 3.752743732522631603e+01
1.051156782989334282e+01 9.692845044093246543e+00 7.696346624066131881e+01
4.259257793580769658e+01 8.011387082987648967e+01 2.948669052829379567e+01
2.564627918062347689e+01 2.512313818144621536e+01 5.260414538126280348e+01
8.149993898456000352e+01 4.522610100752405771e+01 4.558672851389237479e+01
9.735795542016492732e+01 1.167540360116388065e+01 4.427781598185435996e+01
4.084877531814343854e+01 9.812659658689037556e+00 3.230043390309001694e+01
2.844121257911202960e+00 8.769542889829570242e+01 5.966115607561693679e+01
8.150184978702506555e+01 5.215544524029898099e+01 5.883196695825605360e+01
7.008544778091648197e+01 9.080116274642149676e+01 1.736316753717713013e+01
3.309483947357269074e+01 7.090261907000005692e+01 8.254715860387575788e+01
9.808074284900054352e+01 6.381030091372623758e+01 3.104583534355879237e+01
1.192089114139567307e+01 9.460436442804254398e+01 4.764351043835540622e+01
1.948160332626848046e+01 9.338925157776010622e+01 1.882519755944285222e+01
7.295710968570750765e+01 6.252630275433341467e+01 1.008575156362866920e+01
3.387487956394421929e+01 1.499306895400106576e+01 5.366378832109626984e+01
4.771130316774288360e+01 4.275124660490958739e-01 9.059774317747441330e+01
3.495846498895404153e+01 2.582043928370499941e+01 1.833451281330303573e+01
1.588158961735678432e+01 9.991370762165098540e+01 3.380801117833704694e+01
4.055134972242816360e+01 8.713559161780889895e+01 5.527390699968221810e+01
3.686944117452725322e+01 8.983284359238530214e+01 6.595401838842799691e+01
2.279005075416996462e+01 6.437389945999204599e+01 7.781866223164993812e+01
4.964608784504125083e+01 7.336124028316672252e+01 8.854524625255452008e+01
6.904141408952129666e+01 1.024386897660806106e+01 3.285678206543690294e+01
5.950964373426489118e+01 2.755558153719060854e+01 8.785496258783183521e+01
4.053520340221737683e+01 4.572304057323650284e+01 6.743553505763981093e+01
5.242497313418741101e+01 3.821459668887683137e+01 1.529967767571888437e+01
5.964455895078638292e+01 8.675800307940346556e+01 6.706076579752181033e+01
3.814950100469521743e+01 1.277260646231294139e+01 7.682784044848825999e+01
9.417483622312047942e+01 3.882729907962647786e+01 5.670548436008490256e+01
4.107634398907556772e+01 5.022669388521994449e+01 8.026024842826046779e+01
8.342434221115357929e+00 5.303353487867050831e+01 2.913082044860037101e+01
3.398059454957623871e+01 6.444288246422742361e+01 9.109570238989785906e+00
5.938250989731626817e+01 2.834422394537497070e+01 5.490256118811461761e+01
1.415813519130542097e+01 7.358116038161786321e+01 6.199492268996673516e+01
9.712418328803511258e+01 9.112353632581479701e+01 3.279630863530111640e+01
2.731657272543697168e+00 6.553685611117577992e+01 5.572514633925852223e+01
2.742876876644606554e+00 1.226775292025926767e+01 5.679919739352723695e+01
9.118272640434919651e+01 9.065002765134069307e+01 2.508680065615343580e+01
3.845739464052495293e+01 4.320286435217401966e+00 5.640061039614187166e+01
7.530834596732056241e+01 7.899727113656113886e+01 4.964873308524352780e+01
9.586967470821839754e+00 3.813639751815664169e+01 8.572333096766878668e+01
2.296125565197147012e+01 3.197544499127264928e+01 6.589817907553332077e+01
7.335807888859380910e+01 9.122022880249323862e+01 3.796647016726517165e+01
5.145987238742911529e+01 4.673924612204775997e+01 8.345287863655850913e+01
7.693305888246348445e+01 8.314417798338482157e+01 2.401931931235143836e+01
7.918466928681598915e+01 4.329787660574969976e+01 1.360796370993875293e+01
6.008835274328461651e+00 6.779079397348445468e+01 4.656240180769521686e+01
8.681155732234803679e+01 7.342731338758665061e+01 4.059187782764329455e+00
6.868883118360020035e+01 1.923524727323562189e+01 3.742402033510061443e+01
6.247352021229627184e+01 8.727178412956928355e+01 5.004557746743415692e+01
8.084904541911343756e+01 7.829656628006328845e+01 4.807084752156637109e+01
5.009801634329028275e+01 7.004850100498131837e+01 1.104121629206033539e+01
8.908114137992460257e+01 7.698161594376934147e+01 1.049747139544432351e+01
9.811799531889755599e+01 1.793903525896187645e+01 7.986225306997567941e+01
3.244734583231111458e+01 7.631467101641358397e+01 4.694324832343027509e+01
7.364673874500022066e+01 1.557830479393662593e+01 2.667329780154861751e+01
9.985782447202563361e+00 8.651439814378031201e+01 3.327843538732566486e+01
6.944762294166633865e+01 8.202211977415281297e+01 8.960001255115766128e+01
1.062971153117178247e+01 8.930149335126125720e+01 3.026260139939784111e+01
7.369020115909616209e+01 7.288490193646111948e+01 1.235736953730451582e+01
2.206239083102542509e+01 4.919085146648672691e+01 4.234985182728087239e+01
9.185734798846095828e+01 3.597408695025231395e+01 8.274357824778591919e+01
4.594293183925310586e+01 9.643528966401657954e+01 7.157313852140786992e+01
8.293345916321558775e+01 1.048768883490009962e+01 5.625900951483531287e+01
1.427003598293508091e+01 2.976210020509740772e+01 5.945010206371875938e+01
7.262257046938907479e+01 3.918378201125083393e+00 4.533151039147907824e+01
5.653139862898864010e+01 7.882799711020116007e+00 4.627552620762656943e+01
7.138422800498264564e+01 5.322728487553096244e+00 7.341724878237741336e+01
5.764265049041368627e+01 8.332272082717908290e+01 2.165695383555126696e+01
8.332736842131184574e+01 9.456097526746798820e+00 4.237454022057142566e+01
1.994847915246484860e+01 8.760208322908741252e+01 6.752124488241604183e+01
2.536177716072818278e+00 9.523355613956119292e-01 3.403213954132095154e+01
1.432831142805653890e+01 6.303044775601958349e+01 6.477079746888935574e+01
9.419509036613675335e+01 9.520399245458408188e+01 6.464628798292928025e+01
5.675112852708719124e-01 3.589979165696143326e+01 4.766077157332736647e+01
4.991797565084659283e+01 6.033406295022266619e+01 8.069864543479162933e+01
8.851926919551537765e+01 1.089080334504882686e+01 2.649130451431585698e+01
8.331094174196363156e+01 8.243069088192069671e+01 3.379350863653736781e+01
7.305880306861195095e+01 6.720373787178573366e+01 4.207830296143421833e+01
2.014549526790293399e+01 8.886431808940862709e+01 5.939058599840520003e+01
1.689929248783747084e+01 7.048023448408608260e+01 6.455199793103103900e+01
8.868802851210406857e+01 2.228392552419349215e+01 8.145579660324149529e+01
1.533934225269212348e+01 6.006888918595830518e+01 5.727123089289975155e+01
4.189528952658605476e+01 4.750377087703865442e+01 8.508186676073256649e+01
6.452742296654618315e+01 4.970009582346862942e+01 1.590916596074624856e+01
7.337625223134636165e-01 1.249686181518334749e+01 7.919593368488716578e+01
7.640867829913307219e+01 9.671163275102477996e+01 9.192222315063363069e+00
6.802204038586393153e+01 4.429352640341798875e+00 7.420998038121241791e+01
3.809501727351942435e+01 9.576536010649483899e+00 4.721692680782179963e+01
2.801201966013880806e+01 6.595739418718184766e+01 6.591469270072225584e+01
7.050074741207528461e+01 9.924650787777589755e+01 3.402031944739288605e+01
4.653154744851008928e+01 8.046117010253408353e+01 5.390965766080078225e+01
3.725721068779963563e+00 8.430785202598565320e+01 1.090103015207900761e+01
1.708201364917842824e+01 1.020799669741871973e+01 1.243134891145031062e+01
2.568487530471019742e+00 5.502771397236738693e+00 4.417508249963659495e+01
2.528522699826138975e+01 1.265368834188187463e+01 6.524558831811840776e+01
2.261119106342584928e+01 1.894915534480945407e+00 4.231458642581134200e+01
3.104329919783051039e+01 3.186044313464927313e+01 4.220098396575458111e+01
6.689139272342777076e+01 6.164791200379939795e+01 8.664719511818131537e+01
5.177166663025214177e+01 4.725699097250721792e+01 2.661148177104849566e+01
7.553812888481567711e+01 1.407757762142847113e+01 4.568003738821970927e+01
4.213221983874444732e+01 6.583008784044032780e+01 8.335394049037296327e+01
9.465955914982224328e+01 1.677992671631584187e+01 2.664592643242296077e+01
8.116353199647066674e+01 5.182797624491928445e+01 4.177386468970394873e+01
7.106254523807058376e+01 6.019249526069717859e+01 9.079510750398455343e+01
5.839746522882669666e+01 4.659738263472532793e+01 5.444527460335228852e+01
8.085398166969733325e+01 6.126750567852208462e+01 6.426179152050052323e+01
9.714388800365919963e+01 6.183954844254573402e+01 4.196090094859751218e+01
6.913260270127965157e+01 6.594593969773113429e+01 5.878801609614988877e+00
4.673292967858331082e+01 7.429036028823993831e+01 5.313590191934670770e+01
7.796211359353894466e+01 4.508836964276143533e+01 8.732489971278508278e+01
2.928915892038886781e+01 9.212260814607354575e+00 4.721404783649088444e+01
5.417090248739190628e+01 3.490937316824614811e+01 2.761005373354050008e+01
6.720586913854890554e+01 3.771250998562521062e+01 6.111954216071006130e+01
7.790714485987759019e+01 7.610026277600236710e+01 4.036525396870572280e+01
5.678982289501747260e+01 4.496582244427423802e+01 8.267957289246741936e+01
8.787584797999991792e+01 3.437415828880367741e+01 9.182734095196378732e+00
1.675824833240194778e+01 3.670017421308837413e+01 4.794435471194142195e+01
6.567870109644292143e+01 3.313710462860002082e+01 6.552696130301004018e+01
9.377399836737559724e+01 6.520141271689504947e+01 2.274736382580559635e+01
5.796689129776275706e+01 5.418955167669827944e+01 7.619397190651943674e+01
3.503030552129743569e+01 4.229456100566799392e+01 5.866119451068358615e+01
5.244253117420254284e+01 7.190165924051741797e+01 5.919918501385108556e+00
5.635160192069598395e+01 1.216718930038752688e+01 4.737309718428170413e+01
6.616268615323903646e+01 1.574142005921776999e+01 3.889358875832333240e+01
7.030064828353120276e+01 6.508052425268338936e+01 1.832603786525777778e+01
5.772684934923238842e+01 1.472544619186394499e+01 2.924292802789426204e+01
4.592112786357787257e+01 1.093468232981891219e+01 8.685767002072319087e+01
1.653695610540011529e+01 7.813126284286043699e+01 7.068339990177928200e+01
9.944639698960014584e+01 4.286532178522683978e+01 7.916868013399100334e+01
9.575394390168510483e+01 1.728941448946671500e+01 4.395078597100405204e+01
6.001081885608772204e+00 6.207240120242015990e+01 5.250228199308983079e+01
2.041262846631971684e+01 7.979027588941261229e+01 5.629659646481758983e+00
8.062273241275570967e+01 2.664529116386737950e+00 6.293649085615855654e+01
7.876951391490127463e+00 2.512255193123229446e+01 6.568831272027738066e+01
2.804047996253867936e+01 5.111738487177347423e+01 8.516926067588769911e+01
4.963435403657834755e+00 8.110797937356734622e+01 1.555170067163475700e+01
1.267948443366766398e+01 1.193191038892108580e+01 9.035250647350729025e+01
1.801863193315334044e+01 8.967618462562681714e+01 1.000000000000000000e+02
3.837847704122980019e+01 6.310485435286854283e+01 7.524483311910003636e+01
3.926450818362082629e+01 1.618141404978072728e+01 3.859306739521070995e+01
7.718876450029445380e+01 7.807627627484031052e+01 2.903279873422902213e+01
1.749656398907465515e+01 9.205607021003497437e+01 1.173368250825627079e+01
7.347384757650868892e+01 4.642138544675400880e+00 7.121286350579774194e+01
9.054148133361019291e+01 2.974191242290989834e+01 8.599284269932274682e+00
4.806845363474285904e+01 2.984630367454768063e+01 4.422377174167821323e+01
6.649854534886802071e+01 2.098260359487169779e+01 4.031293035289154858e+01
7.825624902926736581e+01 6.437619499528216238e+01 3.070313251730799564e+01
6.643016002599286196e+01 7.653129228919665650e+01 6.062768401851267441e+01
2.394968325010085053e+01 2.452905119930681721e-02 7.498542466246472316e+01
8.226335553161644043e+01 6.976045013943620177e+01 1.948533891811329966e+01
5.852222875080461506e+01 8.210206712716072275e+01 4.457868182284014580e+01
1.980007342202540954e+01 5.876272972414706430e+01 7.509059638937034720e+01
4.886995870706556389e+00 5.969512171607357232e+01 6.747304240029772870e+01
6.023670393482796470e+01 6.500336842370485613e+01 5.526093042573337755e+01
1.304038849803490407e+01 2.349367769489153446e+01 6.857819544187788097e+01
1.769316113677077418e+00 6.347445187232444397e+01 5.903402415756301735e+01
2.391747598616584725e+01 5.981328297531396743e+01 5.171598237584913704e+01
2.606915481531137857e+01 4.629740118747546518e+01 8.021731378201346274e+01
4.266027804598828510e+01 6.298441768795017026e+01 9.712779878159953029e+00
7.780011332209879171e+00 8.130807330331846217e+00 8.373566250442311798e+01
3.502568948034527097e+01 2.276116883658133716e+01 6.741065072974555505e+01
1.699600625561744494e+01 2.464925250702806281e+01 4.697060909987911970e+01
3.314380690146132480e+01 5.853922110366443121e+01 3.495155438479840626e+01
3.929516358588919189e+01 8.628866082494859313e+01 8.430153189456713392e+01
8.277111908134074270e+01 8.648309327046325734e+01 5.259902943748658544e+01
6.462332147513839686e+01 5.571731665549405221e+01 7.346077746821309518e+01
5.510004857614442386e+01 1.110769645507805237e+01 7.693567116998512745e+01
7.605851706775364107e+01 8.203005952826252667e+01 2.095004944633173238e+01
2.716170527149670733e+01 2.957516972635299979e+01 6.103313108747065030e+01
1.338770841634597808e+01 3.853817532748673358e+01 2.599409321624738212e+01
2.647627130327364497e+01 7.063876345584273508e+01 7.713930163608242196e+01
2.290586659718385487e+00 5.658969633550003664e+01 8.464271374515131896e+00
8.524924501155028977e+00 7.050840346141090720e+01 6.871561871771596941e+01
8.139806731727988165e+01 4.742415117703049532e+01 7.351074743134674350e+01
1.668382916416243233e+01 2.497164136350026453e+01 2.659837880085994399e+01
7.975372605818765237e+01 2.286751183866189052e+01 2.280366762678441717e+01
6.231106875880561802e+01 7.708202636067440494e+00 1.166869228759511401e+01
1.067176485524589147e+01 2.408839871675949595e-02 6.945712901312842291e+01
5.622353217144786441e+01 2.098751090377238882e+01 2.442249489307879173e+01
8.109685984700396943e+01 5.018201158603004330e+01 6.060619595843853347e+01
4.527554512749155435e+01 2.377180260207922657e+01 8.695433205464834714e+01
5.656475633753974819e+01 1.309819037679124065e+01 4.199559671070220901e+01
3.293374119469007155e+01 2.140874685885213324e+01 8.663417093959061788e+01
8.809199954597525561e+01 1.991471165201163984e+01 3.105953549410408954e+01
7.623153916708216116e+01 2.085060481402156540e+01 5.473745996736465713e+01
6.997939421248166525e+01 6.539723257107664267e+01 5.339108246919869316e+01
7.066995890287628868e+01 9.648059198489283972e+01 3.179718515735386219e+01
8.785904243758395182e+01 2.180706251510677873e+00 3.477997711522593249e+01
4.865578199913156432e+00 6.512039599558401903e+01 2.050185298986762561e+01
8.457068636520462235e+01 6.465916837902597081e+01 6.060494327584241780e+00
7.147773654346229932e+01 8.620349472569610327e+01 6.094539911768913498e+01
3.052421593503218400e+00 8.579195484604065314e+01 6.818973860093559836e+01
3.784513124839842391e+01 3.286302583155026014e+01 5.188196094643294742e+01
8.671017509378708610e+01 2.520593518695575241e+01 2.283176521489361122e+01
8.646363729610499149e+01 2.628984888072294357e+00 8.326544588733082719e+01
3.057451943014006801e+01 5.082227016882676907e+01 1.809040325291251960e+01
9.022549693766852386e+01 7.498362233844046898e+01 7.782891791654343194e+01
6.832290511181624026e+01 1.846937767423261079e+01 3.394056513297213229e+01
4.868485751034733511e+01 6.072582053602069152e+01 9.236062710486402239e+01
3.839514657891389504e+01 7.030720219071459098e+01 9.197848273308250100e+01
1.523740634154530049e+01 8.627095887795481133e+01 4.338014229240444308e+01
7.324217759293367180e+01 2.935383387370836772e+01 3.683351241119174091e+01
2.713322486806613032e+00 9.714041531669596452e+01 7.188168418070507926e+01
9.391795792622048111e+00 9.995087956637745208e+01 5.623916885642339025e+01
8.537286379643830969e+01 6.666076327786896627e+00 4.072076565631429190e+01
6.696511223036098670e+01 1.064337186997015294e+01 4.884156517356821325e+01
4.426778745441415452e+01 2.160402244735797339e+01 3.696838348308389044e+01
9.671183544949823840e+01 2.886484860099359651e+01 2.968950639676245018e+01
5.362091710683334611e+01 6.709580340702979129e+01 6.960652728457263549e+01
7.542471844969162476e+01 3.683249151475309624e+00 3.639731837238703349e+01
7.739580797830902270e+01 9.048521018001294181e+01 5.354549928089087274e+01
5.230685350968567349e+00 3.966458058551312149e+01 1.079888084206166354e+01
7.485378626845844963e+01 6.350546928166522775e+00 2.446960957776071410e+01
4.169584239647742407e+01 4.626483671148719878e+01 3.324715605111961736e+01
4.633966466060000045e+01 7.132391520201998958e+01 3.844799266619206435e+01
5.477504591506191645e+01 3.033692575287322413e+01 4.294074105051825541e+01
6.137989590420808383e+01 4.904946516370200271e+01 7.003506791855033953e+01
5.605385880517496844e+01 8.035740853838728981e+01 4.308849225806703487e+01
4.910336198668014873e+01 6.699713489009396028e+01 2.355842293924993314e+01
3.859295369312608415e+01 6.248412440117078148e+01 1.400546669907349084e+01
4.369714336339416150e+01 5.988499363061168168e+01 8.848566604864562635e+01
8.770165616176711865e+01 2.807419529426581306e+01 4.871551167672652838e+01
5.641437266009130980e+00 2.407544148178071453e+01 6.914040238182550979e+01
1.233140122753445489e+01 2.576905248339566157e+01 8.564701822481249849e+01
8.238558004924580302e+01 7.818277126489120121e+01 7.761976933158753411e+01
7.496056865823538828e+01 1.205862161182349368e+01 5.368010324891309892e+01
4.442439208023220232e+01 3.111515782703800781e+01 8.142672920244838508e+01
4.641392023742336903e+01 6.029760135754969497e+00 2.521121949439021748e+01
2.286210580294450878e+01 8.874788848112835637e+01 5.615595033382483336e+01
5.603762658820750886e+01 5.066492416787050956e+01 6.686661683287104552e+01
7.548755467771248107e+01 5.543847058315098764e+01 8.554222690413793373e+01
9.768341706503845501e+01 9.953423166088229834e+01 5.832969441225578322e+01
9.326204667558783967e+01 4.044796953079546853e+01 8.245859848736496645e+01
9.091742987396808928e+01 9.041404723322756354e+01 7.749950130388624814e+01
4.065991616412504328e+01 1.589074819807343530e+01 4.457617917091024395e+01
7.672885692980929662e+01 2.328855113299752588e+01 4.640153010105702691e+01
5.653995179846720021e+01 6.038585624378752925e+01 8.917725134096214390e+01
6.614930204143175274e+01 7.862988160773022628e+01 4.990164129976263752e+01
8.335803188619632920e+01 2.636636130697628388e+01 3.116919969869362816e+01
9.263200487579696585e+01 6.934808763573784063e+01 6.696590104710735147e+01
4.672952386284499227e+01 3.766972592935105268e+01 6.021306722975432280e+01
1.205663494216670983e+01 4.547125610831077580e+01 5.002068474362604178e+01
5.383365129442652375e+01 6.346856143672022910e+01 8.601426025611822013e+01
6.521691270917568772e+01 8.837251519534115118e+01 4.894861398786117235e+01
6.269278826274897654e+01 6.983695310956960611e+00 1.677745412157046800e+01
5.796704351975395753e+01 3.957128699580292164e+01 6.631523376184864560e+01
5.431778748741760410e+01 8.822910389513378959e+01 8.388798587637090520e+01
1.476351851214849908e+01 3.948277516556265709e+01 6.431943576717273459e+01
3.054887554003497030e+01 2.670323377214951677e+01 7.451711600947015768e+01
9.803784690587428940e+01 7.738033312474813386e+01 5.015116711923302972e+01
4.425112319453147336e+01 5.396477205303649072e+01 4.286939505781251114e+01
5.028880567856680273e+01 2.034530505292276814e+01 7.482457735987006231e+01
7.545350015232681073e+01 6.809774226932199781e+01 8.655751738665287576e+01
2.843943319128380409e+01 8.115941089361422556e+00 7.726845227324430709e+01
9.984169636492549671e+01 5.784324380201994131e+01 9.119226737267515759e+00
7.804680401549411783e+01 7.374904884584154274e+00 5.022004943322565396e+01
2.775324742105270559e+01 9.150267805923954256e+01 5.145083936696763516e+01
8.984633484785533142e+01 2.990810852545675402e+01 4.467555258160475518e+01
9.471191882470805012e+01 2.013144509316353492e+01 4.948120847935805955e+01
3.885103285601113754e+01 7.741668850687273107e+01 1.856327355916513255e+01
4.372149690046684611e+01 6.989326268452632007e+01 4.748239409987866821e+01
5.853173927537669741e+00 7.051122613353439306e+01 4.851076990029461911e+01
1.130868668010054368e+00 6.126558952283730264e+01 8.226935541858438228e+01
1.110259482116889806e+01 5.906712350091689245e+01 7.223055724092242258e+01
7.077367014030544468e+00 2.261545816418630839e+00 5.023695545317630007e+01
7.911866872343638590e+01 1.607194100993283215e+01 8.039157273945497195e+01
6.565772554235961422e+01 3.321732877884856805e+01 4.935456076089329969e+01
9.655749797267384338e+01 2.164369706323387987e+01 5.179668815707982787e+01
6.244865561076207428e+01 1.380146054756662366e+01 1.800843754889692860e+01
1.345995293147128624e+00 3.246928566000162419e+01 1.419230195066939260e+01
8.037699525411146340e+01 9.973195271617460378e+01 1.172024999758600572e+01
4.327262759334396236e+01 2.573212298257476771e+00 2.430552300095295948e+01
3.229225609106740791e+01 3.936982130576498662e+01 9.332672238078146165e+01
3.958368087568958771e+01 4.962776590574021895e+01 3.701129178959437382e+01
1.251387565754935594e-02 8.993344567331351413e+01 1.350218588865497793e+01
9.642488410362291518e+01 1.308441041002602567e+01 5.656599964098275279e+01
9.994105878566369938e+01 1.384645960696758671e+01 3.873579003455065362e+01
7.804236689714765873e+01 3.219014984996826367e+00 6.508674953976455413e+01
8.037333789079948332e+00 2.365201422732263836e+01 1.703909942632883201e+01
9.073364316469361768e+01 1.804567167816808393e+01 9.516383270979053677e+00
5.876256784477621409e+01 3.461809254097020272e+01 4.430256540582320213e+01
1.190627448625469853e+01 7.482344914331945063e+01 5.900183398827103787e+01
3.642170447482799744e+01 1.715749437631359697e+01 4.936997938604535108e+01
7.785972795073773511e+01 3.123972838671949148e+01 1.687642668564592086e+01
2.143439847529840137e+01 6.823978188928292354e+01 8.457772841744848336e+01
1.337623940877652462e+00 3.061535621321007739e+01 9.505926944737355555e+00
3.163492877630321587e+01 4.059143431274212332e+01 7.839515940181527753e+01
8.056079940497873793e+00 7.771340530657700185e+01 3.791927499773947119e+01
8.112628496669277922e+01 5.134021853256213319e+01 7.913419896648607121e+00
9.462058847148388452e+01 8.273406343452183620e+00 5.353999373089429525e+01
8.776677629335158315e+01 7.976979775019388264e+00 4.348049110842084986e+01
8.242898755244522135e+01 9.863247086457957380e+01 6.795163039587319531e+01
2.783343754632936395e+01 6.995703298454094465e+01 6.685472881228938036e+01
6.999660121046173344e+01 8.542604370931057645e+01 2.464028060343709470e+01
1.084198454154333646e+01 6.406171242255580012e+01 8.812039309460216430e+01
4.658386389192459376e+01 9.605627016256751460e+01 8.282555772548143125e+01
9.029097382343195477e+01 9.098509748640853445e+01 7.671292829459729035e+01
8.198893835391821483e+01 6.949789586053303481e+01 9.964147824195629610e+00
1.322535921560524841e+01 1.342320545314671421e+01 1.211511342675235525e+01
1.167017684236366648e+01 9.197464335671062940e+01 6.043550833324412253e+01
3.120730182954224574e+01 7.933600122366799212e+01 4.843274526641268096e+01
1.421270369158765767e+01 8.845020812264927201e+01 4.371284441096161544e+01
6.988592305298941199e+01 2.905941604996073835e+01 4.757221922428039562e+01
8.162527115304155245e+01 1.567773464243676962e+01 8.035163689992674563e+01
7.021592286072619871e+00 5.340089097405040519e+01 8.661220306793907753e+01
9.456938848825254240e+01 2.321089628797760085e+01 2.138723372812239276e+01
7.244030003178909283e+01 4.197356827623710984e+00 4.096195419037116636e+01
7.963552267931819983e+01 5.602547245168339174e+01 2.543888410929049471e+01
4.870442994699632067e+01 9.212747164488929741e+01 5.462093371292379373e+01
7.214906275690198356e+01 3.362638796625149240e+01 2.553300760235764244e+01
2.556422298996035991e+01 5.331775937602949256e+01 3.898840352106870455e+01
5.419647874261011111e+01 7.077919273761769148e+01 6.752144165080143523e+01
1.646849396610934235e+01 7.504308488338631378e+01 6.762778216111701113e+01
1.200513336870667747e+00 5.887217508975084002e+00 5.604816704880327904e+01
3.837038995637096406e+01 1.461039995756658882e+01 5.792291100493842215e+00
1.593983406724308693e+01 9.575139643216165553e+01 7.590993603942425239e+01
5.277054209342938407e+01 9.415405000545918313e+01 6.009832184034004854e+01
7.256451882806672415e+01 2.826518185058720789e+01 5.898249642710840845e+01
1.434772442978402651e+01 4.044831451977754000e+01 1.577301762934547114e+01
2.166280875826804930e+01 7.486862942267469734e+00 3.783104585568298717e+01
8.430351646384902153e+01 3.779341063450530669e+01 7.953492338579401633e+01
6.564983125788873508e+01 5.095294466308277492e+01 3.042643720070638480e+01
9.221560928441523686e+01 5.420080884203326121e+00 5.925623266214230256e+01
6.212398928093688966e+01 4.410415222565268323e+01 3.412806731838227137e+01
4.306959368452668713e+01 8.727727255534206563e+01 8.191675465506632747e+01
9.413812499770291709e+01 3.077932066252479970e+01 3.469455318312244430e+01
1.872615265986332656e+00 9.429499947200082488e+01 3.603868832397809996e+01
4.041638215329932393e+01 9.078046114473946204e+01 5.035885412894621993e+01
5.661745417554779891e+01 1.762328381509168196e+01 5.480483527723123416e+01
9.182086009087741729e+01 5.587180881079260075e+01 2.341611738422449562e+01
3.118086413476284235e+00 3.363017734540679982e+01 6.973617964986686957e+01
4.261328837083011578e+00 6.097925772911562348e+01 5.032992480032936555e+01
7.834354691665708970e+01 2.888817227196183168e+00 7.504044007387574311e+01
5.208770457581069024e+01 3.705293327797114245e+01 9.273178468471743940e+01
1.601195472360530303e+01 5.413251190911064725e+01 3.373763704549973141e+01
5.274863787953357530e+01 5.522754525804121073e+01 1.519086059194218485e+01
6.611351469183497898e+01 6.344814959190118486e+01 6.905246316015038133e+01
9.065849365917099334e+00 2.972585469036878081e+01 5.776131830274886170e+01
1.367308259156084738e+01 6.775982107884422589e+01 1.428737226716105191e+01
3.349315529596277230e+01 8.467111223325190394e+01 7.094417161967818686e+01
6.447607152270879283e+01 8.704584166251011368e+01 6.411778770841132769e+01
5.193751052108029853e+01 9.797175003857866216e+01 6.318075201742561120e+01
6.013671768130031126e+01 4.088705609535646346e+01 8.429054229969284506e+01
2.957090956049928110e+01 9.219594210902681830e-01 2.115579011708006618e+01
1.095174919423591575e+01 3.189937741730720688e+01 7.469481537303160223e+01
6.515296853650073672e+01 1.689805892337125215e+01 7.634375818984469220e+01
5.042198660994026937e+01 5.127146241182969533e+01 3.889791396607345320e+01
8.646163648220233711e+01 3.183273038557926782e+01 1.176333577561455712e+01
3.027289939719450729e+01 7.153535462678857471e+01 6.188280995792365502e+01
1.880171535535778560e+01 1.117842991049420220e+01 6.402940816716716199e+01
6.763768356549122984e+01 3.661496372105707309e+01 8.111414855271388546e+01
9.782052037999167737e+01 2.056452234493954023e+01 5.233642426454239427e+01
5.346329003939165325e-01 7.130543960262873782e+01 3.986668337035843734e+01
1.932692269031648280e+01 7.522219217643761624e+01 7.162600525871407342e+01
1.111665011759372845e+01 4.099576183803399942e+00 3.297294857596536133e+01
6.259904657610355372e+01 7.934195271886331113e+01 5.453882610198925818e+01
5.807487763069806164e+01 7.998582217528911542e+01 5.390737393883170370e+01
6.111544902263005241e+01 5.162173399765593018e+01 8.443560584346002429e+01
2.355166185850888638e+01 2.639935845405093673e+01 1.842778188170156284e+01
8.194667514944217146e+01 4.117772905623573365e+01 3.100195805895748080e+01
9.813487170871562171e+01 9.268033664397854920e+01 9.034318545541499645e+01
1.422989967586928373e+01 8.912518131481662920e+01 3.581548565211794966e+01
1.265677021186251139e+00 3.912983359830687391e+01 5.012652111895644680e+01
1.082204235674053550e+01 5.376776168742563300e+01 6.994667272042745765e+01
3.776509508391939818e+01 3.526448065343021909e+01 3.519192127409153414e+01
9.230944458836918898e+01 4.875809879019909587e+00 3.978823190410732735e+01
2.645994541497168484e+01 8.938070253874941784e+01 1.816262542292037097e+01
4.114427666804107986e+01 4.068161520310857071e+01 7.904608369753125885e+01
2.154934450409694691e+01 6.448954103016110651e+01 1.720698802652128734e+01
9.539757140805427582e+01 5.930149592722858642e+01 5.315982337089153731e+01
4.337734016604721887e+01 3.422827126663222685e+01 2.989341156333934535e+01
6.039877538322588890e+01 9.545617453482380199e+01 3.664677417265281889e+01
8.831568886620542003e+01 1.487763128472496810e+01 8.504477954402857165e+01
3.504862838980765360e+01 3.797272115933456860e+01 4.310446588117653022e+01
7.182442699476501957e+01 7.196534336890351824e+01 4.073941141978876601e+01
5.231528993139359329e+01 3.001048777414117019e+00 3.100910256876196058e+01
3.460170742306094382e+01 5.587272687257593873e+01 5.237090534230348737e+01
7.098997977278730787e+01 7.170272962180808918e+01 2.873709361261309425e+01
7.701871511048247498e+01 1.960356804628204941e+00 6.530891400132294677e+01
1.020611035194231064e+01 7.296482084212189534e+01 4.841483766818205225e+01
4.372545006830921466e+01 6.906663897614289738e+01 5.203493174644710173e+00
2.234703256755783229e+01 6.164401424676540131e+01 7.763871960227763225e+01
3.811076369451169654e+01 2.587614726335570836e+01 4.741263645972361473e+01
6.223152523868413510e+01 4.201030314057464210e+01 8.523034077824233634e+01
5.234387088600134064e+01 3.582358757058501375e+00 2.716456311583876371e+01
4.506470309178145328e+01 6.977255190169333332e+01 2.857473705081478954e+01
9.762574397174211072e+01 3.185582581880834852e+01 5.076621159449504717e+01
1.896638473104117484e+00 8.848907214308043478e+01 7.350186757075022115e+01
1.954580042955926800e+01 9.332366912398428838e+01 3.048637060933057086e+01
6.921862883801171051e+01 8.189763180165998335e+01 6.397125027673978792e+01
9.175827840298411786e+01 8.642747603407084966e+01 8.952027972849766968e+01
1.826114125761455398e+01 3.047618012267000509e+01 6.256417683643872607e+01
7.330471858915836947e+01 5.346050545557091738e+01 6.461840640432468419e+00
8.415952268003820791e+01 9.608743560212720070e+01 3.939429423713895062e+01
2.248124816988460495e+01 1.931375496208753706e+00 3.522343431158250127e+01
6.999187748384223084e+01 9.115893876727304246e+01 1.794444194972018991e+01
5.532591871619298729e+01 6.955312485118324162e+01 3.716860734039000391e+01
5.698970391703019800e+01 7.152484260057728704e+01 7.408223430632826023e+01
4.524998508199809066e+01 7.478572189189605979e+01 3.110467859900673560e+01
2.130467467721586416e+01 1.873137460906674079e+01 4.156691907952375686e+01
3.587968178884903825e+00 2.829918376652497258e+01 6.408501276104949795e+01
6.479190471601367562e+01 7.355380649149124039e+00 3.141520737901232252e+01
5.695576646779216645e+01 3.185521375031028413e+01 3.729898498721119893e+01
7.128107571157640621e+01 9.266829456630043538e-01 3.561731224146371488e+01
1.423722437850166678e+01 1.276091827644917309e+01 9.679153395907583501e+01
3.765603315624177583e+01 5.270885849096398346e+01 6.178825352832583917e+01
4.744747486005018722e+00 2.410226385576983432e+01 8.193465965151098374e+01
8.619906131778810732e+01 3.729509206408020106e+01 3.702049912852135805e+01
7.568968771088819381e+01 2.950702267498691711e+01 1.655402326832654936e+01
2.575354502405834367e+01 3.873447316357749060e+01 1.372211681751349310e+01
4.786802542001748151e+01 7.400075127727784263e+01 4.533852453985251429e+01
7.189534051450696239e+00 4.401496313459585252e+01 6.601313451272822874e+01
5.809665399018992815e+00 5.984718972688851224e+00 3.201383762090924279e+01
1.949639641237090970e+01 9.347807913084203335e+01 5.770509509479509092e+01
2.873253994058961780e+01 7.047767291149507685e+01 4.804097620129652313e+01
1.321156443790100177e+01 2.372322298435803845e+01 5.816354429662009551e+01
5.187610599699166158e+00 2.726890400480637311e+01 2.466261295807009546e+01
2.011351106765319940e+01 6.827624119759711618e+01 7.520948753385054886e+01
7.158666080642586849e+01 6.457278158005121327e+01 8.710753386719460423e+01
5.839238042429684583e+00 1.674830859762407442e+01 4.380708021635047089e+01
3.724516435038677287e+01 4.180516029630224750e+01 2.895098945992814876e+01
1.495033155802283353e+01 5.091932474579280665e+01 8.196825157819476715e+01
3.919694623499169950e+01 4.335321411952808290e+00 6.770883193677491363e+01
2.911049055271749353e+01 2.450950073048920785e+01 2.107469645087691035e+01
7.238155239078763259e+01 8.188193868703041289e+01 5.903254486753538544e+01
3.224787537195516052e+01 3.104782331172781795e+01 1.353720623946193591e+01
9.333010482351944859e+01 6.381393989688195489e+01 9.230412310624698691e+00
6.623670951866806433e+01 4.471534241935079024e+01 9.069860729087913853e+01
8.190688248064070365e+01 1.713157538327981655e+01 6.081624101411539129e+01
4.855660038352633734e+01 1.870451636699282005e+01 6.977693569312293675e+01
5.473875786942453914e+01 3.037387877157049498e+00 6.057703482611604784e+01
6.349870898624406834e+01 1.440851610514626202e+01 4.274375078229189739e+01
5.858989707510399114e+01 1.387830141067298939e+01 7.420976352575839030e+01
2.748604628770379144e+00 1.028374149693549455e+01 1.044299586091197618e+01
5.281071259750551405e+01 6.201140121686252371e+01 4.116611617197047934e+01
2.886668276681661993e+01 8.093173756255573892e+01 1.632729592462139223e+01
2.802918611327917020e+01 3.911557880397076303e+00 1.223419427324860465e+01
3.533798869322012592e+01 1.948236624449319976e+01 2.561792678740641804e+01
8.209471574549681350e+01 1.629800962492213756e+01 6.535713567453173312e+01
6.750506231463634776e+01 3.264455251408327285e+01 5.165483569728733926e+01
4.444356097745387757e+01 1.283953154976653721e+01 8.443594120189911223e+01
5.696179675857601410e+01 8.802400457954549040e+01 7.743307878772668573e+01
7.977592530942323457e+00 2.072706660184524452e+01 2.661880406344955929e+01
8.307795327869187929e+01 8.624466264552023631e+01 4.989040006953077011e+01
1.041780725080069203e+01 1.356166185430162052e+01 6.717547004741057037e+01
9.291901365293301751e+01 1.994756851106567197e+01 1.415294586490094630e+01
3.309529051507779229e+01 3.049938964788134754e+00 7.666821955891965956e+01
4.915122572262515632e+01 6.418607787630197947e+01 4.306586235708681443e+01
3.455075470124818793e+01 2.222004130760848284e+01 7.431623502997780406e+01
6.955475844155293430e+01 3.607289844960861558e+01 3.969894784837789103e+01
1.242878648679002218e-01 6.355213004547244360e+00 5.908760540229643965e+01
5.146073102354616680e+01 4.348032044850225475e+01 8.063024617763952051e+01
5.038982044028465879e+01 3.844935814073199509e+01 2.376485921622581543e+01
8.206880082146192024e+01 5.762482501211877661e+01 1.323245286836520229e+01
6.488983979970758753e+01 4.250707454884099690e+01 7.356918244586833566e+01
9.189145969959962201e+01 6.004658131762460016e+01 7.053016073551437159e+01
5.659084760216570587e+00 5.602554550011572587e+01 6.706089810980580523e+01
4.967621494781037228e+01 5.935500895043372083e+01 8.527274777994246335e+01
1.980995720311994290e+01 9.824650755191189688e+00 6.532053418284111501e+01
8.228489055224440563e+01 8.504901885825634622e+01 6.223641752136390437e+01
8.332134181708033793e+01 7.006642057232902232e+01 2.136286634261965744e+01
7.620435078849881450e+01 1.793596895503296551e+01 2.911123773932930447e+01
3.946506269986647908e+01 3.145670663263368994e+01 3.488240419486003674e+01
1.692595242040457748e+01 2.938710471095443566e+01 9.633033687433005809e+00
4.729109466883259927e+01 7.685909587698067469e+01 7.811783357781224879e+01
8.204285589594384476e+01 4.164577189951131686e+01 6.919234805312861170e+01
2.878907740952124783e+01 5.556247271761794337e+00 6.903713075699413082e+01
6.487961647364059559e+01 8.016293954628756069e+01 5.610460774366949721e+01
1.568916249739164037e+01 8.531623920501981218e+01 5.670488523531170699e+01
8.076096990350039562e+01 7.741071203760408537e+01 3.789043352091780292e+01
7.455297485205236718e+00 1.765044090895848683e+01 1.362984808045125185e+01
2.434124320801364050e+01 4.595322730259929500e+01 8.318099681600675410e+01
8.720187559206345895e+01 7.185998150957280473e+01 7.920004888686166034e+00
3.413892013205534681e+01 6.823484264845197345e+01 1.203996152652283058e+01
8.010878500159086002e+01 9.145736799875936640e+01 3.804527981202021181e+01
7.058430618638334408e+01 1.482041326687133420e+01 6.923583641309527081e+01
2.145541228704328507e+00 1.507715068111009593e+01 6.599120406981259634e+01
7.118502228763061623e+01 6.411627058451770722e+01 4.124663941016272162e+01
6.749080911719450171e+01 7.738007982887882008e+01 8.760976579452439239e+01
8.886410315486050138e+01 7.945342025661246055e+01 6.192941440271814457e+01
5.741555454323672336e+01 1.206088233519162500e+01 1.118607686092054543e+01
8.202795606708994569e+01 8.033129122072205064e+01 5.813452157856029601e+01
4.388401327161533771e+01 2.603264982360564694e+00 3.715214041067768846e+01
4.206396575653178616e+01 4.858162861734205507e+01 8.893666250507187954e+01
1.087093998001428297e+01 5.188669197797703703e+01 4.552572483788882352e+01
9.900981192160516287e+01 8.618640162829052542e+01 4.679497236285898509e+01
9.996956093547603928e+01 5.140632464714963845e+01 2.579768046569007467e+01
5.558746918267145531e+01 2.262057658036465924e+01 5.500941151873930579e+01
9.374401748839255788e+01 7.861985768350282910e+01 3.724947482170841084e+01
2.968586249660071275e+01 6.928820309031202385e+00 3.684025798953959452e+01
9.262479967781722223e+00 4.994487193256428270e+01 6.462250506317542431e+01
7.511811614991584918e+01 5.952923224817907588e+00 3.886248452661543951e+01
2.881717665474337053e+01 1.043003229873345994e+01 4.028812638892291886e+01
2.993201091392361235e+01 6.344992293392767380e+01 8.637686128734080171e+01
4.548417208732158201e+01 7.466651727668185856e+01 1.965501290276717583e+01
8.949663786438645730e+01 1.525947382150922849e+01 2.098679219330020373e+01
1.064638035876764910e+01 3.096795015205364621e+01 5.140784318791864393e+01
9.879941114063267094e+01 7.933680346575438591e+01 4.303988079955681201e+01
5.758460579035704541e+01 6.233080309392077112e+01 6.761816156128638511e+01
7.364517854198004443e+01 5.692911269711403577e+01 5.070820869811216625e+01
7.459176109628997153e+01 1.331440591334043333e+01 2.835546063789022142e+01
6.885842889075168216e+01 8.504255619876320793e+01 4.285455631576077451e+01
9.798903224712060478e+01 2.160717326733728783e+01 4.241590901401012559e+01
3.785230434632531882e+01 9.302959407264290803e+01 2.631173708447261816e+01
4.707907780422155497e+01 1.872338396153294582e+01 4.389564576420001885e+01
8.574041694635910460e+01 3.040394618905641977e+01 7.188485255597215939e+01
9.113115821756260004e+01 7.295788971456362404e+00 7.151336916451698755e+01
2.553434361504908168e+01 1.753276625366291341e+01 5.498903184996311211e+01
7.056026162286997305e+01 3.947609857352137652e+01 1.522979693599289597e+01
9.087045241967931020e+01 7.307469168474951005e+01 2.662666436751618448e+01
4.968638557447398796e+01 2.779278996707801319e+00 3.391162668143176973e+01
5.225352355851183006e+01 5.172236151162501727e+01 2.820683057337880584e+01
7.767473661838907617e+01 2.988621585266434266e+01 5.415167782138203023e+01
2.715222255379747907e+01 4.251678729867701634e+01 2.395107405066874051e+01
6.330077925320382803e+01 4.255843601413506860e+01 7.057435626391978190e+00
2.816499401676608727e+00 4.711343184714221621e+01 1.992601093651139621e+01
5.850420481447423526e+01 4.081917817720213293e+01 6.316614330214859052e+01
9.523951740639515151e+01 5.287361347952536050e+01 7.453448231677656111e+01
7.530409963159371500e+01 9.217911043238652269e+01 2.674174173007169841e+01
8.273269707849408405e+01 9.055203785046867893e+01 3.787716989637318221e+01
3.138161945989681456e+01 9.520359096782877373e+01 5.871693961995606514e+01
3.806764852414683276e+01 7.918277209316302390e+01 3.969669162927299766e+01
1.764075860698620701e+01 5.439696357977054930e+01 4.873747578223861154e+01
8.257464822673379956e+01 4.570273550204299795e+01 8.246888219314080004e+01
3.113226793483384469e+01 5.753682021777919431e+01 2.577017213498887216e+01
3.854459509165963738e+01 8.575396978328511466e+01 2.524210206403808954e+01
8.102394628992676928e+01 2.828716578474061905e+01 1.506509708122969471e+01
1.099345700568462547e+01 7.458795453207881110e+01 2.130623801833758790e+01
6.541455922412721691e+01 6.991989027572330428e+01 4.213152725865587911e+01
4.749189872111402622e+01 4.037670904558105889e+01 9.317836399004474401e+01
3.199488623515873797e+01 1.833230422249607727e+01 4.260905979138123456e+01
6.695157076020122133e+01 6.973626903614652406e+01 7.513611251052039108e+01
8.817544848758092257e+01 2.883205204172755032e+01 4.859184148164482764e+01
7.472689881834340042e+01 9.165372806020251062e+01 4.256612983540695438e+01
4.444414341769958554e+01 8.994782704536088147e+01 4.388338037078789000e+01
4.805129861917357914e+01 9.045041412180788143e+01 6.803438349361468340e+01
2.434309250098027988e+01 3.247950654119333791e+01 4.128703596970558465e+01
9.127384734310597025e+01 9.989337371045391478e+01 7.879195918840441948e+01
4.843263024935065886e+01 1.017381806747896800e+00 6.535384416364873061e+01
3.893611644977846709e+01 6.329864702286054268e+01 5.190912832600491811e+01
4.808320565743873232e+01 9.443873977263230302e+01 1.363180382727563789e+01
7.121324844725882031e+01 4.098398682995460263e+01 7.085900338150375433e+01
6.752196475396318931e+01 1.023800257599538632e+00 3.106313051425653882e+01
1.890915205037804014e+01 1.669863529424923243e+01 6.290620576474093184e+01
2.395513490931245926e+01 4.747376149873008444e+01 3.250660302866356943e+01
5.802338234353299384e+01 7.205737680599679607e+01 3.222545819969669623e+01
6.030208482871219644e+01 8.248547744137390225e+01 1.766863591856095539e+01
7.106705990412712026e+01 3.231449444353802392e+01 2.471837741816322165e+01
5.456542076143487918e+01 2.262623192677317618e+01 6.857111503952532416e+01
4.289590953107613736e+00 9.865289627089746105e+00 5.454466321297967113e+01
5.889417840769567647e+01 7.298866645227468553e+01 2.866232134724928216e+01
8.417604082132918109e+01 9.531423397737832204e+01 4.831748858848360584e+01
7.605313649698011602e+01 5.248483545437927233e+01 1.612697865800049257e+01
3.261115128426210674e+01 8.748668962701501073e+00 8.584662865425022460e+01
2.290259120733771780e+01 6.359004194157187584e+01 2.675958535019174533e+01
6.532462153559258411e+01 2.104016908704824473e+01 6.511732052429178452e+01
1.108116028366355010e+01 8.951504000902802716e+01 8.190865793796641015e+01
6.788073436383855608e+01 6.741462714284784496e+00 2.385635843526501887e+01
8.593615956910760190e+01 1.219744343025951316e+01 2.340334571217526616e+01
5.440033237555207535e+01 2.741774396743437237e+01 2.449545623378481451e+01
5.758134318481805991e+01 3.725766764580290413e+01 1.509063554694199638e+01
5.348537675454644358e+01 3.870124032786227275e+01 7.091192177014831088e+01
1.027554423205891965e+01 6.206132439459738492e+01 4.529143816515200172e+01
4.060618750524041332e+01 2.322876880083412132e+01 9.881533338894191942e+00
8.476891943646455729e+01 3.264100860344258592e+01 6.512755397798758850e+01
9.475873997767074286e+01 5.649902980821316589e+01 3.683103108713275020e+01
2.682735663487036959e+01 9.340437926474933761e+01 6.830083206165589615e+01
6.652813932565595678e+01 4.261583251452769616e+01 8.253307517654285164e+01
7.136721870094871178e+01 2.831832717810161171e+01 6.034639724755236045e+01
4.301939546012656024e+01 6.590162829713031023e-01 7.269678442391152373e+01
1.228303489197007892e+01 5.099545060026141385e+01 3.602149490903180151e+01
3.420890412006774994e+01 4.773648834138079877e+01 9.605068340371872182e+01
4.083796806314757788e+01 1.823292298165723935e+01 6.361749633654659419e+01
2.362877080395212559e+01 1.055491367129503999e+01 2.058550131952133455e+01
2.288127401968387264e+00 4.311646483110637007e+01 3.997627858610228913e+01
1.855454000779529622e+01 7.840190537712092578e+01 1.535872215849393463e+01
9.153171926393024194e+01 5.875759776432724379e+01 1.116596328869699839e+01
9.629726257427165592e+01 3.079412595458536117e+01 4.671239003626529751e+01
2.842686929945521612e+01 7.284212980337775889e+01 4.738469863673105920e+01
1.323729594025025946e+01 1.042039523594537798e+01 6.591884402597801795e+01
2.370814049312714999e+01 1.377933746384725211e+01 5.425221278666180069e+01
8.027652875363040152e+01 2.787827458731304375e+01 3.053455637459241956e+01
8.338812602603769619e+01 1.478337945687826505e+01 5.369532644599433979e+01
9.550134829825854865e+01 8.413031495773076074e+01 8.923516439615179152e+00
3.199108765616254146e+01 1.423744655926163460e+01 8.676662302394214521e+01
9.859415662220811782e+01 2.349930205400379180e+01 7.520856306013874359e+01
8.416317320471183905e+01 2.336802844144765245e+01 1.968994652159303627e+01
1.121102324728029398e+00 4.119624569415258719e+01 8.041532440488089151e+01
9.029796490563488476e+01 1.277431275090162899e+01 3.483107111284034829e+01
4.080473309345335764e+01 7.806245451637019528e+01 5.627745852055559794e+01
5.138497435202163643e+01 5.919318842226031308e+01 1.806659968218245638e+01
4.776636422549069749e+01 9.920632895391283057e+01 2.322500131298235004e+01
5.192466776348864244e+01 2.956492616573746091e+01 4.850767863955574910e+01
5.738187600337466421e+01 5.774728981194758859e+01 7.658759260578133876e+01
3.897474146736609413e+01 5.163541626664959239e+01 7.283050802106284749e+00
7.895506015797667487e+01 2.594877073758529207e+01 6.875361217305130879e+01
2.656386663803171899e+01 1.078849626249223093e+00 2.738782262500591003e+01
9.856829025721680182e+01 3.198012459479885194e+01 1.485271190941860020e+01
1.187588036257505308e+01 3.103427140572237874e+01 7.863770365123193606e+00
5.114885881219537112e+01 2.137409154893201801e+01 4.889491857075901748e+01
1.407642186992201871e+01 4.298572290174923438e+01 6.090199578600103791e+01
6.199993833810801824e+00 3.987493092510585768e+01 3.349198243717317069e+01
2.403598164886340172e+01 6.045346260844964803e+01 5.312392629293187696e+01
6.306998066776935730e+01 1.588826704325213512e+01 3.332877621546488456e+01
2.096787779950787112e+01 5.405036049978419044e+01 4.927049079148488175e+01
3.302937375927500341e+01 7.860148088684330503e+01 1.593152064697541093e+01
9.748966887556422023e+01 1.165440778153187296e+01 7.043906949789804628e+01
3.682301891608318556e+01 8.652622291318056114e+01 1.855505470287948100e+01
3.747217101923377669e+01 3.354434065002362786e+01 8.860955092199679939e+01
9.855489948896256180e+01 1.898039586663880129e+01 6.628290948309258113e+01
5.355194199109401865e+01 1.543734912407387405e+01 1.895734797779207170e+01
9.892517284795546573e+01 4.527299936209326603e+01 1.543989516103160220e+01
2.147900387392542854e+01 2.683480672485496399e+01 4.633797180802950066e+01
3.355481295063093228e+01 4.550117858899209722e+01 2.096785079742805635e+01
3.267286905875062075e+01 7.031659271775403397e+00 8.091606682904422598e+01
1.987524771685782454e+01 7.569001354287388494e+01 3.146197411444910230e+01
4.743973189397932799e+01 2.912610394612268294e+01 6.554281683382977519e+01
8.445464192747074605e+01 2.862701847395880961e+01 3.041962539241538366e+01
6.814402654638969636e+01 1.951530605677208641e+01 5.455940913185393981e+01
9.442807969363553156e+00 6.201371599606871854e+01 4.810073943786674988e+01
1.139057155763083529e+01 6.491036348645997123e+01 4.708838776218500044e+01
2.171150508170856952e+01 3.533841557021772672e+01 4.404724447436345258e+01
9.155422726438199987e+00 9.576094831283542419e+01 6.134265645581036352e+01
1.025349812876959987e+01 8.228621843284594206e+01 3.910098038190257341e+01
5.967995367131838691e+01 2.771428415795732647e+01 7.548034074818738759e+01
7.230089750001023674e+01 5.520434568724179769e+01 2.980292238677472128e+01
2.537038075121455094e+01 3.828627966949429151e+01 1.949965695274906352e+01
3.376557131909235920e+01 6.843546012483125196e+01 7.406253498940904478e+01
3.325822904933614410e+01 2.335902582543639738e+01 7.996580338020103795e+01
8.907040273859212220e+01 4.100215233120643177e+01 1.518053217492868256e+01
6.949616208941519346e+01 7.840332361831295316e+01 5.121847649922487200e+00
5.950308533415131507e+01 5.883687582441750408e+01 4.295457028375509623e+01
7.497673258508376648e+01 4.281790381143606794e+01 6.107037495183122644e+01
5.171173046351519531e+01 2.484646047028439142e+01 5.431138155702623038e+01
7.369084948458416306e+01 9.739056734370036850e+01 3.873104232981695105e+01
6.447254466635110148e+00 9.879712212213517830e+01 6.326876013199878912e+01
9.464504581607691591e+01 1.038270860111193450e+01 3.751438036570155532e+01
1.339366988727243069e+01 8.355101545820595277e+01 8.129305533227530134e+01
5.013116998750204800e+01 1.866062176620304314e+01 2.016752483588350131e+01
5.881641100802067257e+01 5.063763245853005657e+01 6.692011495265110455e+01
3.052072626199911909e+01 4.023679950243622727e+01 9.642845669872251335e+00
6.101430450755289314e+01 4.231435213464778400e+01 8.593216761136427806e+01
6.417862977048048378e+01 3.986944914496937997e+01 2.716813282679272845e+01
9.052849426076387829e+01 1.626507411744326781e+00 3.767407935038875877e+01
9.435055837880349827e+01 6.540330069815740899e+01 5.529344802213876164e+01
2.035347179204274326e+01 8.333747742543870629e+01 2.786529268503074519e+01
2.482535315212499683e+01 1.918511428718552381e+01 2.432234939209315172e+01
9.533124959788028718e+01 6.020315961413083983e+01 6.226536155038536435e+01
9.543254656787834733e+01 2.305750551255626490e+01 1.363267697675574830e+01
5.988836495702911833e+01 5.078448532241586122e+01 3.804968102805915464e+01
6.188021124619913493e+00 4.544348665747845217e+01 3.529206098630977806e+01
2.745646772243130940e+01 2.223815801790928148e+01 4.353115877866257222e+01
3.531330751434123982e+01 3.087757763619974938e+01 8.563040953813958822e+01
9.327310855094872011e+01 5.745100995248621700e+01 8.536220435069546397e+01
9.911980103191901037e+01 3.559397100173025308e+01 4.990709333699928862e+01
9.590617769846654994e+01 6.086261992986865721e+01 2.194907123096901813e+01
6.893806683365004062e+01 2.057461820460875401e+01 3.331693712676724317e+01
2.275601630953515553e+01 2.449802159338422314e+01 9.438976128447420066e+00
8.807088321994518765e+01 2.959904952757937835e+01 1.215183434570158916e+01
8.698740568108853211e+00 5.560182764609521655e+01 9.288782609122978329e+01
1.450224672701916262e+01 9.962178094965945974e+00 4.087833612945509287e+01
5.633312538407954406e+01 2.943803588779404379e+01 3.450176936785931758e+01
4.244765018489494679e+01 3.141456151506060124e+01 8.415451015969618709e+01
4.195457129062896584e+00 2.345701598702746438e+01 8.107193217916193362e+01
8.339581246649568413e+01 1.115550789642011331e+01 9.250925716983992686e+01
6.933548498991089559e+01 2.725930559835956046e+01 4.338931477414960369e+01
2.971386195679671616e+01 1.500222498544193606e+01 2.695194217029009920e+01
5.800919374896184166e+01 8.259696948354687152e+01 4.142163995742460969e+01
3.479015405478417478e+01 4.680007010813226032e+01 5.825448012469423986e+01
7.516162624323092700e+01 3.267995047994738655e+01 5.480428384943362374e+01
3.893608412808824681e+01 7.163998503633860082e+01 1.747230149853457704e+01
2.569248650512960808e+01 4.260604198427498090e+01 8.364980509466957415e+01
5.733257893506902292e+01 9.653961189814116040e+01 1.415148898744110717e+01
4.601754136509348569e+01 4.190785300453841700e+01 5.715935400676168854e+01
8.119646087075781793e+01 8.414480255830602573e+01 6.292894844777856633e+01
6.415363642455535853e+01 9.490295420448074992e+01 4.039743646922801901e+01
8.327833141884882195e+01 9.215037270922941559e+01 5.113965737216458507e+01
7.291025786033003442e+01 3.770198566709061083e+01 2.033033833167607085e+01
5.865038814724252347e+01 1.964716508495318692e+01 4.265278222949518749e+01
8.728793133283332395e+01 8.601818756368050600e+00 3.266915292300333284e+00
6.064778473818876137e+01 3.310613265948950357e+01 4.285998895125722896e+01
4.057105886583315169e+01 8.662022900956356963e+00 8.017352839481784343e+00
8.984232428642643242e+01 2.177985609037463988e+01 4.020909238091886095e+01
9.719257966710786434e+01 8.267625819836523249e+01 1.742133971538222426e+01
5.085190316125856924e+01 7.300790264950160235e+01 6.879695934500459487e+01
7.608418524044702735e+01 4.574546548880352503e+01 2.724251080511326961e+01
4.648724439193726710e+01 6.478872491732920480e+01 5.172782818917455927e+01
7.052205378860742613e+00 6.495243408219176118e+00 8.559427681874470295e+01
1.518054550397710578e+01 2.944624640117219272e+01 7.487054016069767215e+01
4.096770758231749454e+01 1.814648532600326902e+01 5.296704072866047852e+01
5.689499707633658687e+01 4.527666092780756912e+01 7.995786300617172060e+01
2.846992950995043259e+01 6.613321606996709079e+01 2.314095757543051235e+01
3.922854576640265378e+01 7.409932515849736490e+01 2.119246132205235966e+01
5.897710456544126600e+01 1.534370292090603272e+01 2.142105830726403326e+01
5.232327489250426567e+01 6.750109960860287117e+01 1.646096348881463101e+01
9.177762523729150246e+01 2.257722626974668501e+01 2.451929397710068415e+01
2.026989083502105515e+01 1.695724565318419508e+01 1.386776486674946796e+01
7.978392347787074357e+01 4.955377747441109904e+01 3.877981171684545814e+01
9.506279269841331825e+01 3.710083870647908100e+01 2.143631894027761575e+01
2.740428919265962548e+01 2.389665335885964481e+01 4.276374801452352870e+01
2.915051239545739392e+01 5.160611721863618584e+01 5.575014193273234753e+01
7.772987857132578426e+01 7.101577812672307743e+01 2.720835672055770971e+01
1.158997192427537826e+01 5.424501591012509039e+01 2.861367011994464349e+01
8.493372177151325531e+00 5.270943429794171209e+01 3.748738975509468219e+01
7.561490119385038611e+01 3.141916305484180327e+01 8.305079193266443838e+01
7.585231912607081028e+01 5.769322148886213419e+00 5.181318839105674101e+01
5.626205012141103623e+01 6.953027106815976310e+01 4.491599801073715525e+01
4.834435984145731879e+01 3.679386116776127835e+01 3.216102593492894357e+01
9.462002119767343800e+01 3.175966696343719420e+01 1.814923543699335795e+01
1.672847392934122723e+01 8.572766360412896347e+01 5.769360517434569857e+01
7.787805493770656540e+01 8.087815461396942851e+01 8.147273487203977993e+01
5.506137077446086892e+01 1.771205956991048680e+01 1.984077390639719241e+01
5.739844203751124496e+01 3.665143536856763973e+01 5.298182571398861995e+01
4.984778442378647867e+01 6.021980796975484651e+01 1.125927305776495757e+01
3.283668063012334937e+00 7.215951708485087579e+01 1.863914970182119646e+01
6.521984621920563541e+01 5.465759107914544757e+01 8.677094937652594808e+01
8.354058788830623428e+01 4.131345213313494469e+01 5.733889167882789906e+01
1.172894572254720202e+01 3.863860429623809978e+01 6.704369530682188838e+01
6.226715841286536346e+01 4.844713243773578171e+01 2.385295395887993308e+01
8.031459261575446362e+01 2.731666044115769054e+01 6.922668711821266641e+01
6.116090627949935055e+01 3.727314279487874416e+01 7.007019989449923436e+00
2.324188443443768648e+01 8.890709254881639367e+01 7.967209004974553466e+01
5.748533129340979286e+01 4.663224639621269318e+01 5.294631824318351221e+01
4.662481278433014609e+01 6.443048407191402305e+01 3.594233779124266448e+01
8.384972179114751611e+01 7.019178934652666157e+01 3.374710592773902817e+01
8.306661148234411485e+01 4.873425308531788858e+01 2.325788336872576423e+01
7.771246200352665667e+00 6.996057476372203610e+01 8.525274021793107693e+01
8.074419885945435738e+01 6.556510302221518316e+01 1.935831530984863491e+01
9.404407597665354501e+00 3.450296230117253771e+01 8.061805465108261615e+01
9.617362703066642382e+01 2.413608548470712734e+01 7.074002226406759064e+01
5.738692169072056970e+01 3.180736707794273865e+00 5.218540859219622519e+01
8.059404029893552490e+01 2.761227833440265300e+01 8.057912901646567150e+01
2.362604068746368924e+01 7.647313264405431354e+00 2.426457015077620838e+01
8.370028687209183715e+01 4.173059190395282769e+01 7.036020458071872952e+01
5.312330609895951028e+01 4.805591247944314404e+01 6.954053109322815374e+01
4.234876117123759087e+01 8.020327310663682852e+01 1.687731661504485103e+01
6.363108155392565379e+01 7.025870565519846878e+01 8.245710032797599354e+01
2.243239187161949388e+01 6.042198800928515823e+01 3.625427686176858799e+01
3.827716555440290591e+01 1.067135552119574626e+01 1.926806361758500685e+01
8.369884614476463014e+01 7.497534323255619881e+01 3.453793049799314474e+01
8.284865813896308850e+01 8.076618482357844186e+00 6.186061215877685981e+01
8.681760527142883177e+01 8.388642310312494033e+01 3.140722781522857332e+01
7.452338530569890906e+01 4.274681455198775382e+01 8.471187866982860726e+01
5.307619501550230012e+01 7.648570491050411135e+01 1.339395136497237360e+01
5.900259716088628181e+01 5.502841774693386867e+01 5.457273432279479408e+01
6.956416079155901855e+01 9.181089700341419757e+01 7.127074557024215551e+01
2.196379914349046913e+01 8.258962692920960080e+01 2.058758802883512828e+01
6.221985856750696087e+01 8.827538082459432189e+01 2.024127049255960742e+01
8.496926533102605106e+01 7.986207342302455459e+01 4.832182841511830418e+01
3.088976022954040701e+01 4.054382280715438469e+01 8.147766593897543430e+01
2.016975561518463778e+01 5.796042878298952417e+01 1.021131296362164775e+01
2.178930641891722075e+01 7.633163880745206598e+01 3.420537569028667946e+01
9.857660705627345976e+01 5.008170430938400131e+01 5.450563872118070208e+01
3.631473933573525770e+00 9.565267495772660311e+01 2.712754101659327688e+01
5.383405988104426143e+01 3.956746099587316223e+01 4.293500928379296511e+01
6.433001660361084362e+01 6.620886770924774112e+01 2.488921156137587687e+01
4.995866531218921835e+01 7.904774491418568516e+01 5.230415106971631900e+01
1.658044708265801148e+01 3.132169431566907036e+01 3.053471475478714581e+01
1.258174679148370601e+01 3.775811274353537783e+01 5.622859607727187381e+01
7.275152527663175661e+00 6.038233722281833593e+01 8.604121649807400729e+01
9.641249320200836337e+01 8.291734819991589234e+01 3.400592302319420668e+01
2.240759647936729770e+00 8.335417028828510411e+01 1.478978364424160219e+01
2.056280814707703897e+01 5.444532154467843554e+01 2.556239355572871830e+01
8.337883312986419071e+01 7.771596962598290759e+01 7.512647328680989744e+01
8.161276158975765327e+01 2.197017802646120543e+01 6.925584622053420958e+01
3.552815025917647063e+01 6.668447595683994678e+01 1.789715117407610734e+01
7.055865800645149477e+01 9.721077279007795369e+01 7.560010511892002683e+00
9.382890116708475503e+00 1.236367673380138754e+01 4.226227464687068647e+01
2.907801849330536825e+01 8.069201535406936898e+01 4.786280572138887379e+01
4.845373426885524282e+01 7.170381013253536651e+01 3.901014144383261595e+01
3.532072474204635171e+01 7.569263876274804659e+01 7.295861555234914420e+01
1.439877253281951486e+00 1.437904758407330164e+01 2.965227866249204425e+01
3.516004687578762855e+01 2.914480834319530445e+01 6.639964175664651691e+01
8.281352338029581972e+01 1.920869823560241585e+01 5.401400206928141756e+01
3.678162510810359720e+01 5.057778750460618511e+01 5.552388799835439670e+01
8.935998186820111755e+01 1.922926678272807166e+01 1.702314113328914758e+01
6.272119190453524595e+01 3.941308487726264786e+01 3.080561246987932833e+01
1.170871673548447056e+01 5.589097868740297770e+01 3.417392970678783115e+01
9.974263795859779691e+01 4.059008193307139578e+01 2.446825044643816227e+01
6.288490451172778251e+01 2.442548896905069000e+01 5.083445962364054793e+01
4.825761837210074390e+01 4.535576297157371783e+01 7.570108081130584310e+01
2.166130014661839098e+01 9.043073050704700222e+01 7.526900746862644098e+01
3.331223642433237586e+01 1.806025062801385062e+01 3.675409482306704945e+01
3.326362469090783236e+01 5.569331688070467123e+01 1.372098619718160251e+01
9.143591298520532007e+01 9.867485666111097231e+00 3.653925744490199889e+01
1.092874379529665774e+01 2.566728265256601560e+01 7.760182201794549428e+01
6.151758113832423192e+01 2.273232250894806583e+01 8.560802928520999444e+01
8.007120592184847396e+01 7.536492823215806425e+01 8.239455453179805033e+01
6.196496815183151341e+01 5.014373602112323169e+01 4.261179194717134777e+01
2.237640204076983963e+01 5.574116576468948381e+01 8.410525918336003315e+01
5.939817889923249794e+01 9.196068617206367435e+01 4.684883321229288811e+01
6.951379725274976806e+01 6.486654724626411905e+01 6.741686255433594965e+01
6.450420122407926726e+01 2.216546749371167735e+01 1.661145389588739363e+01
9.786282562320586464e+01 4.529512884250119775e+00 4.750420336280068767e+01
4.250803171418618831e+01 3.600189582150762391e+01 7.104364463994153311e+01
7.453502883125159428e+01 9.052249235299403551e+01 4.902719460120445660e+01
5.641795279294596810e+01 8.923070473421206827e+01 9.449792033310870920e+01
9.692943623653549423e+01 7.178438712687341194e+01 2.832751148378264006e+01
2.318601179302659521e+00 8.252183564029418505e+01 7.383155012201140721e+01
7.463609082634695824e+01 2.799234859992201052e+01 6.502284741390104728e+01
3.162484418152742194e+01 4.506482461009247231e+01 3.398444294154868572e+01
9.136400867900556477e+01 2.341573307438755691e+01 4.896954753272776628e+01
3.609815290338591609e+01 6.630711119142257814e+01 5.277796145549932305e+01
9.239776813659405263e+01 1.016121517012131825e+01 3.252103384183396173e+01
7.663479638310558073e+01 3.687868398948433679e+01 1.783670564391401214e+01
5.033212592453877221e+01 6.521420616113861968e+01 1.195284104823315019e+01
2.916218893674447088e+01 8.094225376960429230e+01 5.562922432953843810e+01
3.537921517331998889e+00 2.819510052747008544e+01 6.392704350538353708e+01
1.993594695780247505e+01 8.273914062194143071e+01 7.256316210778429365e+01
4.713790609477931071e+01 9.156237810667849431e+01 4.032437933145416054e+01
2.350734105640852789e+01 6.614029925267008991e+01 5.330778269028003535e+01
3.352479009312251179e+01 3.436645613239771535e+01 3.637148623830746175e+01
2.911385674793692857e+01 7.102414063609224115e+01 5.997253690412738081e+01
4.407776525463926731e+01 3.978546757792371835e+01 3.363081591266009696e+01
2.834683213922535217e+01 8.569666315705937620e+00 2.291035057339884773e+01
3.212013486930650430e+01 5.476840062653432994e+01 7.945850359101135041e+01
3.957021448340316283e+01 9.447569058520917906e+01 7.602091145302263442e+01
9.848018478837451539e+01 8.762030410414817538e+01 6.921337037724151742e+01
5.984792878167188945e+01 1.295261267542170458e+01 6.384335265319054287e+01
6.002068575926713123e+01 5.069321033959847256e+01 6.314313017727262434e+01
4.440478428379937270e+01 5.238596624082861553e+01 3.768394500175557482e+01
7.173708933706897994e+01 8.766109705478881153e+01 7.430971816849050526e+01
7.860252720494688106e+01 1.378770454455091610e+00 8.627472795018681495e+01
2.748757207233939326e+01 8.879739429633760039e+01 2.673432338050616508e+01
4.396457514247372700e+01 7.493987943269137020e+01 6.413805495415871860e+01
4.159219380294298674e+01 6.786238567402783417e+01 5.859503906680450314e+01
2.757363066355322800e+01 6.463294454971398295e+01 2.953333785208832651e+01
6.939882842591654821e+01 3.110877623242802592e-01 4.899757300507769031e+01
4.010676275561409909e+01 3.031037738019472982e+01 4.827757081954793961e+01
6.453116325358880090e+01 9.653122662134649090e+01 7.678268536101988673e+01
7.171498830838108063e+01 4.789669116791463921e+01 5.553538803304280691e+01
3.252965458599721416e+00 3.590969030590481736e+01 8.068465393703111488e+01
3.840245819762899515e+01 4.615849990621464372e+01 3.096454099033499219e+01
2.741327588133667348e+01 6.187176089174839078e+00 6.115549570239208066e+01
4.480694030453463483e+01 6.059608074907946218e+01 5.049637743070361751e+01
7.988445872971747974e+01 7.510119123114726847e+01 7.233405030995231755e+01
4.992390069416755694e+01 3.538813513539304978e+01 8.836266783765242394e+01
5.426977371655395288e+00 1.526213078502303233e+01 4.245886453823239037e+01
6.139576525680111274e+01 8.200374806721644205e-01 6.392980273535651037e+01
5.587265427899147596e+01 4.847027586769252139e+01 4.257725033718388374e+01
5.194870317406245164e+01 1.617857344817475962e+01 1.592723159610841854e+01
2.896374787518384153e+01 7.095047919853246299e+01 5.079806909112618740e+01
4.801230176190126286e+01 5.715209658959603445e+01 5.163367493666379460e+01
3.070419254899253758e+01 9.745594724472583792e+00 7.580456202165868262e+01
5.999112626239146095e+01 6.977479996808516205e+01 4.115502946848821608e+01
7.564805799765625238e+01 5.844972639786671920e+01 8.101934835323683970e+00
8.900970353936911295e+01 3.055361467878868709e+01 2.349582062200854082e+01
8.804100770431578127e+00 7.204403138421108110e+01 7.183275419569594078e+01
7.001621248132707365e+01 9.157527726815659719e+01 3.055445254516388331e+01
5.611330563589231701e+01 6.194955829943494763e+01 9.466677751705935862e+01
3.123461437185918044e+01 9.563311999039405009e+01 1.590046613018363253e+01
7.640014560278419253e+01 6.328859000204127483e+01 7.801392358387883519e+01
2.868557363984713948e+00 7.813104293905581699e+00 1.510301497978511698e+01
5.929594554972877773e+01 6.029360675755379617e+01 8.483462496532079911e+01
4.676035145184449249e+01 6.804905500496394311e+00 2.069757611600385516e+01
8.073094817842907389e-01 7.767145251284050289e+01 6.747530822965421748e+01
9.979404162841359494e+01 4.121944490530943028e+01 6.666906498309297824e+00
2.347298814903722075e+01 5.877688676632958220e+01 8.853524519298929363e+01
1.035785514707943022e+01 1.215730201607427929e+01 7.355939004954024085e+01
6.672070550215495643e+01 2.505063553118330688e+01 7.046563607566099563e+01
1.287787554774632071e+01 9.257418447767598479e+01 2.435407762405288778e+01
8.135237272300500422e+00 3.395220864738546140e+01 2.062787331801586177e+01
5.269412250360328898e+01 6.868465373717261002e+01 4.832186110931714040e+01
6.606073318109775983e+01 3.649205143999844125e+01 2.772185216412964781e+00
9.740641242251490439e+01 8.194135045399953299e+01 2.045940204551772368e+01
4.491763961563344054e+01 6.350190700718746228e+01 2.400398358552617495e+01
5.779886113627714650e+01 5.336486181176870502e+01 2.908561939293512566e+01
1.412103092774532698e+01 7.589622896186374135e+01 3.372090995868299501e+01
2.440405338422433346e+01 7.378783528059886976e+01 6.915636391011005912e+01
2.764016563362291379e+01 8.725684612518537620e+01 6.908247156326238780e+01
3.457642178215380824e+01 4.274896501846588848e+01 6.815315601300524406e+01
2.115838328954919945e+01 4.687607924752240507e+01 6.233574302084855390e+01
5.394985480087132146e+01 6.083283459044932329e+01 4.966347371414452283e+01
1.992274437900201178e+01 4.102053449726214041e+01 4.956146742085801549e+01
7.800627423459461340e+01 6.539042371695425970e+01 3.901831200441891667e+01
9.743998321591455181e+01 1.077955216797251659e+01 2.221909267466762472e+01
3.413126100316640077e+01 2.285720769879101510e+01 6.446043276386681953e+01
3.955072933625525256e+00 1.774367842734159240e+01 3.965650176717459630e+01
6.833457750793165530e+01 8.758648825811280858e+01 6.838409345270551398e+01
1.820809332502548727e+01 5.654057584410691106e+01 1.242532432096442641e+01
3.105367753528611630e+01 8.059837948283266940e+01 4.430406832864619560e+01
1.499413222758345654e+01 4.385533814883126524e+01 3.020731786292654064e+01
3.931914578639628388e+01 4.878334727478434019e+01 3.741629958267518674e+01
9.369689504338609254e+01 5.625302975563819530e+01 7.705828232907286690e+01
7.607285470555802931e+01 6.611663092677765974e+01 4.584249434826179481e+01
2.173783781587501629e-01 6.134676005520838515e+01 3.114387621906481485e+01
1.177621668013187950e+01 4.446262636120776790e+01 7.143925352435714160e+01
9.616777946987039627e+01 3.741048911220820372e+01 5.405448881025166941e+01
8.512443833635849444e+01 3.339994199500148397e+01 2.150369296180004497e+01
2.818818312326890663e+01 8.991228298083879622e+01 1.891892966575122870e+01
3.292210610067820653e+01 4.646403105003405898e+01 7.683862978324704329e+01
9.377132836529746385e+01 4.258103096332548176e+01 8.757490376844138780e+01
1.614590948577545504e+01 1.568522918963703994e+01 8.976392659255145645e+01
5.096801335283311829e+01 1.859078353539539563e+01 4.334898138964645398e+01
7.832111553790514336e+01 8.269203657235236449e+01 7.622527379396643710e+01
5.695709030874185430e+01 8.669460143678803377e+01 4.428408446612119320e+01
6.070599023910773440e+01 7.587198022716452783e+01 4.387336838785608961e+01
7.358148713877477043e+00 3.501663568576975649e+01 6.284266196158213802e+01
1.923323696394768589e+01 1.483853634996400395e+01 3.112563910215238039e+01
3.211146227782135654e+00 7.434228980869197301e+01 2.675784266195397976e+01
1.242383966365995285e+01 6.991294159634352923e+01 7.572475837846930347e+01
1.987559586177845006e+00 2.335997707412248303e+01 9.483448573644459145e+01
3.852541359327752701e+01 9.385920633819311831e+01 3.558248215097155054e+01
2.180676355719320014e+01 2.141084117279958932e+01 1.829535892746008585e+01
8.964322885091256410e+01 9.798350226329010582e+01 8.749374783718614879e+01
8.520281398272740603e+01 8.468879076509752224e+01 6.221383211021122861e+01
8.262137119506135718e+01 2.083423643430477767e+01 3.629768143384210788e+01
6.408362932947478896e+01 8.747713325615963242e+01 5.788749804773785002e+01
8.390219583342059195e+01 4.739495158492974269e+01 6.453419836418377997e+01
9.799808063750866438e+01 1.534885571297577300e+01 8.005152665139593182e+01
5.223639478419027427e+01 6.432180307300579614e+01 7.746263453945549315e+01
4.096541725523169220e+01 4.186925748900506505e+01 5.093304765337569506e+01
1.910208449685057985e+00 4.966661809433507813e+01 3.199618313376385714e+01
9.279541823917813304e+01 8.773529875303132997e+00 4.328657799767859160e+01
9.474681703773609343e+01 9.010352503184775230e+01 6.756722236311566121e+01
5.893610519960746785e+01 2.807309371328401326e+01 3.751459952458330349e+01
9.013486475412724630e+00 7.861082977582375975e+01 3.564736120656066021e+01
6.677818990302073132e+01 3.575947771986134427e+01 4.318870158040146379e+01
5.550024723763949908e+01 8.018524083906035571e+01 2.840699607296837570e+01
3.987653868298563964e+01 1.300815718918175712e+01 1.236311308540322962e+01
6.046743561687918600e+01 1.890910443589026713e+01 1.979949256170001348e+01
8.970979312064054056e+01 5.343144197853958133e+01 1.842581889666027095e+01
5.342612744754971388e+00 1.198600534136561357e+01 4.640936169791102373e+01
6.684652551688976985e+01 6.412800749860456051e+01 2.256140372701430508e+01
6.334889518377087825e+01 4.048656242175994180e+01 4.956733576728966284e+01
8.014304062453170729e+01 3.324993726796383697e+01 2.410040716213503487e+01
8.734531335663405116e+01 2.121305758663379848e+01 3.957754430018120217e+01
7.065900589026223599e+01 6.835503170576072307e+01 7.632249537023295716e+01
1.838666414479410705e+01 3.522798933142033206e+01 1.835694732598554424e+01
5.410391471686042308e+01 2.925705925387012130e+01 6.237729846321848726e+01
3.443679845410718698e-02 5.968299845957925065e+00 4.308825205957842286e+01
9.581841559755685012e+01 8.908513873591829224e+01 9.545916755908733364e+01
4.168302248640448937e+01 4.656848627375154592e+00 2.765754551099707825e+01
6.757708521739515106e+01 1.351638097674152661e+01 2.948498442161044863e+01
5.616616454485868104e+00 4.749670383902342508e+01 2.450746125941875420e+01
9.124802689900235464e+00 4.112158094824790311e+01 3.360947993695361191e+01
5.375177369454922882e+01 7.490386553136390546e+01 1.587808681868236960e+01
7.911255902100084825e+01 2.628997987518011392e+00 5.185651836523857838e+01
5.874302868858819693e+01 9.569986731397975177e+01 5.394410740621026434e+01
1.587491932713885845e+01 5.175418053439091182e+01 4.231349967407279422e+01
4.793555676002436883e+01 1.970970146590872574e+01 4.243994045223178802e+01
1.500397642908768425e+01 7.440430806908699424e+01 5.229440418859586970e+01
7.852769159178329517e+00 8.896144679289797352e+01 6.242299187217599155e+01
3.161070551278314511e+01 4.564239952731030669e+00 6.671270856729408649e+01
3.734402613483368327e+01 9.076181048784876282e+01 1.211282515443738461e+01
3.910243534224333573e+00 9.492992869069354356e+01 8.578655759283829241e+01
2.774222677263860071e+00 7.160332349413275210e+01 2.844800051293046650e+01
7.013927662860724865e+01 8.687327966579836414e+01 5.998903826853832832e+00
2.387664167620420130e+01 2.407766832649482769e+00 1.287412806040513580e+01
2.961785821777418448e+00 8.006823564264145432e+01 2.842225410428385501e+01
4.932114395719891320e+01 7.878442635970162655e+01 5.195718366807272304e+01
4.291960626245960952e+01 1.157320648945880937e+00 4.574255930836180539e+01
1.247430781370864139e+01 7.646482407910262680e+01 2.681867762360565166e+01
6.741874108086550166e+01 6.462235278246794223e+01 5.847793735494025924e+01
2.669520075371926282e+01 2.670897771755681305e+01 7.562655914126119683e+01
1.280733263042699299e+00 1.815226334539579156e+01 5.658395523412019656e+01
8.170462544031697405e+01 3.583455086728586281e+01 6.532969732330789725e+01
5.571564196202363206e+01 6.454010448203540307e+00 5.895885687009209164e+01
8.139034722724935023e+01 9.924483202994093745e+01 6.989613835439391742e+00
6.600581725838679858e+01 4.145495531479621576e+01 1.299821706923473741e+01
6.143609437085113711e+01 1.224272985556354953e+01 4.025479422235149940e+01
2.613670924884022995e+01 3.611634022710993008e+01 4.972906633512966579e+01
3.592095324895144870e+01 5.527318705895392270e+01 2.418564065393781348e+01
6.353617674283815830e+01 8.537630041248533530e+01 1.624959054385052681e+01
5.078772158556225236e+01 6.486897845498886284e+01 5.070741087064924812e+01
3.656494461922259376e+01 6.421997080057482776e+01 6.560901285959706897e+00
3.699062319964330214e+01 5.326122146410031633e+01 7.547066274625398030e+00
5.076488296842997983e+01 6.542544607656283517e+01 6.683392908598605686e+01
1.133740814094304028e+01 9.905648748916948421e+01 5.824767784820249261e+01
3.631937926123299576e+01 2.490928544567137948e+01 5.866659468134910327e+01
8.817116471665707422e+01 5.205653961413647579e+01 6.668433641935621381e+01
3.576964395405602204e+01 3.881522880889725968e+01 3.511178181419708721e+01
7.056372943682397647e+01 3.591875534165650663e+01 2.025672855405378314e+01
3.694005711662379099e+01 8.538272078327563008e+01 6.879738042278582100e+01
3.346408444635638801e+01 9.068089648367023869e+01 2.084830134279862790e+01
4.975379141364322244e+00 1.274703547852412733e+01 1.140103024882784943e+01
8.783431501234051808e+00 6.613426119979924067e+01 6.285022395000031992e+01
6.476055105817147250e+01 6.883660541620299966e+01 6.601532769463852901e+01
2.071769274864103494e+01 6.223035132347997944e+01 5.685628832065885518e+01
9.436600258034737010e+01 2.323677242396485809e+01 1.483709907760826496e+01
6.534950697145431775e+01 7.401728402367118065e+01 3.223013501789559143e+01
5.708484309396689582e+01 5.953606553415058400e+00 9.572484827682052355e+01
1.099249732991686201e+01 6.757053615199570373e+00 1.073659270652792053e+01
4.272719065033526675e+01 9.715974345719002869e+00 6.239527628293388517e+01
8.988741606264056827e+01 2.602189323248570574e+01 6.108438496374093063e+01
4.233844701181777026e+00 3.865644716927953795e+01 3.155737567792430909e+01
2.286190964403588310e+01 6.447234896286990136e+01 2.124593611681672556e+01
8.607105232969884412e+01 6.648359063687347259e+01 6.990970078986113379e+01
9.353443086576682219e+01 9.423728715025147551e+01 5.320620524751164737e+01
4.953798172859804794e+01 3.353816082269101173e+01 6.848674999596900648e+01
5.382088869798129593e+01 9.328750797401245620e+01 2.841008122337707675e+01
3.102526862504907257e+01 3.160904474199687186e+01 8.138547126925952568e+01
9.904033184215233376e+00 4.556491209889797034e+01 4.171720183110103619e+01
7.313962101375858893e+00 4.107969985443471472e+01 4.742209794945174650e+01
6.510469250491324189e+00 5.098621284446673485e+01 9.016489758585528591e+01
9.789143231615322804e+01 5.316797785898111783e+01 4.657527018255201057e+01
2.855081664163914468e+01 9.971154717121015665e+01 3.232352130630176390e+01
4.529013004399563869e+01 2.934057802676526272e-01 3.614862675042331830e+01
7.144030060882389677e+00 7.438247703851322967e+01 5.369380979297161360e+01
5.721718772876565140e+01 2.865112858997029832e+01 8.474200984357513278e+01
3.270925331250174040e-01 3.336011791641920610e+01 6.716714057630052537e+01
9.079225374169209317e+01 2.346159569252330712e+01 5.664773970424046468e+01
5.379914205333210475e+01 8.741743690436997838e+01 1.464820984119069003e+01
4.244755610707072435e+01 1.824656747919315336e+01 7.303172078103065346e+00
1.470309405204828224e+01 9.764706728481991149e+01 2.694942688233152950e+01
9.350307733357999496e+01 2.052543426309416574e+01 8.667429600288498648e+01
6.546209352003144488e+01 1.132185775019267737e+01 5.662208980325779351e+01
3.185140375402786361e+01 3.831531559780702167e+01 4.464057504455450243e+01
4.227070225303345552e+01 6.641088904830289152e+01 6.939243852382126931e+01
3.291776892011213107e+01 9.243639616856897590e+01 8.599577627213412256e+01
4.069043715114339932e+00 1.490878888301849781e+00 4.088029192665668177e+01
5.906452509876585566e+01 2.779047474520616134e+01 3.238449441289854747e+01
6.783338297091906099e+01 6.017042846555698077e+01 1.377687578552395564e+01
8.845009632651587594e+01 6.799760701610698277e+01 4.346692769130009282e+01
6.836246899911499497e+01 1.126530867678159353e+01 4.119704661170366933e+01
1.689844095595593032e+01 4.143124612843662291e+00 3.160004957680552806e+01
1.507354834807832589e+01 6.335179569538247080e+01 6.499096945931287905e+01
1.486923062266033391e+01 2.461300560342627453e+00 7.520660501003966658e+01
2.057020728562286571e-01 3.439130891837886850e+01 5.716286840470304753e+01
8.186421885384328334e+01 8.385586427461406345e+01 6.867969677798086536e+01
2.471976225398978499e+01 7.201869343191708595e+01 2.830234688142251898e+01
2.146081917317016519e+01 5.471279542305323673e+01 6.449434657254484193e+01
5.305176591168059730e+00 6.002260112460843899e+00 7.878480502479878567e+01
8.594972509654797932e+01 6.044409163418939812e+01 5.321274153347892621e+01
8.453164795991858682e+01 7.288170327753302047e+01 5.486833099680088566e+01
3.197571219487633698e+01 1.979950616568162403e+01 4.471421299352813605e+01
2.868225759602115588e+01 3.392585877344609457e+01 5.010342891650112307e+01
1.690939569516097762e+01 8.061766800738254801e+01 1.984752192740111454e+01
4.809936394209523769e+01 7.459713380804366523e+01 5.557105407631443228e+01
3.610220635886387441e+01 4.748913058227509509e+01 7.378604052211429121e+01
9.904316982839576156e+01 6.311432892894355007e+01 6.354129171210307447e+01
1.448868615928866621e+00 8.803644095245726930e+01 8.744562607353454098e+01
5.751693417575705070e+01 7.538048620602198469e+01 5.506733968001091739e+01
2.862037404555897169e+01 8.522479719830128886e+01 5.792391011696133774e+01
5.793830837914070031e+01 6.591322038412063478e+01 8.020493968248104011e+01
7.319061257709643087e+01 2.111241942157452556e+01 4.949452172255812599e+01
9.802983319862062217e+01 5.545607137627746397e+01 8.531512503196660191e+01
8.133694863130558872e+01 6.660234418087588892e+01 3.911862983159736729e+01
3.043193475254389924e+01 6.434210652975879441e+01 4.583365252663346467e+01
7.987536228167270735e+01 7.604567395401959118e+01 2.583062645038642202e+01
7.027287830617619591e+01 4.945501900971840570e+01 3.518921593808065040e+01
4.129665927646399837e+01 8.953518672122619648e+01 3.126699663895001180e+01
2.873992733194580396e+01 3.518072207101378268e+01 2.570911248341253241e+01
5.446349873963286825e+01 1.474364363225322272e+01 7.299482999529108440e+01
2.255802472456260688e+01 5.980550275396456783e+01 2.277530534301344645e+01
9.784531482143262338e+01 4.545754588936471663e+01 7.639568452079585370e+01
7.686478356499837616e+01 7.136930471456788894e+01 7.775175726069100790e+01
1.004636086597058231e+01 6.784971974719621812e+01 2.925938122442422440e+01
7.858716640665898012e+01 9.568687598478888390e+01 8.615552440251053667e+01
1.149522224736660903e+01 3.695524206728210004e+01 3.155871083340665706e+01
1.222962663595306054e+01 9.812605334682745095e+00 3.609662436500246940e+01
9.920715504965113496e+01 5.689426510662751468e+01 6.430499591464825926e+01
4.710189100186823197e+01 6.623305523040228593e+01 8.458857882652614535e+01
5.886979536143918068e+01 6.503845972119326468e+00 3.980499199237754482e+01
9.927512732519512895e+01 3.874027205942633145e+01 6.270831207384652828e+01
1.066367634288170052e+01 1.411804987365669106e+01 8.407074079144743450e+01
3.003446282516114607e+01 3.054512733545929848e+01 4.283489996125955912e+01
9.664786729045225400e+01 8.439049603687642787e+00 7.550637531955911186e+01
3.415578764659864675e+01 8.494680259854749238e+01 9.599590037982366653e+01
3.486674102117478213e+01 1.293563662123552405e+01 2.526856269134364297e+01
7.587408909491858822e+01 1.449215523381365323e+01 3.590905008633092166e+01
2.043983436620797534e+01 3.556785640309825425e+01 1.726505399830269027e+01
8.567424824072580236e+01 8.601463118009935727e+01 4.253414919329860311e+01
6.120875690234753108e+01 6.419515709043047025e+01 6.782738490923276231e+01
5.206900875440511101e+01 5.103360454416859682e+01 5.466478000989445718e+01
7.030483956698775216e+01 3.466903770292517351e+01 3.734876152272277494e+01
2.697184040959091789e+01 5.488465553127485208e+01 4.011681570180837042e+01
5.403132677076318657e+01 4.059847658269215742e+01 7.516074060237278331e+01
7.313023974546073447e+00 5.722105936046746422e+01 5.779967745569365434e+01
3.837173105386998628e+01 4.210208945631431732e+01 7.224822558663304051e+01
2.806737102603348433e+01 8.714037914261628259e+01 8.498278550722207569e+01
6.506193044021959793e+01 7.728577137080984016e+01 5.474505400725922755e+01
5.252591137465915949e+01 9.666777542502296683e+01 2.711059750209601305e+01
1.541509466431121211e+01 2.874853631425152756e+01 5.749710408030145459e+01
1.851834381011436648e+01 9.088140432263141122e+01 4.525656026826835188e+01
8.499628782918435377e+01 2.492365445288167081e+01 2.917576125994023073e+01
5.922339717249657909e+00 2.577676921855739423e+01 5.262165246597498935e+01
9.461369177232423056e+01 3.889029738914982204e+01 5.382964539401561410e+01
4.277101174687879848e+01 4.679185076794123432e+00 4.841440429110618737e+01
6.591364670392085401e+00 8.836999245975360395e+01 6.400220247686010566e+01
3.786514712523661785e+01 6.402186661912897137e+01 6.860970004223200469e+00
7.025549869626507871e+01 8.227324089914695548e+01 7.685847757225202770e+01
2.842775476906558296e+01 2.637461952768266471e+01 5.015198379198992740e+01
9.677721619298483802e+01 9.205229776060852487e+01 3.199303191090480780e+01
7.798295061830441455e+01 9.213177640914574340e+01 2.753426572804428218e+01
8.302956496029398181e+01 2.678956269091765563e+01 3.815597334873157109e+01
1.988206908507541470e+01 5.070797990727135129e+01 7.562206893501010541e+01
5.280521374355122788e+01 1.234400096930975366e+01 2.808428455255520007e+01
5.628618672813389168e+01 5.831874555705601892e+01 5.377816669471995681e+01
7.700349250621596475e+00 7.536958926347541876e+01 8.013969415366823057e+01
5.105189477298998924e+01 7.188292867718628543e+01 8.046056364192034493e+01
6.426227549480158530e+01 6.743257244310511567e+01 6.463703719330993636e+01
2.605024514540651381e+01 5.826778747168274464e+01 7.396001681510485071e+01
2.961627302607506707e+01 8.971704995968602248e+01 5.480009223806654717e+01
4.231748514330562472e+01 6.231829614002929674e+01 3.958284527163046818e+01
8.380356018481745650e+01 4.823185800675970825e+01 7.923501226360525607e+01
5.098080808478264458e+01 6.603683896373871676e+01 8.534517604161194981e+01
1.469658410085411582e+01 7.367291487334057365e+01 2.281174161810590206e+01
8.388663657643962779e+01 5.964533811620115955e+01 8.988091656175473076e+01
8.659566019448683960e+01 7.487203746882342692e+00 1.956063422429267362e+01
6.011709286068251856e+01 5.183146399420748196e+01 2.238091532163253561e+01
1.293592282716497976e+01 5.639907834416131038e+01 9.531949742871917763e+00
8.737353029534389748e+01 8.070829198026204665e+01 7.674867938858416494e+01
1.599714704074106653e+00 4.764094341273795052e+00 6.028152181264889720e+01
9.944256888941777106e+01 3.423162009713517051e+01 3.577621540427249158e+01
1.342779668619833444e+01 6.743358037395013582e+01 5.896529510349959224e+01
1.013224163791590726e+01 4.674122870683511621e+01 6.414614739326718507e+01
4.935161363219270214e+01 6.743635818647555880e+01 7.544380383146896918e+01
6.858154331217676258e+01 6.161142358305238531e+01 7.592202860217817317e+01
9.005885678697880792e+01 3.888864371758041472e+01 2.441274947743194090e+01
8.178604040080506365e+01 2.137531072994831760e+01 8.792964272418998917e+01
2.287794522190345070e+00 9.212711826193034881e+01 5.320002780686192523e+01
7.747421165128814380e+01 3.984925870644045176e+01 9.958531655852777931e+01
2.275514275662904140e+01 2.643436626381747701e+01 6.310808720730430643e+00
9.404733630614381923e+01 4.560293035986761367e+01 5.991623710155107574e+01
6.874407274628407549e+01 8.745020922826776655e+01 6.353262248191198580e+01
5.620211823041871924e+01 7.103185241910435366e+01 7.875377257198924497e+01
1.859279462484819589e+01 1.096670389767530018e+01 1.217568200687610336e+01
3.740534945225366670e+01 4.980002398377452266e+01 5.421676512515675483e+01
9.580345196896101356e+01 3.307878202070062912e+01 7.264068943576006632e+01
5.313576195948849090e+01 2.200899320869168463e+01 5.751985431651590375e+01
9.671761782897036142e+01 1.243082992512723983e+01 5.243774870935122578e+01
5.160835415052822839e+00 3.212162988963622468e+01 5.867661609405116252e+01
8.410569360307546560e+01 7.303284217260710420e+01 4.260962764574036754e+01
9.092227571041465239e+01 3.027146650237706638e+01 7.941521620912575941e+01
4.740090217476624446e+01 8.986357546727757040e+01 6.133858491010496294e+01
9.014696613070951514e+01 2.142478489420733823e+01 7.026211417786110758e+01
7.384634080816400115e+01 7.424142652825936750e+01 5.326292704012583101e+01
1.125052234795254069e+00 2.614307838690749364e+01 3.168630086865133322e+01
8.520366172817614370e+01 8.408858171042203367e+01 2.453434774623503145e+01
9.498358817712575330e+01 1.824574866514909743e+01 3.655919067112748166e+01
2.151569661107554055e+01 8.603324688293574241e+01 7.357597237369620302e+01
3.535288068878039525e+01 6.818786260260554855e+01 1.490823013525836771e+01
3.822970923760016149e+01 3.771075883381082150e+01 2.309463996744501202e+01
8.763120495828825085e+01 6.788457354791262333e+01 2.650904561076081123e+01
2.421207606290372993e+01 1.795347099923905176e+00 3.356380525838201834e+01
5.267712833153181862e+01 2.777109419083764053e+01 6.552310236952506273e+01
4.117495290112663042e+01 3.163178370106678372e+01 8.156206926461932483e+01
2.628008772881390698e+01 3.982576200966563107e+01 3.123370661780482394e+01
2.411983456712483331e+01 2.174767398104167171e+01 3.490932798133991355e+01
8.642361699311808820e+01 7.670828872292905487e+01 6.408894404657222310e+01
4.571029926424934331e+01 5.077539846326034478e+01 3.181379973994467036e+01
7.431591383591761968e+00 3.310405567204822574e+01 4.947303316060177281e+01
5.731304651933244898e+00 8.823330205710643526e+00 3.370139559730258583e+01
3.670803735927615463e+01 3.933168111187052318e+01 1.767029321726908719e+01
2.258213545347888029e+01 2.616472520636087395e+01 1.800856340235019104e+01
3.260997005896972922e+01 7.222157275550722844e+00 6.255827074846374813e+01
3.860477665573104389e+01 3.267523893783747013e+01 1.575240751987506904e+01
2.265036554448958128e+01 2.327052089391236223e+01 9.430112357217993235e+01
8.353493795084932572e+01 1.526229163343162387e+00 6.418457731448350501e+01
2.559100964219237540e+01 1.043769288195842648e+01 6.823398154383485803e+01
1.316055494683492455e+01 4.437407795297356472e+01 5.628335504246356891e+01
5.544947561549886927e+01 9.776290983027429604e+01 6.847646560284391626e+01
7.741933761274897563e+01 3.555953940810312730e+01 1.446503083577623272e+01
7.344109296706882617e+01 9.997320842956723652e+01 4.664656218226318174e+01
9.855184989571174015e+01 1.417081095343464270e+01 3.228245580393324587e+01
1.707269317424706756e+01 4.751759729268157884e+01 8.289240031889342220e+01
3.406616915379538568e+01 9.062289371518714631e+01 5.465808072063688172e+01
4.654244137418772453e+01 7.870358421952762740e+01 1.212384539921836080e+01
7.737524712106747415e+01 2.429520001728267076e+01 3.013798674792111854e+01
5.994537733200798613e+01 9.019344250462052059e+01 5.554718494587619659e+01
6.489493487944869798e+01 7.765945896052741659e+01 2.986189708180278402e+01
8.272336728041425147e+01 4.179601490671497288e+01 2.778375825850560688e+01
3.501180794611249780e+01 2.461311117182253128e+01 2.311554357645343316e+01
2.825631987191661310e+01 1.809308147420895097e+01 5.737720981738536352e+01
5.799917570351171747e+01 6.484418929834284029e+01 3.884634160598260166e+01
7.697334025740443053e+01 1.296087409541647517e+01 5.286537523072605183e+01
2.754529722464739194e+01 5.276099006976113515e+01 4.463274862450005998e+01
7.905117650912953309e+01 8.912718388380945100e+01 7.275533198463179474e+01
1.755837128492467869e+01 2.748668983883623085e+01 8.118126920751930697e+01
4.372201276582012497e+01 9.411804093492668244e+01 4.530798251735611615e+01
9.517746605906637569e+01 9.257389877333309869e+01 6.519780030183322594e+01
8.827048461502839949e-01 4.003346819759369168e+01 8.524411775713429051e+01
8.851102891081147561e+01 1.873878000961136792e+01 4.041413952898621176e+01
8.355099278794716611e+01 5.778778532500543719e+01 7.916202613873846872e+01
8.265673844485630184e+01 9.074820069524830046e+01 9.350896655963222059e+00
1.452151414535156704e+01 8.280902896905251609e+00 8.998951239289183945e+01
4.751623843778931189e+01 6.432528348244814786e+00 2.057401815620893615e+01
3.514126411299668717e+01 8.095598234767572876e+01 6.652866134712179758e+01
6.893870495625689898e+01 2.186355259137873208e+00 7.611181606570534086e+01
2.155552669157415480e+01 6.290614046926778258e+01 1.136502982274584106e+01
8.152609187205451136e+00 9.577296130122148199e-01 5.420528537192246432e+01
6.293796696169047067e+01 5.046230323322875577e+00 2.717140524940364088e+01
8.514544141780166342e+01 1.013083668229141132e+01 1.471163150314416512e+01
4.243912084724270528e+01 8.422741026331159730e+01 2.998889435129492043e+01
9.971370153633421296e+01 3.552618131385283107e+01 4.837977919492323053e+01
1.221062042307943329e+01 6.801979008565307083e+01 2.678461786197060945e+01
6.288675952950463000e+01 2.231577284029265940e+01 4.390111363903185548e+01
8.566720919544175672e+01 7.389059114740700807e+01 2.710332118480251040e+01
6.077081673741013645e+01 6.286406516738093586e+01 8.005131017502433721e+00
4.658056543359357704e+01 2.606683956676079106e+01 4.458822467116959132e+01
7.770709913228751020e+01 1.582595598103196899e+01 1.321647913914426020e+01
2.693164951057729439e+01 9.522754503465831988e+01 6.605085689935160076e+01
1.945586281454658728e+00 4.010048424833766489e+01 3.629095851950950191e+01
